game_id,game_slug,event_id,event_number,period,clock,seconds_passed,team_id,team,player_id,player,secondary_player_id,secondary_player,event_type,shot_type,description,home_score_raw,away_score_raw,gb_player_id,goalie_id,goalie,shot_on_goal,shot_saved,save_type,penalty_length_sec,penalty_description,away_win_prob,home_win_prob,is_valid_goal,goal_invalid_reason,home_score_corrected,away_score_corrected,shot_outcome,is_duplicate_event,is_duplicate_groundball,is_duplicate_turnover,is_duplicate_faceoff,is_duplicate_penalty,is_valid_penalty,is_two_point_attempt,is_man_up_shot,game_type,include_in_league_analytics,duplicate_faceoff_pair_id,event_number_raw,seconds_passed_raw,chronology_evidence_class,chronology_repair_applied,chronology_repair_rule_version,pre_shot_pass_player_id,is_analysis_eligible_event
234,championship-series-1-2024-2-14,pregame,0,1,08:00,0,,,,,,,pregame,,Game Start,0,0,,,,,,,,,0.5,0.5,,,0,0,,False,,,,,,,,championship_series,True,,0,0,,False,,,True
234,championship-series-1-2024-2-14,faceoff-100,1,1,07:53,7,RED,California Redwoods,000414,Rob Pannell,003043,Josh Stout,faceoff,,Faceoff win R. Pannell (vs. J. Stout). GB CAL R. Pannell.,25,26,000414,,,,,,,,,,,,0,0,,False,,,False,,,,,championship_series,True,,1,7,,False,,,True
234,championship-series-1-2024-2-14,groundball-200,2,1,07:53,7,RED,California Redwoods,000414,Rob Pannell,,,groundball,,Groundball picked up by R. Pannell.,25,26,,,,,,,,,,,,,0,0,,False,False,,,,,,,championship_series,True,,2,7,,False,,,True
234,championship-series-1-2024-2-14,shot-600,3,1,07:39,21,RED,California Redwoods,000414,Rob Pannell,,,goal,1_PT,GOAL by R. Pannell.,0,1,,002038,Colin Kirst,,,,,,,,True,,0,1,goal,False,,,,,,False,False,championship_series,True,,3,21,,False,,,True
234,championship-series-1-2024-2-14,shot-1100,4,1,07:32,28,CAN,Boston Cannons,003043,Josh Stout,000216,Marcus Holman,shot,2_PT,Missed shot(2pt) by Josh Stout.,0,1,,000318,Jack Kelly,False,False,,,,,,,,0,1,missed,False,,,,,,True,False,championship_series,True,,4,28,,False,,000216,True
234,championship-series-1-2024-2-14,shot-1700,5,1,07:15,45,RED,California Redwoods,000333,Sergio Perkovic,002001,Kevin Rogers,shot,1_PT,Missed shot by Sergio Perkovic.,0,1,,002038,Colin Kirst,False,False,,,,,,,,0,1,missed,False,,,,,,False,False,championship_series,True,,5,45,,False,,002001,True
234,championship-series-1-2024-2-14,shot-2200,6,1,06:56,64,CAN,Boston Cannons,001729,Chris Aslanian,002024,Asher Nolting,shot,1_PT,Missed shot by Chris Aslanian.,0,1,,000318,Jack Kelly,False,False,,,,,,,,0,1,missed,False,,,,,,False,False,championship_series,True,,6,64,,False,,002024,True
234,championship-series-1-2024-2-14,groundball-2300,7,1,06:38,82,CAN,Boston Cannons,003013,Matt Campbell,,,groundball,,Groundball picked up by M. Campbell.,25,26,,,,,,,,,,,,,0,1,,False,False,,,,,,,championship_series,True,,7,82,,False,,,True
234,championship-series-1-2024-2-14,shot-2400,8,1,06:35,85,CAN,Boston Cannons,003013,Matt Campbell,002025,Bubba Fairman,goal,2_PT,2PT G by M. Campbell. Assist B. Fairman.,2,1,,000318,Jack Kelly,,,,,,,,True,,2,1,goal,False,,,,,,True,False,championship_series,True,,8,85,,False,,002025,True
234,championship-series-1-2024-2-14,shot-2900,9,1,06:22,98,RED,California Redwoods,003069,Ricky Miezan,003024,Brian Tevlin,shot,1_PT,Missed shot by Ricky Miezan.,2,1,,002038,Colin Kirst,False,False,,,,,,,,2,1,missed,False,,,,,,False,False,championship_series,True,,9,98,,False,,003024,True
234,championship-series-1-2024-2-14,groundball-3100,10,1,06:05,115,CAN,Boston Cannons,000327,Matt Kavanagh,,,groundball,,Groundball picked up by M. Kavanagh.,25,26,,,,,,,,,,,,,2,1,,False,False,,,,,,,championship_series,True,,10,115,,False,,,True
234,championship-series-1-2024-2-14,shot-3200,11,1,06:04,116,CAN,Boston Cannons,000327,Matt Kavanagh,,,shot,1_PT,Missed shot by Matt Kavanagh. Save by CAL J. Kelly.,2,1,,000318,Jack Kelly,True,True,clean,,,,,,,2,1,saved,False,,,,,,False,False,championship_series,True,,11,116,,False,,,True
234,championship-series-1-2024-2-14,turnover-3700,12,1,05:59,121,RED,California Redwoods,,,,,turnover,,Turnover by CAL,25,26,,,,,,,,,,,,,2,1,,False,,False,,,,,,championship_series,True,,12,121,,False,,,True
234,championship-series-1-2024-2-14,groundball-3900,13,1,05:56,124,CAN,Boston Cannons,003041,Ethan Rall,,,groundball,,Groundball picked up by E. Rall.,25,26,,,,,,,,,,,,,2,1,,False,False,,,,,,,championship_series,True,,13,124,,False,,,True
234,championship-series-1-2024-2-14,shot-4200,14,1,05:50,130,CAN,Boston Cannons,001760,Pat Aslanian,003041,Ethan Rall,shot,1_PT,Missed shot by Pat Aslanian.,2,1,,000318,Jack Kelly,False,False,,,,,,,,2,1,missed,False,,,,,,False,False,championship_series,True,,14,130,,False,,003041,True
234,championship-series-1-2024-2-14,shot-4700,15,1,05:28,152,RED,California Redwoods,000305,Romar Dennis,002033,Nakeie Montgomery,shot,2_PT,Missed shot(2pt) by Romar Dennis. Save by BOS C. Kirst.,2,1,,002038,Colin Kirst,True,True,messy,,,,,,,2,1,saved,False,,,,,,True,False,championship_series,True,,15,152,,False,,002033,True
234,championship-series-1-2024-2-14,groundball-4900,16,1,05:25,155,CAN,Boston Cannons,002038,Colin Kirst,,,groundball,,Groundball picked up by C. Kirst.,25,26,,,,,,,,,,,,,2,1,,False,False,,,,,,,championship_series,True,,16,155,,False,,,True
234,championship-series-1-2024-2-14,shot-5300,17,1,05:08,172,CAN,Boston Cannons,002024,Asher Nolting,000216,Marcus Holman,shot,1_PT,Missed shot by Asher Nolting. Save by CAL J. Kelly.,2,1,,000318,Jack Kelly,True,True,clean,,,,,,,2,1,saved,False,,,,,,False,False,championship_series,True,,17,172,,False,,000216,True
234,championship-series-1-2024-2-14,turnover-5500,18,1,05:03,177,RED,California Redwoods,,,,,turnover,,Turnover by CAL,25,26,,,,,,,,,,,,,2,1,,False,,False,,,,,,championship_series,True,,18,177,,False,,,True
234,championship-series-1-2024-2-14,groundball-5600,19,1,04:59,181,CAN,Boston Cannons,000216,Marcus Holman,,,groundball,,Groundball picked up by M. Holman.,25,26,,,,,,,,,,,,,2,1,,False,False,,,,,,,championship_series,True,,19,181,,False,,,True
234,championship-series-1-2024-2-14,shot-5800,20,1,04:52,188,CAN,Boston Cannons,002025,Bubba Fairman,,,goal,1_PT,GOAL by B. Fairman.,3,1,,000318,Jack Kelly,,,,,,,,True,,3,1,goal,False,,,,,,False,False,championship_series,True,,20,188,,False,,,True
234,championship-series-1-2024-2-14,shot-6400,21,1,04:40,200,RED,California Redwoods,000351,Jules Heningburg,,,goal,1_PT,GOAL by J. Heningburg.,3,2,,002038,Colin Kirst,,,,,,,,True,,3,2,goal,False,,,,,,False,False,championship_series,True,,21,200,,False,,,True
234,championship-series-1-2024-2-14,groundball-6700,22,1,04:29,211,CAN,Boston Cannons,002024,Asher Nolting,,,groundball,,Groundball picked up by A. Nolting.,25,26,,,,,,,,,,,,,3,2,,False,False,,,,,,,championship_series,True,,22,211,,False,,,True
234,championship-series-1-2024-2-14,groundball-7000,23,1,04:13,227,CAN,Boston Cannons,000327,Matt Kavanagh,,,groundball,,Groundball picked up by M. Kavanagh.,25,26,,,,,,,,,,,,,3,2,,False,False,,,,,,,championship_series,True,,23,227,,False,,,True
234,championship-series-1-2024-2-14,shotclockexpired-7100,24,1,04:12,228,CAN,Boston Cannons,,,,,shotclockexpired,,Shot Clock Violation.,25,26,,,,,,,,,,,,,3,2,,False,,,,,,,,championship_series,True,,24,228,,False,,,True
234,championship-series-1-2024-2-14,turnover-7110,25,1,04:12,228,CAN,Boston Cannons,,,,,turnover,,Turnover by BOS,25,26,,,,,,,,,,,,,3,2,,False,,False,,,,,,championship_series,True,,25,228,,False,,,True
234,championship-series-1-2024-2-14,shot-7400,26,1,03:55,245,RED,California Redwoods,002001,Kevin Rogers,,,goal,1_PT,GOAL by K. Rogers.,3,3,,002038,Colin Kirst,,,,,,,,True,,3,3,goal,False,,,,,,False,False,championship_series,True,,26,245,,False,,,True
234,championship-series-1-2024-2-14,shot-7900,27,1,03:40,260,CAN,Boston Cannons,001729,Chris Aslanian,003013,Matt Campbell,goal,1_PT,GOAL by C. Aslanian. Assist M. Campbell.,4,3,,000318,Jack Kelly,,,,,,,,True,,4,3,goal,False,,,,,,False,False,championship_series,True,,27,260,,False,,003013,True
234,championship-series-1-2024-2-14,turnover-8200,28,1,03:34,266,RED,California Redwoods,,,,,turnover,,Turnover by CAL,25,26,,,,,,,,,,,,,4,3,,False,,False,,,,,,championship_series,True,,28,266,,False,,,True
234,championship-series-1-2024-2-14,shot-8700,29,1,03:08,292,CAN,Boston Cannons,003043,Josh Stout,000216,Marcus Holman,shot,1_PT,Missed shot by Josh Stout. Save by CAL J. Kelly.,4,3,,000318,Jack Kelly,True,True,messy,,,,,,,4,3,saved,False,,,,,,False,False,championship_series,True,,29,292,,False,,000216,True
234,championship-series-1-2024-2-14,shot-9600,30,1,02:43,317,RED,California Redwoods,003069,Ricky Miezan,003024,Brian Tevlin,goal,1_PT,GOAL by R. Miezan. Assist B. Tevlin.,4,4,,002038,Colin Kirst,,,,,,,,True,,4,4,goal,False,,,,,,False,False,championship_series,True,,30,317,,False,,003024,True
234,championship-series-1-2024-2-14,turnover-10000,31,1,02:28,332,CAN,Boston Cannons,,,,,turnover,,Turnover by BOS,25,26,,,,,,,,,,,,,4,4,,False,,False,,,,,,championship_series,True,,31,332,,False,,,True
234,championship-series-1-2024-2-14,groundball-10100,32,1,02:26,334,RED,California Redwoods,000318,Jack Kelly,,,groundball,,Groundball picked up by J. Kelly.,25,26,,,,,,,,,,,,,4,4,,False,False,,,,,,,championship_series,True,,32,334,,False,,,True
234,championship-series-1-2024-2-14,penalty-10500,33,1,02:01,359,CAN,Boston Cannons,000327,Matt Kavanagh,,,penalty,,BOS Matt Kavanagh 30 sec penalty for Holding.,25,26,,,,,,,30.0,Holding,,,,,4,4,,False,,,,False,True,,,championship_series,True,,33,359,,False,,,True
234,championship-series-1-2024-2-14,shot-10800,34,1,01:58,362,RED,California Redwoods,001824,Ryan Tierney,000414,Rob Pannell,goal,MU,PP Goal by R. Tierney. Assist R. Pannell.,4,5,,002038,Colin Kirst,,,,,,,,True,,4,5,goal,False,,,,,,False,True,championship_series,True,,34,362,,False,,000414,True
234,championship-series-1-2024-2-14,shot-11300,35,1,01:49,371,CAN,Boston Cannons,000216,Marcus Holman,,,goal,2_PT,2PT G by M. Holman.,6,5,,000318,Jack Kelly,,,,,,,,True,,6,5,goal,False,,,,,,True,False,championship_series,True,,35,371,,False,,,True
234,championship-series-1-2024-2-14,shot-11700,36,1,01:37,383,RED,California Redwoods,002033,Nakeie Montgomery,000414,Rob Pannell,shot,2_PT,Missed shot(2pt) by Nakeie Montgomery.,6,5,,002038,Colin Kirst,True,False,,,,,,,,6,5,on_goal_no_save,False,,,,,,True,False,championship_series,True,,36,383,,False,,000414,True
234,championship-series-1-2024-2-14,shot-12300,37,1,01:17,403,CAN,Boston Cannons,003013,Matt Campbell,,,goal,1_PT,GOAL by M. Campbell.,7,5,,000318,Jack Kelly,,,,,,,,True,,7,5,goal,False,,,,,,False,False,championship_series,True,,37,403,,False,,,True
234,championship-series-1-2024-2-14,shot-12700,38,1,00:53,427,RED,California Redwoods,003069,Ricky Miezan,003024,Brian Tevlin,shot,1_PT,Missed shot by Ricky Miezan. Save by BOS C. Kirst.,7,5,,002038,Colin Kirst,True,True,clean,,,,,,,7,5,saved,False,,,,,,False,False,championship_series,True,,38,427,,False,,003024,True
234,championship-series-1-2024-2-14,turnover-13100,39,1,00:39,441,CAN,Boston Cannons,,,,,turnover,,Turnover by BOS,25,26,,,,,,,,,,,,,7,5,,False,,False,,,,,,championship_series,True,,39,441,,False,,,True
234,championship-series-1-2024-2-14,shot-13400,40,1,00:36,444,RED,California Redwoods,000414,Rob Pannell,,,shot,1_PT,Missed shot by Rob Pannell. Save by BOS C. Kirst.,7,5,,002038,Colin Kirst,True,True,clean,,,,,,,7,5,saved,False,,,,,,False,False,championship_series,True,,40,444,,False,,,True
234,championship-series-1-2024-2-14,shot-13900,41,1,00:28,452,CAN,Boston Cannons,001729,Chris Aslanian,000327,Matt Kavanagh,shot,2_PT,Missed shot(2pt) by Chris Aslanian.,7,5,,000318,Jack Kelly,False,False,,,,,,,,7,5,missed,False,,,,,,True,False,championship_series,True,,41,452,,False,,000327,True
234,championship-series-1-2024-2-14,shot-14300,42,1,00:11,469,RED,California Redwoods,002033,Nakeie Montgomery,,,goal,1_PT,GOAL by N. Montgomery.,7,6,,002038,Colin Kirst,,,,,,,,True,,7,6,goal,False,,,,,,False,False,championship_series,True,,42,469,,False,,,True
234,championship-series-1-2024-2-14,turnover-14600,43,1,00:06,474,CAN,Boston Cannons,,,,,turnover,,Turnover by BOS,25,26,,,,,,,,,,,,,7,6,,False,,False,,,,,,championship_series,True,,43,474,,False,,,True
234,championship-series-1-2024-2-14,groundball-14800,44,1,00:02,478,RED,California Redwoods,000333,Sergio Perkovic,,,groundball,,Groundball picked up by S. Perkovic.,25,26,,,,,,,,,,,,,7,6,,False,False,,,,,,,championship_series,True,,44,478,,False,,,True
234,championship-series-1-2024-2-14,shot-15000,45,1,00:00,480,RED,California Redwoods,000333,Sergio Perkovic,,,shot,2_PT,Missed shot(2pt) by Sergio Perkovic.,7,6,,002038,Colin Kirst,False,False,,,,,,,,7,6,missed,False,,,,,,True,False,championship_series,True,,45,480,,False,,,True
234,championship-series-1-2024-2-14,faceoff-1000100,46,2,07:53,487,RED,California Redwoods,000414,Rob Pannell,002025,Bubba Fairman,faceoff,,Faceoff win R. Pannell (vs. B. Fairman). GB CAL R. Pannell.,25,26,000414,,,,,,,,,,,,7,6,,False,,,False,,,,,championship_series,True,,46,487,,False,,,True
234,championship-series-1-2024-2-14,groundball-1000200,47,2,07:53,487,RED,California Redwoods,000414,Rob Pannell,,,groundball,,Groundball picked up by R. Pannell.,25,26,,,,,,,,,,,,,7,6,,False,False,,,,,,,championship_series,True,,47,487,,False,,,True
234,championship-series-1-2024-2-14,shot-1000500,48,2,07:44,496,RED,California Redwoods,003069,Ricky Miezan,,,goal,1_PT,GOAL by R. Miezan.,7,7,,002038,Colin Kirst,,,,,,,,True,,7,7,goal,False,,,,,,False,False,championship_series,True,,48,496,,False,,,True
234,championship-series-1-2024-2-14,shot-1000900,49,2,07:34,506,CAN,Boston Cannons,001729,Chris Aslanian,000327,Matt Kavanagh,shot,2_PT,Missed shot(2pt) by Chris Aslanian.,7,7,,000318,Jack Kelly,False,False,,,,,,,,7,7,missed,False,,,,,,True,False,championship_series,True,,49,506,,False,,000327,True
234,championship-series-1-2024-2-14,groundball-1001100,50,2,07:30,510,RED,California Redwoods,000351,Jules Heningburg,,,groundball,,Groundball picked up by J. Heningburg.,25,26,,,,,,,,,,,,,7,7,,False,False,,,,,,,championship_series,True,,50,510,,False,,,True
234,championship-series-1-2024-2-14,shot-1001700,51,2,07:08,532,RED,California Redwoods,000333,Sergio Perkovic,,,goal,1_PT,GOAL by S. Perkovic.,7,8,,002038,Colin Kirst,,,,,,,,True,,7,8,goal,False,,,,,,False,False,championship_series,True,,51,532,,False,,,True
234,championship-series-1-2024-2-14,shot-1002400,52,2,06:48,552,CAN,Boston Cannons,003013,Matt Campbell,002024,Asher Nolting,goal,1_PT,GOAL by M. Campbell. Assist A. Nolting.,8,8,,000318,Jack Kelly,,,,,,,,True,,8,8,goal,False,,,,,,False,False,championship_series,True,,52,552,,False,,002024,True
234,championship-series-1-2024-2-14,shot-1002900,53,2,06:27,573,RED,California Redwoods,000305,Romar Dennis,003024,Brian Tevlin,shot,1_PT,Missed shot by Romar Dennis. Save by BOS C. Kirst.,8,8,,002038,Colin Kirst,True,True,messy,,,,,,,8,8,saved,False,,,,,,False,False,championship_series,True,,53,573,,False,,003024,True
234,championship-series-1-2024-2-14,groundball-1003100,54,2,06:25,575,CAN,Boston Cannons,000358,Ryan Drenner,,,groundball,,Groundball picked up by R. Drenner.,25,26,,,,,,,,,,,,,8,8,,False,False,,,,,,,championship_series,True,,54,575,,False,,,True
234,championship-series-1-2024-2-14,penalty-1003400,55,2,06:21,579,RED,California Redwoods,000305,Romar Dennis,,,penalty,,CAL Romar Dennis 30 sec penalty for Pushing.,25,26,,,,,,,30.0,Pushing,,,,,8,8,,False,,,,False,True,,,championship_series,True,,55,579,,False,,,True
234,championship-series-1-2024-2-14,shot-1005100,56,2,06:00,600,CAN,Boston Cannons,003013,Matt Campbell,002024,Asher Nolting,shot,2_PT,Missed shot(2pt) by Matt Campbell.,8,8,,000318,Jack Kelly,False,False,,,,,,,,8,8,missed,False,,,,,,True,False,championship_series,True,,56,600,,False,,002024,True
234,championship-series-1-2024-2-14,shot-1005700,57,2,05:46,614,RED,California Redwoods,002033,Nakeie Montgomery,002001,Kevin Rogers,goal,1_PT,GOAL by N. Montgomery. Assist K. Rogers.,8,9,,002038,Colin Kirst,,,,,,,,True,,8,9,goal,False,,,,,,False,False,championship_series,True,,57,614,,False,,002001,True
234,championship-series-1-2024-2-14,shot-1006100,58,2,05:43,617,CAN,Boston Cannons,003043,Josh Stout,003013,Matt Campbell,shot,2_PT,Missed shot(2pt) by Josh Stout. Save by CAL J. Kelly.,8,9,,000318,Jack Kelly,True,True,messy,,,,,,,8,9,saved,False,,,,,,True,False,championship_series,True,,58,617,,False,,003013,True
234,championship-series-1-2024-2-14,shot-1006800,59,2,05:19,641,CAN,Boston Cannons,001760,Pat Aslanian,000216,Marcus Holman,shot,2_PT,Missed shot(2pt) by Pat Aslanian. Save by CAL J. Kelly.,8,9,,000318,Jack Kelly,True,True,clean,,,,,,,8,9,saved,False,,,,,,True,False,championship_series,True,,59,641,,False,,000216,True
234,championship-series-1-2024-2-14,turnover-1007000,60,2,05:12,648,RED,California Redwoods,,,,,turnover,,Turnover by CAL,25,26,,,,,,,,,,,,,8,9,,False,,False,,,,,,championship_series,True,,60,648,,False,,,True
234,championship-series-1-2024-2-14,groundball-1007100,61,2,05:10,650,CAN,Boston Cannons,001760,Pat Aslanian,,,groundball,,Groundball picked up by P. Aslanian.,25,26,,,,,,,,,,,,,8,9,,False,False,,,,,,,championship_series,True,,61,650,,False,,,True
234,championship-series-1-2024-2-14,shot-1007500,62,2,05:02,658,CAN,Boston Cannons,000327,Matt Kavanagh,002025,Bubba Fairman,shot,2_PT,Missed shot(2pt) by Matt Kavanagh.,8,9,,000318,Jack Kelly,False,False,,,,,,,,8,9,missed,False,,,,,,True,False,championship_series,True,,62,658,,False,,002025,True
234,championship-series-1-2024-2-14,shot-1008200,63,2,04:38,682,RED,California Redwoods,002001,Kevin Rogers,000351,Jules Heningburg,shot,1_PT,Missed shot by Kevin Rogers. Save by BOS C. Kirst.,8,9,,002038,Colin Kirst,True,True,messy,,,,,,,8,9,saved,False,,,,,,False,False,championship_series,True,,63,682,,False,,000351,True
234,championship-series-1-2024-2-14,groundball-1008400,64,2,04:36,684,CAN,Boston Cannons,000327,Matt Kavanagh,,,groundball,,Groundball picked up by M. Kavanagh.,25,26,,,,,,,,,,,,,8,9,,False,False,,,,,,,championship_series,True,,64,684,,False,,,True
234,championship-series-1-2024-2-14,shot-1008700,65,2,04:25,695,CAN,Boston Cannons,002025,Bubba Fairman,000327,Matt Kavanagh,goal,2_PT,2PT G by B. Fairman. Assist M. Kavanagh.,10,9,,000318,Jack Kelly,,,,,,,,True,,10,9,goal,False,,,,,,True,False,championship_series,True,,65,695,,False,,000327,True
234,championship-series-1-2024-2-14,shot-1009100,66,2,04:19,701,RED,California Redwoods,000305,Romar Dennis,,,shot,1_PT,Missed shot by Romar Dennis.,10,9,,002038,Colin Kirst,True,False,,,,,,,,10,9,on_goal_no_save,False,,,,,,False,False,championship_series,True,,66,701,,False,,,True
234,championship-series-1-2024-2-14,groundball-1009300,67,2,04:16,704,RED,California Redwoods,003069,Ricky Miezan,,,groundball,,Groundball picked up by R. Miezan.,25,26,,,,,,,,,,,,,10,9,,False,False,,,,,,,championship_series,True,,67,704,,False,,,True
234,championship-series-1-2024-2-14,shot-1009600,68,2,04:09,711,RED,California Redwoods,000414,Rob Pannell,003069,Ricky Miezan,goal,1_PT,GOAL by R. Pannell. Assist R. Miezan.,10,10,,002038,Colin Kirst,,,,,,,,True,,10,10,goal,False,,,,,,False,False,championship_series,True,,68,711,,False,,003069,True
234,championship-series-1-2024-2-14,shot-1010400,69,2,03:49,731,CAN,Boston Cannons,000216,Marcus Holman,000358,Ryan Drenner,goal,2_PT,2PT G by M. Holman. Assist R. Drenner.,12,10,,000318,Jack Kelly,,,,,,,,True,,12,10,goal,False,,,,,,True,False,championship_series,True,,69,731,,False,,000358,True
234,championship-series-1-2024-2-14,shot-1011100,70,2,03:26,754,RED,California Redwoods,000315,Garrett Epple,000333,Sergio Perkovic,goal,2_PT,2PT G by G. Epple. Assist S. Perkovic.,12,12,,002038,Colin Kirst,,,,,,,,True,,12,12,goal,False,,,,,,True,False,championship_series,True,,70,754,,False,,000333,True
234,championship-series-1-2024-2-14,shot-1011800,71,2,02:52,788,CAN,Boston Cannons,003043,Josh Stout,000327,Matt Kavanagh,shot,2_PT,Missed shot(2pt) by Josh Stout. Save by CAL J. Kelly.,12,12,,000318,Jack Kelly,True,True,messy,,,,,,,12,12,saved,False,,,,,,True,False,championship_series,True,,71,788,,False,,000327,True
234,championship-series-1-2024-2-14,groundball-1012000,72,2,02:50,790,CAN,Boston Cannons,002024,Asher Nolting,,,groundball,,Groundball picked up by A. Nolting.,25,26,,,,,,,,,,,,,12,12,,False,False,,,,,,,championship_series,True,,72,790,,False,,,True
234,championship-series-1-2024-2-14,shot-1012400,73,2,02:38,802,CAN,Boston Cannons,000327,Matt Kavanagh,003043,Josh Stout,shot,1_PT,Missed shot by Matt Kavanagh. Save by CAL J. Kelly.,12,12,,000318,Jack Kelly,True,True,clean,,,,,,,12,12,saved,False,,,,,,False,False,championship_series,True,,73,802,,False,,003043,True
234,championship-series-1-2024-2-14,shot-1012900,74,2,02:30,810,RED,California Redwoods,000333,Sergio Perkovic,000351,Jules Heningburg,shot,1_PT,Missed shot by Sergio Perkovic. Save by BOS C. Kirst.,12,12,,002038,Colin Kirst,True,True,messy,,,,,,,12,12,saved,False,,,,,,False,False,championship_series,True,,74,810,,False,,000351,True
234,championship-series-1-2024-2-14,shot-1013500,75,2,02:20,820,CAN,Boston Cannons,003013,Matt Campbell,003041,Ethan Rall,shot,1_PT,Missed shot by Matt Campbell. Save by CAL J. Kelly.,12,12,,000318,Jack Kelly,True,True,messy,,,,,,,12,12,saved,False,,,,,,False,False,championship_series,True,,75,820,,False,,003041,True
234,championship-series-1-2024-2-14,shot-1014000,76,2,02:10,830,RED,California Redwoods,000414,Rob Pannell,000318,Jack Kelly,shot,1_PT,Missed shot by Rob Pannell. Save by BOS C. Kirst.,12,12,,002038,Colin Kirst,True,True,clean,,,,,,,12,12,saved,False,,,,,,False,False,championship_series,True,,76,830,,False,,000318,True
234,championship-series-1-2024-2-14,shot-1014600,77,2,01:46,854,CAN,Boston Cannons,000358,Ryan Drenner,002024,Asher Nolting,goal,1_PT,GOAL by R. Drenner. Assist A. Nolting.,13,12,,000318,Jack Kelly,,,,,,,,True,,13,12,goal,False,,,,,,False,False,championship_series,True,,77,854,,False,,002024,True
234,championship-series-1-2024-2-14,shot-1015300,78,2,01:32,868,RED,California Redwoods,000351,Jules Heningburg,000333,Sergio Perkovic,shot,1_PT,Missed shot by Jules Heningburg.,13,12,,002038,Colin Kirst,False,False,,,,,,,,13,12,missed,False,,,,,,False,False,championship_series,True,,78,868,,False,,000333,True
234,championship-series-1-2024-2-14,groundball-1015400,79,2,01:26,874,CAN,Boston Cannons,002038,Colin Kirst,,,groundball,,Groundball picked up by C. Kirst.,25,26,,,,,,,,,,,,,13,12,,False,False,,,,,,,championship_series,True,,79,874,,False,,,True
234,championship-series-1-2024-2-14,shot-1016700,80,2,01:02,898,CAN,Boston Cannons,002024,Asher Nolting,000216,Marcus Holman,goal,1_PT,GOAL by A. Nolting. Assist M. Holman.,14,12,,000318,Jack Kelly,,,,,,,,True,,14,12,goal,False,,,,,,False,False,championship_series,True,,80,898,,False,,000216,True
234,championship-series-1-2024-2-14,turnover-1017200,81,2,00:39,921,RED,California Redwoods,,,,,turnover,,Turnover by CAL,25,26,,,,,,,,,,,,,14,12,,False,,False,,,,,,championship_series,True,,81,921,,False,,,True
234,championship-series-1-2024-2-14,groundball-1017300,82,2,00:37,923,CAN,Boston Cannons,000216,Marcus Holman,,,groundball,,Groundball picked up by M. Holman.,25,26,,,,,,,,,,,,,14,12,,False,False,,,,,,,championship_series,True,,82,923,,False,,,True
234,championship-series-1-2024-2-14,turnover-1017510,83,2,00:30,930,CAN,Boston Cannons,,,,,turnover,,Turnover by BOS,25,26,,,,,,,,,,,,,14,12,,False,,False,,,,,,championship_series,True,,83,930,,False,,,True
234,championship-series-1-2024-2-14,shot-1018500,84,2,00:01,959,RED,California Redwoods,000351,Jules Heningburg,002001,Kevin Rogers,goal,1_PT,GOAL by J. Heningburg. Assist K. Rogers.,14,13,,002038,Colin Kirst,,,,,,,,True,,14,13,goal,False,,,,,,False,False,championship_series,True,,84,959,,False,,002001,True
234,championship-series-1-2024-2-14,faceoff-2000300,85,3,07:57,963,CAN,Boston Cannons,003041,Ethan Rall,000414,Rob Pannell,faceoff,,Faceoff win E. Rall (vs. R. Pannell). GB BOS E. Rall.,25,26,003041,,,,,,,,,,,,14,13,,False,,,False,,,,,championship_series,True,,85,963,,False,,,True
234,championship-series-1-2024-2-14,groundball-2000400,86,3,07:57,963,CAN,Boston Cannons,003041,Ethan Rall,,,groundball,,Groundball picked up by E. Rall.,25,26,,,,,,,,,,,,,14,13,,False,False,,,,,,,championship_series,True,,86,963,,False,,,True
234,championship-series-1-2024-2-14,shot-2000900,87,3,07:37,983,CAN,Boston Cannons,001729,Chris Aslanian,002025,Bubba Fairman,shot,1_PT,Missed shot by Chris Aslanian. Save by CAL T. Troutner.,14,13,,000370,Tim Troutner,True,True,messy,,,,,,,14,13,saved,False,,,,,,False,False,championship_series,True,,87,983,,False,,002025,True
234,championship-series-1-2024-2-14,groundball-2001100,88,3,07:34,986,RED,California Redwoods,000370,Tim Troutner,,,groundball,,Groundball picked up by T. Troutner.,25,26,,,,,,,,,,,,,14,13,,False,False,,,,,,,championship_series,True,,88,986,,False,,,True
234,championship-series-1-2024-2-14,shot-2001700,89,3,07:20,1000,RED,California Redwoods,002033,Nakeie Montgomery,000333,Sergio Perkovic,shot,1_PT,Missed shot by Nakeie Montgomery. Save by BOS A. Ghitelman.,14,13,,000201,Adam Ghitelman,True,True,messy,,,,,,,14,13,saved,False,,,,,,False,False,championship_series,True,,89,1000,,False,,000333,True
234,championship-series-1-2024-2-14,groundball-2001900,90,3,07:16,1004,RED,California Redwoods,000315,Garrett Epple,,,groundball,,Groundball picked up by G. Epple.,25,26,,,,,,,,,,,,,14,13,,False,False,,,,,,,championship_series,True,,90,1004,,False,,,True
234,championship-series-1-2024-2-14,shot-2002000,91,3,07:15,1005,RED,California Redwoods,000315,Garrett Epple,,,shot,1_PT,Missed shot by Garrett Epple.,14,13,,000201,Adam Ghitelman,False,False,,,,,,,,14,13,missed,False,,,,,,False,False,championship_series,True,,91,1005,,False,,,True
234,championship-series-1-2024-2-14,shotclockexpired-2002600,92,3,06:40,1040,CAN,Boston Cannons,,,,,shotclockexpired,,Shot Clock Violation.,25,26,,,,,,,,,,,,,14,13,,False,,,,,,,,championship_series,True,,92,1040,,False,,,True
234,championship-series-1-2024-2-14,turnover-2002610,93,3,06:40,1040,CAN,Boston Cannons,,,,,turnover,,Turnover by BOS,25,26,,,,,,,,,,,,,14,13,,False,,False,,,,,,championship_series,True,,93,1040,,False,,,True
234,championship-series-1-2024-2-14,shot-2003100,94,3,06:25,1055,RED,California Redwoods,000414,Rob Pannell,,,goal,1_PT,GOAL by R. Pannell.,14,14,,000201,Adam Ghitelman,,,,,,,,True,,14,14,goal,False,,,,,,False,False,championship_series,True,,94,1055,,False,,,True
234,championship-series-1-2024-2-14,groundball-2003600,95,3,05:49,1091,CAN,Boston Cannons,000216,Marcus Holman,,,groundball,,Groundball picked up by M. Holman.,25,26,,,,,,,,,,,,,14,14,,False,False,,,,,,,championship_series,True,,95,1091,,False,,,True
234,championship-series-1-2024-2-14,shot-2003700,96,3,05:48,1092,CAN,Boston Cannons,000216,Marcus Holman,,,shot,1_PT,Missed shot by Marcus Holman.,14,14,,000370,Tim Troutner,False,False,,,,,,,,14,14,missed,False,,,,,,False,False,championship_series,True,,96,1092,,False,,,True
234,championship-series-1-2024-2-14,shotclockexpired-2003900,97,3,05:43,1097,CAN,Boston Cannons,,,,,shotclockexpired,,Shot Clock Violation.,25,26,,,,,,,,,,,,,14,14,,False,,,,,,,,championship_series,True,,97,1097,,False,,,True
234,championship-series-1-2024-2-14,turnover-2003910,98,3,05:43,1097,CAN,Boston Cannons,,,,,turnover,,Turnover by BOS,25,26,,,,,,,,,,,,,14,14,,False,,False,,,,,,championship_series,True,,98,1097,,False,,,True
234,championship-series-1-2024-2-14,shot-2004600,99,3,05:28,1112,RED,California Redwoods,002033,Nakeie Montgomery,002001,Kevin Rogers,shot,1_PT,Missed shot by Nakeie Montgomery. Save by BOS A. Ghitelman.,14,14,,000201,Adam Ghitelman,True,True,clean,,,,,,,14,14,saved,False,,,,,,False,False,championship_series,True,,99,1112,,False,,002001,True
234,championship-series-1-2024-2-14,groundball-2005200,100,3,05:06,1134,CAN,Boston Cannons,000358,Ryan Drenner,,,groundball,,Groundball picked up by R. Drenner.,25,26,,,,,,,,,,,,,14,14,,False,False,,,,,,,championship_series,True,,100,1134,,False,,,True
234,championship-series-1-2024-2-14,shot-2005300,101,3,05:03,1137,CAN,Boston Cannons,000358,Ryan Drenner,,,shot,1_PT,Missed shot by Ryan Drenner. Save by CAL T. Troutner.,14,14,,000370,Tim Troutner,True,True,messy,,,,,,,14,14,saved,False,,,,,,False,False,championship_series,True,,101,1137,,False,,,True
234,championship-series-1-2024-2-14,groundball-2005500,102,3,05:00,1140,CAN,Boston Cannons,002024,Asher Nolting,,,groundball,,Groundball picked up by A. Nolting.,25,26,,,,,,,,,,,,,14,14,,False,False,,,,,,,championship_series,True,,102,1140,,False,,,True
234,championship-series-1-2024-2-14,shot-2005600,103,3,04:50,1150,CAN,Boston Cannons,002024,Asher Nolting,,,shot,1_PT,Missed shot by Asher Nolting. Save by CAL T. Troutner.,14,14,,000370,Tim Troutner,True,True,messy,,,,,,,14,14,saved,False,,,,,,False,False,championship_series,True,,103,1150,,False,,,True
234,championship-series-1-2024-2-14,groundball-2005800,104,3,04:46,1154,RED,California Redwoods,000333,Sergio Perkovic,,,groundball,,Groundball picked up by S. Perkovic.,25,26,,,,,,,,,,,,,14,14,,False,False,,,,,,,championship_series,True,,104,1154,,False,,,True
234,championship-series-1-2024-2-14,turnover-2006110,105,3,04:21,1179,RED,California Redwoods,,,,,turnover,,Turnover by CAL,25,26,,,,,,,,,,,,,14,14,,False,,False,,,,,,championship_series,True,,105,1179,,False,,,True
234,championship-series-1-2024-2-14,groundball-2006500,106,3,04:14,1186,CAN,Boston Cannons,002025,Bubba Fairman,,,groundball,,Groundball picked up by B. Fairman.,25,26,,,,,,,,,,,,,14,14,,False,False,,,,,,,championship_series,True,,106,1186,,False,,,True
234,championship-series-1-2024-2-14,shot-2006800,107,3,04:11,1189,CAN,Boston Cannons,003043,Josh Stout,000216,Marcus Holman,shot,2_PT,Missed shot(2pt) by Josh Stout.,14,14,,000370,Tim Troutner,False,False,,,,,,,,14,14,missed,False,,,,,,True,False,championship_series,True,,107,1189,,False,,000216,True
234,championship-series-1-2024-2-14,groundball-2007000,108,3,04:05,1195,CAN,Boston Cannons,003041,Ethan Rall,,,groundball,,Groundball picked up by E. Rall.,25,26,,,,,,,,,,,,,14,14,,False,False,,,,,,,championship_series,True,,108,1195,,False,,,True
234,championship-series-1-2024-2-14,shot-2007300,109,3,04:03,1197,CAN,Boston Cannons,000216,Marcus Holman,003043,Josh Stout,shot,2_PT,Missed shot(2pt) by Marcus Holman. Save by CAL T. Troutner.,14,14,,000370,Tim Troutner,True,True,messy,,,,,,,14,14,saved,False,,,,,,True,False,championship_series,True,,109,1197,,False,,003043,True
234,championship-series-1-2024-2-14,shot-2008000,110,3,03:41,1219,CAN,Boston Cannons,001760,Pat Aslanian,000216,Marcus Holman,shot,1_PT,Missed shot by Pat Aslanian.,14,14,,000370,Tim Troutner,False,False,,,,,,,,14,14,missed,False,,,,,,False,False,championship_series,True,,110,1219,,False,,000216,True
234,championship-series-1-2024-2-14,shot-2008800,111,3,03:17,1243,RED,California Redwoods,000315,Garrett Epple,000351,Jules Heningburg,shot,1_PT,Missed shot by Garrett Epple. Save by BOS A. Ghitelman.,14,14,,000201,Adam Ghitelman,True,True,messy,,,,,,,14,14,saved,False,,,,,,False,False,championship_series,True,,111,1243,,False,,000351,True
234,championship-series-1-2024-2-14,groundball-2009000,112,3,03:16,1244,CAN,Boston Cannons,003013,Matt Campbell,,,groundball,,Groundball picked up by M. Campbell.,25,26,,,,,,,,,,,,,14,14,,False,False,,,,,,,championship_series,True,,112,1244,,False,,,True
234,championship-series-1-2024-2-14,turnover-2009600,113,3,02:56,1264,CAN,Boston Cannons,,,,,turnover,,Turnover by BOS,25,26,,,,,,,,,,,,,14,14,,False,,False,,,,,,championship_series,True,,113,1264,,False,,,True
234,championship-series-1-2024-2-14,groundball-2009700,114,3,02:54,1266,RED,California Redwoods,002001,Kevin Rogers,,,groundball,,Groundball picked up by K. Rogers.,25,26,,,,,,,,,,,,,14,14,,False,False,,,,,,,championship_series,True,,114,1266,,False,,,True
234,championship-series-1-2024-2-14,shot-2010200,115,3,02:29,1291,RED,California Redwoods,000305,Romar Dennis,000414,Rob Pannell,shot,2_PT,Missed shot(2pt) by Romar Dennis.,14,14,,000201,Adam Ghitelman,False,False,,,,,,,,14,14,missed,False,,,,,,True,False,championship_series,True,,115,1291,,False,,000414,True
234,championship-series-1-2024-2-14,shot-2010800,116,3,02:13,1307,CAN,Boston Cannons,000216,Marcus Holman,,,goal,1_PT,GOAL by M. Holman.,15,14,,000370,Tim Troutner,,,,,,,,True,,15,14,goal,False,,,,,,False,False,championship_series,True,,116,1307,,False,,,True
234,championship-series-1-2024-2-14,groundball-2011900,117,3,01:46,1334,RED,California Redwoods,002033,Nakeie Montgomery,,,groundball,,Groundball picked up by N. Montgomery.,25,26,,,,,,,,,,,,,15,14,,False,False,,,,,,,championship_series,True,,117,1334,,False,,,True
234,championship-series-1-2024-2-14,shotclockexpired-2012300,118,3,01:40,1340,RED,California Redwoods,,,,,shotclockexpired,,Shot Clock Violation.,25,26,,,,,,,,,,,,,15,14,,False,,,,,,,,championship_series,True,,118,1340,,False,,,True
234,championship-series-1-2024-2-14,turnover-2012310,119,3,01:40,1340,RED,California Redwoods,,,,,turnover,,Turnover by CAL,25,26,,,,,,,,,,,,,15,14,,False,,False,,,,,,championship_series,True,,119,1340,,False,,,True
234,championship-series-1-2024-2-14,shot-2012800,120,3,01:27,1353,CAN,Boston Cannons,000327,Matt Kavanagh,000358,Ryan Drenner,shot,1_PT,Missed shot by Matt Kavanagh.,15,14,,000370,Tim Troutner,False,False,,,,,,,,15,14,missed,False,,,,,,False,False,championship_series,True,,120,1353,,False,,000358,True
234,championship-series-1-2024-2-14,shot-2013400,121,3,00:59,1381,RED,California Redwoods,000305,Romar Dennis,,,goal,2_PT,2PT G by R. Dennis.,15,16,,000201,Adam Ghitelman,,,,,,,,True,,15,16,goal,False,,,,,,True,False,championship_series,True,,121,1381,,False,,,True
234,championship-series-1-2024-2-14,shot-2014000,122,3,00:41,1399,CAN,Boston Cannons,000327,Matt Kavanagh,,,goal,1_PT,GOAL by M. Kavanagh.,16,16,,000370,Tim Troutner,,,,,,,,True,,16,16,goal,False,,,,,,False,False,championship_series,True,,122,1399,,False,,,True
234,championship-series-1-2024-2-14,shot-2014600,123,3,00:23,1417,RED,California Redwoods,000333,Sergio Perkovic,003069,Ricky Miezan,shot,1_PT,Missed shot by Sergio Perkovic.,16,16,,000201,Adam Ghitelman,True,False,,,,,,,,16,16,on_goal_no_save,False,,,,,,False,False,championship_series,True,,123,1417,,False,,003069,True
234,championship-series-1-2024-2-14,groundball-2014800,124,3,00:19,1421,CAN,Boston Cannons,000216,Marcus Holman,,,groundball,,Groundball picked up by M. Holman.,25,26,,,,,,,,,,,,,16,16,,False,False,,,,,,,championship_series,True,,124,1421,,False,,,True
234,championship-series-1-2024-2-14,shot-2015000,125,3,00:03,1437,CAN,Boston Cannons,000216,Marcus Holman,,,shot,2_PT,Missed shot(2pt) by Marcus Holman. Save by CAL T. Troutner.,16,16,,000370,Tim Troutner,True,True,messy,,,,,,,16,16,saved,False,,,,,,True,False,championship_series,True,,125,1437,,False,,,True
234,championship-series-1-2024-2-14,groundball-2015110,126,3,00:00,1440,RED,California Redwoods,000370,Tim Troutner,,,groundball,,Groundball picked up by T. Troutner.,25,26,,,,,,,,,,,,,16,16,,False,False,,,,,,,championship_series,True,,126,1440,,False,,,True
234,championship-series-1-2024-2-14,faceoff-3000100,127,4,07:53,1447,RED,California Redwoods,003024,Brian Tevlin,003041,Ethan Rall,faceoff,,Faceoff win B. Tevlin (vs. E. Rall). GB CAL J. Heningburg.,25,26,000351,,,,,,,,,,,,16,16,,False,,,False,,,,,championship_series,True,,127,1447,,False,,,True
234,championship-series-1-2024-2-14,groundball-3000200,128,4,07:53,1447,RED,California Redwoods,000351,Jules Heningburg,,,groundball,,Groundball picked up by J. Heningburg.,25,26,,,,,,,,,,,,,16,16,,False,False,,,,,,,championship_series,True,,128,1447,,False,,,True
234,championship-series-1-2024-2-14,shot-3000500,129,4,07:47,1453,RED,California Redwoods,000414,Rob Pannell,,,goal,1_PT,GOAL by R. Pannell.,16,17,,000201,Adam Ghitelman,,,,,,,,True,,16,17,goal,False,,,,,,False,False,championship_series,True,,129,1453,,False,,,True
234,championship-series-1-2024-2-14,shot-3000900,130,4,07:42,1458,CAN,Boston Cannons,003013,Matt Campbell,000327,Matt Kavanagh,shot,1_PT,Missed shot by Matt Campbell. Save by CAL T. Troutner.,16,17,,000370,Tim Troutner,True,True,messy,,,,,,,16,17,saved,False,,,,,,False,False,championship_series,True,,130,1458,,False,,000327,True
234,championship-series-1-2024-2-14,groundball-3001100,131,4,07:40,1460,RED,California Redwoods,003024,Brian Tevlin,,,groundball,,Groundball picked up by B. Tevlin.,25,26,,,,,,,,,,,,,16,17,,False,False,,,,,,,championship_series,True,,131,1460,,False,,,True
234,championship-series-1-2024-2-14,shot-3001500,132,4,07:22,1478,RED,California Redwoods,002001,Kevin Rogers,,,goal,2_PT,2PT G by K. Rogers.,16,19,,000201,Adam Ghitelman,,,,,,,,True,,16,19,goal,False,,,,,,True,False,championship_series,True,,132,1478,,False,,,True
234,championship-series-1-2024-2-14,shot-3002000,133,4,07:10,1490,CAN,Boston Cannons,000216,Marcus Holman,000358,Ryan Drenner,shot,1_PT,Missed shot by Marcus Holman.,16,19,,000370,Tim Troutner,False,False,,,,,,,,16,19,missed,False,,,,,,False,False,championship_series,True,,133,1490,,False,,000358,True
234,championship-series-1-2024-2-14,shot-3002500,134,4,06:54,1506,RED,California Redwoods,000414,Rob Pannell,002001,Kevin Rogers,goal,1_PT,GOAL by R. Pannell. Assist K. Rogers.,16,20,,000201,Adam Ghitelman,,,,,,,,True,,16,20,goal,False,,,,,,False,False,championship_series,True,,134,1506,,False,,002001,True
234,championship-series-1-2024-2-14,shot-3003100,135,4,06:34,1526,CAN,Boston Cannons,000358,Ryan Drenner,,,goal,1_PT,GOAL by R. Drenner.,17,20,,000370,Tim Troutner,,,,,,,,True,,17,20,goal,False,,,,,,False,False,championship_series,True,,135,1526,,False,,,True
234,championship-series-1-2024-2-14,shot-3003500,136,4,06:23,1537,RED,California Redwoods,002033,Nakeie Montgomery,000351,Jules Heningburg,shot,2_PT,Missed shot(2pt) by Nakeie Montgomery.,17,20,,000201,Adam Ghitelman,False,False,,,,,,,,17,20,missed,False,,,,,,True,False,championship_series,True,,136,1537,,False,,000351,True
234,championship-series-1-2024-2-14,shot-3004000,137,4,06:00,1560,CAN,Boston Cannons,003013,Matt Campbell,000216,Marcus Holman,shot,2_PT,Missed shot(2pt) by Matt Campbell.,17,20,,000370,Tim Troutner,False,False,,,,,,,,17,20,missed,False,,,,,,True,False,championship_series,True,,137,1560,,False,,000216,True
234,championship-series-1-2024-2-14,shot-3004700,138,4,05:27,1593,RED,California Redwoods,000333,Sergio Perkovic,001824,Ryan Tierney,shot,2_PT,Missed shot(2pt) by Sergio Perkovic. Save by BOS A. Ghitelman.,17,20,,000201,Adam Ghitelman,True,True,clean,,,,,,,17,20,saved,False,,,,,,True,False,championship_series,True,,138,1593,,False,,001824,True
234,championship-series-1-2024-2-14,shot-3005300,139,4,05:09,1611,CAN,Boston Cannons,002024,Asher Nolting,000358,Ryan Drenner,shot,1_PT,Missed shot by Asher Nolting. Save by CAL T. Troutner.,17,20,,000370,Tim Troutner,True,True,messy,,,,,,,17,20,saved,False,,,,,,False,False,championship_series,True,,139,1611,,False,,000358,True
234,championship-series-1-2024-2-14,groundball-3005500,140,4,05:04,1616,RED,California Redwoods,000370,Tim Troutner,,,groundball,,Groundball picked up by T. Troutner.,25,26,,,,,,,,,,,,,17,20,,False,False,,,,,,,championship_series,True,,140,1616,,False,,,True
234,championship-series-1-2024-2-14,turnover-3005600,141,4,05:00,1620,RED,California Redwoods,,,,,turnover,,Turnover by CAL,25,26,,,,,,,,,,,,,17,20,,False,,False,,,,,,championship_series,True,,141,1620,,False,,,True
234,championship-series-1-2024-2-14,groundball-3005800,142,4,04:57,1623,CAN,Boston Cannons,000327,Matt Kavanagh,,,groundball,,Groundball picked up by M. Kavanagh.,25,26,,,,,,,,,,,,,17,20,,False,False,,,,,,,championship_series,True,,142,1623,,False,,,True
234,championship-series-1-2024-2-14,shot-3006000,143,4,04:51,1629,CAN,Boston Cannons,000216,Marcus Holman,000327,Matt Kavanagh,shot,1_PT,Missed shot by Marcus Holman.,17,20,,000370,Tim Troutner,False,False,,,,,,,,17,20,missed,False,,,,,,False,False,championship_series,True,,143,1629,,False,,000327,True
234,championship-series-1-2024-2-14,turnover-3006600,144,4,04:42,1638,RED,California Redwoods,,,,,turnover,,Turnover by CAL,25,26,,,,,,,,,,,,,17,20,,False,,False,,,,,,championship_series,True,,144,1638,,False,,,True
234,championship-series-1-2024-2-14,shot-3006900,145,4,04:38,1642,CAN,Boston Cannons,003041,Ethan Rall,,,goal,1_PT,GOAL by E. Rall.,18,20,,000370,Tim Troutner,,,,,,,,True,,18,20,goal,False,,,,,,False,False,championship_series,True,,145,1642,,False,,,True
234,championship-series-1-2024-2-14,shot-3007600,146,4,04:21,1659,RED,California Redwoods,000333,Sergio Perkovic,000414,Rob Pannell,goal,2_PT,2PT G by S. Perkovic. Assist R. Pannell.,18,22,,000201,Adam Ghitelman,,,,,,,,True,,18,22,goal,False,,,,,,True,False,championship_series,True,,146,1659,,False,,000414,True
234,championship-series-1-2024-2-14,shot-3007900,147,4,04:14,1666,CAN,Boston Cannons,003013,Matt Campbell,000201,Adam Ghitelman,shot,1_PT,Missed shot by Matt Campbell.,18,22,,000370,Tim Troutner,True,False,,,,,,,,18,22,on_goal_no_save,False,,,,,,False,False,championship_series,True,,147,1666,,False,,000201,True
234,championship-series-1-2024-2-14,groundball-3008100,148,4,04:12,1668,CAN,Boston Cannons,000358,Ryan Drenner,,,groundball,,Groundball picked up by R. Drenner.,25,26,,,,,,,,,,,,,18,22,,False,False,,,,,,,championship_series,True,,148,1668,,False,,,True
234,championship-series-1-2024-2-14,groundball-3008200,149,4,04:07,1673,CAN,Boston Cannons,000327,Matt Kavanagh,,,groundball,,Groundball picked up by M. Kavanagh.,25,26,,,,,,,,,,,,,18,22,,False,False,,,,,,,championship_series,True,,149,1673,,False,,,True
234,championship-series-1-2024-2-14,shot-3008300,150,4,04:05,1675,CAN,Boston Cannons,000327,Matt Kavanagh,,,goal,1_PT,GOAL by M. Kavanagh.,19,22,,000370,Tim Troutner,,,,,,,,True,,19,22,goal,False,,,,,,False,False,championship_series,True,,150,1675,,False,,,True
234,championship-series-1-2024-2-14,turnover-3008900,151,4,03:29,1711,RED,California Redwoods,,,,,turnover,,Turnover by CAL,25,26,,,,,,,,,,,,,19,22,,False,,False,,,,,,championship_series,True,,151,1711,,False,,,True
234,championship-series-1-2024-2-14,shot-3009400,152,4,03:13,1727,CAN,Boston Cannons,000327,Matt Kavanagh,001729,Chris Aslanian,shot,1_PT,Missed shot by Matt Kavanagh.,19,22,,000370,Tim Troutner,False,False,,,,,,,,19,22,missed,False,,,,,,False,False,championship_series,True,,152,1727,,False,,001729,True
234,championship-series-1-2024-2-14,groundball-3009500,153,4,03:09,1731,RED,California Redwoods,000370,Tim Troutner,,,groundball,,Groundball picked up by T. Troutner.,25,26,,,,,,,,,,,,,19,22,,False,False,,,,,,,championship_series,True,,153,1731,,False,,,True
234,championship-series-1-2024-2-14,turnover-3009800,154,4,02:52,1748,RED,California Redwoods,,,,,turnover,,Turnover by CAL,25,26,,,,,,,,,,,,,19,22,,False,,False,,,,,,championship_series,True,,154,1748,,False,,,True
234,championship-series-1-2024-2-14,groundball-3010000,155,4,02:48,1752,CAN,Boston Cannons,000216,Marcus Holman,,,groundball,,Groundball picked up by M. Holman.,25,26,,,,,,,,,,,,,19,22,,False,False,,,,,,,championship_series,True,,155,1752,,False,,,True
234,championship-series-1-2024-2-14,shot-3010200,156,4,02:46,1754,CAN,Boston Cannons,000216,Marcus Holman,,,goal,1_PT,GOAL by M. Holman.,20,22,,000370,Tim Troutner,,,,,,,,True,,20,22,goal,False,,,,,,False,False,championship_series,True,,156,1754,,False,,,True
234,championship-series-1-2024-2-14,shot-3010900,157,4,02:24,1776,RED,California Redwoods,003024,Brian Tevlin,,,goal,1_PT,GOAL by B. Tevlin.,20,23,,000201,Adam Ghitelman,,,,,,,,True,,20,23,goal,False,,,,,,False,False,championship_series,True,,157,1776,,False,,,True
234,championship-series-1-2024-2-14,shot-3011900,158,4,01:58,1802,CAN,Boston Cannons,003013,Matt Campbell,,,goal,1_PT,GOAL by M. Campbell.,21,23,,000370,Tim Troutner,,,,,,,,True,,21,23,goal,False,,,,,,False,False,championship_series,True,,158,1802,,False,,,True
234,championship-series-1-2024-2-14,turnover-3012200,159,4,01:40,1820,RED,California Redwoods,,,,,turnover,,Turnover by CAL,25,26,,,,,,,,,,,,,21,23,,False,,False,,,,,,championship_series,True,,159,1820,,False,,,True
234,championship-series-1-2024-2-14,groundball-3012400,160,4,01:33,1827,CAN,Boston Cannons,001760,Pat Aslanian,,,groundball,,Groundball picked up by P. Aslanian.,25,26,,,,,,,,,,,,,21,23,,False,False,,,,,,,championship_series,True,,160,1827,,False,,,True
234,championship-series-1-2024-2-14,shot-3013200,161,4,01:17,1843,CAN,Boston Cannons,000216,Marcus Holman,002024,Asher Nolting,goal,2_PT,2PT G by M. Holman. Assist A. Nolting.,23,23,,000370,Tim Troutner,,,,,,,,True,,23,23,goal,False,,,,,,True,False,championship_series,True,,161,1843,,False,,002024,True
234,championship-series-1-2024-2-14,shot-3013700,162,4,00:58,1862,RED,California Redwoods,000305,Romar Dennis,,,goal,2_PT,2PT G by R. Dennis.,23,25,,000201,Adam Ghitelman,,,,,,,,True,,23,25,goal,False,,,,,,True,False,championship_series,True,,162,1862,,False,,,True
234,championship-series-1-2024-2-14,shot-3014600,163,4,00:33,1887,CAN,Boston Cannons,003013,Matt Campbell,002024,Asher Nolting,goal,2_PT,2PT G by M. Campbell. Assist A. Nolting.,25,25,,000370,Tim Troutner,,,,,,,,True,,25,25,goal,False,,,,,,True,False,championship_series,True,,163,1887,,False,,002024,True
234,championship-series-1-2024-2-14,shot-3015100,164,4,00:08,1912,RED,California Redwoods,000414,Rob Pannell,000351,Jules Heningburg,shot,1_PT,Missed shot by Rob Pannell.,25,25,,000201,Adam Ghitelman,False,False,,,,,,,,25,25,missed,False,,,,,,False,False,championship_series,True,,164,1912,,False,,000351,True
234,championship-series-1-2024-2-14,faceoff-4000100,165,5,03:56,2164,RED,California Redwoods,000414,Rob Pannell,003041,Ethan Rall,faceoff,,Faceoff win R. Pannell (vs. E. Rall). GB CAL R. Pannell.,25,26,000414,,,,,,,,,,,,25,25,,False,,,False,,,,,championship_series,True,,165,2164,,False,,,True
234,championship-series-1-2024-2-14,groundball-4000200,166,5,03:56,2164,RED,California Redwoods,000414,Rob Pannell,,,groundball,,Groundball picked up by R. Pannell.,25,26,,,,,,,,,,,,,25,25,,False,False,,,,,,,championship_series,True,,166,2164,,False,,,True
234,championship-series-1-2024-2-14,shot-4000700,167,5,03:38,2182,RED,California Redwoods,000305,Romar Dennis,,,goal,1_PT,GOAL by R. Dennis.,25,26,,000201,Adam Ghitelman,,,,,,,,True,,25,26,goal,False,,,,,,False,False,championship_series,True,,167,2182,,False,,,True
234,championship-series-1-2024-2-14,gameEnd,168,5,00:-22,2422,,,,,,,gameEnd,,Game End,25,26,,,,,,,,,1.0,0.0,,,25,26,,False,,,,,,,,championship_series,True,,168,2422,,False,,,True
235,championship-series-2-2024-2-14,pregame,0,1,08:00,0,,,,,,,pregame,,Game Start,0,0,,,,,,,,,0.5,0.5,,,0,0,,False,,,,,,,,championship_series,True,,0,0,,False,,,True
235,championship-series-2-2024-2-14,faceoff-100,1,1,07:52,8,WAT,Philadelphia Waterdogs,000363,Ryan Conrad,002043,Ryan Aughavin,faceoff,,Faceoff win R. Conrad (vs. R. Aughavin). GB PHI J. Higgins.,18,21,002036,,,,,,,,,,,,0,0,,False,,,False,,,,,championship_series,True,,1,8,,False,,,True
235,championship-series-2-2024-2-14,groundball-200,2,1,07:52,8,WAT,Philadelphia Waterdogs,002036,Jake Higgins,,,groundball,,Groundball picked up by J. Higgins.,18,21,,,,,,,,,,,,,0,0,,False,False,,,,,,,championship_series,True,,2,8,,False,,,True
235,championship-series-2-2024-2-14,turnover-300,3,1,07:50,10,WAT,Philadelphia Waterdogs,,,,,turnover,,Turnover by PHI,18,21,,,,,,,,,,,,,0,0,,False,,False,,,,,,championship_series,True,,3,10,,False,,,True
235,championship-series-2-2024-2-14,groundball-500,4,1,07:48,12,ARC,Utah Archers,002043,Ryan Aughavin,,,groundball,,Groundball picked up by R. Aughavin.,18,21,,,,,,,,,,,,,0,0,,False,False,,,,,,,championship_series,True,,4,12,,False,,,True
235,championship-series-2-2024-2-14,turnover-700,5,1,07:40,20,ARC,Utah Archers,,,,,turnover,,Turnover by UTA,18,21,,,,,,,,,,,,,0,0,,False,,False,,,,,,championship_series,True,,5,20,,False,,,True
235,championship-series-2-2024-2-14,shot-1400,6,1,07:19,41,WAT,Philadelphia Waterdogs,001810,Michael Sowers,000363,Ryan Conrad,shot,1_PT,Missed shot by Michael Sowers. Save by UTA P. Burkinshaw.,0,0,,003071,Patrick Burkinshaw,True,True,messy,,,,,,,0,0,saved,False,,,,,,False,False,championship_series,True,,6,41,,False,,000363,True
235,championship-series-2-2024-2-14,groundball-1600,7,1,07:10,50,ARC,Utah Archers,003005,Connor Maher,,,groundball,,Groundball picked up by C. Maher.,18,21,,,,,,,,,,,,,0,0,,False,False,,,,,,,championship_series,True,,7,50,,False,,,True
235,championship-series-2-2024-2-14,turnover-2010,8,1,06:56,64,ARC,Utah Archers,,,,,turnover,,Turnover by UTA,18,21,,,,,,,,,,,,,0,0,,False,,False,,,,,,championship_series,True,,8,64,,False,,,True
235,championship-series-2-2024-2-14,shot-2500,9,1,06:47,73,WAT,Philadelphia Waterdogs,001818,Jake Carraway,000363,Ryan Conrad,shot,1_PT,Missed shot by Jake Carraway.,0,0,,003071,Patrick Burkinshaw,False,False,,,,,,,,0,0,missed,False,,,,,,False,False,championship_series,True,,9,73,,False,,000363,True
235,championship-series-2-2024-2-14,shot-3200,10,1,06:33,87,ARC,Utah Archers,002043,Ryan Aughavin,,,shot,1_PT,Missed shot by Ryan Aughavin.,0,0,,000408,Matt DeLuca,True,False,,,,,,,,0,0,on_goal_no_save,False,,,,,,False,False,championship_series,True,,10,87,,False,,,True
235,championship-series-2-2024-2-14,groundball-3400,11,1,06:29,91,WAT,Philadelphia Waterdogs,002036,Jake Higgins,,,groundball,,Groundball picked up by J. Higgins.,18,21,,,,,,,,,,,,,0,0,,False,False,,,,,,,championship_series,True,,11,91,,False,,,True
235,championship-series-2-2024-2-14,groundball-3600,12,1,06:23,97,WAT,Philadelphia Waterdogs,003055,Jack Traynor,,,groundball,,Groundball picked up by J. Traynor.,18,21,,,,,,,,,,,,,0,0,,False,False,,,,,,,championship_series,True,,12,97,,False,,,True
235,championship-series-2-2024-2-14,shot-3700,13,1,06:22,98,WAT,Philadelphia Waterdogs,003055,Jack Traynor,,,shot,2_PT,Missed shot(2pt) by Jack Traynor.,0,0,,003071,Patrick Burkinshaw,False,False,,,,,,,,0,0,missed,False,,,,,,True,False,championship_series,True,,13,98,,False,,,True
235,championship-series-2-2024-2-14,shot-4300,14,1,06:07,113,ARC,Utah Archers,000221,Ryan Ambler,003070,Ronan Jacoby,shot,2_PT,Missed shot(2pt) by Ryan Ambler. Save by PHI M. DeLuca.,0,0,,000408,Matt DeLuca,True,True,messy,,,,,,,0,0,saved,False,,,,,,True,False,championship_series,True,,14,113,,False,,003070,True
235,championship-series-2-2024-2-14,groundball-4500,15,1,06:02,118,WAT,Philadelphia Waterdogs,000408,Matt DeLuca,,,groundball,,Groundball picked up by M. DeLuca.,18,21,,,,,,,,,,,,,0,0,,False,False,,,,,,,championship_series,True,,15,118,,False,,,True
235,championship-series-2-2024-2-14,shot-5000,16,1,05:48,132,WAT,Philadelphia Waterdogs,000363,Ryan Conrad,001810,Michael Sowers,shot,2_PT,Missed shot(2pt) by Ryan Conrad. Save by UTA P. Burkinshaw.,0,0,,003071,Patrick Burkinshaw,True,True,messy,,,,,,,0,0,saved,False,,,,,,True,False,championship_series,True,,16,132,,False,,001810,True
235,championship-series-2-2024-2-14,groundball-5200,17,1,05:44,136,ARC,Utah Archers,003070,Ronan Jacoby,,,groundball,,Groundball picked up by R. Jacoby.,18,21,,,,,,,,,,,,,0,0,,False,False,,,,,,,championship_series,True,,17,136,,False,,,True
235,championship-series-2-2024-2-14,shot-5500,18,1,05:32,148,ARC,Utah Archers,002018,Matt Moore,003070,Ronan Jacoby,shot,2_PT,Missed shot(2pt) by Matt Moore. Save by PHI M. DeLuca.,0,0,,000408,Matt DeLuca,True,True,messy,,,,,,,0,0,saved,False,,,,,,True,False,championship_series,True,,18,148,,False,,003070,True
235,championship-series-2-2024-2-14,shot-6100,19,1,05:15,165,WAT,Philadelphia Waterdogs,000240,Kieran McArdle,000363,Ryan Conrad,shot,1_PT,Missed shot by Kieran McArdle.,0,0,,003071,Patrick Burkinshaw,False,False,,,,,,,,0,0,missed,False,,,,,,False,False,championship_series,True,,19,165,,False,,000363,True
235,championship-series-2-2024-2-14,turnover-6310,20,1,04:57,183,ARC,Utah Archers,,,,,turnover,,Turnover by UTA,18,21,,,,,,,,,,,,,0,0,,False,,False,,,,,,championship_series,True,,20,183,,False,,,True
235,championship-series-2-2024-2-14,shot-7000,21,1,04:44,196,WAT,Philadelphia Waterdogs,003054,Jeff Conner,,,goal,1_PT,GOAL by J. Conner.,0,1,,003071,Patrick Burkinshaw,,,,,,,,True,,0,1,goal,False,,,,,,False,False,championship_series,True,,21,196,,False,,,True
235,championship-series-2-2024-2-14,groundball-7700,22,1,04:15,225,ARC,Utah Archers,001686,Nate Solomon,,,groundball,,Groundball picked up by N. Solomon.,18,21,,,,,,,,,,,,,0,1,,False,False,,,,,,,championship_series,True,,22,225,,False,,,True
235,championship-series-2-2024-2-14,shotclockexpired-7800,23,1,04:15,225,ARC,Utah Archers,,,,,shotclockexpired,,Shot Clock Violation.,18,21,,,,,,,,,,,,,0,1,,False,,,,,,,,championship_series,True,,23,225,,False,,,True
235,championship-series-2-2024-2-14,turnover-7810,24,1,04:15,225,ARC,Utah Archers,,,,,turnover,,Turnover by UTA,18,21,,,,,,,,,,,,,0,1,,False,,False,,,,,,championship_series,True,,24,225,,False,,,True
235,championship-series-2-2024-2-14,shot-8100,25,1,04:06,234,WAT,Philadelphia Waterdogs,001810,Michael Sowers,,,goal,1_PT,GOAL by M. Sowers.,0,2,,003071,Patrick Burkinshaw,,,,,,,,True,,0,2,goal,False,,,,,,False,False,championship_series,True,,25,234,,False,,,True
235,championship-series-2-2024-2-14,shot-8600,26,1,03:43,257,ARC,Utah Archers,001843,Cole Williams,002043,Ryan Aughavin,shot,1_PT,Missed shot by Cole Williams.,0,2,,000408,Matt DeLuca,False,False,,,,,,,,0,2,missed,False,,,,,,False,False,championship_series,True,,26,257,,False,,002043,True
235,championship-series-2-2024-2-14,shot-9100,27,1,03:28,272,WAT,Philadelphia Waterdogs,003052,Kyle Borda,000363,Ryan Conrad,goal,2_PT,2PT G by K. Borda. Assist R. Conrad.,0,4,,003071,Patrick Burkinshaw,,,,,,,,True,,0,4,goal,False,,,,,,True,False,championship_series,True,,27,272,,False,,000363,True
235,championship-series-2-2024-2-14,shot-9600,28,1,03:06,294,ARC,Utah Archers,001686,Nate Solomon,,,goal,1_PT,GOAL by N. Solomon.,1,4,,000408,Matt DeLuca,,,,,,,,True,,1,4,goal,False,,,,,,False,False,championship_series,True,,28,294,,False,,,True
235,championship-series-2-2024-2-14,shot-10200,29,1,02:46,314,WAT,Philadelphia Waterdogs,001818,Jake Carraway,001810,Michael Sowers,shot,2_PT,Missed shot(2pt) by Jake Carraway. Save by UTA P. Burkinshaw.,1,4,,003071,Patrick Burkinshaw,True,True,clean,,,,,,,1,4,saved,False,,,,,,True,False,championship_series,True,,29,314,,False,,001810,True
235,championship-series-2-2024-2-14,shot-11000,30,1,02:22,338,ARC,Utah Archers,002043,Ryan Aughavin,002018,Matt Moore,shot,1_PT,Missed shot by Ryan Aughavin.,1,4,,000408,Matt DeLuca,False,False,,,,,,,,1,4,missed,False,,,,,,False,False,championship_series,True,,30,338,,False,,002018,True
235,championship-series-2-2024-2-14,shot-11600,31,1,02:03,357,WAT,Philadelphia Waterdogs,003052,Kyle Borda,001810,Michael Sowers,shot,2_PT,Missed shot(2pt) by Kyle Borda.,1,4,,003071,Patrick Burkinshaw,True,False,,,,,,,,1,4,on_goal_no_save,False,,,,,,True,False,championship_series,True,,31,357,,False,,001810,True
235,championship-series-2-2024-2-14,groundball-11800,32,1,01:57,363,ARC,Utah Archers,000397,Reece Eddy,,,groundball,,Groundball picked up by R. Eddy.,18,21,,,,,,,,,,,,,1,4,,False,False,,,,,,,championship_series,True,,32,363,,False,,,True
235,championship-series-2-2024-2-14,shot-12000,33,1,01:56,364,ARC,Utah Archers,000397,Reece Eddy,,,shot,1_PT,Missed shot by Reece Eddy. Save by PHI M. DeLuca.,1,4,,000408,Matt DeLuca,True,True,messy,,,,,,,1,4,saved,False,,,,,,False,False,championship_series,True,,33,364,,False,,,True
235,championship-series-2-2024-2-14,shot-13100,34,1,01:30,390,WAT,Philadelphia Waterdogs,001810,Michael Sowers,000240,Kieran McArdle,goal,1_PT,GOAL by M. Sowers. Assist K. McArdle.,1,5,,003071,Patrick Burkinshaw,,,,,,,,True,,1,5,goal,False,,,,,,False,False,championship_series,True,,34,390,,False,,000240,True
235,championship-series-2-2024-2-14,shot-13800,35,1,01:19,401,ARC,Utah Archers,001686,Nate Solomon,003070,Ronan Jacoby,shot,1_PT,Missed shot by Nate Solomon.,1,5,,000408,Matt DeLuca,True,False,,,,,,,,1,5,on_goal_no_save,False,,,,,,False,False,championship_series,True,,35,401,,False,,003070,True
235,championship-series-2-2024-2-14,groundball-14000,36,1,01:15,405,WAT,Philadelphia Waterdogs,002036,Jake Higgins,,,groundball,,Groundball picked up by J. Higgins.,18,21,,,,,,,,,,,,,1,5,,False,False,,,,,,,championship_series,True,,36,405,,False,,,True
235,championship-series-2-2024-2-14,shot-14200,37,1,01:14,406,WAT,Philadelphia Waterdogs,002036,Jake Higgins,,,shot,1_PT,Missed shot by Jake Higgins. Save by UTA P. Burkinshaw.,1,5,,003071,Patrick Burkinshaw,True,True,messy,,,,,,,1,5,saved,False,,,,,,False,False,championship_series,True,,37,406,,False,,,True
235,championship-series-2-2024-2-14,shot-14900,38,1,00:40,440,ARC,Utah Archers,001843,Cole Williams,003070,Ronan Jacoby,shot,1_PT,Missed shot by Cole Williams. Save by PHI M. DeLuca.,1,5,,000408,Matt DeLuca,True,True,messy,,,,,,,1,5,saved,False,,,,,,False,False,championship_series,True,,38,440,,False,,003070,True
235,championship-series-2-2024-2-14,shot-15400,39,1,00:20,460,ARC,Utah Archers,002043,Ryan Aughavin,000397,Reece Eddy,shot,2_PT,Missed shot(2pt) by Ryan Aughavin.,1,5,,000408,Matt DeLuca,False,False,,,,,,,,1,5,missed,False,,,,,,True,False,championship_series,True,,39,460,,False,,000397,True
235,championship-series-2-2024-2-14,shot-16000,40,1,00:01,479,WAT,Philadelphia Waterdogs,000240,Kieran McArdle,001810,Michael Sowers,shot,1_PT,Missed shot by Kieran McArdle.,1,5,,003071,Patrick Burkinshaw,False,False,,,,,,,,1,5,missed,False,,,,,,False,False,championship_series,True,,40,479,,False,,001810,True
235,championship-series-2-2024-2-14,shot-16300,41,1,00:01,479,ARC,Utah Archers,001843,Cole Williams,003071,Patrick Burkinshaw,shot,2_PT,Missed shot(2pt) by Cole Williams.,1,5,,000408,Matt DeLuca,False,False,,,,,,,,1,5,missed,False,,,,,,True,False,championship_series,True,,41,479,,False,,003071,True
235,championship-series-2-2024-2-14,faceoff-1000100,42,2,07:54,486,WAT,Philadelphia Waterdogs,000363,Ryan Conrad,002043,Ryan Aughavin,faceoff,,Faceoff win R. Conrad (vs. R. Aughavin). GB PHI R. Conrad.,18,21,000363,,,,,,,,,,,,1,5,,False,,,False,,,,,championship_series,True,,42,486,,False,,,True
235,championship-series-2-2024-2-14,groundball-1000200,43,2,07:54,486,WAT,Philadelphia Waterdogs,000363,Ryan Conrad,,,groundball,,Groundball picked up by R. Conrad.,18,21,,,,,,,,,,,,,1,5,,False,False,,,,,,,championship_series,True,,43,486,,False,,,True
235,championship-series-2-2024-2-14,shot-1000700,44,2,07:39,501,WAT,Philadelphia Waterdogs,000240,Kieran McArdle,,,goal,2_PT,2PT G by K. McArdle.,1,7,,003071,Patrick Burkinshaw,,,,,,,,True,,1,7,goal,False,,,,,,True,False,championship_series,True,,44,501,,False,,,True
235,championship-series-2-2024-2-14,shot-1001000,45,2,07:31,509,ARC,Utah Archers,003005,Connor Maher,003071,Patrick Burkinshaw,shot,1_PT,Missed shot by Connor Maher. Save by PHI M. DeLuca.,1,7,,000408,Matt DeLuca,True,True,messy,,,,,,,1,7,saved,False,,,,,,False,False,championship_series,True,,45,509,,False,,003071,True
235,championship-series-2-2024-2-14,groundball-1001200,46,2,07:24,516,ARC,Utah Archers,002018,Matt Moore,,,groundball,,Groundball picked up by M. Moore.,18,21,,,,,,,,,,,,,1,7,,False,False,,,,,,,championship_series,True,,46,516,,False,,,True
235,championship-series-2-2024-2-14,shot-1001400,47,2,07:22,518,ARC,Utah Archers,002043,Ryan Aughavin,002018,Matt Moore,goal,2_PT,2PT G by R. Aughavin. Assist M. Moore.,3,7,,000408,Matt DeLuca,,,,,,,,True,,3,7,goal,False,,,,,,True,False,championship_series,True,,47,518,,False,,002018,True
235,championship-series-2-2024-2-14,turnover-1001910,48,2,07:01,539,WAT,Philadelphia Waterdogs,,,,,turnover,,Turnover by PHI,18,21,,,,,,,,,,,,,3,7,,False,,False,,,,,,championship_series,True,,48,539,,False,,,True
235,championship-series-2-2024-2-14,shot-1002700,49,2,06:36,564,ARC,Utah Archers,003070,Ronan Jacoby,001843,Cole Williams,shot,2_PT,Missed shot(2pt) by Ronan Jacoby. Save by PHI M. DeLuca.,3,7,,000408,Matt DeLuca,True,True,messy,,,,,,,3,7,saved,False,,,,,,True,False,championship_series,True,,49,564,,False,,001843,True
235,championship-series-2-2024-2-14,shot-1003500,50,2,06:14,586,WAT,Philadelphia Waterdogs,000240,Kieran McArdle,001810,Michael Sowers,goal,2_PT,2PT G by K. McArdle. Assist M. Sowers.,3,9,,003071,Patrick Burkinshaw,,,,,,,,True,,3,9,goal,False,,,,,,True,False,championship_series,True,,50,586,,False,,001810,True
235,championship-series-2-2024-2-14,turnover-1004100,51,2,05:47,613,ARC,Utah Archers,,,,,turnover,,Turnover by UTA,18,21,,,,,,,,,,,,,3,9,,False,,False,,,,,,championship_series,True,,51,613,,False,,,True
235,championship-series-2-2024-2-14,shot-1004500,52,2,05:32,628,WAT,Philadelphia Waterdogs,001810,Michael Sowers,000363,Ryan Conrad,shot,2_PT,Missed shot(2pt) by Michael Sowers. Save by UTA P. Burkinshaw.,3,9,,003071,Patrick Burkinshaw,True,True,messy,,,,,,,3,9,saved,False,,,,,,True,False,championship_series,True,,52,628,,False,,000363,True
235,championship-series-2-2024-2-14,groundball-1004700,53,2,05:29,631,ARC,Utah Archers,000397,Reece Eddy,,,groundball,,Groundball picked up by R. Eddy.,18,21,,,,,,,,,,,,,3,9,,False,False,,,,,,,championship_series,True,,53,631,,False,,,True
235,championship-series-2-2024-2-14,shot-1005400,54,2,05:05,655,ARC,Utah Archers,003006,Piper Bond,001843,Cole Williams,shot,1_PT,Missed shot by Piper Bond. Save by PHI M. DeLuca.,3,9,,000408,Matt DeLuca,True,True,messy,,,,,,,3,9,saved,False,,,,,,False,False,championship_series,True,,54,655,,False,,001843,True
235,championship-series-2-2024-2-14,turnover-1006600,55,2,04:35,685,WAT,Philadelphia Waterdogs,,,,,turnover,,Turnover by PHI,18,21,,,,,,,,,,,,,3,9,,False,,False,,,,,,championship_series,True,,55,685,,False,,,True
235,championship-series-2-2024-2-14,shot-1006900,56,2,04:29,691,ARC,Utah Archers,001843,Cole Williams,,,goal,1_PT,GOAL by C. Williams.,4,9,,000408,Matt DeLuca,,,,,,,,True,,4,9,goal,False,,,,,,False,False,championship_series,True,,56,691,,False,,,True
235,championship-series-2-2024-2-14,shot-1007600,57,2,04:14,706,WAT,Philadelphia Waterdogs,000363,Ryan Conrad,000240,Kieran McArdle,goal,1_PT,GOAL by R. Conrad. Assist K. McArdle.,4,10,,003071,Patrick Burkinshaw,,,,,,,,True,,4,10,goal,False,,,,,,False,False,championship_series,True,,57,706,,False,,000240,True
235,championship-series-2-2024-2-14,shot-1008100,58,2,03:54,726,ARC,Utah Archers,002018,Matt Moore,,,goal,2_PT,2PT G by M. Moore.,6,10,,000408,Matt DeLuca,,,,,,,,True,,6,10,goal,False,,,,,,True,False,championship_series,True,,58,726,,False,,,True
235,championship-series-2-2024-2-14,shot-1008600,59,2,03:42,738,WAT,Philadelphia Waterdogs,000240,Kieran McArdle,003054,Jeff Conner,goal,1_PT,GOAL by K. McArdle. Assist J. Conner.,6,11,,003071,Patrick Burkinshaw,,,,,,,,True,,6,11,goal,False,,,,,,False,False,championship_series,True,,59,738,,False,,003054,True
235,championship-series-2-2024-2-14,groundball-1009100,60,2,03:30,750,WAT,Philadelphia Waterdogs,002036,Jake Higgins,,,groundball,,Groundball picked up by J. Higgins.,18,21,,,,,,,,,,,,,6,11,,False,False,,,,,,,championship_series,True,,60,750,,False,,,True
235,championship-series-2-2024-2-14,shot-1009000,61,2,03:30,750,ARC,Utah Archers,003070,Ronan Jacoby,,,goal,1_PT,GOAL by R. Jacoby.,7,11,,000408,Matt DeLuca,,,,,,,,True,,7,11,goal,False,,,,,,False,False,championship_series,True,,61,750,,False,,,True
235,championship-series-2-2024-2-14,shot-1009800,62,2,03:11,769,WAT,Philadelphia Waterdogs,001818,Jake Carraway,001810,Michael Sowers,shot,2_PT,Missed shot(2pt) by Jake Carraway.,7,11,,003071,Patrick Burkinshaw,True,False,,,,,,,,7,11,on_goal_no_save,False,,,,,,True,False,championship_series,True,,62,769,,False,,001810,True
235,championship-series-2-2024-2-14,shot-1010500,63,2,02:29,811,ARC,Utah Archers,000221,Ryan Ambler,,,goal,1_PT,GOAL by R. Ambler.,8,11,,000408,Matt DeLuca,,,,,,,,True,,8,11,goal,False,,,,,,False,False,championship_series,True,,63,811,,False,,,True
235,championship-series-2-2024-2-14,shot-1011000,64,2,02:16,824,WAT,Philadelphia Waterdogs,000240,Kieran McArdle,001810,Michael Sowers,goal,1_PT,GOAL by K. McArdle. Assist M. Sowers.,8,12,,003071,Patrick Burkinshaw,,,,,,,,True,,8,12,goal,False,,,,,,False,False,championship_series,True,,64,824,,False,,001810,True
235,championship-series-2-2024-2-14,shot-1011600,65,2,01:59,841,ARC,Utah Archers,003070,Ronan Jacoby,,,goal,2_PT,2PT G by R. Jacoby.,10,12,,000408,Matt DeLuca,,,,,,,,True,,10,12,goal,False,,,,,,True,False,championship_series,True,,65,841,,False,,,True
235,championship-series-2-2024-2-14,shot-1012400,66,2,01:27,873,WAT,Philadelphia Waterdogs,000363,Ryan Conrad,001810,Michael Sowers,goal,1_PT,GOAL by R. Conrad. Assist M. Sowers.,10,13,,003071,Patrick Burkinshaw,,,,,,,,True,,10,13,goal,False,,,,,,False,False,championship_series,True,,66,873,,False,,001810,True
235,championship-series-2-2024-2-14,shot-1012900,67,2,01:03,897,ARC,Utah Archers,002018,Matt Moore,000221,Ryan Ambler,shot,1_PT,Missed shot by Matt Moore.,10,13,,000408,Matt DeLuca,False,False,,,,,,,,10,13,missed,False,,,,,,False,False,championship_series,True,,67,897,,False,,000221,True
235,championship-series-2-2024-2-14,turnover-1013210,68,2,00:43,917,WAT,Philadelphia Waterdogs,,,,,turnover,,Turnover by PHI,18,21,,,,,,,,,,,,,10,13,,False,,False,,,,,,championship_series,True,,68,917,,False,,,True
235,championship-series-2-2024-2-14,shot-1014000,69,2,00:32,928,ARC,Utah Archers,001843,Cole Williams,002018,Matt Moore,shot,1_PT,Missed shot by Cole Williams.,10,13,,000408,Matt DeLuca,False,False,,,,,,,,10,13,missed,False,,,,,,False,False,championship_series,True,,69,928,,False,,002018,True
235,championship-series-2-2024-2-14,groundball-1014700,70,2,00:01,959,ARC,Utah Archers,000221,Ryan Ambler,,,groundball,,Groundball picked up by R. Ambler.,18,21,,,,,,,,,,,,,10,13,,False,False,,,,,,,championship_series,True,,70,959,,False,,,True
235,championship-series-2-2024-2-14,shot-1014900,71,2,00:01,959,ARC,Utah Archers,000221,Ryan Ambler,,,shot,1_PT,Missed shot by Ryan Ambler.,10,13,,000408,Matt DeLuca,False,False,,,,,,,,10,13,missed,False,,,,,,False,False,championship_series,True,,71,959,,False,,,True
235,championship-series-2-2024-2-14,turnover-1014500,72,2,00:01,959,WAT,Philadelphia Waterdogs,,,,,turnover,,Turnover by PHI,18,21,,,,,,,,,,,,,10,13,,False,,False,,,,,,championship_series,True,,72,959,,False,,,True
235,championship-series-2-2024-2-14,faceoff-2000200,73,3,07:52,968,WAT,Philadelphia Waterdogs,000363,Ryan Conrad,002043,Ryan Aughavin,faceoff,,Faceoff win R. Conrad (vs. R. Aughavin).,18,21,,,,,,,,,,,,,10,13,,False,,,False,,,,,championship_series,True,,73,968,,False,,,True
235,championship-series-2-2024-2-14,shot-2000600,74,3,07:47,973,WAT,Philadelphia Waterdogs,000363,Ryan Conrad,001818,Jake Carraway,shot,2_PT,Missed shot(2pt) by Ryan Conrad.,10,13,,001773,Nick Washuta,False,False,,,,,,,,10,13,missed,False,,,,,,True,False,championship_series,True,,74,973,,False,,001818,True
235,championship-series-2-2024-2-14,groundball-2001200,75,3,07:27,993,ARC,Utah Archers,003070,Ronan Jacoby,,,groundball,,Groundball picked up by R. Jacoby.,18,21,,,,,,,,,,,,,10,13,,False,False,,,,,,,championship_series,True,,75,993,,False,,,True
235,championship-series-2-2024-2-14,shot-2001400,76,3,07:21,999,ARC,Utah Archers,003006,Piper Bond,003070,Ronan Jacoby,shot,1_PT,Missed shot by Piper Bond.,10,13,,000408,Matt DeLuca,False,False,,,,,,,,10,13,missed,False,,,,,,False,False,championship_series,True,,76,999,,False,,003070,True
235,championship-series-2-2024-2-14,shot-2002000,77,3,07:03,1017,WAT,Philadelphia Waterdogs,001810,Michael Sowers,003054,Jeff Conner,shot,1_PT,Missed shot by Michael Sowers. Save by UTA N. Washuta.,10,13,,001773,Nick Washuta,True,True,messy,,,,,,,10,13,saved,False,,,,,,False,False,championship_series,True,,77,1017,,False,,003054,True
235,championship-series-2-2024-2-14,groundball-2002200,78,3,07:01,1019,ARC,Utah Archers,003070,Ronan Jacoby,,,groundball,,Groundball picked up by R. Jacoby.,18,21,,,,,,,,,,,,,10,13,,False,False,,,,,,,championship_series,True,,78,1019,,False,,,True
235,championship-series-2-2024-2-14,turnover-2002500,79,3,06:47,1033,ARC,Utah Archers,,,,,turnover,,Turnover by UTA,18,21,,,,,,,,,,,,,10,13,,False,,False,,,,,,championship_series,True,,79,1033,,False,,,True
235,championship-series-2-2024-2-14,shot-2003200,80,3,06:22,1058,WAT,Philadelphia Waterdogs,003054,Jeff Conner,000240,Kieran McArdle,shot,1_PT,Missed shot by Jeff Conner. Save by UTA N. Washuta.,10,13,,001773,Nick Washuta,True,True,clean,,,,,,,10,13,saved,False,,,,,,False,False,championship_series,True,,80,1058,,False,,000240,True
235,championship-series-2-2024-2-14,shot-2003600,81,3,06:16,1064,ARC,Utah Archers,003005,Connor Maher,001773,Nick Washuta,shot,2_PT,Missed shot(2pt) by Connor Maher. Save by PHI M. DeLuca.,10,13,,000408,Matt DeLuca,True,True,messy,,,,,,,10,13,saved,False,,,,,,True,False,championship_series,True,,81,1064,,False,,001773,True
235,championship-series-2-2024-2-14,shot-2004400,82,3,05:55,1085,WAT,Philadelphia Waterdogs,001810,Michael Sowers,,,goal,1_PT,GOAL by M. Sowers.,10,14,,001773,Nick Washuta,,,,,,,,True,,10,14,goal,False,,,,,,False,False,championship_series,True,,82,1085,,False,,,True
235,championship-series-2-2024-2-14,shot-2005000,83,3,05:28,1112,ARC,Utah Archers,000221,Ryan Ambler,003070,Ronan Jacoby,shot,1_PT,Missed shot by Ryan Ambler. Save by PHI M. DeLuca.,10,14,,000408,Matt DeLuca,True,True,clean,,,,,,,10,14,saved,False,,,,,,False,False,championship_series,True,,83,1112,,False,,003070,True
235,championship-series-2-2024-2-14,shot-2005800,84,3,05:03,1137,WAT,Philadelphia Waterdogs,003054,Jeff Conner,,,goal,1_PT,GOAL by J. Conner.,10,15,,001773,Nick Washuta,,,,,,,,True,,10,15,goal,False,,,,,,False,False,championship_series,True,,84,1137,,False,,,True
235,championship-series-2-2024-2-14,shot-2006300,85,3,04:40,1160,ARC,Utah Archers,002043,Ryan Aughavin,002018,Matt Moore,shot,1_PT,Missed shot by Ryan Aughavin. Save by PHI M. DeLuca.,10,15,,000408,Matt DeLuca,True,True,clean,,,,,,,10,15,saved,False,,,,,,False,False,championship_series,True,,85,1160,,False,,002018,True
235,championship-series-2-2024-2-14,shot-2006700,86,3,04:25,1175,WAT,Philadelphia Waterdogs,000363,Ryan Conrad,000408,Matt DeLuca,shot,1_PT,Missed shot by Ryan Conrad. Save by UTA N. Washuta.,10,15,,001773,Nick Washuta,True,True,messy,,,,,,,10,15,saved,False,,,,,,False,False,championship_series,True,,86,1175,,False,,000408,True
235,championship-series-2-2024-2-14,shot-2007600,87,3,03:53,1207,WAT,Philadelphia Waterdogs,003054,Jeff Conner,001810,Michael Sowers,shot,1_PT,Missed shot by Jeff Conner. Save by UTA N. Washuta.,10,15,,001773,Nick Washuta,True,True,messy,,,,,,,10,15,saved,False,,,,,,False,False,championship_series,True,,87,1207,,False,,001810,True
235,championship-series-2-2024-2-14,groundball-2007800,88,3,03:48,1212,WAT,Philadelphia Waterdogs,000240,Kieran McArdle,,,groundball,,Groundball picked up by K. McArdle.,18,21,,,,,,,,,,,,,10,15,,False,False,,,,,,,championship_series,True,,88,1212,,False,,,True
235,championship-series-2-2024-2-14,shot-2008000,89,3,03:22,1238,WAT,Philadelphia Waterdogs,001810,Michael Sowers,000240,Kieran McArdle,shot,2_PT,Missed shot(2pt) by Michael Sowers.,10,15,,001773,Nick Washuta,False,False,,,,,,,,10,15,missed,False,,,,,,True,False,championship_series,True,,89,1238,,False,,000240,True
235,championship-series-2-2024-2-14,shot-2008800,90,3,02:58,1262,ARC,Utah Archers,001843,Cole Williams,,,shot,2_PT,Missed shot(2pt) by Cole Williams. Save by PHI M. DeLuca.,10,15,,000408,Matt DeLuca,True,True,clean,,,,,,,10,15,saved,False,,,,,,True,False,championship_series,True,,90,1262,,False,,,True
235,championship-series-2-2024-2-14,shot-2009400,91,3,02:52,1268,WAT,Philadelphia Waterdogs,000363,Ryan Conrad,,,goal,1_PT,GOAL by R. Conrad.,10,16,,001773,Nick Washuta,,,,,,,,True,,10,16,goal,False,,,,,,False,False,championship_series,True,,91,1268,,False,,,True
235,championship-series-2-2024-2-14,shot-2009800,92,3,02:38,1282,ARC,Utah Archers,002018,Matt Moore,003005,Connor Maher,shot,2_PT,Missed shot(2pt) by Matt Moore. Save by PHI M. DeLuca.,10,16,,000408,Matt DeLuca,True,True,messy,,,,,,,10,16,saved,False,,,,,,True,False,championship_series,True,,92,1282,,False,,003005,True
235,championship-series-2-2024-2-14,groundball-2010000,93,3,02:31,1289,WAT,Philadelphia Waterdogs,002036,Jake Higgins,,,groundball,,Groundball picked up by J. Higgins.,18,21,,,,,,,,,,,,,10,16,,False,False,,,,,,,championship_series,True,,93,1289,,False,,,True
235,championship-series-2-2024-2-14,shot-2010600,94,3,02:06,1314,WAT,Philadelphia Waterdogs,001810,Michael Sowers,000363,Ryan Conrad,shot,2_PT,Missed shot(2pt) by Michael Sowers. Save by UTA N. Washuta.,10,16,,001773,Nick Washuta,True,True,messy,,,,,,,10,16,saved,False,,,,,,True,False,championship_series,True,,94,1314,,False,,000363,True
235,championship-series-2-2024-2-14,shot-2011300,95,3,01:46,1334,ARC,Utah Archers,002043,Ryan Aughavin,,,goal,1_PT,GOAL by R. Aughavin.,11,16,,000408,Matt DeLuca,,,,,,,,True,,11,16,goal,False,,,,,,False,False,championship_series,True,,95,1334,,False,,,True
235,championship-series-2-2024-2-14,shot-2011900,96,3,01:29,1351,WAT,Philadelphia Waterdogs,003055,Jack Traynor,000240,Kieran McArdle,goal,1_PT,GOAL by J. Traynor. Assist K. McArdle.,11,17,,001773,Nick Washuta,,,,,,,,True,,11,17,goal,False,,,,,,False,False,championship_series,True,,96,1351,,False,,000240,True
235,championship-series-2-2024-2-14,shot-2012800,97,3,00:58,1382,ARC,Utah Archers,003070,Ronan Jacoby,000397,Reece Eddy,shot,1_PT,Missed shot by Ronan Jacoby.,11,17,,000408,Matt DeLuca,False,False,,,,,,,,11,17,missed,False,,,,,,False,False,championship_series,True,,97,1382,,False,,000397,True
235,championship-series-2-2024-2-14,turnover-2013210,98,3,00:37,1403,WAT,Philadelphia Waterdogs,,,,,turnover,,Turnover by PHI,18,21,,,,,,,,,,,,,11,17,,False,,False,,,,,,championship_series,True,,98,1403,,False,,,True
235,championship-series-2-2024-2-14,shot-2013500,99,3,00:29,1411,ARC,Utah Archers,003006,Piper Bond,,,goal,1_PT,GOAL by P. Bond.,12,17,,000408,Matt DeLuca,,,,,,,,True,,12,17,goal,False,,,,,,False,False,championship_series,True,,99,1411,,False,,,True
235,championship-series-2-2024-2-14,groundball-2014400,100,3,00:01,1439,WAT,Philadelphia Waterdogs,000363,Ryan Conrad,,,groundball,,Groundball picked up by R. Conrad.,18,21,,,,,,,,,,,,,12,17,,False,False,,,,,,,championship_series,True,,100,1439,,False,,,True
235,championship-series-2-2024-2-14,shot-2014200,101,3,00:01,1439,WAT,Philadelphia Waterdogs,000240,Kieran McArdle,000363,Ryan Conrad,shot,1_PT,Missed shot by Kieran McArdle. Save by UTA N. Washuta.,12,17,,001773,Nick Washuta,True,True,messy,,,,,,,12,17,saved,False,,,,,,False,False,championship_series,True,,101,1439,,False,,000363,True
235,championship-series-2-2024-2-14,shot-2014600,102,3,00:01,1439,WAT,Philadelphia Waterdogs,000240,Kieran McArdle,000363,Ryan Conrad,shot,1_PT,Missed shot by Kieran McArdle.,12,17,,001773,Nick Washuta,False,False,,,,,,,,12,17,missed,False,,,,,,False,False,championship_series,True,,102,1439,,False,,000363,True
235,championship-series-2-2024-2-14,faceoff-3000100,103,4,07:55,1445,ARC,Utah Archers,002043,Ryan Aughavin,000363,Ryan Conrad,faceoff,,Faceoff win R. Aughavin (vs. R. Conrad). GB UTA R. Aughavin.,18,21,002043,,,,,,,,,,,,12,17,,False,,,False,,,,,championship_series,True,,103,1445,,False,,,True
235,championship-series-2-2024-2-14,groundball-3000200,104,4,07:55,1445,ARC,Utah Archers,002043,Ryan Aughavin,,,groundball,,Groundball picked up by R. Aughavin.,18,21,,,,,,,,,,,,,12,17,,False,False,,,,,,,championship_series,True,,104,1445,,False,,,True
235,championship-series-2-2024-2-14,shot-3000400,105,4,07:44,1456,ARC,Utah Archers,002043,Ryan Aughavin,,,shot,1_PT,Missed shot by Ryan Aughavin. Save by PHI M. DeLuca.,12,17,,000408,Matt DeLuca,True,True,clean,,,,,,,12,17,saved,False,,,,,,False,False,championship_series,True,,105,1456,,False,,,True
235,championship-series-2-2024-2-14,shot-3001000,106,4,07:26,1474,WAT,Philadelphia Waterdogs,003055,Jack Traynor,001818,Jake Carraway,goal,1_PT,GOAL by J. Traynor. Assist J. Carraway.,12,18,,001773,Nick Washuta,,,,,,,,True,,12,18,goal,False,,,,,,False,False,championship_series,True,,106,1474,,False,,001818,True
235,championship-series-2-2024-2-14,shot-3001700,107,4,07:10,1490,ARC,Utah Archers,003070,Ronan Jacoby,,,goal,1_PT,GOAL by R. Jacoby.,13,18,,000408,Matt DeLuca,,,,,,,,True,,13,18,goal,False,,,,,,False,False,championship_series,True,,107,1490,,False,,,True
235,championship-series-2-2024-2-14,shot-3002200,108,4,07:01,1499,WAT,Philadelphia Waterdogs,003052,Kyle Borda,001810,Michael Sowers,shot,2_PT,Missed shot(2pt) by Kyle Borda. Save by UTA N. Washuta.,13,18,,001773,Nick Washuta,True,True,messy,,,,,,,13,18,saved,False,,,,,,True,False,championship_series,True,,108,1499,,False,,001810,True
235,championship-series-2-2024-2-14,groundball-3002400,109,4,06:59,1501,ARC,Utah Archers,001843,Cole Williams,,,groundball,,Groundball picked up by C. Williams.,18,21,,,,,,,,,,,,,13,18,,False,False,,,,,,,championship_series,True,,109,1501,,False,,,True
235,championship-series-2-2024-2-14,shot-3002700,110,4,06:54,1506,ARC,Utah Archers,001686,Nate Solomon,,,goal,1_PT,GOAL by N. Solomon.,14,18,,000408,Matt DeLuca,,,,,,,,True,,14,18,goal,False,,,,,,False,False,championship_series,True,,110,1506,,False,,,True
235,championship-series-2-2024-2-14,shot-3003100,111,4,06:28,1532,WAT,Philadelphia Waterdogs,000240,Kieran McArdle,,,goal,1_PT,GOAL by K. McArdle.,14,19,,001773,Nick Washuta,,,,,,,,True,,14,19,goal,False,,,,,,False,False,championship_series,True,,111,1532,,False,,,True
235,championship-series-2-2024-2-14,shot-3003700,112,4,06:10,1550,ARC,Utah Archers,001843,Cole Williams,,,goal,1_PT,GOAL by C. Williams.,15,19,,000408,Matt DeLuca,,,,,,,,True,,15,19,goal,False,,,,,,False,False,championship_series,True,,112,1550,,False,,,True
235,championship-series-2-2024-2-14,shot-3004300,113,4,05:46,1574,WAT,Philadelphia Waterdogs,000240,Kieran McArdle,001810,Michael Sowers,shot,1_PT,Missed shot by Kieran McArdle. Save by UTA N. Washuta.,15,19,,001773,Nick Washuta,True,True,messy,,,,,,,15,19,saved,False,,,,,,False,False,championship_series,True,,113,1574,,False,,001810,True
235,championship-series-2-2024-2-14,groundball-3004500,114,4,05:43,1577,WAT,Philadelphia Waterdogs,000240,Kieran McArdle,,,groundball,,Groundball picked up by K. McArdle.,18,21,,,,,,,,,,,,,15,19,,False,False,,,,,,,championship_series,True,,114,1577,,False,,,True
235,championship-series-2-2024-2-14,shot-3004800,115,4,05:15,1605,WAT,Philadelphia Waterdogs,000240,Kieran McArdle,001810,Michael Sowers,goal,1_PT,GOAL by K. McArdle. Assist M. Sowers.,15,20,,001773,Nick Washuta,,,,,,,,True,,15,20,goal,False,,,,,,False,False,championship_series,True,,115,1605,,False,,001810,True
235,championship-series-2-2024-2-14,shot-3005100,116,4,05:05,1615,ARC,Utah Archers,003070,Ronan Jacoby,001773,Nick Washuta,goal,1_PT,GOAL by R. Jacoby. Assist N. Washuta.,16,20,,000408,Matt DeLuca,,,,,,,,True,,16,20,goal,False,,,,,,False,False,championship_series,True,,116,1615,,False,,001773,True
235,championship-series-2-2024-2-14,shot-3005800,117,4,04:54,1626,WAT,Philadelphia Waterdogs,001818,Jake Carraway,001810,Michael Sowers,shot,2_PT,Missed shot(2pt) by Jake Carraway. Save by UTA N. Washuta.,16,20,,001773,Nick Washuta,True,True,messy,,,,,,,16,20,saved,False,,,,,,True,False,championship_series,True,,117,1626,,False,,001810,True
235,championship-series-2-2024-2-14,shot-3006400,118,4,04:15,1665,ARC,Utah Archers,001843,Cole Williams,,,goal,1_PT,GOAL by C. Williams.,17,20,,000408,Matt DeLuca,,,,,,,,True,,17,20,goal,False,,,,,,False,False,championship_series,True,,118,1665,,False,,,True
235,championship-series-2-2024-2-14,shot-3007000,119,4,03:49,1691,WAT,Philadelphia Waterdogs,001810,Michael Sowers,001810,Michael Sowers,shot,2_PT,Missed shot(2pt) by Michael Sowers.,17,20,,001773,Nick Washuta,False,False,,,,,,,,17,20,missed,False,,,,,,True,False,championship_series,True,,119,1691,,False,,001810,True
235,championship-series-2-2024-2-14,turnover-3007600,120,4,03:30,1710,ARC,Utah Archers,,,,,turnover,,Turnover by UTA,18,21,,,,,,,,,,,,,17,20,,False,,False,,,,,,championship_series,True,,120,1710,,False,,,True
235,championship-series-2-2024-2-14,shot-3008300,121,4,03:03,1737,WAT,Philadelphia Waterdogs,000240,Kieran McArdle,001810,Michael Sowers,goal,1_PT,GOAL by K. McArdle. Assist M. Sowers.,17,21,,001773,Nick Washuta,,,,,,,,True,,17,21,goal,False,,,,,,False,False,championship_series,True,,121,1737,,False,,001810,True
235,championship-series-2-2024-2-14,shot-3008700,122,4,02:42,1758,ARC,Utah Archers,000221,Ryan Ambler,003070,Ronan Jacoby,shot,1_PT,Missed shot by Ryan Ambler.,17,21,,000408,Matt DeLuca,False,False,,,,,,,,17,21,missed,False,,,,,,False,False,championship_series,True,,122,1758,,False,,003070,True
235,championship-series-2-2024-2-14,shot-3009400,123,4,02:14,1786,WAT,Philadelphia Waterdogs,003055,Jack Traynor,000363,Ryan Conrad,shot,1_PT,Missed shot by Jack Traynor.,17,21,,001773,Nick Washuta,False,False,,,,,,,,17,21,missed,False,,,,,,False,False,championship_series,True,,123,1786,,False,,000363,True
235,championship-series-2-2024-2-14,groundball-3009500,124,4,02:12,1788,WAT,Philadelphia Waterdogs,003054,Jeff Conner,,,groundball,,Groundball picked up by J. Conner.,18,21,,,,,,,,,,,,,17,21,,False,False,,,,,,,championship_series,True,,124,1788,,False,,,True
235,championship-series-2-2024-2-14,shot-3009600,125,4,02:11,1789,WAT,Philadelphia Waterdogs,003054,Jeff Conner,,,shot,1_PT,Missed shot by Jeff Conner.,17,21,,001773,Nick Washuta,False,False,,,,,,,,17,21,missed,False,,,,,,False,False,championship_series,True,,125,1789,,False,,,True
235,championship-series-2-2024-2-14,shot-3010100,126,4,01:53,1807,ARC,Utah Archers,002043,Ryan Aughavin,002018,Matt Moore,shot,2_PT,Missed shot(2pt) by Ryan Aughavin.,17,21,,000408,Matt DeLuca,True,False,,,,,,,,17,21,on_goal_no_save,False,,,,,,True,False,championship_series,True,,126,1807,,False,,002018,True
235,championship-series-2-2024-2-14,groundball-3010700,127,4,01:16,1844,WAT,Philadelphia Waterdogs,003052,Kyle Borda,,,groundball,,Groundball picked up by K. Borda.,18,21,,,,,,,,,,,,,17,21,,False,False,,,,,,,championship_series,True,,127,1844,,False,,,True
235,championship-series-2-2024-2-14,shot-3010800,128,4,01:13,1847,WAT,Philadelphia Waterdogs,003052,Kyle Borda,,,shot,2_PT,Missed shot(2pt) by Kyle Borda.,17,21,,001773,Nick Washuta,False,False,,,,,,,,17,21,missed,False,,,,,,True,False,championship_series,True,,128,1847,,False,,,True
235,championship-series-2-2024-2-14,turnover-3011600,129,4,01:07,1853,ARC,Utah Archers,,,,,turnover,,Turnover by UTA,18,21,,,,,,,,,,,,,17,21,,False,,False,,,,,,championship_series,True,,129,1853,,False,,,True
235,championship-series-2-2024-2-14,turnover-3012000,130,4,00:52,1868,WAT,Philadelphia Waterdogs,,,,,turnover,,Turnover by PHI,18,21,,,,,,,,,,,,,17,21,,False,,False,,,,,,championship_series,True,,130,1868,,False,,,True
235,championship-series-2-2024-2-14,groundball-3012200,131,4,00:50,1870,ARC,Utah Archers,003006,Piper Bond,,,groundball,,Groundball picked up by P. Bond.,18,21,,,,,,,,,,,,,17,21,,False,False,,,,,,,championship_series,True,,131,1870,,False,,,True
235,championship-series-2-2024-2-14,shot-3012500,132,4,00:44,1876,ARC,Utah Archers,003070,Ronan Jacoby,003006,Piper Bond,shot,2_PT,Missed shot(2pt) by Ronan Jacoby.,17,21,,000408,Matt DeLuca,False,False,,,,,,,,17,21,missed,False,,,,,,True,False,championship_series,True,,132,1876,,False,,003006,True
235,championship-series-2-2024-2-14,turnover-3013310,133,4,00:09,1911,WAT,Philadelphia Waterdogs,,,,,turnover,,Turnover by PHI,18,21,,,,,,,,,,,,,17,21,,False,,False,,,,,,championship_series,True,,133,1911,,False,,,True
235,championship-series-2-2024-2-14,shot-3013900,134,4,00:01,1919,ARC,Utah Archers,000221,Ryan Ambler,,,goal,1_PT,GOAL by R. Ambler.,18,21,,000408,Matt DeLuca,,,,,,,,True,,18,21,goal,False,,,,,,False,False,championship_series,True,,134,1919,,False,,,True
235,championship-series-2-2024-2-14,gameEnd,135,4,00:00,1920,,,,,,,gameEnd,,Game End,18,21,,,,,,,,,1.0,0.0,,,18,21,,False,,,,,,,,championship_series,True,,135,1920,,False,,,True
236,championship-series-1-2024-2-16,pregame,0,1,08:00,0,,,,,,,pregame,,Game Start,0,0,,,,,,,,,0.5,0.5,,,0,0,,False,,,,,,,,championship_series,True,,0,0,,False,,,True
236,championship-series-1-2024-2-16,faceoff-100,1,1,07:57,3,RED,California Redwoods,000414,Rob Pannell,000363,Ryan Conrad,faceoff,,Faceoff win R. Pannell (vs. R. Conrad). GB CAL R. Pannell.,20,14,000414,,,,,,,,,,,,0,0,,False,,,False,,,,,championship_series,True,,1,3,,False,,,True
236,championship-series-1-2024-2-16,groundball-200,2,1,07:57,3,RED,California Redwoods,000414,Rob Pannell,,,groundball,,Groundball picked up by R. Pannell.,20,14,,,,,,,,,,,,,0,0,,False,False,,,,,,,championship_series,True,,2,3,,False,,,True
236,championship-series-1-2024-2-16,shot-800,3,1,07:31,29,RED,California Redwoods,001824,Ryan Tierney,000414,Rob Pannell,shot,1_PT,Missed shot by Ryan Tierney.,0,0,,000408,Matt DeLuca,True,False,,,,,,,,0,0,on_goal_no_save,False,,,,,,False,False,championship_series,True,,3,29,,False,,000414,True
236,championship-series-1-2024-2-16,groundball-1000,4,1,07:25,35,WAT,Philadelphia Waterdogs,001733,Charlie Hayes,,,groundball,,Groundball picked up by C. Hayes.,20,14,,,,,,,,,,,,,0,0,,False,False,,,,,,,championship_series,True,,4,35,,False,,,True
236,championship-series-1-2024-2-16,turnover-1100,5,1,07:16,44,WAT,Philadelphia Waterdogs,,,,,turnover,,Turnover by PHI,20,14,,,,,,,,,,,,,0,0,,False,,False,,,,,,championship_series,True,,5,44,,False,,,True
236,championship-series-1-2024-2-16,shot-1400,6,1,07:04,56,RED,California Redwoods,000333,Sergio Perkovic,001824,Ryan Tierney,shot,2_PT,Missed shot(2pt) by Sergio Perkovic. Save by PHI M. DeLuca.,0,0,,000408,Matt DeLuca,True,True,messy,,,,,,,0,0,saved,False,,,,,,True,False,championship_series,True,,6,56,,False,,001824,True
236,championship-series-1-2024-2-16,groundball-1600,7,1,06:58,62,WAT,Philadelphia Waterdogs,003055,Jack Traynor,,,groundball,,Groundball picked up by J. Traynor.,20,14,,,,,,,,,,,,,0,0,,False,False,,,,,,,championship_series,True,,7,62,,False,,,True
236,championship-series-1-2024-2-16,shot-2100,8,1,06:37,83,WAT,Philadelphia Waterdogs,003054,Jeff Conner,,,goal,1_PT,GOAL by J. Conner.,1,0,,000318,Jack Kelly,,,,,,,,True,,1,0,goal,False,,,,,,False,False,championship_series,True,,8,83,,False,,,True
236,championship-series-1-2024-2-16,shot-2800,9,1,06:14,106,RED,California Redwoods,002001,Kevin Rogers,002033,Nakeie Montgomery,shot,1_PT,Missed shot by Kevin Rogers. Save by PHI M. DeLuca.,1,0,,000408,Matt DeLuca,True,True,messy,,,,,,,1,0,saved,False,,,,,,False,False,championship_series,True,,9,106,,False,,002033,True
236,championship-series-1-2024-2-16,groundball-3000,10,1,06:12,108,WAT,Philadelphia Waterdogs,002036,Jake Higgins,,,groundball,,Groundball picked up by J. Higgins.,20,14,,,,,,,,,,,,,1,0,,False,False,,,,,,,championship_series,True,,10,108,,False,,,True
236,championship-series-1-2024-2-16,turnover-3300,11,1,06:04,116,WAT,Philadelphia Waterdogs,,,,,turnover,,Turnover by PHI,20,14,,,,,,,,,,,,,1,0,,False,,False,,,,,,championship_series,True,,11,116,,False,,,True
236,championship-series-1-2024-2-16,groundball-3500,12,1,06:01,119,RED,California Redwoods,002033,Nakeie Montgomery,,,groundball,,Groundball picked up by N. Montgomery.,20,14,,,,,,,,,,,,,1,0,,False,False,,,,,,,championship_series,True,,12,119,,False,,,True
236,championship-series-1-2024-2-16,shot-4300,13,1,05:32,148,RED,California Redwoods,001824,Ryan Tierney,000333,Sergio Perkovic,shot,1_PT,Missed shot by Ryan Tierney.,1,0,,000408,Matt DeLuca,True,False,,,,,,,,1,0,on_goal_no_save,False,,,,,,False,False,championship_series,True,,13,148,,False,,000333,True
236,championship-series-1-2024-2-16,shot-4700,14,1,05:09,171,WAT,Philadelphia Waterdogs,000363,Ryan Conrad,,,goal,1_PT,GOAL by R. Conrad.,2,0,,000318,Jack Kelly,,,,,,,,True,,2,0,goal,False,,,,,,False,False,championship_series,True,,14,171,,False,,,True
236,championship-series-1-2024-2-16,shot-5000,15,1,05:01,179,RED,California Redwoods,000305,Romar Dennis,000318,Jack Kelly,shot,2_PT,Missed shot(2pt) by Romar Dennis.,2,0,,000408,Matt DeLuca,False,False,,,,,,,,2,0,missed,False,,,,,,True,False,championship_series,True,,15,179,,False,,000318,True
236,championship-series-1-2024-2-16,shot-5700,16,1,04:32,208,WAT,Philadelphia Waterdogs,001818,Jake Carraway,,,goal,1_PT,GOAL by J. Carraway.,3,0,,000318,Jack Kelly,,,,,,,,True,,3,0,goal,False,,,,,,False,False,championship_series,True,,16,208,,False,,,True
236,championship-series-1-2024-2-16,shot-6100,17,1,04:25,215,RED,California Redwoods,000315,Garrett Epple,003069,Ricky Miezan,goal,1_PT,GOAL by G. Epple. Assist R. Miezan.,3,1,,000408,Matt DeLuca,,,,,,,,True,,3,1,goal,False,,,,,,False,False,championship_series,True,,17,215,,False,,003069,True
236,championship-series-1-2024-2-16,shot-6700,18,1,04:06,234,WAT,Philadelphia Waterdogs,000240,Kieran McArdle,,,goal,2_PT,2PT G by K. McArdle.,5,1,,000318,Jack Kelly,,,,,,,,True,,5,1,goal,False,,,,,,True,False,championship_series,True,,18,234,,False,,,True
236,championship-series-1-2024-2-16,turnover-7210,19,1,03:42,258,RED,California Redwoods,,,,,turnover,,Turnover by CAL,20,14,,,,,,,,,,,,,5,1,,False,,False,,,,,,championship_series,True,,19,258,,False,,,True
236,championship-series-1-2024-2-16,shot-7700,20,1,03:26,274,WAT,Philadelphia Waterdogs,001810,Michael Sowers,003052,Kyle Borda,shot,1_PT,Missed shot by Michael Sowers. Save by CAL J. Kelly.,5,1,,000318,Jack Kelly,True,True,messy,,,,,,,5,1,saved,False,,,,,,False,False,championship_series,True,,20,274,,False,,003052,True
236,championship-series-1-2024-2-16,shot-8200,21,1,03:11,289,WAT,Philadelphia Waterdogs,003055,Jack Traynor,000363,Ryan Conrad,goal,2_PT,2PT G by J. Traynor. Assist R. Conrad.,7,1,,000318,Jack Kelly,,,,,,,,True,,7,1,goal,False,,,,,,True,False,championship_series,True,,21,289,,False,,000363,True
236,championship-series-1-2024-2-16,shot-8800,22,1,02:56,304,RED,California Redwoods,000305,Romar Dennis,000333,Sergio Perkovic,shot,2_PT,Missed shot(2pt) by Romar Dennis. Save by PHI M. DeLuca.,7,1,,000408,Matt DeLuca,True,True,clean,,,,,,,7,1,saved,False,,,,,,True,False,championship_series,True,,22,304,,False,,000333,True
236,championship-series-1-2024-2-16,shot-9700,23,1,02:26,334,WAT,Philadelphia Waterdogs,003054,Jeff Conner,001818,Jake Carraway,shot,1_PT,Missed shot by Jeff Conner.,7,1,,000318,Jack Kelly,True,False,,,,,,,,7,1,on_goal_no_save,False,,,,,,False,False,championship_series,True,,23,334,,False,,001818,True
236,championship-series-1-2024-2-16,shot-10200,24,1,02:00,360,RED,California Redwoods,002033,Nakeie Montgomery,000315,Garrett Epple,shot,1_PT,Missed shot by Nakeie Montgomery. Save by PHI M. DeLuca.,7,1,,000408,Matt DeLuca,True,True,messy,,,,,,,7,1,saved,False,,,,,,False,False,championship_series,True,,24,360,,False,,000315,True
236,championship-series-1-2024-2-16,groundball-10400,25,1,01:58,362,WAT,Philadelphia Waterdogs,002036,Jake Higgins,,,groundball,,Groundball picked up by J. Higgins.,20,14,,,,,,,,,,,,,7,1,,False,False,,,,,,,championship_series,True,,25,362,,False,,,True
236,championship-series-1-2024-2-16,groundball-10500,26,1,01:53,367,WAT,Philadelphia Waterdogs,002036,Jake Higgins,,,groundball,,Groundball picked up by J. Higgins.,20,14,,,,,,,,,,,,,7,1,,False,False,,,,,,,championship_series,True,,26,367,,False,,,True
236,championship-series-1-2024-2-16,groundball-10600,27,1,01:48,372,WAT,Philadelphia Waterdogs,001795,Christian Scarpello,,,groundball,,Groundball picked up by C. Scarpello.,20,14,,,,,,,,,,,,,7,1,,False,False,,,,,,,championship_series,True,,27,372,,False,,,True
236,championship-series-1-2024-2-16,penalty-10900,28,1,01:39,381,RED,California Redwoods,003069,Ricky Miezan,,,penalty,,CAL Ricky Miezan 1 min penalty for Slashing.,20,14,,,,,,,60.0,Slashing,,,,,7,1,,False,,,,False,True,,,championship_series,True,,28,381,,False,,,True
236,championship-series-1-2024-2-16,groundball-11700,29,1,01:26,394,WAT,Philadelphia Waterdogs,001818,Jake Carraway,,,groundball,,Groundball picked up by J. Carraway.,20,14,,,,,,,,,,,,,7,1,,False,False,,,,,,,championship_series,True,,29,394,,False,,,True
236,championship-series-1-2024-2-16,shot-12000,30,1,01:19,401,WAT,Philadelphia Waterdogs,001818,Jake Carraway,003055,Jack Traynor,shot,2_PT,Missed shot(2pt) by Jake Carraway.,7,1,,000318,Jack Kelly,False,False,,,,,,,,7,1,missed,False,,,,,,True,False,championship_series,True,,30,401,,False,,003055,True
236,championship-series-1-2024-2-16,shot-12500,31,1,00:59,421,RED,California Redwoods,000305,Romar Dennis,,,goal,1_PT,GOAL by R. Dennis.,7,2,,000408,Matt DeLuca,,,,,,,,True,,7,2,goal,False,,,,,,False,False,championship_series,True,,31,421,,False,,,True
236,championship-series-1-2024-2-16,shot-13400,32,1,00:35,445,WAT,Philadelphia Waterdogs,003052,Kyle Borda,001810,Michael Sowers,shot,2_PT,Missed shot(2pt) by Kyle Borda.,7,2,,000318,Jack Kelly,False,False,,,,,,,,7,2,missed,False,,,,,,True,False,championship_series,True,,32,445,,False,,001810,True
236,championship-series-1-2024-2-16,turnover-13800,33,1,00:05,475,RED,California Redwoods,,,,,turnover,,Turnover by CAL,20,14,,,,,,,,,,,,,7,2,,False,,False,,,,,,championship_series,True,,33,475,,False,,,True
236,championship-series-1-2024-2-16,groundball-13900,34,1,00:01,479,WAT,Philadelphia Waterdogs,000363,Ryan Conrad,,,groundball,,Groundball picked up by R. Conrad.,20,14,,,,,,,,,,,,,7,2,,False,False,,,,,,,championship_series,True,,34,479,,False,,,True
236,championship-series-1-2024-2-16,shot-14100,35,1,00:00,480,WAT,Philadelphia Waterdogs,000363,Ryan Conrad,,,shot,1_PT,Missed shot by Ryan Conrad.,7,2,,000318,Jack Kelly,True,False,,,,,,,,7,2,on_goal_no_save,False,,,,,,False,False,championship_series,True,,35,480,,False,,,True
236,championship-series-1-2024-2-16,shot-14600,36,1,00:00,480,RED,California Redwoods,001824,Ryan Tierney,000333,Sergio Perkovic,goal,1_PT,GOAL by R. Tierney. Assist S. Perkovic.,7,3,,000408,Matt DeLuca,,,,,,,,True,,7,3,goal,False,,,,,,False,False,championship_series,True,,36,480,,False,,000333,True
236,championship-series-1-2024-2-16,faceoff-1000100,37,2,07:55,485,RED,California Redwoods,000414,Rob Pannell,000363,Ryan Conrad,faceoff,,Faceoff win R. Pannell (vs. R. Conrad). GB CAL R. Pannell.,20,14,000414,,,,,,,,,,,,7,3,,False,,,False,,,,,championship_series,True,,37,485,,False,,,True
236,championship-series-1-2024-2-16,groundball-1000200,38,2,07:55,485,RED,California Redwoods,000414,Rob Pannell,,,groundball,,Groundball picked up by R. Pannell.,20,14,,,,,,,,,,,,,7,3,,False,False,,,,,,,championship_series,True,,38,485,,False,,,True
236,championship-series-1-2024-2-16,shot-1000300,39,2,07:49,491,RED,California Redwoods,000414,Rob Pannell,,,shot,1_PT,Missed shot by Rob Pannell.,7,3,,000408,Matt DeLuca,False,False,,,,,,,,7,3,missed,False,,,,,,False,False,championship_series,True,,39,491,,False,,,True
236,championship-series-1-2024-2-16,shot-1001000,40,2,07:34,506,WAT,Philadelphia Waterdogs,003055,Jack Traynor,000240,Kieran McArdle,shot,1_PT,Missed shot by Jack Traynor.,7,3,,000318,Jack Kelly,False,False,,,,,,,,7,3,missed,False,,,,,,False,False,championship_series,True,,40,506,,False,,000240,True
236,championship-series-1-2024-2-16,penalty-1001400,41,2,07:33,507,RED,California Redwoods,001824,Ryan Tierney,,,penalty,,CAL Ryan Tierney 1 min penalty for Unnecessary Roughness.,20,14,,,,,,,60.0,Unnecessary Roughness,,,,,7,3,,False,,,,False,True,,,championship_series,True,,41,507,,False,,,True
236,championship-series-1-2024-2-16,shot-1001800,42,2,07:31,509,WAT,Philadelphia Waterdogs,001810,Michael Sowers,000363,Ryan Conrad,shot,2_PT,Missed shot(2pt) by Michael Sowers. Save by CAL J. Kelly.,7,3,,000318,Jack Kelly,True,True,clean,,,,,,,7,3,saved,False,,,,,,True,False,championship_series,True,,42,509,,False,,000363,True
236,championship-series-1-2024-2-16,shot-1002200,43,2,07:01,539,RED,California Redwoods,002001,Kevin Rogers,000318,Jack Kelly,shot,1_PT,Missed shot by Kevin Rogers. Save by PHI M. DeLuca.,7,3,,000408,Matt DeLuca,True,True,messy,,,,,,,7,3,saved,False,,,,,,False,False,championship_series,True,,43,539,,False,,000318,True
236,championship-series-1-2024-2-16,shot-1003300,44,2,06:37,563,WAT,Philadelphia Waterdogs,001810,Michael Sowers,,,goal,MU,PP Goal by M. Sowers.,8,3,,000318,Jack Kelly,,,,,,,,True,,8,3,goal,False,,,,,,False,True,championship_series,True,,44,563,,False,,,True
236,championship-series-1-2024-2-16,shot-1003800,45,2,06:30,570,RED,California Redwoods,000414,Rob Pannell,002033,Nakeie Montgomery,shot,1_PT,Missed shot by Rob Pannell. Save by PHI M. DeLuca.,8,3,,000408,Matt DeLuca,True,True,messy,,,,,,,8,3,saved,False,,,,,,False,False,championship_series,True,,45,570,,False,,002033,True
236,championship-series-1-2024-2-16,groundball-1004000,46,2,06:29,571,RED,California Redwoods,000414,Rob Pannell,,,groundball,,Groundball picked up by R. Pannell.,20,14,,,,,,,,,,,,,8,3,,False,False,,,,,,,championship_series,True,,46,571,,False,,,True
236,championship-series-1-2024-2-16,turnover-1004200,47,2,06:21,579,RED,California Redwoods,,,,,turnover,,Turnover by CAL,20,14,,,,,,,,,,,,,8,3,,False,,False,,,,,,championship_series,True,,47,579,,False,,,True
236,championship-series-1-2024-2-16,groundball-1004300,48,2,06:19,581,WAT,Philadelphia Waterdogs,000363,Ryan Conrad,,,groundball,,Groundball picked up by R. Conrad.,20,14,,,,,,,,,,,,,8,3,,False,False,,,,,,,championship_series,True,,48,581,,False,,,True
236,championship-series-1-2024-2-16,groundball-1005000,49,2,05:54,606,WAT,Philadelphia Waterdogs,003052,Kyle Borda,,,groundball,,Groundball picked up by K. Borda.,20,14,,,,,,,,,,,,,8,3,,False,False,,,,,,,championship_series,True,,49,606,,False,,,True
236,championship-series-1-2024-2-16,shot-1005200,50,2,05:45,615,WAT,Philadelphia Waterdogs,000363,Ryan Conrad,003052,Kyle Borda,shot,2_PT,Missed shot(2pt) by Ryan Conrad.,8,3,,000318,Jack Kelly,False,False,,,,,,,,8,3,missed,False,,,,,,True,False,championship_series,True,,50,615,,False,,003052,True
236,championship-series-1-2024-2-16,shot-1006000,51,2,05:13,647,RED,California Redwoods,000351,Jules Heningburg,002001,Kevin Rogers,shot,1_PT,Missed shot by Jules Heningburg. Save by PHI M. DeLuca.,8,3,,000408,Matt DeLuca,True,True,messy,,,,,,,8,3,saved,False,,,,,,False,False,championship_series,True,,51,647,,False,,002001,True
236,championship-series-1-2024-2-16,groundball-1006200,52,2,05:08,652,WAT,Philadelphia Waterdogs,002036,Jake Higgins,,,groundball,,Groundball picked up by J. Higgins.,20,14,,,,,,,,,,,,,8,3,,False,False,,,,,,,championship_series,True,,52,652,,False,,,True
236,championship-series-1-2024-2-16,shot-1006500,53,2,04:54,666,WAT,Philadelphia Waterdogs,001795,Christian Scarpello,002036,Jake Higgins,shot,1_PT,Missed shot by Christian Scarpello. Save by CAL J. Kelly.,8,3,,000318,Jack Kelly,True,True,messy,,,,,,,8,3,saved,False,,,,,,False,False,championship_series,True,,53,666,,False,,002036,True
236,championship-series-1-2024-2-16,groundball-1006700,54,2,04:52,668,WAT,Philadelphia Waterdogs,000240,Kieran McArdle,,,groundball,,Groundball picked up by K. McArdle.,20,14,,,,,,,,,,,,,8,3,,False,False,,,,,,,championship_series,True,,54,668,,False,,,True
236,championship-series-1-2024-2-16,shot-1007000,55,2,04:35,685,WAT,Philadelphia Waterdogs,000363,Ryan Conrad,001810,Michael Sowers,goal,1_PT,GOAL by R. Conrad. Assist M. Sowers.,9,3,,000318,Jack Kelly,,,,,,,,True,,9,3,goal,False,,,,,,False,False,championship_series,True,,55,685,,False,,001810,True
236,championship-series-1-2024-2-16,shot-1007600,56,2,04:24,696,RED,California Redwoods,002033,Nakeie Montgomery,,,goal,1_PT,GOAL by N. Montgomery.,9,4,,000408,Matt DeLuca,,,,,,,,True,,9,4,goal,False,,,,,,False,False,championship_series,True,,56,696,,False,,,True
236,championship-series-1-2024-2-16,shot-1008100,57,2,04:16,704,WAT,Philadelphia Waterdogs,003055,Jack Traynor,003054,Jeff Conner,shot,2_PT,Missed shot(2pt) by Jack Traynor. Save by CAL J. Kelly.,9,4,,000318,Jack Kelly,True,True,clean,,,,,,,9,4,saved,False,,,,,,True,False,championship_series,True,,57,704,,False,,003054,True
236,championship-series-1-2024-2-16,shot-1008500,58,2,04:06,714,RED,California Redwoods,000414,Rob Pannell,000318,Jack Kelly,shot,1_PT,Missed shot by Rob Pannell.,9,4,,000408,Matt DeLuca,False,False,,,,,,,,9,4,missed,False,,,,,,False,False,championship_series,True,,58,714,,False,,000318,True
236,championship-series-1-2024-2-16,shot-1009100,59,2,03:44,736,WAT,Philadelphia Waterdogs,001818,Jake Carraway,001810,Michael Sowers,goal,2_PT,2PT G by J. Carraway. Assist M. Sowers.,11,4,,000318,Jack Kelly,,,,,,,,True,,11,4,goal,False,,,,,,True,False,championship_series,True,,59,736,,False,,001810,True
236,championship-series-1-2024-2-16,shot-1009800,60,2,03:29,751,RED,California Redwoods,003069,Ricky Miezan,,,shot,2_PT,Missed shot(2pt) by Ricky Miezan.,11,4,,000408,Matt DeLuca,False,False,,,,,,,,11,4,missed,False,,,,,,True,False,championship_series,True,,60,751,,False,,,True
236,championship-series-1-2024-2-16,shot-1010400,61,2,03:09,771,WAT,Philadelphia Waterdogs,000240,Kieran McArdle,001810,Michael Sowers,shot,2_PT,Missed shot(2pt) by Kieran McArdle. Save by CAL J. Kelly.,11,4,,000318,Jack Kelly,True,True,clean,,,,,,,11,4,saved,False,,,,,,True,False,championship_series,True,,61,771,,False,,001810,True
236,championship-series-1-2024-2-16,shot-1011000,62,2,02:52,788,RED,California Redwoods,000351,Jules Heningburg,000333,Sergio Perkovic,goal,1_PT,GOAL by J. Heningburg. Assist S. Perkovic.,11,5,,000408,Matt DeLuca,,,,,,,,True,,11,5,goal,False,,,,,,False,False,championship_series,True,,62,788,,False,,000333,True
236,championship-series-1-2024-2-16,shot-1011500,63,2,02:28,812,WAT,Philadelphia Waterdogs,003055,Jack Traynor,001810,Michael Sowers,shot,1_PT,Missed shot by Jack Traynor. Save by CAL J. Kelly.,11,5,,000318,Jack Kelly,True,True,messy,,,,,,,11,5,saved,False,,,,,,False,False,championship_series,True,,63,812,,False,,001810,True
236,championship-series-1-2024-2-16,groundball-1011700,64,2,02:25,815,RED,California Redwoods,000333,Sergio Perkovic,,,groundball,,Groundball picked up by S. Perkovic.,20,14,,,,,,,,,,,,,11,5,,False,False,,,,,,,championship_series,True,,64,815,,False,,,True
236,championship-series-1-2024-2-16,shot-1012000,65,2,01:57,843,RED,California Redwoods,003069,Ricky Miezan,003024,Brian Tevlin,shot,1_PT,Missed shot by Ricky Miezan.,11,5,,000408,Matt DeLuca,False,False,,,,,,,,11,5,missed,False,,,,,,False,False,championship_series,True,,65,843,,False,,003024,True
236,championship-series-1-2024-2-16,shot-1012700,66,2,01:38,862,WAT,Philadelphia Waterdogs,001818,Jake Carraway,001810,Michael Sowers,shot,2_PT,Missed shot(2pt) by Jake Carraway. Save by CAL J. Kelly.,11,5,,000318,Jack Kelly,True,True,messy,,,,,,,11,5,saved,False,,,,,,True,False,championship_series,True,,66,862,,False,,001810,True
236,championship-series-1-2024-2-16,groundball-1012900,67,2,01:36,864,RED,California Redwoods,000318,Jack Kelly,,,groundball,,Groundball picked up by J. Kelly.,20,14,,,,,,,,,,,,,11,5,,False,False,,,,,,,championship_series,True,,67,864,,False,,,True
236,championship-series-1-2024-2-16,shot-1013400,68,2,01:18,882,RED,California Redwoods,000305,Romar Dennis,003024,Brian Tevlin,shot,2_PT,Missed shot(2pt) by Romar Dennis. Save by PHI M. DeLuca.,11,5,,000408,Matt DeLuca,True,True,messy,,,,,,,11,5,saved,False,,,,,,True,False,championship_series,True,,68,882,,False,,003024,True
236,championship-series-1-2024-2-16,groundball-1013600,69,2,01:17,883,WAT,Philadelphia Waterdogs,002036,Jake Higgins,,,groundball,,Groundball picked up by J. Higgins.,20,14,,,,,,,,,,,,,11,5,,False,False,,,,,,,championship_series,True,,69,883,,False,,,True
236,championship-series-1-2024-2-16,groundball-1013700,70,2,01:12,888,WAT,Philadelphia Waterdogs,001733,Charlie Hayes,,,groundball,,Groundball picked up by C. Hayes.,20,14,,,,,,,,,,,,,11,5,,False,False,,,,,,,championship_series,True,,70,888,,False,,,True
236,championship-series-1-2024-2-16,shot-1014000,71,2,00:58,902,WAT,Philadelphia Waterdogs,003054,Jeff Conner,001733,Charlie Hayes,goal,2_PT,2PT G by J. Conner. Assist C. Hayes.,13,5,,000318,Jack Kelly,,,,,,,,True,,13,5,goal,False,,,,,,True,False,championship_series,True,,71,902,,False,,001733,True
236,championship-series-1-2024-2-16,shot-1014400,72,2,00:48,912,RED,California Redwoods,002001,Kevin Rogers,000351,Jules Heningburg,shot,1_PT,Missed shot by Kevin Rogers.,13,5,,000408,Matt DeLuca,False,False,,,,,,,,13,5,missed,False,,,,,,False,False,championship_series,True,,72,912,,False,,000351,True
236,championship-series-1-2024-2-16,turnover-1014810,73,2,00:26,934,WAT,Philadelphia Waterdogs,,,,,turnover,,Turnover by PHI,20,14,,,,,,,,,,,,,13,5,,False,,False,,,,,,championship_series,True,,73,934,,False,,,True
236,championship-series-1-2024-2-16,shot-1015600,74,2,00:05,955,RED,California Redwoods,002033,Nakeie Montgomery,000414,Rob Pannell,goal,1_PT,GOAL by N. Montgomery. Assist R. Pannell.,13,6,,000408,Matt DeLuca,,,,,,,,True,,13,6,goal,False,,,,,,False,False,championship_series,True,,74,955,,False,,000414,True
236,championship-series-1-2024-2-16,shot-1015700,75,2,00:05,955,WAT,Philadelphia Waterdogs,000408,Matt DeLuca,,,shot,2_PT,Missed shot(2pt) by Matt DeLuca. Save by CAL J. Kelly.,13,6,,000318,Jack Kelly,True,True,clean,,,,,,,13,6,saved,False,,,,,,True,False,championship_series,True,,75,955,,False,,,True
236,championship-series-1-2024-2-16,faceoff-2000200,76,3,07:56,964,WAT,Philadelphia Waterdogs,000363,Ryan Conrad,000414,Rob Pannell,faceoff,,Faceoff win R. Conrad (vs. R. Pannell). GB PHI J. Higgins.,20,14,002036,,,,,,,,,,,,13,6,,False,,,False,,,,,championship_series,True,,76,964,,False,,,True
236,championship-series-1-2024-2-16,groundball-2000300,77,3,07:56,964,WAT,Philadelphia Waterdogs,002036,Jake Higgins,,,groundball,,Groundball picked up by J. Higgins.,20,14,,,,,,,,,,,,,13,6,,False,False,,,,,,,championship_series,True,,77,964,,False,,,True
236,championship-series-1-2024-2-16,groundball-2000900,78,3,07:36,984,WAT,Philadelphia Waterdogs,000240,Kieran McArdle,,,groundball,,Groundball picked up by K. McArdle.,20,14,,,,,,,,,,,,,13,6,,False,False,,,,,,,championship_series,True,,78,984,,False,,,True
236,championship-series-1-2024-2-16,turnover-2001000,79,3,07:35,985,WAT,Philadelphia Waterdogs,,,,,turnover,,Turnover by PHI,20,14,,,,,,,,,,,,,13,6,,False,,False,,,,,,championship_series,True,,79,985,,False,,,True
236,championship-series-1-2024-2-16,groundball-2001200,80,3,07:33,987,RED,California Redwoods,000414,Rob Pannell,,,groundball,,Groundball picked up by R. Pannell.,20,14,,,,,,,,,,,,,13,6,,False,False,,,,,,,championship_series,True,,80,987,,False,,,True
236,championship-series-1-2024-2-16,groundball-2001400,81,3,07:29,991,RED,California Redwoods,000305,Romar Dennis,,,groundball,,Groundball picked up by R. Dennis.,20,14,,,,,,,,,,,,,13,6,,False,False,,,,,,,championship_series,True,,81,991,,False,,,True
236,championship-series-1-2024-2-16,turnover-2001510,82,3,07:18,1002,RED,California Redwoods,,,,,turnover,,Turnover by CAL,20,14,,,,,,,,,,,,,13,6,,False,,False,,,,,,championship_series,True,,82,1002,,False,,,True
236,championship-series-1-2024-2-16,shot-2002000,83,3,07:00,1020,WAT,Philadelphia Waterdogs,000363,Ryan Conrad,001818,Jake Carraway,shot,2_PT,Missed shot(2pt) by Ryan Conrad.,13,6,,000370,Tim Troutner,False,False,,,,,,,,13,6,missed,False,,,,,,True,False,championship_series,True,,83,1020,,False,,001818,True
236,championship-series-1-2024-2-16,groundball-2002600,84,3,06:36,1044,WAT,Philadelphia Waterdogs,000408,Matt DeLuca,,,groundball,,Groundball picked up by M. DeLuca.,20,14,,,,,,,,,,,,,13,6,,False,False,,,,,,,championship_series,True,,84,1044,,False,,,True
236,championship-series-1-2024-2-16,turnover-2002500,85,3,06:36,1044,RED,California Redwoods,,,,,turnover,,Turnover by CAL,20,14,,,,,,,,,,,,,13,6,,False,,False,,,,,,championship_series,True,,85,1044,,False,,,True
236,championship-series-1-2024-2-16,shot-2003200,86,3,06:19,1061,WAT,Philadelphia Waterdogs,000363,Ryan Conrad,001810,Michael Sowers,shot,2_PT,Missed shot(2pt) by Ryan Conrad. Save by CAL T. Troutner.,13,6,,000370,Tim Troutner,True,True,clean,,,,,,,13,6,saved,False,,,,,,True,False,championship_series,True,,86,1061,,False,,001810,True
236,championship-series-1-2024-2-16,shot-2003600,87,3,06:14,1066,RED,California Redwoods,002001,Kevin Rogers,000370,Tim Troutner,goal,1_PT,GOAL by K. Rogers. Assist T. Troutner.,13,7,,000408,Matt DeLuca,,,,,,,,True,,13,7,goal,False,,,,,,False,False,championship_series,True,,87,1066,,False,,000370,True
236,championship-series-1-2024-2-16,turnover-2004000,88,3,05:59,1081,WAT,Philadelphia Waterdogs,,,,,turnover,,Turnover by PHI,20,14,,,,,,,,,,,,,13,7,,False,,False,,,,,,championship_series,True,,88,1081,,False,,,True
236,championship-series-1-2024-2-16,groundball-2004100,89,3,05:56,1084,RED,California Redwoods,000333,Sergio Perkovic,,,groundball,,Groundball picked up by S. Perkovic.,20,14,,,,,,,,,,,,,13,7,,False,False,,,,,,,championship_series,True,,89,1084,,False,,,True
236,championship-series-1-2024-2-16,shot-2004300,90,3,05:55,1085,RED,California Redwoods,000333,Sergio Perkovic,,,shot,2_PT,Missed shot(2pt) by Sergio Perkovic. Save by PHI M. DeLuca.,13,7,,000408,Matt DeLuca,True,True,messy,,,,,,,13,7,saved,False,,,,,,True,False,championship_series,True,,90,1085,,False,,,True
236,championship-series-1-2024-2-16,groundball-2004500,91,3,05:53,1087,WAT,Philadelphia Waterdogs,000408,Matt DeLuca,,,groundball,,Groundball picked up by M. DeLuca.,20,14,,,,,,,,,,,,,13,7,,False,False,,,,,,,championship_series,True,,91,1087,,False,,,True
236,championship-series-1-2024-2-16,shot-2005000,92,3,05:37,1103,WAT,Philadelphia Waterdogs,003055,Jack Traynor,000240,Kieran McArdle,shot,1_PT,Missed shot by Jack Traynor.,13,7,,000370,Tim Troutner,False,False,,,,,,,,13,7,missed,False,,,,,,False,False,championship_series,True,,92,1103,,False,,000240,True
236,championship-series-1-2024-2-16,shot-2005500,93,3,05:13,1127,RED,California Redwoods,001824,Ryan Tierney,002033,Nakeie Montgomery,shot,1_PT,Missed shot by Ryan Tierney.,13,7,,000408,Matt DeLuca,False,False,,,,,,,,13,7,missed,False,,,,,,False,False,championship_series,True,,93,1127,,False,,002033,True
236,championship-series-1-2024-2-16,shot-2006100,94,3,04:51,1149,WAT,Philadelphia Waterdogs,001810,Michael Sowers,000363,Ryan Conrad,shot,1_PT,Missed shot by Michael Sowers.,13,7,,000370,Tim Troutner,False,False,,,,,,,,13,7,missed,False,,,,,,False,False,championship_series,True,,94,1149,,False,,000363,True
236,championship-series-1-2024-2-16,shot-2006800,95,3,04:33,1167,RED,California Redwoods,003069,Ricky Miezan,000414,Rob Pannell,shot,1_PT,Missed shot by Ricky Miezan. Save by PHI M. DeLuca.,13,7,,000408,Matt DeLuca,True,True,messy,,,,,,,13,7,saved,False,,,,,,False,False,championship_series,True,,95,1167,,False,,000414,True
236,championship-series-1-2024-2-16,groundball-2007000,96,3,04:30,1170,WAT,Philadelphia Waterdogs,000363,Ryan Conrad,,,groundball,,Groundball picked up by R. Conrad.,20,14,,,,,,,,,,,,,13,7,,False,False,,,,,,,championship_series,True,,96,1170,,False,,,True
236,championship-series-1-2024-2-16,penalty-2007600,97,3,04:23,1177,RED,California Redwoods,002001,Kevin Rogers,,,penalty,,CAL Kevin Rogers 30 sec penalty for Holding.,20,14,,,,,,,30.0,Holding,,,,,13,7,,False,,,,False,True,,,championship_series,True,,97,1177,,False,,,True
236,championship-series-1-2024-2-16,shot-2007300,98,3,04:23,1177,WAT,Philadelphia Waterdogs,000240,Kieran McArdle,000363,Ryan Conrad,shot,1_PT,Missed shot by Kieran McArdle. Save by CAL T. Troutner.,13,7,,000370,Tim Troutner,True,True,messy,,,,,,,13,7,saved,False,,,,,,False,False,championship_series,True,,98,1177,,False,,000363,True
236,championship-series-1-2024-2-16,shot-2008400,99,3,04:12,1188,WAT,Philadelphia Waterdogs,001810,Michael Sowers,000240,Kieran McArdle,goal,MU,PP Goal by M. Sowers. Assist K. McArdle.,14,7,,000370,Tim Troutner,,,,,,,,True,,14,7,goal,False,,,,,,False,True,championship_series,True,,99,1188,,False,,000240,True
236,championship-series-1-2024-2-16,shot-2008900,100,3,04:02,1198,RED,California Redwoods,000414,Rob Pannell,000333,Sergio Perkovic,goal,1_PT,GOAL by R. Pannell. Assist S. Perkovic.,14,8,,000408,Matt DeLuca,,,,,,,,True,,14,8,goal,False,,,,,,False,False,championship_series,True,,100,1198,,False,,000333,True
236,championship-series-1-2024-2-16,shot-2009800,101,3,03:39,1221,WAT,Philadelphia Waterdogs,000240,Kieran McArdle,000363,Ryan Conrad,shot,2_PT,Missed shot(2pt) by Kieran McArdle. Save by CAL T. Troutner.,14,8,,000370,Tim Troutner,True,True,messy,,,,,,,14,8,saved,False,,,,,,True,False,championship_series,True,,101,1221,,False,,000363,True
236,championship-series-1-2024-2-16,groundball-2010000,102,3,03:36,1224,RED,California Redwoods,000333,Sergio Perkovic,,,groundball,,Groundball picked up by S. Perkovic.,20,14,,,,,,,,,,,,,14,8,,False,False,,,,,,,championship_series,True,,102,1224,,False,,,True
236,championship-series-1-2024-2-16,shot-2010300,103,3,03:26,1234,RED,California Redwoods,003024,Brian Tevlin,000305,Romar Dennis,goal,1_PT,GOAL by B. Tevlin. Assist R. Dennis.,14,9,,000408,Matt DeLuca,,,,,,,,True,,14,9,goal,False,,,,,,False,False,championship_series,True,,103,1234,,False,,000305,True
236,championship-series-1-2024-2-16,shot-2010700,104,3,03:10,1250,WAT,Philadelphia Waterdogs,001810,Michael Sowers,001818,Jake Carraway,shot,1_PT,Missed shot by Michael Sowers. Save by CAL T. Troutner.,14,9,,000370,Tim Troutner,True,True,messy,,,,,,,14,9,saved,False,,,,,,False,False,championship_series,True,,104,1250,,False,,001818,True
236,championship-series-1-2024-2-16,shot-2011400,105,3,02:46,1274,WAT,Philadelphia Waterdogs,003052,Kyle Borda,001818,Jake Carraway,shot,2_PT,Missed shot(2pt) by Kyle Borda.,14,9,,000370,Tim Troutner,False,False,,,,,,,,14,9,missed,False,,,,,,True,False,championship_series,True,,105,1274,,False,,001818,True
236,championship-series-1-2024-2-16,shot-2011800,106,3,02:34,1286,RED,California Redwoods,000305,Romar Dennis,000370,Tim Troutner,shot,2_PT,Missed shot(2pt) by Romar Dennis.,14,9,,000408,Matt DeLuca,False,False,,,,,,,,14,9,missed,False,,,,,,True,False,championship_series,True,,106,1286,,False,,000370,True
236,championship-series-1-2024-2-16,shot-2012600,107,3,02:09,1311,WAT,Philadelphia Waterdogs,000363,Ryan Conrad,000240,Kieran McArdle,shot,1_PT,Missed shot by Ryan Conrad.,14,9,,000370,Tim Troutner,False,False,,,,,,,,14,9,missed,False,,,,,,False,False,championship_series,True,,107,1311,,False,,000240,True
236,championship-series-1-2024-2-16,shot-2013200,108,3,01:50,1330,RED,California Redwoods,000351,Jules Heningburg,000333,Sergio Perkovic,shot,1_PT,Missed shot by Jules Heningburg.,14,9,,000408,Matt DeLuca,False,False,,,,,,,,14,9,missed,False,,,,,,False,False,championship_series,True,,108,1330,,False,,000333,True
236,championship-series-1-2024-2-16,shot-2013800,109,3,01:30,1350,WAT,Philadelphia Waterdogs,001818,Jake Carraway,003054,Jeff Conner,shot,2_PT,Missed shot(2pt) by Jake Carraway.,14,9,,000370,Tim Troutner,False,False,,,,,,,,14,9,missed,False,,,,,,True,False,championship_series,True,,109,1350,,False,,003054,True
236,championship-series-1-2024-2-16,turnover-2014510,110,3,01:05,1375,RED,California Redwoods,,,,,turnover,,Turnover by CAL,20,14,,,,,,,,,,,,,14,9,,False,,False,,,,,,championship_series,True,,110,1375,,False,,,True
236,championship-series-1-2024-2-16,shot-2014900,111,3,01:02,1378,WAT,Philadelphia Waterdogs,000240,Kieran McArdle,,,goal,1_PT,GOAL by K. McArdle.,15,9,,000370,Tim Troutner,,,,,,,,True,,15,9,goal,False,,,,,,False,False,championship_series,True,,111,1378,,False,,,True
236,championship-series-1-2024-2-16,shot-2015500,112,3,00:43,1397,RED,California Redwoods,000305,Romar Dennis,000333,Sergio Perkovic,shot,2_PT,Missed shot(2pt) by Romar Dennis. Save by PHI M. DeLuca.,15,9,,000408,Matt DeLuca,True,True,clean,,,,,,,15,9,saved,False,,,,,,True,False,championship_series,True,,112,1397,,False,,000333,True
236,championship-series-1-2024-2-16,shot-2016000,113,3,00:14,1426,WAT,Philadelphia Waterdogs,000240,Kieran McArdle,003052,Kyle Borda,shot,1_PT,Missed shot by Kieran McArdle.,15,9,,000370,Tim Troutner,False,False,,,,,,,,15,9,missed,False,,,,,,False,False,championship_series,True,,113,1426,,False,,003052,True
236,championship-series-1-2024-2-16,penalty-2016400,114,3,00:11,1429,WAT,Philadelphia Waterdogs,000240,Kieran McArdle,,,penalty,,PHI Kieran McArdle 1 min penalty for Unsportsmanlike Conduct.,20,14,,,,,,,60.0,Unsportsmanlike Conduct,,,,,15,9,,False,,,,False,True,,,championship_series,True,,114,1429,,False,,,True
236,championship-series-1-2024-2-16,penalty-2016500,115,3,00:11,1429,RED,California Redwoods,000414,Rob Pannell,,,penalty,,CAL Rob Pannell 1 min penalty for Unsportsmanlike Conduct.,20,14,,,,,,,60.0,Unsportsmanlike Conduct,,,,,15,9,,False,,,,False,True,,,championship_series,True,,115,1429,,False,,,True
236,championship-series-1-2024-2-16,faceoff-3000100,116,4,07:57,1443,WAT,Philadelphia Waterdogs,000363,Ryan Conrad,001824,Ryan Tierney,faceoff,,Faceoff win R. Conrad (vs. R. Tierney). GB PHI R. Conrad.,20,14,000363,,,,,,,,,,,,15,9,,False,,,False,,,,,championship_series,True,,116,1443,,False,,,True
236,championship-series-1-2024-2-16,groundball-3000200,117,4,07:57,1443,WAT,Philadelphia Waterdogs,000363,Ryan Conrad,,,groundball,,Groundball picked up by R. Conrad.,20,14,,,,,,,,,,,,,15,9,,False,False,,,,,,,championship_series,True,,117,1443,,False,,,True
236,championship-series-1-2024-2-16,shot-3000900,118,4,07:30,1470,WAT,Philadelphia Waterdogs,001818,Jake Carraway,001810,Michael Sowers,goal,2_PT,2PT G by J. Carraway. Assist M. Sowers.,17,9,,000370,Tim Troutner,,,,,,,,True,,17,9,goal,False,,,,,,True,False,championship_series,True,,118,1470,,False,,001810,True
236,championship-series-1-2024-2-16,shot-3001700,119,4,07:03,1497,RED,California Redwoods,002001,Kevin Rogers,,,goal,1_PT,GOAL by K. Rogers.,17,10,,000408,Matt DeLuca,,,,,,,,True,,17,10,goal,False,,,,,,False,False,championship_series,True,,119,1497,,False,,,True
236,championship-series-1-2024-2-16,shot-3002200,120,4,06:51,1509,WAT,Philadelphia Waterdogs,001810,Michael Sowers,,,goal,1_PT,GOAL by M. Sowers.,18,10,,000370,Tim Troutner,,,,,,,,True,,18,10,goal,False,,,,,,False,False,championship_series,True,,120,1509,,False,,,True
236,championship-series-1-2024-2-16,shot-3002600,121,4,06:40,1520,RED,California Redwoods,003069,Ricky Miezan,002033,Nakeie Montgomery,goal,2_PT,2PT G by R. Miezan. Assist N. Montgomery.,18,12,,000408,Matt DeLuca,,,,,,,,True,,18,12,goal,False,,,,,,True,False,championship_series,True,,121,1520,,False,,002033,True
236,championship-series-1-2024-2-16,turnover-3003010,122,4,06:20,1540,WAT,Philadelphia Waterdogs,,,,,turnover,,Turnover by PHI,20,14,,,,,,,,,,,,,18,12,,False,,False,,,,,,championship_series,True,,122,1540,,False,,,True
236,championship-series-1-2024-2-16,shot-3003500,123,4,06:01,1559,RED,California Redwoods,000333,Sergio Perkovic,003024,Brian Tevlin,shot,1_PT,Missed shot by Sergio Perkovic. Save by PHI M. DeLuca.,18,12,,000408,Matt DeLuca,True,True,messy,,,,,,,18,12,saved,False,,,,,,False,False,championship_series,True,,123,1559,,False,,003024,True
236,championship-series-1-2024-2-16,turnover-3004110,124,4,05:30,1590,RED,California Redwoods,,,,,turnover,,Turnover by CAL,20,14,,,,,,,,,,,,,18,12,,False,,False,,,,,,championship_series,True,,124,1590,,False,,,True
236,championship-series-1-2024-2-16,shot-3004500,125,4,05:23,1597,WAT,Philadelphia Waterdogs,000240,Kieran McArdle,000363,Ryan Conrad,goal,1_PT,GOAL by K. McArdle. Assist R. Conrad.,19,12,,000370,Tim Troutner,,,,,,,,True,,19,12,goal,False,,,,,,False,False,championship_series,True,,125,1597,,False,,000363,True
236,championship-series-1-2024-2-16,shot-3005000,126,4,05:07,1613,RED,California Redwoods,003024,Brian Tevlin,002001,Kevin Rogers,shot,1_PT,Missed shot by Brian Tevlin. Save by PHI M. DeLuca.,19,12,,000408,Matt DeLuca,True,True,messy,,,,,,,19,12,saved,False,,,,,,False,False,championship_series,True,,126,1613,,False,,002001,True
236,championship-series-1-2024-2-16,shot-3005300,127,4,04:58,1622,RED,California Redwoods,003069,Ricky Miezan,,,shot,2_PT,Missed shot(2pt) by Ricky Miezan.,19,12,,000408,Matt DeLuca,False,False,,,,,,,,19,12,missed,False,,,,,,True,False,championship_series,True,,127,1622,,False,,,True
236,championship-series-1-2024-2-16,shot-3005800,128,4,04:47,1633,RED,California Redwoods,002033,Nakeie Montgomery,000414,Rob Pannell,goal,1_PT,GOAL by N. Montgomery. Assist R. Pannell.,19,13,,000408,Matt DeLuca,,,,,,,,True,,19,13,goal,False,,,,,,False,False,championship_series,True,,128,1633,,False,,000414,True
236,championship-series-1-2024-2-16,turnover-3006300,129,4,04:26,1654,WAT,Philadelphia Waterdogs,,,,,turnover,,Turnover by PHI,20,14,,,,,,,,,,,,,19,13,,False,,False,,,,,,championship_series,True,,129,1654,,False,,,True
236,championship-series-1-2024-2-16,turnover-3006900,130,4,04:10,1670,RED,California Redwoods,,,,,turnover,,Turnover by CAL,20,14,,,,,,,,,,,,,19,13,,False,,False,,,,,,championship_series,True,,130,1670,,False,,,True
236,championship-series-1-2024-2-16,shot-3007600,131,4,03:43,1697,WAT,Philadelphia Waterdogs,001818,Jake Carraway,001810,Michael Sowers,shot,2_PT,Missed shot(2pt) by Jake Carraway.,19,13,,000370,Tim Troutner,False,False,,,,,,,,19,13,missed,False,,,,,,True,False,championship_series,True,,131,1697,,False,,001810,True
236,championship-series-1-2024-2-16,shot-3008400,132,4,03:27,1713,RED,California Redwoods,002001,Kevin Rogers,000333,Sergio Perkovic,shot,1_PT,Missed shot by Kevin Rogers.,19,13,,000408,Matt DeLuca,False,False,,,,,,,,19,13,missed,False,,,,,,False,False,championship_series,True,,132,1713,,False,,000333,True
236,championship-series-1-2024-2-16,groundball-3008500,133,4,03:25,1715,RED,California Redwoods,000414,Rob Pannell,,,groundball,,Groundball picked up by R. Pannell.,20,14,,,,,,,,,,,,,19,13,,False,False,,,,,,,championship_series,True,,133,1715,,False,,,True
236,championship-series-1-2024-2-16,shot-3008700,134,4,03:21,1719,RED,California Redwoods,001824,Ryan Tierney,000414,Rob Pannell,shot,2_PT,Missed shot(2pt) by Ryan Tierney.,19,13,,000408,Matt DeLuca,False,False,,,,,,,,19,13,missed,False,,,,,,True,False,championship_series,True,,134,1719,,False,,000414,True
236,championship-series-1-2024-2-16,shot-3009700,135,4,02:54,1746,WAT,Philadelphia Waterdogs,000240,Kieran McArdle,001810,Michael Sowers,goal,1_PT,GOAL by K. McArdle. Assist M. Sowers.,20,13,,000370,Tim Troutner,,,,,,,,True,,20,13,goal,False,,,,,,False,False,championship_series,True,,135,1746,,False,,001810,True
236,championship-series-1-2024-2-16,shot-3010500,136,4,02:37,1763,RED,California Redwoods,000305,Romar Dennis,000351,Jules Heningburg,shot,2_PT,Missed shot(2pt) by Romar Dennis.,20,13,,000408,Matt DeLuca,False,False,,,,,,,,20,13,missed,False,,,,,,True,False,championship_series,True,,136,1763,,False,,000351,True
236,championship-series-1-2024-2-16,turnover-3011110,137,4,02:06,1794,WAT,Philadelphia Waterdogs,,,,,turnover,,Turnover by PHI,20,14,,,,,,,,,,,,,20,13,,False,,False,,,,,,championship_series,True,,137,1794,,False,,,True
236,championship-series-1-2024-2-16,turnover-3011800,138,4,01:42,1818,RED,California Redwoods,,,,,turnover,,Turnover by CAL,20,14,,,,,,,,,,,,,20,13,,False,,False,,,,,,championship_series,True,,138,1818,,False,,,True
236,championship-series-1-2024-2-16,groundball-3012400,139,4,01:11,1849,WAT,Philadelphia Waterdogs,003054,Jeff Conner,,,groundball,,Groundball picked up by J. Conner.,20,14,,,,,,,,,,,,,20,13,,False,False,,,,,,,championship_series,True,,139,1849,,False,,,True
236,championship-series-1-2024-2-16,shotclockexpired-3012500,140,4,01:09,1851,WAT,Philadelphia Waterdogs,,,,,shotclockexpired,,Shot Clock Violation.,20,14,,,,,,,,,,,,,20,13,,False,,,,,,,,championship_series,True,,140,1851,,False,,,True
236,championship-series-1-2024-2-16,turnover-3012510,141,4,01:09,1851,WAT,Philadelphia Waterdogs,,,,,turnover,,Turnover by PHI,20,14,,,,,,,,,,,,,20,13,,False,,False,,,,,,championship_series,True,,141,1851,,False,,,True
236,championship-series-1-2024-2-16,shot-3012800,142,4,01:06,1854,RED,California Redwoods,000333,Sergio Perkovic,001824,Ryan Tierney,shot,2_PT,Missed shot(2pt) by Sergio Perkovic. Save by PHI M. DeLuca.,20,13,,000408,Matt DeLuca,True,True,messy,,,,,,,20,13,saved,False,,,,,,True,False,championship_series,True,,142,1854,,False,,001824,True
236,championship-series-1-2024-2-16,shotclockexpired-3013400,143,4,00:29,1891,WAT,Philadelphia Waterdogs,,,,,shotclockexpired,,Shot Clock Violation.,20,14,,,,,,,,,,,,,20,13,,False,,,,,,,,championship_series,True,,143,1891,,False,,,True
236,championship-series-1-2024-2-16,turnover-3013410,144,4,00:29,1891,WAT,Philadelphia Waterdogs,,,,,turnover,,Turnover by PHI,20,14,,,,,,,,,,,,,20,13,,False,,False,,,,,,championship_series,True,,144,1891,,False,,,True
236,championship-series-1-2024-2-16,shot-3013900,145,4,00:22,1898,RED,California Redwoods,002033,Nakeie Montgomery,,,goal,1_PT,GOAL by N. Montgomery.,20,14,,000408,Matt DeLuca,,,,,,,,True,,20,14,goal,False,,,,,,False,False,championship_series,True,,145,1898,,False,,,True
236,championship-series-1-2024-2-16,gameEnd,146,4,00:00,1920,,,,,,,gameEnd,,Game End,20,14,,,,,,,,,0.0,1.0,,,20,14,,False,,,,,,,,championship_series,True,,146,1920,,False,,,True
237,championship-series-2-2024-2-16,pregame,0,1,08:00,0,,,,,,,pregame,,Game Start,0,0,,,,,,,,,0.5,0.5,,,0,0,,False,,,,,,,,championship_series,True,,0,0,,False,,,True
237,championship-series-2-2024-2-16,faceoff-100,1,1,07:56,4,CAN,Boston Cannons,003041,Ethan Rall,002043,Ryan Aughavin,faceoff,,Faceoff win E. Rall (vs. R. Aughavin). GB BOS J. Stout.,19,26,003043,,,,,,,,,,,,0,0,,False,,,False,,,,,championship_series,True,,1,4,,False,,,True
237,championship-series-2-2024-2-16,groundball-200,2,1,07:56,4,CAN,Boston Cannons,003043,Josh Stout,,,groundball,,Groundball picked up by J. Stout.,19,26,,,,,,,,,,,,,0,0,,False,False,,,,,,,championship_series,True,,2,4,,False,,,True
237,championship-series-2-2024-2-16,turnover-300,3,1,07:53,7,CAN,Boston Cannons,,,,,turnover,,Turnover by BOS,19,26,,,,,,,,,,,,,0,0,,False,,False,,,,,,championship_series,True,,3,7,,False,,,True
237,championship-series-2-2024-2-16,groundball-500,4,1,07:50,10,ARC,Utah Archers,000397,Reece Eddy,,,groundball,,Groundball picked up by R. Eddy.,19,26,,,,,,,,,,,,,0,0,,False,False,,,,,,,championship_series,True,,4,10,,False,,,True
237,championship-series-2-2024-2-16,shot-1200,5,1,07:29,31,ARC,Utah Archers,002018,Matt Moore,000221,Ryan Ambler,shot,2_PT,Missed shot(2pt) by Matt Moore.,0,0,,000201,Adam Ghitelman,False,False,,,,,,,,0,0,missed,False,,,,,,True,False,championship_series,True,,5,31,,False,,000221,True
237,championship-series-2-2024-2-16,shot-2200,6,1,07:06,54,CAN,Boston Cannons,001729,Chris Aslanian,000358,Ryan Drenner,shot,2_PT,Missed shot(2pt) by Chris Aslanian. Save by UTA P. Burkinshaw.,0,0,,003071,Patrick Burkinshaw,True,True,messy,,,,,,,0,0,saved,False,,,,,,True,False,championship_series,True,,6,54,,False,,000358,True
237,championship-series-2-2024-2-16,shot-2700,7,1,06:53,67,CAN,Boston Cannons,000216,Marcus Holman,003013,Matt Campbell,shot,1_PT,Missed shot by Marcus Holman.,0,0,,003071,Patrick Burkinshaw,False,False,,,,,,,,0,0,missed,False,,,,,,False,False,championship_series,True,,7,67,,False,,003013,True
237,championship-series-2-2024-2-16,shot-3500,8,1,06:34,86,ARC,Utah Archers,000221,Ryan Ambler,,,goal,2_PT,2PT G by R. Ambler.,2,0,,000201,Adam Ghitelman,,,,,,,,True,,2,0,goal,False,,,,,,True,False,championship_series,True,,8,86,,False,,,True
237,championship-series-2-2024-2-16,turnover-4200,9,1,06:12,108,CAN,Boston Cannons,,,,,turnover,,Turnover by BOS,19,26,,,,,,,,,,,,,2,0,,False,,False,,,,,,championship_series,True,,9,108,,False,,,True
237,championship-series-2-2024-2-16,shot-4700,10,1,05:58,122,ARC,Utah Archers,001686,Nate Solomon,001843,Cole Williams,goal,1_PT,GOAL by N. Solomon. Assist C. Williams.,3,0,,000201,Adam Ghitelman,,,,,,,,True,,3,0,goal,False,,,,,,False,False,championship_series,True,,10,122,,False,,001843,True
237,championship-series-2-2024-2-16,shot-5200,11,1,05:50,130,CAN,Boston Cannons,003043,Josh Stout,000358,Ryan Drenner,shot,2_PT,Missed shot(2pt) by Josh Stout.,3,0,,003071,Patrick Burkinshaw,False,False,,,,,,,,3,0,missed,False,,,,,,True,False,championship_series,True,,11,130,,False,,000358,True
237,championship-series-2-2024-2-16,turnover-5500,12,1,05:35,145,ARC,Utah Archers,,,,,turnover,,Turnover by UTA,19,26,,,,,,,,,,,,,3,0,,False,,False,,,,,,championship_series,True,,12,145,,False,,,True
237,championship-series-2-2024-2-16,groundball-5600,13,1,05:33,147,CAN,Boston Cannons,000201,Adam Ghitelman,,,groundball,,Groundball picked up by A. Ghitelman.,19,26,,,,,,,,,,,,,3,0,,False,False,,,,,,,championship_series,True,,13,147,,False,,,True
237,championship-series-2-2024-2-16,shot-6100,14,1,05:23,157,CAN,Boston Cannons,002025,Bubba Fairman,,,goal,1_PT,GOAL by B. Fairman.,3,1,,003071,Patrick Burkinshaw,,,,,,,,True,,3,1,goal,False,,,,,,False,False,championship_series,True,,14,157,,False,,,True
237,championship-series-2-2024-2-16,groundball-6500,15,1,04:59,181,ARC,Utah Archers,003006,Piper Bond,,,groundball,,Groundball picked up by P. Bond.,19,26,,,,,,,,,,,,,3,1,,False,False,,,,,,,championship_series,True,,15,181,,False,,,True
237,championship-series-2-2024-2-16,shot-6600,16,1,04:59,181,ARC,Utah Archers,003006,Piper Bond,,,shot,1_PT,Missed shot by Piper Bond. Save by BOS A. Ghitelman.,3,1,,000201,Adam Ghitelman,True,True,clean,,,,,,,3,1,saved,False,,,,,,False,False,championship_series,True,,16,181,,False,,,True
237,championship-series-2-2024-2-16,shot-7000,17,1,04:54,186,CAN,Boston Cannons,003013,Matt Campbell,000201,Adam Ghitelman,goal,2_PT,2PT G by M. Campbell. Assist A. Ghitelman.,3,3,,003071,Patrick Burkinshaw,,,,,,,,True,,3,3,goal,False,,,,,,True,False,championship_series,True,,17,186,,False,,000201,True
237,championship-series-2-2024-2-16,shot-7800,18,1,04:39,201,ARC,Utah Archers,002018,Matt Moore,000221,Ryan Ambler,shot,2_PT,Missed shot(2pt) by Matt Moore.,3,3,,000201,Adam Ghitelman,False,False,,,,,,,,3,3,missed,False,,,,,,True,False,championship_series,True,,18,201,,False,,000221,True
237,championship-series-2-2024-2-16,turnover-8100,19,1,04:18,222,ARC,Utah Archers,,,,,turnover,,Turnover by UTA,19,26,,,,,,,,,,,,,3,3,,False,,False,,,,,,championship_series,True,,19,222,,False,,,True
237,championship-series-2-2024-2-16,groundball-8300,20,1,04:17,223,CAN,Boston Cannons,001760,Pat Aslanian,,,groundball,,Groundball picked up by P. Aslanian.,19,26,,,,,,,,,,,,,3,3,,False,False,,,,,,,championship_series,True,,20,223,,False,,,True
237,championship-series-2-2024-2-16,shot-8600,21,1,04:12,228,CAN,Boston Cannons,002024,Asher Nolting,001760,Pat Aslanian,shot,1_PT,Missed shot by Asher Nolting.,3,3,,003071,Patrick Burkinshaw,False,False,,,,,,,,3,3,missed,False,,,,,,False,False,championship_series,True,,21,228,,False,,001760,True
237,championship-series-2-2024-2-16,groundball-8800,22,1,03:56,244,ARC,Utah Archers,001843,Cole Williams,,,groundball,,Groundball picked up by C. Williams.,19,26,,,,,,,,,,,,,3,3,,False,False,,,,,,,championship_series,True,,22,244,,False,,,True
237,championship-series-2-2024-2-16,shot-9100,23,1,03:49,251,ARC,Utah Archers,003006,Piper Bond,001843,Cole Williams,shot,1_PT,Missed shot by Piper Bond.,3,3,,000201,Adam Ghitelman,True,False,,,,,,,,3,3,on_goal_no_save,False,,,,,,False,False,championship_series,True,,23,251,,False,,001843,True
237,championship-series-2-2024-2-16,shot-9800,24,1,03:24,276,CAN,Boston Cannons,000358,Ryan Drenner,000327,Matt Kavanagh,shot,2_PT,Missed shot(2pt) by Ryan Drenner. Save by UTA P. Burkinshaw.,3,3,,003071,Patrick Burkinshaw,True,True,clean,,,,,,,3,3,saved,False,,,,,,True,False,championship_series,True,,24,276,,False,,000327,True
237,championship-series-2-2024-2-16,shot-10400,25,1,03:15,285,ARC,Utah Archers,003070,Ronan Jacoby,002018,Matt Moore,goal,1_PT,GOAL by R. Jacoby. Assist M. Moore.,4,3,,000201,Adam Ghitelman,,,,,,,,True,,4,3,goal,False,,,,,,False,False,championship_series,True,,25,285,,False,,002018,True
237,championship-series-2-2024-2-16,shot-10900,26,1,02:57,303,CAN,Boston Cannons,003043,Josh Stout,002025,Bubba Fairman,shot,1_PT,Missed shot by Josh Stout.,4,3,,003071,Patrick Burkinshaw,False,False,,,,,,,,4,3,missed,False,,,,,,False,False,championship_series,True,,26,303,,False,,002025,True
237,championship-series-2-2024-2-16,shot-11300,27,1,02:48,312,CAN,Boston Cannons,000216,Marcus Holman,003043,Josh Stout,goal,2_PT,2PT G by M. Holman. Assist J. Stout.,4,5,,003071,Patrick Burkinshaw,,,,,,,,True,,4,5,goal,False,,,,,,True,False,championship_series,True,,27,312,,False,,003043,True
237,championship-series-2-2024-2-16,shot-11800,28,1,02:35,325,ARC,Utah Archers,002018,Matt Moore,003070,Ronan Jacoby,shot,2_PT,Missed shot(2pt) by Matt Moore. Save by BOS A. Ghitelman.,4,5,,000201,Adam Ghitelman,True,True,messy,,,,,,,4,5,saved,False,,,,,,True,False,championship_series,True,,28,325,,False,,003070,True
237,championship-series-2-2024-2-16,shot-12700,29,1,02:14,346,CAN,Boston Cannons,002024,Asher Nolting,000327,Matt Kavanagh,shot,2_PT,Missed shot(2pt) by Asher Nolting. Save by UTA P. Burkinshaw.,4,5,,003071,Patrick Burkinshaw,True,True,messy,,,,,,,4,5,saved,False,,,,,,True,False,championship_series,True,,29,346,,False,,000327,True
237,championship-series-2-2024-2-16,groundball-12900,30,1,02:12,348,CAN,Boston Cannons,000358,Ryan Drenner,,,groundball,,Groundball picked up by R. Drenner.,19,26,,,,,,,,,,,,,4,5,,False,False,,,,,,,championship_series,True,,30,348,,False,,,True
237,championship-series-2-2024-2-16,shot-13000,31,1,02:11,349,CAN,Boston Cannons,000358,Ryan Drenner,,,goal,1_PT,GOAL by R. Drenner.,4,6,,003071,Patrick Burkinshaw,,,,,,,,True,,4,6,goal,False,,,,,,False,False,championship_series,True,,31,349,,False,,,True
237,championship-series-2-2024-2-16,shot-13500,32,1,02:03,357,ARC,Utah Archers,003006,Piper Bond,002018,Matt Moore,goal,1_PT,GOAL by P. Bond. Assist M. Moore.,5,6,,000201,Adam Ghitelman,,,,,,,,True,,5,6,goal,False,,,,,,False,False,championship_series,True,,32,357,,False,,002018,True
237,championship-series-2-2024-2-16,groundball-14000,33,1,01:37,383,CAN,Boston Cannons,001760,Pat Aslanian,,,groundball,,Groundball picked up by P. Aslanian.,19,26,,,,,,,,,,,,,5,6,,False,False,,,,,,,championship_series,True,,33,383,,False,,,True
237,championship-series-2-2024-2-16,groundball-14100,34,1,01:32,388,CAN,Boston Cannons,000327,Matt Kavanagh,,,groundball,,Groundball picked up by M. Kavanagh.,19,26,,,,,,,,,,,,,5,6,,False,False,,,,,,,championship_series,True,,34,388,,False,,,True
237,championship-series-2-2024-2-16,shotclockexpired-14200,35,1,01:27,393,CAN,Boston Cannons,,,,,shotclockexpired,,Shot Clock Violation.,19,26,,,,,,,,,,,,,5,6,,False,,,,,,,,championship_series,True,,35,393,,False,,,True
237,championship-series-2-2024-2-16,turnover-14210,36,1,01:27,393,CAN,Boston Cannons,,,,,turnover,,Turnover by BOS,19,26,,,,,,,,,,,,,5,6,,False,,False,,,,,,championship_series,True,,36,393,,False,,,True
237,championship-series-2-2024-2-16,shot-14600,37,1,01:10,410,ARC,Utah Archers,002018,Matt Moore,,,goal,2_PT,2PT G by M. Moore.,7,6,,000201,Adam Ghitelman,,,,,,,,True,,7,6,goal,False,,,,,,True,False,championship_series,True,,37,410,,False,,,True
237,championship-series-2-2024-2-16,shot-15600,38,1,00:37,443,CAN,Boston Cannons,000358,Ryan Drenner,003013,Matt Campbell,goal,1_PT,GOAL by R. Drenner. Assist M. Campbell.,7,7,,003071,Patrick Burkinshaw,,,,,,,,True,,7,7,goal,False,,,,,,False,False,championship_series,True,,38,443,,False,,003013,True
237,championship-series-2-2024-2-16,turnover-16000,39,1,00:24,456,ARC,Utah Archers,,,,,turnover,,Turnover by UTA,19,26,,,,,,,,,,,,,7,7,,False,,False,,,,,,championship_series,True,,39,456,,False,,,True
237,championship-series-2-2024-2-16,groundball-16200,40,1,00:19,461,CAN,Boston Cannons,003041,Ethan Rall,,,groundball,,Groundball picked up by E. Rall.,19,26,,,,,,,,,,,,,7,7,,False,False,,,,,,,championship_series,True,,40,461,,False,,,True
237,championship-series-2-2024-2-16,shot-16600,41,1,00:02,478,CAN,Boston Cannons,002025,Bubba Fairman,000358,Ryan Drenner,goal,1_PT,GOAL by B. Fairman. Assist R. Drenner.,7,8,,003071,Patrick Burkinshaw,,,,,,,,True,,7,8,goal,False,,,,,,False,False,championship_series,True,,41,478,,False,,000358,True
237,championship-series-2-2024-2-16,faceoff-1000100,42,2,07:52,488,ARC,Utah Archers,003006,Piper Bond,003041,Ethan Rall,faceoff,,Faceoff win P. Bond (vs. E. Rall). GB UTA P. Bond.,19,26,003006,,,,,,,,,,,,7,8,,False,,,False,,,,,championship_series,True,,42,488,,False,,,True
237,championship-series-2-2024-2-16,groundball-1000200,43,2,07:52,488,ARC,Utah Archers,003006,Piper Bond,,,groundball,,Groundball picked up by P. Bond.,19,26,,,,,,,,,,,,,7,8,,False,False,,,,,,,championship_series,True,,43,488,,False,,,True
237,championship-series-2-2024-2-16,turnover-1000400,44,2,07:48,492,ARC,Utah Archers,,,,,turnover,,Turnover by UTA,19,26,,,,,,,,,,,,,7,8,,False,,False,,,,,,championship_series,True,,44,492,,False,,,True
237,championship-series-2-2024-2-16,groundball-1000600,45,2,07:46,494,CAN,Boston Cannons,003043,Josh Stout,,,groundball,,Groundball picked up by J. Stout.,19,26,,,,,,,,,,,,,7,8,,False,False,,,,,,,championship_series,True,,45,494,,False,,,True
237,championship-series-2-2024-2-16,shot-1000800,46,2,07:43,497,CAN,Boston Cannons,003043,Josh Stout,,,shot,1_PT,Missed shot by Josh Stout. Save by UTA P. Burkinshaw.,7,8,,003071,Patrick Burkinshaw,True,True,messy,,,,,,,7,8,saved,False,,,,,,False,False,championship_series,True,,46,497,,False,,,True
237,championship-series-2-2024-2-16,groundball-1001000,47,2,07:41,499,ARC,Utah Archers,000397,Reece Eddy,,,groundball,,Groundball picked up by R. Eddy.,19,26,,,,,,,,,,,,,7,8,,False,False,,,,,,,championship_series,True,,47,499,,False,,,True
237,championship-series-2-2024-2-16,groundball-1001100,48,2,07:35,505,ARC,Utah Archers,003005,Connor Maher,,,groundball,,Groundball picked up by C. Maher.,19,26,,,,,,,,,,,,,7,8,,False,False,,,,,,,championship_series,True,,48,505,,False,,,True
237,championship-series-2-2024-2-16,turnover-1001310,49,2,07:32,508,ARC,Utah Archers,,,,,turnover,,Turnover by UTA,19,26,,,,,,,,,,,,,7,8,,False,,False,,,,,,championship_series,True,,49,508,,False,,,True
237,championship-series-2-2024-2-16,shot-1001900,50,2,07:17,523,CAN,Boston Cannons,002024,Asher Nolting,,,goal,1_PT,GOAL by A. Nolting.,7,9,,003071,Patrick Burkinshaw,,,,,,,,True,,7,9,goal,False,,,,,,False,False,championship_series,True,,50,523,,False,,,True
237,championship-series-2-2024-2-16,shot-1002400,51,2,07:07,533,ARC,Utah Archers,003070,Ronan Jacoby,,,goal,1_PT,GOAL by R. Jacoby.,8,9,,000201,Adam Ghitelman,,,,,,,,True,,8,9,goal,False,,,,,,False,False,championship_series,True,,51,533,,False,,,True
237,championship-series-2-2024-2-16,shot-1003100,52,2,06:45,555,CAN,Boston Cannons,003013,Matt Campbell,002024,Asher Nolting,shot,1_PT,Missed shot by Matt Campbell. Save by UTA P. Burkinshaw.,8,9,,003071,Patrick Burkinshaw,True,True,clean,,,,,,,8,9,saved,False,,,,,,False,False,championship_series,True,,52,555,,False,,002024,True
237,championship-series-2-2024-2-16,shot-1003800,53,2,06:21,579,ARC,Utah Archers,001686,Nate Solomon,002018,Matt Moore,shot,1_PT,Missed shot by Nate Solomon.,8,9,,000201,Adam Ghitelman,False,False,,,,,,,,8,9,missed,False,,,,,,False,False,championship_series,True,,53,579,,False,,002018,True
237,championship-series-2-2024-2-16,groundball-1004000,54,2,06:17,583,ARC,Utah Archers,003005,Connor Maher,,,groundball,,Groundball picked up by C. Maher.,19,26,,,,,,,,,,,,,8,9,,False,False,,,,,,,championship_series,True,,54,583,,False,,,True
237,championship-series-2-2024-2-16,shot-1004200,55,2,06:14,586,ARC,Utah Archers,003070,Ronan Jacoby,003005,Connor Maher,shot,1_PT,Missed shot by Ronan Jacoby.,8,9,,000201,Adam Ghitelman,False,False,,,,,,,,8,9,missed,False,,,,,,False,False,championship_series,True,,55,586,,False,,003005,True
237,championship-series-2-2024-2-16,turnover-1004910,56,2,05:43,617,CAN,Boston Cannons,,,,,turnover,,Turnover by BOS,19,26,,,,,,,,,,,,,8,9,,False,,False,,,,,,championship_series,True,,56,617,,False,,,True
237,championship-series-2-2024-2-16,shot-1005300,57,2,05:27,633,ARC,Utah Archers,001843,Cole Williams,,,goal,1_PT,GOAL by C. Williams.,9,9,,000201,Adam Ghitelman,,,,,,,,True,,9,9,goal,False,,,,,,False,False,championship_series,True,,57,633,,False,,,True
237,championship-series-2-2024-2-16,shot-1006200,58,2,05:00,660,CAN,Boston Cannons,001729,Chris Aslanian,003043,Josh Stout,shot,2_PT,Missed shot(2pt) by Chris Aslanian. Save by UTA P. Burkinshaw.,9,9,,003071,Patrick Burkinshaw,True,True,messy,,,,,,,9,9,saved,False,,,,,,True,False,championship_series,True,,58,660,,False,,003043,True
237,championship-series-2-2024-2-16,shot-1007100,59,2,04:44,676,ARC,Utah Archers,003070,Ronan Jacoby,002018,Matt Moore,shot,1_PT,Missed shot by Ronan Jacoby.,9,9,,000201,Adam Ghitelman,False,False,,,,,,,,9,9,missed,False,,,,,,False,False,championship_series,True,,59,676,,False,,002018,True
237,championship-series-2-2024-2-16,shot-1007600,60,2,04:23,697,CAN,Boston Cannons,000358,Ryan Drenner,002024,Asher Nolting,goal,1_PT,GOAL by R. Drenner. Assist A. Nolting.,9,10,,003071,Patrick Burkinshaw,,,,,,,,True,,9,10,goal,False,,,,,,False,False,championship_series,True,,60,697,,False,,002024,True
237,championship-series-2-2024-2-16,shot-1008000,61,2,04:12,708,ARC,Utah Archers,001843,Cole Williams,003005,Connor Maher,shot,1_PT,Missed shot by Cole Williams.,9,10,,000201,Adam Ghitelman,True,False,,,,,,,,9,10,on_goal_no_save,False,,,,,,False,False,championship_series,True,,61,708,,False,,003005,True
237,championship-series-2-2024-2-16,groundball-1008200,62,2,04:10,710,ARC,Utah Archers,002043,Ryan Aughavin,,,groundball,,Groundball picked up by R. Aughavin.,19,26,,,,,,,,,,,,,9,10,,False,False,,,,,,,championship_series,True,,62,710,,False,,,True
237,championship-series-2-2024-2-16,groundball-1008600,63,2,03:50,730,ARC,Utah Archers,001686,Nate Solomon,,,groundball,,Groundball picked up by N. Solomon.,19,26,,,,,,,,,,,,,9,10,,False,False,,,,,,,championship_series,True,,63,730,,False,,,True
237,championship-series-2-2024-2-16,shot-1008700,64,2,03:49,731,ARC,Utah Archers,001686,Nate Solomon,,,goal,1_PT,GOAL by N. Solomon.,10,10,,000201,Adam Ghitelman,,,,,,,,True,,10,10,goal,False,,,,,,False,False,championship_series,True,,64,731,,False,,,True
237,championship-series-2-2024-2-16,shot-1009800,65,2,03:28,752,CAN,Boston Cannons,003013,Matt Campbell,000358,Ryan Drenner,goal,2_PT,2PT G by M. Campbell. Assist R. Drenner.,10,12,,003071,Patrick Burkinshaw,,,,,,,,True,,10,12,goal,False,,,,,,True,False,championship_series,True,,65,752,,False,,000358,True
237,championship-series-2-2024-2-16,shot-1010500,66,2,03:06,774,ARC,Utah Archers,002043,Ryan Aughavin,000397,Reece Eddy,shot,2_PT,Missed shot(2pt) by Ryan Aughavin.,10,12,,000201,Adam Ghitelman,False,False,,,,,,,,10,12,missed,False,,,,,,True,False,championship_series,True,,66,774,,False,,000397,True
237,championship-series-2-2024-2-16,shot-1011700,67,2,02:32,808,CAN,Boston Cannons,000327,Matt Kavanagh,000216,Marcus Holman,goal,1_PT,GOAL by M. Kavanagh. Assist M. Holman.,10,13,,003071,Patrick Burkinshaw,,,,,,,,True,,10,13,goal,False,,,,,,False,False,championship_series,True,,67,808,,False,,000216,True
237,championship-series-2-2024-2-16,shot-1012300,68,2,02:09,831,ARC,Utah Archers,000221,Ryan Ambler,,,goal,1_PT,GOAL by R. Ambler.,11,13,,000201,Adam Ghitelman,,,,,,,,True,,11,13,goal,False,,,,,,False,False,championship_series,True,,68,831,,False,,,True
237,championship-series-2-2024-2-16,shot-1012800,69,2,01:53,847,CAN,Boston Cannons,003013,Matt Campbell,002025,Bubba Fairman,shot,1_PT,Missed shot by Matt Campbell.,11,13,,003071,Patrick Burkinshaw,False,False,,,,,,,,11,13,missed,False,,,,,,False,False,championship_series,True,,69,847,,False,,002025,True
237,championship-series-2-2024-2-16,turnover-1013510,70,2,01:29,871,ARC,Utah Archers,,,,,turnover,,Turnover by UTA,19,26,,,,,,,,,,,,,11,13,,False,,False,,,,,,championship_series,True,,70,871,,False,,,True
237,championship-series-2-2024-2-16,shot-1014300,71,2,01:15,885,CAN,Boston Cannons,003013,Matt Campbell,000216,Marcus Holman,shot,2_PT,Missed shot(2pt) by Matt Campbell. Save by UTA P. Burkinshaw.,11,13,,003071,Patrick Burkinshaw,True,True,messy,,,,,,,11,13,saved,False,,,,,,True,False,championship_series,True,,71,885,,False,,000216,True
237,championship-series-2-2024-2-16,groundball-1014500,72,2,01:12,888,ARC,Utah Archers,002043,Ryan Aughavin,,,groundball,,Groundball picked up by R. Aughavin.,19,26,,,,,,,,,,,,,11,13,,False,False,,,,,,,championship_series,True,,72,888,,False,,,True
237,championship-series-2-2024-2-16,shot-1015100,73,2,00:57,903,ARC,Utah Archers,003070,Ronan Jacoby,002043,Ryan Aughavin,shot,1_PT,Missed shot by Ronan Jacoby.,11,13,,000201,Adam Ghitelman,False,False,,,,,,,,11,13,missed,False,,,,,,False,False,championship_series,True,,73,903,,False,,002043,True
237,championship-series-2-2024-2-16,groundball-1015200,74,2,00:55,905,CAN,Boston Cannons,000201,Adam Ghitelman,,,groundball,,Groundball picked up by A. Ghitelman.,19,26,,,,,,,,,,,,,11,13,,False,False,,,,,,,championship_series,True,,74,905,,False,,,True
237,championship-series-2-2024-2-16,shot-1015500,75,2,00:52,908,CAN,Boston Cannons,000216,Marcus Holman,000201,Adam Ghitelman,goal,2_PT,2PT G by M. Holman. Assist A. Ghitelman.,11,15,,003071,Patrick Burkinshaw,,,,,,,,True,,11,15,goal,False,,,,,,True,False,championship_series,True,,75,908,,False,,000201,True
237,championship-series-2-2024-2-16,turnover-1015800,76,2,00:32,928,ARC,Utah Archers,,,,,turnover,,Turnover by UTA,19,26,,,,,,,,,,,,,11,15,,False,,False,,,,,,championship_series,True,,76,928,,False,,,True
237,championship-series-2-2024-2-16,groundball-1016000,77,2,00:30,930,CAN,Boston Cannons,000201,Adam Ghitelman,,,groundball,,Groundball picked up by A. Ghitelman.,19,26,,,,,,,,,,,,,11,15,,False,False,,,,,,,championship_series,True,,77,930,,False,,,True
237,championship-series-2-2024-2-16,shot-1016400,78,2,00:25,935,CAN,Boston Cannons,001760,Pat Aslanian,003041,Ethan Rall,goal,1_PT,GOAL by P. Aslanian. Assist E. Rall.,11,16,,003071,Patrick Burkinshaw,,,,,,,,True,,11,16,goal,False,,,,,,False,False,championship_series,True,,78,935,,False,,003041,True
237,championship-series-2-2024-2-16,shot-1016900,79,2,00:11,949,ARC,Utah Archers,001686,Nate Solomon,000221,Ryan Ambler,shot,1_PT,Missed shot by Nate Solomon.,11,16,,000201,Adam Ghitelman,False,False,,,,,,,,11,16,missed,False,,,,,,False,False,championship_series,True,,79,949,,False,,000221,True
237,championship-series-2-2024-2-16,shot-1017300,80,2,00:01,959,CAN,Boston Cannons,000327,Matt Kavanagh,000201,Adam Ghitelman,goal,1_PT,GOAL by M. Kavanagh. Assist A. Ghitelman.,11,17,,003071,Patrick Burkinshaw,,,,,,,,True,,11,17,goal,False,,,,,,False,False,championship_series,True,,80,959,,False,,000201,True
237,championship-series-2-2024-2-16,faceoff-2000300,81,3,07:51,969,CAN,Boston Cannons,003041,Ethan Rall,003006,Piper Bond,faceoff,,Faceoff win E. Rall (vs. P. Bond). GB BOS P. Aslanian.,19,26,001760,,,,,,,,,,,,11,17,,False,,,False,,,,,championship_series,True,,81,969,,False,,,True
237,championship-series-2-2024-2-16,groundball-2000400,82,3,07:51,969,CAN,Boston Cannons,001760,Pat Aslanian,,,groundball,,Groundball picked up by P. Aslanian.,19,26,,,,,,,,,,,,,11,17,,False,False,,,,,,,championship_series,True,,82,969,,False,,,True
237,championship-series-2-2024-2-16,turnover-2001100,83,3,07:21,999,CAN,Boston Cannons,,,,,turnover,,Turnover by BOS,19,26,,,,,,,,,,,,,11,17,,False,,False,,,,,,championship_series,True,,83,999,,False,,,True
237,championship-series-2-2024-2-16,shot-2001600,84,3,07:07,1013,ARC,Utah Archers,003070,Ronan Jacoby,002018,Matt Moore,shot,2_PT,Missed shot(2pt) by Ronan Jacoby. Save by BOS C. Kirst.,11,17,,002038,Colin Kirst,True,True,clean,,,,,,,11,17,saved,False,,,,,,True,False,championship_series,True,,84,1013,,False,,002018,True
237,championship-series-2-2024-2-16,turnover-2002300,85,3,06:50,1030,CAN,Boston Cannons,,,,,turnover,,Turnover by BOS,19,26,,,,,,,,,,,,,11,17,,False,,False,,,,,,championship_series,True,,85,1030,,False,,,True
237,championship-series-2-2024-2-16,groundball-2002500,86,3,06:48,1032,ARC,Utah Archers,003005,Connor Maher,,,groundball,,Groundball picked up by C. Maher.,19,26,,,,,,,,,,,,,11,17,,False,False,,,,,,,championship_series,True,,86,1032,,False,,,True
237,championship-series-2-2024-2-16,groundball-2002800,87,3,06:31,1049,ARC,Utah Archers,001686,Nate Solomon,,,groundball,,Groundball picked up by N. Solomon.,19,26,,,,,,,,,,,,,11,17,,False,False,,,,,,,championship_series,True,,87,1049,,False,,,True
237,championship-series-2-2024-2-16,turnover-2002900,88,3,06:25,1055,ARC,Utah Archers,,,,,turnover,,Turnover by UTA,19,26,,,,,,,,,,,,,11,17,,False,,False,,,,,,championship_series,True,,88,1055,,False,,,True
237,championship-series-2-2024-2-16,shot-2003800,89,3,05:59,1081,CAN,Boston Cannons,003013,Matt Campbell,000327,Matt Kavanagh,shot,2_PT,Missed shot(2pt) by Matt Campbell.,11,17,,001773,Nick Washuta,True,False,,,,,,,,11,17,on_goal_no_save,False,,,,,,True,False,championship_series,True,,89,1081,,False,,000327,True
237,championship-series-2-2024-2-16,shot-2004400,90,3,05:43,1097,ARC,Utah Archers,000221,Ryan Ambler,001686,Nate Solomon,shot,1_PT,Missed shot by Ryan Ambler. Save by BOS C. Kirst.,11,17,,002038,Colin Kirst,True,True,messy,,,,,,,11,17,saved,False,,,,,,False,False,championship_series,True,,90,1097,,False,,001686,True
237,championship-series-2-2024-2-16,groundball-2004600,91,3,05:39,1101,CAN,Boston Cannons,000358,Ryan Drenner,,,groundball,,Groundball picked up by R. Drenner.,19,26,,,,,,,,,,,,,11,17,,False,False,,,,,,,championship_series,True,,91,1101,,False,,,True
237,championship-series-2-2024-2-16,turnover-2005110,92,3,05:15,1125,CAN,Boston Cannons,,,,,turnover,,Turnover by BOS,19,26,,,,,,,,,,,,,11,17,,False,,False,,,,,,championship_series,True,,92,1125,,False,,,True
237,championship-series-2-2024-2-16,turnover-2005410,93,3,05:05,1135,ARC,Utah Archers,,,,,turnover,,Turnover by UTA,19,26,,,,,,,,,,,,,11,17,,False,,False,,,,,,championship_series,True,,93,1135,,False,,,True
237,championship-series-2-2024-2-16,shot-2006000,94,3,04:56,1144,CAN,Boston Cannons,001729,Chris Aslanian,003013,Matt Campbell,shot,2_PT,Missed shot(2pt) by Chris Aslanian. Save by UTA N. Washuta.,11,17,,001773,Nick Washuta,True,True,messy,,,,,,,11,17,saved,False,,,,,,True,False,championship_series,True,,94,1144,,False,,003013,True
237,championship-series-2-2024-2-16,shot-2006600,95,3,04:39,1161,CAN,Boston Cannons,000358,Ryan Drenner,002024,Asher Nolting,shot,1_PT,Missed shot by Ryan Drenner. Save by UTA N. Washuta.,11,17,,001773,Nick Washuta,True,True,messy,,,,,,,11,17,saved,False,,,,,,False,False,championship_series,True,,95,1161,,False,,002024,True
237,championship-series-2-2024-2-16,shot-2007100,96,3,04:26,1174,CAN,Boston Cannons,003013,Matt Campbell,003043,Josh Stout,shot,1_PT,Missed shot by Matt Campbell. Save by UTA N. Washuta.,11,17,,001773,Nick Washuta,True,True,messy,,,,,,,11,17,saved,False,,,,,,False,False,championship_series,True,,96,1174,,False,,003043,True
237,championship-series-2-2024-2-16,shot-2008100,97,3,04:10,1190,CAN,Boston Cannons,003013,Matt Campbell,,,goal,1_PT,GOAL by M. Campbell.,11,18,,001773,Nick Washuta,,,,,,,,True,,11,18,goal,False,,,,,,False,False,championship_series,True,,97,1190,,False,,,True
237,championship-series-2-2024-2-16,shot-2008700,98,3,03:53,1207,ARC,Utah Archers,001686,Nate Solomon,,,goal,1_PT,GOAL by N. Solomon.,12,18,,002038,Colin Kirst,,,,,,,,True,,12,18,goal,False,,,,,,False,False,championship_series,True,,98,1207,,False,,,True
237,championship-series-2-2024-2-16,shot-2009700,99,3,03:21,1239,CAN,Boston Cannons,000216,Marcus Holman,002024,Asher Nolting,shot,1_PT,Missed shot by Marcus Holman. Save by UTA N. Washuta.,12,18,,001773,Nick Washuta,True,True,messy,,,,,,,12,18,saved,False,,,,,,False,False,championship_series,True,,99,1239,,False,,002024,True
237,championship-series-2-2024-2-16,groundball-2009900,100,3,03:18,1242,ARC,Utah Archers,003005,Connor Maher,,,groundball,,Groundball picked up by C. Maher.,19,26,,,,,,,,,,,,,12,18,,False,False,,,,,,,championship_series,True,,100,1242,,False,,,True
237,championship-series-2-2024-2-16,groundball-2010400,101,3,03:05,1255,ARC,Utah Archers,000221,Ryan Ambler,,,groundball,,Groundball picked up by R. Ambler.,19,26,,,,,,,,,,,,,12,18,,False,False,,,,,,,championship_series,True,,101,1255,,False,,,True
237,championship-series-2-2024-2-16,shot-2010600,102,3,03:04,1256,ARC,Utah Archers,003006,Piper Bond,000221,Ryan Ambler,shot,1_PT,Missed shot by Piper Bond.,12,18,,002038,Colin Kirst,False,False,,,,,,,,12,18,missed,False,,,,,,False,False,championship_series,True,,102,1256,,False,,000221,True
237,championship-series-2-2024-2-16,groundball-2011200,103,3,02:39,1281,CAN,Boston Cannons,002024,Asher Nolting,,,groundball,,Groundball picked up by A. Nolting.,19,26,,,,,,,,,,,,,12,18,,False,False,,,,,,,championship_series,True,,103,1281,,False,,,True
237,championship-series-2-2024-2-16,shot-2011500,104,3,02:33,1287,CAN,Boston Cannons,002024,Asher Nolting,000358,Ryan Drenner,goal,1_PT,GOAL by A. Nolting. Assist R. Drenner.,12,19,,001773,Nick Washuta,,,,,,,,True,,12,19,goal,False,,,,,,False,False,championship_series,True,,104,1287,,False,,000358,True
237,championship-series-2-2024-2-16,groundball-2012100,105,3,02:08,1312,ARC,Utah Archers,000397,Reece Eddy,,,groundball,,Groundball picked up by R. Eddy.,19,26,,,,,,,,,,,,,12,19,,False,False,,,,,,,championship_series,True,,105,1312,,False,,,True
237,championship-series-2-2024-2-16,shot-2012200,106,3,02:08,1312,ARC,Utah Archers,000397,Reece Eddy,,,shot,1_PT,Missed shot by Reece Eddy.,12,19,,002038,Colin Kirst,False,False,,,,,,,,12,19,missed,False,,,,,,False,False,championship_series,True,,106,1312,,False,,,True
237,championship-series-2-2024-2-16,shot-2012800,107,3,01:54,1326,CAN,Boston Cannons,001729,Chris Aslanian,003043,Josh Stout,shot,2_PT,Missed shot(2pt) by Chris Aslanian. Save by UTA N. Washuta.,12,19,,001773,Nick Washuta,True,True,messy,,,,,,,12,19,saved,False,,,,,,True,False,championship_series,True,,107,1326,,False,,003043,True
237,championship-series-2-2024-2-16,groundball-2013000,108,3,01:52,1328,ARC,Utah Archers,001773,Nick Washuta,,,groundball,,Groundball picked up by N. Washuta.,19,26,,,,,,,,,,,,,12,19,,False,False,,,,,,,championship_series,True,,108,1328,,False,,,True
237,championship-series-2-2024-2-16,turnover-2013200,109,3,01:45,1335,ARC,Utah Archers,,,,,turnover,,Turnover by UTA,19,26,,,,,,,,,,,,,12,19,,False,,False,,,,,,championship_series,True,,109,1335,,False,,,True
237,championship-series-2-2024-2-16,groundball-2013400,110,3,01:44,1336,CAN,Boston Cannons,000327,Matt Kavanagh,,,groundball,,Groundball picked up by M. Kavanagh.,19,26,,,,,,,,,,,,,12,19,,False,False,,,,,,,championship_series,True,,110,1336,,False,,,True
237,championship-series-2-2024-2-16,shot-2013500,111,3,01:38,1342,CAN,Boston Cannons,000327,Matt Kavanagh,,,shot,1_PT,Missed shot by Matt Kavanagh.,12,19,,001773,Nick Washuta,False,False,,,,,,,,12,19,missed,False,,,,,,False,False,championship_series,True,,111,1342,,False,,,True
237,championship-series-2-2024-2-16,turnover-2014300,112,3,01:18,1362,ARC,Utah Archers,,,,,turnover,,Turnover by UTA,19,26,,,,,,,,,,,,,12,19,,False,,False,,,,,,championship_series,True,,112,1362,,False,,,True
237,championship-series-2-2024-2-16,groundball-2014500,113,3,01:15,1365,CAN,Boston Cannons,003043,Josh Stout,,,groundball,,Groundball picked up by J. Stout.,19,26,,,,,,,,,,,,,12,19,,False,False,,,,,,,championship_series,True,,113,1365,,False,,,True
237,championship-series-2-2024-2-16,shot-2015400,114,3,00:45,1395,CAN,Boston Cannons,000358,Ryan Drenner,002024,Asher Nolting,shot,1_PT,Missed shot by Ryan Drenner.,12,19,,001773,Nick Washuta,True,False,,,,,,,,12,19,on_goal_no_save,False,,,,,,False,False,championship_series,True,,114,1395,,False,,002024,True
237,championship-series-2-2024-2-16,groundball-2015600,115,3,00:41,1399,ARC,Utah Archers,001773,Nick Washuta,,,groundball,,Groundball picked up by N. Washuta.,19,26,,,,,,,,,,,,,12,19,,False,False,,,,,,,championship_series,True,,115,1399,,False,,,True
237,championship-series-2-2024-2-16,shot-2016200,116,3,00:26,1414,ARC,Utah Archers,002018,Matt Moore,,,goal,1_PT,GOAL by M. Moore.,13,19,,002038,Colin Kirst,,,,,,,,True,,13,19,goal,False,,,,,,False,False,championship_series,True,,116,1414,,False,,,True
237,championship-series-2-2024-2-16,shot-2016500,117,3,00:06,1434,CAN,Boston Cannons,002024,Asher Nolting,002038,Colin Kirst,shot,1_PT,Missed shot by Asher Nolting.,13,19,,001773,Nick Washuta,False,False,,,,,,,,13,19,missed,False,,,,,,False,False,championship_series,True,,117,1434,,False,,002038,True
237,championship-series-2-2024-2-16,shot-2016900,118,3,00:05,1435,ARC,Utah Archers,003005,Connor Maher,001773,Nick Washuta,shot,2_PT,Missed shot(2pt) by Connor Maher.,13,19,,002038,Colin Kirst,False,False,,,,,,,,13,19,missed,False,,,,,,True,False,championship_series,True,,118,1435,,False,,001773,True
237,championship-series-2-2024-2-16,faceoff-3000100,119,4,07:57,1443,CAN,Boston Cannons,003041,Ethan Rall,003006,Piper Bond,faceoff,,Faceoff win E. Rall (vs. P. Bond). GB BOS B. Fairman.,19,26,002025,,,,,,,,,,,,13,19,,False,,,False,,,,,championship_series,True,,119,1443,,False,,,True
237,championship-series-2-2024-2-16,groundball-3000200,120,4,07:57,1443,CAN,Boston Cannons,002025,Bubba Fairman,,,groundball,,Groundball picked up by B. Fairman.,19,26,,,,,,,,,,,,,13,19,,False,False,,,,,,,championship_series,True,,120,1443,,False,,,True
237,championship-series-2-2024-2-16,shot-3000700,121,4,07:38,1462,CAN,Boston Cannons,002024,Asher Nolting,,,goal,1_PT,GOAL by A. Nolting.,13,20,,001773,Nick Washuta,,,,,,,,True,,13,20,goal,False,,,,,,False,False,championship_series,True,,121,1462,,False,,,True
237,championship-series-2-2024-2-16,shot-3001200,122,4,07:22,1478,ARC,Utah Archers,002043,Ryan Aughavin,003070,Ronan Jacoby,shot,2_PT,Missed shot(2pt) by Ryan Aughavin. Save by BOS C. Kirst.,13,20,,002038,Colin Kirst,True,True,messy,,,,,,,13,20,saved,False,,,,,,True,False,championship_series,True,,122,1478,,False,,003070,True
237,championship-series-2-2024-2-16,groundball-3001400,123,4,07:20,1480,ARC,Utah Archers,001686,Nate Solomon,,,groundball,,Groundball picked up by N. Solomon.,19,26,,,,,,,,,,,,,13,20,,False,False,,,,,,,championship_series,True,,123,1480,,False,,,True
237,championship-series-2-2024-2-16,shot-3001500,124,4,07:19,1481,ARC,Utah Archers,001686,Nate Solomon,,,goal,1_PT,GOAL by N. Solomon.,14,20,,002038,Colin Kirst,,,,,,,,True,,14,20,goal,False,,,,,,False,False,championship_series,True,,124,1481,,False,,,True
237,championship-series-2-2024-2-16,shot-3002100,125,4,07:00,1500,CAN,Boston Cannons,003013,Matt Campbell,000327,Matt Kavanagh,shot,2_PT,Missed shot(2pt) by Matt Campbell. Save by UTA N. Washuta.,14,20,,001773,Nick Washuta,True,True,messy,,,,,,,14,20,saved,False,,,,,,True,False,championship_series,True,,125,1500,,False,,000327,True
237,championship-series-2-2024-2-16,turnover-3002900,126,4,06:38,1522,ARC,Utah Archers,,,,,turnover,,Turnover by UTA,19,26,,,,,,,,,,,,,14,20,,False,,False,,,,,,championship_series,True,,126,1522,,False,,,True
237,championship-series-2-2024-2-16,groundball-3003000,127,4,06:36,1524,CAN,Boston Cannons,003013,Matt Campbell,,,groundball,,Groundball picked up by M. Campbell.,19,26,,,,,,,,,,,,,14,20,,False,False,,,,,,,championship_series,True,,127,1524,,False,,,True
237,championship-series-2-2024-2-16,shot-3003200,128,4,06:34,1526,CAN,Boston Cannons,003013,Matt Campbell,,,goal,1_PT,GOAL by M. Campbell.,14,21,,001773,Nick Washuta,,,,,,,,True,,14,21,goal,False,,,,,,False,False,championship_series,True,,128,1526,,False,,,True
237,championship-series-2-2024-2-16,shot-3003900,129,4,06:22,1538,ARC,Utah Archers,002018,Matt Moore,003006,Piper Bond,shot,2_PT,Missed shot(2pt) by Matt Moore.,14,21,,002038,Colin Kirst,False,False,,,,,,,,14,21,missed,False,,,,,,True,False,championship_series,True,,129,1538,,False,,003006,True
237,championship-series-2-2024-2-16,shot-3005000,130,4,05:46,1574,CAN,Boston Cannons,001729,Chris Aslanian,000327,Matt Kavanagh,shot,2_PT,Missed shot(2pt) by Chris Aslanian.,14,21,,001773,Nick Washuta,False,False,,,,,,,,14,21,missed,False,,,,,,True,False,championship_series,True,,130,1574,,False,,000327,True
237,championship-series-2-2024-2-16,turnover-3005500,131,4,05:18,1602,ARC,Utah Archers,,,,,turnover,,Turnover by UTA,19,26,,,,,,,,,,,,,14,21,,False,,False,,,,,,championship_series,True,,131,1602,,False,,,True
237,championship-series-2-2024-2-16,groundball-3005600,132,4,05:13,1607,CAN,Boston Cannons,000216,Marcus Holman,,,groundball,,Groundball picked up by M. Holman.,19,26,,,,,,,,,,,,,14,21,,False,False,,,,,,,championship_series,True,,132,1607,,False,,,True
237,championship-series-2-2024-2-16,shot-3006600,133,4,04:53,1627,CAN,Boston Cannons,000216,Marcus Holman,000327,Matt Kavanagh,goal,1_PT,GOAL by M. Holman. Assist M. Kavanagh.,14,22,,001773,Nick Washuta,,,,,,,,True,,14,22,goal,False,,,,,,False,False,championship_series,True,,133,1627,,False,,000327,True
237,championship-series-2-2024-2-16,groundball-3007100,134,4,04:39,1641,CAN,Boston Cannons,002038,Colin Kirst,,,groundball,,Groundball picked up by C. Kirst.,19,26,,,,,,,,,,,,,14,22,,False,False,,,,,,,championship_series,True,,134,1641,,False,,,True
237,championship-series-2-2024-2-16,shot-3007400,135,4,04:35,1645,CAN,Boston Cannons,003041,Ethan Rall,002038,Colin Kirst,goal,1_PT,GOAL by E. Rall. Assist C. Kirst.,14,23,,001773,Nick Washuta,,,,,,,,True,,14,23,goal,False,,,,,,False,False,championship_series,True,,135,1645,,False,,002038,True
237,championship-series-2-2024-2-16,shot-3007800,136,4,04:32,1648,ARC,Utah Archers,002018,Matt Moore,003006,Piper Bond,shot,1_PT,Missed shot by Matt Moore. Save by BOS C. Kirst.,14,23,,002038,Colin Kirst,True,True,clean,,,,,,,14,23,saved,False,,,,,,False,False,championship_series,True,,136,1648,,False,,003006,True
237,championship-series-2-2024-2-16,shot-3008500,137,4,04:10,1670,CAN,Boston Cannons,003013,Matt Campbell,002025,Bubba Fairman,goal,2_PT,2PT G by M. Campbell. Assist B. Fairman.,14,25,,001773,Nick Washuta,,,,,,,,True,,14,25,goal,False,,,,,,True,False,championship_series,True,,137,1670,,False,,002025,True
237,championship-series-2-2024-2-16,shot-3008800,138,4,04:07,1673,ARC,Utah Archers,003005,Connor Maher,001773,Nick Washuta,goal,2_PT,2PT G by C. Maher. Assist N. Washuta.,16,25,,002038,Colin Kirst,,,,,,,,True,,16,25,goal,False,,,,,,True,False,championship_series,True,,138,1673,,False,,001773,True
237,championship-series-2-2024-2-16,shot-3009200,139,4,03:54,1686,CAN,Boston Cannons,000216,Marcus Holman,002025,Bubba Fairman,goal,1_PT,GOAL by M. Holman. Assist B. Fairman.,16,26,,001773,Nick Washuta,,,,,,,,True,,16,26,goal,False,,,,,,False,False,championship_series,True,,139,1686,,False,,002025,True
237,championship-series-2-2024-2-16,shot-3009700,140,4,03:45,1695,ARC,Utah Archers,002018,Matt Moore,000221,Ryan Ambler,shot,2_PT,Missed shot(2pt) by Matt Moore. Save by BOS C. Kirst.,16,26,,002038,Colin Kirst,True,True,messy,,,,,,,16,26,saved,False,,,,,,True,False,championship_series,True,,140,1695,,False,,000221,True
237,championship-series-2-2024-2-16,shot-3010100,141,4,03:26,1714,ARC,Utah Archers,002018,Matt Moore,003070,Ronan Jacoby,shot,2_PT,Missed shot(2pt) by Matt Moore.,16,26,,002038,Colin Kirst,False,False,,,,,,,,16,26,missed,False,,,,,,True,False,championship_series,True,,141,1714,,False,,003070,True
237,championship-series-2-2024-2-16,groundball-3010300,142,4,03:21,1719,CAN,Boston Cannons,000216,Marcus Holman,,,groundball,,Groundball picked up by M. Holman.,19,26,,,,,,,,,,,,,16,26,,False,False,,,,,,,championship_series,True,,142,1719,,False,,,True
237,championship-series-2-2024-2-16,groundball-3010500,143,4,03:15,1725,CAN,Boston Cannons,002025,Bubba Fairman,,,groundball,,Groundball picked up by B. Fairman.,19,26,,,,,,,,,,,,,16,26,,False,False,,,,,,,championship_series,True,,143,1725,,False,,,True
237,championship-series-2-2024-2-16,shot-3011100,144,4,03:02,1738,CAN,Boston Cannons,001729,Chris Aslanian,000358,Ryan Drenner,shot,1_PT,Missed shot by Chris Aslanian.,16,26,,001773,Nick Washuta,False,False,,,,,,,,16,26,missed,False,,,,,,False,False,championship_series,True,,144,1738,,False,,000358,True
237,championship-series-2-2024-2-16,shot-3011600,145,4,02:44,1756,ARC,Utah Archers,003070,Ronan Jacoby,,,goal,1_PT,GOAL by R. Jacoby.,17,26,,002038,Colin Kirst,,,,,,,,True,,17,26,goal,False,,,,,,False,False,championship_series,True,,145,1756,,False,,,True
237,championship-series-2-2024-2-16,shot-3012300,146,4,02:17,1783,CAN,Boston Cannons,000327,Matt Kavanagh,000216,Marcus Holman,shot,1_PT,Missed shot by Matt Kavanagh. Save by UTA N. Washuta.,17,26,,001773,Nick Washuta,True,True,messy,,,,,,,17,26,saved,False,,,,,,False,False,championship_series,True,,146,1783,,False,,000216,True
237,championship-series-2-2024-2-16,penalty-3013300,147,4,01:59,1801,CAN,Boston Cannons,001760,Pat Aslanian,,,penalty,,BOS Pat Aslanian 1 min penalty for Cross Checking.,19,26,,,,,,,60.0,Cross Checking,,,,,17,26,,False,,,,False,True,,,championship_series,True,,147,1801,,False,,,True
237,championship-series-2-2024-2-16,shot-3013000,148,4,01:59,1801,ARC,Utah Archers,000221,Ryan Ambler,,,shot,1_PT,Missed shot by Ryan Ambler.,17,26,,002038,Colin Kirst,False,False,,,,,,,,17,26,missed,False,,,,,,False,False,championship_series,True,,148,1801,,False,,,True
237,championship-series-2-2024-2-16,shot-3014000,149,4,01:50,1810,ARC,Utah Archers,002043,Ryan Aughavin,000221,Ryan Ambler,shot,2_PT,Missed shot(2pt) by Ryan Aughavin.,17,26,,002038,Colin Kirst,True,False,,,,,,,,17,26,on_goal_no_save,False,,,,,,True,False,championship_series,True,,149,1810,,False,,000221,True
237,championship-series-2-2024-2-16,groundball-3014200,150,4,01:47,1813,ARC,Utah Archers,001773,Nick Washuta,,,groundball,,Groundball picked up by N. Washuta.,19,26,,,,,,,,,,,,,17,26,,False,False,,,,,,,championship_series,True,,150,1813,,False,,,True
237,championship-series-2-2024-2-16,shot-3014800,151,4,01:39,1821,ARC,Utah Archers,003070,Ronan Jacoby,000221,Ryan Ambler,shot,1_PT,Missed shot by Ronan Jacoby. Save by BOS C. Kirst.,17,26,,002038,Colin Kirst,True,True,messy,,,,,,,17,26,saved,False,,,,,,False,False,championship_series,True,,151,1821,,False,,000221,True
237,championship-series-2-2024-2-16,turnover-3015200,152,4,01:26,1834,ARC,Utah Archers,,,,,turnover,,Turnover by UTA,19,26,,,,,,,,,,,,,17,26,,False,,False,,,,,,championship_series,True,,152,1834,,False,,,True
237,championship-series-2-2024-2-16,shotclockexpired-3015900,153,4,00:59,1861,CAN,Boston Cannons,,,,,shotclockexpired,,Shot Clock Violation.,19,26,,,,,,,,,,,,,17,26,,False,,,,,,,,championship_series,True,,153,1861,,False,,,True
237,championship-series-2-2024-2-16,turnover-3015910,154,4,00:59,1861,CAN,Boston Cannons,,,,,turnover,,Turnover by BOS,19,26,,,,,,,,,,,,,17,26,,False,,False,,,,,,championship_series,True,,154,1861,,False,,,True
237,championship-series-2-2024-2-16,shot-3016500,155,4,00:42,1878,ARC,Utah Archers,001686,Nate Solomon,002018,Matt Moore,goal,1_PT,GOAL by N. Solomon. Assist M. Moore.,18,26,,002038,Colin Kirst,,,,,,,,True,,18,26,goal,False,,,,,,False,False,championship_series,True,,155,1878,,False,,002018,True
237,championship-series-2-2024-2-16,shot-3017000,156,4,00:20,1900,CAN,Boston Cannons,000327,Matt Kavanagh,002024,Asher Nolting,shot,1_PT,Missed shot by Matt Kavanagh. Save by UTA N. Washuta.,18,26,,001773,Nick Washuta,True,True,clean,,,,,,,18,26,saved,False,,,,,,False,False,championship_series,True,,156,1900,,False,,002024,True
237,championship-series-2-2024-2-16,shot-3017600,157,4,00:11,1909,ARC,Utah Archers,003006,Piper Bond,003005,Connor Maher,goal,1_PT,GOAL by P. Bond. Assist C. Maher.,19,26,,002038,Colin Kirst,,,,,,,,True,,19,26,goal,False,,,,,,False,False,championship_series,True,,157,1909,,False,,003005,True
237,championship-series-2-2024-2-16,gameEnd,158,4,00:00,1920,,,,,,,gameEnd,,Game End,19,26,,,,,,,,,1.0,0.0,,,19,26,,False,,,,,,,,championship_series,True,,158,1920,,False,,,True
238,championship-series-1-2024-2-17,pregame,0,1,08:00,0,,,,,,,pregame,,Game Start,0,0,,,,,,,,,0.5,0.5,,,0,0,,False,,,,,,,,championship_series,True,,0,0,,False,,,True
238,championship-series-1-2024-2-17,faceoff-100,1,1,07:55,5,ARC,Utah Archers,000221,Ryan Ambler,000414,Rob Pannell,faceoff,,Faceoff win R. Ambler (vs. R. Pannell). GB UTA P. Bond.,18,16,003006,,,,,,,,,,,,0,0,,False,,,False,,,,,championship_series,True,,1,5,,False,,,True
238,championship-series-1-2024-2-17,groundball-200,2,1,07:55,5,ARC,Utah Archers,003006,Piper Bond,,,groundball,,Groundball picked up by P. Bond.,18,16,,,,,,,,,,,,,0,0,,False,False,,,,,,,championship_series,True,,2,5,,False,,,True
238,championship-series-1-2024-2-17,shot-700,3,1,07:40,20,ARC,Utah Archers,000221,Ryan Ambler,003005,Connor Maher,goal,2_PT,2PT G by R. Ambler. Assist C. Maher.,0,2,,000318,Jack Kelly,,,,,,,,True,,0,2,goal,False,,,,,,True,False,championship_series,True,,3,20,,False,,003005,True
238,championship-series-1-2024-2-17,turnover-1610,4,1,07:07,53,RED,California Redwoods,,,,,turnover,,Turnover by CAL,18,16,,,,,,,,,,,,,0,2,,False,,False,,,,,,championship_series,True,,4,53,,False,,,True
238,championship-series-1-2024-2-17,shot-2200,5,1,06:57,63,ARC,Utah Archers,003070,Ronan Jacoby,,,goal,1_PT,GOAL by R. Jacoby.,0,3,,000318,Jack Kelly,,,,,,,,True,,0,3,goal,False,,,,,,False,False,championship_series,True,,5,63,,False,,,True
238,championship-series-1-2024-2-17,shot-2700,6,1,06:44,76,RED,California Redwoods,000333,Sergio Perkovic,003024,Brian Tevlin,goal,1_PT,GOAL by S. Perkovic. Assist B. Tevlin.,1,3,,001773,Nick Washuta,,,,,,,,True,,1,3,goal,False,,,,,,False,False,championship_series,True,,6,76,,False,,003024,True
238,championship-series-1-2024-2-17,shot-3400,7,1,06:20,100,ARC,Utah Archers,001686,Nate Solomon,003070,Ronan Jacoby,goal,1_PT,GOAL by N. Solomon. Assist R. Jacoby.,1,4,,000318,Jack Kelly,,,,,,,,True,,1,4,goal,False,,,,,,False,False,championship_series,True,,7,100,,False,,003070,True
238,championship-series-1-2024-2-17,shot-4000,8,1,05:47,133,RED,California Redwoods,000305,Romar Dennis,000333,Sergio Perkovic,shot,2_PT,Missed shot(2pt) by Romar Dennis. Save by UTA N. Washuta.,1,4,,001773,Nick Washuta,True,True,messy,,,,,,,1,4,saved,False,,,,,,True,False,championship_series,True,,8,133,,False,,000333,True
238,championship-series-1-2024-2-17,groundball-4200,9,1,05:45,135,ARC,Utah Archers,003070,Ronan Jacoby,,,groundball,,Groundball picked up by R. Jacoby.,18,16,,,,,,,,,,,,,1,4,,False,False,,,,,,,championship_series,True,,9,135,,False,,,True
238,championship-series-1-2024-2-17,shot-4500,10,1,05:29,151,ARC,Utah Archers,001686,Nate Solomon,,,goal,1_PT,GOAL by N. Solomon.,1,5,,000318,Jack Kelly,,,,,,,,True,,1,5,goal,False,,,,,,False,False,championship_series,True,,10,151,,False,,,True
238,championship-series-1-2024-2-17,shot-5500,11,1,05:00,180,RED,California Redwoods,002001,Kevin Rogers,002033,Nakeie Montgomery,shot,2_PT,Missed shot(2pt) by Kevin Rogers.,1,5,,001773,Nick Washuta,False,False,,,,,,,,1,5,missed,False,,,,,,True,False,championship_series,True,,11,180,,False,,002033,True
238,championship-series-1-2024-2-17,shotclockexpired-5600,12,1,04:56,184,RED,California Redwoods,,,,,shotclockexpired,,Shot Clock Violation.,18,16,,,,,,,,,,,,,1,5,,False,,,,,,,,championship_series,True,,12,184,,False,,,True
238,championship-series-1-2024-2-17,turnover-5610,13,1,04:56,184,RED,California Redwoods,,,,,turnover,,Turnover by CAL,18,16,,,,,,,,,,,,,1,5,,False,,False,,,,,,championship_series,True,,13,184,,False,,,True
238,championship-series-1-2024-2-17,shot-6300,14,1,04:32,208,ARC,Utah Archers,003070,Ronan Jacoby,,,goal,1_PT,GOAL by R. Jacoby.,1,6,,000318,Jack Kelly,,,,,,,,True,,1,6,goal,False,,,,,,False,False,championship_series,True,,14,208,,False,,,True
238,championship-series-1-2024-2-17,shot-6800,15,1,04:08,232,RED,California Redwoods,000333,Sergio Perkovic,,,goal,2_PT,2PT G by S. Perkovic.,3,6,,001773,Nick Washuta,,,,,,,,True,,3,6,goal,False,,,,,,True,False,championship_series,True,,15,232,,False,,,True
238,championship-series-1-2024-2-17,shot-7500,16,1,03:50,250,ARC,Utah Archers,003006,Piper Bond,000221,Ryan Ambler,shot,1_PT,Missed shot by Piper Bond. Save by CAL J. Kelly.,3,6,,000318,Jack Kelly,True,True,messy,,,,,,,3,6,saved,False,,,,,,False,False,championship_series,True,,16,250,,False,,000221,True
238,championship-series-1-2024-2-17,groundball-7700,17,1,03:46,254,RED,California Redwoods,000318,Jack Kelly,,,groundball,,Groundball picked up by J. Kelly.,18,16,,,,,,,,,,,,,3,6,,False,False,,,,,,,championship_series,True,,17,254,,False,,,True
238,championship-series-1-2024-2-17,groundball-8100,18,1,03:35,265,ARC,Utah Archers,003006,Piper Bond,,,groundball,,Groundball picked up by P. Bond.,18,16,,,,,,,,,,,,,3,6,,False,False,,,,,,,championship_series,True,,18,265,,False,,,True
238,championship-series-1-2024-2-17,penalty-8200,19,1,03:32,268,ARC,Utah Archers,003006,Piper Bond,,,penalty,,UTA Piper Bond 30 sec penalty for Holding.,18,16,,,,,,,30.0,Holding,,,,,3,6,,False,,,,False,True,,,championship_series,True,,19,268,,False,,,True
238,championship-series-1-2024-2-17,shot-8800,20,1,03:24,276,RED,California Redwoods,000351,Jules Heningburg,000414,Rob Pannell,goal,MU,PP Goal by J. Heningburg. Assist R. Pannell.,4,6,,001773,Nick Washuta,,,,,,,,True,,4,6,goal,False,,,,,,False,True,championship_series,True,,20,276,,False,,000414,True
238,championship-series-1-2024-2-17,shot-9500,21,1,03:00,300,ARC,Utah Archers,002018,Matt Moore,000221,Ryan Ambler,shot,2_PT,Missed shot(2pt) by Matt Moore.,4,6,,000318,Jack Kelly,False,False,,,,,,,,4,6,missed,False,,,,,,True,False,championship_series,True,,21,300,,False,,000221,True
238,championship-series-1-2024-2-17,shot-10400,22,1,02:33,327,RED,California Redwoods,000305,Romar Dennis,003012,Kyle Long,shot,2_PT,Missed shot(2pt) by Romar Dennis.,4,6,,001773,Nick Washuta,False,False,,,,,,,,4,6,missed,False,,,,,,True,False,championship_series,True,,22,327,,False,,003012,True
238,championship-series-1-2024-2-17,shot-10900,23,1,02:14,346,ARC,Utah Archers,003072,Kevin Winkoff,003070,Ronan Jacoby,shot,2_PT,Missed shot(2pt) by Kevin Winkoff.,4,6,,000318,Jack Kelly,False,False,,,,,,,,4,6,missed,False,,,,,,True,False,championship_series,True,,23,346,,False,,003070,True
238,championship-series-1-2024-2-17,shot-11600,24,1,01:55,365,RED,California Redwoods,000351,Jules Heningburg,000333,Sergio Perkovic,shot,2_PT,Missed shot(2pt) by Jules Heningburg. Save by UTA N. Washuta.,4,6,,001773,Nick Washuta,True,True,messy,,,,,,,4,6,saved,False,,,,,,True,False,championship_series,True,,24,365,,False,,000333,True
238,championship-series-1-2024-2-17,groundball-11800,25,1,01:53,367,RED,California Redwoods,000351,Jules Heningburg,,,groundball,,Groundball picked up by J. Heningburg.,18,16,,,,,,,,,,,,,4,6,,False,False,,,,,,,championship_series,True,,25,367,,False,,,True
238,championship-series-1-2024-2-17,shot-11900,26,1,01:51,369,RED,California Redwoods,000351,Jules Heningburg,,,shot,1_PT,Missed shot by Jules Heningburg. Save by UTA N. Washuta.,4,6,,001773,Nick Washuta,True,True,messy,,,,,,,4,6,saved,False,,,,,,False,False,championship_series,True,,26,369,,False,,,True
238,championship-series-1-2024-2-17,shot-12600,27,1,01:40,380,RED,California Redwoods,000351,Jules Heningburg,000333,Sergio Perkovic,goal,1_PT,GOAL by J. Heningburg. Assist S. Perkovic.,5,6,,001773,Nick Washuta,,,,,,,,True,,5,6,goal,False,,,,,,False,False,championship_series,True,,27,380,,False,,000333,True
238,championship-series-1-2024-2-17,groundball-12900,28,1,01:27,393,ARC,Utah Archers,003005,Connor Maher,,,groundball,,Groundball picked up by C. Maher.,18,16,,,,,,,,,,,,,5,6,,False,False,,,,,,,championship_series,True,,28,393,,False,,,True
238,championship-series-1-2024-2-17,shot-13200,29,1,01:18,402,ARC,Utah Archers,001686,Nate Solomon,003070,Ronan Jacoby,shot,1_PT,Missed shot by Nate Solomon.,5,6,,000318,Jack Kelly,False,False,,,,,,,,5,6,missed,False,,,,,,False,False,championship_series,True,,29,402,,False,,003070,True
238,championship-series-1-2024-2-17,shot-13800,30,1,01:03,417,RED,California Redwoods,000305,Romar Dennis,002033,Nakeie Montgomery,shot,2_PT,Missed shot(2pt) by Romar Dennis.,5,6,,001773,Nick Washuta,True,False,,,,,,,,5,6,on_goal_no_save,False,,,,,,True,False,championship_series,True,,30,417,,False,,002033,True
238,championship-series-1-2024-2-17,shot-14500,31,1,00:43,437,ARC,Utah Archers,003070,Ronan Jacoby,000221,Ryan Ambler,goal,1_PT,GOAL by R. Jacoby. Assist R. Ambler.,5,7,,000318,Jack Kelly,,,,,,,,True,,5,7,goal,False,,,,,,False,False,championship_series,True,,31,437,,False,,000221,True
238,championship-series-1-2024-2-17,shot-14800,32,1,00:39,441,RED,California Redwoods,002033,Nakeie Montgomery,002001,Kevin Rogers,shot,1_PT,Missed shot by Nakeie Montgomery. Save by UTA N. Washuta.,5,7,,001773,Nick Washuta,True,True,messy,,,,,,,5,7,saved,False,,,,,,False,False,championship_series,True,,32,441,,False,,002001,True
238,championship-series-1-2024-2-17,turnover-15410,33,1,00:03,477,ARC,Utah Archers,,,,,turnover,,Turnover by UTA,18,16,,,,,,,,,,,,,5,7,,False,,False,,,,,,championship_series,True,,33,477,,False,,,True
238,championship-series-1-2024-2-17,shot-15700,34,1,00:01,479,RED,California Redwoods,000318,Jack Kelly,,,shot,2_PT,Missed shot(2pt) by Jack Kelly.,5,7,,001773,Nick Washuta,False,False,,,,,,,,5,7,missed,False,,,,,,True,False,championship_series,True,,34,479,,False,,,True
238,championship-series-1-2024-2-17,faceoff-1000100,35,2,07:50,490,RED,California Redwoods,000414,Rob Pannell,000221,Ryan Ambler,faceoff,,Faceoff win R. Pannell (vs. R. Ambler).,18,16,,,,,,,,,,,,,5,7,,False,,,False,,,,,championship_series,True,,35,490,,False,,,True
238,championship-series-1-2024-2-17,shot-1001000,36,2,07:30,510,RED,California Redwoods,003024,Brian Tevlin,000414,Rob Pannell,goal,1_PT,GOAL by B. Tevlin. Assist R. Pannell.,6,7,,001773,Nick Washuta,,,,,,,,True,,6,7,goal,False,,,,,,False,False,championship_series,True,,36,510,,False,,000414,True
238,championship-series-1-2024-2-17,shot-1001600,37,2,07:17,523,ARC,Utah Archers,002018,Matt Moore,000221,Ryan Ambler,shot,2_PT,Missed shot(2pt) by Matt Moore.,6,7,,000318,Jack Kelly,False,False,,,,,,,,6,7,missed,False,,,,,,True,False,championship_series,True,,37,523,,False,,000221,True
238,championship-series-1-2024-2-17,turnover-1002400,38,2,06:52,548,RED,California Redwoods,,,,,turnover,,Turnover by CAL,18,16,,,,,,,,,,,,,6,7,,False,,False,,,,,,championship_series,True,,38,548,,False,,,True
238,championship-series-1-2024-2-17,groundball-1002600,39,2,06:49,551,ARC,Utah Archers,003005,Connor Maher,,,groundball,,Groundball picked up by C. Maher.,18,16,,,,,,,,,,,,,6,7,,False,False,,,,,,,championship_series,True,,39,551,,False,,,True
238,championship-series-1-2024-2-17,shot-1003400,40,2,06:21,579,ARC,Utah Archers,003070,Ronan Jacoby,,,goal,2_PT,2PT G by R. Jacoby.,6,9,,000318,Jack Kelly,,,,,,,,True,,6,9,goal,False,,,,,,True,False,championship_series,True,,40,579,,False,,,True
238,championship-series-1-2024-2-17,shot-1003800,41,2,06:04,596,RED,California Redwoods,002033,Nakeie Montgomery,000351,Jules Heningburg,shot,1_PT,Missed shot by Nakeie Montgomery. Save by UTA N. Washuta.,6,9,,001773,Nick Washuta,True,True,messy,,,,,,,6,9,saved,False,,,,,,False,False,championship_series,True,,41,596,,False,,000351,True
238,championship-series-1-2024-2-17,groundball-1004000,42,2,06:00,600,ARC,Utah Archers,000397,Reece Eddy,,,groundball,,Groundball picked up by R. Eddy.,18,16,,,,,,,,,,,,,6,9,,False,False,,,,,,,championship_series,True,,42,600,,False,,,True
238,championship-series-1-2024-2-17,shot-1004700,43,2,05:39,621,ARC,Utah Archers,003072,Kevin Winkoff,003070,Ronan Jacoby,shot,1_PT,Missed shot by Kevin Winkoff.,6,9,,000318,Jack Kelly,False,False,,,,,,,,6,9,missed,False,,,,,,False,False,championship_series,True,,43,621,,False,,003070,True
238,championship-series-1-2024-2-17,turnover-1005300,44,2,05:20,640,RED,California Redwoods,,,,,turnover,,Turnover by CAL,18,16,,,,,,,,,,,,,6,9,,False,,False,,,,,,championship_series,True,,44,640,,False,,,True
238,championship-series-1-2024-2-17,groundball-1005500,45,2,05:18,642,ARC,Utah Archers,003006,Piper Bond,,,groundball,,Groundball picked up by P. Bond.,18,16,,,,,,,,,,,,,6,9,,False,False,,,,,,,championship_series,True,,45,642,,False,,,True
238,championship-series-1-2024-2-17,shot-1005800,46,2,05:14,646,ARC,Utah Archers,003072,Kevin Winkoff,003006,Piper Bond,shot,1_PT,Missed shot by Kevin Winkoff.,6,9,,000318,Jack Kelly,False,False,,,,,,,,6,9,missed,False,,,,,,False,False,championship_series,True,,46,646,,False,,003006,True
238,championship-series-1-2024-2-17,shot-1006500,47,2,04:46,674,RED,California Redwoods,003012,Kyle Long,000351,Jules Heningburg,shot,1_PT,Missed shot by Kyle Long. Save by UTA N. Washuta.,6,9,,001773,Nick Washuta,True,True,messy,,,,,,,6,9,saved,False,,,,,,False,False,championship_series,True,,47,674,,False,,000351,True
238,championship-series-1-2024-2-17,groundball-1007000,48,2,04:30,690,RED,California Redwoods,000333,Sergio Perkovic,,,groundball,,Groundball picked up by S. Perkovic.,18,16,,,,,,,,,,,,,6,9,,False,False,,,,,,,championship_series,True,,48,690,,False,,,True
238,championship-series-1-2024-2-17,shot-1007300,49,2,04:18,702,RED,California Redwoods,003024,Brian Tevlin,003012,Kyle Long,shot,1_PT,Missed shot by Brian Tevlin.,6,9,,001773,Nick Washuta,False,False,,,,,,,,6,9,missed,False,,,,,,False,False,championship_series,True,,49,702,,False,,003012,True
238,championship-series-1-2024-2-17,shot-1008300,50,2,03:58,722,ARC,Utah Archers,000221,Ryan Ambler,,,goal,1_PT,GOAL by R. Ambler.,6,10,,000318,Jack Kelly,,,,,,,,True,,6,10,goal,False,,,,,,False,False,championship_series,True,,50,722,,False,,,True
238,championship-series-1-2024-2-17,shot-1008700,51,2,03:54,726,RED,California Redwoods,002001,Kevin Rogers,000333,Sergio Perkovic,goal,1_PT,GOAL by K. Rogers. Assist S. Perkovic.,7,10,,001773,Nick Washuta,,,,,,,,True,,7,10,goal,False,,,,,,False,False,championship_series,True,,51,726,,False,,000333,True
238,championship-series-1-2024-2-17,shot-1009200,52,2,03:45,735,ARC,Utah Archers,002018,Matt Moore,003006,Piper Bond,shot,1_PT,Missed shot by Matt Moore.,7,10,,000318,Jack Kelly,False,False,,,,,,,,7,10,missed,False,,,,,,False,False,championship_series,True,,52,735,,False,,003006,True
238,championship-series-1-2024-2-17,groundball-1009300,53,2,03:43,737,ARC,Utah Archers,003005,Connor Maher,,,groundball,,Groundball picked up by C. Maher.,18,16,,,,,,,,,,,,,7,10,,False,False,,,,,,,championship_series,True,,53,737,,False,,,True
238,championship-series-1-2024-2-17,turnover-1009400,54,2,03:38,742,ARC,Utah Archers,,,,,turnover,,Turnover by UTA,18,16,,,,,,,,,,,,,7,10,,False,,False,,,,,,championship_series,True,,54,742,,False,,,True
238,championship-series-1-2024-2-17,shot-1009800,55,2,03:23,757,RED,California Redwoods,000305,Romar Dennis,000351,Jules Heningburg,shot,2_PT,Missed shot(2pt) by Romar Dennis. Save by UTA N. Washuta.,7,10,,001773,Nick Washuta,True,True,clean,,,,,,,7,10,saved,False,,,,,,True,False,championship_series,True,,55,757,,False,,000351,True
238,championship-series-1-2024-2-17,shot-1010500,56,2,02:59,781,ARC,Utah Archers,000221,Ryan Ambler,002018,Matt Moore,shot,2_PT,Missed shot(2pt) by Ryan Ambler.,7,10,,000318,Jack Kelly,True,False,,,,,,,,7,10,on_goal_no_save,False,,,,,,True,False,championship_series,True,,56,781,,False,,002018,True
238,championship-series-1-2024-2-17,shot-1011300,57,2,02:42,798,RED,California Redwoods,001824,Ryan Tierney,000414,Rob Pannell,shot,1_PT,Missed shot by Ryan Tierney.,7,10,,001773,Nick Washuta,True,False,,,,,,,,7,10,on_goal_no_save,False,,,,,,False,False,championship_series,True,,57,798,,False,,000414,True
238,championship-series-1-2024-2-17,groundball-1011500,58,2,02:38,802,ARC,Utah Archers,003006,Piper Bond,,,groundball,,Groundball picked up by P. Bond.,18,16,,,,,,,,,,,,,7,10,,False,False,,,,,,,championship_series,True,,58,802,,False,,,True
238,championship-series-1-2024-2-17,groundball-1012100,59,2,02:18,822,ARC,Utah Archers,003006,Piper Bond,,,groundball,,Groundball picked up by P. Bond.,18,16,,,,,,,,,,,,,7,10,,False,False,,,,,,,championship_series,True,,59,822,,False,,,True
238,championship-series-1-2024-2-17,shot-1012400,60,2,02:13,827,ARC,Utah Archers,001686,Nate Solomon,002018,Matt Moore,shot,1_PT,Missed shot by Nate Solomon.,7,10,,000318,Jack Kelly,False,False,,,,,,,,7,10,missed,False,,,,,,False,False,championship_series,True,,60,827,,False,,002018,True
238,championship-series-1-2024-2-17,penalty-1012600,61,2,02:10,830,RED,California Redwoods,000305,Romar Dennis,,,penalty,,CAL Romar Dennis 1 min penalty for Cross Checking.,18,16,,,,,,,60.0,Cross Checking,,,,,7,10,,False,,,,False,True,,,championship_series,True,,61,830,,False,,,True
238,championship-series-1-2024-2-17,shot-1013800,62,2,01:53,847,ARC,Utah Archers,003072,Kevin Winkoff,000221,Ryan Ambler,shot,2_PT,Missed shot(2pt) by Kevin Winkoff.,7,10,,000318,Jack Kelly,False,False,,,,,,,,7,10,missed,False,,,,,,True,False,championship_series,True,,62,847,,False,,000221,True
238,championship-series-1-2024-2-17,turnover-1014310,63,2,01:17,883,RED,California Redwoods,,,,,turnover,,Turnover by CAL,18,16,,,,,,,,,,,,,7,10,,False,,False,,,,,,championship_series,True,,63,883,,False,,,True
238,championship-series-1-2024-2-17,shot-1014900,64,2,01:09,891,ARC,Utah Archers,001686,Nate Solomon,000221,Ryan Ambler,shot,2_PT,Missed shot(2pt) by Nate Solomon. Save by CAL J. Kelly.,7,10,,000318,Jack Kelly,True,True,clean,,,,,,,7,10,saved,False,,,,,,True,False,championship_series,True,,64,891,,False,,000221,True
238,championship-series-1-2024-2-17,shot-1016000,65,2,00:36,924,RED,California Redwoods,000333,Sergio Perkovic,003024,Brian Tevlin,shot,2_PT,Missed shot(2pt) by Sergio Perkovic. Save by UTA N. Washuta.,7,10,,001773,Nick Washuta,True,True,clean,,,,,,,7,10,saved,False,,,,,,True,False,championship_series,True,,65,924,,False,,003024,True
238,championship-series-1-2024-2-17,shot-1016800,66,2,00:11,949,ARC,Utah Archers,001686,Nate Solomon,003070,Ronan Jacoby,shot,1_PT,Missed shot by Nate Solomon.,7,10,,000318,Jack Kelly,False,False,,,,,,,,7,10,missed,False,,,,,,False,False,championship_series,True,,66,949,,False,,003070,True
238,championship-series-1-2024-2-17,turnover-1017310,67,2,00:00,960,RED,California Redwoods,,,,,turnover,,Turnover by CAL,18,16,,,,,,,,,,,,,7,10,,False,,False,,,,,,championship_series,True,,67,960,,False,,,True
238,championship-series-1-2024-2-17,faceoff-2000200,68,3,07:53,967,RED,California Redwoods,000414,Rob Pannell,000221,Ryan Ambler,faceoff,,Faceoff win R. Pannell (vs. R. Ambler). GB CAL R. Pannell.,18,16,000414,,,,,,,,,,,,7,10,,False,,,False,,,,,championship_series,True,,68,967,,False,,,True
238,championship-series-1-2024-2-17,groundball-2000300,69,3,07:53,967,RED,California Redwoods,000414,Rob Pannell,,,groundball,,Groundball picked up by R. Pannell.,18,16,,,,,,,,,,,,,7,10,,False,False,,,,,,,championship_series,True,,69,967,,False,,,True
238,championship-series-1-2024-2-17,shot-2000700,70,3,07:40,980,RED,California Redwoods,000333,Sergio Perkovic,003024,Brian Tevlin,shot,1_PT,Missed shot by Sergio Perkovic.,7,10,,001773,Nick Washuta,False,False,,,,,,,,7,10,missed,False,,,,,,False,False,championship_series,True,,70,980,,False,,003024,True
238,championship-series-1-2024-2-17,turnover-2001510,71,3,07:16,1004,ARC,Utah Archers,,,,,turnover,,Turnover by UTA,18,16,,,,,,,,,,,,,7,10,,False,,False,,,,,,championship_series,True,,71,1004,,False,,,True
238,championship-series-1-2024-2-17,shot-2002200,72,3,07:00,1020,RED,California Redwoods,000414,Rob Pannell,,,goal,2_PT,2PT G by R. Pannell.,9,10,,001773,Nick Washuta,,,,,,,,True,,9,10,goal,False,,,,,,True,False,championship_series,True,,72,1020,,False,,,True
238,championship-series-1-2024-2-17,shot-2002600,73,3,06:46,1034,ARC,Utah Archers,002018,Matt Moore,003006,Piper Bond,shot,1_PT,Missed shot by Matt Moore. Save by CAL T. Troutner.,9,10,,000370,Tim Troutner,True,True,messy,,,,,,,9,10,saved,False,,,,,,False,False,championship_series,True,,73,1034,,False,,003006,True
238,championship-series-1-2024-2-17,turnover-2003210,74,3,06:27,1053,RED,California Redwoods,,,,,turnover,,Turnover by CAL,18,16,,,,,,,,,,,,,9,10,,False,,False,,,,,,championship_series,True,,74,1053,,False,,,True
238,championship-series-1-2024-2-17,turnover-2003700,75,3,06:12,1068,ARC,Utah Archers,,,,,turnover,,Turnover by UTA,18,16,,,,,,,,,,,,,9,10,,False,,False,,,,,,championship_series,True,,75,1068,,False,,,True
238,championship-series-1-2024-2-17,shot-2004100,76,3,06:06,1074,RED,California Redwoods,002033,Nakeie Montgomery,003024,Brian Tevlin,goal,1_PT,GOAL by N. Montgomery. Assist B. Tevlin.,10,10,,001773,Nick Washuta,,,,,,,,True,,10,10,goal,False,,,,,,False,False,championship_series,True,,76,1074,,False,,003024,True
238,championship-series-1-2024-2-17,shotclockexpired-2004900,77,3,05:33,1107,ARC,Utah Archers,,,,,shotclockexpired,,Shot Clock Violation.,18,16,,,,,,,,,,,,,10,10,,False,,,,,,,,championship_series,True,,77,1107,,False,,,True
238,championship-series-1-2024-2-17,turnover-2004910,78,3,05:33,1107,ARC,Utah Archers,,,,,turnover,,Turnover by UTA,18,16,,,,,,,,,,,,,10,10,,False,,False,,,,,,championship_series,True,,78,1107,,False,,,True
238,championship-series-1-2024-2-17,shot-2005500,79,3,05:16,1124,RED,California Redwoods,000414,Rob Pannell,,,goal,1_PT,GOAL by R. Pannell.,11,10,,001773,Nick Washuta,,,,,,,,True,,11,10,goal,False,,,,,,False,False,championship_series,True,,79,1124,,False,,,True
238,championship-series-1-2024-2-17,shot-2006300,80,3,04:56,1144,ARC,Utah Archers,003006,Piper Bond,000221,Ryan Ambler,goal,1_PT,GOAL by P. Bond. Assist R. Ambler.,11,11,,000370,Tim Troutner,,,,,,,,True,,11,11,goal,False,,,,,,False,False,championship_series,True,,80,1144,,False,,000221,True
238,championship-series-1-2024-2-17,shot-2006900,81,3,04:32,1168,RED,California Redwoods,000333,Sergio Perkovic,,,goal,1_PT,GOAL by S. Perkovic.,12,11,,001773,Nick Washuta,,,,,,,,True,,12,11,goal,False,,,,,,False,False,championship_series,True,,81,1168,,False,,,True
238,championship-series-1-2024-2-17,turnover-2007510,82,3,03:58,1202,ARC,Utah Archers,,,,,turnover,,Turnover by UTA,18,16,,,,,,,,,,,,,12,11,,False,,False,,,,,,championship_series,True,,82,1202,,False,,,True
238,championship-series-1-2024-2-17,shot-2008000,83,3,03:45,1215,RED,California Redwoods,000305,Romar Dennis,002001,Kevin Rogers,shot,2_PT,Missed shot(2pt) by Romar Dennis.,12,11,,001773,Nick Washuta,False,False,,,,,,,,12,11,missed,False,,,,,,True,False,championship_series,True,,83,1215,,False,,002001,True
238,championship-series-1-2024-2-17,shot-2008700,84,3,03:20,1240,ARC,Utah Archers,002018,Matt Moore,001686,Nate Solomon,goal,1_PT,GOAL by M. Moore. Assist N. Solomon.,12,12,,000370,Tim Troutner,,,,,,,,True,,12,12,goal,False,,,,,,False,False,championship_series,True,,84,1240,,False,,001686,True
238,championship-series-1-2024-2-17,shot-2009400,85,3,02:53,1267,RED,California Redwoods,000351,Jules Heningburg,001824,Ryan Tierney,shot,1_PT,Missed shot by Jules Heningburg.,12,12,,001773,Nick Washuta,False,False,,,,,,,,12,12,missed,False,,,,,,False,False,championship_series,True,,85,1267,,False,,001824,True
238,championship-series-1-2024-2-17,shot-2009800,86,3,02:31,1289,ARC,Utah Archers,003072,Kevin Winkoff,001773,Nick Washuta,shot,1_PT,Missed shot by Kevin Winkoff.,12,12,,000370,Tim Troutner,False,False,,,,,,,,12,12,missed,False,,,,,,False,False,championship_series,True,,86,1289,,False,,001773,True
238,championship-series-1-2024-2-17,shot-2010300,87,3,02:17,1303,RED,California Redwoods,002001,Kevin Rogers,003024,Brian Tevlin,shot,2_PT,Missed shot(2pt) by Kevin Rogers. Save by UTA N. Washuta.,12,12,,001773,Nick Washuta,True,True,messy,,,,,,,12,12,saved,False,,,,,,True,False,championship_series,True,,87,1303,,False,,003024,True
238,championship-series-1-2024-2-17,groundball-2010500,88,3,02:14,1306,ARC,Utah Archers,003006,Piper Bond,,,groundball,,Groundball picked up by P. Bond.,18,16,,,,,,,,,,,,,12,12,,False,False,,,,,,,championship_series,True,,88,1306,,False,,,True
238,championship-series-1-2024-2-17,shot-2010800,89,3,02:11,1309,ARC,Utah Archers,003005,Connor Maher,003006,Piper Bond,shot,1_PT,Missed shot by Connor Maher.,12,12,,000370,Tim Troutner,False,False,,,,,,,,12,12,missed,False,,,,,,False,False,championship_series,True,,89,1309,,False,,003006,True
238,championship-series-1-2024-2-17,shot-2011600,90,3,01:52,1328,RED,California Redwoods,000414,Rob Pannell,002001,Kevin Rogers,shot,1_PT,Missed shot by Rob Pannell. Save by UTA N. Washuta.,12,12,,001773,Nick Washuta,True,True,messy,,,,,,,12,12,saved,False,,,,,,False,False,championship_series,True,,90,1328,,False,,002001,True
238,championship-series-1-2024-2-17,groundball-2011800,91,3,01:49,1331,RED,California Redwoods,001824,Ryan Tierney,,,groundball,,Groundball picked up by R. Tierney.,18,16,,,,,,,,,,,,,12,12,,False,False,,,,,,,championship_series,True,,91,1331,,False,,,True
238,championship-series-1-2024-2-17,turnover-2012800,92,3,01:25,1355,RED,California Redwoods,,,,,turnover,,Turnover by CAL,18,16,,,,,,,,,,,,,12,12,,False,,False,,,,,,championship_series,True,,92,1355,,False,,,True
238,championship-series-1-2024-2-17,groundball-2012900,93,3,01:23,1357,ARC,Utah Archers,000397,Reece Eddy,,,groundball,,Groundball picked up by R. Eddy.,18,16,,,,,,,,,,,,,12,12,,False,False,,,,,,,championship_series,True,,93,1357,,False,,,True
238,championship-series-1-2024-2-17,shot-2013200,94,3,01:09,1371,ARC,Utah Archers,000221,Ryan Ambler,,,goal,1_PT,GOAL by R. Ambler.,12,13,,000370,Tim Troutner,,,,,,,,True,,12,13,goal,False,,,,,,False,False,championship_series,True,,94,1371,,False,,,True
238,championship-series-1-2024-2-17,shot-2013800,95,3,00:48,1392,RED,California Redwoods,000305,Romar Dennis,,,goal,1_PT,GOAL by R. Dennis.,13,13,,001773,Nick Washuta,,,,,,,,True,,13,13,goal,False,,,,,,False,False,championship_series,True,,95,1392,,False,,,True
238,championship-series-1-2024-2-17,shotclockexpired-2014600,96,3,00:12,1428,ARC,Utah Archers,,,,,shotclockexpired,,Shot Clock Violation.,18,16,,,,,,,,,,,,,13,13,,False,,,,,,,,championship_series,True,,96,1428,,False,,,True
238,championship-series-1-2024-2-17,turnover-2014610,97,3,00:12,1428,ARC,Utah Archers,,,,,turnover,,Turnover by UTA,18,16,,,,,,,,,,,,,13,13,,False,,False,,,,,,championship_series,True,,97,1428,,False,,,True
238,championship-series-1-2024-2-17,shot-2014900,98,3,00:05,1435,RED,California Redwoods,000305,Romar Dennis,003024,Brian Tevlin,shot,2_PT,Missed shot(2pt) by Romar Dennis. Save by UTA N. Washuta.,13,13,,001773,Nick Washuta,True,True,clean,,,,,,,13,13,saved,False,,,,,,True,False,championship_series,True,,98,1435,,False,,003024,True
238,championship-series-1-2024-2-17,faceoff-3000100,99,4,07:56,1444,RED,California Redwoods,000414,Rob Pannell,000221,Ryan Ambler,faceoff,,Faceoff win R. Pannell (vs. R. Ambler). GB CAL N. Montgomery.,18,16,002033,,,,,,,,,,,,13,13,,False,,,False,,,,,championship_series,True,,99,1444,,False,,,True
238,championship-series-1-2024-2-17,groundball-3000200,100,4,07:56,1444,RED,California Redwoods,002033,Nakeie Montgomery,,,groundball,,Groundball picked up by N. Montgomery.,18,16,,,,,,,,,,,,,13,13,,False,False,,,,,,,championship_series,True,,100,1444,,False,,,True
238,championship-series-1-2024-2-17,shot-3000500,101,4,07:51,1449,RED,California Redwoods,003024,Brian Tevlin,002033,Nakeie Montgomery,goal,2_PT,2PT G by B. Tevlin. Assist N. Montgomery.,15,13,,001773,Nick Washuta,,,,,,,,True,,15,13,goal,False,,,,,,True,False,championship_series,True,,101,1449,,False,,002033,True
238,championship-series-1-2024-2-17,turnover-3001000,102,4,07:34,1466,ARC,Utah Archers,,,,,turnover,,Turnover by UTA,18,16,,,,,,,,,,,,,15,13,,False,,False,,,,,,championship_series,True,,102,1466,,False,,,True
238,championship-series-1-2024-2-17,groundball-3001100,103,4,07:33,1467,RED,California Redwoods,002001,Kevin Rogers,,,groundball,,Groundball picked up by K. Rogers.,18,16,,,,,,,,,,,,,15,13,,False,False,,,,,,,championship_series,True,,103,1467,,False,,,True
238,championship-series-1-2024-2-17,shot-3001300,104,4,07:26,1474,RED,California Redwoods,003012,Kyle Long,002001,Kevin Rogers,goal,1_PT,GOAL by K. Long. Assist K. Rogers.,16,13,,001773,Nick Washuta,,,,,,,,True,,16,13,goal,False,,,,,,False,False,championship_series,True,,104,1474,,False,,002001,True
238,championship-series-1-2024-2-17,groundball-3001500,105,4,07:25,1475,ARC,Utah Archers,001686,Nate Solomon,,,groundball,,Groundball picked up by N. Solomon.,18,16,,,,,,,,,,,,,16,13,,False,False,,,,,,,championship_series,True,,105,1475,,False,,,True
238,championship-series-1-2024-2-17,shot-3001700,106,4,07:22,1478,ARC,Utah Archers,002018,Matt Moore,001686,Nate Solomon,shot,1_PT,Missed shot by Matt Moore. Save by CAL T. Troutner.,16,13,,000370,Tim Troutner,True,True,clean,,,,,,,16,13,saved,False,,,,,,False,False,championship_series,True,,106,1478,,False,,001686,True
238,championship-series-1-2024-2-17,shot-3002100,107,4,07:17,1483,RED,California Redwoods,002001,Kevin Rogers,000370,Tim Troutner,shot,1_PT,Missed shot by Kevin Rogers.,16,13,,001773,Nick Washuta,False,False,,,,,,,,16,13,missed,False,,,,,,False,False,championship_series,True,,107,1483,,False,,000370,True
238,championship-series-1-2024-2-17,shot-3002400,108,4,06:40,1520,ARC,Utah Archers,003070,Ronan Jacoby,,,goal,1_PT,GOAL by R. Jacoby.,16,14,,000370,Tim Troutner,,,,,,,,True,,16,14,goal,False,,,,,,False,False,championship_series,True,,108,1520,,False,,,True
238,championship-series-1-2024-2-17,shot-3003200,109,4,06:17,1543,RED,California Redwoods,000305,Romar Dennis,000333,Sergio Perkovic,shot,1_PT,Missed shot by Romar Dennis.,16,14,,001773,Nick Washuta,False,False,,,,,,,,16,14,missed,False,,,,,,False,False,championship_series,True,,109,1543,,False,,000333,True
238,championship-series-1-2024-2-17,turnover-3003700,110,4,05:43,1577,ARC,Utah Archers,,,,,turnover,,Turnover by UTA,18,16,,,,,,,,,,,,,16,14,,False,,False,,,,,,championship_series,True,,110,1577,,False,,,True
238,championship-series-1-2024-2-17,groundball-3003800,111,4,05:41,1579,RED,California Redwoods,003012,Kyle Long,,,groundball,,Groundball picked up by K. Long.,18,16,,,,,,,,,,,,,16,14,,False,False,,,,,,,championship_series,True,,111,1579,,False,,,True
238,championship-series-1-2024-2-17,shot-3004100,112,4,05:37,1583,RED,California Redwoods,000333,Sergio Perkovic,003012,Kyle Long,shot,2_PT,Missed shot(2pt) by Sergio Perkovic.,16,14,,001773,Nick Washuta,True,False,,,,,,,,16,14,on_goal_no_save,False,,,,,,True,False,championship_series,True,,112,1583,,False,,003012,True
238,championship-series-1-2024-2-17,groundball-3004300,113,4,05:33,1587,RED,California Redwoods,000305,Romar Dennis,,,groundball,,Groundball picked up by R. Dennis.,18,16,,,,,,,,,,,,,16,14,,False,False,,,,,,,championship_series,True,,113,1587,,False,,,True
238,championship-series-1-2024-2-17,shot-3004700,114,4,05:14,1606,RED,California Redwoods,002033,Nakeie Montgomery,000414,Rob Pannell,shot,1_PT,Missed shot by Nakeie Montgomery. Save by UTA N. Washuta.,16,14,,001773,Nick Washuta,True,True,messy,,,,,,,16,14,saved,False,,,,,,False,False,championship_series,True,,114,1606,,False,,000414,True
238,championship-series-1-2024-2-17,shot-3005200,115,4,05:01,1619,RED,California Redwoods,000333,Sergio Perkovic,000414,Rob Pannell,shot,2_PT,Missed shot(2pt) by Sergio Perkovic. Save by UTA N. Washuta.,16,14,,001773,Nick Washuta,True,True,messy,,,,,,,16,14,saved,False,,,,,,True,False,championship_series,True,,115,1619,,False,,000414,True
238,championship-series-1-2024-2-17,groundball-3005400,116,4,04:58,1622,RED,California Redwoods,003024,Brian Tevlin,,,groundball,,Groundball picked up by B. Tevlin.,18,16,,,,,,,,,,,,,16,14,,False,False,,,,,,,championship_series,True,,116,1622,,False,,,True
238,championship-series-1-2024-2-17,groundball-3006100,117,4,04:47,1633,RED,California Redwoods,000333,Sergio Perkovic,,,groundball,,Groundball picked up by S. Perkovic.,18,16,,,,,,,,,,,,,16,14,,False,False,,,,,,,championship_series,True,,117,1633,,False,,,True
238,championship-series-1-2024-2-17,turnover-3006310,118,4,04:30,1650,RED,California Redwoods,,,,,turnover,,Turnover by CAL,18,16,,,,,,,,,,,,,16,14,,False,,False,,,,,,championship_series,True,,118,1650,,False,,,True
238,championship-series-1-2024-2-17,shot-3006800,119,4,04:02,1678,ARC,Utah Archers,003070,Ronan Jacoby,,,goal,2_PT,2PT G by R. Jacoby.,16,16,,000370,Tim Troutner,,,,,,,,True,,16,16,goal,False,,,,,,True,False,championship_series,True,,119,1678,,False,,,True
238,championship-series-1-2024-2-17,turnover-3007310,120,4,03:47,1693,RED,California Redwoods,,,,,turnover,,Turnover by CAL,18,16,,,,,,,,,,,,,16,16,,False,,False,,,,,,championship_series,True,,120,1693,,False,,,True
238,championship-series-1-2024-2-17,shot-3007900,121,4,03:30,1710,ARC,Utah Archers,000221,Ryan Ambler,001686,Nate Solomon,shot,2_PT,Missed shot(2pt) by Ryan Ambler.,16,16,,000370,Tim Troutner,False,False,,,,,,,,16,16,missed,False,,,,,,True,False,championship_series,True,,121,1710,,False,,001686,True
238,championship-series-1-2024-2-17,shot-3008600,122,4,03:12,1728,RED,California Redwoods,000414,Rob Pannell,002001,Kevin Rogers,shot,1_PT,Missed shot by Rob Pannell.,16,16,,001773,Nick Washuta,True,False,,,,,,,,16,16,on_goal_no_save,False,,,,,,False,False,championship_series,True,,122,1728,,False,,002001,True
238,championship-series-1-2024-2-17,groundball-3009500,123,4,02:51,1749,ARC,Utah Archers,003072,Kevin Winkoff,,,groundball,,Groundball picked up by K. Winkoff.,18,16,,,,,,,,,,,,,16,16,,False,False,,,,,,,championship_series,True,,123,1749,,False,,,True
238,championship-series-1-2024-2-17,turnover-3009600,124,4,02:46,1754,ARC,Utah Archers,,,,,turnover,,Turnover by UTA,18,16,,,,,,,,,,,,,16,16,,False,,False,,,,,,championship_series,True,,124,1754,,False,,,True
238,championship-series-1-2024-2-17,groundball-3009800,125,4,02:44,1756,RED,California Redwoods,002033,Nakeie Montgomery,,,groundball,,Groundball picked up by N. Montgomery.,18,16,,,,,,,,,,,,,16,16,,False,False,,,,,,,championship_series,True,,125,1756,,False,,,True
238,championship-series-1-2024-2-17,shot-3010000,126,4,02:43,1757,RED,California Redwoods,002033,Nakeie Montgomery,,,shot,1_PT,Missed shot by Nakeie Montgomery. Save by UTA N. Washuta.,16,16,,001773,Nick Washuta,True,True,messy,,,,,,,16,16,saved,False,,,,,,False,False,championship_series,True,,126,1757,,False,,,True
238,championship-series-1-2024-2-17,groundball-3010600,127,4,02:09,1791,ARC,Utah Archers,002018,Matt Moore,,,groundball,,Groundball picked up by M. Moore.,18,16,,,,,,,,,,,,,16,16,,False,False,,,,,,,championship_series,True,,127,1791,,False,,,True
238,championship-series-1-2024-2-17,shot-3010700,128,4,02:08,1792,ARC,Utah Archers,002018,Matt Moore,,,shot,2_PT,Missed shot(2pt) by Matt Moore. Save by CAL T. Troutner.,16,16,,000370,Tim Troutner,True,True,clean,,,,,,,16,16,saved,False,,,,,,True,False,championship_series,True,,128,1792,,False,,,True
238,championship-series-1-2024-2-17,shot-3011300,129,4,01:53,1807,RED,California Redwoods,001824,Ryan Tierney,003012,Kyle Long,shot,1_PT,Missed shot by Ryan Tierney. Save by UTA N. Washuta.,16,16,,001773,Nick Washuta,True,True,messy,,,,,,,16,16,saved,False,,,,,,False,False,championship_series,True,,129,1807,,False,,003012,True
238,championship-series-1-2024-2-17,groundball-3011500,130,4,01:45,1815,ARC,Utah Archers,003006,Piper Bond,,,groundball,,Groundball picked up by P. Bond.,18,16,,,,,,,,,,,,,16,16,,False,False,,,,,,,championship_series,True,,130,1815,,False,,,True
238,championship-series-1-2024-2-17,shot-3011800,131,4,01:37,1823,ARC,Utah Archers,003070,Ronan Jacoby,003006,Piper Bond,shot,1_PT,Missed shot by Ronan Jacoby. Save by CAL T. Troutner.,16,16,,000370,Tim Troutner,True,True,messy,,,,,,,16,16,saved,False,,,,,,False,False,championship_series,True,,131,1823,,False,,003006,True
238,championship-series-1-2024-2-17,groundball-3012000,132,4,01:32,1828,ARC,Utah Archers,000397,Reece Eddy,,,groundball,,Groundball picked up by R. Eddy.,18,16,,,,,,,,,,,,,16,16,,False,False,,,,,,,championship_series,True,,132,1828,,False,,,True
238,championship-series-1-2024-2-17,shot-3012200,133,4,01:14,1846,ARC,Utah Archers,003070,Ronan Jacoby,000397,Reece Eddy,shot,1_PT,Missed shot by Ronan Jacoby.,16,16,,000370,Tim Troutner,True,False,,,,,,,,16,16,on_goal_no_save,False,,,,,,False,False,championship_series,True,,133,1846,,False,,000397,True
238,championship-series-1-2024-2-17,shot-3013000,134,4,00:54,1866,RED,California Redwoods,000333,Sergio Perkovic,000351,Jules Heningburg,shot,1_PT,Missed shot by Sergio Perkovic.,16,16,,001773,Nick Washuta,True,False,,,,,,,,16,16,on_goal_no_save,False,,,,,,False,False,championship_series,True,,134,1866,,False,,000351,True
238,championship-series-1-2024-2-17,shot-3014000,135,4,00:32,1888,ARC,Utah Archers,002018,Matt Moore,003072,Kevin Winkoff,shot,1_PT,Missed shot by Matt Moore.,16,16,,000370,Tim Troutner,False,False,,,,,,,,16,16,missed,False,,,,,,False,False,championship_series,True,,135,1888,,False,,003072,True
238,championship-series-1-2024-2-17,shot-3014800,136,4,00:02,1918,RED,California Redwoods,000305,Romar Dennis,000414,Rob Pannell,shot,2_PT,Missed shot(2pt) by Romar Dennis. Save by UTA N. Washuta.,16,16,,001773,Nick Washuta,True,True,messy,,,,,,,16,16,saved,False,,,,,,True,False,championship_series,True,,136,1918,,False,,000414,True
238,championship-series-1-2024-2-17,faceoff-4000100,137,5,03:55,2165,RED,California Redwoods,000414,Rob Pannell,000221,Ryan Ambler,faceoff,,Faceoff win R. Pannell (vs. R. Ambler). GB CAL B. Tevlin.,18,16,003024,,,,,,,,,,,,16,16,,False,,,False,,,,,championship_series,True,,137,2165,,False,,,True
238,championship-series-1-2024-2-17,groundball-4000200,138,5,03:55,2165,RED,California Redwoods,003024,Brian Tevlin,,,groundball,,Groundball picked up by B. Tevlin.,18,16,,,,,,,,,,,,,16,16,,False,False,,,,,,,championship_series,True,,138,2165,,False,,,True
238,championship-series-1-2024-2-17,shot-4000800,139,5,03:34,2186,RED,California Redwoods,000305,Romar Dennis,,,goal,2_PT,2PT G by R. Dennis.,18,16,,001773,Nick Washuta,,,,,,,,True,,18,16,goal,False,,,,,,True,False,championship_series,True,,139,2186,,False,,,True
238,championship-series-1-2024-2-17,gameEnd,140,5,03:34,2186,,,,,,,gameEnd,,Game End,18,16,,,,,,,,,0.0,1.0,,,18,16,,False,,,,,,,,championship_series,True,,140,2186,,False,,,True
239,championship-series-2-2024-2-17,pregame,0,1,08:00,0,,,,,,,pregame,,Game Start,0,0,,,,,,,,,0.5,0.5,,,0,0,,False,,,,,,,,championship_series,True,,0,0,,False,,,True
239,championship-series-2-2024-2-17,faceoff-100,1,1,07:56,4,WAT,Philadelphia Waterdogs,000363,Ryan Conrad,003041,Ethan Rall,faceoff,,Faceoff win R. Conrad (vs. E. Rall). GB PHI R. Conrad.,22,12,000363,,,,,,,,,,,,0,0,,False,,,False,,,,,championship_series,True,,1,4,,False,,,True
239,championship-series-2-2024-2-17,groundball-200,2,1,07:56,4,WAT,Philadelphia Waterdogs,000363,Ryan Conrad,,,groundball,,Groundball picked up by R. Conrad.,22,12,,,,,,,,,,,,,0,0,,False,False,,,,,,,championship_series,True,,2,4,,False,,,True
239,championship-series-2-2024-2-17,turnover-400,3,1,07:49,11,WAT,Philadelphia Waterdogs,,,,,turnover,,Turnover by PHI,22,12,,,,,,,,,,,,,0,0,,False,,False,,,,,,championship_series,True,,3,11,,False,,,True
239,championship-series-2-2024-2-17,shot-1000,4,1,07:32,28,CAN,Boston Cannons,000216,Marcus Holman,000327,Matt Kavanagh,goal,1_PT,GOAL by M. Holman. Assist M. Kavanagh.,0,1,,000408,Matt DeLuca,,,,,,,,True,,0,1,goal,False,,,,,,False,False,championship_series,True,,4,28,,False,,000327,True
239,championship-series-2-2024-2-17,shot-1700,5,1,07:14,46,WAT,Philadelphia Waterdogs,000363,Ryan Conrad,000240,Kieran McArdle,goal,2_PT,2PT G by R. Conrad. Assist K. McArdle.,2,1,,000201,Adam Ghitelman,,,,,,,,True,,2,1,goal,False,,,,,,True,False,championship_series,True,,5,46,,False,,000240,True
239,championship-series-2-2024-2-17,shot-2300,6,1,07:01,59,CAN,Boston Cannons,003043,Josh Stout,,,goal,1_PT,GOAL by J. Stout.,2,2,,000408,Matt DeLuca,,,,,,,,True,,2,2,goal,False,,,,,,False,False,championship_series,True,,6,59,,False,,,True
239,championship-series-2-2024-2-17,shot-2900,7,1,06:41,79,WAT,Philadelphia Waterdogs,003055,Jack Traynor,,,goal,2_PT,2PT G by J. Traynor.,4,2,,000201,Adam Ghitelman,,,,,,,,True,,4,2,goal,False,,,,,,True,False,championship_series,True,,7,79,,False,,,True
239,championship-series-2-2024-2-17,shotclockexpired-3400,8,1,06:05,115,CAN,Boston Cannons,,,,,shotclockexpired,,Shot Clock Violation.,22,12,,,,,,,,,,,,,4,2,,False,,,,,,,,championship_series,True,,8,115,,False,,,True
239,championship-series-2-2024-2-17,turnover-3410,9,1,06:05,115,CAN,Boston Cannons,,,,,turnover,,Turnover by BOS,22,12,,,,,,,,,,,,,4,2,,False,,False,,,,,,championship_series,True,,9,115,,False,,,True
239,championship-series-2-2024-2-17,shot-3800,10,1,05:53,127,WAT,Philadelphia Waterdogs,001818,Jake Carraway,000363,Ryan Conrad,goal,2_PT,2PT G by J. Carraway. Assist R. Conrad.,6,2,,000201,Adam Ghitelman,,,,,,,,True,,6,2,goal,False,,,,,,True,False,championship_series,True,,10,127,,False,,000363,True
239,championship-series-2-2024-2-17,shot-4200,11,1,05:27,153,CAN,Boston Cannons,000216,Marcus Holman,000358,Ryan Drenner,shot,1_PT,Missed shot by Marcus Holman.,6,2,,000408,Matt DeLuca,False,False,,,,,,,,6,2,missed,False,,,,,,False,False,championship_series,True,,11,153,,False,,000358,True
239,championship-series-2-2024-2-17,shot-4900,12,1,05:07,173,WAT,Philadelphia Waterdogs,000240,Kieran McArdle,003052,Kyle Borda,shot,2_PT,Missed shot(2pt) by Kieran McArdle. Save by BOS A. Ghitelman.,6,2,,000201,Adam Ghitelman,True,True,clean,,,,,,,6,2,saved,False,,,,,,True,False,championship_series,True,,12,173,,False,,003052,True
239,championship-series-2-2024-2-17,shot-5600,13,1,04:43,197,CAN,Boston Cannons,000216,Marcus Holman,002024,Asher Nolting,shot,1_PT,Missed shot by Marcus Holman. Save by PHI M. DeLuca.,6,2,,000408,Matt DeLuca,True,True,messy,,,,,,,6,2,saved,False,,,,,,False,False,championship_series,True,,13,197,,False,,002024,True
239,championship-series-2-2024-2-17,groundball-5800,14,1,04:31,209,WAT,Philadelphia Waterdogs,001733,Charlie Hayes,,,groundball,,Groundball picked up by C. Hayes.,22,12,,,,,,,,,,,,,6,2,,False,False,,,,,,,championship_series,True,,14,209,,False,,,True
239,championship-series-2-2024-2-17,shot-6300,15,1,04:20,220,WAT,Philadelphia Waterdogs,001818,Jake Carraway,003054,Jeff Conner,shot,2_PT,Missed shot(2pt) by Jake Carraway. Save by BOS A. Ghitelman.,6,2,,000201,Adam Ghitelman,True,True,messy,,,,,,,6,2,saved,False,,,,,,True,False,championship_series,True,,15,220,,False,,003054,True
239,championship-series-2-2024-2-17,groundball-6500,16,1,04:17,223,CAN,Boston Cannons,000201,Adam Ghitelman,,,groundball,,Groundball picked up by A. Ghitelman.,22,12,,,,,,,,,,,,,6,2,,False,False,,,,,,,championship_series,True,,16,223,,False,,,True
239,championship-series-2-2024-2-17,groundball-7000,17,1,03:52,248,CAN,Boston Cannons,000327,Matt Kavanagh,,,groundball,,Groundball picked up by M. Kavanagh.,22,12,,,,,,,,,,,,,6,2,,False,False,,,,,,,championship_series,True,,17,248,,False,,,True
239,championship-series-2-2024-2-17,shot-7100,18,1,03:47,253,CAN,Boston Cannons,000327,Matt Kavanagh,,,shot,1_PT,Missed shot by Matt Kavanagh. Save by PHI M. DeLuca.,6,2,,000408,Matt DeLuca,True,True,messy,,,,,,,6,2,saved,False,,,,,,False,False,championship_series,True,,18,253,,False,,,True
239,championship-series-2-2024-2-17,turnover-7700,19,1,03:24,276,CAN,Boston Cannons,,,,,turnover,,Turnover by BOS,22,12,,,,,,,,,,,,,6,2,,False,,False,,,,,,championship_series,True,,19,276,,False,,,True
239,championship-series-2-2024-2-17,groundball-7900,20,1,03:20,280,WAT,Philadelphia Waterdogs,003055,Jack Traynor,,,groundball,,Groundball picked up by J. Traynor.,22,12,,,,,,,,,,,,,6,2,,False,False,,,,,,,championship_series,True,,20,280,,False,,,True
239,championship-series-2-2024-2-17,turnover-8000,21,1,03:18,282,WAT,Philadelphia Waterdogs,,,,,turnover,,Turnover by PHI,22,12,,,,,,,,,,,,,6,2,,False,,False,,,,,,championship_series,True,,21,282,,False,,,True
239,championship-series-2-2024-2-17,groundball-8200,22,1,03:16,284,CAN,Boston Cannons,002024,Asher Nolting,,,groundball,,Groundball picked up by A. Nolting.,22,12,,,,,,,,,,,,,6,2,,False,False,,,,,,,championship_series,True,,22,284,,False,,,True
239,championship-series-2-2024-2-17,shot-8600,23,1,03:09,291,CAN,Boston Cannons,001760,Pat Aslanian,000216,Marcus Holman,shot,2_PT,Missed shot(2pt) by Pat Aslanian. Save by PHI M. DeLuca.,6,2,,000408,Matt DeLuca,True,True,messy,,,,,,,6,2,saved,False,,,,,,True,False,championship_series,True,,23,291,,False,,000216,True
239,championship-series-2-2024-2-17,shot-9300,24,1,02:54,306,WAT,Philadelphia Waterdogs,000363,Ryan Conrad,003054,Jeff Conner,shot,1_PT,Missed shot by Ryan Conrad. Save by BOS A. Ghitelman.,6,2,,000201,Adam Ghitelman,True,True,messy,,,,,,,6,2,saved,False,,,,,,False,False,championship_series,True,,24,306,,False,,003054,True
239,championship-series-2-2024-2-17,shot-9800,25,1,02:42,318,WAT,Philadelphia Waterdogs,000363,Ryan Conrad,000240,Kieran McArdle,goal,1_PT,GOAL by R. Conrad. Assist K. McArdle.,7,2,,000201,Adam Ghitelman,,,,,,,,True,,7,2,goal,False,,,,,,False,False,championship_series,True,,25,318,,False,,000240,True
239,championship-series-2-2024-2-17,shot-10200,26,1,02:25,335,CAN,Boston Cannons,002025,Bubba Fairman,003013,Matt Campbell,shot,1_PT,Missed shot by Bubba Fairman. Save by PHI M. DeLuca.,7,2,,000408,Matt DeLuca,True,True,messy,,,,,,,7,2,saved,False,,,,,,False,False,championship_series,True,,26,335,,False,,003013,True
239,championship-series-2-2024-2-17,shot-11100,27,1,02:01,359,WAT,Philadelphia Waterdogs,000363,Ryan Conrad,,,goal,1_PT,GOAL by R. Conrad.,8,2,,000201,Adam Ghitelman,,,,,,,,True,,8,2,goal,False,,,,,,False,False,championship_series,True,,27,359,,False,,,True
239,championship-series-2-2024-2-17,shot-11500,28,1,01:42,378,CAN,Boston Cannons,002025,Bubba Fairman,000216,Marcus Holman,shot,1_PT,Missed shot by Bubba Fairman.,8,2,,000408,Matt DeLuca,False,False,,,,,,,,8,2,missed,False,,,,,,False,False,championship_series,True,,28,378,,False,,000216,True
239,championship-series-2-2024-2-17,shot-12100,29,1,01:24,396,WAT,Philadelphia Waterdogs,000240,Kieran McArdle,003052,Kyle Borda,shot,1_PT,Missed shot by Kieran McArdle.,8,2,,000201,Adam Ghitelman,False,False,,,,,,,,8,2,missed,False,,,,,,False,False,championship_series,True,,29,396,,False,,003052,True
239,championship-series-2-2024-2-17,shot-12500,30,1,01:11,409,CAN,Boston Cannons,003013,Matt Campbell,000201,Adam Ghitelman,shot,1_PT,Missed shot by Matt Campbell. Save by PHI M. DeLuca.,8,2,,000408,Matt DeLuca,True,True,messy,,,,,,,8,2,saved,False,,,,,,False,False,championship_series,True,,30,409,,False,,000201,True
239,championship-series-2-2024-2-17,shot-12900,31,1,00:53,427,CAN,Boston Cannons,001729,Chris Aslanian,000358,Ryan Drenner,shot,1_PT,Missed shot by Chris Aslanian.,8,2,,000408,Matt DeLuca,False,False,,,,,,,,8,2,missed,False,,,,,,False,False,championship_series,True,,31,427,,False,,000358,True
239,championship-series-2-2024-2-17,shot-13800,32,1,00:18,462,WAT,Philadelphia Waterdogs,000240,Kieran McArdle,001810,Michael Sowers,shot,1_PT,Missed shot by Kieran McArdle.,8,2,,000201,Adam Ghitelman,False,False,,,,,,,,8,2,missed,False,,,,,,False,False,championship_series,True,,32,462,,False,,001810,True
239,championship-series-2-2024-2-17,groundball-14000,33,1,00:15,465,CAN,Boston Cannons,001729,Chris Aslanian,,,groundball,,Groundball picked up by C. Aslanian.,22,12,,,,,,,,,,,,,8,2,,False,False,,,,,,,championship_series,True,,33,465,,False,,,True
239,championship-series-2-2024-2-17,faceoff-1000200,34,2,07:50,490,CAN,Boston Cannons,003041,Ethan Rall,000363,Ryan Conrad,faceoff,,Faceoff win E. Rall (vs. R. Conrad). GB BOS E. Rall.,22,12,003041,,,,,,,,,,,,8,2,,False,,,False,,,,,championship_series,True,,34,490,,False,,,True
239,championship-series-2-2024-2-17,groundball-1000300,35,2,07:50,490,CAN,Boston Cannons,003041,Ethan Rall,,,groundball,,Groundball picked up by E. Rall.,22,12,,,,,,,,,,,,,8,2,,False,False,,,,,,,championship_series,True,,35,490,,False,,,True
239,championship-series-2-2024-2-17,shot-1000500,36,2,07:46,494,CAN,Boston Cannons,003041,Ethan Rall,,,shot,1_PT,Missed shot by Ethan Rall.,8,2,,000408,Matt DeLuca,False,False,,,,,,,,8,2,missed,False,,,,,,False,False,championship_series,True,,36,494,,False,,,True
239,championship-series-2-2024-2-17,shot-1001200,37,2,07:19,521,WAT,Philadelphia Waterdogs,001818,Jake Carraway,001810,Michael Sowers,shot,2_PT,Missed shot(2pt) by Jake Carraway. Save by BOS C. Kirst.,8,2,,002038,Colin Kirst,True,True,clean,,,,,,,8,2,saved,False,,,,,,True,False,championship_series,True,,37,521,,False,,001810,True
239,championship-series-2-2024-2-17,turnover-1001400,38,2,07:12,528,CAN,Boston Cannons,,,,,turnover,,Turnover by BOS,22,12,,,,,,,,,,,,,8,2,,False,,False,,,,,,championship_series,True,,38,528,,False,,,True
239,championship-series-2-2024-2-17,shot-1002100,39,2,06:54,546,WAT,Philadelphia Waterdogs,000240,Kieran McArdle,001810,Michael Sowers,shot,1_PT,Missed shot by Kieran McArdle. Save by BOS C. Kirst.,8,2,,002038,Colin Kirst,True,True,messy,,,,,,,8,2,saved,False,,,,,,False,False,championship_series,True,,39,546,,False,,001810,True
239,championship-series-2-2024-2-17,groundball-1002300,40,2,06:52,548,CAN,Boston Cannons,003013,Matt Campbell,,,groundball,,Groundball picked up by M. Campbell.,22,12,,,,,,,,,,,,,8,2,,False,False,,,,,,,championship_series,True,,40,548,,False,,,True
239,championship-series-2-2024-2-17,shot-1002800,41,2,06:33,567,CAN,Boston Cannons,000216,Marcus Holman,003013,Matt Campbell,shot,1_PT,Missed shot by Marcus Holman.,8,2,,000408,Matt DeLuca,True,False,,,,,,,,8,2,on_goal_no_save,False,,,,,,False,False,championship_series,True,,41,567,,False,,003013,True
239,championship-series-2-2024-2-17,shot-1003400,42,2,06:14,586,WAT,Philadelphia Waterdogs,003052,Kyle Borda,000363,Ryan Conrad,shot,1_PT,Missed shot by Kyle Borda.,8,2,,002038,Colin Kirst,False,False,,,,,,,,8,2,missed,False,,,,,,False,False,championship_series,True,,42,586,,False,,000363,True
239,championship-series-2-2024-2-17,shot-1003800,43,2,06:00,600,CAN,Boston Cannons,001760,Pat Aslanian,002038,Colin Kirst,shot,1_PT,Missed shot by Pat Aslanian. Save by PHI M. DeLuca.,8,2,,000408,Matt DeLuca,True,True,messy,,,,,,,8,2,saved,False,,,,,,False,False,championship_series,True,,43,600,,False,,002038,True
239,championship-series-2-2024-2-17,groundball-1004000,44,2,05:57,603,WAT,Philadelphia Waterdogs,003054,Jeff Conner,,,groundball,,Groundball picked up by J. Conner.,22,12,,,,,,,,,,,,,8,2,,False,False,,,,,,,championship_series,True,,44,603,,False,,,True
239,championship-series-2-2024-2-17,turnover-1004610,45,2,05:26,634,WAT,Philadelphia Waterdogs,,,,,turnover,,Turnover by PHI,22,12,,,,,,,,,,,,,8,2,,False,,False,,,,,,championship_series,True,,45,634,,False,,,True
239,championship-series-2-2024-2-17,shot-1004900,46,2,05:15,645,CAN,Boston Cannons,001729,Chris Aslanian,003013,Matt Campbell,shot,1_PT,Missed shot by Chris Aslanian.,8,2,,000408,Matt DeLuca,False,False,,,,,,,,8,2,missed,False,,,,,,False,False,championship_series,True,,46,645,,False,,003013,True
239,championship-series-2-2024-2-17,turnover-1005610,47,2,04:53,667,WAT,Philadelphia Waterdogs,,,,,turnover,,Turnover by PHI,22,12,,,,,,,,,,,,,8,2,,False,,False,,,,,,championship_series,True,,47,667,,False,,,True
239,championship-series-2-2024-2-17,turnover-1005900,48,2,04:45,675,CAN,Boston Cannons,,,,,turnover,,Turnover by BOS,22,12,,,,,,,,,,,,,8,2,,False,,False,,,,,,championship_series,True,,48,675,,False,,,True
239,championship-series-2-2024-2-17,shot-1006900,49,2,04:20,700,WAT,Philadelphia Waterdogs,003054,Jeff Conner,000240,Kieran McArdle,shot,1_PT,Missed shot by Jeff Conner.,8,2,,002038,Colin Kirst,True,False,,,,,,,,8,2,on_goal_no_save,False,,,,,,False,False,championship_series,True,,49,700,,False,,000240,True
239,championship-series-2-2024-2-17,groundball-1007100,50,2,04:16,704,CAN,Boston Cannons,000216,Marcus Holman,,,groundball,,Groundball picked up by M. Holman.,22,12,,,,,,,,,,,,,8,2,,False,False,,,,,,,championship_series,True,,50,704,,False,,,True
239,championship-series-2-2024-2-17,turnover-1007310,51,2,04:12,708,CAN,Boston Cannons,,,,,turnover,,Turnover by BOS,22,12,,,,,,,,,,,,,8,2,,False,,False,,,,,,championship_series,True,,51,708,,False,,,True
239,championship-series-2-2024-2-17,shot-1007900,52,2,03:49,731,WAT,Philadelphia Waterdogs,001795,Christian Scarpello,000240,Kieran McArdle,shot,1_PT,Missed shot by Christian Scarpello. Save by BOS C. Kirst.,8,2,,002038,Colin Kirst,True,True,clean,,,,,,,8,2,saved,False,,,,,,False,False,championship_series,True,,52,731,,False,,000240,True
239,championship-series-2-2024-2-17,turnover-1008610,53,2,03:18,762,CAN,Boston Cannons,,,,,turnover,,Turnover by BOS,22,12,,,,,,,,,,,,,8,2,,False,,False,,,,,,championship_series,True,,53,762,,False,,,True
239,championship-series-2-2024-2-17,shot-1009000,54,2,03:03,777,WAT,Philadelphia Waterdogs,003052,Kyle Borda,001795,Christian Scarpello,shot,1_PT,Missed shot by Kyle Borda.,8,2,,002038,Colin Kirst,False,False,,,,,,,,8,2,missed,False,,,,,,False,False,championship_series,True,,54,777,,False,,001795,True
239,championship-series-2-2024-2-17,groundball-1009910,55,2,02:28,812,WAT,Philadelphia Waterdogs,000408,Matt DeLuca,,,groundball,,Groundball picked up by M. DeLuca.,22,12,,,,,,,,,,,,,8,2,,False,False,,,,,,,championship_series,True,,55,812,,False,,,True
239,championship-series-2-2024-2-17,turnover-1009900,56,2,02:28,812,CAN,Boston Cannons,,,,,turnover,,Turnover by BOS,22,12,,,,,,,,,,,,,8,2,,False,,False,,,,,,championship_series,True,,56,812,,False,,,True
239,championship-series-2-2024-2-17,shot-1010600,57,2,02:05,835,WAT,Philadelphia Waterdogs,000240,Kieran McArdle,001810,Michael Sowers,goal,2_PT,2PT G by K. McArdle. Assist M. Sowers.,10,2,,002038,Colin Kirst,,,,,,,,True,,10,2,goal,False,,,,,,True,False,championship_series,True,,57,835,,False,,001810,True
239,championship-series-2-2024-2-17,shot-1011100,58,2,01:54,846,CAN,Boston Cannons,000358,Ryan Drenner,002024,Asher Nolting,goal,1_PT,GOAL by R. Drenner. Assist A. Nolting.,10,3,,000408,Matt DeLuca,,,,,,,,True,,10,3,goal,False,,,,,,False,False,championship_series,True,,58,846,,False,,002024,True
239,championship-series-2-2024-2-17,shotclockexpired-1012000,59,2,01:24,876,WAT,Philadelphia Waterdogs,,,,,shotclockexpired,,Shot Clock Violation.,22,12,,,,,,,,,,,,,10,3,,False,,,,,,,,championship_series,True,,59,876,,False,,,True
239,championship-series-2-2024-2-17,turnover-1012010,60,2,01:24,876,WAT,Philadelphia Waterdogs,,,,,turnover,,Turnover by PHI,22,12,,,,,,,,,,,,,10,3,,False,,False,,,,,,championship_series,True,,60,876,,False,,,True
239,championship-series-2-2024-2-17,shot-1012600,61,2,01:01,899,CAN,Boston Cannons,002024,Asher Nolting,,,goal,1_PT,GOAL by A. Nolting.,10,4,,000408,Matt DeLuca,,,,,,,,True,,10,4,goal,False,,,,,,False,False,championship_series,True,,61,899,,False,,,True
239,championship-series-2-2024-2-17,shot-1013100,62,2,00:45,915,WAT,Philadelphia Waterdogs,000363,Ryan Conrad,001795,Christian Scarpello,shot,1_PT,Missed shot by Ryan Conrad.,10,4,,002038,Colin Kirst,False,False,,,,,,,,10,4,missed,False,,,,,,False,False,championship_series,True,,62,915,,False,,001795,True
239,championship-series-2-2024-2-17,shotclockexpired-1013800,63,2,00:03,957,CAN,Boston Cannons,,,,,shotclockexpired,,Shot Clock Violation.,22,12,,,,,,,,,,,,,10,4,,False,,,,,,,,championship_series,True,,63,957,,False,,,True
239,championship-series-2-2024-2-17,turnover-1013810,64,2,00:03,957,CAN,Boston Cannons,,,,,turnover,,Turnover by BOS,22,12,,,,,,,,,,,,,10,4,,False,,False,,,,,,championship_series,True,,64,957,,False,,,True
239,championship-series-2-2024-2-17,shot-1014100,65,2,00:01,959,WAT,Philadelphia Waterdogs,000363,Ryan Conrad,003052,Kyle Borda,shot,1_PT,Missed shot by Ryan Conrad.,10,4,,002038,Colin Kirst,True,False,,,,,,,,10,4,on_goal_no_save,False,,,,,,False,False,championship_series,True,,65,959,,False,,003052,True
239,championship-series-2-2024-2-17,faceoff-2000200,66,3,07:53,967,CAN,Boston Cannons,003041,Ethan Rall,000363,Ryan Conrad,faceoff,,Faceoff win E. Rall (vs. R. Conrad). GB BOS C. Kirst.,22,12,002038,,,,,,,,,,,,10,4,,False,,,False,,,,,championship_series,True,,66,967,,False,,,True
239,championship-series-2-2024-2-17,groundball-2000300,67,3,07:53,967,CAN,Boston Cannons,002038,Colin Kirst,,,groundball,,Groundball picked up by C. Kirst.,22,12,,,,,,,,,,,,,10,4,,False,False,,,,,,,championship_series,True,,67,967,,False,,,True
239,championship-series-2-2024-2-17,turnover-2000510,68,3,07:38,982,CAN,Boston Cannons,,,,,turnover,,Turnover by BOS,22,12,,,,,,,,,,,,,10,4,,False,,False,,,,,,championship_series,True,,68,982,,False,,,True
239,championship-series-2-2024-2-17,shot-2000900,69,3,07:27,993,WAT,Philadelphia Waterdogs,003055,Jack Traynor,000363,Ryan Conrad,shot,1_PT,Missed shot by Jack Traynor. Save by BOS C. Kirst.,10,4,,002038,Colin Kirst,True,True,messy,,,,,,,10,4,saved,False,,,,,,False,False,championship_series,True,,69,993,,False,,000363,True
239,championship-series-2-2024-2-17,turnover-2001610,70,3,07:06,1014,WAT,Philadelphia Waterdogs,,,,,turnover,,Turnover by PHI,22,12,,,,,,,,,,,,,10,4,,False,,False,,,,,,championship_series,True,,70,1014,,False,,,True
239,championship-series-2-2024-2-17,shot-2002200,71,3,06:46,1034,CAN,Boston Cannons,001729,Chris Aslanian,,,goal,1_PT,GOAL by C. Aslanian.,10,5,,003062,Jason Rose,,,,,,,,True,,10,5,goal,False,,,,,,False,False,championship_series,True,,71,1034,,False,,,True
239,championship-series-2-2024-2-17,shot-2002400,72,3,06:44,1036,WAT,Philadelphia Waterdogs,000363,Ryan Conrad,003062,Jason Rose,goal,2_PT,2PT G by R. Conrad. Assist J. Rose.,12,5,,002038,Colin Kirst,,,,,,,,True,,12,5,goal,False,,,,,,True,False,championship_series,True,,72,1036,,False,,003062,True
239,championship-series-2-2024-2-17,shot-2002700,73,3,06:35,1045,CAN,Boston Cannons,000358,Ryan Drenner,,,goal,1_PT,GOAL by R. Drenner.,12,6,,003062,Jason Rose,,,,,,,,True,,12,6,goal,False,,,,,,False,False,championship_series,True,,73,1045,,False,,,True
239,championship-series-2-2024-2-17,turnover-2002910,74,3,06:10,1070,WAT,Philadelphia Waterdogs,,,,,turnover,,Turnover by PHI,22,12,,,,,,,,,,,,,12,6,,False,,False,,,,,,championship_series,True,,74,1070,,False,,,True
239,championship-series-2-2024-2-17,shot-2003300,75,3,06:00,1080,CAN,Boston Cannons,003013,Matt Campbell,002025,Bubba Fairman,shot,1_PT,Missed shot by Matt Campbell.,12,6,,003062,Jason Rose,False,False,,,,,,,,12,6,missed,False,,,,,,False,False,championship_series,True,,75,1080,,False,,002025,True
239,championship-series-2-2024-2-17,shot-2004000,76,3,05:37,1103,WAT,Philadelphia Waterdogs,003052,Kyle Borda,,,goal,1_PT,GOAL by K. Borda.,13,6,,002038,Colin Kirst,,,,,,,,True,,13,6,goal,False,,,,,,False,False,championship_series,True,,76,1103,,False,,,True
239,championship-series-2-2024-2-17,shot-2004300,77,3,05:23,1117,CAN,Boston Cannons,003043,Josh Stout,002038,Colin Kirst,shot,1_PT,Missed shot by Josh Stout.,13,6,,003062,Jason Rose,False,False,,,,,,,,13,6,missed,False,,,,,,False,False,championship_series,True,,77,1117,,False,,002038,True
239,championship-series-2-2024-2-17,shot-2004900,78,3,05:00,1140,CAN,Boston Cannons,000216,Marcus Holman,000358,Ryan Drenner,shot,2_PT,Missed shot(2pt) by Marcus Holman.,13,6,,003062,Jason Rose,True,False,,,,,,,,13,6,on_goal_no_save,False,,,,,,True,False,championship_series,True,,78,1140,,False,,000358,True
239,championship-series-2-2024-2-17,shot-2005600,79,3,04:47,1153,WAT,Philadelphia Waterdogs,003054,Jeff Conner,000240,Kieran McArdle,goal,1_PT,GOAL by J. Conner. Assist K. McArdle.,14,6,,002038,Colin Kirst,,,,,,,,True,,14,6,goal,False,,,,,,False,False,championship_series,True,,79,1153,,False,,000240,True
239,championship-series-2-2024-2-17,shot-2006000,80,3,04:38,1162,CAN,Boston Cannons,000327,Matt Kavanagh,002025,Bubba Fairman,shot,1_PT,Missed shot by Matt Kavanagh. Save by PHI J. Rose.,14,6,,003062,Jason Rose,True,True,messy,,,,,,,14,6,saved,False,,,,,,False,False,championship_series,True,,80,1162,,False,,002025,True
239,championship-series-2-2024-2-17,turnover-2006610,81,3,04:13,1187,WAT,Philadelphia Waterdogs,,,,,turnover,,Turnover by PHI,22,12,,,,,,,,,,,,,14,6,,False,,False,,,,,,championship_series,True,,81,1187,,False,,,True
239,championship-series-2-2024-2-17,shot-2007100,82,3,03:55,1205,CAN,Boston Cannons,003043,Josh Stout,003013,Matt Campbell,shot,1_PT,Missed shot by Josh Stout.,14,6,,003062,Jason Rose,False,False,,,,,,,,14,6,missed,False,,,,,,False,False,championship_series,True,,82,1205,,False,,003013,True
239,championship-series-2-2024-2-17,shot-2007500,83,3,03:51,1209,WAT,Philadelphia Waterdogs,000363,Ryan Conrad,,,goal,2_PT,2PT G by R. Conrad.,16,6,,002038,Colin Kirst,,,,,,,,True,,16,6,goal,False,,,,,,True,False,championship_series,True,,83,1209,,False,,,True
239,championship-series-2-2024-2-17,shot-2008100,84,3,03:31,1229,CAN,Boston Cannons,002024,Asher Nolting,002025,Bubba Fairman,shot,1_PT,Missed shot by Asher Nolting.,16,6,,003062,Jason Rose,False,False,,,,,,,,16,6,missed,False,,,,,,False,False,championship_series,True,,84,1229,,False,,002025,True
239,championship-series-2-2024-2-17,shot-2008700,85,3,03:08,1252,WAT,Philadelphia Waterdogs,003055,Jack Traynor,001810,Michael Sowers,shot,1_PT,Missed shot by Jack Traynor. Save by BOS C. Kirst.,16,6,,002038,Colin Kirst,True,True,messy,,,,,,,16,6,saved,False,,,,,,False,False,championship_series,True,,85,1252,,False,,001810,True
239,championship-series-2-2024-2-17,shot-2009100,86,3,02:59,1261,WAT,Philadelphia Waterdogs,001818,Jake Carraway,002036,Jake Higgins,shot,2_PT,Missed shot(2pt) by Jake Carraway. Save by BOS C. Kirst.,16,6,,002038,Colin Kirst,True,True,messy,,,,,,,16,6,saved,False,,,,,,True,False,championship_series,True,,86,1261,,False,,002036,True
239,championship-series-2-2024-2-17,shot-2009700,87,3,02:32,1288,WAT,Philadelphia Waterdogs,002036,Jake Higgins,,,goal,1_PT,GOAL by J. Higgins.,17,6,,002038,Colin Kirst,,,,,,,,True,,17,6,goal,False,,,,,,False,False,championship_series,True,,87,1288,,False,,,True
239,championship-series-2-2024-2-17,shot-2010000,88,3,02:27,1293,CAN,Boston Cannons,000216,Marcus Holman,002038,Colin Kirst,shot,2_PT,Missed shot(2pt) by Marcus Holman.,17,6,,003062,Jason Rose,False,False,,,,,,,,17,6,missed,False,,,,,,True,False,championship_series,True,,88,1293,,False,,002038,True
239,championship-series-2-2024-2-17,shot-2010700,89,3,01:58,1322,WAT,Philadelphia Waterdogs,000363,Ryan Conrad,000240,Kieran McArdle,shot,1_PT,Missed shot by Ryan Conrad. Save by BOS C. Kirst.,17,6,,002038,Colin Kirst,True,True,messy,,,,,,,17,6,saved,False,,,,,,False,False,championship_series,True,,89,1322,,False,,000240,True
239,championship-series-2-2024-2-17,shot-2011400,90,3,01:41,1339,CAN,Boston Cannons,003043,Josh Stout,001729,Chris Aslanian,shot,1_PT,Missed shot by Josh Stout.,17,6,,003062,Jason Rose,False,False,,,,,,,,17,6,missed,False,,,,,,False,False,championship_series,True,,90,1339,,False,,001729,True
239,championship-series-2-2024-2-17,shot-2012200,91,3,01:12,1368,WAT,Philadelphia Waterdogs,000363,Ryan Conrad,001818,Jake Carraway,shot,1_PT,Missed shot by Ryan Conrad.,17,6,,002038,Colin Kirst,False,False,,,,,,,,17,6,missed,False,,,,,,False,False,championship_series,True,,91,1368,,False,,001818,True
239,championship-series-2-2024-2-17,shot-2012800,92,3,00:49,1391,CAN,Boston Cannons,001729,Chris Aslanian,000216,Marcus Holman,shot,2_PT,Missed shot(2pt) by Chris Aslanian.,17,6,,003062,Jason Rose,False,False,,,,,,,,17,6,missed,False,,,,,,True,False,championship_series,True,,92,1391,,False,,000216,True
239,championship-series-2-2024-2-17,shot-2013500,93,3,00:24,1416,WAT,Philadelphia Waterdogs,003055,Jack Traynor,003052,Kyle Borda,goal,1_PT,GOAL by J. Traynor. Assist K. Borda.,18,6,,002038,Colin Kirst,,,,,,,,True,,18,6,goal,False,,,,,,False,False,championship_series,True,,93,1416,,False,,003052,True
239,championship-series-2-2024-2-17,shot-2013900,94,3,00:00,1440,WAT,Philadelphia Waterdogs,001795,Christian Scarpello,,,shot,2_PT,Missed shot(2pt) by Christian Scarpello.,18,6,,002038,Colin Kirst,False,False,,,,,,,,18,6,missed,False,,,,,,True,False,championship_series,True,,94,1440,,False,,,True
239,championship-series-2-2024-2-17,turnover-2013810,95,3,00:00,1440,CAN,Boston Cannons,,,,,turnover,,Turnover by BOS,22,12,,,,,,,,,,,,,18,6,,False,,False,,,,,,championship_series,True,,95,1440,,False,,,True
239,championship-series-2-2024-2-17,faceoff-3000100,96,4,07:58,1442,WAT,Philadelphia Waterdogs,000363,Ryan Conrad,003041,Ethan Rall,faceoff,,Faceoff win R. Conrad (vs. E. Rall). GB PHI R. Conrad.,22,12,000363,,,,,,,,,,,,18,6,,False,,,False,,,,,championship_series,True,,96,1442,,False,,,True
239,championship-series-2-2024-2-17,groundball-3000200,97,4,07:58,1442,WAT,Philadelphia Waterdogs,000363,Ryan Conrad,,,groundball,,Groundball picked up by R. Conrad.,22,12,,,,,,,,,,,,,18,6,,False,False,,,,,,,championship_series,True,,97,1442,,False,,,True
239,championship-series-2-2024-2-17,shot-3001000,98,4,07:36,1464,WAT,Philadelphia Waterdogs,000240,Kieran McArdle,001818,Jake Carraway,goal,1_PT,GOAL by K. McArdle. Assist J. Carraway.,19,6,,002038,Colin Kirst,,,,,,,,True,,19,6,goal,False,,,,,,False,False,championship_series,True,,98,1464,,False,,001818,True
239,championship-series-2-2024-2-17,shot-3001500,99,4,07:22,1478,CAN,Boston Cannons,000358,Ryan Drenner,000216,Marcus Holman,goal,1_PT,GOAL by R. Drenner. Assist M. Holman.,19,7,,003062,Jason Rose,,,,,,,,True,,19,7,goal,False,,,,,,False,False,championship_series,True,,99,1478,,False,,000216,True
239,championship-series-2-2024-2-17,shot-3001900,100,4,07:02,1498,WAT,Philadelphia Waterdogs,003054,Jeff Conner,002036,Jake Higgins,shot,2_PT,Missed shot(2pt) by Jeff Conner. Save by BOS C. Kirst.,19,7,,002038,Colin Kirst,True,True,messy,,,,,,,19,7,saved,False,,,,,,True,False,championship_series,True,,100,1498,,False,,002036,True
239,championship-series-2-2024-2-17,shot-3002500,101,4,06:40,1520,WAT,Philadelphia Waterdogs,000363,Ryan Conrad,003054,Jeff Conner,shot,1_PT,Missed shot by Ryan Conrad.,19,7,,002038,Colin Kirst,False,False,,,,,,,,19,7,missed,False,,,,,,False,False,championship_series,True,,101,1520,,False,,003054,True
239,championship-series-2-2024-2-17,shot-3003100,102,4,06:15,1545,CAN,Boston Cannons,002024,Asher Nolting,,,goal,1_PT,GOAL by A. Nolting.,19,8,,003062,Jason Rose,,,,,,,,True,,19,8,goal,False,,,,,,False,False,championship_series,True,,102,1545,,False,,,True
239,championship-series-2-2024-2-17,shot-3003600,103,4,06:00,1560,WAT,Philadelphia Waterdogs,001810,Michael Sowers,000363,Ryan Conrad,shot,2_PT,Missed shot(2pt) by Michael Sowers. Save by BOS C. Kirst.,19,8,,002038,Colin Kirst,True,True,messy,,,,,,,19,8,saved,False,,,,,,True,False,championship_series,True,,103,1560,,False,,000363,True
239,championship-series-2-2024-2-17,shot-3004400,104,4,05:36,1584,WAT,Philadelphia Waterdogs,001818,Jake Carraway,000240,Kieran McArdle,goal,2_PT,2PT G by J. Carraway. Assist K. McArdle.,21,8,,002038,Colin Kirst,,,,,,,,True,,21,8,goal,False,,,,,,True,False,championship_series,True,,104,1584,,False,,000240,True
239,championship-series-2-2024-2-17,shot-3004700,105,4,05:32,1588,CAN,Boston Cannons,001760,Pat Aslanian,002038,Colin Kirst,shot,1_PT,Missed shot by Pat Aslanian.,21,8,,003062,Jason Rose,False,False,,,,,,,,21,8,missed,False,,,,,,False,False,championship_series,True,,105,1588,,False,,002038,True
239,championship-series-2-2024-2-17,shot-3005600,106,4,05:07,1613,WAT,Philadelphia Waterdogs,003052,Kyle Borda,000240,Kieran McArdle,goal,1_PT,GOAL by K. Borda. Assist K. McArdle.,22,8,,002038,Colin Kirst,,,,,,,,True,,22,8,goal,False,,,,,,False,False,championship_series,True,,106,1613,,False,,000240,True
239,championship-series-2-2024-2-17,shot-3005900,107,4,04:55,1625,CAN,Boston Cannons,002025,Bubba Fairman,002038,Colin Kirst,shot,1_PT,Missed shot by Bubba Fairman.,22,8,,003062,Jason Rose,False,False,,,,,,,,22,8,missed,False,,,,,,False,False,championship_series,True,,107,1625,,False,,002038,True
239,championship-series-2-2024-2-17,shotclockexpired-3006700,108,4,04:24,1656,WAT,Philadelphia Waterdogs,,,,,shotclockexpired,,Shot Clock Violation.,22,12,,,,,,,,,,,,,22,8,,False,,,,,,,,championship_series,True,,108,1656,,False,,,True
239,championship-series-2-2024-2-17,turnover-3006710,109,4,04:24,1656,WAT,Philadelphia Waterdogs,,,,,turnover,,Turnover by PHI,22,12,,,,,,,,,,,,,22,8,,False,,False,,,,,,championship_series,True,,109,1656,,False,,,True
239,championship-series-2-2024-2-17,shot-3007300,110,4,04:11,1669,CAN,Boston Cannons,000216,Marcus Holman,002024,Asher Nolting,goal,1_PT,GOAL by M. Holman. Assist A. Nolting.,22,9,,003062,Jason Rose,,,,,,,,True,,22,9,goal,False,,,,,,False,False,championship_series,True,,110,1669,,False,,002024,True
239,championship-series-2-2024-2-17,shotclockexpired-3007700,111,4,03:42,1698,WAT,Philadelphia Waterdogs,,,,,shotclockexpired,,Shot Clock Violation.,22,12,,,,,,,,,,,,,22,9,,False,,,,,,,,championship_series,True,,111,1698,,False,,,True
239,championship-series-2-2024-2-17,turnover-3007710,112,4,03:42,1698,WAT,Philadelphia Waterdogs,,,,,turnover,,Turnover by PHI,22,12,,,,,,,,,,,,,22,9,,False,,False,,,,,,championship_series,True,,112,1698,,False,,,True
239,championship-series-2-2024-2-17,shot-3008300,113,4,03:21,1719,CAN,Boston Cannons,003043,Josh Stout,000358,Ryan Drenner,goal,1_PT,GOAL by J. Stout. Assist R. Drenner.,22,10,,003062,Jason Rose,,,,,,,,True,,22,10,goal,False,,,,,,False,False,championship_series,True,,113,1719,,False,,000358,True
239,championship-series-2-2024-2-17,turnover-3008700,114,4,02:47,1753,WAT,Philadelphia Waterdogs,,,,,turnover,,Turnover by PHI,22,12,,,,,,,,,,,,,22,10,,False,,False,,,,,,championship_series,True,,114,1753,,False,,,True
239,championship-series-2-2024-2-17,groundball-3008800,115,4,02:44,1756,CAN,Boston Cannons,002038,Colin Kirst,,,groundball,,Groundball picked up by C. Kirst.,22,12,,,,,,,,,,,,,22,10,,False,False,,,,,,,championship_series,True,,115,1756,,False,,,True
239,championship-series-2-2024-2-17,shot-3009100,116,4,02:42,1758,CAN,Boston Cannons,000358,Ryan Drenner,002038,Colin Kirst,shot,1_PT,Missed shot by Ryan Drenner. Save by PHI J. Rose.,22,10,,003062,Jason Rose,True,True,messy,,,,,,,22,10,saved,False,,,,,,False,False,championship_series,True,,116,1758,,False,,002038,True
239,championship-series-2-2024-2-17,groundball-3009300,117,4,02:39,1761,WAT,Philadelphia Waterdogs,003055,Jack Traynor,,,groundball,,Groundball picked up by J. Traynor.,22,12,,,,,,,,,,,,,22,10,,False,False,,,,,,,championship_series,True,,117,1761,,False,,,True
239,championship-series-2-2024-2-17,groundball-3009600,118,4,02:24,1776,WAT,Philadelphia Waterdogs,003055,Jack Traynor,,,groundball,,Groundball picked up by J. Traynor.,22,12,,,,,,,,,,,,,22,10,,False,False,,,,,,,championship_series,True,,118,1776,,False,,,True
239,championship-series-2-2024-2-17,turnover-3009910,119,4,02:12,1788,WAT,Philadelphia Waterdogs,,,,,turnover,,Turnover by PHI,22,12,,,,,,,,,,,,,22,10,,False,,False,,,,,,championship_series,True,,119,1788,,False,,,True
239,championship-series-2-2024-2-17,shot-3010700,120,4,01:52,1808,CAN,Boston Cannons,000216,Marcus Holman,,,goal,1_PT,GOAL by M. Holman.,22,11,,003062,Jason Rose,,,,,,,,True,,22,11,goal,False,,,,,,False,False,championship_series,True,,120,1808,,False,,,True
239,championship-series-2-2024-2-17,shotclockexpired-3011100,121,4,01:24,1836,WAT,Philadelphia Waterdogs,,,,,shotclockexpired,,Shot Clock Violation.,22,12,,,,,,,,,,,,,22,11,,False,,,,,,,,championship_series,True,,121,1836,,False,,,True
239,championship-series-2-2024-2-17,turnover-3011110,122,4,01:24,1836,WAT,Philadelphia Waterdogs,,,,,turnover,,Turnover by PHI,22,12,,,,,,,,,,,,,22,11,,False,,False,,,,,,championship_series,True,,122,1836,,False,,,True
239,championship-series-2-2024-2-17,turnover-3011810,123,4,00:46,1874,WAT,Philadelphia Waterdogs,,,,,turnover,,Turnover by PHI,22,12,,,,,,,,,,,,,22,11,,False,,False,,,,,,championship_series,True,,123,1874,,False,,,True
239,championship-series-2-2024-2-17,shot-3012700,124,4,00:24,1896,CAN,Boston Cannons,000216,Marcus Holman,,,goal,1_PT,GOAL by M. Holman.,22,12,,003062,Jason Rose,,,,,,,,True,,22,12,goal,False,,,,,,False,False,championship_series,True,,124,1896,,False,,,True
239,championship-series-2-2024-2-17,gameEnd,125,4,00:00,1920,,,,,,,gameEnd,,Game End,22,12,,,,,,,,,0.0,1.0,,,22,12,,False,,,,,,,,championship_series,True,,125,1920,,False,,,True
240,championship-series-1-2024-2-18,pregame,0,1,08:00,0,,,,,,,pregame,,Game Start,0,0,,,,,,,,,0.5,0.5,,,0,0,,False,,,,,,,,championship_series,True,,0,0,,False,,,True
240,championship-series-1-2024-2-18,faceoff-100,1,1,07:56,4,RED,California Redwoods,000414,Rob Pannell,003041,Ethan Rall,faceoff,,Faceoff win R. Pannell (vs. E. Rall). GB CAL K. Rogers.,15,23,002001,,,,,,,,,,,,0,0,,False,,,False,,,,,championship_series,True,,1,4,,False,,,True
240,championship-series-1-2024-2-18,groundball-200,2,1,07:56,4,RED,California Redwoods,002001,Kevin Rogers,,,groundball,,Groundball picked up by K. Rogers.,15,23,,,,,,,,,,,,,0,0,,False,False,,,,,,,championship_series,True,,2,4,,False,,,True
240,championship-series-1-2024-2-18,turnover-600,3,1,07:46,14,RED,California Redwoods,,,,,turnover,,Turnover by CAL,15,23,,,,,,,,,,,,,0,0,,False,,False,,,,,,championship_series,True,,3,14,,False,,,True
240,championship-series-1-2024-2-18,groundball-800,4,1,07:45,15,CAN,Boston Cannons,002025,Bubba Fairman,,,groundball,,Groundball picked up by B. Fairman.,15,23,,,,,,,,,,,,,0,0,,False,False,,,,,,,championship_series,True,,4,15,,False,,,True
240,championship-series-1-2024-2-18,shot-1300,5,1,07:32,28,CAN,Boston Cannons,002024,Asher Nolting,,,goal,2_PT,2PT G by A. Nolting.,0,2,,000318,Jack Kelly,,,,,,,,True,,0,2,goal,False,,,,,,True,False,championship_series,True,,5,28,,False,,,True
240,championship-series-1-2024-2-18,shot-1600,6,1,07:30,30,RED,California Redwoods,002001,Kevin Rogers,000318,Jack Kelly,shot,1_PT,Missed shot by Kevin Rogers. Save by BOS C. Kirst.,0,2,,002038,Colin Kirst,True,True,clean,,,,,,,0,2,saved,False,,,,,,False,False,championship_series,True,,6,30,,False,,000318,True
240,championship-series-1-2024-2-18,shot-2400,7,1,07:04,56,CAN,Boston Cannons,002024,Asher Nolting,000327,Matt Kavanagh,shot,1_PT,Missed shot by Asher Nolting. Save by CAL J. Kelly.,0,2,,000318,Jack Kelly,True,True,messy,,,,,,,0,2,saved,False,,,,,,False,False,championship_series,True,,7,56,,False,,000327,True
240,championship-series-1-2024-2-18,shot-3000,8,1,06:44,76,CAN,Boston Cannons,000358,Ryan Drenner,000216,Marcus Holman,shot,1_PT,Missed shot by Ryan Drenner. Save by CAL J. Kelly.,0,2,,000318,Jack Kelly,True,True,messy,,,,,,,0,2,saved,False,,,,,,False,False,championship_series,True,,8,76,,False,,000216,True
240,championship-series-1-2024-2-18,groundball-3200,9,1,06:40,80,RED,California Redwoods,000414,Rob Pannell,,,groundball,,Groundball picked up by R. Pannell.,15,23,,,,,,,,,,,,,0,2,,False,False,,,,,,,championship_series,True,,9,80,,False,,,True
240,championship-series-1-2024-2-18,shot-3600,10,1,06:22,98,RED,California Redwoods,000305,Romar Dennis,000318,Jack Kelly,shot,2_PT,Missed shot(2pt) by Romar Dennis.,0,2,,002038,Colin Kirst,False,False,,,,,,,,0,2,missed,False,,,,,,True,False,championship_series,True,,10,98,,False,,000318,True
240,championship-series-1-2024-2-18,groundball-3800,11,1,06:17,103,CAN,Boston Cannons,001760,Pat Aslanian,,,groundball,,Groundball picked up by P. Aslanian.,15,23,,,,,,,,,,,,,0,2,,False,False,,,,,,,championship_series,True,,11,103,,False,,,True
240,championship-series-1-2024-2-18,shot-4500,12,1,05:51,129,CAN,Boston Cannons,002024,Asher Nolting,003013,Matt Campbell,shot,1_PT,Missed shot by Asher Nolting. Save by CAL J. Kelly.,0,2,,000318,Jack Kelly,True,True,messy,,,,,,,0,2,saved,False,,,,,,False,False,championship_series,True,,12,129,,False,,003013,True
240,championship-series-1-2024-2-18,groundball-4700,13,1,05:49,131,CAN,Boston Cannons,000327,Matt Kavanagh,,,groundball,,Groundball picked up by M. Kavanagh.,15,23,,,,,,,,,,,,,0,2,,False,False,,,,,,,championship_series,True,,13,131,,False,,,True
240,championship-series-1-2024-2-18,shot-4800,14,1,05:49,131,CAN,Boston Cannons,000327,Matt Kavanagh,,,goal,1_PT,GOAL by M. Kavanagh.,0,3,,000318,Jack Kelly,,,,,,,,True,,0,3,goal,False,,,,,,False,False,championship_series,True,,14,131,,False,,,True
240,championship-series-1-2024-2-18,shot-5200,15,1,05:36,144,RED,California Redwoods,000351,Jules Heningburg,,,goal,1_PT,GOAL by J. Heningburg.,1,3,,002038,Colin Kirst,,,,,,,,True,,1,3,goal,False,,,,,,False,False,championship_series,True,,15,144,,False,,,True
240,championship-series-1-2024-2-18,shot-5600,16,1,05:20,160,CAN,Boston Cannons,003013,Matt Campbell,000327,Matt Kavanagh,goal,2_PT,2PT G by M. Campbell. Assist M. Kavanagh.,1,5,,000318,Jack Kelly,,,,,,,,True,,1,5,goal,False,,,,,,True,False,championship_series,True,,16,160,,False,,000327,True
240,championship-series-1-2024-2-18,turnover-6200,17,1,05:02,178,RED,California Redwoods,,,,,turnover,,Turnover by CAL,15,23,,,,,,,,,,,,,1,5,,False,,False,,,,,,championship_series,True,,17,178,,False,,,True
240,championship-series-1-2024-2-18,groundball-6300,18,1,05:00,180,CAN,Boston Cannons,000216,Marcus Holman,,,groundball,,Groundball picked up by M. Holman.,15,23,,,,,,,,,,,,,1,5,,False,False,,,,,,,championship_series,True,,18,180,,False,,,True
240,championship-series-1-2024-2-18,turnover-6800,19,1,04:40,200,CAN,Boston Cannons,,,,,turnover,,Turnover by BOS,15,23,,,,,,,,,,,,,1,5,,False,,False,,,,,,championship_series,True,,19,200,,False,,,True
240,championship-series-1-2024-2-18,groundball-6900,20,1,04:38,202,RED,California Redwoods,000318,Jack Kelly,,,groundball,,Groundball picked up by J. Kelly.,15,23,,,,,,,,,,,,,1,5,,False,False,,,,,,,championship_series,True,,20,202,,False,,,True
240,championship-series-1-2024-2-18,shot-7300,21,1,04:30,210,RED,California Redwoods,000333,Sergio Perkovic,000305,Romar Dennis,shot,1_PT,Missed shot by Sergio Perkovic. Save by BOS C. Kirst.,1,5,,002038,Colin Kirst,True,True,messy,,,,,,,1,5,saved,False,,,,,,False,False,championship_series,True,,21,210,,False,,000305,True
240,championship-series-1-2024-2-18,shot-8100,22,1,04:01,239,CAN,Boston Cannons,000216,Marcus Holman,000358,Ryan Drenner,shot,2_PT,Missed shot(2pt) by Marcus Holman.,1,5,,000318,Jack Kelly,False,False,,,,,,,,1,5,missed,False,,,,,,True,False,championship_series,True,,22,239,,False,,000358,True
240,championship-series-1-2024-2-18,groundball-8300,23,1,03:56,244,CAN,Boston Cannons,000216,Marcus Holman,,,groundball,,Groundball picked up by M. Holman.,15,23,,,,,,,,,,,,,1,5,,False,False,,,,,,,championship_series,True,,23,244,,False,,,True
240,championship-series-1-2024-2-18,shot-8600,24,1,03:52,248,CAN,Boston Cannons,002024,Asher Nolting,000358,Ryan Drenner,shot,1_PT,Missed shot by Asher Nolting. Save by CAL J. Kelly.,1,5,,000318,Jack Kelly,True,True,messy,,,,,,,1,5,saved,False,,,,,,False,False,championship_series,True,,24,248,,False,,000358,True
240,championship-series-1-2024-2-18,shot-9000,25,1,03:37,263,CAN,Boston Cannons,003013,Matt Campbell,002024,Asher Nolting,shot,2_PT,Missed shot(2pt) by Matt Campbell. Save by CAL J. Kelly.,1,5,,000318,Jack Kelly,True,True,clean,,,,,,,1,5,saved,False,,,,,,True,False,championship_series,True,,25,263,,False,,002024,True
240,championship-series-1-2024-2-18,shot-9400,26,1,03:31,269,RED,California Redwoods,002001,Kevin Rogers,000318,Jack Kelly,goal,1_PT,GOAL by K. Rogers. Assist J. Kelly.,2,5,,002038,Colin Kirst,,,,,,,,True,,2,5,goal,False,,,,,,False,False,championship_series,True,,26,269,,False,,000318,True
240,championship-series-1-2024-2-18,shot-9900,27,1,03:13,287,CAN,Boston Cannons,000358,Ryan Drenner,003013,Matt Campbell,shot,1_PT,Missed shot by Ryan Drenner. Save by CAL J. Kelly.,2,5,,000318,Jack Kelly,True,True,clean,,,,,,,2,5,saved,False,,,,,,False,False,championship_series,True,,27,287,,False,,003013,True
240,championship-series-1-2024-2-18,shot-10500,28,1,02:51,309,RED,California Redwoods,000305,Romar Dennis,000351,Jules Heningburg,shot,1_PT,Missed shot by Romar Dennis.,2,5,,002038,Colin Kirst,False,False,,,,,,,,2,5,missed,False,,,,,,False,False,championship_series,True,,28,309,,False,,000351,True
240,championship-series-1-2024-2-18,shot-11000,29,1,02:28,332,CAN,Boston Cannons,000327,Matt Kavanagh,002024,Asher Nolting,shot,1_PT,Missed shot by Matt Kavanagh. Save by CAL J. Kelly.,2,5,,000318,Jack Kelly,True,True,clean,,,,,,,2,5,saved,False,,,,,,False,False,championship_series,True,,29,332,,False,,002024,True
240,championship-series-1-2024-2-18,groundball-11400,30,1,02:12,348,RED,California Redwoods,002001,Kevin Rogers,,,groundball,,Groundball picked up by K. Rogers.,15,23,,,,,,,,,,,,,2,5,,False,False,,,,,,,championship_series,True,,30,348,,False,,,True
240,championship-series-1-2024-2-18,penalty-12100,31,1,02:04,356,CAN,Boston Cannons,000216,Marcus Holman,,,penalty,,BOS Marcus Holman 1 min penalty for Illegal Body Check.,15,23,,,,,,,60.0,Illegal Body Check,,,,,2,5,,False,,,,False,True,,,championship_series,True,,31,356,,False,,,True
240,championship-series-1-2024-2-18,shot-11700,32,1,02:04,356,RED,California Redwoods,002033,Nakeie Montgomery,000414,Rob Pannell,shot,1_PT,Missed shot by Nakeie Montgomery. Save by BOS C. Kirst.,2,5,,002038,Colin Kirst,True,True,messy,,,,,,,2,5,saved,False,,,,,,False,False,championship_series,True,,32,356,,False,,000414,True
240,championship-series-1-2024-2-18,shot-13100,33,1,01:47,373,RED,California Redwoods,001824,Ryan Tierney,000414,Rob Pannell,shot,1_PT,Missed shot by Ryan Tierney.,2,5,,002038,Colin Kirst,True,False,,,,,,,,2,5,on_goal_no_save,False,,,,,,False,False,championship_series,True,,33,373,,False,,000414,True
240,championship-series-1-2024-2-18,groundball-13300,34,1,01:44,376,RED,California Redwoods,000305,Romar Dennis,,,groundball,,Groundball picked up by R. Dennis.,15,23,,,,,,,,,,,,,2,5,,False,False,,,,,,,championship_series,True,,34,376,,False,,,True
240,championship-series-1-2024-2-18,turnover-13600,35,1,01:36,384,RED,California Redwoods,,,,,turnover,,Turnover by CAL,15,23,,,,,,,,,,,,,2,5,,False,,False,,,,,,championship_series,True,,35,384,,False,,,True
240,championship-series-1-2024-2-18,groundball-13700,36,1,01:32,388,CAN,Boston Cannons,001760,Pat Aslanian,,,groundball,,Groundball picked up by P. Aslanian.,15,23,,,,,,,,,,,,,2,5,,False,False,,,,,,,championship_series,True,,36,388,,False,,,True
240,championship-series-1-2024-2-18,shot-14900,37,1,01:07,413,CAN,Boston Cannons,000358,Ryan Drenner,002024,Asher Nolting,goal,1_PT,GOAL by R. Drenner. Assist A. Nolting.,2,6,,000318,Jack Kelly,,,,,,,,True,,2,6,goal,False,,,,,,False,False,championship_series,True,,37,413,,False,,002024,True
240,championship-series-1-2024-2-18,shot-15600,38,1,00:55,425,RED,California Redwoods,000414,Rob Pannell,003024,Brian Tevlin,goal,1_PT,GOAL by R. Pannell. Assist B. Tevlin.,3,6,,002038,Colin Kirst,,,,,,,,True,,3,6,goal,False,,,,,,False,False,championship_series,True,,38,425,,False,,003024,True
240,championship-series-1-2024-2-18,shot-16300,39,1,00:39,441,CAN,Boston Cannons,000358,Ryan Drenner,002024,Asher Nolting,shot,1_PT,Missed shot by Ryan Drenner.,3,6,,000318,Jack Kelly,False,False,,,,,,,,3,6,missed,False,,,,,,False,False,championship_series,True,,39,441,,False,,002024,True
240,championship-series-1-2024-2-18,shot-16900,40,1,00:01,479,RED,California Redwoods,002033,Nakeie Montgomery,000333,Sergio Perkovic,shot,1_PT,Missed shot by Nakeie Montgomery. Save by BOS C. Kirst.,3,6,,002038,Colin Kirst,True,True,messy,,,,,,,3,6,saved,False,,,,,,False,False,championship_series,True,,40,479,,False,,000333,True
240,championship-series-1-2024-2-18,faceoff-1000100,41,2,07:56,484,RED,California Redwoods,000414,Rob Pannell,003041,Ethan Rall,faceoff,,Faceoff win R. Pannell (vs. E. Rall). GB CAL B. Tevlin.,15,23,003024,,,,,,,,,,,,3,6,,False,,,False,,,,,championship_series,True,,41,484,,False,,,True
240,championship-series-1-2024-2-18,groundball-1000200,42,2,07:56,484,RED,California Redwoods,003024,Brian Tevlin,,,groundball,,Groundball picked up by B. Tevlin.,15,23,,,,,,,,,,,,,3,6,,False,False,,,,,,,championship_series,True,,42,484,,False,,,True
240,championship-series-1-2024-2-18,turnover-1000710,43,2,07:37,503,RED,California Redwoods,,,,,turnover,,Turnover by CAL,15,23,,,,,,,,,,,,,3,6,,False,,False,,,,,,championship_series,True,,43,503,,False,,,True
240,championship-series-1-2024-2-18,shot-1001300,44,2,07:17,523,CAN,Boston Cannons,003013,Matt Campbell,,,goal,1_PT,GOAL by M. Campbell.,3,7,,000318,Jack Kelly,,,,,,,,True,,3,7,goal,False,,,,,,False,False,championship_series,True,,44,523,,False,,,True
240,championship-series-1-2024-2-18,shot-1001700,45,2,07:08,532,RED,California Redwoods,000351,Jules Heningburg,002001,Kevin Rogers,goal,1_PT,GOAL by J. Heningburg. Assist K. Rogers.,4,7,,002038,Colin Kirst,,,,,,,,True,,4,7,goal,False,,,,,,False,False,championship_series,True,,45,532,,False,,002001,True
240,championship-series-1-2024-2-18,shot-1002800,46,2,06:37,563,CAN,Boston Cannons,000327,Matt Kavanagh,002024,Asher Nolting,shot,1_PT,Missed shot by Matt Kavanagh.,4,7,,000318,Jack Kelly,False,False,,,,,,,,4,7,missed,False,,,,,,False,False,championship_series,True,,46,563,,False,,002024,True
240,championship-series-1-2024-2-18,shot-1003400,47,2,06:05,595,CAN,Boston Cannons,002025,Bubba Fairman,,,goal,1_PT,GOAL by B. Fairman.,4,8,,000318,Jack Kelly,,,,,,,,True,,4,8,goal,False,,,,,,False,False,championship_series,True,,47,595,,False,,,True
240,championship-series-1-2024-2-18,shot-1003800,48,2,05:48,612,RED,California Redwoods,000305,Romar Dennis,,,goal,2_PT,2PT G by R. Dennis.,6,8,,002038,Colin Kirst,,,,,,,,True,,6,8,goal,False,,,,,,True,False,championship_series,True,,48,612,,False,,,True
240,championship-series-1-2024-2-18,shot-1004300,49,2,05:35,625,CAN,Boston Cannons,003013,Matt Campbell,002024,Asher Nolting,goal,2_PT,2PT G by M. Campbell. Assist A. Nolting.,6,10,,000318,Jack Kelly,,,,,,,,True,,6,10,goal,False,,,,,,True,False,championship_series,True,,49,625,,False,,002024,True
240,championship-series-1-2024-2-18,shot-1005000,50,2,05:12,648,RED,California Redwoods,001824,Ryan Tierney,,,goal,1_PT,GOAL by R. Tierney.,7,10,,002038,Colin Kirst,,,,,,,,True,,7,10,goal,False,,,,,,False,False,championship_series,True,,50,648,,False,,,True
240,championship-series-1-2024-2-18,shot-1005300,51,2,04:56,664,CAN,Boston Cannons,000327,Matt Kavanagh,,,goal,1_PT,GOAL by M. Kavanagh.,7,11,,000318,Jack Kelly,,,,,,,,True,,7,11,goal,False,,,,,,False,False,championship_series,True,,51,664,,False,,,True
240,championship-series-1-2024-2-18,penalty-1005700,52,2,04:26,694,CAN,Boston Cannons,001760,Pat Aslanian,,,penalty,,BOS Pat Aslanian 30 sec penalty for Slashing.,15,23,,,,,,,30.0,Slashing,,,,,7,11,,False,,,,False,True,,,championship_series,True,,52,694,,False,,,True
240,championship-series-1-2024-2-18,penalty-1007000,53,2,04:03,717,CAN,Boston Cannons,003043,Josh Stout,,,penalty,,BOS Josh Stout 1 min penalty for Unnecessary Roughness.,15,23,,,,,,,60.0,Unnecessary Roughness,,,,,7,11,,False,,,,False,True,,,championship_series,True,,53,717,,False,,,True
240,championship-series-1-2024-2-18,penalty-1007100,54,2,04:03,717,RED,California Redwoods,000351,Jules Heningburg,,,penalty,,CAL Jules Heningburg 1 min penalty for Unsportsmanlike Conduct.,15,23,,,,,,,60.0,Unsportsmanlike Conduct,,,,,7,11,,False,,,,False,True,,,championship_series,True,,54,717,,False,,,True
240,championship-series-1-2024-2-18,shot-1007600,55,2,03:31,749,CAN,Boston Cannons,000358,Ryan Drenner,000216,Marcus Holman,shot,1_PT,Missed shot by Ryan Drenner.,7,11,,000318,Jack Kelly,False,False,,,,,,,,7,11,missed,False,,,,,,False,False,championship_series,True,,55,749,,False,,000216,True
240,championship-series-1-2024-2-18,shot-1008200,56,2,03:13,767,RED,California Redwoods,000333,Sergio Perkovic,000305,Romar Dennis,shot,2_PT,Missed shot(2pt) by Sergio Perkovic. Save by BOS C. Kirst.,7,11,,002038,Colin Kirst,True,True,messy,,,,,,,7,11,saved,False,,,,,,True,False,championship_series,True,,56,767,,False,,000305,True
240,championship-series-1-2024-2-18,shot-1008800,57,2,02:55,785,RED,California Redwoods,003024,Brian Tevlin,000414,Rob Pannell,goal,1_PT,GOAL by B. Tevlin. Assist R. Pannell.,8,11,,002038,Colin Kirst,,,,,,,,True,,8,11,goal,False,,,,,,False,False,championship_series,True,,57,785,,False,,000414,True
240,championship-series-1-2024-2-18,groundball-1009300,58,2,02:29,811,CAN,Boston Cannons,000358,Ryan Drenner,,,groundball,,Groundball picked up by R. Drenner.,15,23,,,,,,,,,,,,,8,11,,False,False,,,,,,,championship_series,True,,58,811,,False,,,True
240,championship-series-1-2024-2-18,shot-1009400,59,2,02:28,812,CAN,Boston Cannons,000358,Ryan Drenner,,,shot,1_PT,Missed shot by Ryan Drenner. Save by CAL J. Kelly.,8,11,,000318,Jack Kelly,True,True,messy,,,,,,,8,11,saved,False,,,,,,False,False,championship_series,True,,59,812,,False,,,True
240,championship-series-1-2024-2-18,groundball-1009600,60,2,02:24,816,CAN,Boston Cannons,000358,Ryan Drenner,,,groundball,,Groundball picked up by R. Drenner.,15,23,,,,,,,,,,,,,8,11,,False,False,,,,,,,championship_series,True,,60,816,,False,,,True
240,championship-series-1-2024-2-18,shot-1009800,61,2,02:17,823,CAN,Boston Cannons,002024,Asher Nolting,000358,Ryan Drenner,shot,1_PT,Missed shot by Asher Nolting.,8,11,,000318,Jack Kelly,False,False,,,,,,,,8,11,missed,False,,,,,,False,False,championship_series,True,,61,823,,False,,000358,True
240,championship-series-1-2024-2-18,shot-1010400,62,2,01:56,844,RED,California Redwoods,000305,Romar Dennis,000351,Jules Heningburg,shot,2_PT,Missed shot(2pt) by Romar Dennis. Save by BOS C. Kirst.,8,11,,002038,Colin Kirst,True,True,messy,,,,,,,8,11,saved,False,,,,,,True,False,championship_series,True,,62,844,,False,,000351,True
240,championship-series-1-2024-2-18,shot-1011100,63,2,01:39,861,RED,California Redwoods,002001,Kevin Rogers,002033,Nakeie Montgomery,shot,1_PT,Missed shot by Kevin Rogers. Save by BOS C. Kirst.,8,11,,002038,Colin Kirst,True,True,messy,,,,,,,8,11,saved,False,,,,,,False,False,championship_series,True,,63,861,,False,,002033,True
240,championship-series-1-2024-2-18,groundball-1011300,64,2,01:37,863,RED,California Redwoods,002001,Kevin Rogers,,,groundball,,Groundball picked up by K. Rogers.,15,23,,,,,,,,,,,,,8,11,,False,False,,,,,,,championship_series,True,,64,863,,False,,,True
240,championship-series-1-2024-2-18,shot-1011800,65,2,01:23,877,RED,California Redwoods,000351,Jules Heningburg,000305,Romar Dennis,shot,2_PT,Missed shot(2pt) by Jules Heningburg. Save by BOS C. Kirst.,8,11,,002038,Colin Kirst,True,True,messy,,,,,,,8,11,saved,False,,,,,,True,False,championship_series,True,,65,877,,False,,000305,True
240,championship-series-1-2024-2-18,turnover-1012100,66,2,01:17,883,RED,California Redwoods,,,,,turnover,,Turnover by CAL,15,23,,,,,,,,,,,,,8,11,,False,,False,,,,,,championship_series,True,,66,883,,False,,,True
240,championship-series-1-2024-2-18,groundball-1012300,67,2,01:16,884,CAN,Boston Cannons,002025,Bubba Fairman,,,groundball,,Groundball picked up by B. Fairman.,15,23,,,,,,,,,,,,,8,11,,False,False,,,,,,,championship_series,True,,67,884,,False,,,True
240,championship-series-1-2024-2-18,shot-1012500,68,2,01:12,888,CAN,Boston Cannons,002025,Bubba Fairman,,,goal,1_PT,GOAL by B. Fairman.,8,12,,000318,Jack Kelly,,,,,,,,True,,8,12,goal,False,,,,,,False,False,championship_series,True,,68,888,,False,,,True
240,championship-series-1-2024-2-18,turnover-1012810,69,2,01:00,900,RED,California Redwoods,,,,,turnover,,Turnover by CAL,15,23,,,,,,,,,,,,,8,12,,False,,False,,,,,,championship_series,True,,69,900,,False,,,True
240,championship-series-1-2024-2-18,groundball-1013300,70,2,00:29,931,CAN,Boston Cannons,000358,Ryan Drenner,,,groundball,,Groundball picked up by R. Drenner.,15,23,,,,,,,,,,,,,8,12,,False,False,,,,,,,championship_series,True,,70,931,,False,,,True
240,championship-series-1-2024-2-18,shot-1013500,71,2,00:27,933,CAN,Boston Cannons,000327,Matt Kavanagh,000358,Ryan Drenner,shot,1_PT,Missed shot by Matt Kavanagh. Save by CAL J. Kelly.,8,12,,000318,Jack Kelly,True,True,messy,,,,,,,8,12,saved,False,,,,,,False,False,championship_series,True,,71,933,,False,,000358,True
240,championship-series-1-2024-2-18,groundball-1013700,72,2,00:25,935,RED,California Redwoods,002033,Nakeie Montgomery,,,groundball,,Groundball picked up by N. Montgomery.,15,23,,,,,,,,,,,,,8,12,,False,False,,,,,,,championship_series,True,,72,935,,False,,,True
240,championship-series-1-2024-2-18,turnover-1014000,73,2,00:20,940,RED,California Redwoods,,,,,turnover,,Turnover by CAL,15,23,,,,,,,,,,,,,8,12,,False,,False,,,,,,championship_series,True,,73,940,,False,,,True
240,championship-series-1-2024-2-18,groundball-1014200,74,2,00:18,942,CAN,Boston Cannons,001760,Pat Aslanian,,,groundball,,Groundball picked up by P. Aslanian.,15,23,,,,,,,,,,,,,8,12,,False,False,,,,,,,championship_series,True,,74,942,,False,,,True
240,championship-series-1-2024-2-18,shot-1014700,75,2,00:04,956,CAN,Boston Cannons,002024,Asher Nolting,,,goal,1_PT,GOAL by A. Nolting.,8,13,,000318,Jack Kelly,,,,,,,,True,,8,13,goal,False,,,,,,False,False,championship_series,True,,75,956,,False,,,True
240,championship-series-1-2024-2-18,faceoff-2000200,76,3,07:54,966,RED,California Redwoods,000414,Rob Pannell,003041,Ethan Rall,faceoff,,Faceoff win R. Pannell (vs. E. Rall). GB CAL R. Pannell.,15,23,000414,,,,,,,,,,,,8,13,,False,,,False,,,,,championship_series,True,,76,966,,False,,,True
240,championship-series-1-2024-2-18,groundball-2000300,77,3,07:54,966,RED,California Redwoods,000414,Rob Pannell,,,groundball,,Groundball picked up by R. Pannell.,15,23,,,,,,,,,,,,,8,13,,False,False,,,,,,,championship_series,True,,77,966,,False,,,True
240,championship-series-1-2024-2-18,turnover-2000700,78,3,07:43,977,RED,California Redwoods,,,,,turnover,,Turnover by CAL,15,23,,,,,,,,,,,,,8,13,,False,,False,,,,,,championship_series,True,,78,977,,False,,,True
240,championship-series-1-2024-2-18,groundball-2000800,79,3,07:41,979,CAN,Boston Cannons,003041,Ethan Rall,,,groundball,,Groundball picked up by E. Rall.,15,23,,,,,,,,,,,,,8,13,,False,False,,,,,,,championship_series,True,,79,979,,False,,,True
240,championship-series-1-2024-2-18,shot-2001100,80,3,07:39,981,CAN,Boston Cannons,003043,Josh Stout,003041,Ethan Rall,goal,1_PT,GOAL by J. Stout. Assist E. Rall.,8,14,,000370,Tim Troutner,,,,,,,,True,,8,14,goal,False,,,,,,False,False,championship_series,True,,80,981,,False,,003041,True
240,championship-series-1-2024-2-18,shot-2001700,81,3,07:21,999,RED,California Redwoods,000305,Romar Dennis,000351,Jules Heningburg,shot,1_PT,Missed shot by Romar Dennis. Save by BOS C. Kirst.,8,14,,002038,Colin Kirst,True,True,messy,,,,,,,8,14,saved,False,,,,,,False,False,championship_series,True,,81,999,,False,,000351,True
240,championship-series-1-2024-2-18,groundball-2001900,82,3,07:18,1002,CAN,Boston Cannons,002025,Bubba Fairman,,,groundball,,Groundball picked up by B. Fairman.,15,23,,,,,,,,,,,,,8,14,,False,False,,,,,,,championship_series,True,,82,1002,,False,,,True
240,championship-series-1-2024-2-18,shot-2002400,83,3,06:57,1023,CAN,Boston Cannons,000327,Matt Kavanagh,003013,Matt Campbell,shot,1_PT,Missed shot by Matt Kavanagh.,8,14,,000370,Tim Troutner,False,False,,,,,,,,8,14,missed,False,,,,,,False,False,championship_series,True,,83,1023,,False,,003013,True
240,championship-series-1-2024-2-18,turnover-2003100,84,3,06:37,1043,RED,California Redwoods,,,,,turnover,,Turnover by CAL,15,23,,,,,,,,,,,,,8,14,,False,,False,,,,,,championship_series,True,,84,1043,,False,,,True
240,championship-series-1-2024-2-18,shot-2004100,85,3,06:06,1074,CAN,Boston Cannons,003013,Matt Campbell,,,goal,1_PT,GOAL by M. Campbell.,8,15,,000370,Tim Troutner,,,,,,,,True,,8,15,goal,False,,,,,,False,False,championship_series,True,,85,1074,,False,,,True
240,championship-series-1-2024-2-18,shot-2004800,86,3,05:49,1091,RED,California Redwoods,001824,Ryan Tierney,000351,Jules Heningburg,goal,2_PT,2PT G by R. Tierney. Assist J. Heningburg.,10,15,,002038,Colin Kirst,,,,,,,,True,,10,15,goal,False,,,,,,True,False,championship_series,True,,86,1091,,False,,000351,True
240,championship-series-1-2024-2-18,shot-2005400,87,3,05:23,1117,CAN,Boston Cannons,000216,Marcus Holman,002024,Asher Nolting,goal,2_PT,2PT G by M. Holman. Assist A. Nolting.,10,17,,000370,Tim Troutner,,,,,,,,True,,10,17,goal,False,,,,,,True,False,championship_series,True,,87,1117,,False,,002024,True
240,championship-series-1-2024-2-18,shot-2006000,88,3,04:58,1142,RED,California Redwoods,002001,Kevin Rogers,000305,Romar Dennis,shot,1_PT,Missed shot by Kevin Rogers. Save by BOS C. Kirst.,10,17,,002038,Colin Kirst,True,True,messy,,,,,,,10,17,saved,False,,,,,,False,False,championship_series,True,,88,1142,,False,,000305,True
240,championship-series-1-2024-2-18,shot-2006400,89,3,04:48,1152,RED,California Redwoods,003024,Brian Tevlin,000351,Jules Heningburg,shot,2_PT,Missed shot(2pt) by Brian Tevlin. Save by BOS C. Kirst.,10,17,,002038,Colin Kirst,True,True,messy,,,,,,,10,17,saved,False,,,,,,True,False,championship_series,True,,89,1152,,False,,000351,True
240,championship-series-1-2024-2-18,groundball-2006600,90,3,04:42,1158,CAN,Boston Cannons,002038,Colin Kirst,,,groundball,,Groundball picked up by C. Kirst.,15,23,,,,,,,,,,,,,10,17,,False,False,,,,,,,championship_series,True,,90,1158,,False,,,True
240,championship-series-1-2024-2-18,turnover-2007100,91,3,04:14,1186,CAN,Boston Cannons,,,,,turnover,,Turnover by BOS,15,23,,,,,,,,,,,,,10,17,,False,,False,,,,,,championship_series,True,,91,1186,,False,,,True
240,championship-series-1-2024-2-18,groundball-2007300,92,3,04:12,1188,RED,California Redwoods,000305,Romar Dennis,,,groundball,,Groundball picked up by R. Dennis.,15,23,,,,,,,,,,,,,10,17,,False,False,,,,,,,championship_series,True,,92,1188,,False,,,True
240,championship-series-1-2024-2-18,shot-2007600,93,3,04:04,1196,RED,California Redwoods,000333,Sergio Perkovic,000305,Romar Dennis,shot,2_PT,Missed shot(2pt) by Sergio Perkovic.,10,17,,002038,Colin Kirst,False,False,,,,,,,,10,17,missed,False,,,,,,True,False,championship_series,True,,93,1196,,False,,000305,True
240,championship-series-1-2024-2-18,shot-2008000,94,3,03:42,1218,RED,California Redwoods,003012,Kyle Long,003012,Kyle Long,shot,1_PT,Missed shot by Kyle Long.,10,17,,002038,Colin Kirst,True,False,,,,,,,,10,17,on_goal_no_save,False,,,,,,False,False,championship_series,True,,94,1218,,False,,003012,True
240,championship-series-1-2024-2-18,shot-2008600,95,3,03:36,1224,CAN,Boston Cannons,000358,Ryan Drenner,003013,Matt Campbell,shot,1_PT,Missed shot by Ryan Drenner.,10,17,,000370,Tim Troutner,False,False,,,,,,,,10,17,missed,False,,,,,,False,False,championship_series,True,,95,1224,,False,,003013,True
240,championship-series-1-2024-2-18,turnover-2009310,96,3,03:12,1248,RED,California Redwoods,,,,,turnover,,Turnover by CAL,15,23,,,,,,,,,,,,,10,17,,False,,False,,,,,,championship_series,True,,96,1248,,False,,,True
240,championship-series-1-2024-2-18,shot-2009800,97,3,02:56,1264,CAN,Boston Cannons,001729,Chris Aslanian,003013,Matt Campbell,shot,1_PT,Missed shot by Chris Aslanian. Save by CAL T. Troutner.,10,17,,000370,Tim Troutner,True,True,messy,,,,,,,10,17,saved,False,,,,,,False,False,championship_series,True,,97,1264,,False,,003013,True
240,championship-series-1-2024-2-18,shot-2010300,98,3,02:49,1271,RED,California Redwoods,002033,Nakeie Montgomery,000370,Tim Troutner,shot,2_PT,Missed shot(2pt) by Nakeie Montgomery. Save by BOS C. Kirst.,10,17,,002038,Colin Kirst,True,True,messy,,,,,,,10,17,saved,False,,,,,,True,False,championship_series,True,,98,1271,,False,,000370,True
240,championship-series-1-2024-2-18,shot-2010600,99,3,02:37,1283,RED,California Redwoods,000333,Sergio Perkovic,,,shot,1_PT,Missed shot by Sergio Perkovic.,10,17,,002038,Colin Kirst,False,False,,,,,,,,10,17,missed,False,,,,,,False,False,championship_series,True,,99,1283,,False,,,True
240,championship-series-1-2024-2-18,turnover-2010710,100,3,02:37,1283,RED,California Redwoods,,,,,turnover,,Turnover by CAL,15,23,,,,,,,,,,,,,10,17,,False,,False,,,,,,championship_series,True,,100,1283,,False,,,True
240,championship-series-1-2024-2-18,shot-2011300,101,3,02:26,1294,CAN,Boston Cannons,002024,Asher Nolting,000358,Ryan Drenner,goal,1_PT,GOAL by A. Nolting. Assist R. Drenner.,10,18,,000370,Tim Troutner,,,,,,,,True,,10,18,goal,False,,,,,,False,False,championship_series,True,,101,1294,,False,,000358,True
240,championship-series-1-2024-2-18,shot-2011800,102,3,02:14,1306,RED,California Redwoods,000305,Romar Dennis,000351,Jules Heningburg,shot,2_PT,Missed shot(2pt) by Romar Dennis. Save by BOS C. Kirst.,10,18,,002038,Colin Kirst,True,True,clean,,,,,,,10,18,saved,False,,,,,,True,False,championship_series,True,,102,1306,,False,,000351,True
240,championship-series-1-2024-2-18,groundball-2012000,103,3,02:05,1315,CAN,Boston Cannons,001760,Pat Aslanian,,,groundball,,Groundball picked up by P. Aslanian.,15,23,,,,,,,,,,,,,10,18,,False,False,,,,,,,championship_series,True,,103,1315,,False,,,True
240,championship-series-1-2024-2-18,shot-2012300,104,3,01:59,1321,CAN,Boston Cannons,000216,Marcus Holman,001760,Pat Aslanian,shot,2_PT,Missed shot(2pt) by Marcus Holman. Save by CAL T. Troutner.,10,18,,000370,Tim Troutner,True,True,messy,,,,,,,10,18,saved,False,,,,,,True,False,championship_series,True,,104,1321,,False,,001760,True
240,championship-series-1-2024-2-18,groundball-2012500,105,3,01:57,1323,RED,California Redwoods,000370,Tim Troutner,,,groundball,,Groundball picked up by T. Troutner.,15,23,,,,,,,,,,,,,10,18,,False,False,,,,,,,championship_series,True,,105,1323,,False,,,True
240,championship-series-1-2024-2-18,shot-2012800,106,3,01:48,1332,RED,California Redwoods,000414,Rob Pannell,,,goal,1_PT,GOAL by R. Pannell.,11,18,,002038,Colin Kirst,,,,,,,,True,,11,18,goal,False,,,,,,False,False,championship_series,True,,106,1332,,False,,,True
240,championship-series-1-2024-2-18,shot-2013300,107,3,01:35,1345,CAN,Boston Cannons,000216,Marcus Holman,002024,Asher Nolting,shot,1_PT,Missed shot by Marcus Holman. Save by CAL T. Troutner.,11,18,,000370,Tim Troutner,True,True,messy,,,,,,,11,18,saved,False,,,,,,False,False,championship_series,True,,107,1345,,False,,002024,True
240,championship-series-1-2024-2-18,groundball-2013500,108,3,01:34,1346,CAN,Boston Cannons,000358,Ryan Drenner,,,groundball,,Groundball picked up by R. Drenner.,15,23,,,,,,,,,,,,,11,18,,False,False,,,,,,,championship_series,True,,108,1346,,False,,,True
240,championship-series-1-2024-2-18,turnover-2013700,109,3,00:57,1383,CAN,Boston Cannons,,,,,turnover,,Turnover by BOS,15,23,,,,,,,,,,,,,11,18,,False,,False,,,,,,championship_series,True,,109,1383,,False,,,True
240,championship-series-1-2024-2-18,groundball-2013900,110,3,00:54,1386,RED,California Redwoods,000333,Sergio Perkovic,,,groundball,,Groundball picked up by S. Perkovic.,15,23,,,,,,,,,,,,,11,18,,False,False,,,,,,,championship_series,True,,110,1386,,False,,,True
240,championship-series-1-2024-2-18,shot-2014600,111,3,00:40,1400,RED,California Redwoods,002001,Kevin Rogers,000305,Romar Dennis,shot,2_PT,Missed shot(2pt) by Kevin Rogers. Save by BOS C. Kirst.,11,18,,002038,Colin Kirst,True,True,messy,,,,,,,11,18,saved,False,,,,,,True,False,championship_series,True,,111,1400,,False,,000305,True
240,championship-series-1-2024-2-18,shot-2015400,112,3,00:16,1424,RED,California Redwoods,000351,Jules Heningburg,000333,Sergio Perkovic,shot,1_PT,Missed shot by Jules Heningburg. Save by BOS C. Kirst.,11,18,,002038,Colin Kirst,True,True,messy,,,,,,,11,18,saved,False,,,,,,False,False,championship_series,True,,112,1424,,False,,000333,True
240,championship-series-1-2024-2-18,shot-2016100,113,3,00:01,1439,CAN,Boston Cannons,000358,Ryan Drenner,,,shot,2_PT,Missed shot(2pt) by Ryan Drenner.,11,18,,000370,Tim Troutner,False,False,,,,,,,,11,18,missed,False,,,,,,True,False,championship_series,True,,113,1439,,False,,,True
240,championship-series-1-2024-2-18,turnover-2015910,114,3,00:01,1439,RED,California Redwoods,,,,,turnover,,Turnover by CAL,15,23,,,,,,,,,,,,,11,18,,False,,False,,,,,,championship_series,True,,114,1439,,False,,,True
240,championship-series-1-2024-2-18,faceoff-3000100,115,4,07:52,1448,CAN,Boston Cannons,003041,Ethan Rall,003024,Brian Tevlin,faceoff,,Faceoff win E. Rall (vs. B. Tevlin). GB BOS E. Rall.,15,23,003041,,,,,,,,,,,,11,18,,False,,,False,,,,,championship_series,True,,115,1448,,False,,,True
240,championship-series-1-2024-2-18,groundball-3000200,116,4,07:52,1448,CAN,Boston Cannons,003041,Ethan Rall,,,groundball,,Groundball picked up by E. Rall.,15,23,,,,,,,,,,,,,11,18,,False,False,,,,,,,championship_series,True,,116,1448,,False,,,True
240,championship-series-1-2024-2-18,shot-3001000,117,4,07:16,1484,CAN,Boston Cannons,003013,Matt Campbell,000216,Marcus Holman,shot,2_PT,Missed shot(2pt) by Matt Campbell.,11,18,,000370,Tim Troutner,False,False,,,,,,,,11,18,missed,False,,,,,,True,False,championship_series,True,,117,1484,,False,,000216,True
240,championship-series-1-2024-2-18,shotclockexpired-3001100,118,4,07:07,1493,CAN,Boston Cannons,,,,,shotclockexpired,,Shot Clock Violation.,15,23,,,,,,,,,,,,,11,18,,False,,,,,,,,championship_series,True,,118,1493,,False,,,True
240,championship-series-1-2024-2-18,turnover-3001110,119,4,07:07,1493,CAN,Boston Cannons,,,,,turnover,,Turnover by BOS,15,23,,,,,,,,,,,,,11,18,,False,,False,,,,,,championship_series,True,,119,1493,,False,,,True
240,championship-series-1-2024-2-18,penalty-3001900,120,4,06:39,1521,CAN,Boston Cannons,003043,Josh Stout,,,penalty,,BOS Josh Stout 1 min penalty for Unnecessary Roughness.,15,23,,,,,,,60.0,Unnecessary Roughness,,,,,11,18,,False,,,,False,True,,,championship_series,True,,120,1521,,False,,,True
240,championship-series-1-2024-2-18,shot-3001800,121,4,06:39,1521,RED,California Redwoods,003024,Brian Tevlin,000351,Jules Heningburg,goal,1_PT,GOAL by B. Tevlin. Assist J. Heningburg.,12,18,,002038,Colin Kirst,,,,,,,,True,,12,18,goal,False,,,,,,False,False,championship_series,True,,121,1521,,False,,000351,True
240,championship-series-1-2024-2-18,shotclockexpired-3002400,122,4,06:15,1545,CAN,Boston Cannons,,,,,shotclockexpired,,Shot Clock Violation.,15,23,,,,,,,,,,,,,12,18,,False,,,,,,,,championship_series,True,,122,1545,,False,,,True
240,championship-series-1-2024-2-18,turnover-3002410,123,4,06:15,1545,CAN,Boston Cannons,,,,,turnover,,Turnover by BOS,15,23,,,,,,,,,,,,,12,18,,False,,False,,,,,,championship_series,True,,123,1545,,False,,,True
240,championship-series-1-2024-2-18,shot-3004000,124,4,05:35,1585,RED,California Redwoods,000414,Rob Pannell,000305,Romar Dennis,shot,2_PT,Missed shot(2pt) by Rob Pannell.,12,18,,002038,Colin Kirst,False,False,,,,,,,,12,18,missed,False,,,,,,True,False,championship_series,True,,124,1585,,False,,000305,True
240,championship-series-1-2024-2-18,shot-3004800,125,4,05:13,1607,CAN,Boston Cannons,002024,Asher Nolting,,,goal,1_PT,GOAL by A. Nolting.,12,19,,000370,Tim Troutner,,,,,,,,True,,12,19,goal,False,,,,,,False,False,championship_series,True,,125,1607,,False,,,True
240,championship-series-1-2024-2-18,shot-3005300,126,4,05:04,1616,RED,California Redwoods,000305,Romar Dennis,003024,Brian Tevlin,shot,2_PT,Missed shot(2pt) by Romar Dennis. Save by BOS C. Kirst.,12,19,,002038,Colin Kirst,True,True,messy,,,,,,,12,19,saved,False,,,,,,True,False,championship_series,True,,126,1616,,False,,003024,True
240,championship-series-1-2024-2-18,groundball-3005500,127,4,05:00,1620,RED,California Redwoods,003024,Brian Tevlin,,,groundball,,Groundball picked up by B. Tevlin.,15,23,,,,,,,,,,,,,12,19,,False,False,,,,,,,championship_series,True,,127,1620,,False,,,True
240,championship-series-1-2024-2-18,shot-3005600,128,4,04:59,1621,RED,California Redwoods,003024,Brian Tevlin,,,goal,2_PT,2PT G by B. Tevlin.,14,19,,002038,Colin Kirst,,,,,,,,True,,14,19,goal,False,,,,,,True,False,championship_series,True,,128,1621,,False,,,True
240,championship-series-1-2024-2-18,shot-3005900,129,4,04:53,1627,CAN,Boston Cannons,003013,Matt Campbell,002038,Colin Kirst,shot,2_PT,Missed shot(2pt) by Matt Campbell.,14,19,,000370,Tim Troutner,False,False,,,,,,,,14,19,missed,False,,,,,,True,False,championship_series,True,,129,1627,,False,,002038,True
240,championship-series-1-2024-2-18,shot-3006700,130,4,04:21,1659,RED,California Redwoods,000351,Jules Heningburg,000414,Rob Pannell,goal,1_PT,GOAL by J. Heningburg. Assist R. Pannell.,15,19,,002038,Colin Kirst,,,,,,,,True,,15,19,goal,False,,,,,,False,False,championship_series,True,,130,1659,,False,,000414,True
240,championship-series-1-2024-2-18,shot-3007300,131,4,04:00,1680,CAN,Boston Cannons,002024,Asher Nolting,000358,Ryan Drenner,shot,1_PT,Missed shot by Asher Nolting.,15,19,,000370,Tim Troutner,False,False,,,,,,,,15,19,missed,False,,,,,,False,False,championship_series,True,,131,1680,,False,,000358,True
240,championship-series-1-2024-2-18,shot-3008100,132,4,03:30,1710,RED,California Redwoods,000305,Romar Dennis,002001,Kevin Rogers,shot,2_PT,Missed shot(2pt) by Romar Dennis.,15,19,,002038,Colin Kirst,False,False,,,,,,,,15,19,missed,False,,,,,,True,False,championship_series,True,,132,1710,,False,,002001,True
240,championship-series-1-2024-2-18,shot-3008800,133,4,03:06,1734,CAN,Boston Cannons,000216,Marcus Holman,002024,Asher Nolting,goal,1_PT,GOAL by M. Holman. Assist A. Nolting.,15,20,,000370,Tim Troutner,,,,,,,,True,,15,20,goal,False,,,,,,False,False,championship_series,True,,133,1734,,False,,002024,True
240,championship-series-1-2024-2-18,shot-3009500,134,4,02:44,1756,RED,California Redwoods,001824,Ryan Tierney,000351,Jules Heningburg,shot,1_PT,Missed shot by Ryan Tierney. Save by BOS C. Kirst.,15,20,,002038,Colin Kirst,True,True,messy,,,,,,,15,20,saved,False,,,,,,False,False,championship_series,True,,134,1756,,False,,000351,True
240,championship-series-1-2024-2-18,groundball-3009700,135,4,02:42,1758,CAN,Boston Cannons,002038,Colin Kirst,,,groundball,,Groundball picked up by C. Kirst.,15,23,,,,,,,,,,,,,15,20,,False,False,,,,,,,championship_series,True,,135,1758,,False,,,True
240,championship-series-1-2024-2-18,shot-3010500,136,4,02:11,1789,CAN,Boston Cannons,002024,Asher Nolting,000216,Marcus Holman,goal,2_PT,2PT G by A. Nolting. Assist M. Holman.,15,22,,000370,Tim Troutner,,,,,,,,True,,15,22,goal,False,,,,,,True,False,championship_series,True,,136,1789,,False,,000216,True
240,championship-series-1-2024-2-18,shot-3010800,137,4,02:00,1800,RED,California Redwoods,000305,Romar Dennis,000370,Tim Troutner,shot,2_PT,Missed shot(2pt) by Romar Dennis.,15,22,,002038,Colin Kirst,False,False,,,,,,,,15,22,missed,False,,,,,,True,False,championship_series,True,,137,1800,,False,,000370,True
240,championship-series-1-2024-2-18,turnover-3011010,138,4,01:45,1815,CAN,Boston Cannons,,,,,turnover,,Turnover by BOS,15,23,,,,,,,,,,,,,15,22,,False,,False,,,,,,championship_series,True,,138,1815,,False,,,True
240,championship-series-1-2024-2-18,shot-3011800,139,4,01:24,1836,RED,California Redwoods,000351,Jules Heningburg,003024,Brian Tevlin,shot,2_PT,Missed shot(2pt) by Jules Heningburg.,15,22,,002038,Colin Kirst,False,False,,,,,,,,15,22,missed,False,,,,,,True,False,championship_series,True,,139,1836,,False,,003024,True
240,championship-series-1-2024-2-18,groundball-3012000,140,4,01:12,1848,CAN,Boston Cannons,002038,Colin Kirst,,,groundball,,Groundball picked up by C. Kirst.,15,23,,,,,,,,,,,,,15,22,,False,False,,,,,,,championship_series,True,,140,1848,,False,,,True
240,championship-series-1-2024-2-18,shot-3012400,141,4,01:07,1853,CAN,Boston Cannons,000216,Marcus Holman,,,goal,1_PT,GOAL by M. Holman.,15,23,,000370,Tim Troutner,,,,,,,,True,,15,23,goal,False,,,,,,False,False,championship_series,True,,141,1853,,False,,,True
240,championship-series-1-2024-2-18,shot-3012800,142,4,01:01,1859,RED,California Redwoods,000305,Romar Dennis,002001,Kevin Rogers,shot,2_PT,Missed shot(2pt) by Romar Dennis.,15,23,,002038,Colin Kirst,False,False,,,,,,,,15,23,missed,False,,,,,,True,False,championship_series,True,,142,1859,,False,,002001,True
240,championship-series-1-2024-2-18,groundball-3013000,143,4,00:58,1862,CAN,Boston Cannons,002038,Colin Kirst,,,groundball,,Groundball picked up by C. Kirst.,15,23,,,,,,,,,,,,,15,23,,False,False,,,,,,,championship_series,True,,143,1862,,False,,,True
240,championship-series-1-2024-2-18,turnover-3013100,144,4,00:48,1872,CAN,Boston Cannons,,,,,turnover,,Turnover by BOS,15,23,,,,,,,,,,,,,15,23,,False,,False,,,,,,championship_series,True,,144,1872,,False,,,True
240,championship-series-1-2024-2-18,groundball-3013300,145,4,00:47,1873,RED,California Redwoods,000305,Romar Dennis,,,groundball,,Groundball picked up by R. Dennis.,15,23,,,,,,,,,,,,,15,23,,False,False,,,,,,,championship_series,True,,145,1873,,False,,,True
240,championship-series-1-2024-2-18,turnover-3013400,146,4,00:44,1876,RED,California Redwoods,,,,,turnover,,Turnover by CAL,15,23,,,,,,,,,,,,,15,23,,False,,False,,,,,,championship_series,True,,146,1876,,False,,,True
240,championship-series-1-2024-2-18,shotclockexpired-3014000,147,4,00:09,1911,CAN,Boston Cannons,,,,,shotclockexpired,,Shot Clock Violation.,15,23,,,,,,,,,,,,,15,23,,False,,,,,,,,championship_series,True,,147,1911,,False,,,True
240,championship-series-1-2024-2-18,turnover-3014010,148,4,00:09,1911,CAN,Boston Cannons,,,,,turnover,,Turnover by BOS,15,23,,,,,,,,,,,,,15,23,,False,,False,,,,,,championship_series,True,,148,1911,,False,,,True
240,championship-series-1-2024-2-18,gameEnd,149,4,00:00,1920,,,,,,,gameEnd,,Game End,15,23,,,,,,,,,1.0,0.0,,,15,23,,False,,,,,,,,championship_series,True,,149,1920,,False,,,True
241,championship-series-2-2024-2-18,pregame,0,1,08:00,0,,,,,,,pregame,,Game Start,0,0,,,,,,,,,0.5,0.5,,,0,0,,False,,,,,,,,championship_series,True,,0,0,,False,,,True
241,championship-series-2-2024-2-18,faceoff-100,1,1,07:58,2,WAT,Philadelphia Waterdogs,000363,Ryan Conrad,000221,Ryan Ambler,faceoff,,Faceoff win R. Conrad (vs. R. Ambler).,27,21,,,,,,,,,,,,,0,0,,False,,,False,,,,,championship_series,True,,1,2,,False,,,True
241,championship-series-2-2024-2-18,shot-500,2,1,07:53,7,WAT,Philadelphia Waterdogs,001810,Michael Sowers,000363,Ryan Conrad,shot,1_PT,Missed shot by Michael Sowers. Save by UTA N. Washuta.,0,0,,001773,Nick Washuta,True,True,messy,,,,,,,0,0,saved,False,,,,,,False,False,championship_series,True,,2,7,,False,,000363,True
241,championship-series-2-2024-2-18,shot-1000,3,1,07:34,26,WAT,Philadelphia Waterdogs,001818,Jake Carraway,,,goal,1_PT,GOAL by J. Carraway.,1,0,,001773,Nick Washuta,,,,,,,,True,,1,0,goal,False,,,,,,False,False,championship_series,True,,3,26,,False,,,True
241,championship-series-2-2024-2-18,shot-1300,4,1,07:28,32,ARC,Utah Archers,000221,Ryan Ambler,001773,Nick Washuta,shot,2_PT,Missed shot(2pt) by Ryan Ambler. Save by PHI M. DeLuca.,1,0,,000408,Matt DeLuca,True,True,messy,,,,,,,1,0,saved,False,,,,,,True,False,championship_series,True,,4,32,,False,,001773,True
241,championship-series-2-2024-2-18,shot-1700,5,1,07:11,49,ARC,Utah Archers,003072,Kevin Winkoff,001686,Nate Solomon,shot,1_PT,Missed shot by Kevin Winkoff.,1,0,,000408,Matt DeLuca,False,False,,,,,,,,1,0,missed,False,,,,,,False,False,championship_series,True,,5,49,,False,,001686,True
241,championship-series-2-2024-2-18,groundball-2200,6,1,07:00,60,WAT,Philadelphia Waterdogs,000363,Ryan Conrad,,,groundball,,Groundball picked up by R. Conrad.,27,21,,,,,,,,,,,,,1,0,,False,False,,,,,,,championship_series,True,,6,60,,False,,,True
241,championship-series-2-2024-2-18,shot-2400,7,1,06:53,67,WAT,Philadelphia Waterdogs,000240,Kieran McArdle,000363,Ryan Conrad,shot,1_PT,Missed shot by Kieran McArdle. Save by UTA N. Washuta.,1,0,,001773,Nick Washuta,True,True,clean,,,,,,,1,0,saved,False,,,,,,False,False,championship_series,True,,7,67,,False,,000363,True
241,championship-series-2-2024-2-18,shot-2800,8,1,06:48,72,ARC,Utah Archers,003070,Ronan Jacoby,001773,Nick Washuta,shot,1_PT,Missed shot by Ronan Jacoby. Save by PHI M. DeLuca.,1,0,,000408,Matt DeLuca,True,True,messy,,,,,,,1,0,saved,False,,,,,,False,False,championship_series,True,,8,72,,False,,001773,True
241,championship-series-2-2024-2-18,groundball-3000,9,1,06:46,74,WAT,Philadelphia Waterdogs,000363,Ryan Conrad,,,groundball,,Groundball picked up by R. Conrad.,27,21,,,,,,,,,,,,,1,0,,False,False,,,,,,,championship_series,True,,9,74,,False,,,True
241,championship-series-2-2024-2-18,shot-3300,10,1,06:26,94,WAT,Philadelphia Waterdogs,001810,Michael Sowers,000363,Ryan Conrad,shot,1_PT,Missed shot by Michael Sowers.,1,0,,001773,Nick Washuta,True,False,,,,,,,,1,0,on_goal_no_save,False,,,,,,False,False,championship_series,True,,10,94,,False,,000363,True
241,championship-series-2-2024-2-18,shot-4000,11,1,06:08,112,ARC,Utah Archers,003070,Ronan Jacoby,000700,Tommy Palasek,shot,1_PT,Missed shot by Ronan Jacoby.,1,0,,000408,Matt DeLuca,False,False,,,,,,,,1,0,missed,False,,,,,,False,False,championship_series,True,,11,112,,False,,000700,True
241,championship-series-2-2024-2-18,shot-4500,12,1,05:43,137,WAT,Philadelphia Waterdogs,000240,Kieran McArdle,001810,Michael Sowers,goal,2_PT,2PT G by K. McArdle. Assist M. Sowers.,3,0,,001773,Nick Washuta,,,,,,,,True,,3,0,goal,False,,,,,,True,False,championship_series,True,,12,137,,False,,001810,True
241,championship-series-2-2024-2-18,shot-4900,13,1,05:35,145,ARC,Utah Archers,003072,Kevin Winkoff,,,goal,1_PT,GOAL by K. Winkoff.,3,1,,000408,Matt DeLuca,,,,,,,,True,,3,1,goal,False,,,,,,False,False,championship_series,True,,13,145,,False,,,True
241,championship-series-2-2024-2-18,turnover-5310,14,1,04:56,184,WAT,Philadelphia Waterdogs,,,,,turnover,,Turnover by PHI,27,21,,,,,,,,,,,,,3,1,,False,,False,,,,,,championship_series,True,,14,184,,False,,,True
241,championship-series-2-2024-2-18,shot-5800,15,1,04:41,199,ARC,Utah Archers,000700,Tommy Palasek,,,goal,1_PT,GOAL by T. Palasek.,3,2,,000408,Matt DeLuca,,,,,,,,True,,3,2,goal,False,,,,,,False,False,championship_series,True,,15,199,,False,,,True
241,championship-series-2-2024-2-18,shot-6300,16,1,04:24,216,WAT,Philadelphia Waterdogs,001818,Jake Carraway,,,goal,2_PT,2PT G by J. Carraway.,5,2,,001773,Nick Washuta,,,,,,,,True,,5,2,goal,False,,,,,,True,False,championship_series,True,,16,216,,False,,,True
241,championship-series-2-2024-2-18,turnover-6700,17,1,04:11,229,ARC,Utah Archers,,,,,turnover,,Turnover by UTA,27,21,,,,,,,,,,,,,5,2,,False,,False,,,,,,championship_series,True,,17,229,,False,,,True
241,championship-series-2-2024-2-18,groundball-6900,18,1,04:08,232,WAT,Philadelphia Waterdogs,001795,Christian Scarpello,,,groundball,,Groundball picked up by C. Scarpello.,27,21,,,,,,,,,,,,,5,2,,False,False,,,,,,,championship_series,True,,18,232,,False,,,True
241,championship-series-2-2024-2-18,shot-7200,19,1,04:06,234,WAT,Philadelphia Waterdogs,000363,Ryan Conrad,001795,Christian Scarpello,shot,2_PT,Missed shot(2pt) by Ryan Conrad.,5,2,,001773,Nick Washuta,False,False,,,,,,,,5,2,missed,False,,,,,,True,False,championship_series,True,,19,234,,False,,001795,True
241,championship-series-2-2024-2-18,shot-7900,20,1,03:33,267,ARC,Utah Archers,003072,Kevin Winkoff,,,goal,2_PT,2PT G by K. Winkoff.,5,4,,000408,Matt DeLuca,,,,,,,,True,,5,4,goal,False,,,,,,True,False,championship_series,True,,20,267,,False,,,True
241,championship-series-2-2024-2-18,shot-8500,21,1,03:16,284,WAT,Philadelphia Waterdogs,001810,Michael Sowers,,,goal,1_PT,GOAL by M. Sowers.,6,4,,001773,Nick Washuta,,,,,,,,True,,6,4,goal,False,,,,,,False,False,championship_series,True,,21,284,,False,,,True
241,championship-series-2-2024-2-18,shot-8900,22,1,02:59,301,ARC,Utah Archers,003072,Kevin Winkoff,003006,Piper Bond,shot,1_PT,Missed shot by Kevin Winkoff.,6,4,,000408,Matt DeLuca,False,False,,,,,,,,6,4,missed,False,,,,,,False,False,championship_series,True,,22,301,,False,,003006,True
241,championship-series-2-2024-2-18,shot-9500,23,1,02:40,320,WAT,Philadelphia Waterdogs,000240,Kieran McArdle,000363,Ryan Conrad,goal,1_PT,GOAL by K. McArdle. Assist R. Conrad.,7,4,,001773,Nick Washuta,,,,,,,,True,,7,4,goal,False,,,,,,False,False,championship_series,True,,23,320,,False,,000363,True
241,championship-series-2-2024-2-18,shot-10000,24,1,02:33,327,ARC,Utah Archers,000700,Tommy Palasek,003070,Ronan Jacoby,goal,1_PT,GOAL by T. Palasek. Assist R. Jacoby.,7,5,,000408,Matt DeLuca,,,,,,,,True,,7,5,goal,False,,,,,,False,False,championship_series,True,,24,327,,False,,003070,True
241,championship-series-2-2024-2-18,shot-10700,25,1,02:14,346,WAT,Philadelphia Waterdogs,000363,Ryan Conrad,000240,Kieran McArdle,shot,2_PT,Missed shot(2pt) by Ryan Conrad.,7,5,,001773,Nick Washuta,False,False,,,,,,,,7,5,missed,False,,,,,,True,False,championship_series,True,,25,346,,False,,000240,True
241,championship-series-2-2024-2-18,shot-11400,26,1,01:45,375,ARC,Utah Archers,000700,Tommy Palasek,000397,Reece Eddy,shot,1_PT,Missed shot by Tommy Palasek.,7,5,,000408,Matt DeLuca,False,False,,,,,,,,7,5,missed,False,,,,,,False,False,championship_series,True,,26,375,,False,,000397,True
241,championship-series-2-2024-2-18,turnover-11510,27,1,01:39,381,ARC,Utah Archers,,,,,turnover,,Turnover by UTA,27,21,,,,,,,,,,,,,7,5,,False,,False,,,,,,championship_series,True,,27,381,,False,,,True
241,championship-series-2-2024-2-18,shot-12100,28,1,01:26,394,WAT,Philadelphia Waterdogs,001818,Jake Carraway,,,goal,2_PT,2PT G by J. Carraway.,9,5,,001773,Nick Washuta,,,,,,,,True,,9,5,goal,False,,,,,,True,False,championship_series,True,,28,394,,False,,,True
241,championship-series-2-2024-2-18,shot-12500,29,1,01:11,409,ARC,Utah Archers,003072,Kevin Winkoff,003006,Piper Bond,shot,2_PT,Missed shot(2pt) by Kevin Winkoff. Save by PHI M. DeLuca.,9,5,,000408,Matt DeLuca,True,True,clean,,,,,,,9,5,saved,False,,,,,,True,False,championship_series,True,,29,409,,False,,003006,True
241,championship-series-2-2024-2-18,shot-12900,30,1,01:04,416,WAT,Philadelphia Waterdogs,000363,Ryan Conrad,,,goal,1_PT,GOAL by R. Conrad.,10,5,,001773,Nick Washuta,,,,,,,,True,,10,5,goal,False,,,,,,False,False,championship_series,True,,30,416,,False,,,True
241,championship-series-2-2024-2-18,shot-13400,31,1,00:48,432,ARC,Utah Archers,000700,Tommy Palasek,,,goal,1_PT,GOAL by T. Palasek.,10,6,,000408,Matt DeLuca,,,,,,,,True,,10,6,goal,False,,,,,,False,False,championship_series,True,,31,432,,False,,,True
241,championship-series-2-2024-2-18,penalty-14200,32,1,00:06,474,ARC,Utah Archers,003006,Piper Bond,,,penalty,,UTA Piper Bond 30 sec penalty for Unnecessary Roughness.,27,21,,,,,,,30.0,Unnecessary Roughness,,,,,10,6,,False,,,,False,True,,,championship_series,True,,32,474,,False,,,True
241,championship-series-2-2024-2-18,shot-14000,33,1,00:06,474,WAT,Philadelphia Waterdogs,003055,Jack Traynor,001810,Michael Sowers,shot,2_PT,Missed shot(2pt) by Jack Traynor.,10,6,,001773,Nick Washuta,False,False,,,,,,,,10,6,missed,False,,,,,,True,False,championship_series,True,,33,474,,False,,001810,True
241,championship-series-2-2024-2-18,shot-14700,34,1,00:02,478,ARC,Utah Archers,003005,Connor Maher,001773,Nick Washuta,shot,2_PT,Missed shot(2pt) by Connor Maher. Save by PHI M. DeLuca.,10,6,,000408,Matt DeLuca,True,True,clean,,,,,,,10,6,saved,False,,,,,,True,False,championship_series,True,,34,478,,False,,001773,True
241,championship-series-2-2024-2-18,faceoff-1000100,35,2,07:58,482,WAT,Philadelphia Waterdogs,000363,Ryan Conrad,000221,Ryan Ambler,faceoff,,Faceoff win R. Conrad (vs. R. Ambler). GB PHI C. Scarpello.,27,21,001795,,,,,,,,,,,,10,6,,False,,,False,,,,,championship_series,True,,35,482,,False,,,True
241,championship-series-2-2024-2-18,groundball-1000200,36,2,07:58,482,WAT,Philadelphia Waterdogs,001795,Christian Scarpello,,,groundball,,Groundball picked up by C. Scarpello.,27,21,,,,,,,,,,,,,10,6,,False,False,,,,,,,championship_series,True,,36,482,,False,,,True
241,championship-series-2-2024-2-18,turnover-1000900,37,2,07:40,500,WAT,Philadelphia Waterdogs,,,,,turnover,,Turnover by PHI,27,21,,,,,,,,,,,,,10,6,,False,,False,,,,,,championship_series,True,,37,500,,False,,,True
241,championship-series-2-2024-2-18,groundball-1001100,38,2,07:38,502,ARC,Utah Archers,000397,Reece Eddy,,,groundball,,Groundball picked up by R. Eddy.,27,21,,,,,,,,,,,,,10,6,,False,False,,,,,,,championship_series,True,,38,502,,False,,,True
241,championship-series-2-2024-2-18,shot-1001300,39,2,07:35,505,ARC,Utah Archers,000397,Reece Eddy,,,shot,1_PT,Missed shot by Reece Eddy. Save by PHI M. DeLuca.,10,6,,000408,Matt DeLuca,True,True,messy,,,,,,,10,6,saved,False,,,,,,False,False,championship_series,True,,39,505,,False,,,True
241,championship-series-2-2024-2-18,shot-1001700,40,2,07:04,536,ARC,Utah Archers,001686,Nate Solomon,,,shot,1_PT,Missed shot by Nate Solomon. Save by PHI M. DeLuca.,10,6,,000408,Matt DeLuca,True,True,messy,,,,,,,10,6,saved,False,,,,,,False,False,championship_series,True,,40,536,,False,,,True
241,championship-series-2-2024-2-18,groundball-1001900,41,2,07:01,539,WAT,Philadelphia Waterdogs,001795,Christian Scarpello,,,groundball,,Groundball picked up by C. Scarpello.,27,21,,,,,,,,,,,,,10,6,,False,False,,,,,,,championship_series,True,,41,539,,False,,,True
241,championship-series-2-2024-2-18,shot-1002200,42,2,06:50,550,WAT,Philadelphia Waterdogs,000240,Kieran McArdle,,,goal,2_PT,2PT G by K. McArdle.,12,6,,001773,Nick Washuta,,,,,,,,True,,12,6,goal,False,,,,,,True,False,championship_series,True,,42,550,,False,,,True
241,championship-series-2-2024-2-18,shot-1002800,43,2,06:24,576,ARC,Utah Archers,000700,Tommy Palasek,,,goal,1_PT,GOAL by T. Palasek.,12,7,,000408,Matt DeLuca,,,,,,,,True,,12,7,goal,False,,,,,,False,False,championship_series,True,,43,576,,False,,,True
241,championship-series-2-2024-2-18,shot-1003400,44,2,06:08,592,WAT,Philadelphia Waterdogs,003054,Jeff Conner,,,goal,1_PT,GOAL by J. Conner.,13,7,,001773,Nick Washuta,,,,,,,,True,,13,7,goal,False,,,,,,False,False,championship_series,True,,44,592,,False,,,True
241,championship-series-2-2024-2-18,shot-1003700,45,2,05:48,612,ARC,Utah Archers,003005,Connor Maher,,,goal,1_PT,GOAL by C. Maher.,13,8,,000408,Matt DeLuca,,,,,,,,True,,13,8,goal,False,,,,,,False,False,championship_series,True,,45,612,,False,,,True
241,championship-series-2-2024-2-18,shot-1004100,46,2,05:32,628,WAT,Philadelphia Waterdogs,001810,Michael Sowers,,,goal,2_PT,2PT G by M. Sowers.,15,8,,001773,Nick Washuta,,,,,,,,True,,15,8,goal,False,,,,,,True,False,championship_series,True,,46,628,,False,,,True
241,championship-series-2-2024-2-18,shot-1004800,47,2,05:04,656,ARC,Utah Archers,001686,Nate Solomon,000221,Ryan Ambler,shot,1_PT,Missed shot by Nate Solomon. Save by PHI M. DeLuca.,15,8,,000408,Matt DeLuca,True,True,messy,,,,,,,15,8,saved,False,,,,,,False,False,championship_series,True,,47,656,,False,,000221,True
241,championship-series-2-2024-2-18,groundball-1005000,48,2,04:50,670,ARC,Utah Archers,000221,Ryan Ambler,,,groundball,,Groundball picked up by R. Ambler.,27,21,,,,,,,,,,,,,15,8,,False,False,,,,,,,championship_series,True,,48,670,,False,,,True
241,championship-series-2-2024-2-18,shot-1005100,49,2,04:49,671,ARC,Utah Archers,000221,Ryan Ambler,,,goal,1_PT,GOAL by R. Ambler.,15,9,,000408,Matt DeLuca,,,,,,,,True,,15,9,goal,False,,,,,,False,False,championship_series,True,,49,671,,False,,,True
241,championship-series-2-2024-2-18,shot-1005400,50,2,04:39,681,WAT,Philadelphia Waterdogs,001810,Michael Sowers,003052,Kyle Borda,shot,1_PT,Missed shot by Michael Sowers.,15,9,,001773,Nick Washuta,True,False,,,,,,,,15,9,on_goal_no_save,False,,,,,,False,False,championship_series,True,,50,681,,False,,003052,True
241,championship-series-2-2024-2-18,groundball-1005600,51,2,04:36,684,WAT,Philadelphia Waterdogs,000240,Kieran McArdle,,,groundball,,Groundball picked up by K. McArdle.,27,21,,,,,,,,,,,,,15,9,,False,False,,,,,,,championship_series,True,,51,684,,False,,,True
241,championship-series-2-2024-2-18,shot-1005700,52,2,04:31,689,WAT,Philadelphia Waterdogs,000240,Kieran McArdle,,,shot,1_PT,Missed shot by Kieran McArdle.,15,9,,001773,Nick Washuta,True,False,,,,,,,,15,9,on_goal_no_save,False,,,,,,False,False,championship_series,True,,52,689,,False,,,True
241,championship-series-2-2024-2-18,groundball-1005900,53,2,04:28,692,WAT,Philadelphia Waterdogs,001818,Jake Carraway,,,groundball,,Groundball picked up by J. Carraway.,27,21,,,,,,,,,,,,,15,9,,False,False,,,,,,,championship_series,True,,53,692,,False,,,True
241,championship-series-2-2024-2-18,shot-1006000,54,2,04:19,701,WAT,Philadelphia Waterdogs,001818,Jake Carraway,,,goal,1_PT,GOAL by J. Carraway.,16,9,,001773,Nick Washuta,,,,,,,,True,,16,9,goal,False,,,,,,False,False,championship_series,True,,54,701,,False,,,True
241,championship-series-2-2024-2-18,shot-1006400,55,2,03:56,724,ARC,Utah Archers,000221,Ryan Ambler,003005,Connor Maher,shot,1_PT,Missed shot by Ryan Ambler.,16,9,,000408,Matt DeLuca,True,False,,,,,,,,16,9,on_goal_no_save,False,,,,,,False,False,championship_series,True,,55,724,,False,,003005,True
241,championship-series-2-2024-2-18,shot-1007100,56,2,03:35,745,WAT,Philadelphia Waterdogs,001810,Michael Sowers,000363,Ryan Conrad,shot,1_PT,Missed shot by Michael Sowers. Save by UTA N. Washuta.,16,9,,001773,Nick Washuta,True,True,messy,,,,,,,16,9,saved,False,,,,,,False,False,championship_series,True,,56,745,,False,,000363,True
241,championship-series-2-2024-2-18,shot-1007900,57,2,03:12,768,ARC,Utah Archers,003072,Kevin Winkoff,000700,Tommy Palasek,shot,2_PT,Missed shot(2pt) by Kevin Winkoff.,16,9,,000408,Matt DeLuca,False,False,,,,,,,,16,9,missed,False,,,,,,True,False,championship_series,True,,57,768,,False,,000700,True
241,championship-series-2-2024-2-18,shot-1008500,58,2,02:57,783,WAT,Philadelphia Waterdogs,003055,Jack Traynor,000363,Ryan Conrad,shot,1_PT,Missed shot by Jack Traynor. Save by UTA N. Washuta.,16,9,,001773,Nick Washuta,True,True,clean,,,,,,,16,9,saved,False,,,,,,False,False,championship_series,True,,58,783,,False,,000363,True
241,championship-series-2-2024-2-18,shot-1009100,59,2,02:33,807,ARC,Utah Archers,003006,Piper Bond,000700,Tommy Palasek,goal,1_PT,GOAL by P. Bond. Assist T. Palasek.,16,10,,000408,Matt DeLuca,,,,,,,,True,,16,10,goal,False,,,,,,False,False,championship_series,True,,59,807,,False,,000700,True
241,championship-series-2-2024-2-18,shot-1009800,60,2,02:15,825,WAT,Philadelphia Waterdogs,001818,Jake Carraway,,,goal,2_PT,2PT G by J. Carraway.,18,10,,001773,Nick Washuta,,,,,,,,True,,18,10,goal,False,,,,,,True,False,championship_series,True,,60,825,,False,,,True
241,championship-series-2-2024-2-18,shot-1010400,61,2,01:55,845,ARC,Utah Archers,001686,Nate Solomon,000221,Ryan Ambler,goal,1_PT,GOAL by N. Solomon. Assist R. Ambler.,18,11,,000408,Matt DeLuca,,,,,,,,True,,18,11,goal,False,,,,,,False,False,championship_series,True,,61,845,,False,,000221,True
241,championship-series-2-2024-2-18,shot-1010700,62,2,01:48,852,WAT,Philadelphia Waterdogs,001795,Christian Scarpello,,,goal,1_PT,GOAL by C. Scarpello.,19,11,,001773,Nick Washuta,,,,,,,,True,,19,11,goal,False,,,,,,False,False,championship_series,True,,62,852,,False,,,True
241,championship-series-2-2024-2-18,turnover-1011010,63,2,01:19,881,ARC,Utah Archers,,,,,turnover,,Turnover by UTA,27,21,,,,,,,,,,,,,19,11,,False,,False,,,,,,championship_series,True,,63,881,,False,,,True
241,championship-series-2-2024-2-18,shot-1011500,64,2,00:54,906,WAT,Philadelphia Waterdogs,001810,Michael Sowers,,,shot,1_PT,Missed shot by Michael Sowers.,19,11,,001773,Nick Washuta,False,False,,,,,,,,19,11,missed,False,,,,,,False,False,championship_series,True,,64,906,,False,,,True
241,championship-series-2-2024-2-18,shot-1012400,65,2,00:34,926,ARC,Utah Archers,003070,Ronan Jacoby,,,goal,1_PT,GOAL by R. Jacoby.,19,12,,000408,Matt DeLuca,,,,,,,,True,,19,12,goal,False,,,,,,False,False,championship_series,True,,65,926,,False,,,True
241,championship-series-2-2024-2-18,shot-1012900,66,2,00:05,955,WAT,Philadelphia Waterdogs,000240,Kieran McArdle,001810,Michael Sowers,shot,1_PT,Missed shot by Kieran McArdle.,19,12,,001773,Nick Washuta,False,False,,,,,,,,19,12,missed,False,,,,,,False,False,championship_series,True,,66,955,,False,,001810,True
241,championship-series-2-2024-2-18,groundball-1013000,67,2,00:01,959,ARC,Utah Archers,001773,Nick Washuta,,,groundball,,Groundball picked up by N. Washuta.,27,21,,,,,,,,,,,,,19,12,,False,False,,,,,,,championship_series,True,,67,959,,False,,,True
241,championship-series-2-2024-2-18,shot-1013100,68,2,00:01,959,ARC,Utah Archers,001773,Nick Washuta,,,shot,2_PT,Missed shot(2pt) by Nick Washuta. Save by PHI M. DeLuca.,19,12,,000408,Matt DeLuca,True,True,clean,,,,,,,19,12,saved,False,,,,,,True,False,championship_series,True,,68,959,,False,,,True
241,championship-series-2-2024-2-18,faceoff-2000100,69,3,07:56,964,WAT,Philadelphia Waterdogs,000363,Ryan Conrad,000221,Ryan Ambler,faceoff,,Faceoff win R. Conrad (vs. R. Ambler). GB PHI J. Higgins.,27,21,002036,,,,,,,,,,,,19,12,,False,,,False,,,,,championship_series,True,,69,964,,False,,,True
241,championship-series-2-2024-2-18,groundball-2000200,70,3,07:56,964,WAT,Philadelphia Waterdogs,002036,Jake Higgins,,,groundball,,Groundball picked up by J. Higgins.,27,21,,,,,,,,,,,,,19,12,,False,False,,,,,,,championship_series,True,,70,964,,False,,,True
241,championship-series-2-2024-2-18,shot-2000800,71,3,07:34,986,WAT,Philadelphia Waterdogs,001818,Jake Carraway,,,goal,1_PT,GOAL by J. Carraway.,20,12,,001773,Nick Washuta,,,,,,,,True,,20,12,goal,False,,,,,,False,False,championship_series,True,,71,986,,False,,,True
241,championship-series-2-2024-2-18,shot-2001400,72,3,07:08,1012,ARC,Utah Archers,001686,Nate Solomon,003072,Kevin Winkoff,goal,2_PT,2PT G by N. Solomon. Assist K. Winkoff.,20,14,,000408,Matt DeLuca,,,,,,,,True,,20,14,goal,False,,,,,,True,False,championship_series,True,,72,1012,,False,,003072,True
241,championship-series-2-2024-2-18,turnover-2002000,73,3,06:53,1027,WAT,Philadelphia Waterdogs,,,,,turnover,,Turnover by PHI,27,21,,,,,,,,,,,,,20,14,,False,,False,,,,,,championship_series,True,,73,1027,,False,,,True
241,championship-series-2-2024-2-18,groundball-2002200,74,3,06:46,1034,ARC,Utah Archers,003006,Piper Bond,,,groundball,,Groundball picked up by P. Bond.,27,21,,,,,,,,,,,,,20,14,,False,False,,,,,,,championship_series,True,,74,1034,,False,,,True
241,championship-series-2-2024-2-18,turnover-2002500,75,3,06:38,1042,ARC,Utah Archers,,,,,turnover,,Turnover by UTA,27,21,,,,,,,,,,,,,20,14,,False,,False,,,,,,championship_series,True,,75,1042,,False,,,True
241,championship-series-2-2024-2-18,groundball-2002700,76,3,06:36,1044,WAT,Philadelphia Waterdogs,000408,Matt DeLuca,,,groundball,,Groundball picked up by M. DeLuca.,27,21,,,,,,,,,,,,,20,14,,False,False,,,,,,,championship_series,True,,76,1044,,False,,,True
241,championship-series-2-2024-2-18,shot-2003100,77,3,06:24,1056,WAT,Philadelphia Waterdogs,001810,Michael Sowers,001795,Christian Scarpello,shot,1_PT,Missed shot by Michael Sowers. Save by UTA N. Washuta.,20,14,,001773,Nick Washuta,True,True,clean,,,,,,,20,14,saved,False,,,,,,False,False,championship_series,True,,77,1056,,False,,001795,True
241,championship-series-2-2024-2-18,groundball-2003500,78,3,06:11,1069,ARC,Utah Archers,003006,Piper Bond,,,groundball,,Groundball picked up by P. Bond.,27,21,,,,,,,,,,,,,20,14,,False,False,,,,,,,championship_series,True,,78,1069,,False,,,True
241,championship-series-2-2024-2-18,shot-2003800,79,3,06:01,1079,ARC,Utah Archers,001686,Nate Solomon,000700,Tommy Palasek,shot,1_PT,Missed shot by Nate Solomon. Save by PHI M. DeLuca.,20,14,,000408,Matt DeLuca,True,True,messy,,,,,,,20,14,saved,False,,,,,,False,False,championship_series,True,,79,1079,,False,,000700,True
241,championship-series-2-2024-2-18,shot-2004500,80,3,05:33,1107,WAT,Philadelphia Waterdogs,003055,Jack Traynor,000240,Kieran McArdle,goal,1_PT,GOAL by J. Traynor. Assist K. McArdle.,21,14,,001773,Nick Washuta,,,,,,,,True,,21,14,goal,False,,,,,,False,False,championship_series,True,,80,1107,,False,,000240,True
241,championship-series-2-2024-2-18,shot-2004900,81,3,05:25,1115,ARC,Utah Archers,003005,Connor Maher,,,goal,2_PT,2PT G by C. Maher.,21,16,,000408,Matt DeLuca,,,,,,,,True,,21,16,goal,False,,,,,,True,False,championship_series,True,,81,1115,,False,,,True
241,championship-series-2-2024-2-18,turnover-2005200,82,3,05:18,1122,WAT,Philadelphia Waterdogs,,,,,turnover,,Turnover by PHI,27,21,,,,,,,,,,,,,21,16,,False,,False,,,,,,championship_series,True,,82,1122,,False,,,True
241,championship-series-2-2024-2-18,groundball-2005400,83,3,05:14,1126,ARC,Utah Archers,003006,Piper Bond,,,groundball,,Groundball picked up by P. Bond.,27,21,,,,,,,,,,,,,21,16,,False,False,,,,,,,championship_series,True,,83,1126,,False,,,True
241,championship-series-2-2024-2-18,shot-2005600,84,3,05:10,1130,ARC,Utah Archers,003006,Piper Bond,,,goal,1_PT,GOAL by P. Bond.,21,17,,000408,Matt DeLuca,,,,,,,,True,,21,17,goal,False,,,,,,False,False,championship_series,True,,84,1130,,False,,,True
241,championship-series-2-2024-2-18,turnover-2005910,85,3,04:53,1147,WAT,Philadelphia Waterdogs,,,,,turnover,,Turnover by PHI,27,21,,,,,,,,,,,,,21,17,,False,,False,,,,,,championship_series,True,,85,1147,,False,,,True
241,championship-series-2-2024-2-18,shot-2006500,86,3,04:26,1174,ARC,Utah Archers,003072,Kevin Winkoff,000221,Ryan Ambler,shot,2_PT,Missed shot(2pt) by Kevin Winkoff.,21,17,,000408,Matt DeLuca,False,False,,,,,,,,21,17,missed,False,,,,,,True,False,championship_series,True,,86,1174,,False,,000221,True
241,championship-series-2-2024-2-18,shot-2007000,87,3,04:02,1198,WAT,Philadelphia Waterdogs,001810,Michael Sowers,,,goal,1_PT,GOAL by M. Sowers.,22,17,,001773,Nick Washuta,,,,,,,,True,,22,17,goal,False,,,,,,False,False,championship_series,True,,87,1198,,False,,,True
241,championship-series-2-2024-2-18,shot-2007300,88,3,03:44,1216,ARC,Utah Archers,003070,Ronan Jacoby,001773,Nick Washuta,shot,1_PT,Missed shot by Ronan Jacoby.,22,17,,000408,Matt DeLuca,False,False,,,,,,,,22,17,missed,False,,,,,,False,False,championship_series,True,,88,1216,,False,,001773,True
241,championship-series-2-2024-2-18,shot-2007700,89,3,03:26,1234,WAT,Philadelphia Waterdogs,000363,Ryan Conrad,000408,Matt DeLuca,shot,1_PT,Missed shot by Ryan Conrad.,22,17,,001773,Nick Washuta,False,False,,,,,,,,22,17,missed,False,,,,,,False,False,championship_series,True,,89,1234,,False,,000408,True
241,championship-series-2-2024-2-18,shot-2008200,90,3,03:01,1259,ARC,Utah Archers,000221,Ryan Ambler,000397,Reece Eddy,shot,1_PT,Missed shot by Ryan Ambler. Save by PHI M. DeLuca.,22,17,,000408,Matt DeLuca,True,True,messy,,,,,,,22,17,saved,False,,,,,,False,False,championship_series,True,,90,1259,,False,,000397,True
241,championship-series-2-2024-2-18,shotclockexpired-2009000,91,3,02:26,1294,WAT,Philadelphia Waterdogs,,,,,shotclockexpired,,Shot Clock Violation.,27,21,,,,,,,,,,,,,22,17,,False,,,,,,,,championship_series,True,,91,1294,,False,,,True
241,championship-series-2-2024-2-18,turnover-2009010,92,3,02:26,1294,WAT,Philadelphia Waterdogs,,,,,turnover,,Turnover by PHI,27,21,,,,,,,,,,,,,22,17,,False,,False,,,,,,championship_series,True,,92,1294,,False,,,True
241,championship-series-2-2024-2-18,shot-2009500,93,3,02:03,1317,ARC,Utah Archers,003070,Ronan Jacoby,000700,Tommy Palasek,shot,1_PT,Missed shot by Ronan Jacoby.,22,17,,000408,Matt DeLuca,False,False,,,,,,,,22,17,missed,False,,,,,,False,False,championship_series,True,,93,1317,,False,,000700,True
241,championship-series-2-2024-2-18,shot-2010400,94,3,01:29,1351,WAT,Philadelphia Waterdogs,001818,Jake Carraway,000240,Kieran McArdle,shot,2_PT,Missed shot(2pt) by Jake Carraway.,22,17,,001773,Nick Washuta,False,False,,,,,,,,22,17,missed,False,,,,,,True,False,championship_series,True,,94,1351,,False,,000240,True
241,championship-series-2-2024-2-18,turnover-2011000,95,3,01:06,1374,ARC,Utah Archers,,,,,turnover,,Turnover by UTA,27,21,,,,,,,,,,,,,22,17,,False,,False,,,,,,championship_series,True,,95,1374,,False,,,True
241,championship-series-2-2024-2-18,groundball-2011200,96,3,01:04,1376,WAT,Philadelphia Waterdogs,001733,Charlie Hayes,,,groundball,,Groundball picked up by C. Hayes.,27,21,,,,,,,,,,,,,22,17,,False,False,,,,,,,championship_series,True,,96,1376,,False,,,True
241,championship-series-2-2024-2-18,shot-2011700,97,3,00:39,1401,WAT,Philadelphia Waterdogs,000363,Ryan Conrad,003054,Jeff Conner,shot,1_PT,Missed shot by Ryan Conrad.,22,17,,001773,Nick Washuta,False,False,,,,,,,,22,17,missed,False,,,,,,False,False,championship_series,True,,97,1401,,False,,003054,True
241,championship-series-2-2024-2-18,shotclockexpired-2012000,98,3,00:28,1412,WAT,Philadelphia Waterdogs,,,,,shotclockexpired,,Shot Clock Violation.,27,21,,,,,,,,,,,,,22,17,,False,,,,,,,,championship_series,True,,98,1412,,False,,,True
241,championship-series-2-2024-2-18,turnover-2012010,99,3,00:28,1412,WAT,Philadelphia Waterdogs,,,,,turnover,,Turnover by PHI,27,21,,,,,,,,,,,,,22,17,,False,,False,,,,,,championship_series,True,,99,1412,,False,,,True
241,championship-series-2-2024-2-18,groundball-2012400,100,3,00:09,1431,ARC,Utah Archers,000700,Tommy Palasek,,,groundball,,Groundball picked up by T. Palasek.,27,21,,,,,,,,,,,,,22,17,,False,False,,,,,,,championship_series,True,,100,1431,,False,,,True
241,championship-series-2-2024-2-18,faceoff-3000100,101,4,07:56,1444,WAT,Philadelphia Waterdogs,000363,Ryan Conrad,000221,Ryan Ambler,faceoff,,Faceoff win R. Conrad (vs. R. Ambler). GB PHI R. Conrad.,27,21,000363,,,,,,,,,,,,22,17,,False,,,False,,,,,championship_series,True,,101,1444,,False,,,True
241,championship-series-2-2024-2-18,groundball-3000200,102,4,07:56,1444,WAT,Philadelphia Waterdogs,000363,Ryan Conrad,,,groundball,,Groundball picked up by R. Conrad.,27,21,,,,,,,,,,,,,22,17,,False,False,,,,,,,championship_series,True,,102,1444,,False,,,True
241,championship-series-2-2024-2-18,shot-3000500,103,4,07:42,1458,WAT,Philadelphia Waterdogs,000363,Ryan Conrad,001795,Christian Scarpello,shot,1_PT,Missed shot by Ryan Conrad. Save by UTA N. Washuta.,22,17,,001773,Nick Washuta,True,True,messy,,,,,,,22,17,saved,False,,,,,,False,False,championship_series,True,,103,1458,,False,,001795,True
241,championship-series-2-2024-2-18,shot-3001100,104,4,07:24,1476,ARC,Utah Archers,003072,Kevin Winkoff,003006,Piper Bond,shot,2_PT,Missed shot(2pt) by Kevin Winkoff. Save by PHI M. DeLuca.,22,17,,000408,Matt DeLuca,True,True,messy,,,,,,,22,17,saved,False,,,,,,True,False,championship_series,True,,104,1476,,False,,003006,True
241,championship-series-2-2024-2-18,groundball-3001300,105,4,07:16,1484,WAT,Philadelphia Waterdogs,002036,Jake Higgins,,,groundball,,Groundball picked up by J. Higgins.,27,21,,,,,,,,,,,,,22,17,,False,False,,,,,,,championship_series,True,,105,1484,,False,,,True
241,championship-series-2-2024-2-18,shot-3001900,106,4,07:01,1499,WAT,Philadelphia Waterdogs,001810,Michael Sowers,000363,Ryan Conrad,shot,1_PT,Missed shot by Michael Sowers.,22,17,,001773,Nick Washuta,False,False,,,,,,,,22,17,missed,False,,,,,,False,False,championship_series,True,,106,1499,,False,,000363,True
241,championship-series-2-2024-2-18,shot-3002500,107,4,06:44,1516,ARC,Utah Archers,003005,Connor Maher,,,goal,1_PT,GOAL by C. Maher.,22,18,,000408,Matt DeLuca,,,,,,,,True,,22,18,goal,False,,,,,,False,False,championship_series,True,,107,1516,,False,,,True
241,championship-series-2-2024-2-18,shot-3003000,108,4,06:27,1533,WAT,Philadelphia Waterdogs,001818,Jake Carraway,003054,Jeff Conner,shot,2_PT,Missed shot(2pt) by Jake Carraway.,22,18,,001773,Nick Washuta,False,False,,,,,,,,22,18,missed,False,,,,,,True,False,championship_series,True,,108,1533,,False,,003054,True
241,championship-series-2-2024-2-18,turnover-3003500,109,4,06:05,1555,ARC,Utah Archers,,,,,turnover,,Turnover by UTA,27,21,,,,,,,,,,,,,22,18,,False,,False,,,,,,championship_series,True,,109,1555,,False,,,True
241,championship-series-2-2024-2-18,groundball-3003700,110,4,06:03,1557,WAT,Philadelphia Waterdogs,000408,Matt DeLuca,,,groundball,,Groundball picked up by M. DeLuca.,27,21,,,,,,,,,,,,,22,18,,False,False,,,,,,,championship_series,True,,110,1557,,False,,,True
241,championship-series-2-2024-2-18,shot-3004000,111,4,05:59,1561,WAT,Philadelphia Waterdogs,001733,Charlie Hayes,000408,Matt DeLuca,goal,1_PT,GOAL by C. Hayes. Assist M. DeLuca.,23,18,,001773,Nick Washuta,,,,,,,,True,,23,18,goal,False,,,,,,False,False,championship_series,True,,111,1561,,False,,000408,True
241,championship-series-2-2024-2-18,shot-3004400,112,4,05:48,1572,ARC,Utah Archers,000221,Ryan Ambler,001686,Nate Solomon,shot,2_PT,Missed shot(2pt) by Ryan Ambler.,23,18,,000408,Matt DeLuca,False,False,,,,,,,,23,18,missed,False,,,,,,True,False,championship_series,True,,112,1572,,False,,001686,True
241,championship-series-2-2024-2-18,shot-3004900,113,4,05:31,1589,WAT,Philadelphia Waterdogs,001810,Michael Sowers,,,goal,1_PT,GOAL by M. Sowers.,24,18,,001773,Nick Washuta,,,,,,,,True,,24,18,goal,False,,,,,,False,False,championship_series,True,,113,1589,,False,,,True
241,championship-series-2-2024-2-18,shot-3005300,114,4,05:18,1602,ARC,Utah Archers,000700,Tommy Palasek,000221,Ryan Ambler,shot,2_PT,Missed shot(2pt) by Tommy Palasek. Save by PHI M. DeLuca.,24,18,,000408,Matt DeLuca,True,True,messy,,,,,,,24,18,saved,False,,,,,,True,False,championship_series,True,,114,1602,,False,,000221,True
241,championship-series-2-2024-2-18,shot-3005600,115,4,05:07,1613,ARC,Utah Archers,003006,Piper Bond,,,shot,1_PT,Missed shot by Piper Bond. Save by PHI M. DeLuca.,24,18,,000408,Matt DeLuca,True,True,messy,,,,,,,24,18,saved,False,,,,,,False,False,championship_series,True,,115,1613,,False,,,True
241,championship-series-2-2024-2-18,shot-3006000,116,4,04:59,1621,ARC,Utah Archers,000700,Tommy Palasek,,,goal,1_PT,GOAL by T. Palasek.,24,19,,000408,Matt DeLuca,,,,,,,,True,,24,19,goal,False,,,,,,False,False,championship_series,True,,116,1621,,False,,,True
241,championship-series-2-2024-2-18,shot-3006400,117,4,04:34,1646,WAT,Philadelphia Waterdogs,001810,Michael Sowers,000363,Ryan Conrad,shot,1_PT,Missed shot by Michael Sowers.,24,19,,001773,Nick Washuta,False,False,,,,,,,,24,19,missed,False,,,,,,False,False,championship_series,True,,117,1646,,False,,000363,True
241,championship-series-2-2024-2-18,groundball-3006500,118,4,04:28,1652,WAT,Philadelphia Waterdogs,003054,Jeff Conner,,,groundball,,Groundball picked up by J. Conner.,27,21,,,,,,,,,,,,,24,19,,False,False,,,,,,,championship_series,True,,118,1652,,False,,,True
241,championship-series-2-2024-2-18,turnover-3006600,119,4,04:26,1654,WAT,Philadelphia Waterdogs,,,,,turnover,,Turnover by PHI,27,21,,,,,,,,,,,,,24,19,,False,,False,,,,,,championship_series,True,,119,1654,,False,,,True
241,championship-series-2-2024-2-18,groundball-3006700,120,4,04:24,1656,ARC,Utah Archers,003005,Connor Maher,,,groundball,,Groundball picked up by C. Maher.,27,21,,,,,,,,,,,,,24,19,,False,False,,,,,,,championship_series,True,,120,1656,,False,,,True
241,championship-series-2-2024-2-18,shot-3007100,121,4,03:57,1683,ARC,Utah Archers,000700,Tommy Palasek,000221,Ryan Ambler,goal,1_PT,GOAL by T. Palasek. Assist R. Ambler.,24,20,,000408,Matt DeLuca,,,,,,,,True,,24,20,goal,False,,,,,,False,False,championship_series,True,,121,1683,,False,,000221,True
241,championship-series-2-2024-2-18,turnover-3007500,122,4,03:37,1703,WAT,Philadelphia Waterdogs,,,,,turnover,,Turnover by PHI,27,21,,,,,,,,,,,,,24,20,,False,,False,,,,,,championship_series,True,,122,1703,,False,,,True
241,championship-series-2-2024-2-18,shot-3008400,123,4,03:08,1732,ARC,Utah Archers,000221,Ryan Ambler,003070,Ronan Jacoby,shot,1_PT,Missed shot by Ryan Ambler.,24,20,,000408,Matt DeLuca,False,False,,,,,,,,24,20,missed,False,,,,,,False,False,championship_series,True,,123,1732,,False,,003070,True
241,championship-series-2-2024-2-18,shot-3008900,124,4,02:51,1749,WAT,Philadelphia Waterdogs,001818,Jake Carraway,003054,Jeff Conner,shot,2_PT,Missed shot(2pt) by Jake Carraway. Save by UTA N. Washuta.,24,20,,001773,Nick Washuta,True,True,messy,,,,,,,24,20,saved,False,,,,,,True,False,championship_series,True,,124,1749,,False,,003054,True
241,championship-series-2-2024-2-18,groundball-3009100,125,4,02:49,1751,ARC,Utah Archers,001773,Nick Washuta,,,groundball,,Groundball picked up by N. Washuta.,27,21,,,,,,,,,,,,,24,20,,False,False,,,,,,,championship_series,True,,125,1751,,False,,,True
241,championship-series-2-2024-2-18,turnover-3009800,126,4,02:18,1782,ARC,Utah Archers,,,,,turnover,,Turnover by UTA,27,21,,,,,,,,,,,,,24,20,,False,,False,,,,,,championship_series,True,,126,1782,,False,,,True
241,championship-series-2-2024-2-18,groundball-3010000,127,4,02:16,1784,WAT,Philadelphia Waterdogs,001795,Christian Scarpello,,,groundball,,Groundball picked up by C. Scarpello.,27,21,,,,,,,,,,,,,24,20,,False,False,,,,,,,championship_series,True,,127,1784,,False,,,True
241,championship-series-2-2024-2-18,shot-3010600,128,4,01:43,1817,WAT,Philadelphia Waterdogs,001810,Michael Sowers,000240,Kieran McArdle,goal,2_PT,2PT G by M. Sowers. Assist K. McArdle.,26,20,,001773,Nick Washuta,,,,,,,,True,,26,20,goal,False,,,,,,True,False,championship_series,True,,128,1817,,False,,000240,True
241,championship-series-2-2024-2-18,groundball-3011100,129,4,01:21,1839,ARC,Utah Archers,001686,Nate Solomon,,,groundball,,Groundball picked up by N. Solomon.,27,21,,,,,,,,,,,,,26,20,,False,False,,,,,,,championship_series,True,,129,1839,,False,,,True
241,championship-series-2-2024-2-18,penalty-3011200,130,4,01:20,1840,WAT,Philadelphia Waterdogs,000363,Ryan Conrad,,,penalty,,PHI Ryan Conrad 30 sec penalty for Pushing.,27,21,,,,,,,30.0,Pushing,,,,,26,20,,False,,,,False,True,,,championship_series,True,,130,1840,,False,,,True
241,championship-series-2-2024-2-18,shot-3011800,131,4,01:15,1845,ARC,Utah Archers,003070,Ronan Jacoby,001686,Nate Solomon,goal,MU,PP Goal by R. Jacoby. Assist N. Solomon.,26,21,,000408,Matt DeLuca,,,,,,,,True,,26,21,goal,False,,,,,,False,True,championship_series,True,,131,1845,,False,,001686,True
241,championship-series-2-2024-2-18,shot-3012500,132,4,00:53,1867,WAT,Philadelphia Waterdogs,000240,Kieran McArdle,001818,Jake Carraway,goal,1_PT,GOAL by K. McArdle. Assist J. Carraway.,27,21,,001773,Nick Washuta,,,,,,,,True,,27,21,goal,False,,,,,,False,False,championship_series,True,,132,1867,,False,,001818,True
241,championship-series-2-2024-2-18,turnover-3013010,133,4,00:30,1890,ARC,Utah Archers,,,,,turnover,,Turnover by UTA,27,21,,,,,,,,,,,,,27,21,,False,,False,,,,,,championship_series,True,,133,1890,,False,,,True
241,championship-series-2-2024-2-18,turnover-3013200,134,4,00:25,1895,WAT,Philadelphia Waterdogs,,,,,turnover,,Turnover by PHI,27,21,,,,,,,,,,,,,27,21,,False,,False,,,,,,championship_series,True,,134,1895,,False,,,True
241,championship-series-2-2024-2-18,groundball-3013400,135,4,00:23,1897,ARC,Utah Archers,003072,Kevin Winkoff,,,groundball,,Groundball picked up by K. Winkoff.,27,21,,,,,,,,,,,,,27,21,,False,False,,,,,,,championship_series,True,,135,1897,,False,,,True
241,championship-series-2-2024-2-18,shot-3013600,136,4,00:19,1901,ARC,Utah Archers,001686,Nate Solomon,003072,Kevin Winkoff,shot,2_PT,Missed shot(2pt) by Nate Solomon.,27,21,,000408,Matt DeLuca,False,False,,,,,,,,27,21,missed,False,,,,,,True,False,championship_series,True,,136,1901,,False,,003072,True
241,championship-series-2-2024-2-18,gameEnd,137,4,00:00,1920,,,,,,,gameEnd,,Game End,27,21,,,,,,,,,0.0,1.0,,,27,21,,False,,,,,,,,championship_series,True,,137,1920,,False,,,True
242,championship-series-1-2024-2-19,pregame,0,1,08:00,0,,,,,,,pregame,,Game Start,0,0,,,,,,,,,0.5,0.5,,,0,0,,False,,,,,,,,championship_series,True,,0,0,,False,,,True
242,championship-series-1-2024-2-19,faceoff-100,1,1,07:57,3,WAT,Philadelphia Waterdogs,000363,Ryan Conrad,003041,Ethan Rall,faceoff,,Faceoff win R. Conrad (vs. E. Rall). GB PHI R. Conrad.,22,23,000363,,,,,,,,,,,,0,0,,False,,,False,,,,,championship_series,True,,1,3,,False,,,True
242,championship-series-1-2024-2-19,groundball-200,2,1,07:57,3,WAT,Philadelphia Waterdogs,000363,Ryan Conrad,,,groundball,,Groundball picked up by R. Conrad.,22,23,,,,,,,,,,,,,0,0,,False,False,,,,,,,championship_series,True,,2,3,,False,,,True
242,championship-series-1-2024-2-19,shot-400,3,1,07:41,19,WAT,Philadelphia Waterdogs,001795,Christian Scarpello,000363,Ryan Conrad,shot,1_PT,Missed shot by Christian Scarpello. Save by BOS C. Kirst.,0,0,,002038,Colin Kirst,True,True,messy,,,,,,,0,0,saved,False,,,,,,False,False,championship_series,True,,3,19,,False,,000363,True
242,championship-series-1-2024-2-19,groundball-600,4,1,07:39,21,CAN,Boston Cannons,003043,Josh Stout,,,groundball,,Groundball picked up by J. Stout.,22,23,,,,,,,,,,,,,0,0,,False,False,,,,,,,championship_series,True,,4,21,,False,,,True
242,championship-series-1-2024-2-19,shot-1100,5,1,07:15,45,CAN,Boston Cannons,003013,Matt Campbell,,,goal,1_PT,GOAL by M. Campbell.,0,1,,000408,Matt DeLuca,,,,,,,,True,,0,1,goal,False,,,,,,False,False,championship_series,True,,5,45,,False,,,True
242,championship-series-1-2024-2-19,shot-1400,6,1,07:11,49,WAT,Philadelphia Waterdogs,002036,Jake Higgins,000408,Matt DeLuca,goal,1_PT,GOAL by J. Higgins. Assist M. DeLuca.,1,1,,002038,Colin Kirst,,,,,,,,True,,1,1,goal,False,,,,,,False,False,championship_series,True,,6,49,,False,,000408,True
242,championship-series-1-2024-2-19,shot-1800,7,1,06:53,67,CAN,Boston Cannons,000327,Matt Kavanagh,,,goal,1_PT,GOAL by M. Kavanagh.,1,2,,000408,Matt DeLuca,,,,,,,,True,,1,2,goal,False,,,,,,False,False,championship_series,True,,7,67,,False,,,True
242,championship-series-1-2024-2-19,shot-2300,8,1,06:41,79,WAT,Philadelphia Waterdogs,001810,Michael Sowers,000240,Kieran McArdle,shot,2_PT,Missed shot(2pt) by Michael Sowers.,1,2,,002038,Colin Kirst,False,False,,,,,,,,1,2,missed,False,,,,,,True,False,championship_series,True,,8,79,,False,,000240,True
242,championship-series-1-2024-2-19,shot-3100,9,1,06:11,109,CAN,Boston Cannons,000327,Matt Kavanagh,000216,Marcus Holman,shot,1_PT,Missed shot by Matt Kavanagh. Save by PHI M. DeLuca.,1,2,,000408,Matt DeLuca,True,True,messy,,,,,,,1,2,saved,False,,,,,,False,False,championship_series,True,,9,109,,False,,000216,True
242,championship-series-1-2024-2-19,groundball-3300,10,1,06:09,111,CAN,Boston Cannons,000358,Ryan Drenner,,,groundball,,Groundball picked up by R. Drenner.,22,23,,,,,,,,,,,,,1,2,,False,False,,,,,,,championship_series,True,,10,111,,False,,,True
242,championship-series-1-2024-2-19,shot-3800,11,1,05:45,135,CAN,Boston Cannons,000216,Marcus Holman,000358,Ryan Drenner,shot,1_PT,Missed shot by Marcus Holman.,1,2,,000408,Matt DeLuca,False,False,,,,,,,,1,2,missed,False,,,,,,False,False,championship_series,True,,11,135,,False,,000358,True
242,championship-series-1-2024-2-19,shot-4400,12,1,05:14,166,WAT,Philadelphia Waterdogs,000363,Ryan Conrad,000240,Kieran McArdle,goal,1_PT,GOAL by R. Conrad. Assist K. McArdle.,2,2,,002038,Colin Kirst,,,,,,,,True,,2,2,goal,False,,,,,,False,False,championship_series,True,,12,166,,False,,000240,True
242,championship-series-1-2024-2-19,shot-4800,13,1,05:03,177,CAN,Boston Cannons,000216,Marcus Holman,,,goal,1_PT,GOAL by M. Holman.,2,3,,000408,Matt DeLuca,,,,,,,,True,,2,3,goal,False,,,,,,False,False,championship_series,True,,13,177,,False,,,True
242,championship-series-1-2024-2-19,shot-5200,14,1,04:55,185,WAT,Philadelphia Waterdogs,001818,Jake Carraway,001795,Christian Scarpello,shot,2_PT,Missed shot(2pt) by Jake Carraway. Save by BOS C. Kirst.,2,3,,002038,Colin Kirst,True,True,messy,,,,,,,2,3,saved,False,,,,,,True,False,championship_series,True,,14,185,,False,,001795,True
242,championship-series-1-2024-2-19,turnover-5500,15,1,04:40,200,WAT,Philadelphia Waterdogs,,,,,turnover,,Turnover by PHI,22,23,,,,,,,,,,,,,2,3,,False,,False,,,,,,championship_series,True,,15,200,,False,,,True
242,championship-series-1-2024-2-19,groundball-5700,16,1,04:38,202,CAN,Boston Cannons,002038,Colin Kirst,,,groundball,,Groundball picked up by C. Kirst.,22,23,,,,,,,,,,,,,2,3,,False,False,,,,,,,championship_series,True,,16,202,,False,,,True
242,championship-series-1-2024-2-19,turnover-5910,17,1,04:27,213,CAN,Boston Cannons,,,,,turnover,,Turnover by BOS,22,23,,,,,,,,,,,,,2,3,,False,,False,,,,,,championship_series,True,,17,213,,False,,,True
242,championship-series-1-2024-2-19,penalty-6400,18,1,04:19,221,CAN,Boston Cannons,001760,Pat Aslanian,,,penalty,,BOS Pat Aslanian 30 sec penalty for Cross Checking.,22,23,,,,,,,120.0,Cross Checking,,,,,2,3,,False,,,,False,True,,,championship_series,True,,18,221,,False,,,True
242,championship-series-1-2024-2-19,shot-6300,19,1,04:19,221,WAT,Philadelphia Waterdogs,003055,Jack Traynor,000363,Ryan Conrad,goal,1_PT,GOAL by J. Traynor. Assist R. Conrad.,3,3,,002038,Colin Kirst,,,,,,,,True,,3,3,goal,False,,,,,,False,False,championship_series,True,,19,221,,False,,000363,True
242,championship-series-1-2024-2-19,shot-7400,20,1,04:06,234,WAT,Philadelphia Waterdogs,003054,Jeff Conner,000240,Kieran McArdle,shot,1_PT,Missed shot by Jeff Conner. Save by BOS C. Kirst.,3,3,,002038,Colin Kirst,True,True,clean,,,,,,,3,3,saved,False,,,,,,False,False,championship_series,True,,20,234,,False,,000240,True
242,championship-series-1-2024-2-19,shot-7900,21,1,03:56,244,CAN,Boston Cannons,000216,Marcus Holman,003013,Matt Campbell,shot,1_PT,Missed shot by Marcus Holman. Save by PHI M. DeLuca.,3,3,,000408,Matt DeLuca,True,True,messy,,,,,,,3,3,saved,False,,,,,,False,False,championship_series,True,,21,244,,False,,003013,True
242,championship-series-1-2024-2-19,groundball-8200,22,1,03:47,253,CAN,Boston Cannons,000216,Marcus Holman,,,groundball,,Groundball picked up by M. Holman.,22,23,,,,,,,,,,,,,3,3,,False,False,,,,,,,championship_series,True,,22,253,,False,,,True
242,championship-series-1-2024-2-19,shot-8300,23,1,03:43,257,CAN,Boston Cannons,000216,Marcus Holman,,,shot,2_PT,Missed shot(2pt) by Marcus Holman.,3,3,,000408,Matt DeLuca,False,False,,,,,,,,3,3,missed,False,,,,,,True,False,championship_series,True,,23,257,,False,,,True
242,championship-series-1-2024-2-19,shot-9600,24,1,03:19,281,WAT,Philadelphia Waterdogs,003054,Jeff Conner,001795,Christian Scarpello,goal,MU,PP Goal by J. Conner. Assist C. Scarpello.,4,3,,002038,Colin Kirst,,,,,,,,True,,4,3,goal,False,,,,,,False,True,championship_series,True,,24,281,,False,,001795,True
242,championship-series-1-2024-2-19,shot-10000,25,1,03:03,297,CAN,Boston Cannons,000358,Ryan Drenner,,,goal,1_PT,GOAL by R. Drenner.,4,4,,000408,Matt DeLuca,,,,,,,,True,,4,4,goal,False,,,,,,False,False,championship_series,True,,25,297,,False,,,True
242,championship-series-1-2024-2-19,turnover-10310,26,1,02:49,311,WAT,Philadelphia Waterdogs,,,,,turnover,,Turnover by PHI,22,23,,,,,,,,,,,,,4,4,,False,,False,,,,,,championship_series,True,,26,311,,False,,,True
242,championship-series-1-2024-2-19,shot-10800,27,1,02:30,330,CAN,Boston Cannons,002024,Asher Nolting,,,goal,1_PT,GOAL by A. Nolting.,4,5,,000408,Matt DeLuca,,,,,,,,True,,4,5,goal,False,,,,,,False,False,championship_series,True,,27,330,,False,,,True
242,championship-series-1-2024-2-19,shot-11200,28,1,02:27,333,WAT,Philadelphia Waterdogs,001818,Jake Carraway,000363,Ryan Conrad,shot,2_PT,Missed shot(2pt) by Jake Carraway.,4,5,,002038,Colin Kirst,False,False,,,,,,,,4,5,missed,False,,,,,,True,False,championship_series,True,,28,333,,False,,000363,True
242,championship-series-1-2024-2-19,shot-11800,29,1,02:02,358,CAN,Boston Cannons,000327,Matt Kavanagh,,,goal,1_PT,GOAL by M. Kavanagh.,4,6,,000408,Matt DeLuca,,,,,,,,True,,4,6,goal,False,,,,,,False,False,championship_series,True,,29,358,,False,,,True
242,championship-series-1-2024-2-19,groundball-12400,30,1,01:41,379,WAT,Philadelphia Waterdogs,001818,Jake Carraway,,,groundball,,Groundball picked up by J. Carraway.,22,23,,,,,,,,,,,,,4,6,,False,False,,,,,,,championship_series,True,,30,379,,False,,,True
242,championship-series-1-2024-2-19,turnover-12610,31,1,01:31,389,WAT,Philadelphia Waterdogs,,,,,turnover,,Turnover by PHI,22,23,,,,,,,,,,,,,4,6,,False,,False,,,,,,championship_series,True,,31,389,,False,,,True
242,championship-series-1-2024-2-19,shot-13100,32,1,01:11,409,CAN,Boston Cannons,002024,Asher Nolting,,,goal,1_PT,GOAL by A. Nolting.,4,7,,000408,Matt DeLuca,,,,,,,,True,,4,7,goal,False,,,,,,False,False,championship_series,True,,32,409,,False,,,True
242,championship-series-1-2024-2-19,shot-13700,33,1,00:58,422,WAT,Philadelphia Waterdogs,001818,Jake Carraway,000363,Ryan Conrad,shot,2_PT,Missed shot(2pt) by Jake Carraway. Save by BOS C. Kirst.,4,7,,002038,Colin Kirst,True,True,messy,,,,,,,4,7,saved,False,,,,,,True,False,championship_series,True,,33,422,,False,,000363,True
242,championship-series-1-2024-2-19,groundball-13900,34,1,00:56,424,CAN,Boston Cannons,001760,Pat Aslanian,,,groundball,,Groundball picked up by P. Aslanian.,22,23,,,,,,,,,,,,,4,7,,False,False,,,,,,,championship_series,True,,34,424,,False,,,True
242,championship-series-1-2024-2-19,shot-14400,35,1,00:27,453,CAN,Boston Cannons,003013,Matt Campbell,,,goal,1_PT,GOAL by M. Campbell.,4,8,,000408,Matt DeLuca,,,,,,,,True,,4,8,goal,False,,,,,,False,False,championship_series,True,,35,453,,False,,,True
242,championship-series-1-2024-2-19,shot-14900,36,1,00:01,479,CAN,Boston Cannons,000216,Marcus Holman,,,shot,2_PT,Missed shot(2pt) by Marcus Holman. Save by PHI M. DeLuca.,4,8,,000408,Matt DeLuca,True,True,clean,,,,,,,4,8,saved,False,,,,,,True,False,championship_series,True,,36,479,,False,,,True
242,championship-series-1-2024-2-19,turnover-14810,37,1,00:01,479,WAT,Philadelphia Waterdogs,,,,,turnover,,Turnover by PHI,22,23,,,,,,,,,,,,,4,8,,False,,False,,,,,,championship_series,True,,37,479,,False,,,True
242,championship-series-1-2024-2-19,faceoff-1000100,38,2,07:58,482,WAT,Philadelphia Waterdogs,000363,Ryan Conrad,003041,Ethan Rall,faceoff,,Faceoff win R. Conrad (vs. E. Rall). GB PHI R. Conrad.,22,23,000363,,,,,,,,,,,,4,8,,False,,,False,,,,,championship_series,True,,38,482,,False,,,True
242,championship-series-1-2024-2-19,groundball-1000200,39,2,07:58,482,WAT,Philadelphia Waterdogs,000363,Ryan Conrad,,,groundball,,Groundball picked up by R. Conrad.,22,23,,,,,,,,,,,,,4,8,,False,False,,,,,,,championship_series,True,,39,482,,False,,,True
242,championship-series-1-2024-2-19,shot-1001100,40,2,07:31,509,WAT,Philadelphia Waterdogs,003055,Jack Traynor,,,goal,1_PT,GOAL by J. Traynor.,5,8,,002038,Colin Kirst,,,,,,,,True,,5,8,goal,False,,,,,,False,False,championship_series,True,,40,509,,False,,,True
242,championship-series-1-2024-2-19,shot-1001600,41,2,07:04,536,CAN,Boston Cannons,000327,Matt Kavanagh,,,goal,1_PT,GOAL by M. Kavanagh.,5,9,,000408,Matt DeLuca,,,,,,,,True,,5,9,goal,False,,,,,,False,False,championship_series,True,,41,536,,False,,,True
242,championship-series-1-2024-2-19,turnover-1002110,42,2,06:47,553,WAT,Philadelphia Waterdogs,,,,,turnover,,Turnover by PHI,22,23,,,,,,,,,,,,,5,9,,False,,False,,,,,,championship_series,True,,42,553,,False,,,True
242,championship-series-1-2024-2-19,shot-1002500,43,2,06:21,579,CAN,Boston Cannons,002024,Asher Nolting,,,goal,1_PT,GOAL by A. Nolting.,5,10,,000408,Matt DeLuca,,,,,,,,True,,5,10,goal,False,,,,,,False,False,championship_series,True,,43,579,,False,,,True
242,championship-series-1-2024-2-19,shot-1003100,44,2,05:56,604,WAT,Philadelphia Waterdogs,003052,Kyle Borda,,,goal,2_PT,2PT G by K. Borda.,7,10,,002038,Colin Kirst,,,,,,,,True,,7,10,goal,False,,,,,,True,False,championship_series,True,,44,604,,False,,,True
242,championship-series-1-2024-2-19,shot-1003800,45,2,05:28,632,CAN,Boston Cannons,000358,Ryan Drenner,000327,Matt Kavanagh,shot,1_PT,Missed shot by Ryan Drenner.,7,10,,000408,Matt DeLuca,False,False,,,,,,,,7,10,missed,False,,,,,,False,False,championship_series,True,,45,632,,False,,000327,True
242,championship-series-1-2024-2-19,penalty-1004400,46,2,04:58,662,CAN,Boston Cannons,002025,Bubba Fairman,,,penalty,,BOS Bubba Fairman 1 min penalty for Slashing.,22,23,,,,,,,60.0,Slashing,,,,,7,10,,False,,,,False,True,,,championship_series,True,,46,662,,False,,,True
242,championship-series-1-2024-2-19,shot-1005500,47,2,04:46,674,WAT,Philadelphia Waterdogs,001818,Jake Carraway,000363,Ryan Conrad,shot,2_PT,Missed shot(2pt) by Jake Carraway.,7,10,,002038,Colin Kirst,False,False,,,,,,,,7,10,missed,False,,,,,,True,False,championship_series,True,,47,674,,False,,000363,True
242,championship-series-1-2024-2-19,groundball-1005700,48,2,04:37,683,WAT,Philadelphia Waterdogs,000408,Matt DeLuca,,,groundball,,Groundball picked up by M. DeLuca.,22,23,,,,,,,,,,,,,7,10,,False,False,,,,,,,championship_series,True,,48,683,,False,,,True
242,championship-series-1-2024-2-19,shot-1005900,49,2,04:33,687,WAT,Philadelphia Waterdogs,003055,Jack Traynor,000408,Matt DeLuca,goal,MU_2_PT,PP 2PT G by J. Traynor. Assist M. DeLuca.,9,10,,002038,Colin Kirst,,,,,,,,True,,9,10,goal,False,,,,,,True,True,championship_series,True,,49,687,,False,,000408,True
242,championship-series-1-2024-2-19,shot-1006400,50,2,04:29,691,CAN,Boston Cannons,003013,Matt Campbell,,,goal,1_PT,GOAL by M. Campbell.,9,11,,000408,Matt DeLuca,,,,,,,,True,,9,11,goal,False,,,,,,False,False,championship_series,True,,50,691,,False,,,True
242,championship-series-1-2024-2-19,shot-1006500,51,2,04:27,693,WAT,Philadelphia Waterdogs,003054,Jeff Conner,001795,Christian Scarpello,goal,2_PT,2PT G by J. Conner. Assist C. Scarpello.,11,11,,002038,Colin Kirst,,,,,,,,True,,11,11,goal,False,,,,,,True,False,championship_series,True,,51,693,,False,,001795,True
242,championship-series-1-2024-2-19,shot-1006900,52,2,04:14,706,CAN,Boston Cannons,000358,Ryan Drenner,000216,Marcus Holman,shot,1_PT,Missed shot by Ryan Drenner.,11,11,,000408,Matt DeLuca,False,False,,,,,,,,11,11,missed,False,,,,,,False,False,championship_series,True,,52,706,,False,,000216,True
242,championship-series-1-2024-2-19,groundball-1007100,53,2,04:10,710,WAT,Philadelphia Waterdogs,000363,Ryan Conrad,,,groundball,,Groundball picked up by R. Conrad.,22,23,,,,,,,,,,,,,11,11,,False,False,,,,,,,championship_series,True,,53,710,,False,,,True
242,championship-series-1-2024-2-19,shot-1007300,54,2,03:51,729,WAT,Philadelphia Waterdogs,000363,Ryan Conrad,,,goal,1_PT,GOAL by R. Conrad.,12,11,,002038,Colin Kirst,,,,,,,,True,,12,11,goal,False,,,,,,False,False,championship_series,True,,54,729,,False,,,True
242,championship-series-1-2024-2-19,turnover-1007800,55,2,03:26,754,CAN,Boston Cannons,,,,,turnover,,Turnover by BOS,22,23,,,,,,,,,,,,,12,11,,False,,False,,,,,,championship_series,True,,55,754,,False,,,True
242,championship-series-1-2024-2-19,groundball-1008000,56,2,03:22,758,WAT,Philadelphia Waterdogs,002036,Jake Higgins,,,groundball,,Groundball picked up by J. Higgins.,22,23,,,,,,,,,,,,,12,11,,False,False,,,,,,,championship_series,True,,56,758,,False,,,True
242,championship-series-1-2024-2-19,shot-1008200,57,2,03:21,759,WAT,Philadelphia Waterdogs,002036,Jake Higgins,,,goal,1_PT,GOAL by J. Higgins.,13,11,,002038,Colin Kirst,,,,,,,,True,,13,11,goal,False,,,,,,False,False,championship_series,True,,57,759,,False,,,True
242,championship-series-1-2024-2-19,shot-1008600,58,2,03:02,778,CAN,Boston Cannons,000216,Marcus Holman,002025,Bubba Fairman,shot,1_PT,Missed shot by Marcus Holman. Save by PHI M. DeLuca.,13,11,,000408,Matt DeLuca,True,True,messy,,,,,,,13,11,saved,False,,,,,,False,False,championship_series,True,,58,778,,False,,002025,True
242,championship-series-1-2024-2-19,groundball-1008800,59,2,03:00,780,CAN,Boston Cannons,001760,Pat Aslanian,,,groundball,,Groundball picked up by P. Aslanian.,22,23,,,,,,,,,,,,,13,11,,False,False,,,,,,,championship_series,True,,59,780,,False,,,True
242,championship-series-1-2024-2-19,shot-1009000,60,2,02:55,785,CAN,Boston Cannons,000216,Marcus Holman,001760,Pat Aslanian,goal,2_PT,2PT G by M. Holman. Assist P. Aslanian.,13,13,,000408,Matt DeLuca,,,,,,,,True,,13,13,goal,False,,,,,,True,False,championship_series,True,,60,785,,False,,001760,True
242,championship-series-1-2024-2-19,shot-1009500,61,2,02:15,825,WAT,Philadelphia Waterdogs,000240,Kieran McArdle,,,goal,1_PT,GOAL by K. McArdle.,14,13,,002038,Colin Kirst,,,,,,,,True,,14,13,goal,False,,,,,,False,False,championship_series,True,,61,825,,False,,,True
242,championship-series-1-2024-2-19,shot-1009900,62,2,02:00,840,CAN,Boston Cannons,000327,Matt Kavanagh,,,goal,1_PT,GOAL by M. Kavanagh.,14,14,,000408,Matt DeLuca,,,,,,,,True,,14,14,goal,False,,,,,,False,False,championship_series,True,,62,840,,False,,,True
242,championship-series-1-2024-2-19,shot-1010300,63,2,01:43,857,WAT,Philadelphia Waterdogs,003055,Jack Traynor,003054,Jeff Conner,shot,2_PT,Missed shot(2pt) by Jack Traynor. Save by BOS C. Kirst.,14,14,,002038,Colin Kirst,True,True,messy,,,,,,,14,14,saved,False,,,,,,True,False,championship_series,True,,63,857,,False,,003054,True
242,championship-series-1-2024-2-19,turnover-1011000,64,2,01:07,893,CAN,Boston Cannons,,,,,turnover,,Turnover by BOS,22,23,,,,,,,,,,,,,14,14,,False,,False,,,,,,championship_series,True,,64,893,,False,,,True
242,championship-series-1-2024-2-19,groundball-1011200,65,2,01:05,895,WAT,Philadelphia Waterdogs,001795,Christian Scarpello,,,groundball,,Groundball picked up by C. Scarpello.,22,23,,,,,,,,,,,,,14,14,,False,False,,,,,,,championship_series,True,,65,895,,False,,,True
242,championship-series-1-2024-2-19,shot-1011600,66,2,00:56,904,WAT,Philadelphia Waterdogs,001733,Charlie Hayes,000363,Ryan Conrad,goal,1_PT,GOAL by C. Hayes. Assist R. Conrad.,15,14,,002038,Colin Kirst,,,,,,,,True,,15,14,goal,False,,,,,,False,False,championship_series,True,,66,904,,False,,000363,True
242,championship-series-1-2024-2-19,shot-1012200,67,2,00:35,925,CAN,Boston Cannons,002024,Asher Nolting,,,shot,1_PT,Missed shot by Asher Nolting. Save by PHI M. DeLuca.,15,14,,000408,Matt DeLuca,True,True,messy,,,,,,,15,14,saved,False,,,,,,False,False,championship_series,True,,67,925,,False,,,True
242,championship-series-1-2024-2-19,groundball-1012400,68,2,00:22,938,CAN,Boston Cannons,003013,Matt Campbell,,,groundball,,Groundball picked up by M. Campbell.,22,23,,,,,,,,,,,,,15,14,,False,False,,,,,,,championship_series,True,,68,938,,False,,,True
242,championship-series-1-2024-2-19,shot-1012500,69,2,00:21,939,CAN,Boston Cannons,003013,Matt Campbell,,,shot,1_PT,Missed shot by Matt Campbell.,15,14,,000408,Matt DeLuca,True,False,,,,,,,,15,14,on_goal_no_save,False,,,,,,False,False,championship_series,True,,69,939,,False,,,True
242,championship-series-1-2024-2-19,turnover-1012710,70,2,00:16,944,CAN,Boston Cannons,,,,,turnover,,Turnover by BOS,22,23,,,,,,,,,,,,,15,14,,False,,False,,,,,,championship_series,True,,70,944,,False,,,True
242,championship-series-1-2024-2-19,turnover-1013100,71,2,00:07,953,WAT,Philadelphia Waterdogs,,,,,turnover,,Turnover by PHI,22,23,,,,,,,,,,,,,15,14,,False,,False,,,,,,championship_series,True,,71,953,,False,,,True
242,championship-series-1-2024-2-19,shot-1013300,72,2,00:04,956,CAN,Boston Cannons,000327,Matt Kavanagh,,,shot,2_PT,Missed shot(2pt) by Matt Kavanagh. Save by PHI M. DeLuca.,15,14,,000408,Matt DeLuca,True,True,clean,,,,,,,15,14,saved,False,,,,,,True,False,championship_series,True,,72,956,,False,,,True
242,championship-series-1-2024-2-19,faceoff-2000100,73,3,07:58,962,WAT,Philadelphia Waterdogs,000363,Ryan Conrad,003041,Ethan Rall,faceoff,,Faceoff win R. Conrad (vs. E. Rall). GB PHI R. Conrad.,22,23,000363,,,,,,,,,,,,15,14,,False,,,False,,,,,championship_series,True,,73,962,,False,,,True
242,championship-series-1-2024-2-19,groundball-2000200,74,3,07:58,962,WAT,Philadelphia Waterdogs,000363,Ryan Conrad,,,groundball,,Groundball picked up by R. Conrad.,22,23,,,,,,,,,,,,,15,14,,False,False,,,,,,,championship_series,True,,74,962,,False,,,True
242,championship-series-1-2024-2-19,turnover-2000410,75,3,07:44,976,WAT,Philadelphia Waterdogs,,,,,turnover,,Turnover by PHI,22,23,,,,,,,,,,,,,15,14,,False,,False,,,,,,championship_series,True,,75,976,,False,,,True
242,championship-series-1-2024-2-19,penalty-2001100,76,3,07:26,994,WAT,Philadelphia Waterdogs,001795,Christian Scarpello,,,penalty,,PHI Christian Scarpello 30 sec penalty for Pushing.,22,23,,,,,,,30.0,Pushing,,,,,15,14,,False,,,,False,True,,,championship_series,True,,76,994,,False,,,True
242,championship-series-1-2024-2-19,shot-2002600,77,3,07:08,1012,CAN,Boston Cannons,000358,Ryan Drenner,000327,Matt Kavanagh,goal,MU,PP Goal by R. Drenner. Assist M. Kavanagh.,15,15,,000408,Matt DeLuca,,,,,,,,True,,15,15,goal,False,,,,,,False,True,championship_series,True,,77,1012,,False,,000327,True
242,championship-series-1-2024-2-19,shot-2003200,78,3,06:53,1027,WAT,Philadelphia Waterdogs,000240,Kieran McArdle,000363,Ryan Conrad,shot,1_PT,Missed shot by Kieran McArdle.,15,15,,002038,Colin Kirst,False,False,,,,,,,,15,15,missed,False,,,,,,False,False,championship_series,True,,78,1027,,False,,000363,True
242,championship-series-1-2024-2-19,shot-2003800,79,3,06:30,1050,CAN,Boston Cannons,003013,Matt Campbell,000216,Marcus Holman,shot,2_PT,Missed shot(2pt) by Matt Campbell. Save by PHI M. DeLuca.,15,15,,000408,Matt DeLuca,True,True,clean,,,,,,,15,15,saved,False,,,,,,True,False,championship_series,True,,79,1050,,False,,000216,True
242,championship-series-1-2024-2-19,shot-2004300,80,3,06:22,1058,WAT,Philadelphia Waterdogs,003055,Jack Traynor,000363,Ryan Conrad,goal,1_PT,GOAL by J. Traynor. Assist R. Conrad.,16,15,,002038,Colin Kirst,,,,,,,,True,,16,15,goal,False,,,,,,False,False,championship_series,True,,80,1058,,False,,000363,True
242,championship-series-1-2024-2-19,turnover-2004610,81,3,06:02,1078,CAN,Boston Cannons,,,,,turnover,,Turnover by BOS,22,23,,,,,,,,,,,,,16,15,,False,,False,,,,,,championship_series,True,,81,1078,,False,,,True
242,championship-series-1-2024-2-19,turnover-2005010,82,3,05:28,1112,WAT,Philadelphia Waterdogs,,,,,turnover,,Turnover by PHI,22,23,,,,,,,,,,,,,16,15,,False,,False,,,,,,championship_series,True,,82,1112,,False,,,True
242,championship-series-1-2024-2-19,shot-2005500,83,3,05:07,1133,CAN,Boston Cannons,002024,Asher Nolting,,,goal,1_PT,GOAL by A. Nolting.,16,16,,000408,Matt DeLuca,,,,,,,,True,,16,16,goal,False,,,,,,False,False,championship_series,True,,83,1133,,False,,,True
242,championship-series-1-2024-2-19,shot-2006300,84,3,04:52,1148,WAT,Philadelphia Waterdogs,000240,Kieran McArdle,003054,Jeff Conner,goal,1_PT,GOAL by K. McArdle. Assist J. Conner.,17,16,,002038,Colin Kirst,,,,,,,,True,,17,16,goal,False,,,,,,False,False,championship_series,True,,84,1148,,False,,003054,True
242,championship-series-1-2024-2-19,shot-2006800,85,3,04:35,1165,CAN,Boston Cannons,003013,Matt Campbell,000358,Ryan Drenner,goal,1_PT,GOAL by M. Campbell. Assist R. Drenner.,17,17,,000408,Matt DeLuca,,,,,,,,True,,17,17,goal,False,,,,,,False,False,championship_series,True,,85,1165,,False,,000358,True
242,championship-series-1-2024-2-19,groundball-2007200,86,3,04:16,1184,WAT,Philadelphia Waterdogs,003055,Jack Traynor,,,groundball,,Groundball picked up by J. Traynor.,22,23,,,,,,,,,,,,,17,17,,False,False,,,,,,,championship_series,True,,86,1184,,False,,,True
242,championship-series-1-2024-2-19,shot-2007300,87,3,04:15,1185,WAT,Philadelphia Waterdogs,003055,Jack Traynor,,,shot,1_PT,Missed shot by Jack Traynor.,17,17,,002038,Colin Kirst,False,False,,,,,,,,17,17,missed,False,,,,,,False,False,championship_series,True,,87,1185,,False,,,True
242,championship-series-1-2024-2-19,shot-2007900,88,3,03:49,1211,CAN,Boston Cannons,000216,Marcus Holman,000327,Matt Kavanagh,shot,1_PT,Missed shot by Marcus Holman. Save by PHI M. DeLuca.,17,17,,000408,Matt DeLuca,True,True,messy,,,,,,,17,17,saved,False,,,,,,False,False,championship_series,True,,88,1211,,False,,000327,True
242,championship-series-1-2024-2-19,groundball-2008200,89,3,03:42,1218,WAT,Philadelphia Waterdogs,002036,Jake Higgins,,,groundball,,Groundball picked up by J. Higgins.,22,23,,,,,,,,,,,,,17,17,,False,False,,,,,,,championship_series,True,,89,1218,,False,,,True
242,championship-series-1-2024-2-19,turnover-2008700,90,3,03:24,1236,WAT,Philadelphia Waterdogs,,,,,turnover,,Turnover by PHI,22,23,,,,,,,,,,,,,17,17,,False,,False,,,,,,championship_series,True,,90,1236,,False,,,True
242,championship-series-1-2024-2-19,groundball-2008800,91,3,03:22,1238,CAN,Boston Cannons,002025,Bubba Fairman,,,groundball,,Groundball picked up by B. Fairman.,22,23,,,,,,,,,,,,,17,17,,False,False,,,,,,,championship_series,True,,91,1238,,False,,,True
242,championship-series-1-2024-2-19,shot-2009100,92,3,03:01,1259,CAN,Boston Cannons,002024,Asher Nolting,,,goal,1_PT,GOAL by A. Nolting.,17,18,,000408,Matt DeLuca,,,,,,,,True,,17,18,goal,False,,,,,,False,False,championship_series,True,,92,1259,,False,,,True
242,championship-series-1-2024-2-19,shot-2009500,93,3,02:51,1269,WAT,Philadelphia Waterdogs,000240,Kieran McArdle,001795,Christian Scarpello,goal,1_PT,GOAL by K. McArdle. Assist C. Scarpello.,18,18,,002038,Colin Kirst,,,,,,,,True,,18,18,goal,False,,,,,,False,False,championship_series,True,,93,1269,,False,,001795,True
242,championship-series-1-2024-2-19,shot-2010000,94,3,02:35,1285,CAN,Boston Cannons,000358,Ryan Drenner,,,goal,1_PT,GOAL by R. Drenner.,18,19,,000408,Matt DeLuca,,,,,,,,True,,18,19,goal,False,,,,,,False,False,championship_series,True,,94,1285,,False,,,True
242,championship-series-1-2024-2-19,penalty-2010300,95,3,02:22,1298,CAN,Boston Cannons,001729,Chris Aslanian,,,penalty,,BOS Chris Aslanian 30 sec penalty for Illegal Procedure.,22,23,,,,,,,30.0,Illegal Procedure,,,,,18,19,,False,,,,False,True,,,championship_series,True,,95,1298,,False,,,True
242,championship-series-1-2024-2-19,shot-2010700,96,3,02:18,1302,WAT,Philadelphia Waterdogs,003055,Jack Traynor,000240,Kieran McArdle,shot,1_PT,Missed shot by Jack Traynor. Save by BOS C. Kirst.,18,19,,002038,Colin Kirst,True,True,messy,,,,,,,18,19,saved,False,,,,,,False,False,championship_series,True,,96,1302,,False,,000240,True
242,championship-series-1-2024-2-19,shot-2011600,97,3,01:57,1323,WAT,Philadelphia Waterdogs,000240,Kieran McArdle,001795,Christian Scarpello,shot,1_PT,Missed shot by Kieran McArdle. Save by BOS C. Kirst.,18,19,,002038,Colin Kirst,True,True,messy,,,,,,,18,19,saved,False,,,,,,False,False,championship_series,True,,97,1323,,False,,001795,True
242,championship-series-1-2024-2-19,shot-2012200,98,3,01:44,1336,WAT,Philadelphia Waterdogs,001795,Christian Scarpello,000240,Kieran McArdle,shot,1_PT,Missed shot by Christian Scarpello. Save by BOS C. Kirst.,18,19,,002038,Colin Kirst,True,True,messy,,,,,,,18,19,saved,False,,,,,,False,False,championship_series,True,,98,1336,,False,,000240,True
242,championship-series-1-2024-2-19,shot-2013000,99,3,01:27,1353,CAN,Boston Cannons,000327,Matt Kavanagh,000358,Ryan Drenner,shot,1_PT,Missed shot by Matt Kavanagh. Save by PHI M. DeLuca.,18,19,,000408,Matt DeLuca,True,True,messy,,,,,,,18,19,saved,False,,,,,,False,False,championship_series,True,,99,1353,,False,,000358,True
242,championship-series-1-2024-2-19,shot-2013800,100,3,00:57,1383,WAT,Philadelphia Waterdogs,001818,Jake Carraway,000363,Ryan Conrad,shot,1_PT,Missed shot by Jake Carraway.,18,19,,002038,Colin Kirst,False,False,,,,,,,,18,19,missed,False,,,,,,False,False,championship_series,True,,100,1383,,False,,000363,True
242,championship-series-1-2024-2-19,turnover-2014400,101,3,00:32,1408,CAN,Boston Cannons,,,,,turnover,,Turnover by BOS,22,23,,,,,,,,,,,,,18,19,,False,,False,,,,,,championship_series,True,,101,1408,,False,,,True
242,championship-series-1-2024-2-19,groundball-2014600,102,3,00:29,1411,WAT,Philadelphia Waterdogs,001733,Charlie Hayes,,,groundball,,Groundball picked up by C. Hayes.,22,23,,,,,,,,,,,,,18,19,,False,False,,,,,,,championship_series,True,,102,1411,,False,,,True
242,championship-series-1-2024-2-19,groundball-2015100,103,3,00:02,1438,WAT,Philadelphia Waterdogs,003054,Jeff Conner,,,groundball,,Groundball picked up by J. Conner.,22,23,,,,,,,,,,,,,18,19,,False,False,,,,,,,championship_series,True,,103,1438,,False,,,True
242,championship-series-1-2024-2-19,shotclockexpired-2015200,104,3,00:00,1440,WAT,Philadelphia Waterdogs,,,,,shotclockexpired,,Shot Clock Violation.,22,23,,,,,,,,,,,,,18,19,,False,,,,,,,,championship_series,True,,104,1440,,False,,,True
242,championship-series-1-2024-2-19,turnover-2015210,105,3,00:00,1440,WAT,Philadelphia Waterdogs,,,,,turnover,,Turnover by PHI,22,23,,,,,,,,,,,,,18,19,,False,,False,,,,,,championship_series,True,,105,1440,,False,,,True
242,championship-series-1-2024-2-19,faceoff-3000100,106,4,07:52,1448,CAN,Boston Cannons,003041,Ethan Rall,000363,Ryan Conrad,faceoff,,Faceoff win E. Rall (vs. R. Conrad). GB BOS E. Rall.,22,23,003041,,,,,,,,,,,,18,19,,False,,,False,,,,,championship_series,True,,106,1448,,False,,,True
242,championship-series-1-2024-2-19,groundball-3000200,107,4,07:52,1448,CAN,Boston Cannons,003041,Ethan Rall,,,groundball,,Groundball picked up by E. Rall.,22,23,,,,,,,,,,,,,18,19,,False,False,,,,,,,championship_series,True,,107,1448,,False,,,True
242,championship-series-1-2024-2-19,shot-3000600,108,4,07:31,1469,CAN,Boston Cannons,002024,Asher Nolting,000216,Marcus Holman,shot,1_PT,Missed shot by Asher Nolting.,18,19,,000408,Matt DeLuca,False,False,,,,,,,,18,19,missed,False,,,,,,False,False,championship_series,True,,108,1469,,False,,000216,True
242,championship-series-1-2024-2-19,shotclockexpired-3001400,109,4,06:59,1501,WAT,Philadelphia Waterdogs,,,,,shotclockexpired,,Shot Clock Violation.,22,23,,,,,,,,,,,,,18,19,,False,,,,,,,,championship_series,True,,109,1501,,False,,,True
242,championship-series-1-2024-2-19,turnover-3001410,110,4,06:59,1501,WAT,Philadelphia Waterdogs,,,,,turnover,,Turnover by PHI,22,23,,,,,,,,,,,,,18,19,,False,,False,,,,,,championship_series,True,,110,1501,,False,,,True
242,championship-series-1-2024-2-19,shot-3002200,111,4,06:37,1523,CAN,Boston Cannons,002024,Asher Nolting,000216,Marcus Holman,shot,2_PT,Missed shot(2pt) by Asher Nolting. Save by PHI M. DeLuca.,18,19,,000408,Matt DeLuca,True,True,messy,,,,,,,18,19,saved,False,,,,,,True,False,championship_series,True,,111,1523,,False,,000216,True
242,championship-series-1-2024-2-19,shot-3002800,112,4,06:12,1548,CAN,Boston Cannons,000216,Marcus Holman,,,goal,1_PT,GOAL by M. Holman.,18,20,,000408,Matt DeLuca,,,,,,,,True,,18,20,goal,False,,,,,,False,False,championship_series,True,,112,1548,,False,,,True
242,championship-series-1-2024-2-19,shot-3003100,113,4,06:07,1553,WAT,Philadelphia Waterdogs,000363,Ryan Conrad,000408,Matt DeLuca,shot,2_PT,Missed shot(2pt) by Ryan Conrad.,18,20,,002038,Colin Kirst,False,False,,,,,,,,18,20,missed,False,,,,,,True,False,championship_series,True,,113,1553,,False,,000408,True
242,championship-series-1-2024-2-19,shot-3003700,114,4,05:36,1584,CAN,Boston Cannons,001729,Chris Aslanian,000327,Matt Kavanagh,shot,2_PT,Missed shot(2pt) by Chris Aslanian. Save by PHI M. DeLuca.,18,20,,000408,Matt DeLuca,True,True,messy,,,,,,,18,20,saved,False,,,,,,True,False,championship_series,True,,114,1584,,False,,000327,True
242,championship-series-1-2024-2-19,shot-3004000,115,4,05:24,1596,CAN,Boston Cannons,002024,Asher Nolting,,,shot,1_PT,Missed shot by Asher Nolting. Save by PHI M. DeLuca.,18,20,,000408,Matt DeLuca,True,True,messy,,,,,,,18,20,saved,False,,,,,,False,False,championship_series,True,,115,1596,,False,,,True
242,championship-series-1-2024-2-19,groundball-3004200,116,4,05:21,1599,WAT,Philadelphia Waterdogs,003055,Jack Traynor,,,groundball,,Groundball picked up by J. Traynor.,22,23,,,,,,,,,,,,,18,20,,False,False,,,,,,,championship_series,True,,116,1599,,False,,,True
242,championship-series-1-2024-2-19,shot-3004700,117,4,05:04,1616,WAT,Philadelphia Waterdogs,001818,Jake Carraway,,,goal,1_PT,GOAL by J. Carraway.,19,20,,002038,Colin Kirst,,,,,,,,True,,19,20,goal,False,,,,,,False,False,championship_series,True,,117,1616,,False,,,True
242,championship-series-1-2024-2-19,shot-3005100,118,4,04:51,1629,CAN,Boston Cannons,003013,Matt Campbell,002025,Bubba Fairman,shot,1_PT,Missed shot by Matt Campbell. Save by PHI M. DeLuca.,19,20,,000408,Matt DeLuca,True,True,messy,,,,,,,19,20,saved,False,,,,,,False,False,championship_series,True,,118,1629,,False,,002025,True
242,championship-series-1-2024-2-19,groundball-3005300,119,4,04:48,1632,WAT,Philadelphia Waterdogs,000363,Ryan Conrad,,,groundball,,Groundball picked up by R. Conrad.,22,23,,,,,,,,,,,,,19,20,,False,False,,,,,,,championship_series,True,,119,1632,,False,,,True
242,championship-series-1-2024-2-19,shot-3005700,120,4,04:36,1644,WAT,Philadelphia Waterdogs,001795,Christian Scarpello,,,goal,1_PT,GOAL by C. Scarpello.,20,20,,002038,Colin Kirst,,,,,,,,True,,20,20,goal,False,,,,,,False,False,championship_series,True,,120,1644,,False,,,True
242,championship-series-1-2024-2-19,shot-3006100,121,4,04:21,1659,CAN,Boston Cannons,000358,Ryan Drenner,002025,Bubba Fairman,shot,1_PT,Missed shot by Ryan Drenner. Save by PHI M. DeLuca.,20,20,,000408,Matt DeLuca,True,True,messy,,,,,,,20,20,saved,False,,,,,,False,False,championship_series,True,,121,1659,,False,,002025,True
242,championship-series-1-2024-2-19,groundball-3006300,122,4,04:17,1663,WAT,Philadelphia Waterdogs,001733,Charlie Hayes,,,groundball,,Groundball picked up by C. Hayes.,22,23,,,,,,,,,,,,,20,20,,False,False,,,,,,,championship_series,True,,122,1663,,False,,,True
242,championship-series-1-2024-2-19,shot-3006900,123,4,03:52,1688,WAT,Philadelphia Waterdogs,003052,Kyle Borda,000240,Kieran McArdle,shot,1_PT,Missed shot by Kyle Borda. Save by BOS C. Kirst.,20,20,,002038,Colin Kirst,True,True,messy,,,,,,,20,20,saved,False,,,,,,False,False,championship_series,True,,123,1688,,False,,000240,True
242,championship-series-1-2024-2-19,groundball-3007100,124,4,03:50,1690,WAT,Philadelphia Waterdogs,003055,Jack Traynor,,,groundball,,Groundball picked up by J. Traynor.,22,23,,,,,,,,,,,,,20,20,,False,False,,,,,,,championship_series,True,,124,1690,,False,,,True
242,championship-series-1-2024-2-19,shot-3007300,125,4,03:47,1693,WAT,Philadelphia Waterdogs,003052,Kyle Borda,003055,Jack Traynor,goal,2_PT,2PT G by K. Borda. Assist J. Traynor.,22,20,,002038,Colin Kirst,,,,,,,,True,,22,20,goal,False,,,,,,True,False,championship_series,True,,125,1693,,False,,003055,True
242,championship-series-1-2024-2-19,shot-3007700,126,4,03:23,1717,CAN,Boston Cannons,003013,Matt Campbell,002025,Bubba Fairman,shot,1_PT,Missed shot by Matt Campbell. Save by PHI M. DeLuca.,22,20,,000408,Matt DeLuca,True,True,messy,,,,,,,22,20,saved,False,,,,,,False,False,championship_series,True,,126,1717,,False,,002025,True
242,championship-series-1-2024-2-19,turnover-3008510,127,4,02:58,1742,CAN,Boston Cannons,,,,,turnover,,Turnover by BOS,22,23,,,,,,,,,,,,,22,20,,False,,False,,,,,,championship_series,True,,127,1742,,False,,,True
242,championship-series-1-2024-2-19,shotclockexpired-3009400,128,4,02:14,1786,WAT,Philadelphia Waterdogs,,,,,shotclockexpired,,Shot Clock Violation.,22,23,,,,,,,,,,,,,22,20,,False,,,,,,,,championship_series,True,,128,1786,,False,,,True
242,championship-series-1-2024-2-19,turnover-3009410,129,4,02:14,1786,WAT,Philadelphia Waterdogs,,,,,turnover,,Turnover by PHI,22,23,,,,,,,,,,,,,22,20,,False,,False,,,,,,championship_series,True,,129,1786,,False,,,True
242,championship-series-1-2024-2-19,groundball-3009600,130,4,02:13,1787,CAN,Boston Cannons,000327,Matt Kavanagh,,,groundball,,Groundball picked up by M. Kavanagh.,22,23,,,,,,,,,,,,,22,20,,False,False,,,,,,,championship_series,True,,130,1787,,False,,,True
242,championship-series-1-2024-2-19,shot-3009900,131,4,02:09,1791,CAN,Boston Cannons,000358,Ryan Drenner,002024,Asher Nolting,goal,1_PT,GOAL by R. Drenner. Assist A. Nolting.,22,21,,000408,Matt DeLuca,,,,,,,,True,,22,21,goal,False,,,,,,False,False,championship_series,True,,131,1791,,False,,002024,True
242,championship-series-1-2024-2-19,shot-3010600,132,4,01:33,1827,WAT,Philadelphia Waterdogs,000363,Ryan Conrad,001795,Christian Scarpello,shot,1_PT,Missed shot by Ryan Conrad. Save by BOS C. Kirst.,22,21,,002038,Colin Kirst,True,True,messy,,,,,,,22,21,saved,False,,,,,,False,False,championship_series,True,,132,1827,,False,,001795,True
242,championship-series-1-2024-2-19,shot-3010900,133,4,01:02,1858,WAT,Philadelphia Waterdogs,000363,Ryan Conrad,,,shot,1_PT,Missed shot by Ryan Conrad. Save by BOS C. Kirst.,22,21,,002038,Colin Kirst,True,True,clean,,,,,,,22,21,saved,False,,,,,,False,False,championship_series,True,,133,1858,,False,,,True
242,championship-series-1-2024-2-19,shot-3011400,134,4,00:41,1879,CAN,Boston Cannons,002024,Asher Nolting,,,goal,1_PT,GOAL by A. Nolting.,22,22,,000408,Matt DeLuca,,,,,,,,True,,22,22,goal,False,,,,,,False,False,championship_series,True,,134,1879,,False,,,True
242,championship-series-1-2024-2-19,shot-3012000,135,4,00:11,1909,WAT,Philadelphia Waterdogs,000240,Kieran McArdle,000363,Ryan Conrad,shot,1_PT,Missed shot by Kieran McArdle. Save by BOS C. Kirst.,22,22,,002038,Colin Kirst,True,True,clean,,,,,,,22,22,saved,False,,,,,,False,False,championship_series,True,,135,1909,,False,,000363,True
242,championship-series-1-2024-2-19,shot-3012400,136,4,00:00,1920,CAN,Boston Cannons,001760,Pat Aslanian,002038,Colin Kirst,shot,2_PT,Missed shot(2pt) by Pat Aslanian.,22,22,,000408,Matt DeLuca,False,False,,,,,,,,22,22,missed,False,,,,,,True,False,championship_series,True,,136,1920,,False,,002038,True
242,championship-series-1-2024-2-19,faceoff-4000100,137,5,03:55,2165,WAT,Philadelphia Waterdogs,000363,Ryan Conrad,003041,Ethan Rall,faceoff,,Faceoff win R. Conrad (vs. E. Rall). GB PHI J. Higgins.,22,23,002036,,,,,,,,,,,,22,22,,False,,,False,,,,,championship_series,True,,137,2165,,False,,,True
242,championship-series-1-2024-2-19,groundball-4000200,138,5,03:55,2165,WAT,Philadelphia Waterdogs,002036,Jake Higgins,,,groundball,,Groundball picked up by J. Higgins.,22,23,,,,,,,,,,,,,22,22,,False,False,,,,,,,championship_series,True,,138,2165,,False,,,True
242,championship-series-1-2024-2-19,turnover-4000610,139,5,03:32,2188,WAT,Philadelphia Waterdogs,,,,,turnover,,Turnover by PHI,22,23,,,,,,,,,,,,,22,22,,False,,False,,,,,,championship_series,True,,139,2188,,False,,,True
242,championship-series-1-2024-2-19,shot-4001100,140,5,03:09,2211,CAN,Boston Cannons,002024,Asher Nolting,000216,Marcus Holman,shot,1_PT,Missed shot by Asher Nolting. Save by PHI M. DeLuca.,22,22,,000408,Matt DeLuca,True,True,messy,,,,,,,22,22,saved,False,,,,,,False,False,championship_series,True,,140,2211,,False,,000216,True
242,championship-series-1-2024-2-19,groundball-4001300,141,5,03:06,2214,CAN,Boston Cannons,000216,Marcus Holman,,,groundball,,Groundball picked up by M. Holman.,22,23,,,,,,,,,,,,,22,22,,False,False,,,,,,,championship_series,True,,141,2214,,False,,,True
242,championship-series-1-2024-2-19,shot-4001400,142,5,03:05,2215,CAN,Boston Cannons,000216,Marcus Holman,,,shot,1_PT,Missed shot by Marcus Holman. Save by PHI M. DeLuca.,22,22,,000408,Matt DeLuca,True,True,clean,,,,,,,22,22,saved,False,,,,,,False,False,championship_series,True,,142,2215,,False,,,True
242,championship-series-1-2024-2-19,shot-4001900,143,5,02:48,2232,WAT,Philadelphia Waterdogs,001818,Jake Carraway,000363,Ryan Conrad,shot,2_PT,Missed shot(2pt) by Jake Carraway. Save by BOS C. Kirst.,22,22,,002038,Colin Kirst,True,True,clean,,,,,,,22,22,saved,False,,,,,,True,False,championship_series,True,,143,2232,,False,,000363,True
242,championship-series-1-2024-2-19,shot-4002400,144,5,02:32,2248,CAN,Boston Cannons,003013,Matt Campbell,002025,Bubba Fairman,shot,1_PT,Missed shot by Matt Campbell. Save by PHI M. DeLuca.,22,22,,000408,Matt DeLuca,True,True,messy,,,,,,,22,22,saved,False,,,,,,False,False,championship_series,True,,144,2248,,False,,002025,True
242,championship-series-1-2024-2-19,groundball-4002600,145,5,02:29,2251,CAN,Boston Cannons,000216,Marcus Holman,,,groundball,,Groundball picked up by M. Holman.,22,23,,,,,,,,,,,,,22,22,,False,False,,,,,,,championship_series,True,,145,2251,,False,,,True
242,championship-series-1-2024-2-19,shot-4002800,146,5,02:26,2254,CAN,Boston Cannons,000327,Matt Kavanagh,000216,Marcus Holman,goal,1_PT,GOAL by M. Kavanagh. Assist M. Holman.,22,23,,000408,Matt DeLuca,,,,,,,,True,,22,23,goal,False,,,,,,False,False,championship_series,True,,146,2254,,False,,000216,True
242,championship-series-1-2024-2-19,gameEnd,147,5,02:26,2254,,,,,,,gameEnd,,Game End,22,23,,,,,,,,,1.0,0.0,,,22,23,,False,,,,,,,,championship_series,True,,147,2254,,False,,,True
