player_id,player_name,team_id,canonical_position,position_group,value_role,games_played,recorded_opportunities,team_recorded_offensive_opportunities,play_share,offensive_play_share_season,event_log_play_shares,event_log_play_share,offensive_EPA_points_raw,EPA_points_raw,EPA_per_opportunity,EPA_per_opportunity_null_se,expected_EPA_given_usage,EPA_vs_usage_expectation,EPA_vs_usage_expectation_se,EPA_vs_usage_expectation_z,offensive_EPA_null_z,EPA_vs_usage_expectation_ci_lo,EPA_vs_usage_expectation_ci_hi,uaEPA_per_event_log_play_share,usage_model_population,usage_model_form,usage_definition,method,uncertainty
000211,Ian MacKay,CHA,short_stick_defensive_midfield,defensive_field,defensive_field,11,31.0,560.0,0.055357142857142855,0.05040650406504065,60.0,0.03502626970227671,-1.2669268611663298,-3.791638836015953,-0.040868608424720315,0.08209469544473165,0.012048181095557772,-1.2789750422618877,2.544935558786681,-0.5025569460279967,-0.49782276678563425,-6.267048737483783,3.7090986529600074,-0.06319398060026589,field players (value_role offensive_field or defensive_field) with at least one recorded offensive opportunity,"constant in offensive_play_share, selected by 5-fold CV MSE",offensive_play_share = (shots + turnovers) / same summed over the player's team in the games he played,"EPA_vs_usage_expectation = offensive_EPA_points_raw - E[offensive EPA | play share], model selected by 5-fold cross-validated MSE from {constant, linear, quadratic}","null sd = sqrt of the closed-form sampling variance of the component at this player's own opportunity counts, under league-average conversion"
000216,Marcus Holman,CAN,attack,attack,offensive_field,11,99.0,603.0,0.16417910447761194,0.16417910447761194,130.0,0.0705371676614216,6.365537189195644,6.493947267379874,0.06429835544642064,0.046400476560372356,0.012048181095557772,6.353489008100086,4.593647179476863,1.3831033947242848,1.385726186729162,-2.650059463674566,15.357037479874737,0.049953440518306726,field players (value_role offensive_field or defensive_field) with at least one recorded offensive opportunity,"constant in offensive_play_share, selected by 5-fold CV MSE",offensive_play_share = (shots + turnovers) / same summed over the player's team in the games he played,"EPA_vs_usage_expectation = offensive_EPA_points_raw - E[offensive EPA | play share], model selected by 5-fold cross-validated MSE from {constant, linear, quadratic}","null sd = sqrt of the closed-form sampling variance of the component at this player's own opportunity counts, under league-average conversion"
000221,Ryan Ambler,ARC,midfield,midfield,offensive_field,12,50.0,670.0,0.07462686567164178,0.07462686567164178,51.0,0.02430886558627264,-1.5754447033519243,-1.6896853935985847,-0.03150889406703849,0.05246669232158053,0.012048181095557772,-1.587492884447482,2.6233346160790263,-0.6051431162145194,-0.6005504191861984,-6.729228731962374,3.5542429630674097,-0.03313108614899186,field players (value_role offensive_field or defensive_field) with at least one recorded offensive opportunity,"constant in offensive_play_share, selected by 5-fold CV MSE",offensive_play_share = (shots + turnovers) / same summed over the player's team in the games he played,"EPA_vs_usage_expectation = offensive_EPA_points_raw - E[offensive EPA | play share], model selected by 5-fold cross-validated MSE from {constant, linear, quadratic}","null sd = sqrt of the closed-form sampling variance of the component at this player's own opportunity counts, under league-average conversion"
000225,Tom Schreiber,ARC,midfield,midfield,offensive_field,9,65.0,517.0,0.12572533849129594,0.09701492537313433,95.0,0.058569667077681874,-2.30048996785911,-2.1171735114167944,-0.03539215335167861,0.05896230025072384,0.012048181095557772,-2.3125381489546677,3.8325495162970498,-0.6033941998977762,-0.6002505533397017,-9.824335200896885,5.19925890298755,-0.022286036962282048,field players (value_role offensive_field or defensive_field) with at least one recorded offensive opportunity,"constant in offensive_play_share, selected by 5-fold CV MSE",offensive_play_share = (shots + turnovers) / same summed over the player's team in the games he played,"EPA_vs_usage_expectation = offensive_EPA_points_raw - E[offensive EPA | play share], model selected by 5-fold cross-validated MSE from {constant, linear, quadratic}","null sd = sqrt of the closed-form sampling variance of the component at this player's own opportunity counts, under league-average conversion"
000234,Eric Law,OUT,attack,attack,offensive_field,7,39.0,367.0,0.10626702997275204,0.065,40.0,0.03577817531305903,3.1602912510679952,2.9681189271646984,0.08103310900174347,0.061073996997230484,0.012048181095557772,3.1482430699724375,2.381885882891989,1.3217438721917143,1.3268021250585265,-1.5202532604958607,7.816739400440736,0.07420297317911746,field players (value_role offensive_field or defensive_field) with at least one recorded offensive opportunity,"constant in offensive_play_share, selected by 5-fold CV MSE",offensive_play_share = (shots + turnovers) / same summed over the player's team in the games he played,"EPA_vs_usage_expectation = offensive_EPA_points_raw - E[offensive EPA | play share], model selected by 5-fold cross-validated MSE from {constant, linear, quadratic}","null sd = sqrt of the closed-form sampling variance of the component at this player's own opportunity counts, under league-average conversion"
000235,Jake Richard,WAT,short_stick_defensive_midfield,defensive_field,defensive_field,9,4.0,511.0,0.007827788649706457,0.007054673721340388,35.0,0.023240371845949535,-0.4837350948721764,-2.7579503161480887,-0.1209337737180441,0.21202453274939895,0.012048181095557772,-0.4957832759677342,0.8480981309975958,-0.5845824414028093,-0.5703763246160811,-2.1580556127230217,1.1664890607875535,-0.07879858046137396,field players (value_role offensive_field or defensive_field) with at least one recorded offensive opportunity,"constant in offensive_play_share, selected by 5-fold CV MSE",offensive_play_share = (shots + turnovers) / same summed over the player's team in the games he played,"EPA_vs_usage_expectation = offensive_EPA_points_raw - E[offensive EPA | play share], model selected by 5-fold cross-validated MSE from {constant, linear, quadratic}","null sd = sqrt of the closed-form sampling variance of the component at this player's own opportunity counts, under league-average conversion"
000240,Kieran McArdle,WAT,attack,attack,offensive_field,10,100.0,567.0,0.1763668430335097,0.1763668430335097,131.0,0.0778371954842543,-0.4577269688235872,-0.08666612220846542,-0.004577269688235872,0.0413728348338934,0.012048181095557772,-0.469775149919145,4.13728348338934,-0.11354676366877726,-0.11063466418515966,-8.578850777362252,7.639300477523961,-0.0006615734519730185,field players (value_role offensive_field or defensive_field) with at least one recorded offensive opportunity,"constant in offensive_play_share, selected by 5-fold CV MSE",offensive_play_share = (shots + turnovers) / same summed over the player's team in the games he played,"EPA_vs_usage_expectation = offensive_EPA_points_raw - E[offensive EPA | play share], model selected by 5-fold cross-validated MSE from {constant, linear, quadratic}","null sd = sqrt of the closed-form sampling variance of the component at this player's own opportunity counts, under league-average conversion"
000254,Trevor Baptiste,ATL,faceoff,faceoff,faceoff,11,25.0,640.0,0.0390625,0.0390625,546.0,0.25312934631432543,4.783692226178255,14.64474454345574,0.1913476890471302,0.08236581567154351,,,2.059145391788588,,2.3231444682121776,,,0.02682187645321564,outside the fitted population; no offensive-usage expectation is defined,not_applicable,offensive_play_share = (shots + turnovers) / same summed over the player's team in the games he played,"EPA_vs_usage_expectation = offensive_EPA_points_raw - E[offensive EPA | play share], model selected by 5-fold cross-validated MSE from {constant, linear, quadratic}","null sd = sqrt of the closed-form sampling variance of the component at this player's own opportunity counts, under league-average conversion"
000258,Blaze Riorden,CHA,goalie,goalie,goalie,10,6.0,526.0,0.011406844106463879,0.00975609756097561,387.0,0.2496774193548387,0.25627860742882536,16.705972776209396,0.04271310123813756,0.19595484719709913,,,1.1757290831825948,,0.2179742009401535,,,0.043167888310618595,outside the fitted population; no offensive-usage expectation is defined,not_applicable,offensive_play_share = (shots + turnovers) / same summed over the player's team in the games he played,"EPA_vs_usage_expectation = offensive_EPA_points_raw - E[offensive EPA | play share], model selected by 5-fold cross-validated MSE from {constant, linear, quadratic}","null sd = sqrt of the closed-form sampling variance of the component at this player's own opportunity counts, under league-average conversion"
000262,Connor Fields,ARC,attack,attack,offensive_field,12,102.0,670.0,0.15223880597014924,0.15223880597014924,125.0,0.05958055290753098,3.060592763132873,3.1615496521880613,0.03000581140326346,0.04080197472923515,0.012048181095557772,3.0485445820373154,4.161801422381985,0.7325060166596072,0.7354009604286115,-5.108586205831374,11.205675369906006,0.02529239721750449,field players (value_role offensive_field or defensive_field) with at least one recorded offensive opportunity,"constant in offensive_play_share, selected by 5-fold CV MSE",offensive_play_share = (shots + turnovers) / same summed over the player's team in the games he played,"EPA_vs_usage_expectation = offensive_EPA_points_raw - E[offensive EPA | play share], model selected by 5-fold cross-validated MSE from {constant, linear, quadratic}","null sd = sqrt of the closed-form sampling variance of the component at this player's own opportunity counts, under league-average conversion"
000269,Jarrod Neumann,CHA,defense,defensive_field,defensive_field,12,6.0,615.0,0.00975609756097561,0.00975609756097561,30.0,0.016216216216216217,-1.092404203134629,-1.3402900223304295,-0.18206736718910485,0.27241290425697773,0.012048181095557772,-1.1044523842301865,1.6344774255418664,-0.6757220179189906,-0.668350743830232,-4.3080281382922445,2.0991233698318714,-0.044676334077680985,field players (value_role offensive_field or defensive_field) with at least one recorded offensive opportunity,"constant in offensive_play_share, selected by 5-fold CV MSE",offensive_play_share = (shots + turnovers) / same summed over the player's team in the games he played,"EPA_vs_usage_expectation = offensive_EPA_points_raw - E[offensive EPA | play share], model selected by 5-fold cross-validated MSE from {constant, linear, quadratic}","null sd = sqrt of the closed-form sampling variance of the component at this player's own opportunity counts, under league-average conversion"
000272,Josh Byrne,CHA,attack,attack,offensive_field,11,84.0,555.0,0.15135135135135136,0.13658536585365855,123.0,0.07273802483737433,-4.683995625792296,-4.555585547608065,-0.05576185268800352,0.04364201063836236,0.012048181095557772,-4.696043806887854,3.665928893622438,-1.2809969705243034,-1.2777104416675875,-11.88126443838783,2.489176824612124,-0.03703728087486232,field players (value_role offensive_field or defensive_field) with at least one recorded offensive opportunity,"constant in offensive_play_share, selected by 5-fold CV MSE",offensive_play_share = (shots + turnovers) / same summed over the player's team in the games he played,"EPA_vs_usage_expectation = offensive_EPA_points_raw - E[offensive EPA | play share], model selected by 5-fold cross-validated MSE from {constant, linear, quadratic}","null sd = sqrt of the closed-form sampling variance of the component at this player's own opportunity counts, under league-average conversion"
000275,Mark Glicini,CHA,short_stick_defensive_midfield,defensive_field,defensive_field,1,0.0,55.0,0.0,0.0,1.0,0.0072992700729927005,0.04126703315862273,0.11027553960140965,,,,,0.0919501149225818,,0.44879805961491037,,,0.11027553960140965,outside the fitted population; no offensive-usage expectation is defined,not_applicable,offensive_play_share = (shots + turnovers) / same summed over the player's team in the games he played,"EPA_vs_usage_expectation = offensive_EPA_points_raw - E[offensive EPA | play share], model selected by 5-fold cross-validated MSE from {constant, linear, quadratic}","null sd = sqrt of the closed-form sampling variance of the component at this player's own opportunity counts, under league-average conversion"
000278,Myles Jones,ATL,midfield,midfield,offensive_field,11,56.0,640.0,0.0875,0.0875,78.0,0.03616133518776078,0.655505497847251,0.35352041742778434,0.011705455318700911,0.055127808594323195,0.012048181095557772,0.6434573167516933,3.087157281282099,0.20843036428790726,0.2123330423822848,-5.4073709545612205,6.694285588064607,0.004532313043945953,field players (value_role offensive_field or defensive_field) with at least one recorded offensive opportunity,"constant in offensive_play_share, selected by 5-fold CV MSE",offensive_play_share = (shots + turnovers) / same summed over the player's team in the games he played,"EPA_vs_usage_expectation = offensive_EPA_points_raw - E[offensive EPA | play share], model selected by 5-fold cross-validated MSE from {constant, linear, quadratic}","null sd = sqrt of the closed-form sampling variance of the component at this player's own opportunity counts, under league-average conversion"
000279,Patrick Resch,CHA,short_stick_defensive_midfield,defensive_field,defensive_field,12,7.0,615.0,0.011382113821138212,0.011382113821138212,29.0,0.015675675675675675,0.35555980683609467,-0.32272117096340325,0.0507942581194421,0.12925332013296628,0.012048181095557772,0.34351162574053673,0.904773240930764,0.37966598723361594,0.39298223107297137,-1.4298439264837604,2.116867177964834,-0.011128316240117354,field players (value_role offensive_field or defensive_field) with at least one recorded offensive opportunity,"constant in offensive_play_share, selected by 5-fold CV MSE",offensive_play_share = (shots + turnovers) / same summed over the player's team in the games he played,"EPA_vs_usage_expectation = offensive_EPA_points_raw - E[offensive EPA | play share], model selected by 5-fold cross-validated MSE from {constant, linear, quadratic}","null sd = sqrt of the closed-form sampling variance of the component at this player's own opportunity counts, under league-average conversion"
000281,Troy Reh,CHA,long_stick_midfield,defensive_field,defensive_field,12,6.0,615.0,0.00975609756097561,0.00975609756097561,44.0,0.023783783783783784,-0.7711180837026566,0.05698399361078632,-0.12851968061710942,0.22967562736062974,0.012048181095557772,-0.7831662647982143,1.3780537641637784,-0.5683132873073715,-0.5595703910511658,-3.48415164255922,1.9178191129627915,0.0012950907638815074,field players (value_role offensive_field or defensive_field) with at least one recorded offensive opportunity,"constant in offensive_play_share, selected by 5-fold CV MSE",offensive_play_share = (shots + turnovers) / same summed over the player's team in the games he played,"EPA_vs_usage_expectation = offensive_EPA_points_raw - E[offensive EPA | play share], model selected by 5-fold cross-validated MSE from {constant, linear, quadratic}","null sd = sqrt of the closed-form sampling variance of the component at this player's own opportunity counts, under league-average conversion"
000302,Michael Manley,OUT,defense,defensive_field,defensive_field,11,11.0,600.0,0.018333333333333333,0.018333333333333333,39.0,0.021487603305785124,-2.0683785725060275,-1.3092850016353714,-0.18803441568236615,0.15233359346869338,0.012048181095557772,-2.0804267536015852,1.675669528155627,-1.241549552966727,-1.2343594830316253,-5.364739028786614,1.2038855215834436,-0.03357141029834286,field players (value_role offensive_field or defensive_field) with at least one recorded offensive opportunity,"constant in offensive_play_share, selected by 5-fold CV MSE",offensive_play_share = (shots + turnovers) / same summed over the player's team in the games he played,"EPA_vs_usage_expectation = offensive_EPA_points_raw - E[offensive EPA | play share], model selected by 5-fold cross-validated MSE from {constant, linear, quadratic}","null sd = sqrt of the closed-form sampling variance of the component at this player's own opportunity counts, under league-average conversion"
000305,Romar Dennis,RED,midfield,midfield,offensive_field,9,49.0,481.0,0.10187110187110188,0.09040590405904059,50.0,0.0328515111695138,3.3226823481967362,3.9363939632427494,0.06780984384074971,0.08250129410299233,0.012048181095557772,3.3106341671011785,4.042563411046624,0.8189442763110677,0.8219246083109654,-4.612790118550204,11.23405845275256,0.07872787926485499,field players (value_role offensive_field or defensive_field) with at least one recorded offensive opportunity,"constant in offensive_play_share, selected by 5-fold CV MSE",offensive_play_share = (shots + turnovers) / same summed over the player's team in the games he played,"EPA_vs_usage_expectation = offensive_EPA_points_raw - E[offensive EPA | play share], model selected by 5-fold cross-validated MSE from {constant, linear, quadratic}","null sd = sqrt of the closed-form sampling variance of the component at this player's own opportunity counts, under league-average conversion"
000308,Will Haus,OUT,short_stick_defensive_midfield,defensive_field,defensive_field,11,4.0,600.0,0.006666666666666667,0.006666666666666667,17.0,0.009366391184573003,-0.3774576223875917,-1.5691027292817112,-0.09436440559689792,0.1398731459731751,0.012048181095557772,-0.3895058034831494,0.5594925838927004,-0.6961768836561538,-0.6746427624856249,-1.486111267912842,0.7070996609465434,-0.09230016054598301,field players (value_role offensive_field or defensive_field) with at least one recorded offensive opportunity,"constant in offensive_play_share, selected by 5-fold CV MSE",offensive_play_share = (shots + turnovers) / same summed over the player's team in the games he played,"EPA_vs_usage_expectation = offensive_EPA_points_raw - E[offensive EPA | play share], model selected by 5-fold cross-validated MSE from {constant, linear, quadratic}","null sd = sqrt of the closed-form sampling variance of the component at this player's own opportunity counts, under league-average conversion"
000315,Garrett Epple,CAN,defense,defensive_field,defensive_field,11,5.0,603.0,0.008291873963515755,0.008291873963515755,30.0,0.016277807921866522,-0.09740663761528381,2.59846514697201,-0.019481327523056764,0.17048759821183151,0.012048181095557772,-0.10945481871084156,0.8524379910591575,-0.12840208890132115,-0.11426829709250251,-1.7802332811867903,1.5613236437651072,0.08661550489906701,field players (value_role offensive_field or defensive_field) with at least one recorded offensive opportunity,"constant in offensive_play_share, selected by 5-fold CV MSE",offensive_play_share = (shots + turnovers) / same summed over the player's team in the games he played,"EPA_vs_usage_expectation = offensive_EPA_points_raw - E[offensive EPA | play share], model selected by 5-fold cross-validated MSE from {constant, linear, quadratic}","null sd = sqrt of the closed-form sampling variance of the component at this player's own opportunity counts, under league-average conversion"
000318,Jack Kelly,RED,goalie,goalie,goalie,10,4.0,542.0,0.007380073800738007,0.007380073800738007,423.0,0.2449334105385061,-0.1497084613710981,-10.060919072480576,-0.03742711534277453,0.20551404465219833,,,0.8220561786087933,,-0.1821146355525935,,,-0.023784678658346516,outside the fitted population; no offensive-usage expectation is defined,not_applicable,offensive_play_share = (shots + turnovers) / same summed over the player's team in the games he played,"EPA_vs_usage_expectation = offensive_EPA_points_raw - E[offensive EPA | play share], model selected by 5-fold cross-validated MSE from {constant, linear, quadratic}","null sd = sqrt of the closed-form sampling variance of the component at this player's own opportunity counts, under league-average conversion"
000327,Matt Kavanagh,CAN,attack,attack,offensive_field,6,38.0,325.0,0.11692307692307692,0.06301824212271974,49.0,0.047992164544564155,-2.342871757727397,-2.077195733897954,-0.061654519940194656,0.06859000785270242,0.012048181095557772,-2.3549199388229547,2.606420298402692,-0.9035073661243869,-0.898884864871254,-7.463503723692231,2.753663846046321,-0.04239174967138682,field players (value_role offensive_field or defensive_field) with at least one recorded offensive opportunity,"constant in offensive_play_share, selected by 5-fold CV MSE",offensive_play_share = (shots + turnovers) / same summed over the player's team in the games he played,"EPA_vs_usage_expectation = offensive_EPA_points_raw - E[offensive EPA | play share], model selected by 5-fold cross-validated MSE from {constant, linear, quadratic}","null sd = sqrt of the closed-form sampling variance of the component at this player's own opportunity counts, under league-average conversion"
000333,Sergio Perkovic,CHA,midfield,midfield,offensive_field,8,25.0,404.0,0.06188118811881188,0.04065040650406504,25.0,0.02,1.573891448984392,1.5694635152539014,0.06295565795937569,0.11473553239384411,0.012048181095557772,1.5618432678888343,2.868388309846103,0.5445020336080757,0.5487023648722218,-4.060197819409527,7.183884355187196,0.06277854061015606,field players (value_role offensive_field or defensive_field) with at least one recorded offensive opportunity,"constant in offensive_play_share, selected by 5-fold CV MSE",offensive_play_share = (shots + turnovers) / same summed over the player's team in the games he played,"EPA_vs_usage_expectation = offensive_EPA_points_raw - E[offensive EPA | play share], model selected by 5-fold cross-validated MSE from {constant, linear, quadratic}","null sd = sqrt of the closed-form sampling variance of the component at this player's own opportunity counts, under league-average conversion"
000337,Bryce Young,CAN,defense,defensive_field,defensive_field,11,3.0,603.0,0.004975124378109453,0.004975124378109453,19.0,0.010309278350515464,0.07658034237035166,1.4812666511465538,0.02552678079011722,0.128218309318231,0.012048181095557772,0.06453216127479383,0.38465492795469297,0.16776637080389836,0.1990884213483202,-0.6893914975164044,0.8184558200659919,0.07796140269192388,field players (value_role offensive_field or defensive_field) with at least one recorded offensive opportunity,"constant in offensive_play_share, selected by 5-fold CV MSE",offensive_play_share = (shots + turnovers) / same summed over the player's team in the games he played,"EPA_vs_usage_expectation = offensive_EPA_points_raw - E[offensive EPA | play share], model selected by 5-fold cross-validated MSE from {constant, linear, quadratic}","null sd = sqrt of the closed-form sampling variance of the component at this player's own opportunity counts, under league-average conversion"
000339,Connor Kelly,WAT,midfield,midfield,offensive_field,9,62.0,507.0,0.1222879684418146,0.10934744268077601,77.0,0.05116279069767442,-2.795777744161983,-3.0428564463233645,-0.04509318942196747,0.06708728569657273,0.012048181095557772,-2.8078259252575406,4.1594117131875095,-0.6750536178842947,-0.6721570108815884,-10.960272883105059,5.344621032589977,-0.03951761618601772,field players (value_role offensive_field or defensive_field) with at least one recorded offensive opportunity,"constant in offensive_play_share, selected by 5-fold CV MSE",offensive_play_share = (shots + turnovers) / same summed over the player's team in the games he played,"EPA_vs_usage_expectation = offensive_EPA_points_raw - E[offensive EPA | play share], model selected by 5-fold cross-validated MSE from {constant, linear, quadratic}","null sd = sqrt of the closed-form sampling variance of the component at this player's own opportunity counts, under league-average conversion"
000345,Jake Bernhardt,WHP,short_stick_defensive_midfield,defensive_field,defensive_field,12,13.0,713.0,0.0182328190743338,0.016861219195849545,36.0,0.01646090534979424,0.37427111365569504,-1.314667556434291,0.028790085665822696,0.13094374668671938,0.012048181095557772,0.3622229325601373,1.7022687069273519,0.21278834010522404,0.21986606000134143,-2.9742237330174723,3.6986695981377467,-0.036518543234285855,field players (value_role offensive_field or defensive_field) with at least one recorded offensive opportunity,"constant in offensive_play_share, selected by 5-fold CV MSE",offensive_play_share = (shots + turnovers) / same summed over the player's team in the games he played,"EPA_vs_usage_expectation = offensive_EPA_points_raw - E[offensive EPA | play share], model selected by 5-fold cross-validated MSE from {constant, linear, quadratic}","null sd = sqrt of the closed-form sampling variance of the component at this player's own opportunity counts, under league-average conversion"
000350,Joseph Nardella,WHP,faceoff,faceoff,faceoff,12,24.0,724.0,0.03314917127071823,0.0311284046692607,553.0,0.2476489028213166,2.249430726291054,12.912666904481423,0.09372628026212725,0.06986608881079824,,,1.6767861314591577,,1.3415131984265487,,,0.023350211400508903,outside the fitted population; no offensive-usage expectation is defined,not_applicable,offensive_play_share = (shots + turnovers) / same summed over the player's team in the games he played,"EPA_vs_usage_expectation = offensive_EPA_points_raw - E[offensive EPA | play share], model selected by 5-fold cross-validated MSE from {constant, linear, quadratic}","null sd = sqrt of the closed-form sampling variance of the component at this player's own opportunity counts, under league-average conversion"
000351,Jules Heningburg,CHA,attack,attack,offensive_field,11,52.0,561.0,0.09269162210338681,0.08455284552845528,69.0,0.04151624548736462,0.5664686278123481,0.4796811266947301,0.01089362745792977,0.05637444993872503,0.012048181095557772,0.5544204467167902,2.9314713968137016,0.18912701905241353,0.19323696230775395,-5.191263491038065,6.300104384471645,0.006951900386880146,field players (value_role offensive_field or defensive_field) with at least one recorded offensive opportunity,"constant in offensive_play_share, selected by 5-fold CV MSE",offensive_play_share = (shots + turnovers) / same summed over the player's team in the games he played,"EPA_vs_usage_expectation = offensive_EPA_points_raw - E[offensive EPA | play share], model selected by 5-fold cross-validated MSE from {constant, linear, quadratic}","null sd = sqrt of the closed-form sampling variance of the component at this player's own opportunity counts, under league-average conversion"
000353,Kyle Bernlohr,WHP,goalie,goalie,goalie,3,0.0,165.0,0.0,0.0,16.0,0.030828516377649325,0.03223486624771103,-4.135340484638135,,,,,0.08224162015239993,,0.3919532006784083,,,-0.25845878028988345,outside the fitted population; no offensive-usage expectation is defined,not_applicable,offensive_play_share = (shots + turnovers) / same summed over the player's team in the games he played,"EPA_vs_usage_expectation = offensive_EPA_points_raw - E[offensive EPA | play share], model selected by 5-fold cross-validated MSE from {constant, linear, quadratic}","null sd = sqrt of the closed-form sampling variance of the component at this player's own opportunity counts, under league-average conversion"
000354,Matt Rambo,WHP,attack,attack,offensive_field,12,79.0,714.0,0.11064425770308123,0.10246433203631647,109.0,0.04945553539019964,-2.570616002263381,-2.684856692510041,-0.032539443066625075,0.045141442663427095,0.012048181095557772,-2.5826641833589385,3.5661739704107402,-0.7242114952292907,-0.7208330338318593,-9.572365165363989,4.4070367986461125,-0.02463171277532148,field players (value_role offensive_field or defensive_field) with at least one recorded offensive opportunity,"constant in offensive_play_share, selected by 5-fold CV MSE",offensive_play_share = (shots + turnovers) / same summed over the player's team in the games he played,"EPA_vs_usage_expectation = offensive_EPA_points_raw - E[offensive EPA | play share], model selected by 5-fold cross-validated MSE from {constant, linear, quadratic}","null sd = sqrt of the closed-form sampling variance of the component at this player's own opportunity counts, under league-average conversion"
000355,Matthew Dunn,WHP,defense,defensive_field,defensive_field,13,11.0,771.0,0.014267185473411154,0.014267185473411154,28.0,0.011740041928721174,0.10549553979478904,1.4330012821547162,0.009590503617708095,0.1668782362876056,0.012048181095557772,0.09344735869923132,1.8356605991636614,0.05090666474064243,0.057470068183003695,-3.504447415661545,3.691342133060008,0.0511786172198113,field players (value_role offensive_field or defensive_field) with at least one recorded offensive opportunity,"constant in offensive_play_share, selected by 5-fold CV MSE",offensive_play_share = (shots + turnovers) / same summed over the player's team in the games he played,"EPA_vs_usage_expectation = offensive_EPA_points_raw - E[offensive EPA | play share], model selected by 5-fold cross-validated MSE from {constant, linear, quadratic}","null sd = sqrt of the closed-form sampling variance of the component at this player's own opportunity counts, under league-average conversion"
000357,Mike Chanenchuk,WHP,midfield,midfield,offensive_field,13,73.0,771.0,0.0946822308690013,0.0946822308690013,82.0,0.034381551362683435,-3.052234245927232,-2.9787305460010858,-0.041811428026400435,0.057537305053057076,0.012048181095557772,-3.0642824270227895,4.200223268873167,-0.7295522715974271,-0.7266838095361734,-11.296720034014196,5.168155179968618,-0.036325982268305926,field players (value_role offensive_field or defensive_field) with at least one recorded offensive opportunity,"constant in offensive_play_share, selected by 5-fold CV MSE",offensive_play_share = (shots + turnovers) / same summed over the player's team in the games he played,"EPA_vs_usage_expectation = offensive_EPA_points_raw - E[offensive EPA | play share], model selected by 5-fold cross-validated MSE from {constant, linear, quadratic}","null sd = sqrt of the closed-form sampling variance of the component at this player's own opportunity counts, under league-average conversion"
000358,Ryan Drenner,CAN,midfield,midfield,offensive_field,11,42.0,603.0,0.06965174129353234,0.06965174129353234,58.0,0.031470428648941944,3.498461363407604,3.411673862289986,0.08329669912875247,0.073328704425536,0.012048181095557772,3.486413182312046,3.079805585872512,1.1320237869249599,1.1359357809647215,-2.550005765998078,9.52283213062217,0.0588219631429308,field players (value_role offensive_field or defensive_field) with at least one recorded offensive opportunity,"constant in offensive_play_share, selected by 5-fold CV MSE",offensive_play_share = (shots + turnovers) / same summed over the player's team in the games he played,"EPA_vs_usage_expectation = offensive_EPA_points_raw - E[offensive EPA | play share], model selected by 5-fold cross-validated MSE from {constant, linear, quadratic}","null sd = sqrt of the closed-form sampling variance of the component at this player's own opportunity counts, under league-average conversion"
000359,Tim Muller,WHP,defense,defensive_field,defensive_field,13,0.0,771.0,0.0,0.0,30.0,0.012578616352201259,1.0213590706759126,1.0576793372247477,,,,,0.4574460459423942,,2.2327421555733187,,,0.03525597790749159,outside the fitted population; no offensive-usage expectation is defined,not_applicable,offensive_play_share = (shots + turnovers) / same summed over the player's team in the games he played,"EPA_vs_usage_expectation = offensive_EPA_points_raw - E[offensive EPA | play share], model selected by 5-fold cross-validated MSE from {constant, linear, quadratic}","null sd = sqrt of the closed-form sampling variance of the component at this player's own opportunity counts, under league-average conversion"
000363,Ryan Conrad,WAT,midfield,midfield,offensive_field,11,78.0,630.0,0.12380952380952381,0.12216663578531282,92.0,0.049918610960390665,-4.925507354045551,-5.342071456140011,-0.06314753018007116,0.04929924389535098,0.012048181095557772,-4.937555535141108,3.8453410238373764,-1.2840357993044214,-1.2809026100707825,-12.474423941862366,2.5993128715801497,-0.05806599408847838,field players (value_role offensive_field or defensive_field) with at least one recorded offensive opportunity,"constant in offensive_play_share, selected by 5-fold CV MSE",offensive_play_share = (shots + turnovers) / same summed over the player's team in the games he played,"EPA_vs_usage_expectation = offensive_EPA_points_raw - E[offensive EPA | play share], model selected by 5-fold cross-validated MSE from {constant, linear, quadratic}","null sd = sqrt of the closed-form sampling variance of the component at this player's own opportunity counts, under league-average conversion"
000365,Jack Rowlett,CHA,defense,defensive_field,defensive_field,11,7.0,570.0,0.012280701754385965,0.011382113821138212,25.0,0.014671361502347418,0.942977807591235,2.1324665370655884,0.1347111153701764,0.16649984790573785,0.012048181095557772,0.9309296264956772,1.165498935340165,0.7987391479031889,0.8090765070634881,-1.353448286771046,3.2153075397624002,0.08529866148262354,field players (value_role offensive_field or defensive_field) with at least one recorded offensive opportunity,"constant in offensive_play_share, selected by 5-fold CV MSE",offensive_play_share = (shots + turnovers) / same summed over the player's team in the games he played,"EPA_vs_usage_expectation = offensive_EPA_points_raw - E[offensive EPA | play share], model selected by 5-fold cross-validated MSE from {constant, linear, quadratic}","null sd = sqrt of the closed-form sampling variance of the component at this player's own opportunity counts, under league-average conversion"
000368,Chris Sabia,WAT,long_stick_midfield,defensive_field,defensive_field,6,4.0,349.0,0.011461318051575931,0.007054673721340388,16.0,0.015473887814313346,-0.82414395226013,-0.6252904929052573,-0.2060359880650325,0.2451630628757073,0.012048181095557772,-0.8361921333556878,0.9806522515028292,-0.852689760385744,-0.8404038750710525,-2.758270546301233,1.0858862795898574,-0.03908065580657858,field players (value_role offensive_field or defensive_field) with at least one recorded offensive opportunity,"constant in offensive_play_share, selected by 5-fold CV MSE",offensive_play_share = (shots + turnovers) / same summed over the player's team in the games he played,"EPA_vs_usage_expectation = offensive_EPA_points_raw - E[offensive EPA | play share], model selected by 5-fold cross-validated MSE from {constant, linear, quadratic}","null sd = sqrt of the closed-form sampling variance of the component at this player's own opportunity counts, under league-average conversion"
000370,Tim Troutner,ATL,goalie,goalie,goalie,6,4.0,344.0,0.011627906976744186,0.00625,210.0,0.17341040462427745,-0.5614744464967358,-6.12622650159625,-0.14036861162418396,0.26409646193122543,,,1.0563858477249017,,-0.5315050818845805,,,-0.029172507150458334,outside the fitted population; no offensive-usage expectation is defined,not_applicable,offensive_play_share = (shots + turnovers) / same summed over the player's team in the games he played,"EPA_vs_usage_expectation = offensive_EPA_points_raw - E[offensive EPA | play share], model selected by 5-fold cross-validated MSE from {constant, linear, quadratic}","null sd = sqrt of the closed-form sampling variance of the component at this player's own opportunity counts, under league-average conversion"
000373,Ryder Garnsey,RED,attack,attack,offensive_field,10,82.0,542.0,0.15129151291512916,0.15129151291512916,97.0,0.0561667631731326,-3.346672535547929,-3.190809268234656,-0.04081307970180401,0.04551362876630078,0.012048181095557772,-3.3587207166434863,3.7321175588366637,-0.8999504071598514,-0.8967221645052141,-10.673671131963347,3.9562296986763745,-0.03289494090963563,field players (value_role offensive_field or defensive_field) with at least one recorded offensive opportunity,"constant in offensive_play_share, selected by 5-fold CV MSE",offensive_play_share = (shots + turnovers) / same summed over the player's team in the games he played,"EPA_vs_usage_expectation = offensive_EPA_points_raw - E[offensive EPA | play share], model selected by 5-fold cross-validated MSE from {constant, linear, quadratic}","null sd = sqrt of the closed-form sampling variance of the component at this player's own opportunity counts, under league-average conversion"
000376,Cade van Raaphorst,CAN,defense,defensive_field,defensive_field,11,25.0,603.0,0.04145936981757877,0.04145936981757877,46.0,0.024959305480195332,-5.8920211373799765,-6.424113042320412,-0.23568084549519905,0.12241521626635649,0.012048181095557772,-5.904069318475535,3.060380406658912,-1.9291945882378534,-1.9252577635642465,-11.902414915527002,0.09427627857593279,-0.13965463135479156,field players (value_role offensive_field or defensive_field) with at least one recorded offensive opportunity,"constant in offensive_play_share, selected by 5-fold CV MSE",offensive_play_share = (shots + turnovers) / same summed over the player's team in the games he played,"EPA_vs_usage_expectation = offensive_EPA_points_raw - E[offensive EPA | play share], model selected by 5-fold cross-validated MSE from {constant, linear, quadratic}","null sd = sqrt of the closed-form sampling variance of the component at this player's own opportunity counts, under league-average conversion"
000385,Wes Berg,RED,attack,attack,offensive_field,10,38.0,542.0,0.07011070110701106,0.07011070110701106,40.0,0.023161551823972205,5.6035474314244595,5.7594106987377325,0.14746177451116999,0.06416107198954282,0.012048181095557772,5.591499250328901,2.4381207356026273,2.293364380475136,2.2983059655737015,0.8127826085477521,10.37021589211005,0.1439852674684433,field players (value_role offensive_field or defensive_field) with at least one recorded offensive opportunity,"constant in offensive_play_share, selected by 5-fold CV MSE",offensive_play_share = (shots + turnovers) / same summed over the player's team in the games he played,"EPA_vs_usage_expectation = offensive_EPA_points_raw - E[offensive EPA | play share], model selected by 5-fold cross-validated MSE from {constant, linear, quadratic}","null sd = sqrt of the closed-form sampling variance of the component at this player's own opportunity counts, under league-average conversion"
000391,Grant Ament,ARC,midfield,midfield,offensive_field,12,73.0,670.0,0.10895522388059702,0.10895522388059702,119.0,0.056720686367969494,2.5054956063719334,2.1760573368234244,0.034321857621533336,0.04551435116978248,0.012048181095557772,2.4934474252763756,3.322547635394121,0.7504625061547395,0.7540886937727023,-4.018745940096101,9.005640790648853,0.018286196107759868,field players (value_role offensive_field or defensive_field) with at least one recorded offensive opportunity,"constant in offensive_play_share, selected by 5-fold CV MSE",offensive_play_share = (shots + turnovers) / same summed over the player's team in the games he played,"EPA_vs_usage_expectation = offensive_EPA_points_raw - E[offensive EPA | play share], model selected by 5-fold cross-validated MSE from {constant, linear, quadratic}","null sd = sqrt of the closed-form sampling variance of the component at this player's own opportunity counts, under league-average conversion"
000395,Bryan Costabile,ATL,midfield,midfield,offensive_field,10,66.0,580.0,0.11379310344827587,0.103125,89.0,0.045547594677584444,-0.7266433811654307,-0.5707801138521575,-0.011009748199476223,0.05984251157656057,0.012048181095557772,-0.7386915622609886,3.949605764052998,-0.18702918883300387,-0.18397871194611723,-8.479918859804863,7.002535735282887,-0.006413259706204017,field players (value_role offensive_field or defensive_field) with at least one recorded offensive opportunity,"constant in offensive_play_share, selected by 5-fold CV MSE",offensive_play_share = (shots + turnovers) / same summed over the player's team in the games he played,"EPA_vs_usage_expectation = offensive_EPA_points_raw - E[offensive EPA | play share], model selected by 5-fold cross-validated MSE from {constant, linear, quadratic}","null sd = sqrt of the closed-form sampling variance of the component at this player's own opportunity counts, under league-average conversion"
000405,Jesse Bernhardt,OUT,defense,defensive_field,defensive_field,7,4.0,382.0,0.010471204188481676,0.006666666666666667,15.0,0.012853470437017995,0.48389218397689426,1.1821493083782513,0.12097304599422357,0.34123847750512815,0.012048181095557772,0.4718440028813366,1.3649539100205126,0.34568493442701353,0.3545117387660528,-2.203465660758868,3.147153666521541,0.07880995389188342,field players (value_role offensive_field or defensive_field) with at least one recorded offensive opportunity,"constant in offensive_play_share, selected by 5-fold CV MSE",offensive_play_share = (shots + turnovers) / same summed over the player's team in the games he played,"EPA_vs_usage_expectation = offensive_EPA_points_raw - E[offensive EPA | play share], model selected by 5-fold cross-validated MSE from {constant, linear, quadratic}","null sd = sqrt of the closed-form sampling variance of the component at this player's own opportunity counts, under league-average conversion"
000406,Craig Chick,CAN,long_stick_midfield,defensive_field,defensive_field,5,2.0,280.0,0.007142857142857143,0.003316749585406302,12.0,0.014251781472684086,-0.2859605425485178,-0.8017083275419781,-0.1429802712742589,0.08601145667869776,0.012048181095557772,-0.2980087236440756,0.17202291335739553,-1.7323780758492993,-1.662339841637288,-0.6351736338245708,0.03915618653641961,-0.06680902729516484,field players (value_role offensive_field or defensive_field) with at least one recorded offensive opportunity,"constant in offensive_play_share, selected by 5-fold CV MSE",offensive_play_share = (shots + turnovers) / same summed over the player's team in the games he played,"EPA_vs_usage_expectation = offensive_EPA_points_raw - E[offensive EPA | play share], model selected by 5-fold cross-validated MSE from {constant, linear, quadratic}","null sd = sqrt of the closed-form sampling variance of the component at this player's own opportunity counts, under league-average conversion"
000408,Matt DeLuca,WAT,goalie,goalie,goalie,7,2.0,402.0,0.004975124378109453,0.003527336860670194,143.0,0.1211864406779661,-0.15639879549815358,1.2737343580289007,-0.07819939774907679,0.11988673271569594,,,0.23977346543139189,,-0.6522773285891599,,,0.008907233272929376,outside the fitted population; no offensive-usage expectation is defined,not_applicable,offensive_play_share = (shots + turnovers) / same summed over the player's team in the games he played,"EPA_vs_usage_expectation = offensive_EPA_points_raw - E[offensive EPA | play share], model selected by 5-fold cross-validated MSE from {constant, linear, quadratic}","null sd = sqrt of the closed-form sampling variance of the component at this player's own opportunity counts, under league-average conversion"
000409,Zach Currier,WAT,midfield,midfield,offensive_field,10,34.0,567.0,0.059964726631393295,0.059964726631393295,144.0,0.0855614973262032,5.4570335225411695,4.560280948555152,0.16050098595709322,0.07464246503819517,0.012048181095557772,5.444985341445611,2.537843811298636,2.1455163305181366,2.1502637389448958,0.47081147130028533,10.419159211590937,0.03166861769829967,field players (value_role offensive_field or defensive_field) with at least one recorded offensive opportunity,"constant in offensive_play_share, selected by 5-fold CV MSE",offensive_play_share = (shots + turnovers) / same summed over the player's team in the games he played,"EPA_vs_usage_expectation = offensive_EPA_points_raw - E[offensive EPA | play share], model selected by 5-fold cross-validated MSE from {constant, linear, quadratic}","null sd = sqrt of the closed-form sampling variance of the component at this player's own opportunity counts, under league-average conversion"
000410,Eli Gobrecht,WAT,defense,defensive_field,defensive_field,10,4.0,567.0,0.007054673721340388,0.007054673721340388,23.0,0.013666072489601902,-0.39960191759023317,-0.13991201176606133,-0.09990047939755829,0.2283983645547716,0.012048181095557772,-0.41165009868579094,0.9135934582190864,-0.45058345698779534,-0.43739577379329886,-2.2022932767952,1.3789930794236185,-0.006083130946350493,field players (value_role offensive_field or defensive_field) with at least one recorded offensive opportunity,"constant in offensive_play_share, selected by 5-fold CV MSE",offensive_play_share = (shots + turnovers) / same summed over the player's team in the games he played,"EPA_vs_usage_expectation = offensive_EPA_points_raw - E[offensive EPA | play share], model selected by 5-fold cross-validated MSE from {constant, linear, quadratic}","null sd = sqrt of the closed-form sampling variance of the component at this player's own opportunity counts, under league-average conversion"
000414,Rob Pannell,RED,attack,attack,offensive_field,10,99.0,542.0,0.18265682656826568,0.18265682656826568,150.0,0.08685581933989578,-5.925216362839991,-5.769353095526718,-0.05985067033171708,0.040283637663599776,0.012048181095557772,-5.937264543935549,3.9880801286963776,-1.488752570745443,-1.4857315228460126,-13.753901596180448,1.879372508309351,-0.038462353970178116,field players (value_role offensive_field or defensive_field) with at least one recorded offensive opportunity,"constant in offensive_play_share, selected by 5-fold CV MSE",offensive_play_share = (shots + turnovers) / same summed over the player's team in the games he played,"EPA_vs_usage_expectation = offensive_EPA_points_raw - E[offensive EPA | play share], model selected by 5-fold cross-validated MSE from {constant, linear, quadratic}","null sd = sqrt of the closed-form sampling variance of the component at this player's own opportunity counts, under league-average conversion"
000416,Ryland Rees,WAT,long_stick_midfield,defensive_field,defensive_field,10,12.0,567.0,0.021164021164021163,0.021164021164021163,49.0,0.029114676173499703,5.377569935598184,4.446692923238119,0.4481308279665153,0.14035146835605908,0.012048181095557772,5.365521754502626,1.684217620272709,3.1857651231756137,3.1929187005699693,2.064455218768116,8.666588290237137,0.09074883516812489,field players (value_role offensive_field or defensive_field) with at least one recorded offensive opportunity,"constant in offensive_play_share, selected by 5-fold CV MSE",offensive_play_share = (shots + turnovers) / same summed over the player's team in the games he played,"EPA_vs_usage_expectation = offensive_EPA_points_raw - E[offensive EPA | play share], model selected by 5-fold cross-validated MSE from {constant, linear, quadratic}","null sd = sqrt of the closed-form sampling variance of the component at this player's own opportunity counts, under league-average conversion"
000418,Dillon Ward,WAT,goalie,goalie,goalie,8,3.0,460.0,0.006521739130434782,0.005291005291005291,290.0,0.21561338289962825,-0.18164485663503405,-9.305237065504018,-0.06054828554501135,0.26329566175020874,,,0.7898869852506263,,-0.22996309602113427,,,-0.03208702436380696,outside the fitted population; no offensive-usage expectation is defined,not_applicable,offensive_play_share = (shots + turnovers) / same summed over the player's team in the games he played,"EPA_vs_usage_expectation = offensive_EPA_points_raw - E[offensive EPA | play share], model selected by 5-fold cross-validated MSE from {constant, linear, quadratic}","null sd = sqrt of the closed-form sampling variance of the component at this player's own opportunity counts, under league-average conversion"
000419,Zed Williams,WHP,attack,attack,offensive_field,13,116.0,771.0,0.1504539559014267,0.1504539559014267,133.0,0.055765199161425576,1.846119847492337,1.9196235474184828,0.015914826271485664,0.041453117490716236,0.012048181095557772,1.8340716663967793,4.8085616289230835,0.38141793907038574,0.38392350768431155,-7.590709126292465,11.258852459086024,0.014433259755026186,field players (value_role offensive_field or defensive_field) with at least one recorded offensive opportunity,"constant in offensive_play_share, selected by 5-fold CV MSE",offensive_play_share = (shots + turnovers) / same summed over the player's team in the games he played,"EPA_vs_usage_expectation = offensive_EPA_points_raw - E[offensive EPA | play share], model selected by 5-fold cross-validated MSE from {constant, linear, quadratic}","null sd = sqrt of the closed-form sampling variance of the component at this player's own opportunity counts, under league-average conversion"
000424,Jake Pulver,CAN,defense,defensive_field,defensive_field,5,0.0,269.0,0.0,0.0,8.0,0.00966183574879227,0.17538489092414658,0.0900322645343838,,,,,0.18956001805674372,,0.9252209021822635,,,0.011254033066797975,outside the fitted population; no offensive-usage expectation is defined,not_applicable,offensive_play_share = (shots + turnovers) / same summed over the player's team in the games he played,"EPA_vs_usage_expectation = offensive_EPA_points_raw - E[offensive EPA | play share], model selected by 5-fold cross-validated MSE from {constant, linear, quadratic}","null sd = sqrt of the closed-form sampling variance of the component at this player's own opportunity counts, under league-average conversion"
000727,CJ Costabile,CHA,long_stick_midfield,defensive_field,defensive_field,5,7.0,264.0,0.026515151515151516,0.011382113821138212,17.0,0.02135678391959799,-1.6377822138761433,-1.2927396816622088,-0.2339688876965919,0.21626312261578762,0.012048181095557772,-1.649830394971701,1.5138418583105133,-1.0898300809392036,-1.081871402144971,-4.616960437260307,1.317299647316905,-0.07604351068601228,field players (value_role offensive_field or defensive_field) with at least one recorded offensive opportunity,"constant in offensive_play_share, selected by 5-fold CV MSE",offensive_play_share = (shots + turnovers) / same summed over the player's team in the games he played,"EPA_vs_usage_expectation = offensive_EPA_points_raw - E[offensive EPA | play share], model selected by 5-fold cross-validated MSE from {constant, linear, quadratic}","null sd = sqrt of the closed-form sampling variance of the component at this player's own opportunity counts, under league-average conversion"
000815,Austin Kaut,CHA,goalie,goalie,goalie,5,3.0,248.0,0.012096774193548387,0.004878048780487805,168.0,0.20413122721749696,-0.3608514193840986,-0.5592782078874994,-0.1202838064613662,0.08147656519702307,,,0.2444296955910692,,-1.476299426350401,,,-0.0033290369517113057,outside the fitted population; no offensive-usage expectation is defined,not_applicable,offensive_play_share = (shots + turnovers) / same summed over the player's team in the games he played,"EPA_vs_usage_expectation = offensive_EPA_points_raw - E[offensive EPA | play share], model selected by 5-fold cross-validated MSE from {constant, linear, quadratic}","null sd = sqrt of the closed-form sampling variance of the component at this player's own opportunity counts, under league-average conversion"
000921,Challen Rogers,ARC,midfield,midfield,offensive_field,1,3.0,49.0,0.061224489795918366,0.004477611940298508,2.0,0.012578616352201259,-0.5360592720766141,-0.5635124612056565,-0.17868642402553803,0.04970834072569604,0.012048181095557772,-0.5481074531721718,0.14912502217708812,-3.6754894998190597,-3.5946970149653086,-0.8403924966392645,-0.2558224097050791,-0.28175623060282823,field players (value_role offensive_field or defensive_field) with at least one recorded offensive opportunity,"constant in offensive_play_share, selected by 5-fold CV MSE",offensive_play_share = (shots + turnovers) / same summed over the player's team in the games he played,"EPA_vs_usage_expectation = offensive_EPA_points_raw - E[offensive EPA | play share], model selected by 5-fold cross-validated MSE from {constant, linear, quadratic}","null sd = sqrt of the closed-form sampling variance of the component at this player's own opportunity counts, under league-average conversion"
000922,Graeme Hossack,ARC,defense,defensive_field,defensive_field,9,7.0,502.0,0.013944223107569721,0.010447761194029851,32.0,0.02068519715578539,0.8295376325757065,1.23541661125894,0.11850537608224378,0.1833529938226957,0.012048181095557772,0.8174894514801487,1.28347095675887,0.6369364629368339,0.6463236493255176,-1.6981136237672365,3.333092526727534,0.038606769101841874,field players (value_role offensive_field or defensive_field) with at least one recorded offensive opportunity,"constant in offensive_play_share, selected by 5-fold CV MSE",offensive_play_share = (shots + turnovers) / same summed over the player's team in the games he played,"EPA_vs_usage_expectation = offensive_EPA_points_raw - E[offensive EPA | play share], model selected by 5-fold cross-validated MSE from {constant, linear, quadratic}","null sd = sqrt of the closed-form sampling variance of the component at this player's own opportunity counts, under league-average conversion"
000925,Liam Byrnes,WAT,defense,defensive_field,defensive_field,5,4.0,277.0,0.01444043321299639,0.007054673721340388,7.0,0.008684863523573201,-0.6059370833833467,-0.045696971867563496,-0.15148427084583668,0.2225391663181632,0.012048181095557772,-0.6179852644789045,0.8901566652726528,-0.6942432591791211,-0.6807083595759513,-2.362692328413304,1.126721799455495,-0.006528138838223356,field players (value_role offensive_field or defensive_field) with at least one recorded offensive opportunity,"constant in offensive_play_share, selected by 5-fold CV MSE",offensive_play_share = (shots + turnovers) / same summed over the player's team in the games he played,"EPA_vs_usage_expectation = offensive_EPA_points_raw - E[offensive EPA | play share], model selected by 5-fold cross-validated MSE from {constant, linear, quadratic}","null sd = sqrt of the closed-form sampling variance of the component at this player's own opportunity counts, under league-average conversion"
000978,Kyle Jackson,CHA,midfield,midfield,offensive_field,12,53.0,615.0,0.08617886178861789,0.08617886178861789,58.0,0.03135135135135135,-0.6661420287464721,-0.9955802982949813,-0.012568717523518342,0.05730719440621491,0.012048181095557772,-0.6781902098420299,3.03728130352939,-0.22328857358518536,-0.2193218086096931,-6.631261564759635,5.274881145075575,-0.017165177556810022,field players (value_role offensive_field or defensive_field) with at least one recorded offensive opportunity,"constant in offensive_play_share, selected by 5-fold CV MSE",offensive_play_share = (shots + turnovers) / same summed over the player's team in the games he played,"EPA_vs_usage_expectation = offensive_EPA_points_raw - E[offensive EPA | play share], model selected by 5-fold cross-validated MSE from {constant, linear, quadratic}","null sd = sqrt of the closed-form sampling variance of the component at this player's own opportunity counts, under league-average conversion"
001001,Dylan Molloy,ATL,midfield,midfield,offensive_field,3,12.0,162.0,0.07407407407407407,0.01875,17.0,0.02905982905982906,1.2736409265180573,1.19128135913093,0.10613674387650478,0.12968356970732017,0.012048181095557772,1.2615927454224996,1.556202836487842,0.8106865736537011,0.8184286113965117,-1.7885648140936707,4.31175030493867,0.0700753740665253,field players (value_role offensive_field or defensive_field) with at least one recorded offensive opportunity,"constant in offensive_play_share, selected by 5-fold CV MSE",offensive_play_share = (shots + turnovers) / same summed over the player's team in the games he played,"EPA_vs_usage_expectation = offensive_EPA_points_raw - E[offensive EPA | play share], model selected by 5-fold cross-validated MSE from {constant, linear, quadratic}","null sd = sqrt of the closed-form sampling variance of the component at this player's own opportunity counts, under league-average conversion"
001009,Colin Heacock,WHP,midfield,midfield,offensive_field,12,40.0,700.0,0.05714285714285714,0.05188067444876784,51.0,0.023255813953488372,3.2093555604339428,2.879917290885434,0.08023388901084857,0.06716433261373947,0.012048181095557772,3.197307379338385,2.6865733045495785,1.1901061377792683,1.1945907282704917,-2.068376297578789,8.462991056255559,0.05646896648794968,field players (value_role offensive_field or defensive_field) with at least one recorded offensive opportunity,"constant in offensive_play_share, selected by 5-fold CV MSE",offensive_play_share = (shots + turnovers) / same summed over the player's team in the games he played,"EPA_vs_usage_expectation = offensive_EPA_points_raw - E[offensive EPA | play share], model selected by 5-fold cross-validated MSE from {constant, linear, quadratic}","null sd = sqrt of the closed-form sampling variance of the component at this player's own opportunity counts, under league-average conversion"
001010,Isaiah Davis-Allen,RED,short_stick_defensive_midfield,defensive_field,defensive_field,5,1.0,279.0,0.0035842293906810036,0.0018450184501845018,18.0,0.02027027027027027,-0.11358494119930582,-0.650660615552729,-0.11358494119930582,0.48458728090394343,0.012048181095557772,-0.1256331222948636,0.48458728090394343,-0.2592579856006725,-0.23439521769417018,-1.0754241928665926,0.8241579482768655,-0.036147811975151614,field players (value_role offensive_field or defensive_field) with at least one recorded offensive opportunity,"constant in offensive_play_share, selected by 5-fold CV MSE",offensive_play_share = (shots + turnovers) / same summed over the player's team in the games he played,"EPA_vs_usage_expectation = offensive_EPA_points_raw - E[offensive EPA | play share], model selected by 5-fold cross-validated MSE from {constant, linear, quadratic}","null sd = sqrt of the closed-form sampling variance of the component at this player's own opportunity counts, under league-average conversion"
001020,Mike Messenger,OUT,short_stick_defensive_midfield,defensive_field,defensive_field,2,3.0,125.0,0.024,0.005,16.0,0.041343669250646,-0.5971188360452956,-0.9034574458115565,-0.19903961201509854,0.22059114442767938,0.012048181095557772,-0.6091670171408533,0.6617734332830382,-0.9205069084124365,-0.902301008190986,-1.9062429463756083,0.6879089120939016,-0.05646609036322228,field players (value_role offensive_field or defensive_field) with at least one recorded offensive opportunity,"constant in offensive_play_share, selected by 5-fold CV MSE",offensive_play_share = (shots + turnovers) / same summed over the player's team in the games he played,"EPA_vs_usage_expectation = offensive_EPA_points_raw - E[offensive EPA | play share], model selected by 5-fold cross-validated MSE from {constant, linear, quadratic}","null sd = sqrt of the closed-form sampling variance of the component at this player's own opportunity counts, under league-average conversion"
001391,Mikie Schlosser,WAT,midfield,midfield,offensive_field,3,6.0,172.0,0.03488372093023256,0.010582010582010581,6.0,0.011320754716981131,0.941807949745258,0.8594483823581308,0.15696799162420969,0.15836481429274912,0.012048181095557772,0.9297597686497002,0.9501888857564947,0.9784999409980155,0.9911797158050695,-0.9326104474330293,2.79212998473243,0.14324139705968847,field players (value_role offensive_field or defensive_field) with at least one recorded offensive opportunity,"constant in offensive_play_share, selected by 5-fold CV MSE",offensive_play_share = (shots + turnovers) / same summed over the player's team in the games he played,"EPA_vs_usage_expectation = offensive_EPA_points_raw - E[offensive EPA | play share], model selected by 5-fold cross-validated MSE from {constant, linear, quadratic}","null sd = sqrt of the closed-form sampling variance of the component at this player's own opportunity counts, under league-average conversion"
001397,Michael Rexrode,ATL,defense,defensive_field,defensive_field,11,4.0,640.0,0.00625,0.00625,17.0,0.007881316643486324,-0.38777438067724734,0.9023329064239617,-0.09694359516931184,0.13940010884195028,0.012048181095557772,-0.399822561772805,0.5576004353678011,-0.7170413371522503,-0.6954341425889775,-1.4927194150936953,0.6930742915480852,0.05307840626023304,field players (value_role offensive_field or defensive_field) with at least one recorded offensive opportunity,"constant in offensive_play_share, selected by 5-fold CV MSE",offensive_play_share = (shots + turnovers) / same summed over the player's team in the games he played,"EPA_vs_usage_expectation = offensive_EPA_points_raw - E[offensive EPA | play share], model selected by 5-fold cross-validated MSE from {constant, linear, quadratic}","null sd = sqrt of the closed-form sampling variance of the component at this player's own opportunity counts, under league-average conversion"
001406,Ben Randall,WAT,defense,defensive_field,defensive_field,10,7.0,567.0,0.012345679012345678,0.012345679012345678,35.0,0.020796197266785502,0.2937475894395281,2.490215708980338,0.041963941348504015,0.17084745368909968,0.012048181095557772,0.28169940834397034,1.1959321758236978,0.2355479800933945,0.24562228141174441,-2.0623276562704773,2.625726472958418,0.07114902025658108,field players (value_role offensive_field or defensive_field) with at least one recorded offensive opportunity,"constant in offensive_play_share, selected by 5-fold CV MSE",offensive_play_share = (shots + turnovers) / same summed over the player's team in the games he played,"EPA_vs_usage_expectation = offensive_EPA_points_raw - E[offensive EPA | play share], model selected by 5-fold cross-validated MSE from {constant, linear, quadratic}","null sd = sqrt of the closed-form sampling variance of the component at this player's own opportunity counts, under league-average conversion"
001415,Greg Weyl,OUT,defense,defensive_field,defensive_field,3,3.0,152.0,0.019736842105263157,0.005,11.0,0.02391304347826087,0.3910094608710347,1.0284301388030928,0.13033648695701158,0.26864229517640864,0.012048181095557772,0.37896127977547683,0.805926885529226,0.4702179398403185,0.48516741145106673,-1.200655415861806,1.9585779754127597,0.09349364898209934,field players (value_role offensive_field or defensive_field) with at least one recorded offensive opportunity,"constant in offensive_play_share, selected by 5-fold CV MSE",offensive_play_share = (shots + turnovers) / same summed over the player's team in the games he played,"EPA_vs_usage_expectation = offensive_EPA_points_raw - E[offensive EPA | play share], model selected by 5-fold cross-validated MSE from {constant, linear, quadratic}","null sd = sqrt of the closed-form sampling variance of the component at this player's own opportunity counts, under league-average conversion"
001661,Warren Jeffrey,ARC,defense,defensive_field,defensive_field,12,2.0,670.0,0.0029850746268656717,0.0029850746268656717,17.0,0.008102955195424213,0.09575951416874244,-0.1521263050270581,0.04787975708437122,0.16416379117897695,0.012048181095557772,0.08371133307318462,0.3283275823579539,0.2549628406848855,0.2916584512364915,-0.5598107283484051,0.7272333944947742,-0.008948606178062242,field players (value_role offensive_field or defensive_field) with at least one recorded offensive opportunity,"constant in offensive_play_share, selected by 5-fold CV MSE",offensive_play_share = (shots + turnovers) / same summed over the player's team in the games he played,"EPA_vs_usage_expectation = offensive_EPA_points_raw - E[offensive EPA | play share], model selected by 5-fold cross-validated MSE from {constant, linear, quadratic}","null sd = sqrt of the closed-form sampling variance of the component at this player's own opportunity counts, under league-average conversion"
001671,Zach Goodrich,CAN,short_stick_defensive_midfield,defensive_field,defensive_field,11,4.0,603.0,0.006633499170812604,0.006633499170812604,31.0,0.016820401519262073,-0.6472041165419695,-2.8935859874497596,-0.16180102913549238,0.22134871598552555,0.012048181095557772,-0.6592522976375272,0.8853948639421022,-0.7445856357267474,-0.7309779431748449,-2.3946262309640476,1.076121635688993,-0.09334148346612128,field players (value_role offensive_field or defensive_field) with at least one recorded offensive opportunity,"constant in offensive_play_share, selected by 5-fold CV MSE",offensive_play_share = (shots + turnovers) / same summed over the player's team in the games he played,"EPA_vs_usage_expectation = offensive_EPA_points_raw - E[offensive EPA | play share], model selected by 5-fold cross-validated MSE from {constant, linear, quadratic}","null sd = sqrt of the closed-form sampling variance of the component at this player's own opportunity counts, under league-average conversion"
001707,Matt Whitcher,WAT,short_stick_defensive_midfield,defensive_field,defensive_field,9,18.0,507.0,0.03550295857988166,0.031746031746031744,45.0,0.029900332225913623,-1.9731507203139915,-4.2752868696861785,-0.10961948446188842,0.09036647877113817,0.012048181095557772,-1.9851989014095492,1.626596617880487,-1.220461717175051,-1.2130547295032967,-5.173328272455303,1.2029304696362049,-0.09500637488191507,field players (value_role offensive_field or defensive_field) with at least one recorded offensive opportunity,"constant in offensive_play_share, selected by 5-fold CV MSE",offensive_play_share = (shots + turnovers) / same summed over the player's team in the games he played,"EPA_vs_usage_expectation = offensive_EPA_points_raw - E[offensive EPA | play share], model selected by 5-fold cross-validated MSE from {constant, linear, quadratic}","null sd = sqrt of the closed-form sampling variance of the component at this player's own opportunity counts, under league-average conversion"
001724,Sean Sconone,OUT,goalie,goalie,goalie,2,0.0,110.0,0.0,0.0,34.0,0.10397553516819572,0.06446973249542207,-5.1385854533777815,,,,,0.11630721461106043,,0.5543055322149484,,,-0.1511348662758171,outside the fitted population; no offensive-usage expectation is defined,not_applicable,offensive_play_share = (shots + turnovers) / same summed over the player's team in the games he played,"EPA_vs_usage_expectation = offensive_EPA_points_raw - E[offensive EPA | play share], model selected by 5-fold cross-validated MSE from {constant, linear, quadratic}","null sd = sqrt of the closed-form sampling variance of the component at this player's own opportunity counts, under league-average conversion"
001729,Chris Aslanian,CAN,midfield,midfield,offensive_field,9,41.0,481.0,0.08523908523908524,0.06799336650082918,44.0,0.029669588671611596,1.1867440234118887,1.1548629005523556,0.028944976180777772,0.07863858832199794,0.012048181095557772,1.174695842316331,3.2241821212019155,0.3643391713488027,0.36807598913472434,-5.144701115239423,7.494092799872085,0.02624688410346263,field players (value_role offensive_field or defensive_field) with at least one recorded offensive opportunity,"constant in offensive_play_share, selected by 5-fold CV MSE",offensive_play_share = (shots + turnovers) / same summed over the player's team in the games he played,"EPA_vs_usage_expectation = offensive_EPA_points_raw - E[offensive EPA | play share], model selected by 5-fold cross-validated MSE from {constant, linear, quadratic}","null sd = sqrt of the closed-form sampling variance of the component at this player's own opportunity counts, under league-average conversion"
001733,Charlie Hayes,WAT,short_stick_defensive_midfield,defensive_field,defensive_field,5,6.0,295.0,0.020338983050847456,0.010582010582010581,22.0,0.024886877828054297,-0.20455443038024676,-0.9634207227718303,-0.03409240506337446,0.15579317201642967,0.012048181095557772,-0.21660261147580445,0.934759032098578,-0.23172026590587885,-0.21883118895466827,-2.0487303143890174,1.6155250914374084,-0.0437918510350832,field players (value_role offensive_field or defensive_field) with at least one recorded offensive opportunity,"constant in offensive_play_share, selected by 5-fold CV MSE",offensive_play_share = (shots + turnovers) / same summed over the player's team in the games he played,"EPA_vs_usage_expectation = offensive_EPA_points_raw - E[offensive EPA | play share], model selected by 5-fold cross-validated MSE from {constant, linear, quadratic}","null sd = sqrt of the closed-form sampling variance of the component at this player's own opportunity counts, under league-average conversion"
001760,Pat Aslanian,CAN,short_stick_defensive_midfield,defensive_field,defensive_field,1,1.0,47.0,0.02127659574468085,0.001658374792703151,7.0,0.03723404255319149,-0.2579753910838015,-0.7457038493890717,-0.2579753910838015,0.7193008019268721,0.012048181095557772,-0.2700235721793593,0.7193008019268721,-0.3753972906133522,-0.3586474398370387,-1.6798531439560285,1.1398059995973098,-0.10652912134129597,field players (value_role offensive_field or defensive_field) with at least one recorded offensive opportunity,"constant in offensive_play_share, selected by 5-fold CV MSE",offensive_play_share = (shots + turnovers) / same summed over the player's team in the games he played,"EPA_vs_usage_expectation = offensive_EPA_points_raw - E[offensive EPA | play share], model selected by 5-fold cross-validated MSE from {constant, linear, quadratic}","null sd = sqrt of the closed-form sampling variance of the component at this player's own opportunity counts, under league-average conversion"
001766,Holden Garlent,RED,defense,defensive_field,defensive_field,7,3.0,383.0,0.007832898172323759,0.005535055350553505,14.0,0.011589403973509934,-0.4511292751961021,-1.044057626605837,-0.15037642506536736,0.16794449678093004,0.012048181095557772,-0.4631774562916598,0.5038334903427901,-0.9193066065864947,-0.895393585069484,-1.4506910973635285,0.5243361847802088,-0.07457554475755979,field players (value_role offensive_field or defensive_field) with at least one recorded offensive opportunity,"constant in offensive_play_share, selected by 5-fold CV MSE",offensive_play_share = (shots + turnovers) / same summed over the player's team in the games he played,"EPA_vs_usage_expectation = offensive_EPA_points_raw - E[offensive EPA | play share], model selected by 5-fold cross-validated MSE from {constant, linear, quadratic}","null sd = sqrt of the closed-form sampling variance of the component at this player's own opportunity counts, under league-average conversion"
001795,Christian Scarpello,WAT,short_stick_defensive_midfield,defensive_field,defensive_field,9,6.0,500.0,0.012,0.010582010582010581,26.0,0.01734489659773182,0.1581753868930837,-1.2133681250310218,0.026362564482180616,0.19424982255669418,0.012048181095557772,0.1461272057975258,1.165498935340165,0.12537738248115757,0.135714741641457,-2.138250707469197,2.4305051190642493,-0.04666800480888545,field players (value_role offensive_field or defensive_field) with at least one recorded offensive opportunity,"constant in offensive_play_share, selected by 5-fold CV MSE",offensive_play_share = (shots + turnovers) / same summed over the player's team in the games he played,"EPA_vs_usage_expectation = offensive_EPA_points_raw - E[offensive EPA | play share], model selected by 5-fold cross-validated MSE from {constant, linear, quadratic}","null sd = sqrt of the closed-form sampling variance of the component at this player's own opportunity counts, under league-average conversion"
001809,Jeff Teat,ATL,attack,attack,offensive_field,11,114.0,640.0,0.178125,0.178125,209.0,0.09689383402874363,5.435691611848473,5.564101690032703,0.04768150536709186,0.03783322895798631,0.012048181095557772,5.423643430752914,4.31298810121044,1.2575141186294414,1.2603075835806146,-3.029813247619547,13.877100109125376,0.026622496124558387,field players (value_role offensive_field or defensive_field) with at least one recorded offensive opportunity,"constant in offensive_play_share, selected by 5-fold CV MSE",offensive_play_share = (shots + turnovers) / same summed over the player's team in the games he played,"EPA_vs_usage_expectation = offensive_EPA_points_raw - E[offensive EPA | play share], model selected by 5-fold cross-validated MSE from {constant, linear, quadratic}","null sd = sqrt of the closed-form sampling variance of the component at this player's own opportunity counts, under league-average conversion"
001810,Michael Sowers,WAT,attack,attack,offensive_field,10,79.0,567.0,0.13932980599647266,0.13932980599647266,138.0,0.08199643493761141,1.1488162938136597,0.8742844025232355,0.014541978402704553,0.04878265871452055,0.012048181095557772,1.136768112718102,3.8538300384471236,0.29497100322985587,0.29809729083864006,-6.416738762638261,8.690274988074464,0.006335394221182866,field players (value_role offensive_field or defensive_field) with at least one recorded offensive opportunity,"constant in offensive_play_share, selected by 5-fold CV MSE",offensive_play_share = (shots + turnovers) / same summed over the player's team in the games he played,"EPA_vs_usage_expectation = offensive_EPA_points_raw - E[offensive EPA | play share], model selected by 5-fold cross-validated MSE from {constant, linear, quadratic}","null sd = sqrt of the closed-form sampling variance of the component at this player's own opportunity counts, under league-average conversion"
001811,JT Giles-Harris,OUT,defense,defensive_field,defensive_field,11,4.0,600.0,0.006666666666666667,0.006666666666666667,18.0,0.009917355371900827,0.005817379123682444,0.33451579139064114,0.001454344780920611,0.10534209044815492,0.012048181095557772,-0.006230801971875371,0.42136836179261966,-0.014787066464524733,0.013805922919636573,-0.8321127910854099,0.8196511871416591,0.018584210632813396,field players (value_role offensive_field or defensive_field) with at least one recorded offensive opportunity,"constant in offensive_play_share, selected by 5-fold CV MSE",offensive_play_share = (shots + turnovers) / same summed over the player's team in the games he played,"EPA_vs_usage_expectation = offensive_EPA_points_raw - E[offensive EPA | play share], model selected by 5-fold cross-validated MSE from {constant, linear, quadratic}","null sd = sqrt of the closed-form sampling variance of the component at this player's own opportunity counts, under league-average conversion"
001812,TD Ierlan,RED,faceoff,faceoff,faceoff,10,15.0,542.0,0.027675276752767528,0.027675276752767528,415.0,0.24030110017371165,1.8827548890486232,7.776889627092237,0.12551699260324153,0.12107838342101582,,,1.8161757513152372,,1.036658972946407,,,0.018739493077330693,outside the fitted population; no offensive-usage expectation is defined,not_applicable,offensive_play_share = (shots + turnovers) / same summed over the player's team in the games he played,"EPA_vs_usage_expectation = offensive_EPA_points_raw - E[offensive EPA | play share], model selected by 5-fold cross-validated MSE from {constant, linear, quadratic}","null sd = sqrt of the closed-form sampling variance of the component at this player's own opportunity counts, under league-average conversion"
001813,Jared Conners,RED,long_stick_midfield,defensive_field,defensive_field,10,15.0,542.0,0.027675276752767528,0.027675276752767528,60.0,0.03474232773595831,-0.9601191645823893,-1.5612195759656122,-0.06400794430549263,0.11158508960258075,0.012048181095557772,-0.9721673456779469,1.6737763440387112,-0.5808227300740622,-0.5736245275552679,-4.252768979993821,2.308434288637927,-0.026020326266093536,field players (value_role offensive_field or defensive_field) with at least one recorded offensive opportunity,"constant in offensive_play_share, selected by 5-fold CV MSE",offensive_play_share = (shots + turnovers) / same summed over the player's team in the games he played,"EPA_vs_usage_expectation = offensive_EPA_points_raw - E[offensive EPA | play share], model selected by 5-fold cross-validated MSE from {constant, linear, quadratic}","null sd = sqrt of the closed-form sampling variance of the component at this player's own opportunity counts, under league-average conversion"
001814,Mac O'Keefe,ARC,attack,attack,offensive_field,12,111.0,670.0,0.16567164179104477,0.16567164179104477,120.0,0.057197330791229746,-0.3217096024822506,-0.00555513412521369,-0.0028982847070473028,0.04401077396904032,0.012048181095557772,-0.3337577835778084,4.885195910563476,-0.06832024542886993,-0.06585398177923708,-9.908741768282221,9.241226201126603,-4.629278437678075e-05,field players (value_role offensive_field or defensive_field) with at least one recorded offensive opportunity,"constant in offensive_play_share, selected by 5-fold CV MSE",offensive_play_share = (shots + turnovers) / same summed over the player's team in the games he played,"EPA_vs_usage_expectation = offensive_EPA_points_raw - E[offensive EPA | play share], model selected by 5-fold cross-validated MSE from {constant, linear, quadratic}","null sd = sqrt of the closed-form sampling variance of the component at this player's own opportunity counts, under league-average conversion"
001815,Connor Kirst,CAN,midfield,midfield,offensive_field,11,40.0,603.0,0.06633499170812604,0.06633499170812604,82.0,0.04449267498643516,4.888866260600537,3.6672769406268415,0.12222165651501342,0.07117929713517054,0.012048181095557772,4.876818079504979,2.847171885406822,1.7128639491353181,1.7170955802346948,-0.7036388158923925,10.45727497490235,0.04472288951983953,field players (value_role offensive_field or defensive_field) with at least one recorded offensive opportunity,"constant in offensive_play_share, selected by 5-fold CV MSE",offensive_play_share = (shots + turnovers) / same summed over the player's team in the games he played,"EPA_vs_usage_expectation = offensive_EPA_points_raw - E[offensive EPA | play share], model selected by 5-fold cross-validated MSE from {constant, linear, quadratic}","null sd = sqrt of the closed-form sampling variance of the component at this player's own opportunity counts, under league-average conversion"
001816,Dox Aitken,ATL,midfield,midfield,offensive_field,11,71.0,640.0,0.1109375,0.1109375,101.0,0.046824292999536395,0.4687055546887172,0.05214145259425755,0.00660148668575658,0.05388561670510434,0.012048181095557772,0.45665737359315944,3.8258787860624084,0.11936012590277353,0.12250925366381213,-7.04206504708916,7.95537979427548,0.0005162520058837381,field players (value_role offensive_field or defensive_field) with at least one recorded offensive opportunity,"constant in offensive_play_share, selected by 5-fold CV MSE",offensive_play_share = (shots + turnovers) / same summed over the player's team in the games he played,"EPA_vs_usage_expectation = offensive_EPA_points_raw - E[offensive EPA | play share], model selected by 5-fold cross-validated MSE from {constant, linear, quadratic}","null sd = sqrt of the closed-form sampling variance of the component at this player's own opportunity counts, under league-average conversion"
001818,Jake Carraway,WAT,midfield,midfield,offensive_field,7,32.0,395.0,0.0810126582278481,0.0564373897707231,39.0,0.03344768439108062,1.6242360579131792,1.432063734009882,0.05075737680978685,0.09216650090858573,0.012048181095557772,1.6121878768176214,2.9493280290747435,0.5466288798412815,0.5507139395487083,-4.168495060168875,7.392870813804119,0.03671958292333031,field players (value_role offensive_field or defensive_field) with at least one recorded offensive opportunity,"constant in offensive_play_share, selected by 5-fold CV MSE",offensive_play_share = (shots + turnovers) / same summed over the player's team in the games he played,"EPA_vs_usage_expectation = offensive_EPA_points_raw - E[offensive EPA | play share], model selected by 5-fold cross-validated MSE from {constant, linear, quadratic}","null sd = sqrt of the closed-form sampling variance of the component at this player's own opportunity counts, under league-average conversion"
001819,Danny Logan,ATL,short_stick_defensive_midfield,defensive_field,defensive_field,11,8.0,640.0,0.0125,0.0125,58.0,0.02688919796012981,0.5858876465537926,-2.890744855103876,0.07323595581922407,0.1936228800767018,0.012048181095557772,0.5738394654582348,1.5489830406136145,0.3704620711863404,0.378240194496706,-2.4621672941444492,3.6098462250609193,-0.049840428536273726,field players (value_role offensive_field or defensive_field) with at least one recorded offensive opportunity,"constant in offensive_play_share, selected by 5-fold CV MSE",offensive_play_share = (shots + turnovers) / same summed over the player's team in the games he played,"EPA_vs_usage_expectation = offensive_EPA_points_raw - E[offensive EPA | play share], model selected by 5-fold cross-validated MSE from {constant, linear, quadratic}","null sd = sqrt of the closed-form sampling variance of the component at this player's own opportunity counts, under league-average conversion"
001820,Ryan Terefenko,OUT,short_stick_defensive_midfield,defensive_field,defensive_field,11,18.0,600.0,0.03,0.03,58.0,0.031955922865013774,2.949705601847406,0.9699678072764726,0.163872533435967,0.08226862545649455,0.012048181095557772,2.937657420751848,1.4808352582169018,1.9837840870220298,1.991920158221513,0.03522031464672093,5.8400945268569755,0.016723582884077114,field players (value_role offensive_field or defensive_field) with at least one recorded offensive opportunity,"constant in offensive_play_share, selected by 5-fold CV MSE",offensive_play_share = (shots + turnovers) / same summed over the player's team in the games he played,"EPA_vs_usage_expectation = offensive_EPA_points_raw - E[offensive EPA | play share], model selected by 5-fold cross-validated MSE from {constant, linear, quadratic}","null sd = sqrt of the closed-form sampling variance of the component at this player's own opportunity counts, under league-average conversion"
001821,Tre Leclaire,ARC,midfield,midfield,offensive_field,12,59.0,670.0,0.0880597014925373,0.0880597014925373,79.0,0.03765490943755958,12.666530931067346,12.337092661518836,0.21468696493334485,0.060010656820428415,0.012048181095557772,12.654482749971788,3.5406287524052766,3.5740778361400194,3.5774806727371558,5.714850395257446,19.59411510468613,0.1561657298926435,field players (value_role offensive_field or defensive_field) with at least one recorded offensive opportunity,"constant in offensive_play_share, selected by 5-fold CV MSE",offensive_play_share = (shots + turnovers) / same summed over the player's team in the games he played,"EPA_vs_usage_expectation = offensive_EPA_points_raw - E[offensive EPA | play share], model selected by 5-fold cross-validated MSE from {constant, linear, quadratic}","null sd = sqrt of the closed-form sampling variance of the component at this player's own opportunity counts, under league-average conversion"
001824,Ryan Tierney,RED,midfield,midfield,offensive_field,4,10.0,198.0,0.050505050505050504,0.01845018450184502,8.0,0.011799410029498525,-1.7512005452441173,-1.6458157224584382,-0.17512005452441173,0.10727590225713686,0.012048181095557772,-1.763248726339675,1.0727590225713686,-1.6436577919552007,-1.6324267691047207,-3.8658564105795574,0.3393589579002074,-0.20572696530730478,field players (value_role offensive_field or defensive_field) with at least one recorded offensive opportunity,"constant in offensive_play_share, selected by 5-fold CV MSE",offensive_play_share = (shots + turnovers) / same summed over the player's team in the games he played,"EPA_vs_usage_expectation = offensive_EPA_points_raw - E[offensive EPA | play share], model selected by 5-fold cross-validated MSE from {constant, linear, quadratic}","null sd = sqrt of the closed-form sampling variance of the component at this player's own opportunity counts, under league-average conversion"
001826,Jeff Trainor,CAN,short_stick_defensive_midfield,defensive_field,defensive_field,11,17.0,603.0,0.028192371475953566,0.028192371475953566,49.0,0.026587086272381984,2.498587536117971,2.181693210479384,0.14697573741870418,0.11999120142163555,0.012048181095557772,2.4865393550224133,2.0398504241678044,1.2189812182120383,1.2248876224036462,-1.511567476346483,6.484646186391309,0.04452435123427314,field players (value_role offensive_field or defensive_field) with at least one recorded offensive opportunity,"constant in offensive_play_share, selected by 5-fold CV MSE",offensive_play_share = (shots + turnovers) / same summed over the player's team in the games he played,"EPA_vs_usage_expectation = offensive_EPA_points_raw - E[offensive EPA | play share], model selected by 5-fold cross-validated MSE from {constant, linear, quadratic}","null sd = sqrt of the closed-form sampling variance of the component at this player's own opportunity counts, under league-average conversion"
001828,Justin Anderson,OUT,midfield,midfield,offensive_field,11,49.0,600.0,0.08166666666666667,0.08166666666666667,89.0,0.049035812672176306,2.4331567198232666,3.2071595359130436,0.04965625958822993,0.05927292961848322,0.012048181095557772,2.421108538727709,2.9043735513056776,0.8336078317609268,0.8377561208438312,-3.271463621831419,8.113680699286837,0.03603550040351734,field players (value_role offensive_field or defensive_field) with at least one recorded offensive opportunity,"constant in offensive_play_share, selected by 5-fold CV MSE",offensive_play_share = (shots + turnovers) / same summed over the player's team in the games he played,"EPA_vs_usage_expectation = offensive_EPA_points_raw - E[offensive EPA | play share], model selected by 5-fold cross-validated MSE from {constant, linear, quadratic}","null sd = sqrt of the closed-form sampling variance of the component at this player's own opportunity counts, under league-average conversion"
001831,Colin Squires,WHP,long_stick_midfield,defensive_field,defensive_field,13,8.0,771.0,0.010376134889753566,0.010376134889753566,85.0,0.03563941299790356,-0.3887698363141703,-1.2132398869727299,-0.048596229539271285,0.18004657575801325,0.012048181095557772,-0.40081801740972806,1.440372606064106,-0.27827384089522805,-0.26990921285048897,-3.2239483252953756,2.4223122904759196,-0.014273410434973292,field players (value_role offensive_field or defensive_field) with at least one recorded offensive opportunity,"constant in offensive_play_share, selected by 5-fold CV MSE",offensive_play_share = (shots + turnovers) / same summed over the player's team in the games he played,"EPA_vs_usage_expectation = offensive_EPA_points_raw - E[offensive EPA | play share], model selected by 5-fold cross-validated MSE from {constant, linear, quadratic}","null sd = sqrt of the closed-form sampling variance of the component at this player's own opportunity counts, under league-average conversion"
001832,Charlie Bertrand,RED,midfield,midfield,offensive_field,10,61.0,542.0,0.11254612546125461,0.11254612546125461,69.0,0.039953676896352056,1.2704198918319782,0.995888000541554,0.02082655560380292,0.055892050905620994,0.012048181095557772,1.2583717107364205,3.4094151052428807,0.36908726919210866,0.3726210662580718,-5.424081895539626,7.940825317012466,0.014433159428138465,field players (value_role offensive_field or defensive_field) with at least one recorded offensive opportunity,"constant in offensive_play_share, selected by 5-fold CV MSE",offensive_play_share = (shots + turnovers) / same summed over the player's team in the games he played,"EPA_vs_usage_expectation = offensive_EPA_points_raw - E[offensive EPA | play share], model selected by 5-fold cross-validated MSE from {constant, linear, quadratic}","null sd = sqrt of the closed-form sampling variance of the component at this player's own opportunity counts, under league-average conversion"
001835,Ethan Walker,WAT,attack,attack,offensive_field,10,38.0,567.0,0.06701940035273368,0.06701940035273368,60.0,0.035650623885918005,-1.8290764607656111,-1.673213193452338,-0.04813359107277924,0.06697118402997632,0.012048181095557772,-1.8411246418611689,2.5449049931391,-0.7234551571963285,-0.7187209210939832,-6.829138428413804,3.146889144691467,-0.027886886557538966,field players (value_role offensive_field or defensive_field) with at least one recorded offensive opportunity,"constant in offensive_play_share, selected by 5-fold CV MSE",offensive_play_share = (shots + turnovers) / same summed over the player's team in the games he played,"EPA_vs_usage_expectation = offensive_EPA_points_raw - E[offensive EPA | play share], model selected by 5-fold cross-validated MSE from {constant, linear, quadratic}","null sd = sqrt of the closed-form sampling variance of the component at this player's own opportunity counts, under league-average conversion"
001836,Jackson Morrill,WHP,attack,attack,offensive_field,3,10.0,164.0,0.06097560975609756,0.01297016861219196,17.0,0.03046594982078853,-0.058063741618136544,-0.14042330900526384,-0.005806374161813654,0.11412270046011944,0.012048181095557772,-0.07011192271369426,1.1412270046011943,-0.061435562277283404,-0.05087834531082369,-2.306916851732035,2.1666930063046466,-0.008260194647368461,field players (value_role offensive_field or defensive_field) with at least one recorded offensive opportunity,"constant in offensive_play_share, selected by 5-fold CV MSE",offensive_play_share = (shots + turnovers) / same summed over the player's team in the games he played,"EPA_vs_usage_expectation = offensive_EPA_points_raw - E[offensive EPA | play share], model selected by 5-fold cross-validated MSE from {constant, linear, quadratic}","null sd = sqrt of the closed-form sampling variance of the component at this player's own opportunity counts, under league-average conversion"
001839,Nick Grill,OUT,long_stick_midfield,defensive_field,defensive_field,10,2.0,532.0,0.0037593984962406013,0.0033333333333333335,19.0,0.011860174781523096,-0.20493725485460246,-0.16044492833227933,-0.10246862742730123,0.37826908321836034,0.012048181095557772,-0.2169854359501603,0.7565381664367207,-0.28681360118572374,-0.27088819037359707,-1.6998002421661327,1.2658293702658123,-0.008444469912225227,field players (value_role offensive_field or defensive_field) with at least one recorded offensive opportunity,"constant in offensive_play_share, selected by 5-fold CV MSE",offensive_play_share = (shots + turnovers) / same summed over the player's team in the games he played,"EPA_vs_usage_expectation = offensive_EPA_points_raw - E[offensive EPA | play share], model selected by 5-fold cross-validated MSE from {constant, linear, quadratic}","null sd = sqrt of the closed-form sampling variance of the component at this player's own opportunity counts, under league-average conversion"
002006,Reid Bowering,ATL,midfield,midfield,offensive_field,3,11.0,169.0,0.0650887573964497,0.0171875,17.0,0.027823240589198037,-0.5827280863654345,-0.6650876537525617,-0.052975280578675864,0.11738706073960158,0.012048181095557772,-0.5947762674609922,1.2912576681356174,-0.4606178008760715,-0.45128722233015395,-3.125641297006802,1.936088762084818,-0.039122803161915395,field players (value_role offensive_field or defensive_field) with at least one recorded offensive opportunity,"constant in offensive_play_share, selected by 5-fold CV MSE",offensive_play_share = (shots + turnovers) / same summed over the player's team in the games he played,"EPA_vs_usage_expectation = offensive_EPA_points_raw - E[offensive EPA | play share], model selected by 5-fold cross-validated MSE from {constant, linear, quadratic}","null sd = sqrt of the closed-form sampling variance of the component at this player's own opportunity counts, under league-average conversion"
002015,Logan Wisnauskas,OUT,attack,attack,offensive_field,1,9.0,57.0,0.15789473684210525,0.015,13.0,0.07471264367816093,1.0936783431517643,1.0662251540227219,0.12151981590575159,0.13623711239571726,0.012048181095557772,1.0816301620562063,1.2261340115614554,0.8821467734010359,0.8919729269714884,-1.3215925006042464,3.484852824716659,0.08201731954020938,field players (value_role offensive_field or defensive_field) with at least one recorded offensive opportunity,"constant in offensive_play_share, selected by 5-fold CV MSE",offensive_play_share = (shots + turnovers) / same summed over the player's team in the games he played,"EPA_vs_usage_expectation = offensive_EPA_points_raw - E[offensive EPA | play share], model selected by 5-fold cross-validated MSE from {constant, linear, quadratic}","null sd = sqrt of the closed-form sampling variance of the component at this player's own opportunity counts, under league-average conversion"
002016,Chris Gray,RED,attack,attack,offensive_field,8,50.0,432.0,0.11574074074074074,0.09225092250922509,71.0,0.05089605734767025,-2.2729486620797497,-2.2773765958102405,-0.045458973241594994,0.05983003766082198,0.012048181095557772,-2.2849968431753074,2.9915018830410993,-0.7638293180188229,-0.7598018490194353,-8.148340533935862,3.5783468475852476,-0.03207572670155268,field players (value_role offensive_field or defensive_field) with at least one recorded offensive opportunity,"constant in offensive_play_share, selected by 5-fold CV MSE",offensive_play_share = (shots + turnovers) / same summed over the player's team in the games he played,"EPA_vs_usage_expectation = offensive_EPA_points_raw - E[offensive EPA | play share], model selected by 5-fold cross-validated MSE from {constant, linear, quadratic}","null sd = sqrt of the closed-form sampling variance of the component at this player's own opportunity counts, under league-average conversion"
002017,Arden Cohen,RED,defense,defensive_field,defensive_field,10,3.0,542.0,0.005535055350553505,0.005535055350553505,33.0,0.01910828025477707,-0.20352707624436567,0.27136040888165486,-0.06784235874812189,0.18396168918695313,0.012048181095557772,-0.2155752573399235,0.5518850675608594,-0.3906162170552854,-0.3687852565822894,-1.297269989759208,0.866119475079361,0.00822304269338348,field players (value_role offensive_field or defensive_field) with at least one recorded offensive opportunity,"constant in offensive_play_share, selected by 5-fold CV MSE",offensive_play_share = (shots + turnovers) / same summed over the player's team in the games he played,"EPA_vs_usage_expectation = offensive_EPA_points_raw - E[offensive EPA | play share], model selected by 5-fold cross-validated MSE from {constant, linear, quadratic}","null sd = sqrt of the closed-form sampling variance of the component at this player's own opportunity counts, under league-average conversion"
002018,Matt Moore,ARC,attack,attack,offensive_field,9,51.0,500.0,0.102,0.07611940298507462,71.0,0.04551282051282051,-1.963099127636767,-2.2101778297981487,-0.03849213975758367,0.062371893505804264,0.012048181095557772,-1.9751473087323248,3.1809665687960176,-0.6209267736755592,-0.617139188727718,-8.209841783572518,4.259547166107869,-0.031129265208424628,field players (value_role offensive_field or defensive_field) with at least one recorded offensive opportunity,"constant in offensive_play_share, selected by 5-fold CV MSE",offensive_play_share = (shots + turnovers) / same summed over the player's team in the games he played,"EPA_vs_usage_expectation = offensive_EPA_points_raw - E[offensive EPA | play share], model selected by 5-fold cross-validated MSE from {constant, linear, quadratic}","null sd = sqrt of the closed-form sampling variance of the component at this player's own opportunity counts, under league-average conversion"
002019,Koby Smith,ATL,long_stick_midfield,defensive_field,defensive_field,11,15.0,640.0,0.0234375,0.0234375,45.0,0.02086230876216968,0.4339107953302467,-0.09818110961018944,0.02892738635534978,0.14901176612815883,0.012048181095557772,0.4218626142346889,2.2351764919223824,0.18873794340591976,0.1941282028056129,-3.959083309933181,4.802808538402559,-0.002181802435781988,field players (value_role offensive_field or defensive_field) with at least one recorded offensive opportunity,"constant in offensive_play_share, selected by 5-fold CV MSE",offensive_play_share = (shots + turnovers) / same summed over the player's team in the games he played,"EPA_vs_usage_expectation = offensive_EPA_points_raw - E[offensive EPA | play share], model selected by 5-fold cross-validated MSE from {constant, linear, quadratic}","null sd = sqrt of the closed-form sampling variance of the component at this player's own opportunity counts, under league-average conversion"
002020,Brett Kennedy,WHP,long_stick_midfield,defensive_field,defensive_field,1,1.0,66.0,0.015151515151515152,0.0012970168612191958,0.0,0.0,-0.18424730443288165,-0.3304363772919434,-0.18424730443288165,0.07963113540385444,0.012048181095557772,-0.19629548552843937,0.07963113540385444,-2.4650594837423094,-2.313759605441509,-0.3523725109199941,-0.040218460136884654,,field players (value_role offensive_field or defensive_field) with at least one recorded offensive opportunity,"constant in offensive_play_share, selected by 5-fold CV MSE",offensive_play_share = (shots + turnovers) / same summed over the player's team in the games he played,"EPA_vs_usage_expectation = offensive_EPA_points_raw - E[offensive EPA | play share], model selected by 5-fold cross-validated MSE from {constant, linear, quadratic}","null sd = sqrt of the closed-form sampling variance of the component at this player's own opportunity counts, under league-average conversion"
002021,Roman Puglise,WHP,short_stick_defensive_midfield,defensive_field,defensive_field,13,14.0,771.0,0.018158236057068743,0.018158236057068743,39.0,0.016352201257861635,2.6247942698409985,1.2553500389037484,0.18748530498864274,0.1048523343492656,0.012048181095557772,2.612746088745441,1.4679326808897184,1.7798814092495356,1.788088993461269,-0.26440196579840736,5.489894143289289,0.03218846253599355,field players (value_role offensive_field or defensive_field) with at least one recorded offensive opportunity,"constant in offensive_play_share, selected by 5-fold CV MSE",offensive_play_share = (shots + turnovers) / same summed over the player's team in the games he played,"EPA_vs_usage_expectation = offensive_EPA_points_raw - E[offensive EPA | play share], model selected by 5-fold cross-validated MSE from {constant, linear, quadratic}","null sd = sqrt of the closed-form sampling variance of the component at this player's own opportunity counts, under league-average conversion"
002022,Zach Geddes,CHA,short_stick_defensive_midfield,defensive_field,defensive_field,12,22.0,615.0,0.03577235772357724,0.03577235772357724,45.0,0.024324324324324326,0.9989121959523504,0.4212497757797081,0.045405099816015926,0.09786748770084933,0.012048181095557772,0.9868640148567926,2.1530847294186852,0.45834889884860114,0.4639446754248488,-3.23318205480383,5.206910084517416,0.00936110612843796,field players (value_role offensive_field or defensive_field) with at least one recorded offensive opportunity,"constant in offensive_play_share, selected by 5-fold CV MSE",offensive_play_share = (shots + turnovers) / same summed over the player's team in the games he played,"EPA_vs_usage_expectation = offensive_EPA_points_raw - E[offensive EPA | play share], model selected by 5-fold cross-validated MSE from {constant, linear, quadratic}","null sd = sqrt of the closed-form sampling variance of the component at this player's own opportunity counts, under league-average conversion"
002024,Asher Nolting,CAN,attack,attack,offensive_field,11,82.0,603.0,0.13598673300165837,0.13598673300165837,137.0,0.07433532284319046,-4.492134532805222,-4.478303476295985,-0.054782128448844176,0.04049619402100127,0.012048181095557772,-4.50418271390078,3.320687909722104,-1.3564004918118664,-1.3527722733754743,-11.012731016956103,2.004365589154543,-0.032688346542306464,field players (value_role offensive_field or defensive_field) with at least one recorded offensive opportunity,"constant in offensive_play_share, selected by 5-fold CV MSE",offensive_play_share = (shots + turnovers) / same summed over the player's team in the games he played,"EPA_vs_usage_expectation = offensive_EPA_points_raw - E[offensive EPA | play share], model selected by 5-fold cross-validated MSE from {constant, linear, quadratic}","null sd = sqrt of the closed-form sampling variance of the component at this player's own opportunity counts, under league-average conversion"
002025,Bubba Fairman,CAN,short_stick_defensive_midfield,defensive_field,defensive_field,11,11.0,603.0,0.01824212271973466,0.01824212271973466,30.0,0.016277807921866522,-1.893170346264616,-2.965841072326201,-0.1721063951149651,0.11481780730522866,0.012048181095557772,-1.905218527360174,1.2629958803575152,-1.5084914820314896,-1.4989521151317753,-4.380690452860904,0.5702533981405555,-0.09886136907754003,field players (value_role offensive_field or defensive_field) with at least one recorded offensive opportunity,"constant in offensive_play_share, selected by 5-fold CV MSE",offensive_play_share = (shots + turnovers) / same summed over the player's team in the games he played,"EPA_vs_usage_expectation = offensive_EPA_points_raw - E[offensive EPA | play share], model selected by 5-fold cross-validated MSE from {constant, linear, quadratic}","null sd = sqrt of the closed-form sampling variance of the component at this player's own opportunity counts, under league-average conversion"
002026,Brett Dobson,ARC,goalie,goalie,goalie,12,8.0,670.0,0.011940298507462687,0.011940298507462687,584.0,0.2783603431839847,-0.906506903740754,22.788283491311496,-0.11331336296759426,0.13830277048009815,,,1.1064221638407852,,-0.8193137604853702,,,0.039021033375533386,outside the fitted population; no offensive-usage expectation is defined,not_applicable,offensive_play_share = (shots + turnovers) / same summed over the player's team in the games he played,"EPA_vs_usage_expectation = offensive_EPA_points_raw - E[offensive EPA | play share], model selected by 5-fold cross-validated MSE from {constant, linear, quadratic}","null sd = sqrt of the closed-form sampling variance of the component at this player's own opportunity counts, under league-average conversion"
002028,Jack Hannah,WAT,midfield,midfield,offensive_field,7,61.0,399.0,0.15288220551378445,0.10758377425044091,74.0,0.06192468619246862,-5.2503717635573635,-5.227346508158812,-0.08607166825503874,0.054792821672966646,0.012048181095557772,-5.2624199446529225,3.3423621220509654,-1.5744613397616405,-1.5708566492297342,-11.813449703872815,1.2886098145669695,-0.07063981767782178,field players (value_role offensive_field or defensive_field) with at least one recorded offensive opportunity,"constant in offensive_play_share, selected by 5-fold CV MSE",offensive_play_share = (shots + turnovers) / same summed over the player's team in the games he played,"EPA_vs_usage_expectation = offensive_EPA_points_raw - E[offensive EPA | play share], model selected by 5-fold cross-validated MSE from {constant, linear, quadratic}","null sd = sqrt of the closed-form sampling variance of the component at this player's own opportunity counts, under league-average conversion"
002029,Wheaton Jackoboice,WHP,short_stick_defensive_midfield,defensive_field,defensive_field,8,7.0,465.0,0.015053763440860216,0.009079118028534372,19.0,0.013352073085031623,-0.37118977548047716,-1.3255047790511227,-0.05302711078292531,0.19877378754871128,0.012048181095557772,-0.383237956576035,1.391416512840979,-0.2754300765006331,-0.26677114440922217,-3.110414321744354,2.3439384085922836,-0.0697634094237433,field players (value_role offensive_field or defensive_field) with at least one recorded offensive opportunity,"constant in offensive_play_share, selected by 5-fold CV MSE",offensive_play_share = (shots + turnovers) / same summed over the player's team in the games he played,"EPA_vs_usage_expectation = offensive_EPA_points_raw - E[offensive EPA | play share], model selected by 5-fold cross-validated MSE from {constant, linear, quadratic}","null sd = sqrt of the closed-form sampling variance of the component at this player's own opportunity counts, under league-average conversion"
002030,Jonathan Donville,CAN,midfield,midfield,offensive_field,1,6.0,57.0,0.10526315789473684,0.009950248756218905,3.0,0.02040816326530612,-1.174688763032917,-1.2021419521619594,-0.19578146050548617,0.11198083408775118,0.012048181095557772,-1.1867369441284747,0.6718850045265071,-1.7662798486845166,-1.7483479391845445,-2.503631553000429,0.13015766474347923,-0.40071398405398645,field players (value_role offensive_field or defensive_field) with at least one recorded offensive opportunity,"constant in offensive_play_share, selected by 5-fold CV MSE",offensive_play_share = (shots + turnovers) / same summed over the player's team in the games he played,"EPA_vs_usage_expectation = offensive_EPA_points_raw - E[offensive EPA | play share], model selected by 5-fold cross-validated MSE from {constant, linear, quadratic}","null sd = sqrt of the closed-form sampling variance of the component at this player's own opportunity counts, under league-average conversion"
002031,Ryan McNulty,CHA,long_stick_midfield,defensive_field,defensive_field,4,2.0,197.0,0.01015228426395939,0.0032520325203252032,12.0,0.01932367149758454,-0.3596886291994377,-0.7292473413338361,-0.17984431459971886,0.36764262832501493,0.012048181095557772,-0.3717368102949954,0.7352852566500299,-0.5055681545807591,-0.48918243082716534,-1.8128959133290539,1.069422292739063,-0.06077061177781967,field players (value_role offensive_field or defensive_field) with at least one recorded offensive opportunity,"constant in offensive_play_share, selected by 5-fold CV MSE",offensive_play_share = (shots + turnovers) / same summed over the player's team in the games he played,"EPA_vs_usage_expectation = offensive_EPA_points_raw - E[offensive EPA | play share], model selected by 5-fold cross-validated MSE from {constant, linear, quadratic}","null sd = sqrt of the closed-form sampling variance of the component at this player's own opportunity counts, under league-average conversion"
002033,Nakeie Montgomery,RED,midfield,midfield,offensive_field,8,24.0,439.0,0.05466970387243736,0.04428044280442804,35.0,0.025179856115107913,-3.1649885826312127,-3.2839955380366965,-0.13187452427630053,0.08600191045658302,0.012048181095557772,-3.1770367637267705,2.0640458509579926,-1.5392278045820549,-1.5333906372100385,-7.222566631604437,0.8684931041508954,-0.09382844394390562,field players (value_role offensive_field or defensive_field) with at least one recorded offensive opportunity,"constant in offensive_play_share, selected by 5-fold CV MSE",offensive_play_share = (shots + turnovers) / same summed over the player's team in the games he played,"EPA_vs_usage_expectation = offensive_EPA_points_raw - E[offensive EPA | play share], model selected by 5-fold cross-validated MSE from {constant, linear, quadratic}","null sd = sqrt of the closed-form sampling variance of the component at this player's own opportunity counts, under league-average conversion"
002034,Keegan Khan,WHP,midfield,midfield,offensive_field,3,8.0,155.0,0.05161290322580645,0.010376134889753566,11.0,0.021912350597609563,-0.6937276466178174,-0.5608896347030959,-0.08671595582722717,0.1637817120186705,0.012048181095557772,-0.7057758277133751,1.310253696149364,-0.5386558570966392,-0.5294605530643243,-3.2738730721661287,1.8623214167393782,-0.05098996679119054,field players (value_role offensive_field or defensive_field) with at least one recorded offensive opportunity,"constant in offensive_play_share, selected by 5-fold CV MSE",offensive_play_share = (shots + turnovers) / same summed over the player's team in the games he played,"EPA_vs_usage_expectation = offensive_EPA_points_raw - E[offensive EPA | play share], model selected by 5-fold cross-validated MSE from {constant, linear, quadratic}","null sd = sqrt of the closed-form sampling variance of the component at this player's own opportunity counts, under league-average conversion"
002038,Colin Kirst,CAN,goalie,goalie,goalie,11,2.0,603.0,0.003316749585406302,0.003316749585406302,466.0,0.25284861638632666,0.52590587341173,0.7350344604870834,0.262952936705865,0.22397319102795826,,,0.4479463820559165,,1.1740375510970906,,,0.0015773271684272176,outside the fitted population; no offensive-usage expectation is defined,not_applicable,offensive_play_share = (shots + turnovers) / same summed over the player's team in the games he played,"EPA_vs_usage_expectation = offensive_EPA_points_raw - E[offensive EPA | play share], model selected by 5-fold cross-validated MSE from {constant, linear, quadratic}","null sd = sqrt of the closed-form sampling variance of the component at this player's own opportunity counts, under league-average conversion"
002039,Owen McElroy,OUT,goalie,goalie,goalie,10,4.0,543.0,0.007366482504604052,0.006666666666666667,434.0,0.2644728823887873,-0.19806076074266465,-8.124581680784587,-0.049515190185666164,0.2039655048441027,,,0.8158620193764108,,-0.2427625701880923,,,-0.018720234287522088,outside the fitted population; no offensive-usage expectation is defined,not_applicable,offensive_play_share = (shots + turnovers) / same summed over the player's team in the games he played,"EPA_vs_usage_expectation = offensive_EPA_points_raw - E[offensive EPA | play share], model selected by 5-fold cross-validated MSE from {constant, linear, quadratic}","null sd = sqrt of the closed-form sampling variance of the component at this player's own opportunity counts, under league-average conversion"
002042,Jon Robbins,ARC,long_stick_midfield,defensive_field,defensive_field,11,5.0,612.0,0.008169934640522876,0.007462686567164179,30.0,0.015690376569037656,-0.8211788288558792,-0.922875575192618,-0.16423576577117585,0.13859555478738844,0.012048181095557772,-0.833227009951437,0.6929777739369422,-1.2023863409322806,-1.1850002406146474,-2.191463446867844,0.5250094269649697,-0.030762519173087265,field players (value_role offensive_field or defensive_field) with at least one recorded offensive opportunity,"constant in offensive_play_share, selected by 5-fold CV MSE",offensive_play_share = (shots + turnovers) / same summed over the player's team in the games he played,"EPA_vs_usage_expectation = offensive_EPA_points_raw - E[offensive EPA | play share], model selected by 5-fold cross-validated MSE from {constant, linear, quadratic}","null sd = sqrt of the closed-form sampling variance of the component at this player's own opportunity counts, under league-average conversion"
002043,Ryan Aughavin,ARC,midfield,midfield,offensive_field,6,16.0,348.0,0.04597701149425287,0.023880597014925373,18.0,0.01655933762649494,-1.6222809703227143,-1.7870001050969688,-0.10139256064516965,0.13114548606291374,0.012048181095557772,-1.6343291514182723,2.0983277770066198,-0.7788721901921981,-0.7731303889218812,-5.747051594351246,2.4783932915147022,-0.09927778361649826,field players (value_role offensive_field or defensive_field) with at least one recorded offensive opportunity,"constant in offensive_play_share, selected by 5-fold CV MSE",offensive_play_share = (shots + turnovers) / same summed over the player's team in the games he played,"EPA_vs_usage_expectation = offensive_EPA_points_raw - E[offensive EPA | play share], model selected by 5-fold cross-validated MSE from {constant, linear, quadratic}","null sd = sqrt of the closed-form sampling variance of the component at this player's own opportunity counts, under league-average conversion"
002054,Chris Merle,RED,short_stick_defensive_midfield,defensive_field,defensive_field,10,11.0,542.0,0.02029520295202952,0.02029520295202952,40.0,0.023161551823972205,-0.1628726742483104,1.3880027073869534,-0.0148066067498464,0.14019500589491507,0.012048181095557772,-0.17492085534386817,1.5421450648440658,-0.11342697864909053,-0.10561436661263725,-3.197525182438237,2.8476834717505004,0.03470006768467383,field players (value_role offensive_field or defensive_field) with at least one recorded offensive opportunity,"constant in offensive_play_share, selected by 5-fold CV MSE",offensive_play_share = (shots + turnovers) / same summed over the player's team in the games he played,"EPA_vs_usage_expectation = offensive_EPA_points_raw - E[offensive EPA | play share], model selected by 5-fold cross-validated MSE from {constant, linear, quadratic}","null sd = sqrt of the closed-form sampling variance of the component at this player's own opportunity counts, under league-average conversion"
002059,Brendan Krebs,WHP,goalie,goalie,goalie,13,9.0,771.0,0.011673151750972763,0.011673151750972763,566.0,0.23731656184486374,-0.8549953960316645,-3.2301219514215997,-0.09499948844796273,0.09645306718812453,,,0.8680776046931208,,-0.9849296784173104,,,-0.005706929242794346,outside the fitted population; no offensive-usage expectation is defined,not_applicable,offensive_play_share = (shots + turnovers) / same summed over the player's team in the games he played,"EPA_vs_usage_expectation = offensive_EPA_points_raw - E[offensive EPA | play share], model selected by 5-fold cross-validated MSE from {constant, linear, quadratic}","null sd = sqrt of the closed-form sampling variance of the component at this player's own opportunity counts, under league-average conversion"
002063,Ryan Kennedy,RED,long_stick_midfield,defensive_field,defensive_field,2,1.0,103.0,0.009708737864077669,0.0018450184501845018,3.0,0.008902077151335312,-0.19611900751655126,-0.4884971532346748,-0.19611900751655126,0.46681386605940206,0.012048181095557772,-0.2081671886121091,0.46681386605940206,-0.44593188794786104,-0.42012249801421947,-1.1231223660885372,0.7067879888643189,-0.16283238441155826,field players (value_role offensive_field or defensive_field) with at least one recorded offensive opportunity,"constant in offensive_play_share, selected by 5-fold CV MSE",offensive_play_share = (shots + turnovers) / same summed over the player's team in the games he played,"EPA_vs_usage_expectation = offensive_EPA_points_raw - E[offensive EPA | play share], model selected by 5-fold cross-validated MSE from {constant, linear, quadratic}","null sd = sqrt of the closed-form sampling variance of the component at this player's own opportunity counts, under league-average conversion"
002067,Zac Tucci,CAN,faceoff,faceoff,faceoff,10,31.0,556.0,0.05575539568345324,0.05140961857379768,389.0,0.2350453172205438,-2.996186892669412,-3.595396153682378,-0.09665119008611006,0.09568287599532477,,,2.966169155855068,,-1.0101200353847286,,,-0.009242663634144931,outside the fitted population; no offensive-usage expectation is defined,not_applicable,offensive_play_share = (shots + turnovers) / same summed over the player's team in the games he played,"EPA_vs_usage_expectation = offensive_EPA_points_raw - E[offensive EPA | play share], model selected by 5-fold cross-validated MSE from {constant, linear, quadratic}","null sd = sqrt of the closed-form sampling variance of the component at this player's own opportunity counts, under league-average conversion"
002074,Alexander Smith,OUT,short_stick_defensive_midfield,defensive_field,defensive_field,8,3.0,429.0,0.006993006993006993,0.005,7.0,0.005455962587685113,-0.30513971434690856,-0.9436385809888497,-0.10171323811563619,0.0880355325881904,0.012048181095557772,-0.3171878954424663,0.2641065977645712,-1.2009843681573324,-1.1553657384164062,-0.8348368270610258,0.20046103617609323,-0.13480551156983567,field players (value_role offensive_field or defensive_field) with at least one recorded offensive opportunity,"constant in offensive_play_share, selected by 5-fold CV MSE",offensive_play_share = (shots + turnovers) / same summed over the player's team in the games he played,"EPA_vs_usage_expectation = offensive_EPA_points_raw - E[offensive EPA | play share], model selected by 5-fold cross-validated MSE from {constant, linear, quadratic}","null sd = sqrt of the closed-form sampling variance of the component at this player's own opportunity counts, under league-average conversion"
003004,Mike Sisselberger,ARC,faceoff,faceoff,faceoff,12,30.0,670.0,0.04477611940298507,0.04477611940298507,494.0,0.23546234509056244,-3.940652340209592,0.4356466999109645,-0.1313550780069864,0.04712161962482716,,,1.4136485887448147,,-2.78757561927644,,,0.0008818759107509403,outside the fitted population; no offensive-usage expectation is defined,not_applicable,offensive_play_share = (shots + turnovers) / same summed over the player's team in the games he played,"EPA_vs_usage_expectation = offensive_EPA_points_raw - E[offensive EPA | play share], model selected by 5-fold cross-validated MSE from {constant, linear, quadratic}","null sd = sqrt of the closed-form sampling variance of the component at this player's own opportunity counts, under league-average conversion"
003005,Connor Maher,ARC,short_stick_defensive_midfield,defensive_field,defensive_field,12,4.0,670.0,0.005970149253731343,0.005970149253731343,27.0,0.012869399428026692,-0.28762835502735074,-1.6533834628768067,-0.07190708875683768,0.294082496842073,0.012048181095557772,-0.2996765361229085,1.176329987368292,-0.2547555017222256,-0.24451332374076293,-2.6052833113647607,2.0059302391189435,-0.06123642455099284,field players (value_role offensive_field or defensive_field) with at least one recorded offensive opportunity,"constant in offensive_play_share, selected by 5-fold CV MSE",offensive_play_share = (shots + turnovers) / same summed over the player's team in the games he played,"EPA_vs_usage_expectation = offensive_EPA_points_raw - E[offensive EPA | play share], model selected by 5-fold cross-validated MSE from {constant, linear, quadratic}","null sd = sqrt of the closed-form sampling variance of the component at this player's own opportunity counts, under league-average conversion"
003006,Piper Bond,ARC,short_stick_defensive_midfield,defensive_field,defensive_field,12,18.0,670.0,0.026865671641791045,0.026865671641791045,50.0,0.023832221163012392,-0.7701869795378767,-2.0074026016642024,-0.042788165529882044,0.07927634406126875,0.012048181095557772,-0.7822351606334345,1.4269741931028375,-0.5481775104373322,-0.539734343662634,-3.579104579114996,2.014634257848127,-0.040148052033284046,field players (value_role offensive_field or defensive_field) with at least one recorded offensive opportunity,"constant in offensive_play_share, selected by 5-fold CV MSE",offensive_play_share = (shots + turnovers) / same summed over the player's team in the games he played,"EPA_vs_usage_expectation = offensive_EPA_points_raw - E[offensive EPA | play share], model selected by 5-fold cross-validated MSE from {constant, linear, quadratic}","null sd = sqrt of the closed-form sampling variance of the component at this player's own opportunity counts, under league-average conversion"
003007,Cam Wyers,ARC,defense,defensive_field,defensive_field,11,6.0,621.0,0.00966183574879227,0.008955223880597015,38.0,0.019367991845056064,-1.2575606681104876,-1.3592574144472263,-0.20959344468508126,0.23648912195744995,0.012048181095557772,-1.2696088492060456,1.4189347317446996,-0.8947619793934811,-0.8862709749617665,-4.050720923425657,1.5115032250135656,-0.03576993195913753,field players (value_role offensive_field or defensive_field) with at least one recorded offensive opportunity,"constant in offensive_play_share, selected by 5-fold CV MSE",offensive_play_share = (shots + turnovers) / same summed over the player's team in the games he played,"EPA_vs_usage_expectation = offensive_EPA_points_raw - E[offensive EPA | play share], model selected by 5-fold cross-validated MSE from {constant, linear, quadratic}","null sd = sqrt of the closed-form sampling variance of the component at this player's own opportunity counts, under league-average conversion"
003008,Gavin Adler,ATL,defense,defensive_field,defensive_field,11,2.0,640.0,0.003125,0.003125,20.0,0.00927213722763097,0.29177792167220035,2.7724521269576456,0.14588896083610017,0.19232746397734649,0.012048181095557772,0.2797297405766425,0.38465492795469297,0.7272225577975457,0.7585446083419676,-0.47419391821455564,1.0336533993678407,0.1386226063478823,field players (value_role offensive_field or defensive_field) with at least one recorded offensive opportunity,"constant in offensive_play_share, selected by 5-fold CV MSE",offensive_play_share = (shots + turnovers) / same summed over the player's team in the games he played,"EPA_vs_usage_expectation = offensive_EPA_points_raw - E[offensive EPA | play share], model selected by 5-fold cross-validated MSE from {constant, linear, quadratic}","null sd = sqrt of the closed-form sampling variance of the component at this player's own opportunity counts, under league-average conversion"
003009,Brett Makar,ATL,defense,defensive_field,defensive_field,11,8.0,640.0,0.0125,0.0125,30.0,0.013908205841446454,-0.9302118033579623,-0.386315811789155,-0.11627647541974528,0.13775273871674293,0.012048181095557772,-0.94225998445352,1.1020219097339434,-0.8550283584479785,-0.8440955621132247,-3.102222927532049,1.2177029586250092,-0.012877193726305166,field players (value_role offensive_field or defensive_field) with at least one recorded offensive opportunity,"constant in offensive_play_share, selected by 5-fold CV MSE",offensive_play_share = (shots + turnovers) / same summed over the player's team in the games he played,"EPA_vs_usage_expectation = offensive_EPA_points_raw - E[offensive EPA | play share], model selected by 5-fold cross-validated MSE from {constant, linear, quadratic}","null sd = sqrt of the closed-form sampling variance of the component at this player's own opportunity counts, under league-average conversion"
003010,Xander Dickson,ATL,attack,attack,offensive_field,11,74.0,640.0,0.115625,0.115625,102.0,0.04728789986091794,6.672578569839957,7.446581385929734,0.09016998067351294,0.04867922191300791,0.012048181095557772,6.660530388744399,3.6022624215625854,1.8489853345707117,1.8523299496169225,-0.39990395751826835,13.720964735007065,0.07300569986205621,field players (value_role offensive_field or defensive_field) with at least one recorded offensive opportunity,"constant in offensive_play_share, selected by 5-fold CV MSE",offensive_play_share = (shots + turnovers) / same summed over the player's team in the games he played,"EPA_vs_usage_expectation = offensive_EPA_points_raw - E[offensive EPA | play share], model selected by 5-fold cross-validated MSE from {constant, linear, quadratic}","null sd = sqrt of the closed-form sampling variance of the component at this player's own opportunity counts, under league-average conversion"
003011,Payton Rezanka,ATL,short_stick_defensive_midfield,defensive_field,defensive_field,11,6.0,640.0,0.009375,0.009375,18.0,0.008344923504867872,0.8042073831153951,-0.05766112280188275,0.13403456385256585,0.17397125622471746,0.012048181095557772,0.7921592020198374,1.0438275373483048,0.7588985475821083,0.7704408576519924,-1.25374277118284,2.8380611752225144,-0.0032033957112157082,field players (value_role offensive_field or defensive_field) with at least one recorded offensive opportunity,"constant in offensive_play_share, selected by 5-fold CV MSE",offensive_play_share = (shots + turnovers) / same summed over the player's team in the games he played,"EPA_vs_usage_expectation = offensive_EPA_points_raw - E[offensive EPA | play share], model selected by 5-fold cross-validated MSE from {constant, linear, quadratic}","null sd = sqrt of the closed-form sampling variance of the component at this player's own opportunity counts, under league-average conversion"
003013,Matt Campbell,CAN,midfield,midfield,offensive_field,11,63.0,603.0,0.1044776119402985,0.1044776119402985,90.0,0.048833423765599564,5.001770208252195,4.914982707134577,0.07939317790876499,0.06600661906360579,0.012048181095557772,4.9897220271566365,4.158417001007165,1.1999090100747785,1.202806309958999,-3.160775294817407,13.14021934913068,0.05461091896816196,field players (value_role offensive_field or defensive_field) with at least one recorded offensive opportunity,"constant in offensive_play_share, selected by 5-fold CV MSE",offensive_play_share = (shots + turnovers) / same summed over the player's team in the games he played,"EPA_vs_usage_expectation = offensive_EPA_points_raw - E[offensive EPA | play share], model selected by 5-fold cross-validated MSE from {constant, linear, quadratic}","null sd = sqrt of the closed-form sampling variance of the component at this player's own opportunity counts, under league-average conversion"
003015,Will Bowen,CHA,defense,defensive_field,defensive_field,11,4.0,555.0,0.007207207207207207,0.0065040650406504065,26.0,0.01542111506524318,-0.32582966476862935,-0.8579215697090654,-0.08145741619215734,0.19933658321613115,0.012048181095557772,-0.33787784586418707,0.7973463328645246,-0.42375293136463843,-0.4086425827006222,-1.9006766582786554,1.2249209665502812,-0.03299698345034867,field players (value_role offensive_field or defensive_field) with at least one recorded offensive opportunity,"constant in offensive_play_share, selected by 5-fold CV MSE",offensive_play_share = (shots + turnovers) / same summed over the player's team in the games he played,"EPA_vs_usage_expectation = offensive_EPA_points_raw - E[offensive EPA | play share], model selected by 5-fold cross-validated MSE from {constant, linear, quadratic}","null sd = sqrt of the closed-form sampling variance of the component at this player's own opportunity counts, under league-average conversion"
003016,Brian Minicus,CHA,midfield,midfield,offensive_field,12,46.0,615.0,0.07479674796747968,0.07479674796747968,56.0,0.03027027027027027,-4.020369731814398,-4.3498080013629075,-0.08739934199596518,0.059771567824036816,0.012048181095557772,-4.032417912909956,2.7494921199056934,-1.4666046444418495,-1.4622226784022554,-9.421422467925115,1.3565866421052029,-0.07767514288148049,field players (value_role offensive_field or defensive_field) with at least one recorded offensive opportunity,"constant in offensive_play_share, selected by 5-fold CV MSE",offensive_play_share = (shots + turnovers) / same summed over the player's team in the games he played,"EPA_vs_usage_expectation = offensive_EPA_points_raw - E[offensive EPA | play share], model selected by 5-fold cross-validated MSE from {constant, linear, quadratic}","null sd = sqrt of the closed-form sampling variance of the component at this player's own opportunity counts, under league-average conversion"
003017,Tye Kurtz,CHA,attack,attack,offensive_field,9,41.0,456.0,0.08991228070175439,0.06666666666666667,57.0,0.04031117397454031,2.527051356113221,2.2799726539518392,0.06163539892959075,0.06697223756784527,0.012048181095557772,2.515003175017663,2.7458617402816565,0.9159249127961144,0.9203126723540016,-2.8668858359343834,7.89689218596971,0.03999952024476911,field players (value_role offensive_field or defensive_field) with at least one recorded offensive opportunity,"constant in offensive_play_share, selected by 5-fold CV MSE",offensive_play_share = (shots + turnovers) / same summed over the player's team in the games he played,"EPA_vs_usage_expectation = offensive_EPA_points_raw - E[offensive EPA | play share], model selected by 5-fold cross-validated MSE from {constant, linear, quadratic}","null sd = sqrt of the closed-form sampling variance of the component at this player's own opportunity counts, under league-average conversion"
003018,Nick Rowlett,CHA,faceoff,faceoff,faceoff,10,19.0,511.0,0.03718199608610567,0.030894308943089432,344.0,0.225130890052356,-2.586350976965911,-8.51113722449782,-0.1361237356297848,0.0822586614861685,,,1.5629145682372017,,-1.6548255608641713,,,-0.024741677978191334,outside the fitted population; no offensive-usage expectation is defined,not_applicable,offensive_play_share = (shots + turnovers) / same summed over the player's team in the games he played,"EPA_vs_usage_expectation = offensive_EPA_points_raw - E[offensive EPA | play share], model selected by 5-fold cross-validated MSE from {constant, linear, quadratic}","null sd = sqrt of the closed-form sampling variance of the component at this player's own opportunity counts, under league-average conversion"
003019,Sam Handley,OUT,midfield,midfield,offensive_field,11,61.0,600.0,0.10166666666666667,0.10166666666666667,76.0,0.0418732782369146,-1.7273530722600405,-2.0293381526795073,-0.028317263479672797,0.05806025264603285,0.012048181095557772,-1.7394012533555983,3.541675411408004,-0.4911238471354138,-0.4877220161667289,-8.681085059715286,5.202282553004089,-0.02670181779841457,field players (value_role offensive_field or defensive_field) with at least one recorded offensive opportunity,"constant in offensive_play_share, selected by 5-fold CV MSE",offensive_play_share = (shots + turnovers) / same summed over the player's team in the games he played,"EPA_vs_usage_expectation = offensive_EPA_points_raw - E[offensive EPA | play share], model selected by 5-fold cross-validated MSE from {constant, linear, quadratic}","null sd = sqrt of the closed-form sampling variance of the component at this player's own opportunity counts, under league-average conversion"
003020,Troy Hettinger,ARC,unknown,unknown,unclassified_field,1,0.0,56.0,0.0,0.0,2.0,0.013157894736842105,0.0,0.0,,,,,0.0,,,,,0.0,outside the fitted population; no offensive-usage expectation is defined,not_applicable,offensive_play_share = (shots + turnovers) / same summed over the player's team in the games he played,"EPA_vs_usage_expectation = offensive_EPA_points_raw - E[offensive EPA | play share], model selected by 5-fold cross-validated MSE from {constant, linear, quadratic}","null sd = sqrt of the closed-form sampling variance of the component at this player's own opportunity counts, under league-average conversion"
003021,Jack Myers,OUT,attack,attack,offensive_field,2,13.0,125.0,0.104,0.021666666666666667,20.0,0.05167958656330749,0.3685183707638913,0.31361199250580646,0.028347566981837793,0.11883298856184878,0.012048181095557772,0.3564701896683335,1.544828851304034,0.23075060345191434,0.23854964286355376,-2.6713943588875733,3.38433473822424,0.015680599625290323,field players (value_role offensive_field or defensive_field) with at least one recorded offensive opportunity,"constant in offensive_play_share, selected by 5-fold CV MSE",offensive_play_share = (shots + turnovers) / same summed over the player's team in the games he played,"EPA_vs_usage_expectation = offensive_EPA_points_raw - E[offensive EPA | play share], model selected by 5-fold cross-validated MSE from {constant, linear, quadratic}","null sd = sqrt of the closed-form sampling variance of the component at this player's own opportunity counts, under league-average conversion"
003022,Cross Ferrara,OUT,midfield,midfield,offensive_field,11,42.0,600.0,0.07,0.07,48.0,0.026446280991735537,-0.730747530894855,-1.0327326113143216,-0.017398750735591786,0.07235760750514264,0.012048181095557772,-0.7427957119904128,3.039019515215991,-0.24441952684782955,-0.2404550307216171,-6.699273961813755,5.21368253783293,-0.021515262735715034,field players (value_role offensive_field or defensive_field) with at least one recorded offensive opportunity,"constant in offensive_play_share, selected by 5-fold CV MSE",offensive_play_share = (shots + turnovers) / same summed over the player's team in the games he played,"EPA_vs_usage_expectation = offensive_EPA_points_raw - E[offensive EPA | play share], model selected by 5-fold cross-validated MSE from {constant, linear, quadratic}","null sd = sqrt of the closed-form sampling variance of the component at this player's own opportunity counts, under league-average conversion"
003024,Brian Tevlin,RED,short_stick_defensive_midfield,defensive_field,defensive_field,9,18.0,498.0,0.03614457831325301,0.033210332103321034,65.0,0.04182754182754183,-2.4469518813708677,-1.9639799139995122,-0.13594177118727044,0.09727421232434089,0.012048181095557772,-2.4590000624664254,1.750935821838136,-1.4043918867825562,-1.3975108915197434,-5.890834273269172,0.9728341483363208,-0.030215075599992494,field players (value_role offensive_field or defensive_field) with at least one recorded offensive opportunity,"constant in offensive_play_share, selected by 5-fold CV MSE",offensive_play_share = (shots + turnovers) / same summed over the player's team in the games he played,"EPA_vs_usage_expectation = offensive_EPA_points_raw - E[offensive EPA | play share], model selected by 5-fold cross-validated MSE from {constant, linear, quadratic}","null sd = sqrt of the closed-form sampling variance of the component at this player's own opportunity counts, under league-average conversion"
003025,Cole Kirst,RED,midfield,midfield,offensive_field,7,25.0,382.0,0.06544502617801047,0.046125461254612546,32.0,0.026122448979591838,-0.2955330588902532,-0.4877053827935502,-0.011821322355610129,0.080806164674288,0.012048181095557772,-0.307581239985811,2.0201541168572,-0.1522563241186381,-0.14629233305725245,-4.2670833090259235,3.6519208290543013,-0.015240793212298443,field players (value_role offensive_field or defensive_field) with at least one recorded offensive opportunity,"constant in offensive_play_share, selected by 5-fold CV MSE",offensive_play_share = (shots + turnovers) / same summed over the player's team in the games he played,"EPA_vs_usage_expectation = offensive_EPA_points_raw - E[offensive EPA | play share], model selected by 5-fold cross-validated MSE from {constant, linear, quadratic}","null sd = sqrt of the closed-form sampling variance of the component at this player's own opportunity counts, under league-average conversion"
003027,Thomas McConvey,WAT,midfield,midfield,offensive_field,2,3.0,112.0,0.026785714285714284,0.005291005291005291,3.0,0.009433962264150943,-0.6412330600277334,-0.4809418589839696,-0.2137443533425778,0.2671976632119938,0.012048181095557772,-0.6532812411232911,0.8015929896359814,-0.8149787355550084,-0.7999484380707091,-2.2244035008098146,0.9178410185632324,-0.16031395299465653,field players (value_role offensive_field or defensive_field) with at least one recorded offensive opportunity,"constant in offensive_play_share, selected by 5-fold CV MSE",offensive_play_share = (shots + turnovers) / same summed over the player's team in the games he played,"EPA_vs_usage_expectation = offensive_EPA_points_raw - E[offensive EPA | play share], model selected by 5-fold cross-validated MSE from {constant, linear, quadratic}","null sd = sqrt of the closed-form sampling variance of the component at this player's own opportunity counts, under league-average conversion"
003028,Alex Mazzone,WHP,long_stick_midfield,defensive_field,defensive_field,9,4.0,539.0,0.0074211502782931356,0.005188067444876783,23.0,0.014127764127764128,-0.6456491717479556,-1.1005605102721168,-0.1614122929369889,0.18878497877328362,0.012048181095557772,-0.6576973528435133,0.7551399150931345,-0.870960916908222,-0.8550060178825603,-2.137771586426057,0.8223768807390304,-0.047850456968352904,field players (value_role offensive_field or defensive_field) with at least one recorded offensive opportunity,"constant in offensive_play_share, selected by 5-fold CV MSE",offensive_play_share = (shots + turnovers) / same summed over the player's team in the games he played,"EPA_vs_usage_expectation = offensive_EPA_points_raw - E[offensive EPA | play share], model selected by 5-fold cross-validated MSE from {constant, linear, quadratic}","null sd = sqrt of the closed-form sampling variance of the component at this player's own opportunity counts, under league-average conversion"
003029,Chris Fake,RED,defense,defensive_field,defensive_field,10,9.0,542.0,0.016605166051660517,0.016605166051660517,20.0,0.011580775911986103,0.40643767501500433,-0.6250578949719161,0.045159741668333815,0.18261165491336173,0.012048181095557772,0.3943894939194466,1.6435048942202555,0.23996855458502347,0.24729933962736061,-2.826880098752254,3.615659086591147,-0.03125289474859581,field players (value_role offensive_field or defensive_field) with at least one recorded offensive opportunity,"constant in offensive_play_share, selected by 5-fold CV MSE",offensive_play_share = (shots + turnovers) / same summed over the player's team in the games he played,"EPA_vs_usage_expectation = offensive_EPA_points_raw - E[offensive EPA | play share], model selected by 5-fold cross-validated MSE from {constant, linear, quadratic}","null sd = sqrt of the closed-form sampling variance of the component at this player's own opportunity counts, under league-average conversion"
003030,James Reilly,CHA,faceoff,faceoff,faceoff,2,1.0,104.0,0.009615384615384616,0.0016260162601626016,53.0,0.16459627329192547,-0.10404818396660404,-0.03173804248789508,-0.10404818396660404,0.1464521874207781,,,0.1464521874207781,,-0.7104583809844964,,,-0.000598830990337643,outside the fitted population; no offensive-usage expectation is defined,not_applicable,offensive_play_share = (shots + turnovers) / same summed over the player's team in the games he played,"EPA_vs_usage_expectation = offensive_EPA_points_raw - E[offensive EPA | play share], model selected by 5-fold cross-validated MSE from {constant, linear, quadratic}","null sd = sqrt of the closed-form sampling variance of the component at this player's own opportunity counts, under league-average conversion"
003031,Tucker Dordevic,WHP,midfield,midfield,offensive_field,4,29.0,238.0,0.12184873949579832,0.03761348897535668,32.0,0.042953020134228186,3.022977541864206,2.9131647853480365,0.10424060489186918,0.091690502507951,0.012048181095557772,3.0109293607686483,2.659024572730579,1.132343563744014,1.1368746166794088,-2.200758801783287,8.222617523320583,0.09103639954212614,field players (value_role offensive_field or defensive_field) with at least one recorded offensive opportunity,"constant in offensive_play_share, selected by 5-fold CV MSE",offensive_play_share = (shots + turnovers) / same summed over the player's team in the games he played,"EPA_vs_usage_expectation = offensive_EPA_points_raw - E[offensive EPA | play share], model selected by 5-fold cross-validated MSE from {constant, linear, quadratic}","null sd = sqrt of the closed-form sampling variance of the component at this player's own opportunity counts, under league-average conversion"
003032,Petey LaSalla,WHP,faceoff,faceoff,faceoff,1,0.0,47.0,0.0,0.0,34.0,0.2236842105263158,0.08891951626819573,-0.8407680254164368,,,,,0.13099081861055975,,0.6788225099390862,,,-0.024728471335777553,outside the fitted population; no offensive-usage expectation is defined,not_applicable,offensive_play_share = (shots + turnovers) / same summed over the player's team in the games he played,"EPA_vs_usage_expectation = offensive_EPA_points_raw - E[offensive EPA | play share], model selected by 5-fold cross-validated MSE from {constant, linear, quadratic}","null sd = sqrt of the closed-form sampling variance of the component at this player's own opportunity counts, under league-average conversion"
003033,Garrett Leadmon,WHP,midfield,midfield,offensive_field,3,18.0,164.0,0.10975609756097561,0.023346303501945526,16.0,0.02867383512544803,-2.099293692825312,-2.1816532602124394,-0.11662742737918401,0.11087720652495235,0.012048181095557772,-2.1113418739208694,1.9957897174491424,-1.0578979616246427,-1.0518611627624077,-6.023089720121188,1.8004059722794494,-0.13635332876327746,field players (value_role offensive_field or defensive_field) with at least one recorded offensive opportunity,"constant in offensive_play_share, selected by 5-fold CV MSE",offensive_play_share = (shots + turnovers) / same summed over the player's team in the games he played,"EPA_vs_usage_expectation = offensive_EPA_points_raw - E[offensive EPA | play share], model selected by 5-fold cross-validated MSE from {constant, linear, quadratic}","null sd = sqrt of the closed-form sampling variance of the component at this player's own opportunity counts, under league-average conversion"
003039,Chet Comizio,ATL,short_stick_defensive_midfield,defensive_field,defensive_field,11,15.0,640.0,0.0234375,0.0234375,28.0,0.012980992118683357,0.1810288972020272,-0.36502347178654626,0.012068593146801813,0.09451283054120842,0.012048181095557772,0.16898071610646942,1.4176924581181263,0.11919419838825823,0.1276926431860466,-2.609696501805058,2.947657934017997,-0.013036552563805223,field players (value_role offensive_field or defensive_field) with at least one recorded offensive opportunity,"constant in offensive_play_share, selected by 5-fold CV MSE",offensive_play_share = (shots + turnovers) / same summed over the player's team in the games he played,"EPA_vs_usage_expectation = offensive_EPA_points_raw - E[offensive EPA | play share], model selected by 5-fold cross-validated MSE from {constant, linear, quadratic}","null sd = sqrt of the closed-form sampling variance of the component at this player's own opportunity counts, under league-average conversion"
003041,Ethan Rall,CAN,long_stick_midfield,defensive_field,defensive_field,11,9.0,603.0,0.014925373134328358,0.014925373134328358,56.0,0.030385241454150842,-0.7913123419652028,0.18297880820730184,-0.0879235935516892,0.1416826973307552,0.012048181095557772,-0.8033605230607606,1.2751442759767968,-0.6300153937054406,-0.6205669090731204,-3.302643303975282,1.695922257853761,0.0032674787179875326,field players (value_role offensive_field or defensive_field) with at least one recorded offensive opportunity,"constant in offensive_play_share, selected by 5-fold CV MSE",offensive_play_share = (shots + turnovers) / same summed over the player's team in the games he played,"EPA_vs_usage_expectation = offensive_EPA_points_raw - E[offensive EPA | play share], model selected by 5-fold cross-validated MSE from {constant, linear, quadratic}","null sd = sqrt of the closed-form sampling variance of the component at this player's own opportunity counts, under league-average conversion"
003045,Alex Simmons,RED,attack,attack,offensive_field,1,2.0,51.0,0.0392156862745098,0.0036900369003690036,2.0,0.011904761904761904,-0.3234652618461956,-0.35091845097523805,-0.1617326309230978,0.24269240109890125,0.012048181095557772,-0.3355134429417534,0.4853848021978025,-0.6912318668045688,-0.6664099501705825,-1.2868676552494462,0.6158407693659396,-0.17545922548761902,field players (value_role offensive_field or defensive_field) with at least one recorded offensive opportunity,"constant in offensive_play_share, selected by 5-fold CV MSE",offensive_play_share = (shots + turnovers) / same summed over the player's team in the games he played,"EPA_vs_usage_expectation = offensive_EPA_points_raw - E[offensive EPA | play share], model selected by 5-fold cross-validated MSE from {constant, linear, quadratic}","null sd = sqrt of the closed-form sampling variance of the component at this player's own opportunity counts, under league-average conversion"
003048,TJ Malone,WHP,attack,attack,offensive_field,13,122.0,771.0,0.1582360570687419,0.1582360570687419,185.0,0.07756813417190776,-3.387046554324756,-3.0983452750967615,-0.027762676674793083,0.03786305504429105,0.012048181095557772,-3.399094735420314,4.619292715403508,-0.7358474435026995,-0.7332392127977299,-12.452908457611187,5.65471898677056,-0.01674781229782033,field players (value_role offensive_field or defensive_field) with at least one recorded offensive opportunity,"constant in offensive_play_share, selected by 5-fold CV MSE",offensive_play_share = (shots + turnovers) / same summed over the player's team in the games he played,"EPA_vs_usage_expectation = offensive_EPA_points_raw - E[offensive EPA | play share], model selected by 5-fold cross-validated MSE from {constant, linear, quadratic}","null sd = sqrt of the closed-form sampling variance of the component at this player's own opportunity counts, under league-average conversion"
003059,BJ Farrare,RED,long_stick_midfield,defensive_field,defensive_field,2,0.0,115.0,0.0,0.0,4.0,0.011560693641618497,0.06190054973793408,0.1999175626235079,,,,,0.11261543167529929,,0.549663121803858,,,0.049979390655876976,outside the fitted population; no offensive-usage expectation is defined,not_applicable,offensive_play_share = (shots + turnovers) / same summed over the player's team in the games he played,"EPA_vs_usage_expectation = offensive_EPA_points_raw - E[offensive EPA | play share], model selected by 5-fold cross-validated MSE from {constant, linear, quadratic}","null sd = sqrt of the closed-form sampling variance of the component at this player's own opportunity counts, under league-average conversion"
003068,Dylan Gergar,OUT,midfield,midfield,offensive_field,2,13.0,108.0,0.12037037037037036,0.021666666666666667,15.0,0.04838709677419355,-1.283783153729972,-1.1234919526862082,-0.09875255028692093,0.13526605211340875,0.012048181095557772,-1.2958313348255297,1.7584586774743138,-0.7369131566325693,-0.7300615989304216,-4.742410342675185,2.1507476730241253,-0.07489946351241387,field players (value_role offensive_field or defensive_field) with at least one recorded offensive opportunity,"constant in offensive_play_share, selected by 5-fold CV MSE",offensive_play_share = (shots + turnovers) / same summed over the player's team in the games he played,"EPA_vs_usage_expectation = offensive_EPA_points_raw - E[offensive EPA | play share], model selected by 5-fold cross-validated MSE from {constant, linear, quadratic}","null sd = sqrt of the closed-form sampling variance of the component at this player's own opportunity counts, under league-average conversion"
003069,Ricky Miezan,RED,short_stick_defensive_midfield,defensive_field,defensive_field,4,2.0,205.0,0.00975609756097561,0.0036900369003690036,4.0,0.0060882800608828,-0.48504467346931984,-0.6394058063018695,-0.24252233673465992,0.42689802982452957,0.012048181095557772,-0.4970928545648777,0.8537960596490591,-0.5822149785619773,-0.5681036683030496,-2.1705331314770335,1.1763474223472783,-0.15985145157546737,field players (value_role offensive_field or defensive_field) with at least one recorded offensive opportunity,"constant in offensive_play_share, selected by 5-fold CV MSE",offensive_play_share = (shots + turnovers) / same summed over the player's team in the games he played,"EPA_vs_usage_expectation = offensive_EPA_points_raw - E[offensive EPA | play share], model selected by 5-fold cross-validated MSE from {constant, linear, quadratic}","null sd = sqrt of the closed-form sampling variance of the component at this player's own opportunity counts, under league-average conversion"
003070,Ronan Jacoby,ATL,midfield,midfield,offensive_field,6,17.0,339.0,0.05014749262536873,0.0265625,27.0,0.02323580034423408,-1.5183763026581236,-1.4678978581305295,-0.08931625309753669,0.12320658617499865,0.012048181095557772,-1.5304244837536813,2.094511964974977,-0.7306830943655961,-0.7249308325991174,-5.635667935104636,2.574818967597273,-0.05436658733816776,field players (value_role offensive_field or defensive_field) with at least one recorded offensive opportunity,"constant in offensive_play_share, selected by 5-fold CV MSE",offensive_play_share = (shots + turnovers) / same summed over the player's team in the games he played,"EPA_vs_usage_expectation = offensive_EPA_points_raw - E[offensive EPA | play share], model selected by 5-fold cross-validated MSE from {constant, linear, quadratic}","null sd = sqrt of the closed-form sampling variance of the component at this player's own opportunity counts, under league-average conversion"
003072,Kevin Winkoff,WHP,midfield,midfield,offensive_field,3,16.0,200.0,0.08,0.020752269779507133,22.0,0.034976152623211444,-2.646853465445706,-2.514015453530985,-0.16542834159035663,0.10708582872270637,0.012048181095557772,-2.658901646541264,1.713373259563302,-1.5518519573598075,-1.544820108912127,-6.017113235285336,0.6993099422028082,-0.11427342970595386,field players (value_role offensive_field or defensive_field) with at least one recorded offensive opportunity,"constant in offensive_play_share, selected by 5-fold CV MSE",offensive_play_share = (shots + turnovers) / same summed over the player's team in the games he played,"EPA_vs_usage_expectation = offensive_EPA_points_raw - E[offensive EPA | play share], model selected by 5-fold cross-validated MSE from {constant, linear, quadratic}","null sd = sqrt of the closed-form sampling variance of the component at this player's own opportunity counts, under league-average conversion"
003073,Ron John,RED,short_stick_defensive_midfield,defensive_field,defensive_field,1,0.0,58.0,0.0,0.0,2.0,0.01098901098901099,0.020633516579311364,-0.1255555562797504,,,,,0.06501854979263995,,0.31734815133706756,,,-0.0627777781398752,outside the fitted population; no offensive-usage expectation is defined,not_applicable,offensive_play_share = (shots + turnovers) / same summed over the player's team in the games he played,"EPA_vs_usage_expectation = offensive_EPA_points_raw - E[offensive EPA | play share], model selected by 5-fold cross-validated MSE from {constant, linear, quadratic}","null sd = sqrt of the closed-form sampling variance of the component at this player's own opportunity counts, under league-average conversion"
003075,Brennan O'Neill,OUT,attack,attack,offensive_field,11,106.0,600.0,0.17666666666666667,0.17666666666666667,133.0,0.07327823691460054,-1.8579568263317594,-2.159941906751226,-0.017527894588035466,0.0454609458340187,0.012048181095557772,-1.8700050074273171,4.818860258405982,-0.3880596047925015,-0.3855593909557253,-11.314971113903042,7.574961099048408,-0.016240164712415232,field players (value_role offensive_field or defensive_field) with at least one recorded offensive opportunity,"constant in offensive_play_share, selected by 5-fold CV MSE",offensive_play_share = (shots + turnovers) / same summed over the player's team in the games he played,"EPA_vs_usage_expectation = offensive_EPA_points_raw - E[offensive EPA | play share], model selected by 5-fold cross-validated MSE from {constant, linear, quadratic}","null sd = sqrt of the closed-form sampling variance of the component at this player's own opportunity counts, under league-average conversion"
003076,Connor Shellenberger,ATL,attack,attack,offensive_field,9,53.0,527.0,0.10056925996204934,0.0828125,106.0,0.05978567399887197,5.566886950831885,5.535005827972351,0.10503560284588462,0.05942836996075665,0.012048181095557772,5.554838769736326,3.1497036079201024,1.763606821850913,1.7674320011678692,-0.6185803017870741,11.728257841259726,0.05221703611294671,field players (value_role offensive_field or defensive_field) with at least one recorded offensive opportunity,"constant in offensive_play_share, selected by 5-fold CV MSE",offensive_play_share = (shots + turnovers) / same summed over the player's team in the games he played,"EPA_vs_usage_expectation = offensive_EPA_points_raw - E[offensive EPA | play share], model selected by 5-fold cross-validated MSE from {constant, linear, quadratic}","null sd = sqrt of the closed-form sampling variance of the component at this player's own opportunity counts, under league-average conversion"
003077,Ajax Zappitello,WHP,defense,defensive_field,defensive_field,13,12.0,771.0,0.01556420233463035,0.01556420233463035,43.0,0.018029350104821804,0.24551174586985636,2.003412646833481,0.020459312155821363,0.09278293991425429,0.012048181095557772,0.23346356477429864,1.1133952789710515,0.209686145777495,0.22050726323965283,-1.9487911820089623,2.4157183115575593,0.04659099178682514,field players (value_role offensive_field or defensive_field) with at least one recorded offensive opportunity,"constant in offensive_play_share, selected by 5-fold CV MSE",offensive_play_share = (shots + turnovers) / same summed over the player's team in the games he played,"EPA_vs_usage_expectation = offensive_EPA_points_raw - E[offensive EPA | play share], model selected by 5-fold cross-validated MSE from {constant, linear, quadratic}","null sd = sqrt of the closed-form sampling variance of the component at this player's own opportunity counts, under league-average conversion"
003078,Shane Knobloch,CHA,midfield,midfield,offensive_field,12,72.0,615.0,0.11707317073170732,0.11707317073170732,82.0,0.04432432432432432,-4.109231733243593,-4.438670002792103,-0.05707266296171657,0.04985989452757999,0.012048181095557772,-4.121279914339151,3.5899124059857592,-1.1480168450537676,-1.144660723863883,-11.15750823007124,2.9149484013929365,-0.05413012198526954,field players (value_role offensive_field or defensive_field) with at least one recorded offensive opportunity,"constant in offensive_play_share, selected by 5-fold CV MSE",offensive_play_share = (shots + turnovers) / same summed over the player's team in the games he played,"EPA_vs_usage_expectation = offensive_EPA_points_raw - E[offensive EPA | play share], model selected by 5-fold cross-validated MSE from {constant, linear, quadratic}","null sd = sqrt of the closed-form sampling variance of the component at this player's own opportunity counts, under league-average conversion"
003079,Liam Entenmann,ATL,goalie,goalie,goalie,7,2.0,413.0,0.004842615012106538,0.003125,275.0,0.20491803278688525,0.1766948223948605,5.727747285769895,0.08834741119743025,0.1784535772544635,,,0.356907154508927,,0.49507223422847074,,,0.020828171948254162,outside the fitted population; no offensive-usage expectation is defined,not_applicable,offensive_play_share = (shots + turnovers) / same summed over the player's team in the games he played,"EPA_vs_usage_expectation = offensive_EPA_points_raw - E[offensive EPA | play share], model selected by 5-fold cross-validated MSE from {constant, linear, quadratic}","null sd = sqrt of the closed-form sampling variance of the component at this player's own opportunity counts, under league-average conversion"
003080,Pat Kavanagh,CAN,attack,attack,offensive_field,7,45.0,390.0,0.11538461538461539,0.07462686567164178,59.0,0.0482420278004906,-1.1415832572136368,-1.3337555811169337,-0.02536851682696971,0.06337453826301281,0.012048181095557772,-1.1536314383091946,2.851854221835577,-0.4045197785624075,-0.4002950951955968,-6.743265713106926,4.4360028364885356,-0.022606026798592097,field players (value_role offensive_field or defensive_field) with at least one recorded offensive opportunity,"constant in offensive_play_share, selected by 5-fold CV MSE",offensive_play_share = (shots + turnovers) / same summed over the player's team in the games he played,"EPA_vs_usage_expectation = offensive_EPA_points_raw - E[offensive EPA | play share], model selected by 5-fold cross-validated MSE from {constant, linear, quadratic}","null sd = sqrt of the closed-form sampling variance of the component at this player's own opportunity counts, under league-average conversion"
003081,Matt Brandau,WAT,attack,attack,offensive_field,6,23.0,340.0,0.06764705882352941,0.04056437389770723,33.0,0.03283582089552239,-1.29370494758161,-1.4584240823558645,-0.05624804119920044,0.08918768702051637,0.012048181095557772,-1.3057531286771678,2.0513168014718763,-0.6365438667202715,-0.6306704779356076,-5.326334059562045,2.7148278022077097,-0.04419466916229892,field players (value_role offensive_field or defensive_field) with at least one recorded offensive opportunity,"constant in offensive_play_share, selected by 5-fold CV MSE",offensive_play_share = (shots + turnovers) / same summed over the player's team in the games he played,"EPA_vs_usage_expectation = offensive_EPA_points_raw - E[offensive EPA | play share], model selected by 5-fold cross-validated MSE from {constant, linear, quadratic}","null sd = sqrt of the closed-form sampling variance of the component at this player's own opportunity counts, under league-average conversion"
003082,Mason Woodward,ARC,defense,defensive_field,defensive_field,12,13.0,670.0,0.019402985074626865,0.019402985074626865,44.0,0.020972354623450904,4.378677255964082,5.206779333277525,0.33682132738185244,0.18747320765291203,0.012048181095557772,4.3666290748685235,2.4371516994878566,1.7916935887848622,1.7966371387075402,-0.4101882561276753,9.143446405864722,0.11833589393812556,field players (value_role offensive_field or defensive_field) with at least one recorded offensive opportunity,"constant in offensive_play_share, selected by 5-fold CV MSE",offensive_play_share = (shots + turnovers) / same summed over the player's team in the games he played,"EPA_vs_usage_expectation = offensive_EPA_points_raw - E[offensive EPA | play share], model selected by 5-fold cross-validated MSE from {constant, linear, quadratic}","null sd = sqrt of the closed-form sampling variance of the component at this player's own opportunity counts, under league-average conversion"
003083,Jake Piseno,OUT,long_stick_midfield,defensive_field,defensive_field,11,17.0,600.0,0.028333333333333332,0.028333333333333332,63.0,0.03471074380165289,-2.6766648562941247,-2.7783616026308633,-0.1574508738996544,0.1323403763082608,0.012048181095557772,-2.6887130373896824,2.2497863972404333,-1.1950970281834898,-1.1897417726310802,-7.098294375980932,1.720868301201567,-0.044100977819537514,field players (value_role offensive_field or defensive_field) with at least one recorded offensive opportunity,"constant in offensive_play_share, selected by 5-fold CV MSE",offensive_play_share = (shots + turnovers) / same summed over the player's team in the games he played,"EPA_vs_usage_expectation = offensive_EPA_points_raw - E[offensive EPA | play share], model selected by 5-fold cross-validated MSE from {constant, linear, quadratic}","null sd = sqrt of the closed-form sampling variance of the component at this player's own opportunity counts, under league-average conversion"
003084,Jake Stevens,ATL,midfield,midfield,offensive_field,7,34.0,413.0,0.08232445520581114,0.053125,43.0,0.03204172876304024,0.0812404145315509,-0.11093190937174607,0.0023894239568103205,0.07183264801573311,0.012048181095557772,0.06919223343599312,2.442310032534926,0.028330651110734302,0.03326375990325427,-4.7177354303324615,4.856119897204448,-0.00257981184585456,field players (value_role offensive_field or defensive_field) with at least one recorded offensive opportunity,"constant in offensive_play_share, selected by 5-fold CV MSE",offensive_play_share = (shots + turnovers) / same summed over the player's team in the games he played,"EPA_vs_usage_expectation = offensive_EPA_points_raw - E[offensive EPA | play share], model selected by 5-fold cross-validated MSE from {constant, linear, quadratic}","null sd = sqrt of the closed-form sampling variance of the component at this player's own opportunity counts, under league-average conversion"
003085,Graham Bundy,OUT,midfield,midfield,offensive_field,11,84.0,600.0,0.14,0.14,89.0,0.049035812672176306,1.7514313031517286,1.449446222732262,0.020850372656568198,0.05833370995299766,0.012048181095557772,1.7393831220561706,4.9000316360518035,0.3549738555275282,0.35743265212118974,-7.864678884605364,11.343445128717704,0.016285912614969235,field players (value_role offensive_field or defensive_field) with at least one recorded offensive opportunity,"constant in offensive_play_share, selected by 5-fold CV MSE",offensive_play_share = (shots + turnovers) / same summed over the player's team in the games he played,"EPA_vs_usage_expectation = offensive_EPA_points_raw - E[offensive EPA | play share], model selected by 5-fold cross-validated MSE from {constant, linear, quadratic}","null sd = sqrt of the closed-form sampling variance of the component at this player's own opportunity counts, under league-average conversion"
003086,Eric Dobson,CHA,midfield,midfield,offensive_field,6,31.0,325.0,0.09538461538461539,0.05040650406504065,28.0,0.029567053854276663,-1.8055537414204248,-1.7550752968928307,-0.05824366907807822,0.07564454780872373,0.012048181095557772,-1.8176019225159825,2.3449809820704357,-0.7751030547425513,-0.7699651959762426,-6.413764647374037,2.7785608023420716,-0.06268126060331539,field players (value_role offensive_field or defensive_field) with at least one recorded offensive opportunity,"constant in offensive_play_share, selected by 5-fold CV MSE",offensive_play_share = (shots + turnovers) / same summed over the player's team in the games he played,"EPA_vs_usage_expectation = offensive_EPA_points_raw - E[offensive EPA | play share], model selected by 5-fold cross-validated MSE from {constant, linear, quadratic}","null sd = sqrt of the closed-form sampling variance of the component at this player's own opportunity counts, under league-average conversion"
003087,Beau Pederson,ARC,short_stick_defensive_midfield,defensive_field,defensive_field,12,5.0,670.0,0.007462686567164179,0.007462686567164179,41.0,0.019542421353670163,0.5486695247777112,-1.1586249685179533,0.10973390495554225,0.17549921727543644,0.012048181095557772,0.5366213436821534,0.8774960863771822,0.6115370222306524,0.6252672043734581,-1.1832709856171237,2.2565136729814306,-0.028259145573608615,field players (value_role offensive_field or defensive_field) with at least one recorded offensive opportunity,"constant in offensive_play_share, selected by 5-fold CV MSE",offensive_play_share = (shots + turnovers) / same summed over the player's team in the games he played,"EPA_vs_usage_expectation = offensive_EPA_points_raw - E[offensive EPA | play share], model selected by 5-fold cross-validated MSE from {constant, linear, quadratic}","null sd = sqrt of the closed-form sampling variance of the component at this player's own opportunity counts, under league-average conversion"
003088,Alexander Vardaro,CAN,midfield,midfield,offensive_field,9,34.0,499.0,0.06813627254509018,0.05638474295190713,44.0,0.029177718832891247,1.2951002080465543,1.0480215058851725,0.03809118258960454,0.07461594347234458,0.012048181095557772,1.2830520269509966,2.536942078059716,0.5057474658358343,0.5104965616862104,-3.689354446046046,6.255458499948039,0.023818670588299375,field players (value_role offensive_field or defensive_field) with at least one recorded offensive opportunity,"constant in offensive_play_share, selected by 5-fold CV MSE",offensive_play_share = (shots + turnovers) / same summed over the player's team in the games he played,"EPA_vs_usage_expectation = offensive_EPA_points_raw - E[offensive EPA | play share], model selected by 5-fold cross-validated MSE from {constant, linear, quadratic}","null sd = sqrt of the closed-form sampling variance of the component at this player's own opportunity counts, under league-average conversion"
003090,Dyson Williams,ARC,midfield,midfield,offensive_field,7,18.0,387.0,0.046511627906976744,0.026865671641791045,19.0,0.015793848711554447,2.600574632811128,2.408402308907831,0.1444763684895071,0.09784034052720231,0.012048181095557772,2.58852645171557,1.7611261294896416,1.4698132112012339,1.476654391338087,-0.8632807620841274,6.040333665515268,0.1267580162583069,field players (value_role offensive_field or defensive_field) with at least one recorded offensive opportunity,"constant in offensive_play_share, selected by 5-fold CV MSE",offensive_play_share = (shots + turnovers) / same summed over the player's team in the games he played,"EPA_vs_usage_expectation = offensive_EPA_points_raw - E[offensive EPA | play share], model selected by 5-fold cross-validated MSE from {constant, linear, quadratic}","null sd = sqrt of the closed-form sampling variance of the component at this player's own opportunity counts, under league-average conversion"
003091,Garrett Degnon,RED,midfield,midfield,offensive_field,4,18.0,229.0,0.07860262008733625,0.033210332103321034,23.0,0.032716927453769556,0.9235913589916142,0.8137786024754444,0.05131063105508968,0.12079614782226986,0.012048181095557772,0.9115431778960564,2.1743306608008575,0.41922932621495274,0.4247704250518335,-3.350144917273624,5.173231273065737,0.035381678368497586,field players (value_role offensive_field or defensive_field) with at least one recorded offensive opportunity,"constant in offensive_play_share, selected by 5-fold CV MSE",offensive_play_share = (shots + turnovers) / same summed over the player's team in the games he played,"EPA_vs_usage_expectation = offensive_EPA_points_raw - E[offensive EPA | play share], model selected by 5-fold cross-validated MSE from {constant, linear, quadratic}","null sd = sqrt of the closed-form sampling variance of the component at this player's own opportunity counts, under league-average conversion"
003092,Josh Zawada,OUT,midfield,midfield,offensive_field,11,52.0,600.0,0.08666666666666667,0.08666666666666667,89.0,0.049035812672176306,-3.3068926967648826,-3.6088777771843494,-0.06359409032240158,0.058488228655853916,0.012048181095557772,-3.31894087786044,3.041387890104404,-1.091258661435161,-1.0872972525222242,-9.280061142465073,2.642179386744192,-0.04054918850768932,field players (value_role offensive_field or defensive_field) with at least one recorded offensive opportunity,"constant in offensive_play_share, selected by 5-fold CV MSE",offensive_play_share = (shots + turnovers) / same summed over the player's team in the games he played,"EPA_vs_usage_expectation = offensive_EPA_points_raw - E[offensive EPA | play share], model selected by 5-fold cross-validated MSE from {constant, linear, quadratic}","null sd = sqrt of the closed-form sampling variance of the component at this player's own opportunity counts, under league-average conversion"
003093,Ross Scott,CHA,attack,attack,offensive_field,12,72.0,615.0,0.11707317073170732,0.11707317073170732,90.0,0.04864864864864865,-0.6901628364688948,-0.8044035267155552,-0.009585594950956872,0.04945279114446158,0.012048181095557772,-0.7022110175644525,3.560600962401234,-0.19721699369841442,-0.19383324437553817,-7.680988903870871,6.276566868741966,-0.008937816963506168,field players (value_role offensive_field or defensive_field) with at least one recorded offensive opportunity,"constant in offensive_play_share, selected by 5-fold CV MSE",offensive_play_share = (shots + turnovers) / same summed over the player's team in the games he played,"EPA_vs_usage_expectation = offensive_EPA_points_raw - E[offensive EPA | play share], model selected by 5-fold cross-validated MSE from {constant, linear, quadratic}","null sd = sqrt of the closed-form sampling variance of the component at this player's own opportunity counts, under league-average conversion"
003094,Levi Anderson,WHP,midfield,midfield,offensive_field,10,49.0,607.0,0.08072487644151564,0.06355382619974059,60.0,0.03284072249589491,0.8950562066992785,1.0509194740125516,0.01826645319794446,0.059639432409593095,0.012048181095557772,0.8830080256037208,2.9223321880700617,0.3021586762820651,0.3062814728432304,-4.8447630630136,6.610779114221042,0.01751532456687586,field players (value_role offensive_field or defensive_field) with at least one recorded offensive opportunity,"constant in offensive_play_share, selected by 5-fold CV MSE",offensive_play_share = (shots + turnovers) / same summed over the player's team in the games he played,"EPA_vs_usage_expectation = offensive_EPA_points_raw - E[offensive EPA | play share], model selected by 5-fold cross-validated MSE from {constant, linear, quadratic}","null sd = sqrt of the closed-form sampling variance of the component at this player's own opportunity counts, under league-average conversion"
003095,Stephen Zupicich,WHP,long_stick_midfield,defensive_field,defensive_field,3,2.0,166.0,0.012048192771084338,0.0025940337224383916,5.0,0.009615384615384616,-0.44222269551668314,-0.8807899140938684,-0.22111134775834157,0.361847606520462,0.012048181095557772,-0.4542708766122409,0.723695213040924,-0.6277102133969104,-0.6110620708108456,-1.872713494172452,0.96417174094797,-0.17615798281877368,field players (value_role offensive_field or defensive_field) with at least one recorded offensive opportunity,"constant in offensive_play_share, selected by 5-fold CV MSE",offensive_play_share = (shots + turnovers) / same summed over the player's team in the games he played,"EPA_vs_usage_expectation = offensive_EPA_points_raw - E[offensive EPA | play share], model selected by 5-fold cross-validated MSE from {constant, linear, quadratic}","null sd = sqrt of the closed-form sampling variance of the component at this player's own opportunity counts, under league-average conversion"
003096,Marcus Hudgins,WAT,defense,defensive_field,defensive_field,7,1.0,401.0,0.0024937655860349127,0.001763668430335097,13.0,0.010942760942760943,0.22842302715334564,0.7114825722528542,0.22842302715334564,0.3014786129536671,0.012048181095557772,0.2163748460577878,0.3014786129536671,0.7177120922041706,0.7576757266972398,-0.37452323533139975,0.8072729274469753,0.05472942863483494,field players (value_role offensive_field or defensive_field) with at least one recorded offensive opportunity,"constant in offensive_play_share, selected by 5-fold CV MSE",offensive_play_share = (shots + turnovers) / same summed over the player's team in the games he played,"EPA_vs_usage_expectation = offensive_EPA_points_raw - E[offensive EPA | play share], model selected by 5-fold cross-validated MSE from {constant, linear, quadratic}","null sd = sqrt of the closed-form sampling variance of the component at this player's own opportunity counts, under league-average conversion"
003097,Colby Barsz,ARC,defense,defensive_field,defensive_field,3,4.0,163.0,0.024539877300613498,0.005970149253731343,9.0,0.016981132075471698,-0.8313949871324418,-1.0547646264077783,-0.20784874678311044,0.11726809334114885,0.012048181095557772,-0.8434431682279995,0.4690723733645954,-1.7981088124591327,-1.7724236905468407,-1.7628250200226065,0.07593868356660749,-0.11719606960086426,field players (value_role offensive_field or defensive_field) with at least one recorded offensive opportunity,"constant in offensive_play_share, selected by 5-fold CV MSE",offensive_play_share = (shots + turnovers) / same summed over the player's team in the games he played,"EPA_vs_usage_expectation = offensive_EPA_points_raw - E[offensive EPA | play share], model selected by 5-fold cross-validated MSE from {constant, linear, quadratic}","null sd = sqrt of the closed-form sampling variance of the component at this player's own opportunity counts, under league-average conversion"
003098,Luke Wierman,OUT,faceoff,faceoff,faceoff,11,21.0,600.0,0.035,0.035,413.0,0.2275482093663912,1.331279149771342,1.6546514235070553,0.06339424522720677,0.09128420577011537,,,1.9169683211724227,,0.6944711266574966,,,0.004006419911639359,outside the fitted population; no offensive-usage expectation is defined,not_applicable,offensive_play_share = (shots + turnovers) / same summed over the player's team in the games he played,"EPA_vs_usage_expectation = offensive_EPA_points_raw - E[offensive EPA | play share], model selected by 5-fold cross-validated MSE from {constant, linear, quadratic}","null sd = sqrt of the closed-form sampling variance of the component at this player's own opportunity counts, under league-average conversion"
003099,Tyler Carpenter,ATL,long_stick_midfield,defensive_field,defensive_field,11,13.0,640.0,0.0203125,0.0203125,79.0,0.03662494204914233,3.551210949373856,3.4495142030371175,0.2731700730287582,0.12686394840202436,0.012048181095557772,3.539162768278299,1.6492313292263168,2.1459468453940795,2.1532521766002293,0.30666936299471814,6.77165617356188,0.04366473674730528,field players (value_role offensive_field or defensive_field) with at least one recorded offensive opportunity,"constant in offensive_play_share, selected by 5-fold CV MSE",offensive_play_share = (shots + turnovers) / same summed over the player's team in the games he played,"EPA_vs_usage_expectation = offensive_EPA_points_raw - E[offensive EPA | play share], model selected by 5-fold cross-validated MSE from {constant, linear, quadratic}","null sd = sqrt of the closed-form sampling variance of the component at this player's own opportunity counts, under league-average conversion"
003100,Adam Poitras,WHP,midfield,midfield,offensive_field,10,57.0,607.0,0.09390444810543658,0.07392996108949416,95.0,0.05199781061850027,0.47949130839346055,0.6353545757067337,0.008412128217429132,0.053953315464165756,0.012048181095557772,0.46744312729790266,3.075338981457448,0.15199726928196206,0.15591494507906983,-5.560221276358696,6.495107530954501,0.006687942902176144,field players (value_role offensive_field or defensive_field) with at least one recorded offensive opportunity,"constant in offensive_play_share, selected by 5-fold CV MSE",offensive_play_share = (shots + turnovers) / same summed over the player's team in the games he played,"EPA_vs_usage_expectation = offensive_EPA_points_raw - E[offensive EPA | play share], model selected by 5-fold cross-validated MSE from {constant, linear, quadratic}","null sd = sqrt of the closed-form sampling variance of the component at this player's own opportunity counts, under league-average conversion"
003102,Chayse Ierlan,RED,goalie,goalie,goalie,2,1.0,95.0,0.010526315789473684,0.0018450184501845018,32.0,0.093841642228739,-0.25626260257880956,-3.1208016946167696,-0.25626260257880956,0.7196923408411547,,,0.7196923408411547,,-0.3560724326721298,,,-0.09752505295677405,outside the fitted population; no offensive-usage expectation is defined,not_applicable,offensive_play_share = (shots + turnovers) / same summed over the player's team in the games he played,"EPA_vs_usage_expectation = offensive_EPA_points_raw - E[offensive EPA | play share], model selected by 5-fold cross-validated MSE from {constant, linear, quadratic}","null sd = sqrt of the closed-form sampling variance of the component at this player's own opportunity counts, under league-average conversion"
003104,Michael Boehm,WAT,attack,attack,offensive_field,1,6.0,60.0,0.1,0.010582010582010581,10.0,0.056179775280898875,-1.2042366713599848,-1.2316898604890272,-0.2007061118933308,0.1557426553433889,0.012048181095557772,-1.2162848524555425,0.9344559320603334,-1.3015968016531494,-1.2887035440021508,-3.047818479293796,0.6152487743827109,-0.12316898604890272,field players (value_role offensive_field or defensive_field) with at least one recorded offensive opportunity,"constant in offensive_play_share, selected by 5-fold CV MSE",offensive_play_share = (shots + turnovers) / same summed over the player's team in the games he played,"EPA_vs_usage_expectation = offensive_EPA_points_raw - E[offensive EPA | play share], model selected by 5-fold cross-validated MSE from {constant, linear, quadratic}","null sd = sqrt of the closed-form sampling variance of the component at this player's own opportunity counts, under league-average conversion"
003106,Dalton Young,OUT,midfield,midfield,offensive_field,10,38.0,543.0,0.06998158379373849,0.06333333333333334,56.0,0.03412553321145643,0.3279882521838905,0.053456360893466226,0.008631269794312908,0.06724779961306616,0.012048181095557772,0.3159400710883327,2.5554163852965144,0.12363545640006258,0.12835021880233927,-4.692676044092835,5.324556186269501,0.0009545778730976112,field players (value_role offensive_field or defensive_field) with at least one recorded offensive opportunity,"constant in offensive_play_share, selected by 5-fold CV MSE",offensive_play_share = (shots + turnovers) / same summed over the player's team in the games he played,"EPA_vs_usage_expectation = offensive_EPA_points_raw - E[offensive EPA | play share], model selected by 5-fold cross-validated MSE from {constant, linear, quadratic}","null sd = sqrt of the closed-form sampling variance of the component at this player's own opportunity counts, under league-average conversion"
003109,Chris Conlin,RED,defense,defensive_field,defensive_field,9,1.0,483.0,0.002070393374741201,0.0018450184501845018,17.0,0.010876519513755598,0.5585592924223275,1.1796358504074096,0.5585592924223275,0.39815567701927224,0.012048181095557772,0.5465111113267698,0.39815567701927224,1.3726066030707798,1.4028665787309398,-0.23387401563100385,1.3268962382845433,0.06939034414161233,field players (value_role offensive_field or defensive_field) with at least one recorded offensive opportunity,"constant in offensive_play_share, selected by 5-fold CV MSE",offensive_play_share = (shots + turnovers) / same summed over the player's team in the games he played,"EPA_vs_usage_expectation = offensive_EPA_points_raw - E[offensive EPA | play share], model selected by 5-fold cross-validated MSE from {constant, linear, quadratic}","null sd = sqrt of the closed-form sampling variance of the component at this player's own opportunity counts, under league-average conversion"
003111,AJ Mercurio,WAT,defense,defensive_field,defensive_field,1,0.0,51.0,0.0,0.0,0.0,0.0,0.020633516579311364,0.08964202302209828,,,,,0.06501854979263995,,0.31734815133706756,,,,outside the fitted population; no offensive-usage expectation is defined,not_applicable,offensive_play_share = (shots + turnovers) / same summed over the player's team in the games he played,"EPA_vs_usage_expectation = offensive_EPA_points_raw - E[offensive EPA | play share], model selected by 5-fold cross-validated MSE from {constant, linear, quadratic}","null sd = sqrt of the closed-form sampling variance of the component at this player's own opportunity counts, under league-average conversion"
003112,Jack DiBenedetto,ARC,defense,defensive_field,defensive_field,1,1.0,56.0,0.017857142857142856,0.0014925373134328358,6.0,0.031413612565445025,-0.18424730443288165,-0.3304363772919434,-0.18424730443288165,0.07963113540385444,0.012048181095557772,-0.19629548552843937,0.07963113540385444,-2.4650594837423094,-2.313759605441509,-0.3523725109199941,-0.040218460136884654,-0.05507272954865724,field players (value_role offensive_field or defensive_field) with at least one recorded offensive opportunity,"constant in offensive_play_share, selected by 5-fold CV MSE",offensive_play_share = (shots + turnovers) / same summed over the player's team in the games he played,"EPA_vs_usage_expectation = offensive_EPA_points_raw - E[offensive EPA | play share], model selected by 5-fold cross-validated MSE from {constant, linear, quadratic}","null sd = sqrt of the closed-form sampling variance of the component at this player's own opportunity counts, under league-average conversion"
003114,Saam Olexo,OUT,long_stick_midfield,defensive_field,defensive_field,1,0.0,66.0,0.0,0.0,3.0,0.015957446808510637,0.010316758289655682,0.0793252647324426,,,,,0.0459750574612909,,0.22439902980745519,,,0.0264417549108142,outside the fitted population; no offensive-usage expectation is defined,not_applicable,offensive_play_share = (shots + turnovers) / same summed over the player's team in the games he played,"EPA_vs_usage_expectation = offensive_EPA_points_raw - E[offensive EPA | play share], model selected by 5-fold cross-validated MSE from {constant, linear, quadratic}","null sd = sqrt of the closed-form sampling variance of the component at this player's own opportunity counts, under league-average conversion"
003115,Payton Cormier,ATL,attack,attack,offensive_field,3,16.0,186.0,0.08602150537634409,0.025,22.0,0.036544850498338874,1.1711990162749737,1.0888394488878463,0.07319993851718586,0.11229600151040554,0.012048181095557772,1.159150835179416,1.7967360241664887,0.6451425360145209,0.6518481293423705,-2.362451772186902,4.6807534425457336,0.049492702222174834,field players (value_role offensive_field or defensive_field) with at least one recorded offensive opportunity,"constant in offensive_play_share, selected by 5-fold CV MSE",offensive_play_share = (shots + turnovers) / same summed over the player's team in the games he played,"EPA_vs_usage_expectation = offensive_EPA_points_raw - E[offensive EPA | play share], model selected by 5-fold cross-validated MSE from {constant, linear, quadratic}","null sd = sqrt of the closed-form sampling variance of the component at this player's own opportunity counts, under league-average conversion"
003119,Alec Stathakis,WAT,faceoff,faceoff,faceoff,7,7.0,399.0,0.017543859649122806,0.012345679012345678,214.0,0.1790794979079498,-1.2234068783147158,-3.2560447860461026,-0.17477241118781656,0.17678648376352002,,,1.2375053863446401,,-0.9886073158262618,,,-0.015215162551617301,outside the fitted population; no offensive-usage expectation is defined,not_applicable,offensive_play_share = (shots + turnovers) / same summed over the player's team in the games he played,"EPA_vs_usage_expectation = offensive_EPA_points_raw - E[offensive EPA | play share], model selected by 5-fold cross-validated MSE from {constant, linear, quadratic}","null sd = sqrt of the closed-form sampling variance of the component at this player's own opportunity counts, under league-average conversion"
003120,Jack VanOverbeke,ARC,midfield,midfield,offensive_field,4,19.0,209.0,0.09090909090909091,0.028358208955223882,25.0,0.03770739064856712,-0.2130002384513034,-0.32281299496747307,-0.011210538865858074,0.09390136829773305,0.012048181095557772,-0.22504841954686106,1.784125997656928,-0.12613930845826726,-0.11938632065842555,-3.7219353749544397,3.271838535860718,-0.012912519798698922,field players (value_role offensive_field or defensive_field) with at least one recorded offensive opportunity,"constant in offensive_play_share, selected by 5-fold CV MSE",offensive_play_share = (shots + turnovers) / same summed over the player's team in the games he played,"EPA_vs_usage_expectation = offensive_EPA_points_raw - E[offensive EPA | play share], model selected by 5-fold cross-validated MSE from {constant, linear, quadratic}","null sd = sqrt of the closed-form sampling variance of the component at this player's own opportunity counts, under league-average conversion"
003121,Brayden Mayea,CHA,attack,attack,offensive_field,3,17.0,159.0,0.1069182389937107,0.027642276422764227,15.0,0.034403669724770644,-2.9816909191990764,-3.0640504865862037,-0.1753935834822986,0.09302712980553884,0.012048181095557772,-2.993739100294634,1.5814612066941602,-1.8930208895560947,-1.8854025040752753,-6.093403065415188,0.10592486482592012,-0.20427003243908023,field players (value_role offensive_field or defensive_field) with at least one recorded offensive opportunity,"constant in offensive_play_share, selected by 5-fold CV MSE",offensive_play_share = (shots + turnovers) / same summed over the player's team in the games he played,"EPA_vs_usage_expectation = offensive_EPA_points_raw - E[offensive EPA | play share], model selected by 5-fold cross-validated MSE from {constant, linear, quadratic}","null sd = sqrt of the closed-form sampling variance of the component at this player's own opportunity counts, under league-average conversion"
003126,Mike Robinson,CAN,attack,attack,offensive_field,1,3.0,57.0,0.05263157894736842,0.004975124378109453,4.0,0.027210884353741496,-0.4169589902270088,-0.4444121793560512,-0.1389863300756696,0.1700678288153219,0.012048181095557772,-0.4290071713225665,0.5102034864459657,-0.8408550367050491,-0.8172405742099291,-1.4290060047566593,0.5709916621115263,-0.1111030448390128,field players (value_role offensive_field or defensive_field) with at least one recorded offensive opportunity,"constant in offensive_play_share, selected by 5-fold CV MSE",offensive_play_share = (shots + turnovers) / same summed over the player's team in the games he played,"EPA_vs_usage_expectation = offensive_EPA_points_raw - E[offensive EPA | play share], model selected by 5-fold cross-validated MSE from {constant, linear, quadratic}","null sd = sqrt of the closed-form sampling variance of the component at this player's own opportunity counts, under league-average conversion"
003128,Jack Posey,CHA,defense,defensive_field,defensive_field,5,1.0,259.0,0.003861003861003861,0.0016260162601626016,6.0,0.008075370121130552,-0.039812688377702105,-0.5555604733711623,-0.039812688377702105,0.18956001805674372,0.012048181095557772,-0.051860869473259866,0.18956001805674372,-0.27358548498204727,-0.2100268230919054,-0.42339850486447755,0.31967676591795785,-0.09259341222852706,field players (value_role offensive_field or defensive_field) with at least one recorded offensive opportunity,"constant in offensive_play_share, selected by 5-fold CV MSE",offensive_play_share = (shots + turnovers) / same summed over the player's team in the games he played,"EPA_vs_usage_expectation = offensive_EPA_points_raw - E[offensive EPA | play share], model selected by 5-fold cross-validated MSE from {constant, linear, quadratic}","null sd = sqrt of the closed-form sampling variance of the component at this player's own opportunity counts, under league-average conversion"
003142,Jack Koras,WHP,midfield,midfield,offensive_field,7,16.0,435.0,0.0367816091954023,0.020752269779507133,53.0,0.03920118343195266,0.6638298162042102,1.5476453888101567,0.04148936351276314,0.11232717696135724,0.012048181095557772,0.6517816351086525,1.797234831381716,0.3626580253886812,0.3693617576362334,-2.8707986343995104,4.174361904616815,0.029200856392644466,field players (value_role offensive_field or defensive_field) with at least one recorded offensive opportunity,"constant in offensive_play_share, selected by 5-fold CV MSE",offensive_play_share = (shots + turnovers) / same summed over the player's team in the games he played,"EPA_vs_usage_expectation = offensive_EPA_points_raw - E[offensive EPA | play share], model selected by 5-fold cross-validated MSE from {constant, linear, quadratic}","null sd = sqrt of the closed-form sampling variance of the component at this player's own opportunity counts, under league-average conversion"
003143,Logan McGovern,ATL,midfield,midfield,offensive_field,3,14.0,184.0,0.07608695652173914,0.021875,20.0,0.0333889816360601,0.007276170356799949,-0.07508339703032733,0.0005197264540571392,0.10965728500160422,0.012048181095557772,-0.004772010738757878,1.5352019900224592,-0.0031083927520756185,0.00473955245243885,-3.0137679111827778,3.004223889705262,-0.003754169851516367,field players (value_role offensive_field or defensive_field) with at least one recorded offensive opportunity,"constant in offensive_play_share, selected by 5-fold CV MSE",offensive_play_share = (shots + turnovers) / same summed over the player's team in the games he played,"EPA_vs_usage_expectation = offensive_EPA_points_raw - E[offensive EPA | play share], model selected by 5-fold cross-validated MSE from {constant, linear, quadratic}","null sd = sqrt of the closed-form sampling variance of the component at this player's own opportunity counts, under league-average conversion"
