season,player_id,team_id,aggregation_level,player_name,positions,games_played,shots,a1,a2,g1,g2,sog,unresolved_sog,p1,p2,scoring_points,shooting_pct,shots_on_goal_pct,scoring_points_per_shot,shooting_value_above_expected
2022,000201,ALL,SEASON,Adam Ghitelman,G,11,2,0,2,0,0,1,0,0.300534423137,0.153638814016,0,0,0.5,0,-0.614555256065
2022,000201,ARC,STINT,Adam Ghitelman,G,11,2,0,2,0,0,1,0,0.300534423137,0.153638814016,0,0,0.5,0,-0.614555256065
2022,000204,ALL,SEASON,Christian Cuccinello,A,2,6,6,0,2,0,4,0,0.300534423137,0.153638814016,2,0.333333333333,0.666666666667,0.333333333333,0.196793461176
2022,000204,CAN,STINT,Christian Cuccinello,A,2,6,6,0,2,0,4,0,0.300534423137,0.153638814016,2,0.333333333333,0.666666666667,0.333333333333,0.196793461176
2022,000207,ALL,SEASON,Dominique Alexander,SSDM,11,0,0,0,0,0,0,0,0.300534423137,0.153638814016,0,,,,
2022,000207,ARC,STINT,Dominique Alexander,SSDM,11,0,0,0,0,0,0,0,0.300534423137,0.153638814016,0,,,,
2022,000211,ALL,SEASON,Ian MacKay,SSDM,8,5,1,4,0,0,3,0,0.300534423137,0.153638814016,0,0,0.6,0,-1.52964493527
2022,000211,CHA,STINT,Ian MacKay,SSDM,8,5,1,4,0,0,3,0,0.300534423137,0.153638814016,0,0,0.6,0,-1.52964493527
2022,000213,ALL,SEASON,Jerry Ragonese,FO,1,1,1,0,1,0,1,0,0.300534423137,0.153638814016,1,1,1,1,0.699465576863
2022,000213,CHA,STINT,Jerry Ragonese,FO,1,1,1,0,1,0,1,0,0.300534423137,0.153638814016,1,1,1,1,0.699465576863
2022,000216,ALL,SEASON,Marcus Holman,A,12,66,59,7,22,2,46,2,0.300534423137,0.153638814016,26,0.363636363636,0.69696969697,0.393939393939,6.11752563867
2022,000216,ARC,STINT,Marcus Holman,A,12,66,59,7,22,2,46,2,0.300534423137,0.153638814016,26,0.363636363636,0.69696969697,0.393939393939,6.11752563867
2022,000217,ALL,SEASON,Mark McNeill,SSDM,11,0,0,0,0,0,0,0,0.300534423137,0.153638814016,0,,,,
2022,000217,ARC,STINT,Mark McNeill,SSDM,11,0,0,0,0,0,0,0,0.300534423137,0.153638814016,0,,,,
2022,000218,ALL,SEASON,Matt McMahon,D,12,0,0,0,0,0,0,0,0.300534423137,0.153638814016,0,,,,
2022,000218,ARC,STINT,Matt McMahon,D,12,0,0,0,0,0,0,0,0.300534423137,0.153638814016,0,,,,
2022,000221,ALL,SEASON,Ryan Ambler,M,12,49,48,1,16,0,30,2,0.300534423137,0.153638814016,16,0.326530612245,0.612244897959,0.326530612245,1.26707006137
2022,000221,ARC,STINT,Ryan Ambler,M,12,49,48,1,16,0,30,2,0.300534423137,0.153638814016,16,0.326530612245,0.612244897959,0.326530612245,1.26707006137
2022,000222,ALL,SEASON,Stephen Kelly,FO,9,7,7,0,4,0,6,0,0.300534423137,0.153638814016,4,0.571428571429,0.857142857143,0.571428571429,1.89625903804
2022,000222,CAN,STINT,Stephen Kelly,FO,9,7,7,0,4,0,6,0,0.300534423137,0.153638814016,4,0.571428571429,0.857142857143,0.571428571429,1.89625903804
2022,000223,ALL,SEASON,Scott Ratliff,D,12,10,2,8,1,0,8,0,0.300534423137,0.153638814016,1,0.1,0.8,0.1,-2.05928987053
2022,000223,ARC,STINT,Scott Ratliff,D,12,10,2,8,1,0,8,0,0.300534423137,0.153638814016,1,0.1,0.8,0.1,-2.05928987053
2022,000225,ALL,SEASON,Tom Schreiber,M,12,68,61,7,20,2,43,1,0.300534423137,0.153638814016,24,0.323529411765,0.632352941176,0.352941176471,3.51645679239
2022,000225,ARC,STINT,Tom Schreiber,M,12,68,61,7,20,2,43,1,0.300534423137,0.153638814016,24,0.323529411765,0.632352941176,0.352941176471,3.51645679239
2022,000227,ALL,SEASON,Will Manny,A,12,63,60,3,14,0,42,6,0.300534423137,0.153638814016,14,0.222222222222,0.666666666667,0.222222222222,-4.95389827234
2022,000227,ARC,STINT,Will Manny,A,12,63,60,3,14,0,42,6,0.300534423137,0.153638814016,14,0.222222222222,0.666666666667,0.222222222222,-4.95389827234
2022,000231,ALL,SEASON,Chris Cloutier,A,9,40,39,1,13,0,31,1,0.300534423137,0.153638814016,13,0.325,0.775,0.325,0.97187986961
2022,000231,CHA,STINT,Chris Cloutier,A,9,40,39,1,13,0,31,1,0.300534423137,0.153638814016,13,0.325,0.775,0.325,0.97187986961
2022,000234,ALL,SEASON,Eric Law,A,11,36,36,0,18,0,29,2,0.300534423137,0.153638814016,18,0.5,0.805555555556,0.5,7.18076076705
2022,000234,ATL,STINT,Eric Law,A,11,36,36,0,18,0,29,2,0.300534423137,0.153638814016,18,0.5,0.805555555556,0.5,7.18076076705
2022,000235,ALL,SEASON,Jake Richard,SSDM,11,7,4,3,1,0,5,0,0.300534423137,0.153638814016,1,0.142857142857,0.714285714286,0.142857142857,-1.12397057665
2022,000235,ATL,STINT,Jake Richard,SSDM,11,7,4,3,1,0,5,0,0.300534423137,0.153638814016,1,0.142857142857,0.714285714286,0.142857142857,-1.12397057665
2022,000238,ALL,SEASON,John Crawley,M,9,22,21,1,4,0,13,2,0.300534423137,0.153638814016,4,0.181818181818,0.590909090909,0.181818181818,-2.61850051392
2022,000238,ATL,STINT,John Crawley,M,9,22,21,1,4,0,13,2,0.300534423137,0.153638814016,4,0.181818181818,0.590909090909,0.181818181818,-2.61850051392
2022,000240,ALL,SEASON,Kieran McArdle,A,13,78,76,2,26,0,54,4,0.300534423137,0.153638814016,26,0.333333333333,0.692307692308,0.333333333333,2.54482858549
2022,000240,WAT,STINT,Kieran McArdle,A,13,78,76,2,26,0,54,4,0.300534423137,0.153638814016,26,0.333333333333,0.692307692308,0.333333333333,2.54482858549
2022,000241,ALL,SEASON,Jack Concannon,G,11,0,0,0,0,0,0,0,0.300534423137,0.153638814016,0,,,,
2022,000241,ATL,STINT,Jack Concannon,G,11,0,0,0,0,0,0,0,0.300534423137,0.153638814016,0,,,,
2022,000242,ALL,SEASON,Kyle Hartzell,LSM,9,4,1,3,1,1,3,0,0.300534423137,0.153638814016,3,0.5,0.75,0.75,1.77763269277
2022,000242,RED,STINT,Kyle Hartzell,LSM,9,4,1,3,1,1,3,0,0.300534423137,0.153638814016,3,0.5,0.75,0.75,1.77763269277
2022,000246,ALL,SEASON,Ryan Brown,A,8,43,41,2,9,1,27,1,0.300534423137,0.153638814016,11,0.232558139535,0.627906976744,0.255813953488,-1.9364666047
2022,000246,WAT,STINT,Ryan Brown,A,8,43,41,2,9,1,27,1,0.300534423137,0.153638814016,11,0.232558139535,0.627906976744,0.255813953488,-1.9364666047
2022,000251,ALL,SEASON,Steven DeNapoli,SSDM,7,4,4,0,3,0,4,0,0.300534423137,0.153638814016,3,0.75,1,0.75,1.79786230745
2022,000251,WAT,STINT,Steven DeNapoli,SSDM,7,4,4,0,3,0,4,0,0.300534423137,0.153638814016,3,0.75,1,0.75,1.79786230745
2022,000254,ALL,SEASON,Trevor Baptiste,FO,10,19,17,2,4,1,12,1,0.300534423137,0.153638814016,6,0.263157894737,0.631578947368,0.315789473684,0.2763595506
2022,000254,ATL,STINT,Trevor Baptiste,FO,10,19,17,2,4,1,12,1,0.300534423137,0.153638814016,6,0.263157894737,0.631578947368,0.315789473684,0.2763595506
2022,000255,ALL,SEASON,Tucker Durkin,D,11,0,0,0,0,0,0,0,0.300534423137,0.153638814016,0,,,,
2022,000255,ATL,STINT,Tucker Durkin,D,11,0,0,0,0,0,0,0,0.300534423137,0.153638814016,0,,,,
2022,000256,ALL,SEASON,Austin Staats,,2,8,8,0,1,0,5,0,0.300534423137,0.153638814016,1,0.125,0.625,0.125,-1.4042753851
2022,000256,CHA,STINT,Austin Staats,,2,8,8,0,1,0,5,0,0.300534423137,0.153638814016,1,0.125,0.625,0.125,-1.4042753851
2022,000258,ALL,SEASON,Blaze Riorden,G,13,3,0,3,0,0,1,0,0.300534423137,0.153638814016,0,0,0.333333333333,0,-0.921832884097
2022,000258,CHA,STINT,Blaze Riorden,G,13,3,0,3,0,0,1,0,0.300534423137,0.153638814016,0,0,0.333333333333,0,-0.921832884097
2022,000260,ALL,SEASON,Brodie Merrill,LSM,6,0,0,0,0,0,0,0,0.300534423137,0.153638814016,0,,,,
2022,000260,CAN,STINT,Brodie Merrill,LSM,6,0,0,0,0,0,0,0,0.300534423137,0.153638814016,0,,,,
2022,000262,ALL,SEASON,Connor Fields,M,8,42,41,1,15,0,32,1,0.300534423137,0.153638814016,15,0.357142857143,0.761904761905,0.357142857143,2.37081102334
2022,000262,ARC,STINT,Connor Fields,M,8,42,41,1,15,0,32,1,0.300534423137,0.153638814016,15,0.357142857143,0.761904761905,0.357142857143,2.37081102334
2022,000266,ALL,SEASON,Dhane Smith,M,10,41,40,1,8,0,26,2,0.300534423137,0.153638814016,8,0.19512195122,0.634146341463,0.19512195122,-4.32865455353
2022,000266,CHA,STINT,Dhane Smith,M,10,41,40,1,8,0,26,2,0.300534423137,0.153638814016,8,0.19512195122,0.634146341463,0.19512195122,-4.32865455353
2022,000267,ALL,SEASON,Jake Froccaro,M,5,20,12,8,0,1,11,0,0.300534423137,0.153638814016,2,0.05,0.55,0.1,-4.06463410191
2022,000267,CAN,STINT,Jake Froccaro,M,5,20,12,8,0,1,11,0,0.300534423137,0.153638814016,2,0.05,0.55,0.1,-4.06463410191
2022,000268,ALL,SEASON,James Barclay,D,1,1,1,0,0,0,1,0,0.300534423137,0.153638814016,0,0,1,0,-0.300534423137
2022,000268,WHP,STINT,James Barclay,D,1,1,1,0,0,0,1,0,0.300534423137,0.153638814016,0,0,1,0,-0.300534423137
2022,000269,ALL,SEASON,Jarrod Neumann,D,13,7,0,7,0,0,2,0,0.300534423137,0.153638814016,0,0,0.285714285714,0,-2.15094339623
2022,000269,CHA,STINT,Jarrod Neumann,D,13,7,0,7,0,0,2,0,0.300534423137,0.153638814016,0,0,0.285714285714,0,-2.15094339623
2022,000272,ALL,SEASON,Josh Byrne,A,10,77,76,1,21,0,44,3,0.300534423137,0.153638814016,21,0.272727272727,0.571428571429,0.272727272727,-2.14789378647
2022,000272,CHA,STINT,Josh Byrne,A,10,77,76,1,21,0,44,3,0.300534423137,0.153638814016,21,0.272727272727,0.571428571429,0.272727272727,-2.14789378647
2022,000275,ALL,SEASON,Mark Glicini,SSDM,11,2,1,1,1,0,2,0,0.300534423137,0.153638814016,1,0.5,1,0.5,0.39218794883
2022,000275,CHA,STINT,Mark Glicini,SSDM,11,2,1,1,1,0,2,0,0.300534423137,0.153638814016,1,0.5,1,0.5,0.39218794883
2022,000276,ALL,SEASON,Matt Rees,D,8,6,2,4,1,1,4,1,0.300534423137,0.153638814016,3,0.333333333333,0.666666666667,0.5,1.1698206416
2022,000276,CHA,STINT,Matt Rees,D,8,6,2,4,1,1,4,1,0.300534423137,0.153638814016,3,0.333333333333,0.666666666667,0.5,1.1698206416
2022,000278,ALL,SEASON,Myles Jones,M,11,59,44,15,10,3,30,2,0.300534423137,0.153638814016,16,0.220338983051,0.508474576271,0.271186440678,-1.83267903853
2022,000278,RED,STINT,Myles Jones,M,11,59,44,15,10,3,30,2,0.300534423137,0.153638814016,16,0.220338983051,0.508474576271,0.271186440678,-1.83267903853
2022,000279,ALL,SEASON,Patrick Resch,SSDM,13,4,2,2,1,0,3,0,0.300534423137,0.153638814016,1,0.25,0.75,0.25,-0.215624102339
2022,000279,CHA,STINT,Patrick Resch,SSDM,13,4,2,2,1,0,3,0,0.300534423137,0.153638814016,1,0.25,0.75,0.25,-0.215624102339
2022,000280,ALL,SEASON,Thomas Kelly,FO,5,1,1,0,1,0,1,0,0.300534423137,0.153638814016,1,1,1,1,0.699465576863
2022,000280,CHA,STINT,Thomas Kelly,FO,5,1,1,0,1,0,1,0,0.300534423137,0.153638814016,1,1,1,1,0.699465576863
2022,000281,ALL,SEASON,Troy Reh,LSM,13,4,2,2,1,0,4,1,0.300534423137,0.153638814016,1,0.25,1,0.25,-0.215624102339
2022,000281,CHA,STINT,Troy Reh,LSM,13,4,2,2,1,0,4,1,0.300534423137,0.153638814016,1,0.25,1,0.25,-0.215624102339
2022,000282,ALL,SEASON,Tyson Bell,LSM,5,3,3,0,1,0,1,0,0.300534423137,0.153638814016,1,0.333333333333,0.333333333333,0.333333333333,0.0983967305879
2022,000282,CAN,STINT,Tyson Bell,LSM,5,3,3,0,1,0,1,0,0.300534423137,0.153638814016,1,0.333333333333,0.333333333333,0.333333333333,0.0983967305879
2022,000294,ALL,SEASON,John Ranagan,M,3,4,4,0,1,0,3,0,0.300534423137,0.153638814016,1,0.25,0.75,0.25,-0.20213769255
2022,000294,CHR,STINT,John Ranagan,M,3,4,4,0,1,0,3,0,0.300534423137,0.153638814016,1,0.25,0.75,0.25,-0.20213769255
2022,000295,ALL,SEASON,Jordan MacIntosh,M,10,41,40,1,13,1,29,1,0.300534423137,0.153638814016,15,0.341463414634,0.707317073171,0.365853658537,2.67134544647
2022,000295,CHR,STINT,Jordan MacIntosh,M,10,41,40,1,13,1,29,1,0.300534423137,0.153638814016,15,0.341463414634,0.707317073171,0.365853658537,2.67134544647
2022,000298,ALL,SEASON,Justin Guterding,M,7,25,25,0,6,0,17,3,0.300534423137,0.153638814016,6,0.24,0.68,0.24,-1.51336057843
2022,000298,WHP,STINT,Justin Guterding,M,7,25,25,0,6,0,17,3,0.300534423137,0.153638814016,6,0.24,0.68,0.24,-1.51336057843
2022,000302,ALL,SEASON,Michael Manley,D,11,8,4,4,1,0,6,1,0.300534423137,0.153638814016,1,0.125,0.75,0.125,-1.43124820468
2022,000302,CHR,STINT,Michael Manley,D,11,8,4,4,1,0,6,1,0.300534423137,0.153638814016,1,0.125,0.75,0.125,-1.43124820468
2022,000305,ALL,SEASON,Romar Dennis,M,9,31,14,17,3,3,16,1,0.300534423137,0.153638814016,9,0.193548387097,0.516129032258,0.290322580645,-0.431201600473
2022,000305,ATL,STINT,Romar Dennis,M,9,31,14,17,3,3,16,1,0.300534423137,0.153638814016,9,0.193548387097,0.516129032258,0.290322580645,-0.431201600473
2022,000308,ALL,SEASON,Will Haus,SSDM,11,8,7,1,2,0,6,0,0.300534423137,0.153638814016,2,0.25,0.75,0.25,-0.411018589994
2022,000308,CHR,STINT,Will Haus,SSDM,11,8,7,1,2,0,6,0,0.300534423137,0.153638814016,2,0.25,0.75,0.25,-0.411018589994
2022,000310,ALL,SEASON,Brent Adams,M,1,2,2,0,0,0,0,0,0.300534423137,0.153638814016,0,0,0,0,-0.601068846275
2022,000310,ATL,STINT,Brent Adams,M,1,2,2,0,0,0,0,0,0.300534423137,0.153638814016,0,0,0,0,-0.601068846275
2022,000314,ALL,SEASON,Eddy Glazener,D,9,6,1,5,0,2,6,0,0.300534423137,0.153638814016,4,0.333333333333,1,0.666666666667,2.1630774367
2022,000314,RED,STINT,Eddy Glazener,D,9,6,1,5,0,2,6,0,0.300534423137,0.153638814016,4,0.333333333333,1,0.666666666667,2.1630774367
2022,000315,ALL,SEASON,Garrett Epple,D,11,1,0,1,0,0,0,0,0.300534423137,0.153638814016,0,0,0,0,-0.307277628032
2022,000315,RED,STINT,Garrett Epple,D,11,1,0,1,0,0,0,0,0.300534423137,0.153638814016,0,0,0,0,-0.307277628032
2022,000318,ALL,SEASON,Jack Kelly,G,8,1,0,1,0,0,1,0,0.300534423137,0.153638814016,0,0,1,0,-0.307277628032
2022,000318,RED,STINT,Jack Kelly,G,8,1,0,1,0,0,1,0,0.300534423137,0.153638814016,0,0,1,0,-0.307277628032
2022,000319,ALL,SEASON,Jack Near,SSDM,8,0,0,0,0,0,0,0,0.300534423137,0.153638814016,0,,,,
2022,000319,RED,STINT,Jack Near,SSDM,8,0,0,0,0,0,0,0,0.300534423137,0.153638814016,0,,,,
2022,000322,ALL,SEASON,John Sexton,LSM,8,3,0,3,0,0,2,0,0.300534423137,0.153638814016,0,0,0.666666666667,0,-0.921832884097
2022,000322,RED,STINT,John Sexton,LSM,8,3,0,3,0,0,2,0,0.300534423137,0.153638814016,0,0,0.666666666667,0,-0.921832884097
2022,000327,ALL,SEASON,Matt Kavanagh,A,11,51,51,0,8,0,28,2,0.300534423137,0.153638814016,8,0.156862745098,0.549019607843,0.156862745098,-7.32725558001
2022,000327,RED,STINT,Matt Kavanagh,A,11,51,51,0,8,0,28,2,0.300534423137,0.153638814016,8,0.156862745098,0.549019607843,0.156862745098,-7.32725558001
2022,000331,ALL,SEASON,Patrick Harbeson,SSDM,3,1,1,0,0,0,1,0,0.300534423137,0.153638814016,0,0,1,0,-0.300534423137
2022,000331,RED,STINT,Patrick Harbeson,SSDM,3,1,1,0,0,0,1,0,0.300534423137,0.153638814016,0,0,1,0,-0.300534423137
2022,000333,ALL,SEASON,Sergio Perkovic,M,10,44,31,13,6,2,25,2,0.300534423137,0.153638814016,10,0.181818181818,0.568181818182,0.227272727273,-3.31117628168
2022,000333,RED,STINT,Sergio Perkovic,M,10,44,31,13,6,2,25,2,0.300534423137,0.153638814016,10,0.181818181818,0.568181818182,0.227272727273,-3.31117628168
2022,000337,ALL,SEASON,Bryce Young,D,11,0,0,0,0,0,0,0,0.300534423137,0.153638814016,0,,,,
2022,000337,WHP,STINT,Bryce Young,D,11,0,0,0,0,0,0,0,0.300534423137,0.153638814016,0,,,,
2022,000339,ALL,SEASON,Connor Kelly,M,13,71,55,16,14,4,35,1,0.300534423137,0.153638814016,22,0.253521126761,0.492957746479,0.30985915493,0.554164678927
2022,000339,WAT,STINT,Connor Kelly,M,13,71,55,16,14,4,35,1,0.300534423137,0.153638814016,22,0.253521126761,0.492957746479,0.30985915493,0.554164678927
2022,000345,ALL,SEASON,Jake Bernhardt,SSDM,9,3,3,0,2,0,3,0,0.300534423137,0.153638814016,2,0.666666666667,1,0.666666666667,1.09839673059
2022,000345,WHP,STINT,Jake Bernhardt,SSDM,9,3,3,0,2,0,3,0,0.300534423137,0.153638814016,2,0.666666666667,1,0.666666666667,1.09839673059
2022,000346,ALL,SEASON,Jay Carlson,A,8,32,32,0,11,0,24,2,0.300534423137,0.153638814016,11,0.34375,0.75,0.34375,1.3828984596
2022,000346,WHP,STINT,Jay Carlson,A,8,32,32,0,11,0,24,2,0.300534423137,0.153638814016,11,0.34375,0.75,0.34375,1.3828984596
2022,000350,ALL,SEASON,Joseph Nardella,FO,11,8,8,0,3,0,5,0,0.300534423137,0.153638814016,3,0.375,0.625,0.375,0.595724614901
2022,000350,WHP,STINT,Joseph Nardella,FO,11,8,8,0,3,0,5,0,0.300534423137,0.153638814016,3,0.375,0.625,0.375,0.595724614901
2022,000351,ALL,SEASON,Jules Heningburg,M,9,39,39,0,12,0,28,0,0.300534423137,0.153638814016,12,0.307692307692,0.717948717949,0.307692307692,0.279157497642
2022,000351,RED,STINT,Jules Heningburg,M,9,39,39,0,12,0,28,0,0.300534423137,0.153638814016,12,0.307692307692,0.717948717949,0.307692307692,0.279157497642
2022,000353,ALL,SEASON,Kyle Bernlohr,G,11,2,0,2,0,0,1,0,0.300534423137,0.153638814016,0,0,0.5,0,-0.614555256065
2022,000353,WHP,STINT,Kyle Bernlohr,G,11,2,0,2,0,0,1,0,0.300534423137,0.153638814016,0,0,0.5,0,-0.614555256065
2022,000354,ALL,SEASON,Matt Rambo,A,11,84,84,0,23,0,50,5,0.300534423137,0.153638814016,23,0.27380952381,0.595238095238,0.27380952381,-2.24489154354
2022,000354,WHP,STINT,Matt Rambo,A,11,84,84,0,23,0,50,5,0.300534423137,0.153638814016,23,0.27380952381,0.595238095238,0.27380952381,-2.24489154354
2022,000355,ALL,SEASON,Matthew Dunn,D,11,1,1,0,0,0,1,0,0.300534423137,0.153638814016,0,0,1,0,-0.300534423137
2022,000355,WHP,STINT,Matthew Dunn,D,11,1,1,0,0,0,1,0,0.300534423137,0.153638814016,0,0,1,0,-0.300534423137
2022,000356,ALL,SEASON,Michael Ehrhardt,LSM,10,19,3,16,0,3,11,0,0.300534423137,0.153638814016,6,0.157894736842,0.578947368421,0.315789473684,0.18195468207
2022,000356,WHP,STINT,Michael Ehrhardt,LSM,10,19,3,16,0,3,11,0,0.300534423137,0.153638814016,6,0.157894736842,0.578947368421,0.315789473684,0.18195468207
2022,000357,ALL,SEASON,Mike Chanenchuk,M,11,71,55,16,15,2,42,3,0.300534423137,0.153638814016,19,0.239436619718,0.591549295775,0.267605633803,-2.44583532107
2022,000357,WHP,STINT,Mike Chanenchuk,M,11,71,55,16,15,2,42,3,0.300534423137,0.153638814016,19,0.239436619718,0.591549295775,0.267605633803,-2.44583532107
2022,000358,ALL,SEASON,Ryan Drenner,M,10,51,48,3,17,0,34,1,0.300534423137,0.153638814016,17,0.333333333333,0.666666666667,0.333333333333,1.65251480531
2022,000358,CAN,STINT,Ryan Drenner,M,10,51,48,3,17,0,34,1,0.300534423137,0.153638814016,17,0.333333333333,0.666666666667,0.333333333333,1.65251480531
2022,000359,ALL,SEASON,Tim Muller,D,11,0,0,0,0,0,0,0,0.300534423137,0.153638814016,0,,,,
2022,000359,WHP,STINT,Tim Muller,D,11,0,0,0,0,0,0,0,0.300534423137,0.153638814016,0,,,,
2022,000361,ALL,SEASON,Tyler Warner,SSDM,10,1,1,0,1,0,1,0,0.300534423137,0.153638814016,1,1,1,1,0.699465576863
2022,000361,WHP,STINT,Tyler Warner,SSDM,10,1,1,0,1,0,1,0,0.300534423137,0.153638814016,1,1,1,1,0.699465576863
2022,000363,ALL,SEASON,Ryan Conrad,M,11,40,38,2,16,1,30,1,0.300534423137,0.153638814016,18,0.425,0.75,0.45,5.96513666471
2022,000363,WAT,STINT,Ryan Conrad,M,11,40,38,2,16,1,30,1,0.300534423137,0.153638814016,18,0.425,0.75,0.45,5.96513666471
2022,000365,ALL,SEASON,Jack Rowlett,D,13,3,1,2,1,0,2,0,0.300534423137,0.153638814016,1,0.333333333333,0.666666666667,0.333333333333,0.0849103207979
2022,000365,CHA,STINT,Jack Rowlett,D,13,3,1,2,1,0,2,0,0.300534423137,0.153638814016,1,0.333333333333,0.666666666667,0.333333333333,0.0849103207979
2022,000366,ALL,SEASON,Connor Farrell,FO,11,11,9,2,2,0,5,0,0.300534423137,0.153638814016,2,0.181818181818,0.454545454545,0.181818181818,-1.3193650643
2022,000366,CHR,STINT,Connor Farrell,FO,11,11,9,2,2,0,5,0,0.300534423137,0.153638814016,2,0.181818181818,0.454545454545,0.181818181818,-1.3193650643
2022,000368,ALL,SEASON,Chris Sabia,LSM,12,3,2,1,0,0,3,0,0.300534423137,0.153638814016,0,0,1,0,-0.908346474307
2022,000368,WAT,STINT,Chris Sabia,LSM,12,3,2,1,0,0,3,0,0.300534423137,0.153638814016,0,0,1,0,-0.908346474307
2022,000369,ALL,SEASON,Clarke Petterson,A,2,4,4,0,2,0,2,0,0.300534423137,0.153638814016,2,0.5,0.5,0.5,0.79786230745
2022,000369,ATL,STINT,Clarke Petterson,A,2,4,4,0,2,0,2,0,0.300534423137,0.153638814016,2,0.5,0.5,0.5,0.79786230745
2022,000370,ALL,SEASON,Tim Troutner,G,4,0,0,0,0,0,0,0,0.300534423137,0.153638814016,0,,,,
2022,000370,RED,STINT,Tim Troutner,G,4,0,0,0,0,0,0,0,0.300534423137,0.153638814016,0,,,,
2022,000373,ALL,SEASON,Ryder Garnsey,A,11,55,54,1,21,0,37,0,0.300534423137,0.153638814016,21,0.381818181818,0.672727272727,0.381818181818,4.46386352255
2022,000373,RED,STINT,Ryder Garnsey,A,11,55,54,1,21,0,37,0,0.300534423137,0.153638814016,21,0.381818181818,0.672727272727,0.381818181818,4.46386352255
2022,000376,ALL,SEASON,Cade van Raaphorst,D,11,13,2,11,0,3,8,0,0.300534423137,0.153638814016,6,0.230769230769,0.615384615385,0.461538461538,2.01887724537
2022,000376,ATL,STINT,Cade van Raaphorst,D,11,13,2,11,0,3,8,0,0.300534423137,0.153638814016,6,0.230769230769,0.615384615385,0.461538461538,2.01887724537
2022,000385,ALL,SEASON,Wes Berg,A,4,10,10,0,3,0,7,1,0.300534423137,0.153638814016,3,0.3,0.7,0.3,-0.00534423137378
2022,000385,CHA,STINT,Wes Berg,A,4,10,10,0,3,0,7,1,0.300534423137,0.153638814016,3,0.3,0.7,0.3,-0.00534423137378
2022,000390,ALL,SEASON,Brad Smith,M,11,61,56,5,14,1,41,4,0.300534423137,0.153638814016,16,0.245901639344,0.672131147541,0.262295081967,-2.36631583585
2022,000390,WHP,STINT,Brad Smith,M,11,61,56,5,14,1,41,4,0.300534423137,0.153638814016,16,0.245901639344,0.672131147541,0.262295081967,-2.36631583585
2022,000391,ALL,SEASON,Grant Ament,A,7,28,25,3,4,1,19,2,0.300534423137,0.153638814016,6,0.178571428571,0.678571428571,0.214285714286,-2.43519346253
2022,000391,ARC,STINT,Grant Ament,A,7,28,25,3,4,1,19,2,0.300534423137,0.153638814016,6,0.178571428571,0.678571428571,0.214285714286,-2.43519346253
2022,000395,ALL,SEASON,Bryan Costabile,M,11,72,58,14,11,1,42,5,0.300534423137,0.153638814016,13,0.166666666667,0.583333333333,0.180555555556,-8.73288333442
2022,000395,ATL,STINT,Bryan Costabile,M,11,72,58,14,11,1,42,5,0.300534423137,0.153638814016,13,0.166666666667,0.583333333333,0.180555555556,-8.73288333442
2022,000405,ALL,SEASON,Jesse Bernhardt,D,11,1,0,1,0,0,1,0,0.300534423137,0.153638814016,0,0,1,0,-0.307277628032
2022,000405,CHR,STINT,Jesse Bernhardt,D,11,1,0,1,0,0,1,0,0.300534423137,0.153638814016,0,0,1,0,-0.307277628032
2022,000406,ALL,SEASON,Craig Chick,LSM,11,5,5,0,1,0,3,0,0.300534423137,0.153638814016,1,0.2,0.6,0.2,-0.502672115687
2022,000406,ATL,STINT,Craig Chick,LSM,11,5,5,0,1,0,3,0,0.300534423137,0.153638814016,1,0.2,0.6,0.2,-0.502672115687
2022,000407,ALL,SEASON,TJ Comizio,,1,1,1,0,1,0,1,0,0.300534423137,0.153638814016,1,1,1,1,0.699465576863
2022,000407,CHA,STINT,TJ Comizio,,1,1,1,0,1,0,1,0,0.300534423137,0.153638814016,1,1,1,1,0.699465576863
2022,000408,ALL,SEASON,Matt DeLuca,G,6,0,0,0,0,0,0,0,0.300534423137,0.153638814016,0,,,,
2022,000408,WAT,STINT,Matt DeLuca,G,6,0,0,0,0,0,0,0,0.300534423137,0.153638814016,0,,,,
2022,000409,ALL,SEASON,Zach Currier,M,13,38,36,2,14,0,23,0,0.300534423137,0.153638814016,14,0.368421052632,0.605263157895,0.368421052632,2.56620551099
2022,000409,WAT,STINT,Zach Currier,M,13,38,36,2,14,0,23,0,0.300534423137,0.153638814016,14,0.368421052632,0.605263157895,0.368421052632,2.56620551099
2022,000410,ALL,SEASON,Eli Gobrecht,D,13,3,2,1,1,0,2,0,0.300534423137,0.153638814016,1,0.333333333333,0.666666666667,0.333333333333,0.0916535256929
2022,000410,WAT,STINT,Eli Gobrecht,D,13,3,2,1,1,0,2,0,0.300534423137,0.153638814016,1,0.333333333333,0.666666666667,0.333333333333,0.0916535256929
2022,000411,ALL,SEASON,Christian Mazzone,M,1,0,0,0,0,0,0,0,0.300534423137,0.153638814016,0,,,,
2022,000411,WAT,STINT,Christian Mazzone,M,1,0,0,0,0,0,0,0,0.300534423137,0.153638814016,0,,,,
2022,000414,ALL,SEASON,Rob Pannell,A,11,55,52,3,19,0,33,0,0.300534423137,0.153638814016,19,0.345454545455,0.6,0.345454545455,2.45037711276
2022,000414,RED,STINT,Rob Pannell,A,11,55,52,3,19,0,33,0,0.300534423137,0.153638814016,19,0.345454545455,0.6,0.345454545455,2.45037711276
2022,000416,ALL,SEASON,Ryland Rees,LSM,12,16,5,11,3,2,10,0,0.300534423137,0.153638814016,7,0.3125,0.625,0.4375,2.11727397596
2022,000416,WAT,STINT,Ryland Rees,LSM,12,16,5,11,3,2,10,0,0.300534423137,0.153638814016,7,0.3125,0.625,0.4375,2.11727397596
2022,000417,ALL,SEASON,Finn Sullivan,D,7,0,0,0,0,0,0,0,0.300534423137,0.153638814016,0,,,,
2022,000417,RED,STINT,Finn Sullivan,D,7,0,0,0,0,0,0,0,0.300534423137,0.153638814016,0,,,,
2022,000418,ALL,SEASON,Dillon Ward,G,9,0,0,0,0,0,0,0,0.300534423137,0.153638814016,0,,,,
2022,000418,WAT,STINT,Dillon Ward,G,9,0,0,0,0,0,0,0,0.300534423137,0.153638814016,0,,,,
2022,000419,ALL,SEASON,Zed Williams,A,8,54,53,1,15,0,33,0,0.300534423137,0.153638814016,15,0.277777777778,0.611111111111,0.277777777778,-1.23560205431
2022,000419,WHP,STINT,Zed Williams,A,8,54,53,1,15,0,33,0,0.300534423137,0.153638814016,15,0.277777777778,0.611111111111,0.277777777778,-1.23560205431
2022,000422,ALL,SEASON,Eli Salama,LSM,11,11,6,5,3,1,8,0,0.300534423137,0.153638814016,5,0.363636363636,0.727272727273,0.454545454545,1.66040532101
2022,000422,CHR,STINT,Eli Salama,LSM,11,11,6,5,3,1,8,0,0.300534423137,0.153638814016,5,0.363636363636,0.727272727273,0.454545454545,1.66040532101
2022,000424,ALL,SEASON,Jake Pulver,D,10,5,2,3,1,0,3,0,0.300534423137,0.153638814016,1,0.2,0.6,0.2,-0.522901730372
2022,000424,CAN,STINT,Jake Pulver,D,10,5,2,3,1,0,3,0,0.300534423137,0.153638814016,1,0.2,0.6,0.2,-0.522901730372
2022,000427,ALL,SEASON,Jake Withers,FO,9,6,6,0,1,0,3,0,0.300534423137,0.153638814016,1,0.166666666667,0.5,0.166666666667,-0.803206538824
2022,000427,WAT,STINT,Jake Withers,FO,9,6,6,0,1,0,3,0,0.300534423137,0.153638814016,1,0.166666666667,0.5,0.166666666667,-0.803206538824
2022,000434,ALL,SEASON,Matt Abbott,SSDM,5,3,2,1,0,0,1,0,0.300534423137,0.153638814016,0,0,0.333333333333,0,-0.908346474307
2022,000434,CAN,STINT,Matt Abbott,SSDM,5,3,2,1,0,0,1,0,0.300534423137,0.153638814016,0,0,0.333333333333,0,-0.908346474307
2022,000700,ALL,SEASON,Tommy Palasek,A,2,3,3,0,0,0,2,1,0.300534423137,0.153638814016,0,0,0.666666666667,0,-0.901603269412
2022,000700,CHA,STINT,Tommy Palasek,A,2,3,3,0,0,0,2,1,0.300534423137,0.153638814016,0,0,0.666666666667,0,-0.901603269412
2022,000727,ALL,SEASON,CJ Costabile,LSM,13,22,11,11,5,2,13,0,0.300534423137,0.153638814016,9,0.318181818182,0.590909090909,0.409090909091,2.31406743713
2022,000727,CHA,STINT,CJ Costabile,LSM,13,22,11,11,5,2,13,0,0.300534423137,0.153638814016,9,0.318181818182,0.590909090909,0.409090909091,2.31406743713
2022,000823,ALL,SEASON,Mark Cockerton,A,3,26,26,0,6,0,12,1,0.300534423137,0.153638814016,6,0.230769230769,0.461538461538,0.230769230769,-1.81389500157
2022,000823,CAN,STINT,Mark Cockerton,A,3,26,26,0,6,0,12,1,0.300534423137,0.153638814016,6,0.230769230769,0.461538461538,0.230769230769,-1.81389500157
2022,000886,ALL,SEASON,Lyle Thompson,A,9,65,65,0,25,0,41,1,0.300534423137,0.153638814016,25,0.384615384615,0.630769230769,0.384615384615,5.46526249607
2022,000886,CAN,STINT,Lyle Thompson,A,9,65,65,0,25,0,41,1,0.300534423137,0.153638814016,25,0.384615384615,0.630769230769,0.384615384615,5.46526249607
2022,000921,ALL,SEASON,Challen Rogers,M,10,27,27,0,13,0,17,0,0.300534423137,0.153638814016,13,0.481481481481,0.62962962963,0.481481481481,4.88557057529
2022,000921,CHA,STINT,Challen Rogers,M,10,27,27,0,13,0,17,0,0.300534423137,0.153638814016,13,0.481481481481,0.62962962963,0.481481481481,4.88557057529
2022,000922,ALL,SEASON,Graeme Hossack,D,12,3,1,2,0,0,3,0,0.300534423137,0.153638814016,0,0,1,0,-0.915089679202
2022,000922,ARC,STINT,Graeme Hossack,D,12,3,1,2,0,0,3,0,0.300534423137,0.153638814016,0,0,1,0,-0.915089679202
2022,000925,ALL,SEASON,Liam Byrnes,D,13,5,3,2,0,0,2,0,0.300534423137,0.153638814016,0,0,0.4,0,-1.51615852548
2022,000925,WAT,STINT,Liam Byrnes,D,13,5,3,2,0,0,2,0,0.300534423137,0.153638814016,0,0,0.4,0,-1.51615852548
2022,000929,ALL,SEASON,Matthew Hossack,LSM,2,1,0,1,0,0,1,0,0.300534423137,0.153638814016,0,0,1,0,-0.307277628032
2022,000929,WAT,STINT,Matthew Hossack,LSM,2,1,0,1,0,0,1,0,0.300534423137,0.153638814016,0,0,1,0,-0.307277628032
2022,000946,ALL,SEASON,Bryan Cole,M,9,27,27,0,6,0,15,0,0.300534423137,0.153638814016,6,0.222222222222,0.555555555556,0.222222222222,-2.11442942471
2022,000946,WHP,STINT,Bryan Cole,M,9,27,27,0,6,0,15,0,0.300534423137,0.153638814016,6,0.222222222222,0.555555555556,0.222222222222,-2.11442942471
2022,000960,ALL,SEASON,Shayne Jackson,A,3,18,18,0,3,0,14,3,0.300534423137,0.153638814016,3,0.166666666667,0.777777777778,0.166666666667,-2.40961961647
2022,000960,CAN,STINT,Shayne Jackson,A,3,18,18,0,3,0,14,3,0.300534423137,0.153638814016,3,0.166666666667,0.777777777778,0.166666666667,-2.40961961647
2022,000978,ALL,SEASON,Kyle Jackson,M,12,32,32,0,11,0,19,1,0.300534423137,0.153638814016,11,0.34375,0.59375,0.34375,1.3828984596
2022,000978,CHA,STINT,Kyle Jackson,M,12,32,32,0,11,0,19,1,0.300534423137,0.153638814016,11,0.34375,0.59375,0.34375,1.3828984596
2022,001001,ALL,SEASON,Dylan Molloy,A,11,58,57,1,14,0,40,4,0.300534423137,0.153638814016,14,0.241379310345,0.689655172414,0.241379310345,-3.43773974686
2022,001001,CHR,STINT,Dylan Molloy,A,11,58,57,1,14,0,40,4,0.300534423137,0.153638814016,14,0.241379310345,0.689655172414,0.241379310345,-3.43773974686
2022,001009,ALL,SEASON,Colin Heacock,M,11,32,31,1,5,0,14,1,0.300534423137,0.153638814016,5,0.15625,0.4375,0.15625,-4.62384474529
2022,001009,CHR,STINT,Colin Heacock,M,11,32,31,1,5,0,14,1,0.300534423137,0.153638814016,5,0.15625,0.4375,0.15625,-4.62384474529
2022,001010,ALL,SEASON,Isaiah Davis-Allen,SSDM,11,1,1,0,0,0,1,0,0.300534423137,0.153638814016,0,0,1,0,-0.300534423137
2022,001010,RED,STINT,Isaiah Davis-Allen,SSDM,11,1,1,0,0,0,1,0,0.300534423137,0.153638814016,0,0,1,0,-0.300534423137
2022,001020,ALL,SEASON,Mike Messenger,SSDM,11,10,9,1,6,0,7,1,0.300534423137,0.153638814016,6,0.6,0.7,0.6,2.98791256373
2022,001020,CHR,STINT,Mike Messenger,SSDM,11,10,9,1,6,0,7,1,0.300534423137,0.153638814016,6,0.6,0.7,0.6,2.98791256373
2022,001391,ALL,SEASON,Mikie Schlosser,M,8,23,19,4,3,2,14,0,0.300534423137,0.153638814016,7,0.217391304348,0.608695652174,0.304347826087,0.0607354482604
2022,001391,WAT,STINT,Mikie Schlosser,M,8,23,19,4,3,2,14,0,0.300534423137,0.153638814016,7,0.217391304348,0.608695652174,0.304347826087,0.0607354482604
2022,001397,ALL,SEASON,Michael Rexrode,D,11,0,0,0,0,0,0,0,0.300534423137,0.153638814016,0,,,,
2022,001397,ATL,STINT,Michael Rexrode,D,11,0,0,0,0,0,0,0,0.300534423137,0.153638814016,0,,,,
2022,001402,ALL,SEASON,Max Adler,FO,7,3,3,0,0,0,2,0,0.300534423137,0.153638814016,0,0,0.666666666667,0,-0.901603269412
2022,001402,CHA,STINT,Max Adler,FO,7,3,3,0,0,0,2,0,0.300534423137,0.153638814016,0,0,0.666666666667,0,-0.901603269412
2022,001406,ALL,SEASON,Ben Randall,D,13,5,4,1,2,0,5,0,0.300534423137,0.153638814016,2,0.4,1,0.4,0.490584679418
2022,001406,WAT,STINT,Ben Randall,D,13,5,4,1,2,0,5,0,0.300534423137,0.153638814016,2,0.4,1,0.4,0.490584679418
2022,001414,ALL,SEASON,Scott Hooper,D,1,0,0,0,0,0,0,0,0.300534423137,0.153638814016,0,,,,
2022,001414,CAN,STINT,Scott Hooper,D,1,0,0,0,0,0,0,0,0.300534423137,0.153638814016,0,,,,
2022,001417,ALL,SEASON,Bryce Wasserman,A,2,2,2,0,0,0,1,0,0.300534423137,0.153638814016,0,0,0.5,0,-0.601068846275
2022,001417,CHA,STINT,Bryce Wasserman,A,2,2,2,0,0,0,1,0,0.300534423137,0.153638814016,0,0,0.5,0,-0.601068846275
2022,001427,ALL,SEASON,Nick Marrocco,G,9,2,0,2,0,0,2,0,0.300534423137,0.153638814016,0,0,1,0,-0.614555256065
2022,001427,CAN,STINT,Nick Marrocco,G,9,2,0,2,0,0,2,0,0.300534423137,0.153638814016,0,0,1,0,-0.614555256065
2022,001657,ALL,SEASON,Brendan Bomberry,A,3,8,8,0,1,0,3,0,0.300534423137,0.153638814016,1,0.125,0.375,0.125,-1.4042753851
2022,001657,CAN,STINT,Brendan Bomberry,A,3,8,8,0,1,0,3,0,0.300534423137,0.153638814016,1,0.125,0.375,0.125,-1.4042753851
2022,001662,ALL,SEASON,Andrew Kew,A,1,4,3,1,0,0,0,0,0.300534423137,0.153638814016,0,0,0,0,-1.20888089744
2022,001662,CHA,STINT,Andrew Kew,A,1,4,3,1,0,0,0,0,0.300534423137,0.153638814016,0,0,0,0,-1.20888089744
2022,001671,ALL,SEASON,Zach Goodrich,SSDM,10,6,5,1,1,0,3,0,0.300534423137,0.153638814016,1,0.166666666667,0.5,0.166666666667,-0.809949743719
2022,001671,CAN,STINT,Zach Goodrich,SSDM,10,6,5,1,1,0,3,0,0.300534423137,0.153638814016,1,0.166666666667,0.5,0.166666666667,-0.809949743719
2022,001707,ALL,SEASON,Matt Whitcher,SSDM,13,8,7,1,2,0,6,0,0.300534423137,0.153638814016,2,0.25,0.75,0.25,-0.411018589994
2022,001707,WAT,STINT,Matt Whitcher,SSDM,13,8,7,1,2,0,6,0,0.300534423137,0.153638814016,2,0.25,0.75,0.25,-0.411018589994
2022,001724,ALL,SEASON,Sean Sconone,G,11,0,0,0,0,0,0,0,0.300534423137,0.153638814016,0,,,,
2022,001724,CHR,STINT,Sean Sconone,G,11,0,0,0,0,0,0,0,0.300534423137,0.153638814016,0,,,,
2022,001727,ALL,SEASON,Bradley Voigt,A,1,3,3,0,1,0,2,0,0.300534423137,0.153638814016,1,0.333333333333,0.666666666667,0.333333333333,0.0983967305879
2022,001727,CHA,STINT,Bradley Voigt,A,1,3,3,0,1,0,2,0,0.300534423137,0.153638814016,1,0.333333333333,0.666666666667,0.333333333333,0.0983967305879
2022,001729,ALL,SEASON,Chris Aslanian,"A,M",5,20,16,4,4,0,12,0,0.300534423137,0.153638814016,4,0.2,0.6,0.2,-2.03766128233
2022,001729,CAN,STINT,Chris Aslanian,M,4,19,15,4,4,0,11,0,0.300534423137,0.153638814016,4,0.210526315789,0.578947368421,0.210526315789,-1.73712685919
2022,001729,WHP,STINT,Chris Aslanian,A,1,1,1,0,0,0,1,0,0.300534423137,0.153638814016,0,0,1,0,-0.300534423137
2022,001740,ALL,SEASON,Andrew Newbold,LSM,4,3,2,1,1,0,2,0,0.300534423137,0.153638814016,1,0.333333333333,0.666666666667,0.333333333333,0.0916535256929
2022,001740,CAN,STINT,Andrew Newbold,LSM,4,3,2,1,1,0,2,0,0.300534423137,0.153638814016,1,0.333333333333,0.666666666667,0.333333333333,0.0916535256929
2022,001746,ALL,SEASON,Daniel Bucaro,M,10,36,36,0,9,0,20,1,0.300534423137,0.153638814016,9,0.25,0.555555555556,0.25,-1.81923923295
2022,001746,ATL,STINT,Daniel Bucaro,M,10,36,36,0,9,0,20,1,0.300534423137,0.153638814016,9,0.25,0.555555555556,0.25,-1.81923923295
2022,001760,ALL,SEASON,Pat Aslanian,SSDM,3,1,1,0,0,0,0,0,0.300534423137,0.153638814016,0,0,0,0,-0.300534423137
2022,001760,CAN,STINT,Pat Aslanian,SSDM,3,1,1,0,0,0,0,0,0.300534423137,0.153638814016,0,0,0,0,-0.300534423137
2022,001763,ALL,SEASON,Alex Woodall,FO,4,0,0,0,0,0,0,0,0.300534423137,0.153638814016,0,,,,
2022,001763,CAN,STINT,Alex Woodall,FO,4,0,0,0,0,0,0,0,0.300534423137,0.153638814016,0,,,,
2022,001766,ALL,SEASON,Holden Garlent,D,10,3,0,3,0,1,2,0,0.300534423137,0.153638814016,2,0.333333333333,0.666666666667,0.666666666667,1.0781671159
2022,001766,CAN,STINT,Holden Garlent,D,10,3,0,3,0,1,2,0,0.300534423137,0.153638814016,2,0.333333333333,0.666666666667,0.666666666667,1.0781671159
2022,001773,ALL,SEASON,Nick Washuta,G,2,0,0,0,0,0,0,0,0.300534423137,0.153638814016,0,,,,
2022,001773,ARC,STINT,Nick Washuta,G,2,0,0,0,0,0,0,0,0.300534423137,0.153638814016,0,,,,
2022,001793,ALL,SEASON,Chase Fraser,A,10,49,49,0,14,0,29,2,0.300534423137,0.153638814016,14,0.285714285714,0.591836734694,0.285714285714,-0.726186733732
2022,001793,CHA,STINT,Chase Fraser,A,10,49,49,0,14,0,29,2,0.300534423137,0.153638814016,14,0.285714285714,0.591836734694,0.285714285714,-0.726186733732
2022,001795,ALL,SEASON,Christian Scarpello,SSDM,9,0,0,0,0,0,0,0,0.300534423137,0.153638814016,0,,,,
2022,001795,WAT,STINT,Christian Scarpello,SSDM,9,0,0,0,0,0,0,0,0.300534423137,0.153638814016,0,,,,
2022,001796,ALL,SEASON,Latrell Harris,SSDM,12,3,3,0,2,0,2,0,0.300534423137,0.153638814016,2,0.666666666667,0.666666666667,0.666666666667,1.09839673059
2022,001796,ARC,STINT,Latrell Harris,SSDM,12,3,3,0,2,0,2,0,0.300534423137,0.153638814016,2,0.666666666667,0.666666666667,0.666666666667,1.09839673059
2022,001797,ALL,SEASON,JD Colarusso,G,3,0,0,0,0,0,0,0,0.300534423137,0.153638814016,0,,,,
2022,001797,ATL,STINT,JD Colarusso,G,3,0,0,0,0,0,0,0,0.300534423137,0.153638814016,0,,,,
2022,001809,ALL,SEASON,Jeff Teat,A,11,59,58,1,24,1,39,2,0.300534423137,0.153638814016,26,0.423728813559,0.661016949153,0.440677966102,8.26172583
2022,001809,ATL,STINT,Jeff Teat,A,11,59,58,1,24,1,39,2,0.300534423137,0.153638814016,26,0.423728813559,0.661016949153,0.440677966102,8.26172583
2022,001810,ALL,SEASON,Michael Sowers,A,12,77,75,2,29,0,55,2,0.300534423137,0.153638814016,29,0.376623376623,0.714285714286,0.376623376623,5.84536300863
2022,001810,WAT,STINT,Michael Sowers,A,12,77,75,2,29,0,55,2,0.300534423137,0.153638814016,29,0.376623376623,0.714285714286,0.376623376623,5.84536300863
2022,001811,ALL,SEASON,JT Giles-Harris,D,11,1,1,0,0,0,0,0,0.300534423137,0.153638814016,0,0,0,0,-0.300534423137
2022,001811,CHR,STINT,JT Giles-Harris,D,11,1,1,0,0,0,0,0,0.300534423137,0.153638814016,0,0,0,0,-0.300534423137
2022,001812,ALL,SEASON,TD Ierlan,FO,11,7,7,0,1,0,3,1,0.300534423137,0.153638814016,1,0.142857142857,0.428571428571,0.142857142857,-1.10374096196
2022,001812,RED,STINT,TD Ierlan,FO,11,7,7,0,1,0,3,1,0.300534423137,0.153638814016,1,0.142857142857,0.428571428571,0.142857142857,-1.10374096196
2022,001813,ALL,SEASON,Jared Conners,LSM,12,6,3,3,0,0,4,0,0.300534423137,0.153638814016,0,0,0.666666666667,0,-1.82343615351
2022,001813,ARC,STINT,Jared Conners,LSM,12,6,3,3,0,0,4,0,0.300534423137,0.153638814016,0,0,0.666666666667,0,-1.82343615351
2022,001814,ALL,SEASON,Mac O'Keefe,M,13,46,37,9,12,2,29,1,0.300534423137,0.153638814016,16,0.304347826087,0.630434782609,0.347826086957,2.11472769163
2022,001814,CHA,STINT,Mac O'Keefe,M,13,46,37,9,12,2,29,1,0.300534423137,0.153638814016,16,0.304347826087,0.630434782609,0.347826086957,2.11472769163
2022,001815,ALL,SEASON,Connor Kirst,SSDM,11,25,19,6,7,1,17,1,0.300534423137,0.153638814016,9,0.32,0.68,0.36,1.4461801922
2022,001815,WHP,STINT,Connor Kirst,SSDM,11,25,19,6,7,1,17,1,0.300534423137,0.153638814016,9,0.32,0.68,0.36,1.4461801922
2022,001816,ALL,SEASON,Dox Aitken,M,9,26,25,1,9,0,20,0,0.300534423137,0.153638814016,9,0.346153846154,0.769230769231,0.346153846154,1.17936179353
2022,001816,ATL,STINT,Dox Aitken,M,9,26,25,1,9,0,20,0,0.300534423137,0.153638814016,9,0.346153846154,0.769230769231,0.346153846154,1.17936179353
2022,001817,ALL,SEASON,Jack Kielty,D,10,0,0,0,0,0,0,0,0.300534423137,0.153638814016,0,,,,
2022,001817,CAN,STINT,Jack Kielty,D,10,0,0,0,0,0,0,0,0.300534423137,0.153638814016,0,,,,
2022,001818,ALL,SEASON,Jake Carraway,A,2,8,6,2,1,0,5,1,0.300534423137,0.153638814016,1,0.125,0.625,0.125,-1.41776179489
2022,001818,ATL,STINT,Jake Carraway,A,2,8,6,2,1,0,5,1,0.300534423137,0.153638814016,1,0.125,0.625,0.125,-1.41776179489
2022,001819,ALL,SEASON,Danny Logan,SSDM,11,11,3,8,2,3,7,0,0.300534423137,0.153638814016,8,0.454545454545,0.636363636364,0.727272727273,4.64017570633
2022,001819,ATL,STINT,Danny Logan,SSDM,11,11,3,8,2,3,7,0,0.300534423137,0.153638814016,8,0.454545454545,0.636363636364,0.727272727273,4.64017570633
2022,001820,ALL,SEASON,Ryan Terefenko,SSDM,11,5,5,0,2,0,3,0,0.300534423137,0.153638814016,2,0.4,0.6,0.4,0.497327884313
2022,001820,CHR,STINT,Ryan Terefenko,SSDM,11,5,5,0,2,0,3,0,0.300534423137,0.153638814016,2,0.4,0.6,0.4,0.497327884313
2022,001821,ALL,SEASON,Tre Leclaire,M,11,28,27,1,8,0,17,2,0.300534423137,0.153638814016,8,0.285714285714,0.607142857143,0.285714285714,-0.421707052742
2022,001821,ARC,STINT,Tre Leclaire,M,11,28,27,1,8,0,17,2,0.300534423137,0.153638814016,8,0.285714285714,0.607142857143,0.285714285714,-0.421707052742
2022,001823,ALL,SEASON,Tanner Cook,M,5,7,7,0,2,0,6,0,0.300534423137,0.153638814016,2,0.285714285714,0.857142857143,0.285714285714,-0.103740961962
2022,001823,CHA,STINT,Tanner Cook,M,5,7,7,0,2,0,6,0,0.300534423137,0.153638814016,2,0.285714285714,0.857142857143,0.285714285714,-0.103740961962
2022,001824,ALL,SEASON,Ryan Tierney,M,7,14,13,1,5,0,10,0,0.300534423137,0.153638814016,5,0.357142857143,0.714285714286,0.357142857143,0.785774871182
2022,001824,CAN,STINT,Ryan Tierney,M,7,14,13,1,5,0,10,0,0.300534423137,0.153638814016,5,0.357142857143,0.714285714286,0.357142857143,0.785774871182
2022,001825,ALL,SEASON,Peter Dearth,SSDM,10,5,5,0,1,0,4,2,0.300534423137,0.153638814016,1,0.2,0.8,0.2,-0.502672115687
2022,001825,ATL,STINT,Peter Dearth,SSDM,10,5,5,0,1,0,4,2,0.300534423137,0.153638814016,1,0.2,0.8,0.2,-0.502672115687
2022,001826,ALL,SEASON,Jeff Trainor,M,5,8,6,2,2,1,5,0,0.300534423137,0.153638814016,4,0.375,0.625,0.5,1.58223820511
2022,001826,ARC,STINT,Jeff Trainor,M,5,8,6,2,2,1,5,0,0.300534423137,0.153638814016,4,0.375,0.625,0.5,1.58223820511
2022,001828,ALL,SEASON,Justin Anderson,M,11,46,42,4,15,1,31,1,0.300534423137,0.153638814016,17,0.347826086957,0.673913043478,0.369565217391,3.1484437161
2022,001828,CHR,STINT,Justin Anderson,M,11,46,42,4,15,1,31,1,0.300534423137,0.153638814016,17,0.347826086957,0.673913043478,0.369565217391,3.1484437161
2022,001831,ALL,SEASON,Colin Squires,LSM,11,0,0,0,0,0,0,0,0.300534423137,0.153638814016,0,,,,
2022,001831,WHP,STINT,Colin Squires,LSM,11,0,0,0,0,0,0,0,0.300534423137,0.153638814016,0,,,,
2022,001832,ALL,SEASON,Charlie Bertrand,M,11,50,48,2,20,0,36,2,0.300534423137,0.153638814016,20,0.4,0.72,0.4,4.95979243334
2022,001832,RED,STINT,Charlie Bertrand,M,11,50,48,2,20,0,36,2,0.300534423137,0.153638814016,20,0.4,0.72,0.4,4.95979243334
2022,001833,ALL,SEASON,Stephen Rehfuss,M,10,29,29,0,6,0,17,3,0.300534423137,0.153638814016,6,0.206896551724,0.586206896552,0.206896551724,-2.71549827098
2022,001833,CAN,STINT,Stephen Rehfuss,M,10,29,29,0,6,0,17,3,0.300534423137,0.153638814016,6,0.206896551724,0.586206896552,0.206896551724,-2.71549827098
2022,001835,ALL,SEASON,Ethan Walker,A,12,38,38,0,15,0,22,0,0.300534423137,0.153638814016,15,0.394736842105,0.578947368421,0.394736842105,3.57969192078
2022,001835,WAT,STINT,Ethan Walker,A,12,38,38,0,15,0,22,0,0.300534423137,0.153638814016,15,0.394736842105,0.578947368421,0.394736842105,3.57969192078
2022,001836,ALL,SEASON,Jackson Morrill,M,11,14,14,0,5,0,10,0,0.300534423137,0.153638814016,5,0.357142857143,0.714285714286,0.357142857143,0.792518076077
2022,001836,CHR,STINT,Jackson Morrill,M,11,14,14,0,5,0,10,0,0.300534423137,0.153638814016,5,0.357142857143,0.714285714286,0.357142857143,0.792518076077
2022,001838,ALL,SEASON,Ryan Smith,M,11,18,18,0,8,0,13,2,0.300534423137,0.153638814016,8,0.444444444444,0.722222222222,0.444444444444,2.59038038353
2022,001838,CHA,STINT,Ryan Smith,M,11,18,18,0,8,0,13,2,0.300534423137,0.153638814016,8,0.444444444444,0.722222222222,0.444444444444,2.59038038353
2022,001839,ALL,SEASON,Nick Grill,LSM,11,0,0,0,0,0,0,0,0.300534423137,0.153638814016,0,,,,
2022,001839,CHR,STINT,Nick Grill,LSM,11,0,0,0,0,0,0,0,0.300534423137,0.153638814016,0,,,,
2022,001843,ALL,SEASON,Cole Williams,M,5,12,12,0,5,0,9,1,0.300534423137,0.153638814016,5,0.416666666667,0.75,0.416666666667,1.39358692235
2022,001843,CHR,STINT,Cole Williams,M,5,12,12,0,5,0,9,1,0.300534423137,0.153638814016,5,0.416666666667,0.75,0.416666666667,1.39358692235
2022,001846,ALL,SEASON,Adam Charalambides,A,3,17,17,0,3,0,11,1,0.300534423137,0.153638814016,3,0.176470588235,0.647058823529,0.176470588235,-2.10908519334
2022,001846,CAN,STINT,Adam Charalambides,A,3,17,17,0,3,0,11,1,0.300534423137,0.153638814016,3,0.176470588235,0.647058823529,0.176470588235,-2.10908519334
2022,002001,ALL,SEASON,Kevin Rogers,M,5,11,10,1,1,0,5,1,0.300534423137,0.153638814016,1,0.0909090909091,0.454545454545,0.0909090909091,-2.31262185941
2022,002001,CHR,STINT,Kevin Rogers,M,5,11,10,1,1,0,5,1,0.300534423137,0.153638814016,1,0.0909090909091,0.454545454545,0.0909090909091,-2.31262185941
2022,002007,ALL,SEASON,Charlie Kitchen,A,1,3,3,0,1,0,2,0,0.300534423137,0.153638814016,1,0.333333333333,0.666666666667,0.333333333333,0.0983967305879
2022,002007,WAT,STINT,Charlie Kitchen,A,1,3,3,0,1,0,2,0,0.300534423137,0.153638814016,1,0.333333333333,0.666666666667,0.333333333333,0.0983967305879
2022,002015,ALL,SEASON,Logan Wisnauskas,A,10,72,71,1,26,0,48,3,0.300534423137,0.153638814016,26,0.361111111111,0.666666666667,0.361111111111,4.35477832921
2022,002015,CHR,STINT,Logan Wisnauskas,A,10,72,71,1,26,0,48,3,0.300534423137,0.153638814016,26,0.361111111111,0.666666666667,0.361111111111,4.35477832921
2022,002016,ALL,SEASON,Chris Gray,A,11,71,65,6,20,1,40,2,0.300534423137,0.153638814016,22,0.295774647887,0.56338028169,0.30985915493,0.621596727876
2022,002016,ATL,STINT,Chris Gray,A,11,71,65,6,20,1,40,2,0.300534423137,0.153638814016,22,0.295774647887,0.56338028169,0.30985915493,0.621596727876
2022,002017,ALL,SEASON,Arden Cohen,D,11,0,0,0,0,0,0,0,0.300534423137,0.153638814016,0,,,,
2022,002017,RED,STINT,Arden Cohen,D,11,0,0,0,0,0,0,0,0.300534423137,0.153638814016,0,,,,
2022,002018,ALL,SEASON,Matt Moore,M,12,56,51,5,18,0,38,1,0.300534423137,0.153638814016,18,0.321428571429,0.678571428571,0.321428571429,1.13635627983
2022,002018,ARC,STINT,Matt Moore,M,12,56,51,5,18,0,38,1,0.300534423137,0.153638814016,18,0.321428571429,0.678571428571,0.321428571429,1.13635627983
2022,002019,ALL,SEASON,Koby Smith,LSM,11,5,2,3,1,2,4,0,0.300534423137,0.153638814016,5,0.6,0.8,1,3.47709826963
2022,002019,ATL,STINT,Koby Smith,LSM,11,5,2,3,1,2,4,0,0.300534423137,0.153638814016,5,0.6,0.8,1,3.47709826963
2022,002020,ALL,SEASON,Brett Kennedy,D,5,0,0,0,0,0,0,0,0.300534423137,0.153638814016,0,,,,
2022,002020,CHA,STINT,Brett Kennedy,D,5,0,0,0,0,0,0,0,0.300534423137,0.153638814016,0,,,,
2022,002022,ALL,SEASON,Zach Geddes,SSDM,6,2,1,1,0,0,2,1,0.300534423137,0.153638814016,0,0,1,0,-0.60781205117
2022,002022,CHA,STINT,Zach Geddes,SSDM,6,2,1,1,0,0,2,1,0.300534423137,0.153638814016,0,0,1,0,-0.60781205117
2022,002023,ALL,SEASON,Brendan Nichtern,A,11,60,58,2,16,0,39,7,0.300534423137,0.153638814016,16,0.266666666667,0.65,0.266666666667,-2.04555179803
2022,002023,CHR,STINT,Brendan Nichtern,A,11,60,58,2,16,0,39,7,0.300534423137,0.153638814016,16,0.266666666667,0.65,0.266666666667,-2.04555179803
2022,002024,ALL,SEASON,Asher Nolting,A,10,49,49,0,14,0,38,7,0.300534423137,0.153638814016,14,0.285714285714,0.775510204082,0.285714285714,-0.726186733732
2022,002024,CAN,STINT,Asher Nolting,A,10,49,49,0,14,0,38,7,0.300534423137,0.153638814016,14,0.285714285714,0.775510204082,0.285714285714,-0.726186733732
2022,002025,ALL,SEASON,Bubba Fairman,SSDM,9,12,11,1,4,0,9,0,0.300534423137,0.153638814016,4,0.333333333333,0.75,0.333333333333,0.386843717456
2022,002025,CAN,STINT,Bubba Fairman,SSDM,9,12,11,1,4,0,9,0,0.300534423137,0.153638814016,4,0.333333333333,0.75,0.333333333333,0.386843717456
2022,002026,ALL,SEASON,Brett Dobson,G,1,0,0,0,0,0,0,0,0.300534423137,0.153638814016,0,,,,
2022,002026,ARC,STINT,Brett Dobson,G,1,0,0,0,0,0,0,0,0.300534423137,0.153638814016,0,,,,
2022,002027,ALL,SEASON,Brendan Curry,M,3,12,12,0,1,0,7,2,0.300534423137,0.153638814016,1,0.0833333333333,0.583333333333,0.0833333333333,-2.60641307765
2022,002027,ATL,STINT,Brendan Curry,M,3,12,12,0,1,0,7,2,0.300534423137,0.153638814016,1,0.0833333333333,0.583333333333,0.0833333333333,-2.60641307765
2022,002028,ALL,SEASON,Jack Hannah,M,13,77,74,3,12,0,47,8,0.300534423137,0.153638814016,12,0.155844155844,0.61038961039,0.155844155844,-11.1613801963
2022,002028,WAT,STINT,Jack Hannah,M,13,77,74,3,12,0,47,8,0.300534423137,0.153638814016,12,0.155844155844,0.61038961039,0.155844155844,-11.1613801963
2022,002029,ALL,SEASON,Wheaton Jackoboice,M,7,11,10,1,1,0,2,1,0.300534423137,0.153638814016,1,0.0909090909091,0.181818181818,0.0909090909091,-2.31262185941
2022,002029,WHP,STINT,Wheaton Jackoboice,M,7,11,10,1,1,0,2,1,0.300534423137,0.153638814016,1,0.0909090909091,0.181818181818,0.0909090909091,-2.31262185941
2022,002030,ALL,SEASON,Jonathan Donville,M,7,24,24,0,8,0,18,2,0.300534423137,0.153638814016,8,0.333333333333,0.75,0.333333333333,0.787173844703
2022,002030,CAN,STINT,Jonathan Donville,M,6,24,24,0,8,0,18,2,0.300534423137,0.153638814016,8,0.333333333333,0.75,0.333333333333,0.787173844703
2022,002030,CHA,STINT,Jonathan Donville,M,1,0,0,0,0,0,0,0,0.300534423137,0.153638814016,0,,,,
2022,002032,ALL,SEASON,Justin Inacio,FO,10,7,7,0,2,0,4,0,0.300534423137,0.153638814016,2,0.285714285714,0.571428571429,0.285714285714,-0.103740961962
2022,002032,ARC,STINT,Justin Inacio,FO,10,7,7,0,2,0,4,0,0.300534423137,0.153638814016,2,0.285714285714,0.571428571429,0.285714285714,-0.103740961962
2022,002033,ALL,SEASON,Nakeie Montgomery,M,11,24,19,5,5,1,15,0,0.300534423137,0.153638814016,7,0.25,0.625,0.291666666667,-0.246542179772
2022,002033,RED,STINT,Nakeie Montgomery,M,11,24,19,5,5,1,15,0,0.300534423137,0.153638814016,7,0.25,0.625,0.291666666667,-0.246542179772
2022,002034,ALL,SEASON,Keegan Khan,M,7,18,18,0,6,0,9,0,0.300534423137,0.153638814016,6,0.333333333333,0.5,0.333333333333,0.590380383527
2022,002034,WHP,STINT,Keegan Khan,M,7,18,18,0,6,0,9,0,0.300534423137,0.153638814016,6,0.333333333333,0.5,0.333333333333,0.590380383527
2022,002036,ALL,SEASON,Jake Higgins,SSDM,9,1,1,0,0,0,0,0,0.300534423137,0.153638814016,0,0,0,0,-0.300534423137
2022,002036,WAT,STINT,Jake Higgins,SSDM,9,1,1,0,0,0,0,0,0.300534423137,0.153638814016,0,0,0,0,-0.300534423137
2022,002037,ALL,SEASON,Bryan McIntosh,D,3,0,0,0,0,0,0,0,0.300534423137,0.153638814016,0,,,,
2022,002037,CAN,STINT,Bryan McIntosh,D,3,0,0,0,0,0,0,0,0.300534423137,0.153638814016,0,,,,
2022,002038,ALL,SEASON,Colin Kirst,G,2,0,0,0,0,0,0,0,0.300534423137,0.153638814016,0,,,,
2022,002038,CAN,STINT,Colin Kirst,G,2,0,0,0,0,0,0,0,0.300534423137,0.153638814016,0,,,,
2022,002040,ALL,SEASON,Jackson Reid,A,5,16,16,0,4,0,8,0,0.300534423137,0.153638814016,4,0.25,0.5,0.25,-0.808550770198
2022,002040,WHP,STINT,Jackson Reid,A,5,16,16,0,4,0,8,0,0.300534423137,0.153638814016,4,0.25,0.5,0.25,-0.808550770198
2022,002041,ALL,SEASON,Mitch Bartolo,M,1,0,0,0,0,0,0,0,0.300534423137,0.153638814016,0,,,,
2022,002041,RED,STINT,Mitch Bartolo,M,1,0,0,0,0,0,0,0,0.300534423137,0.153638814016,0,,,,
2022,002042,ALL,SEASON,Jon Robbins,LSM,11,2,2,0,1,0,1,0,0.300534423137,0.153638814016,1,0.5,0.5,0.5,0.398931153725
2022,002042,ARC,STINT,Jon Robbins,LSM,11,2,2,0,1,0,1,0,0.300534423137,0.153638814016,1,0.5,0.5,0.5,0.398931153725
2022,002043,ALL,SEASON,Ryan Aughavin,M,2,3,3,0,0,0,3,1,0.300534423137,0.153638814016,0,0,1,0,-0.901603269412
2022,002043,ARC,STINT,Ryan Aughavin,M,2,3,3,0,0,0,3,1,0.300534423137,0.153638814016,0,0,1,0,-0.901603269412
2022,002047,ALL,SEASON,Frankie Labetti,FO,2,3,3,0,1,0,1,0,0.300534423137,0.153638814016,1,0.333333333333,0.333333333333,0.333333333333,0.0983967305879
2022,002047,ARC,STINT,Frankie Labetti,FO,2,3,3,0,1,0,1,0,0.300534423137,0.153638814016,1,0.333333333333,0.333333333333,0.333333333333,0.0983967305879
2022,002051,ALL,SEASON,Connor DeSimone,A,5,11,10,1,6,0,9,0,0.300534423137,0.153638814016,6,0.545454545455,0.818181818182,0.545454545455,2.68737814059
2022,002051,ARC,STINT,Connor DeSimone,A,5,11,10,1,6,0,9,0,0.300534423137,0.153638814016,6,0.545454545455,0.818181818182,0.545454545455,2.68737814059
2022,002055,ALL,SEASON,Jakob Phaup,FO,1,0,0,0,0,0,0,0,0.300534423137,0.153638814016,0,,,,
2022,002055,ATL,STINT,Jakob Phaup,FO,1,0,0,0,0,0,0,0,0.300534423137,0.153638814016,0,,,,
2022,002056,ALL,SEASON,Matt Rahill,D,5,1,0,1,0,0,1,0,0.300534423137,0.153638814016,0,0,1,0,-0.307277628032
2022,002056,CAN,STINT,Matt Rahill,D,5,1,0,1,0,0,1,0,0.300534423137,0.153638814016,0,0,1,0,-0.307277628032
2022,002062,ALL,SEASON,Ryan Hallenbeck,SSDM,4,2,1,1,0,0,2,1,0.300534423137,0.153638814016,0,0,1,0,-0.60781205117
2022,002062,RED,STINT,Ryan Hallenbeck,SSDM,4,2,1,1,0,0,2,1,0.300534423137,0.153638814016,0,0,1,0,-0.60781205117
2022,002063,ALL,SEASON,Ryan Kennedy,D,3,0,0,0,0,0,0,0,0.300534423137,0.153638814016,0,,,,
2022,002063,RED,STINT,Ryan Kennedy,D,3,0,0,0,0,0,0,0,0.300534423137,0.153638814016,0,,,,
2022,002064,ALL,SEASON,Joe Robertson,A,4,9,9,0,1,0,6,2,0.300534423137,0.153638814016,1,0.111111111111,0.666666666667,0.111111111111,-1.70480980824
2022,002064,RED,STINT,Joe Robertson,A,4,9,9,0,1,0,6,2,0.300534423137,0.153638814016,1,0.111111111111,0.666666666667,0.111111111111,-1.70480980824
2022,002065,ALL,SEASON,Anthony DeMaio,M,1,0,0,0,0,0,0,0,0.300534423137,0.153638814016,0,,,,
2022,002065,RED,STINT,Anthony DeMaio,M,1,0,0,0,0,0,0,0,0.300534423137,0.153638814016,0,,,,
2022,002067,ALL,SEASON,Zac Tucci,FO,4,5,4,1,0,0,2,0,0.300534423137,0.153638814016,0,0,0.4,0,-1.50941532058
2022,002067,WAT,STINT,Zac Tucci,FO,4,5,4,1,0,0,2,0,0.300534423137,0.153638814016,0,0,0.4,0,-1.50941532058
2022,002072,ALL,SEASON,Brennan Kamish,SSDM,5,1,1,0,0,0,0,0,0.300534423137,0.153638814016,0,0,0,0,-0.300534423137
2022,002072,WHP,STINT,Brennan Kamish,SSDM,5,1,1,0,0,0,0,0,0.300534423137,0.153638814016,0,0,0,0,-0.300534423137
2023,000201,ALL,SEASON,Adam Ghitelman,G,3,1,0,1,0,0,0,0,0.291729323308,0.148076923077,0,0,0,0,-0.296153846154
2023,000201,CAN,STINT,Adam Ghitelman,G,3,1,0,1,0,0,0,0,0.291729323308,0.148076923077,0,0,0,0,-0.296153846154
2023,000211,ALL,SEASON,Ian MacKay,SSDM,10,28,22,6,7,1,16,1,0.291729323308,0.148076923077,9,0.285714285714,0.571428571429,0.321428571429,0.805031810295
2023,000211,CHA,STINT,Ian MacKay,SSDM,10,28,22,6,7,1,16,1,0.291729323308,0.148076923077,9,0.285714285714,0.571428571429,0.321428571429,0.805031810295
2023,000216,ALL,SEASON,Marcus Holman,A,12,90,81,9,31,1,59,3,0.291729323308,0.148076923077,33,0.355555555556,0.655555555556,0.366666666667,6.70454019665
2023,000216,CAN,STINT,Marcus Holman,A,12,90,81,9,31,1,59,3,0.291729323308,0.148076923077,33,0.355555555556,0.655555555556,0.366666666667,6.70454019665
2023,000218,ALL,SEASON,Matt McMahon,D,12,0,0,0,0,0,0,0,0.291729323308,0.148076923077,0,,,,
2023,000218,ARC,STINT,Matt McMahon,D,12,0,0,0,0,0,0,0,0.291729323308,0.148076923077,0,,,,
2023,000221,ALL,SEASON,Ryan Ambler,M,12,29,27,2,7,0,16,1,0.291729323308,0.148076923077,7,0.241379310345,0.551724137931,0.241379310345,-1.46899942163
2023,000221,ARC,STINT,Ryan Ambler,M,12,29,27,2,7,0,16,1,0.291729323308,0.148076923077,7,0.241379310345,0.551724137931,0.241379310345,-1.46899942163
2023,000222,ALL,SEASON,Stephen Kelly,FO,4,3,2,1,0,0,2,0,0.291729323308,0.148076923077,0,0,0.666666666667,0,-0.87961249277
2023,000222,CAN,STINT,Stephen Kelly,FO,4,3,2,1,0,0,2,0,0.291729323308,0.148076923077,0,0,0.666666666667,0,-0.87961249277
2023,000225,ALL,SEASON,Tom Schreiber,M,12,76,59,17,19,2,43,1,0.291729323308,0.148076923077,23,0.276315789474,0.565789473684,0.302631578947,0.753354540197
2023,000225,ARC,STINT,Tom Schreiber,M,12,76,59,17,19,2,43,1,0.291729323308,0.148076923077,23,0.276315789474,0.565789473684,0.302631578947,0.753354540197
2023,000227,ALL,SEASON,Will Manny,A,11,57,53,4,15,1,40,4,0.291729323308,0.148076923077,17,0.280701754386,0.701754385965,0.298245614035,0.353730480046
2023,000227,WHP,STINT,Will Manny,A,11,57,53,4,15,1,40,4,0.291729323308,0.148076923077,17,0.280701754386,0.701754385965,0.298245614035,0.353730480046
2023,000231,ALL,SEASON,Chris Cloutier,A,6,39,38,1,12,0,24,0,0.291729323308,0.148076923077,12,0.307692307692,0.615384615385,0.307692307692,0.618131868132
2023,000231,CHA,STINT,Chris Cloutier,A,6,39,38,1,12,0,24,0,0.291729323308,0.148076923077,12,0.307692307692,0.615384615385,0.307692307692,0.618131868132
2023,000234,ALL,SEASON,Eric Law,A,11,47,47,0,24,0,38,0,0.291729323308,0.148076923077,24,0.510638297872,0.808510638298,0.510638297872,10.2887218045
2023,000234,ATL,STINT,Eric Law,A,11,47,47,0,24,0,38,0,0.291729323308,0.148076923077,24,0.510638297872,0.808510638298,0.510638297872,10.2887218045
2023,000235,ALL,SEASON,Jake Richard,SSDM,11,2,1,1,0,0,1,0,0.291729323308,0.148076923077,0,0,0.5,0,-0.587883169462
2023,000235,ATL,STINT,Jake Richard,SSDM,11,2,1,1,0,0,1,0,0.291729323308,0.148076923077,0,0,0.5,0,-0.587883169462
2023,000240,ALL,SEASON,Kieran McArdle,A,13,94,92,2,28,0,61,0,0.291729323308,0.148076923077,28,0.297872340426,0.648936170213,0.297872340426,0.568594563331
2023,000240,WAT,STINT,Kieran McArdle,A,13,94,92,2,28,0,61,0,0.291729323308,0.148076923077,28,0.297872340426,0.648936170213,0.297872340426,0.568594563331
2023,000241,ALL,SEASON,Jack Concannon,G,10,0,0,0,0,0,0,0,0.291729323308,0.148076923077,0,,,,
2023,000241,ATL,STINT,Jack Concannon,G,10,0,0,0,0,0,0,0,0.291729323308,0.148076923077,0,,,,
2023,000242,ALL,SEASON,Kyle Hartzell,LSM,7,3,2,1,1,0,1,0,0.291729323308,0.148076923077,1,0.333333333333,0.333333333333,0.333333333333,0.12038750723
2023,000242,CAN,STINT,Kyle Hartzell,LSM,7,3,2,1,1,0,1,0,0.291729323308,0.148076923077,1,0.333333333333,0.333333333333,0.333333333333,0.12038750723
2023,000254,ALL,SEASON,Trevor Baptiste,FO,11,27,25,2,6,0,13,0,0.291729323308,0.148076923077,6,0.222222222222,0.481481481481,0.222222222222,-1.88554077501
2023,000254,ATL,STINT,Trevor Baptiste,FO,11,27,25,2,6,0,13,0,0.291729323308,0.148076923077,6,0.222222222222,0.481481481481,0.222222222222,-1.88554077501
2023,000255,ALL,SEASON,Tucker Durkin,D,11,0,0,0,0,0,0,0,0.291729323308,0.148076923077,0,,,,
2023,000255,ATL,STINT,Tucker Durkin,D,11,0,0,0,0,0,0,0,0.291729323308,0.148076923077,0,,,,
2023,000258,ALL,SEASON,Blaze Riorden,G,10,0,0,0,0,0,0,0,0.291729323308,0.148076923077,0,,,,
2023,000258,CHA,STINT,Blaze Riorden,G,10,0,0,0,0,0,0,0,0.291729323308,0.148076923077,0,,,,
2023,000262,ALL,SEASON,Connor Fields,A,11,98,96,2,30,0,62,3,0.291729323308,0.148076923077,30,0.30612244898,0.632653061224,0.30612244898,1.4016772701
2023,000262,ARC,STINT,Connor Fields,A,11,98,96,2,30,0,62,3,0.291729323308,0.148076923077,30,0.30612244898,0.632653061224,0.30612244898,1.4016772701
2023,000266,ALL,SEASON,Dhane Smith,M,9,28,25,3,6,0,20,0,0.291729323308,0.148076923077,6,0.214285714286,0.714285714286,0.214285714286,-2.18169462117
2023,000266,CHA,STINT,Dhane Smith,M,9,28,25,3,6,0,20,0,0.291729323308,0.148076923077,6,0.214285714286,0.714285714286,0.214285714286,-2.18169462117
2023,000269,ALL,SEASON,Jarrod Neumann,D,11,8,0,8,0,1,1,0,0.291729323308,0.148076923077,2,0.125,0.125,0.25,-0.369230769231
2023,000269,CHA,STINT,Jarrod Neumann,D,11,8,0,8,0,1,1,0,0.291729323308,0.148076923077,2,0.125,0.125,0.25,-0.369230769231
2023,000272,ALL,SEASON,Josh Byrne,A,7,57,57,0,18,0,40,1,0.291729323308,0.148076923077,18,0.315789473684,0.701754385965,0.315789473684,1.37142857143
2023,000272,CHA,STINT,Josh Byrne,A,7,57,57,0,18,0,40,1,0.291729323308,0.148076923077,18,0.315789473684,0.701754385965,0.315789473684,1.37142857143
2023,000275,ALL,SEASON,Mark Glicini,SSDM,11,2,0,2,0,0,2,0,0.291729323308,0.148076923077,0,0,1,0,-0.592307692308
2023,000275,CHA,STINT,Mark Glicini,SSDM,11,2,0,2,0,0,2,0,0.291729323308,0.148076923077,0,0,1,0,-0.592307692308
2023,000276,ALL,SEASON,Matt Rees,LSM,8,9,1,8,0,2,5,0,0.291729323308,0.148076923077,4,0.222222222222,0.555555555556,0.444444444444,1.33903990746
2023,000276,CAN,STINT,Matt Rees,LSM,8,9,1,8,0,2,5,0,0.291729323308,0.148076923077,4,0.222222222222,0.555555555556,0.444444444444,1.33903990746
2023,000278,ALL,SEASON,Myles Jones,M,9,39,31,8,7,0,21,2,0.291729323308,0.148076923077,7,0.179487179487,0.538461538462,0.179487179487,-4.41283979179
2023,000278,ATL,STINT,Myles Jones,M,4,19,17,2,4,0,9,2,0.291729323308,0.148076923077,4,0.210526315789,0.473684210526,0.210526315789,-1.55170618855
2023,000278,RED,STINT,Myles Jones,M,5,20,14,6,3,0,12,0,0.291729323308,0.148076923077,3,0.15,0.6,0.15,-2.86113360324
2023,000279,ALL,SEASON,Patrick Resch,SSDM,11,3,2,1,1,1,2,0,0.291729323308,0.148076923077,3,0.666666666667,0.666666666667,1,2.12038750723
2023,000279,CHA,STINT,Patrick Resch,SSDM,11,3,2,1,1,1,2,0,0.291729323308,0.148076923077,3,0.666666666667,0.666666666667,1,2.12038750723
2023,000281,ALL,SEASON,Troy Reh,LSM,11,10,2,8,1,1,5,1,0.291729323308,0.148076923077,3,0.2,0.5,0.3,0.0473105841527
2023,000281,CHA,STINT,Troy Reh,LSM,11,10,2,8,1,1,5,1,0.291729323308,0.148076923077,3,0.2,0.5,0.3,0.0473105841527
2023,000295,ALL,SEASON,Jordan MacIntosh,M,9,22,21,1,5,0,12,1,0.291729323308,0.148076923077,5,0.227272727273,0.545454545455,0.227272727273,-1.42246963563
2023,000295,CHR,STINT,Jordan MacIntosh,M,9,22,21,1,5,0,12,1,0.291729323308,0.148076923077,5,0.227272727273,0.545454545455,0.227272727273,-1.42246963563
2023,000298,ALL,SEASON,Justin Guterding,M,5,7,6,1,0,0,4,0,0.291729323308,0.148076923077,0,0,0.571428571429,0,-2.046529786
2023,000298,ATL,STINT,Justin Guterding,M,5,7,6,1,0,0,4,0,0.291729323308,0.148076923077,0,0,0.571428571429,0,-2.046529786
2023,000302,ALL,SEASON,Michael Manley,D,10,12,5,7,2,0,8,0,0.291729323308,0.148076923077,2,0.166666666667,0.666666666667,0.166666666667,-1.53172353962
2023,000302,CHR,STINT,Michael Manley,D,10,12,5,7,2,0,8,0,0.291729323308,0.148076923077,2,0.166666666667,0.666666666667,0.166666666667,-1.53172353962
2023,000305,ALL,SEASON,Romar Dennis,M,12,66,31,35,6,3,38,2,0.291729323308,0.148076923077,12,0.136363636364,0.575757575758,0.181818181818,-7.40899363794
2023,000305,ATL,STINT,Romar Dennis,M,7,42,17,25,3,2,24,2,0.291729323308,0.148076923077,7,0.119047619048,0.571428571429,0.166666666667,-5.36324465009
2023,000305,RED,STINT,Romar Dennis,M,5,24,14,10,3,1,14,0,0.291729323308,0.148076923077,5,0.166666666667,0.583333333333,0.208333333333,-2.04574898785
2023,000308,ALL,SEASON,Will Haus,SSDM,9,5,4,1,1,0,3,0,0.291729323308,0.148076923077,1,0.2,0.6,0.2,-0.463071139387
2023,000308,CHR,STINT,Will Haus,SSDM,9,5,4,1,1,0,3,0,0.291729323308,0.148076923077,1,0.2,0.6,0.2,-0.463071139387
2023,000314,ALL,SEASON,Eddy Glazener,D,12,9,2,7,1,0,4,0,0.291729323308,0.148076923077,1,0.111111111111,0.444444444444,0.111111111111,-1.65653556969
2023,000314,RED,STINT,Eddy Glazener,D,12,9,2,7,1,0,4,0,0.291729323308,0.148076923077,1,0.111111111111,0.444444444444,0.111111111111,-1.65653556969
2023,000315,ALL,SEASON,Garrett Epple,D,12,0,0,0,0,0,0,0,0.291729323308,0.148076923077,0,,,,
2023,000315,RED,STINT,Garrett Epple,D,12,0,0,0,0,0,0,0,0.291729323308,0.148076923077,0,,,,
2023,000318,ALL,SEASON,Jack Kelly,G,12,1,0,1,0,0,0,0,0.291729323308,0.148076923077,0,0,0,0,-0.296153846154
2023,000318,RED,STINT,Jack Kelly,G,12,1,0,1,0,0,0,0,0.291729323308,0.148076923077,0,0,0,0,-0.296153846154
2023,000322,ALL,SEASON,John Sexton,LSM,10,6,3,3,1,0,2,0,0.291729323308,0.148076923077,1,0.166666666667,0.333333333333,0.166666666667,-0.763649508386
2023,000322,RED,STINT,John Sexton,LSM,10,6,3,3,1,0,2,0,0.291729323308,0.148076923077,1,0.166666666667,0.333333333333,0.166666666667,-0.763649508386
2023,000327,ALL,SEASON,Matt Kavanagh,A,10,64,63,1,18,0,40,5,0.291729323308,0.148076923077,18,0.28125,0.625,0.28125,-0.675101214575
2023,000327,CAN,STINT,Matt Kavanagh,A,10,64,63,1,18,0,40,5,0.291729323308,0.148076923077,18,0.28125,0.625,0.28125,-0.675101214575
2023,000333,ALL,SEASON,Sergio Perkovic,SSDM,6,16,14,2,0,0,4,1,0.291729323308,0.148076923077,0,0,0.25,0,-4.67651821862
2023,000333,RED,STINT,Sergio Perkovic,SSDM,6,16,14,2,0,0,4,1,0.291729323308,0.148076923077,0,0,0.25,0,-4.67651821862
2023,000337,ALL,SEASON,Bryce Young,D,11,4,1,3,1,0,1,0,0.291729323308,0.148076923077,1,0.25,0.25,0.25,-0.18019086177
2023,000337,WHP,STINT,Bryce Young,D,11,4,1,3,1,0,1,0,0.291729323308,0.148076923077,1,0.25,0.25,0.25,-0.18019086177
2023,000339,ALL,SEASON,Connor Kelly,M,10,60,42,18,12,6,32,2,0.291729323308,0.148076923077,24,0.3,0.533333333333,0.4,6.41659919028
2023,000339,WAT,STINT,Connor Kelly,M,10,60,42,18,12,6,32,2,0.291729323308,0.148076923077,24,0.3,0.533333333333,0.4,6.41659919028
2023,000345,ALL,SEASON,Jake Bernhardt,SSDM,9,8,7,1,1,0,2,0,0.291729323308,0.148076923077,1,0.125,0.25,0.125,-1.33825910931
2023,000345,WHP,STINT,Jake Bernhardt,SSDM,9,8,7,1,1,0,2,0,0.291729323308,0.148076923077,1,0.125,0.25,0.125,-1.33825910931
2023,000351,ALL,SEASON,Jules Heningburg,M,12,39,35,4,9,0,24,1,0.291729323308,0.148076923077,9,0.230769230769,0.615384615385,0.230769230769,-2.3951417004
2023,000351,RED,STINT,Jules Heningburg,M,12,39,35,4,9,0,24,1,0.291729323308,0.148076923077,9,0.230769230769,0.615384615385,0.230769230769,-2.3951417004
2023,000353,ALL,SEASON,Kyle Bernlohr,G,7,0,0,0,0,0,0,0,0.291729323308,0.148076923077,0,,,,
2023,000353,WHP,STINT,Kyle Bernlohr,G,7,0,0,0,0,0,0,0,0.291729323308,0.148076923077,0,,,,
2023,000354,ALL,SEASON,Matt Rambo,A,10,52,52,0,15,0,34,3,0.291729323308,0.148076923077,15,0.288461538462,0.653846153846,0.288461538462,-0.16992481203
2023,000354,WHP,STINT,Matt Rambo,A,10,52,52,0,15,0,34,3,0.291729323308,0.148076923077,15,0.288461538462,0.653846153846,0.288461538462,-0.16992481203
2023,000355,ALL,SEASON,Matthew Dunn,D,9,1,1,0,0,0,0,0,0.291729323308,0.148076923077,0,0,0,0,-0.291729323308
2023,000355,WHP,STINT,Matthew Dunn,D,9,1,1,0,0,0,0,0,0.291729323308,0.148076923077,0,0,0,0,-0.291729323308
2023,000356,ALL,SEASON,Michael Ehrhardt,LSM,9,22,8,14,4,1,8,0,0.291729323308,0.148076923077,6,0.227272727273,0.363636363636,0.272727272727,-0.47998843262
2023,000356,WHP,STINT,Michael Ehrhardt,LSM,9,22,8,14,4,1,8,0,0.291729323308,0.148076923077,6,0.227272727273,0.363636363636,0.272727272727,-0.47998843262
2023,000357,ALL,SEASON,Mike Chanenchuk,M,11,57,43,14,16,3,40,4,0.291729323308,0.148076923077,22,0.333333333333,0.701754385965,0.385964912281,5.30948525159
2023,000357,WHP,STINT,Mike Chanenchuk,M,11,57,43,14,16,3,40,4,0.291729323308,0.148076923077,22,0.333333333333,0.701754385965,0.385964912281,5.30948525159
2023,000358,ALL,SEASON,Ryan Drenner,M,12,52,50,2,17,1,33,0,0.291729323308,0.148076923077,19,0.346153846154,0.634615384615,0.365384615385,3.82122614228
2023,000358,CAN,STINT,Ryan Drenner,M,12,52,50,2,17,1,33,0,0.291729323308,0.148076923077,19,0.346153846154,0.634615384615,0.365384615385,3.82122614228
2023,000359,ALL,SEASON,Tim Muller,D,11,1,0,1,0,0,0,0,0.291729323308,0.148076923077,0,0,0,0,-0.296153846154
2023,000359,WHP,STINT,Tim Muller,D,11,1,0,1,0,0,0,0,0.291729323308,0.148076923077,0,0,0,0,-0.296153846154
2023,000361,ALL,SEASON,Tyler Warner,SSDM,11,6,3,3,1,0,2,0,0.291729323308,0.148076923077,1,0.166666666667,0.333333333333,0.166666666667,-0.763649508386
2023,000361,WHP,STINT,Tyler Warner,SSDM,11,6,3,3,1,0,2,0,0.291729323308,0.148076923077,1,0.166666666667,0.333333333333,0.166666666667,-0.763649508386
2023,000363,ALL,SEASON,Ryan Conrad,M,11,35,31,4,10,1,26,0,0.291729323308,0.148076923077,12,0.314285714286,0.742857142857,0.342857142857,1.77177559283
2023,000363,WAT,STINT,Ryan Conrad,M,11,35,31,4,10,1,26,0,0.291729323308,0.148076923077,12,0.314285714286,0.742857142857,0.342857142857,1.77177559283
2023,000365,ALL,SEASON,Jack Rowlett,D,10,3,0,3,0,0,1,0,0.291729323308,0.148076923077,0,0,0.333333333333,0,-0.888461538462
2023,000365,CHA,STINT,Jack Rowlett,D,10,3,0,3,0,0,1,0,0.291729323308,0.148076923077,0,0,0.333333333333,0,-0.888461538462
2023,000366,ALL,SEASON,Connor Farrell,FO,8,2,2,0,0,0,2,0,0.291729323308,0.148076923077,0,0,1,0,-0.583458646617
2023,000366,CHR,STINT,Connor Farrell,FO,8,2,2,0,0,0,2,0,0.291729323308,0.148076923077,0,0,1,0,-0.583458646617
2023,000368,ALL,SEASON,Chris Sabia,LSM,8,1,1,0,0,0,1,0,0.291729323308,0.148076923077,0,0,1,0,-0.291729323308
2023,000368,WAT,STINT,Chris Sabia,LSM,8,1,1,0,0,0,1,0,0.291729323308,0.148076923077,0,0,1,0,-0.291729323308
2023,000370,ALL,SEASON,Tim Troutner,G,3,0,0,0,0,0,0,0,0.291729323308,0.148076923077,0,,,,
2023,000370,RED,STINT,Tim Troutner,G,3,0,0,0,0,0,0,0,0.291729323308,0.148076923077,0,,,,
2023,000373,ALL,SEASON,Ryder Garnsey,A,12,72,69,3,25,0,43,0,0.291729323308,0.148076923077,25,0.347222222222,0.597222222222,0.347222222222,3.98221515327
2023,000373,RED,STINT,Ryder Garnsey,A,12,72,69,3,25,0,43,0,0.291729323308,0.148076923077,25,0.347222222222,0.597222222222,0.347222222222,3.98221515327
2023,000376,ALL,SEASON,Cade van Raaphorst,D,9,8,1,7,0,4,5,0,0.291729323308,0.148076923077,8,0.5,0.625,1,5.63519375361
2023,000376,CAN,STINT,Cade van Raaphorst,D,9,8,1,7,0,4,5,0,0.291729323308,0.148076923077,8,0.5,0.625,1,5.63519375361
2023,000377,ALL,SEASON,Johnny Surdick,D,2,0,0,0,0,0,0,0,0.291729323308,0.148076923077,0,,,,
2023,000377,CHA,STINT,Johnny Surdick,D,2,0,0,0,0,0,0,0,0.291729323308,0.148076923077,0,,,,
2023,000385,ALL,SEASON,Wes Berg,A,12,57,57,0,28,0,44,1,0.291729323308,0.148076923077,28,0.491228070175,0.771929824561,0.491228070175,11.3714285714
2023,000385,RED,STINT,Wes Berg,A,12,57,57,0,28,0,44,1,0.291729323308,0.148076923077,28,0.491228070175,0.771929824561,0.491228070175,11.3714285714
2023,000390,ALL,SEASON,Brad Smith,M,6,21,15,6,5,1,15,1,0.291729323308,0.148076923077,7,0.285714285714,0.714285714286,0.333333333333,0.847137073453
2023,000390,WHP,STINT,Brad Smith,M,6,21,15,6,5,1,15,1,0.291729323308,0.148076923077,7,0.285714285714,0.714285714286,0.333333333333,0.847137073453
2023,000391,ALL,SEASON,Grant Ament,M,10,35,31,4,8,1,19,2,0.291729323308,0.148076923077,10,0.257142857143,0.542857142857,0.285714285714,-0.228224407172
2023,000391,ARC,STINT,Grant Ament,M,10,35,31,4,8,1,19,2,0.291729323308,0.148076923077,10,0.257142857143,0.542857142857,0.285714285714,-0.228224407172
2023,000395,ALL,SEASON,Bryan Costabile,M,11,61,45,16,14,1,36,6,0.291729323308,0.148076923077,16,0.245901639344,0.590163934426,0.262295081967,-1.86628108733
2023,000395,ATL,STINT,Bryan Costabile,M,11,61,45,16,14,1,36,6,0.291729323308,0.148076923077,16,0.245901639344,0.590163934426,0.262295081967,-1.86628108733
2023,000397,ALL,SEASON,Reece Eddy,LSM,1,0,0,0,0,0,0,0,0.291729323308,0.148076923077,0,,,,
2023,000397,ARC,STINT,Reece Eddy,LSM,1,0,0,0,0,0,0,0,0.291729323308,0.148076923077,0,,,,
2023,000405,ALL,SEASON,Jesse Bernhardt,D,8,4,2,2,0,0,0,0,0.291729323308,0.148076923077,0,0,0,0,-1.17576633892
2023,000405,CHR,STINT,Jesse Bernhardt,D,8,4,2,2,0,0,0,0,0.291729323308,0.148076923077,0,0,0,0,-1.17576633892
2023,000406,ALL,SEASON,Craig Chick,LSM,4,0,0,0,0,0,0,0,0.291729323308,0.148076923077,0,,,,
2023,000406,ATL,STINT,Craig Chick,LSM,4,0,0,0,0,0,0,0,0.291729323308,0.148076923077,0,,,,
2023,000408,ALL,SEASON,Matt DeLuca,G,8,0,0,0,0,0,0,0,0.291729323308,0.148076923077,0,,,,
2023,000408,WAT,STINT,Matt DeLuca,G,8,0,0,0,0,0,0,0,0.291729323308,0.148076923077,0,,,,
2023,000409,ALL,SEASON,Zach Currier,M,13,41,38,3,10,0,26,1,0.291729323308,0.148076923077,10,0.243902439024,0.634146341463,0.243902439024,-1.97417582418
2023,000409,WAT,STINT,Zach Currier,M,13,41,38,3,10,0,26,1,0.291729323308,0.148076923077,10,0.243902439024,0.634146341463,0.243902439024,-1.97417582418
2023,000410,ALL,SEASON,Eli Gobrecht,D,13,4,4,0,2,0,2,0,0.291729323308,0.148076923077,2,0.5,0.5,0.5,0.833082706767
2023,000410,WAT,STINT,Eli Gobrecht,D,13,4,4,0,2,0,2,0,0.291729323308,0.148076923077,2,0.5,0.5,0.5,0.833082706767
2023,000414,ALL,SEASON,Rob Pannell,A,12,83,76,7,16,1,46,3,0.291729323308,0.148076923077,18,0.204819277108,0.55421686747,0.21686746988,-6.24450549451
2023,000414,RED,STINT,Rob Pannell,A,12,83,76,7,16,1,46,3,0.291729323308,0.148076923077,18,0.204819277108,0.55421686747,0.21686746988,-6.24450549451
2023,000416,ALL,SEASON,Ryland Rees,LSM,11,9,1,8,1,0,6,0,0.291729323308,0.148076923077,1,0.111111111111,0.666666666667,0.111111111111,-1.66096009254
2023,000416,WAT,STINT,Ryland Rees,LSM,11,9,1,8,1,0,6,0,0.291729323308,0.148076923077,1,0.111111111111,0.666666666667,0.111111111111,-1.66096009254
2023,000417,ALL,SEASON,Finn Sullivan,D,2,0,0,0,0,0,0,0,0.291729323308,0.148076923077,0,,,,
2023,000417,CAN,STINT,Finn Sullivan,D,2,0,0,0,0,0,0,0,0.291729323308,0.148076923077,0,,,,
2023,000418,ALL,SEASON,Dillon Ward,G,9,0,0,0,0,0,0,0,0.291729323308,0.148076923077,0,,,,
2023,000418,WAT,STINT,Dillon Ward,G,9,0,0,0,0,0,0,0,0.291729323308,0.148076923077,0,,,,
2023,000419,ALL,SEASON,Zed Williams,A,10,79,75,4,17,0,49,2,0.291729323308,0.148076923077,17,0.215189873418,0.620253164557,0.215189873418,-6.06431463274
2023,000419,WHP,STINT,Zed Williams,A,10,79,75,4,17,0,49,2,0.291729323308,0.148076923077,17,0.215189873418,0.620253164557,0.215189873418,-6.06431463274
2023,000422,ALL,SEASON,Eli Salama,LSM,10,7,2,5,0,1,3,0,0.291729323308,0.148076923077,2,0.142857142857,0.428571428571,0.285714285714,-0.0642278773858
2023,000422,CHR,STINT,Eli Salama,LSM,10,7,2,5,0,1,3,0,0.291729323308,0.148076923077,2,0.142857142857,0.428571428571,0.285714285714,-0.0642278773858
2023,000424,ALL,SEASON,Jake Pulver,D,10,0,0,0,0,0,0,0,0.291729323308,0.148076923077,0,,,,
2023,000424,CAN,STINT,Jake Pulver,D,10,0,0,0,0,0,0,0,0.291729323308,0.148076923077,0,,,,
2023,000425,ALL,SEASON,Jesse King,M,6,12,11,1,3,0,9,1,0.291729323308,0.148076923077,3,0.25,0.75,0.25,-0.505176402545
2023,000425,CHR,STINT,Jesse King,M,6,12,11,1,3,0,9,1,0.291729323308,0.148076923077,3,0.25,0.75,0.25,-0.505176402545
2023,000614,ALL,SEASON,Brian Phipps,G,2,0,0,0,0,0,0,0,0.291729323308,0.148076923077,0,,,,
2023,000614,WHP,STINT,Brian Phipps,G,2,0,0,0,0,0,0,0,0.291729323308,0.148076923077,0,,,,
2023,000727,ALL,SEASON,CJ Costabile,LSM,10,12,5,7,1,2,6,0,0.291729323308,0.148076923077,5,0.25,0.5,0.416666666667,1.46827646038
2023,000727,CHA,STINT,CJ Costabile,LSM,10,12,5,7,1,2,6,0,0.291729323308,0.148076923077,5,0.25,0.5,0.416666666667,1.46827646038
2023,000815,ALL,SEASON,Austin Kaut,G,2,0,0,0,0,0,0,0,0.291729323308,0.148076923077,0,,,,
2023,000815,CHA,STINT,Austin Kaut,G,2,0,0,0,0,0,0,0,0.291729323308,0.148076923077,0,,,,
2023,000823,ALL,SEASON,Mark Cockerton,A,1,1,1,0,0,0,0,0,0.291729323308,0.148076923077,0,0,0,0,-0.291729323308
2023,000823,ATL,STINT,Mark Cockerton,A,1,1,1,0,0,0,0,0,0.291729323308,0.148076923077,0,0,0,0,-0.291729323308
2023,000921,ALL,SEASON,Challen Rogers,M,10,15,14,1,3,0,9,1,0.291729323308,0.148076923077,3,0.2,0.6,0.2,-1.38036437247
2023,000921,ARC,STINT,Challen Rogers,M,10,15,14,1,3,0,9,1,0.291729323308,0.148076923077,3,0.2,0.6,0.2,-1.38036437247
2023,000922,ALL,SEASON,Graeme Hossack,D,12,4,1,3,0,0,1,0,0.291729323308,0.148076923077,0,0,0.25,0,-1.18019086177
2023,000922,ARC,STINT,Graeme Hossack,D,12,4,1,3,0,0,1,0,0.291729323308,0.148076923077,0,0,0.25,0,-1.18019086177
2023,000925,ALL,SEASON,Liam Byrnes,D,13,5,4,1,0,0,0,0,0.291729323308,0.148076923077,0,0,0,0,-1.46307113939
2023,000925,WAT,STINT,Liam Byrnes,D,13,5,4,1,0,0,0,0,0.291729323308,0.148076923077,0,0,0,0,-1.46307113939
2023,000978,ALL,SEASON,Kyle Jackson,M,10,40,34,6,10,0,26,1,0.291729323308,0.148076923077,10,0.25,0.65,0.25,-1.6957200694
2023,000978,CHA,STINT,Kyle Jackson,M,10,40,34,6,10,0,26,1,0.291729323308,0.148076923077,10,0.25,0.65,0.25,-1.6957200694
2023,001001,ALL,SEASON,Dylan Molloy,"A,M",5,13,12,1,3,0,9,0,0.291729323308,0.148076923077,3,0.230769230769,0.692307692308,0.230769230769,-0.796905725853
2023,001001,ATL,STINT,Dylan Molloy,M,3,5,5,0,1,0,3,0,0.291729323308,0.148076923077,1,0.2,0.6,0.2,-0.458646616541
2023,001001,CHR,STINT,Dylan Molloy,A,2,8,7,1,2,0,6,0,0.291729323308,0.148076923077,2,0.25,0.75,0.25,-0.338259109312
2023,001009,ALL,SEASON,Colin Heacock,M,8,21,20,1,2,0,5,0,0.291729323308,0.148076923077,2,0.0952380952381,0.238095238095,0.0952380952381,-4.13074031232
2023,001009,CHR,STINT,Colin Heacock,M,8,21,20,1,2,0,5,0,0.291729323308,0.148076923077,2,0.0952380952381,0.238095238095,0.0952380952381,-4.13074031232
2023,001010,ALL,SEASON,Isaiah Davis-Allen,SSDM,12,2,1,1,0,0,1,0,0.291729323308,0.148076923077,0,0,0.5,0,-0.587883169462
2023,001010,RED,STINT,Isaiah Davis-Allen,SSDM,12,2,1,1,0,0,1,0,0.291729323308,0.148076923077,0,0,0.5,0,-0.587883169462
2023,001020,ALL,SEASON,Mike Messenger,SSDM,5,11,10,1,4,0,9,0,0.291729323308,0.148076923077,4,0.363636363636,0.818181818182,0.363636363636,0.786552920763
2023,001020,CHR,STINT,Mike Messenger,SSDM,5,11,10,1,4,0,9,0,0.291729323308,0.148076923077,4,0.363636363636,0.818181818182,0.363636363636,0.786552920763
2023,001397,ALL,SEASON,Michael Rexrode,D,11,4,2,2,2,0,3,0,0.291729323308,0.148076923077,2,0.5,0.75,0.5,0.824233661076
2023,001397,ATL,STINT,Michael Rexrode,D,11,4,2,2,2,0,3,0,0.291729323308,0.148076923077,2,0.5,0.75,0.5,0.824233661076
2023,001402,ALL,SEASON,Max Adler,FO,1,1,1,0,0,0,1,0,0.291729323308,0.148076923077,0,0,1,0,-0.291729323308
2023,001402,CHA,STINT,Max Adler,FO,1,1,1,0,0,0,1,0,0.291729323308,0.148076923077,0,0,1,0,-0.291729323308
2023,001406,ALL,SEASON,Ben Randall,D,13,6,0,6,0,1,4,0,0.291729323308,0.148076923077,2,0.166666666667,0.666666666667,0.333333333333,0.223076923077
2023,001406,WAT,STINT,Ben Randall,D,13,6,0,6,0,1,4,0,0.291729323308,0.148076923077,2,0.166666666667,0.666666666667,0.333333333333,0.223076923077
2023,001415,ALL,SEASON,Greg Weyl,D,1,1,1,0,1,0,1,0,0.291729323308,0.148076923077,1,1,1,1,0.708270676692
2023,001415,CHR,STINT,Greg Weyl,D,1,1,1,0,1,0,1,0,0.291729323308,0.148076923077,1,1,1,1,0.708270676692
2023,001661,ALL,SEASON,Warren Jeffrey,D,11,0,0,0,0,0,0,0,0.291729323308,0.148076923077,0,,,,
2023,001661,ARC,STINT,Warren Jeffrey,D,11,0,0,0,0,0,0,0,0.291729323308,0.148076923077,0,,,,
2023,001671,ALL,SEASON,Zach Goodrich,SSDM,12,0,0,0,0,0,0,0,0.291729323308,0.148076923077,0,,,,
2023,001671,CAN,STINT,Zach Goodrich,SSDM,12,0,0,0,0,0,0,0,0.291729323308,0.148076923077,0,,,,
2023,001707,ALL,SEASON,Matt Whitcher,SSDM,13,13,13,0,6,0,10,0,0.291729323308,0.148076923077,6,0.461538461538,0.769230769231,0.461538461538,2.20751879699
2023,001707,WAT,STINT,Matt Whitcher,SSDM,13,13,13,0,6,0,10,0,0.291729323308,0.148076923077,6,0.461538461538,0.769230769231,0.461538461538,2.20751879699
2023,001719,ALL,SEASON,Jack Jasinski,,1,2,2,0,1,0,1,0,0.291729323308,0.148076923077,1,0.5,0.5,0.5,0.416541353383
2023,001719,CHA,STINT,Jack Jasinski,,1,2,2,0,1,0,1,0,0.291729323308,0.148076923077,1,0.5,0.5,0.5,0.416541353383
2023,001724,ALL,SEASON,Sean Sconone,G,9,0,0,0,0,0,0,0,0.291729323308,0.148076923077,0,,,,
2023,001724,CHR,STINT,Sean Sconone,G,9,0,0,0,0,0,0,0,0.291729323308,0.148076923077,0,,,,
2023,001727,ALL,SEASON,Bradley Voigt,A,1,2,2,0,1,0,2,0,0.291729323308,0.148076923077,1,0.5,1,0.5,0.416541353383
2023,001727,CHA,STINT,Bradley Voigt,A,1,2,2,0,1,0,2,0,0.291729323308,0.148076923077,1,0.5,1,0.5,0.416541353383
2023,001729,ALL,SEASON,Chris Aslanian,M,12,57,35,22,9,5,32,0,0.291729323308,0.148076923077,19,0.245614035088,0.561403508772,0.333333333333,2.27408906883
2023,001729,CAN,STINT,Chris Aslanian,M,12,57,35,22,9,5,32,0,0.291729323308,0.148076923077,19,0.245614035088,0.561403508772,0.333333333333,2.27408906883
2023,001733,ALL,SEASON,Charlie Hayes,SSDM,12,6,5,1,3,0,5,0,0.291729323308,0.148076923077,3,0.5,0.833333333333,0.5,1.2451995373
2023,001733,WAT,STINT,Charlie Hayes,SSDM,12,6,5,1,3,0,5,0,0.291729323308,0.148076923077,3,0.5,0.833333333333,0.5,1.2451995373
2023,001760,ALL,SEASON,Pat Aslanian,SSDM,12,7,3,4,0,1,2,0,0.291729323308,0.148076923077,2,0.142857142857,0.285714285714,0.285714285714,-0.0598033545402
2023,001760,CAN,STINT,Pat Aslanian,SSDM,12,7,3,4,0,1,2,0,0.291729323308,0.148076923077,2,0.142857142857,0.285714285714,0.285714285714,-0.0598033545402
2023,001773,ALL,SEASON,Nick Washuta,G,4,0,0,0,0,0,0,0,0.291729323308,0.148076923077,0,,,,
2023,001773,ARC,STINT,Nick Washuta,G,4,0,0,0,0,0,0,0,0.291729323308,0.148076923077,0,,,,
2023,001793,ALL,SEASON,Chase Fraser,A,4,19,16,3,4,0,12,1,0.291729323308,0.148076923077,4,0.210526315789,0.631578947368,0.210526315789,-1.55613071139
2023,001793,CHA,STINT,Chase Fraser,A,4,19,16,3,4,0,12,1,0.291729323308,0.148076923077,4,0.210526315789,0.631578947368,0.210526315789,-1.55613071139
2023,001795,ALL,SEASON,Christian Scarpello,SSDM,12,4,4,0,1,0,4,0,0.291729323308,0.148076923077,1,0.25,1,0.25,-0.166917293233
2023,001795,WAT,STINT,Christian Scarpello,SSDM,12,4,4,0,1,0,4,0,0.291729323308,0.148076923077,1,0.25,1,0.25,-0.166917293233
2023,001796,ALL,SEASON,Latrell Harris,SSDM,10,4,4,0,2,0,2,0,0.291729323308,0.148076923077,2,0.5,0.5,0.5,0.833082706767
2023,001796,ARC,STINT,Latrell Harris,SSDM,10,4,4,0,2,0,2,0,0.291729323308,0.148076923077,2,0.5,0.5,0.5,0.833082706767
2023,001809,ALL,SEASON,Jeff Teat,A,11,43,43,0,13,0,31,5,0.291729323308,0.148076923077,13,0.302325581395,0.720930232558,0.302325581395,0.455639097744
2023,001809,ATL,STINT,Jeff Teat,A,11,43,43,0,13,0,31,5,0.291729323308,0.148076923077,13,0.302325581395,0.720930232558,0.302325581395,0.455639097744
2023,001810,ALL,SEASON,Michael Sowers,A,13,101,98,3,25,0,66,5,0.291729323308,0.148076923077,25,0.247524752475,0.653465346535,0.247524752475,-4.47793522267
2023,001810,WAT,STINT,Michael Sowers,A,13,101,98,3,25,0,66,5,0.291729323308,0.148076923077,25,0.247524752475,0.653465346535,0.247524752475,-4.47793522267
2023,001811,ALL,SEASON,JT Giles-Harris,D,9,0,0,0,0,0,0,0,0.291729323308,0.148076923077,0,,,,
2023,001811,CHR,STINT,JT Giles-Harris,D,9,0,0,0,0,0,0,0,0.291729323308,0.148076923077,0,,,,
2023,001812,ALL,SEASON,TD Ierlan,FO,12,12,12,0,2,0,10,0,0.291729323308,0.148076923077,2,0.166666666667,0.833333333333,0.166666666667,-1.5007518797
2023,001812,RED,STINT,TD Ierlan,FO,12,12,12,0,2,0,10,0,0.291729323308,0.148076923077,2,0.166666666667,0.833333333333,0.166666666667,-1.5007518797
2023,001813,ALL,SEASON,Jared Conners,LSM,11,14,4,10,0,2,6,0,0.291729323308,0.148076923077,4,0.142857142857,0.428571428571,0.285714285714,-0.128455754772
2023,001813,ARC,STINT,Jared Conners,LSM,11,14,4,10,0,2,6,0,0.291729323308,0.148076923077,4,0.142857142857,0.428571428571,0.285714285714,-0.128455754772
2023,001814,ALL,SEASON,Mac O'Keefe,A,12,108,93,15,28,4,64,3,0.291729323308,0.148076923077,36,0.296296296296,0.592592592593,0.333333333333,4.42686524002
2023,001814,ARC,STINT,Mac O'Keefe,A,12,108,93,15,28,4,64,3,0.291729323308,0.148076923077,36,0.296296296296,0.592592592593,0.333333333333,4.42686524002
2023,001815,ALL,SEASON,Connor Kirst,SSDM,11,21,16,5,6,1,13,2,0.291729323308,0.148076923077,8,0.333333333333,0.619047619048,0.380952380952,1.8515615963
2023,001815,WHP,STINT,Connor Kirst,SSDM,11,21,16,5,6,1,13,2,0.291729323308,0.148076923077,8,0.333333333333,0.619047619048,0.380952380952,1.8515615963
2023,001817,ALL,SEASON,Jack Kielty,D,12,2,1,1,0,0,1,1,0.291729323308,0.148076923077,0,0,0.5,0,-0.587883169462
2023,001817,CAN,STINT,Jack Kielty,D,12,2,1,1,0,0,1,1,0.291729323308,0.148076923077,0,0,0.5,0,-0.587883169462
2023,001818,ALL,SEASON,Jake Carraway,M,10,39,28,11,11,3,28,0,0.291729323308,0.148076923077,17,0.358974358974,0.717948717949,0.435897435897,5.57388663968
2023,001818,WAT,STINT,Jake Carraway,M,10,39,28,11,11,3,28,0,0.291729323308,0.148076923077,17,0.358974358974,0.717948717949,0.435897435897,5.57388663968
2023,001819,ALL,SEASON,Danny Logan,SSDM,10,11,8,3,4,0,9,1,0.291729323308,0.148076923077,4,0.363636363636,0.818181818182,0.363636363636,0.777703875072
2023,001819,ATL,STINT,Danny Logan,SSDM,10,11,8,3,4,0,9,1,0.291729323308,0.148076923077,4,0.363636363636,0.818181818182,0.363636363636,0.777703875072
2023,001820,ALL,SEASON,Ryan Terefenko,SSDM,10,15,15,0,3,0,8,0,0.291729323308,0.148076923077,3,0.2,0.533333333333,0.2,-1.37593984962
2023,001820,CHR,STINT,Ryan Terefenko,SSDM,10,15,15,0,3,0,8,0,0.291729323308,0.148076923077,3,0.2,0.533333333333,0.2,-1.37593984962
2023,001821,ALL,SEASON,Tre Leclaire,M,12,47,40,7,17,2,33,4,0.291729323308,0.148076923077,21,0.404255319149,0.702127659574,0.446808510638,7.25775014459
2023,001821,ARC,STINT,Tre Leclaire,M,12,47,40,7,17,2,33,4,0.291729323308,0.148076923077,21,0.404255319149,0.702127659574,0.446808510638,7.25775014459
2023,001825,ALL,SEASON,Peter Dearth,SSDM,6,3,3,0,0,0,3,0,0.291729323308,0.148076923077,0,0,1,0,-0.875187969925
2023,001825,ATL,STINT,Peter Dearth,SSDM,6,3,3,0,0,0,3,0,0.291729323308,0.148076923077,0,0,1,0,-0.875187969925
2023,001826,ALL,SEASON,Jeff Trainor,SSDM,12,12,10,2,3,0,5,0,0.291729323308,0.148076923077,3,0.25,0.416666666667,0.25,-0.50960092539
2023,001826,CAN,STINT,Jeff Trainor,SSDM,12,12,10,2,3,0,5,0,0.291729323308,0.148076923077,3,0.25,0.416666666667,0.25,-0.50960092539
2023,001828,ALL,SEASON,Justin Anderson,M,10,37,31,6,9,0,27,1,0.291729323308,0.148076923077,9,0.243243243243,0.72972972973,0.243243243243,-1.82053209948
2023,001828,CHR,STINT,Justin Anderson,M,10,37,31,6,9,0,27,1,0.291729323308,0.148076923077,9,0.243243243243,0.72972972973,0.243243243243,-1.82053209948
2023,001831,ALL,SEASON,Colin Squires,LSM,11,5,1,4,0,1,1,0,0.291729323308,0.148076923077,2,0.2,0.2,0.4,0.523655292076
2023,001831,WHP,STINT,Colin Squires,LSM,11,5,1,4,0,1,1,0,0.291729323308,0.148076923077,2,0.2,0.2,0.4,0.523655292076
2023,001832,ALL,SEASON,Charlie Bertrand,M,11,47,45,2,9,0,22,0,0.291729323308,0.148076923077,9,0.191489361702,0.468085106383,0.191489361702,-4.72012724118
2023,001832,RED,STINT,Charlie Bertrand,M,11,47,45,2,9,0,22,0,0.291729323308,0.148076923077,9,0.191489361702,0.468085106383,0.191489361702,-4.72012724118
2023,001835,ALL,SEASON,Ethan Walker,A,13,67,67,0,20,0,48,1,0.291729323308,0.148076923077,20,0.298507462687,0.716417910448,0.298507462687,0.454135338346
2023,001835,WAT,STINT,Ethan Walker,A,13,67,67,0,20,0,48,1,0.291729323308,0.148076923077,20,0.298507462687,0.716417910448,0.298507462687,0.454135338346
2023,001836,ALL,SEASON,Jackson Morrill,A,11,33,33,0,12,0,29,2,0.291729323308,0.148076923077,12,0.363636363636,0.878787878788,0.363636363636,2.37293233083
2023,001836,CHR,STINT,Jackson Morrill,A,9,28,28,0,11,0,25,2,0.291729323308,0.148076923077,11,0.392857142857,0.892857142857,0.392857142857,2.83157894737
2023,001836,WHP,STINT,Jackson Morrill,A,2,5,5,0,1,0,4,0,0.291729323308,0.148076923077,1,0.2,0.8,0.2,-0.458646616541
2023,001838,ALL,SEASON,Ryan Smith,M,11,41,41,0,16,0,27,1,0.291729323308,0.148076923077,16,0.390243902439,0.658536585366,0.390243902439,4.03909774436
2023,001838,CHA,STINT,Ryan Smith,M,11,41,41,0,16,0,27,1,0.291729323308,0.148076923077,16,0.390243902439,0.658536585366,0.390243902439,4.03909774436
2023,001839,ALL,SEASON,Nick Grill,LSM,10,0,0,0,0,0,0,0,0.291729323308,0.148076923077,0,,,,
2023,001839,CHR,STINT,Nick Grill,LSM,10,0,0,0,0,0,0,0,0.291729323308,0.148076923077,0,,,,
2023,001843,ALL,SEASON,Cole Williams,M,2,6,5,1,1,0,3,0,0.291729323308,0.148076923077,1,0.166666666667,0.5,0.166666666667,-0.754800462695
2023,001843,CHR,STINT,Cole Williams,M,2,6,5,1,1,0,3,0,0.291729323308,0.148076923077,1,0.166666666667,0.5,0.166666666667,-0.754800462695
2023,001846,ALL,SEASON,Adam Charalambides,A,2,10,10,0,3,0,5,0,0.291729323308,0.148076923077,3,0.3,0.5,0.3,0.0827067669173
2023,001846,CAN,STINT,Adam Charalambides,A,2,10,10,0,3,0,5,0,0.291729323308,0.148076923077,3,0.3,0.5,0.3,0.0827067669173
2023,002001,ALL,SEASON,Kevin Rogers,M,2,7,6,1,2,0,6,1,0.291729323308,0.148076923077,2,0.285714285714,0.857142857143,0.285714285714,-0.0465297860035
2023,002001,RED,STINT,Kevin Rogers,M,2,7,6,1,2,0,6,1,0.291729323308,0.148076923077,2,0.285714285714,0.857142857143,0.285714285714,-0.0465297860035
2023,002003,ALL,SEASON,Will Perry,M,8,30,25,5,5,0,13,0,0.291729323308,0.148076923077,5,0.166666666667,0.433333333333,0.166666666667,-3.77400231348
2023,002003,CHA,STINT,Will Perry,M,8,30,25,5,5,0,13,0,0.291729323308,0.148076923077,5,0.166666666667,0.433333333333,0.166666666667,-3.77400231348
2023,002006,ALL,SEASON,Reid Bowering,M,1,1,1,0,1,0,1,0,0.291729323308,0.148076923077,1,1,1,1,0.708270676692
2023,002006,ARC,STINT,Reid Bowering,M,1,1,1,0,1,0,1,0,0.291729323308,0.148076923077,1,1,1,1,0.708270676692
2023,002014,ALL,SEASON,Drake Porter,G,3,0,0,0,0,0,0,0,0.291729323308,0.148076923077,0,,,,
2023,002014,ATL,STINT,Drake Porter,G,3,0,0,0,0,0,0,0,0.291729323308,0.148076923077,0,,,,
2023,002015,ALL,SEASON,Logan Wisnauskas,A,10,54,53,1,11,0,33,1,0.291729323308,0.148076923077,11,0.203703703704,0.611111111111,0.203703703704,-4.75780798149
2023,002015,CHR,STINT,Logan Wisnauskas,A,10,54,53,1,11,0,33,1,0.291729323308,0.148076923077,11,0.203703703704,0.611111111111,0.203703703704,-4.75780798149
2023,002016,ALL,SEASON,Chris Gray,A,11,81,76,5,20,2,52,2,0.291729323308,0.148076923077,24,0.271604938272,0.641975308642,0.296296296296,0.347802197802
2023,002016,ATL,STINT,Chris Gray,A,11,81,76,5,20,2,52,2,0.291729323308,0.148076923077,24,0.271604938272,0.641975308642,0.296296296296,0.347802197802
2023,002017,ALL,SEASON,Arden Cohen,D,12,1,0,1,0,1,1,0,0.291729323308,0.148076923077,2,1,1,2,1.70384615385
2023,002017,RED,STINT,Arden Cohen,D,12,1,0,1,0,1,1,0,0.291729323308,0.148076923077,2,1,1,2,1.70384615385
2023,002018,ALL,SEASON,Matt Moore,A,10,57,50,7,11,0,36,3,0.291729323308,0.148076923077,11,0.19298245614,0.631578947368,0.19298245614,-5.65954308849
2023,002018,ARC,STINT,Matt Moore,A,10,57,50,7,11,0,36,3,0.291729323308,0.148076923077,11,0.19298245614,0.631578947368,0.19298245614,-5.65954308849
2023,002019,ALL,SEASON,Koby Smith,LSM,3,5,1,4,0,1,2,0,0.291729323308,0.148076923077,2,0.2,0.4,0.4,0.523655292076
2023,002019,ATL,STINT,Koby Smith,LSM,3,5,1,4,0,1,2,0,0.291729323308,0.148076923077,2,0.2,0.4,0.4,0.523655292076
2023,002020,ALL,SEASON,Brett Kennedy,LSM,3,0,0,0,0,0,0,0,0.291729323308,0.148076923077,0,,,,
2023,002020,WHP,STINT,Brett Kennedy,LSM,3,0,0,0,0,0,0,0,0.291729323308,0.148076923077,0,,,,
2023,002021,ALL,SEASON,Roman Puglise,SSDM,10,9,4,5,1,2,4,0,0.291729323308,0.148076923077,5,0.333333333333,0.444444444444,0.555555555556,2.352313476
2023,002021,WHP,STINT,Roman Puglise,SSDM,10,9,4,5,1,2,4,0,0.291729323308,0.148076923077,5,0.333333333333,0.444444444444,0.555555555556,2.352313476
2023,002022,ALL,SEASON,Zach Geddes,SSDM,11,10,7,3,3,0,6,0,0.291729323308,0.148076923077,3,0.3,0.6,0.3,0.0694331983806
2023,002022,CHA,STINT,Zach Geddes,SSDM,11,10,7,3,3,0,6,0,0.291729323308,0.148076923077,3,0.3,0.6,0.3,0.0694331983806
2023,002023,ALL,SEASON,Brendan Nichtern,A,2,7,7,0,1,0,4,0,0.291729323308,0.148076923077,1,0.142857142857,0.571428571429,0.142857142857,-1.04210526316
2023,002023,CHR,STINT,Brendan Nichtern,A,2,7,7,0,1,0,4,0,0.291729323308,0.148076923077,1,0.142857142857,0.571428571429,0.142857142857,-1.04210526316
2023,002024,ALL,SEASON,Asher Nolting,A,12,72,72,0,25,0,54,3,0.291729323308,0.148076923077,25,0.347222222222,0.75,0.347222222222,3.9954887218
2023,002024,CAN,STINT,Asher Nolting,A,12,72,72,0,25,0,54,3,0.291729323308,0.148076923077,25,0.347222222222,0.75,0.347222222222,3.9954887218
2023,002025,ALL,SEASON,Bubba Fairman,SSDM,12,5,5,0,0,0,3,1,0.291729323308,0.148076923077,0,0,0.6,0,-1.45864661654
2023,002025,CAN,STINT,Bubba Fairman,SSDM,12,5,5,0,0,0,3,1,0.291729323308,0.148076923077,0,0,0.6,0,-1.45864661654
2023,002026,ALL,SEASON,Brett Dobson,G,12,0,0,0,0,0,0,0,0.291729323308,0.148076923077,0,,,,
2023,002026,ARC,STINT,Brett Dobson,G,12,0,0,0,0,0,0,0,0.291729323308,0.148076923077,0,,,,
2023,002027,ALL,SEASON,Brendan Curry,M,9,18,17,1,5,0,10,0,0.291729323308,0.148076923077,5,0.277777777778,0.555555555556,0.277777777778,-0.255552342394
2023,002027,ATL,STINT,Brendan Curry,M,9,18,17,1,5,0,10,0,0.291729323308,0.148076923077,5,0.277777777778,0.555555555556,0.277777777778,-0.255552342394
2023,002028,ALL,SEASON,Jack Hannah,M,10,57,52,5,10,3,30,5,0.291729323308,0.148076923077,16,0.228070175439,0.526315789474,0.280701754386,-0.650694042799
2023,002028,WAT,STINT,Jack Hannah,M,10,57,52,5,10,3,30,5,0.291729323308,0.148076923077,16,0.228070175439,0.526315789474,0.280701754386,-0.650694042799
2023,002030,ALL,SEASON,Jonathan Donville,M,12,44,44,0,17,0,34,3,0.291729323308,0.148076923077,17,0.386363636364,0.772727272727,0.386363636364,4.16390977444
2023,002030,CAN,STINT,Jonathan Donville,M,12,44,44,0,17,0,34,3,0.291729323308,0.148076923077,17,0.386363636364,0.772727272727,0.386363636364,4.16390977444
2023,002033,ALL,SEASON,Nakeie Montgomery,M,10,31,25,6,2,1,19,1,0.291729323308,0.148076923077,4,0.0967741935484,0.612903225806,0.129032258065,-5.07015615963
2023,002033,RED,STINT,Nakeie Montgomery,M,10,31,25,6,2,1,19,1,0.291729323308,0.148076923077,4,0.0967741935484,0.612903225806,0.129032258065,-5.07015615963
2023,002034,ALL,SEASON,Keegan Khan,M,8,14,14,0,5,0,10,0,0.291729323308,0.148076923077,5,0.357142857143,0.714285714286,0.357142857143,0.915789473684
2023,002034,WHP,STINT,Keegan Khan,M,8,14,14,0,5,0,10,0,0.291729323308,0.148076923077,5,0.357142857143,0.714285714286,0.357142857143,0.915789473684
2023,002035,ALL,SEASON,Max Wayne,D,9,0,0,0,0,0,0,0,0.291729323308,0.148076923077,0,,,,
2023,002035,CAN,STINT,Max Wayne,D,9,0,0,0,0,0,0,0,0.291729323308,0.148076923077,0,,,,
2023,002036,ALL,SEASON,Jake Higgins,SSDM,11,4,3,1,2,0,3,0,0.291729323308,0.148076923077,2,0.5,0.75,0.5,0.828658183921
2023,002036,WAT,STINT,Jake Higgins,SSDM,11,4,3,1,2,0,3,0,0.291729323308,0.148076923077,2,0.5,0.75,0.5,0.828658183921
2023,002038,ALL,SEASON,Colin Kirst,G,11,0,0,0,0,0,0,0,0.291729323308,0.148076923077,0,,,,
2023,002038,CAN,STINT,Colin Kirst,G,11,0,0,0,0,0,0,0,0.291729323308,0.148076923077,0,,,,
2023,002039,ALL,SEASON,Owen McElroy,G,4,0,0,0,0,0,0,0,0.291729323308,0.148076923077,0,,,,
2023,002039,CHR,STINT,Owen McElroy,G,4,0,0,0,0,0,0,0,0.291729323308,0.148076923077,0,,,,
2023,002040,ALL,SEASON,Jackson Reid,M,2,4,4,0,0,0,4,1,0.291729323308,0.148076923077,0,0,1,0,-1.16691729323
2023,002040,WHP,STINT,Jackson Reid,M,2,4,4,0,0,0,4,1,0.291729323308,0.148076923077,0,0,1,0,-1.16691729323
2023,002042,ALL,SEASON,Jon Robbins,LSM,6,3,3,0,1,0,2,0,0.291729323308,0.148076923077,1,0.333333333333,0.666666666667,0.333333333333,0.124812030075
2023,002042,ARC,STINT,Jon Robbins,LSM,6,3,3,0,1,0,2,0,0.291729323308,0.148076923077,1,0.333333333333,0.666666666667,0.333333333333,0.124812030075
2023,002043,ALL,SEASON,Ryan Aughavin,M,6,18,13,5,3,2,10,2,0.291729323308,0.148076923077,7,0.277777777778,0.555555555556,0.388888888889,1.72674956622
2023,002043,ARC,STINT,Ryan Aughavin,M,6,18,13,5,3,2,10,2,0.291729323308,0.148076923077,7,0.277777777778,0.555555555556,0.388888888889,1.72674956622
2023,002046,ALL,SEASON,Kevin Lindley,A,2,4,4,0,1,0,2,1,0.291729323308,0.148076923077,1,0.25,0.5,0.25,-0.166917293233
2023,002046,CHA,STINT,Kevin Lindley,A,2,4,4,0,1,0,2,1,0.291729323308,0.148076923077,1,0.25,0.5,0.25,-0.166917293233
2023,002049,ALL,SEASON,Marc O'Rourke,M,5,14,12,2,2,0,8,1,0.291729323308,0.148076923077,2,0.142857142857,0.571428571429,0.142857142857,-2.09305957201
2023,002049,ATL,STINT,Marc O'Rourke,M,5,14,12,2,2,0,8,1,0.291729323308,0.148076923077,2,0.142857142857,0.571428571429,0.142857142857,-2.09305957201
2023,002051,ALL,SEASON,Connor DeSimone,A,2,7,7,0,1,0,5,0,0.291729323308,0.148076923077,1,0.142857142857,0.714285714286,0.142857142857,-1.04210526316
2023,002051,ARC,STINT,Connor DeSimone,A,2,7,7,0,1,0,5,0,0.291729323308,0.148076923077,1,0.142857142857,0.714285714286,0.142857142857,-1.04210526316
2023,002054,ALL,SEASON,Chris Merle,SSDM,8,2,2,0,1,0,2,1,0.291729323308,0.148076923077,1,0.5,1,0.5,0.416541353383
2023,002054,RED,STINT,Chris Merle,SSDM,8,2,2,0,1,0,2,1,0.291729323308,0.148076923077,1,0.5,1,0.5,0.416541353383
2023,002056,ALL,SEASON,Matt Rahill,D,1,0,0,0,0,0,0,0,0.291729323308,0.148076923077,0,,,,
2023,002056,WHP,STINT,Matt Rahill,D,1,0,0,0,0,0,0,0,0.291729323308,0.148076923077,0,,,,
2023,002059,ALL,SEASON,Brendan Krebs,G,4,0,0,0,0,0,0,0,0.291729323308,0.148076923077,0,,,,
2023,002059,WHP,STINT,Brendan Krebs,G,4,0,0,0,0,0,0,0,0.291729323308,0.148076923077,0,,,,
2023,002063,ALL,SEASON,Ryan Kennedy,LSM,11,3,2,1,1,0,3,0,0.291729323308,0.148076923077,1,0.333333333333,1,0.333333333333,0.12038750723
2023,002063,RED,STINT,Ryan Kennedy,LSM,11,3,2,1,1,0,3,0,0.291729323308,0.148076923077,1,0.333333333333,1,0.333333333333,0.12038750723
2023,002065,ALL,SEASON,Anthony DeMaio,M,4,13,12,1,1,0,8,0,0.291729323308,0.148076923077,1,0.0769230769231,0.615384615385,0.0769230769231,-2.79690572585
2023,002065,RED,STINT,Anthony DeMaio,M,4,13,12,1,1,0,8,0,0.291729323308,0.148076923077,1,0.0769230769231,0.615384615385,0.0769230769231,-2.79690572585
2023,002067,ALL,SEASON,Zac Tucci,FO,1,1,1,0,0,0,1,0,0.291729323308,0.148076923077,0,0,1,0,-0.291729323308
2023,002067,WAT,STINT,Zac Tucci,FO,1,1,1,0,0,0,1,0,0.291729323308,0.148076923077,0,0,1,0,-0.291729323308
2023,002074,ALL,SEASON,Alexander Smith,SSDM,10,1,1,0,0,0,1,0,0.291729323308,0.148076923077,0,0,1,0,-0.291729323308
2023,002074,CHR,STINT,Alexander Smith,SSDM,10,1,1,0,0,0,1,0,0.291729323308,0.148076923077,0,0,1,0,-0.291729323308
2023,003003,ALL,SEASON,Sean Lulley,M,1,5,5,0,0,0,4,2,0.291729323308,0.148076923077,0,0,0.8,0,-1.45864661654
2023,003003,WHP,STINT,Sean Lulley,M,1,5,5,0,0,0,4,2,0.291729323308,0.148076923077,0,0,0.8,0,-1.45864661654
2023,003004,ALL,SEASON,Mike Sisselberger,FO,12,15,14,1,4,0,10,0,0.291729323308,0.148076923077,4,0.266666666667,0.666666666667,0.266666666667,-0.38036437247
2023,003004,ARC,STINT,Mike Sisselberger,FO,12,15,14,1,4,0,10,0,0.291729323308,0.148076923077,4,0.266666666667,0.666666666667,0.266666666667,-0.38036437247
2023,003005,ALL,SEASON,Connor Maher,SSDM,12,10,10,0,5,0,8,0,0.291729323308,0.148076923077,5,0.5,0.8,0.5,2.08270676692
2023,003005,ARC,STINT,Connor Maher,SSDM,12,10,10,0,5,0,8,0,0.291729323308,0.148076923077,5,0.5,0.8,0.5,2.08270676692
2023,003006,ALL,SEASON,Piper Bond,SSDM,12,9,7,2,0,0,4,0,0.291729323308,0.148076923077,0,0,0.444444444444,0,-2.63441295547
2023,003006,ARC,STINT,Piper Bond,SSDM,12,9,7,2,0,0,4,0,0.291729323308,0.148076923077,0,0,0.444444444444,0,-2.63441295547
2023,003007,ALL,SEASON,Cam Wyers,LSM,7,3,3,0,1,0,2,0,0.291729323308,0.148076923077,1,0.333333333333,0.666666666667,0.333333333333,0.124812030075
2023,003007,ARC,STINT,Cam Wyers,LSM,7,3,3,0,1,0,2,0,0.291729323308,0.148076923077,1,0.333333333333,0.666666666667,0.333333333333,0.124812030075
2023,003008,ALL,SEASON,Gavin Adler,D,8,1,1,0,1,0,1,0,0.291729323308,0.148076923077,1,1,1,1,0.708270676692
2023,003008,ATL,STINT,Gavin Adler,D,8,1,1,0,1,0,1,0,0.291729323308,0.148076923077,1,1,1,1,0.708270676692
2023,003009,ALL,SEASON,Brett Makar,LSM,11,3,0,3,0,0,1,0,0.291729323308,0.148076923077,0,0,0.333333333333,0,-0.888461538462
2023,003009,ATL,STINT,Brett Makar,LSM,11,3,0,3,0,0,1,0,0.291729323308,0.148076923077,0,0,0.333333333333,0,-0.888461538462
2023,003010,ALL,SEASON,Xander Dickson,M,11,46,46,0,19,0,31,0,0.291729323308,0.148076923077,19,0.413043478261,0.673913043478,0.413043478261,5.58045112782
2023,003010,ATL,STINT,Xander Dickson,M,11,46,46,0,19,0,31,0,0.291729323308,0.148076923077,19,0.413043478261,0.673913043478,0.413043478261,5.58045112782
2023,003013,ALL,SEASON,Matt Campbell,M,12,55,49,6,13,1,36,5,0.291729323308,0.148076923077,15,0.254545454545,0.654545454545,0.272727272727,-1.07165991903
2023,003013,CAN,STINT,Matt Campbell,M,12,55,49,6,13,1,36,5,0.291729323308,0.148076923077,15,0.254545454545,0.654545454545,0.272727272727,-1.07165991903
2023,003015,ALL,SEASON,Will Bowen,D,11,2,2,0,1,0,1,0,0.291729323308,0.148076923077,1,0.5,0.5,0.5,0.416541353383
2023,003015,CHA,STINT,Will Bowen,D,11,2,2,0,1,0,1,0,0.291729323308,0.148076923077,1,0.5,0.5,0.5,0.416541353383
2023,003016,ALL,SEASON,Brian Minicus,A,11,65,65,0,16,0,41,3,0.291729323308,0.148076923077,16,0.246153846154,0.630769230769,0.246153846154,-2.96240601504
2023,003016,CHA,STINT,Brian Minicus,A,11,65,65,0,16,0,41,3,0.291729323308,0.148076923077,16,0.246153846154,0.630769230769,0.246153846154,-2.96240601504
2023,003017,ALL,SEASON,Tye Kurtz,A,6,32,32,0,11,0,23,0,0.291729323308,0.148076923077,11,0.34375,0.71875,0.34375,1.66466165414
2023,003017,CHA,STINT,Tye Kurtz,A,6,32,32,0,11,0,23,0,0.291729323308,0.148076923077,11,0.34375,0.71875,0.34375,1.66466165414
2023,003018,ALL,SEASON,Nick Rowlett,FO,10,9,8,1,2,0,5,0,0.291729323308,0.148076923077,2,0.222222222222,0.555555555556,0.222222222222,-0.62998843262
2023,003018,CHA,STINT,Nick Rowlett,FO,10,9,8,1,2,0,5,0,0.291729323308,0.148076923077,2,0.222222222222,0.555555555556,0.222222222222,-0.62998843262
2023,003019,ALL,SEASON,Sam Handley,M,9,46,34,12,9,1,26,2,0.291729323308,0.148076923077,11,0.217391304348,0.565217391304,0.239130434783,-2.47264314633
2023,003019,CHR,STINT,Sam Handley,M,9,46,34,12,9,1,26,2,0.291729323308,0.148076923077,11,0.217391304348,0.565217391304,0.239130434783,-2.47264314633
2023,003020,ALL,SEASON,Troy Hettinger,LSM,5,1,1,0,0,0,0,0,0.291729323308,0.148076923077,0,0,0,0,-0.291729323308
2023,003020,CHR,STINT,Troy Hettinger,LSM,5,1,1,0,0,0,0,0,0.291729323308,0.148076923077,0,0,0,0,-0.291729323308
2023,003021,ALL,SEASON,Jack Myers,M,2,3,3,0,1,0,3,0,0.291729323308,0.148076923077,1,0.333333333333,1,0.333333333333,0.124812030075
2023,003021,WHP,STINT,Jack Myers,M,2,3,3,0,1,0,3,0,0.291729323308,0.148076923077,1,0.333333333333,1,0.333333333333,0.124812030075
2023,003022,ALL,SEASON,Cross Ferrara,A,8,54,51,3,12,0,35,3,0.291729323308,0.148076923077,12,0.222222222222,0.648148148148,0.222222222222,-3.76665702718
2023,003022,CHR,STINT,Cross Ferrara,A,8,54,51,3,12,0,35,3,0.291729323308,0.148076923077,12,0.222222222222,0.648148148148,0.222222222222,-3.76665702718
2023,003023,ALL,SEASON,Owen Grant,LSM,5,10,4,6,1,1,7,0,0.291729323308,0.148076923077,3,0.2,0.7,0.3,0.0561596298438
2023,003023,RED,STINT,Owen Grant,LSM,5,10,4,6,1,1,7,0,0.291729323308,0.148076923077,3,0.2,0.7,0.3,0.0561596298438
2023,003024,ALL,SEASON,Brian Tevlin,SSDM,10,13,12,1,2,0,5,0,0.291729323308,0.148076923077,2,0.153846153846,0.384615384615,0.153846153846,-1.79690572585
2023,003024,RED,STINT,Brian Tevlin,SSDM,10,13,12,1,2,0,5,0,0.291729323308,0.148076923077,2,0.153846153846,0.384615384615,0.153846153846,-1.79690572585
2023,003025,ALL,SEASON,Cole Kirst,M,9,46,42,4,13,1,32,2,0.291729323308,0.148076923077,15,0.304347826087,0.695652173913,0.326086956522,1.56275303644
2023,003025,RED,STINT,Cole Kirst,M,9,46,42,4,13,1,32,2,0.291729323308,0.148076923077,15,0.304347826087,0.695652173913,0.326086956522,1.56275303644
2023,003027,ALL,SEASON,Thomas McConvey,M,5,10,10,0,4,0,6,0,0.291729323308,0.148076923077,4,0.4,0.6,0.4,1.08270676692
2023,003027,WAT,STINT,Thomas McConvey,M,5,10,10,0,4,0,6,0,0.291729323308,0.148076923077,4,0.4,0.6,0.4,1.08270676692
2023,003028,ALL,SEASON,Alex Mazzone,LSM,6,2,1,1,0,0,0,0,0.291729323308,0.148076923077,0,0,0,0,-0.587883169462
2023,003028,WAT,STINT,Alex Mazzone,LSM,6,2,1,1,0,0,0,0,0.291729323308,0.148076923077,0,0,0,0,-0.587883169462
2023,003029,ALL,SEASON,Chris Fake,D,1,0,0,0,0,0,0,0,0.291729323308,0.148076923077,0,,,,
2023,003029,WAT,STINT,Chris Fake,D,1,0,0,0,0,0,0,0,0.291729323308,0.148076923077,0,,,,
2023,003030,ALL,SEASON,James Reilly,FO,2,0,0,0,0,0,0,0,0.291729323308,0.148076923077,0,,,,
2023,003030,WAT,STINT,James Reilly,FO,2,0,0,0,0,0,0,0,0.291729323308,0.148076923077,0,,,,
2023,003031,ALL,SEASON,Tucker Dordevic,M,11,71,58,13,17,5,49,1,0.291729323308,0.148076923077,27,0.30985915493,0.69014084507,0.380281690141,6.22969924812
2023,003031,WHP,STINT,Tucker Dordevic,M,11,71,58,13,17,5,49,1,0.291729323308,0.148076923077,27,0.30985915493,0.69014084507,0.380281690141,6.22969924812
2023,003032,ALL,SEASON,Petey LaSalla,FO,11,8,7,1,2,0,5,0,0.291729323308,0.148076923077,2,0.25,0.625,0.25,-0.338259109312
2023,003032,WHP,STINT,Petey LaSalla,FO,11,8,7,1,2,0,5,0,0.291729323308,0.148076923077,2,0.25,0.625,0.25,-0.338259109312
2023,003033,ALL,SEASON,Garrett Leadmon,M,5,12,11,1,2,0,7,0,0.291729323308,0.148076923077,2,0.166666666667,0.583333333333,0.166666666667,-1.50517640254
2023,003033,WHP,STINT,Garrett Leadmon,M,5,12,11,1,2,0,7,0,0.291729323308,0.148076923077,2,0.166666666667,0.583333333333,0.166666666667,-1.50517640254
2023,003039,ALL,SEASON,Chet Comizio,SSDM,8,3,3,0,1,0,2,0,0.291729323308,0.148076923077,1,0.333333333333,0.666666666667,0.333333333333,0.124812030075
2023,003039,ATL,STINT,Chet Comizio,SSDM,8,3,3,0,1,0,2,0,0.291729323308,0.148076923077,1,0.333333333333,0.666666666667,0.333333333333,0.124812030075
2023,003041,ALL,SEASON,Ethan Rall,LSM,11,3,2,1,2,0,2,0,0.291729323308,0.148076923077,2,0.666666666667,0.666666666667,0.666666666667,1.12038750723
2023,003041,CAN,STINT,Ethan Rall,LSM,11,3,2,1,2,0,2,0,0.291729323308,0.148076923077,2,0.666666666667,0.666666666667,0.666666666667,1.12038750723
2023,003047,ALL,SEASON,Evan Zinn,,1,2,2,0,0,0,1,0,0.291729323308,0.148076923077,0,0,0.5,0,-0.583458646617
2023,003047,CHA,STINT,Evan Zinn,,1,2,2,0,0,0,1,0,0.291729323308,0.148076923077,0,0,0.5,0,-0.583458646617
2023,003049,ALL,SEASON,John Geppert,LSM,4,1,0,1,0,0,1,0,0.291729323308,0.148076923077,0,0,1,0,-0.296153846154
2023,003049,ATL,STINT,John Geppert,LSM,4,1,0,1,0,0,1,0,0.291729323308,0.148076923077,0,0,1,0,-0.296153846154
2023,003052,ALL,SEASON,Kyle Borda,M,2,3,3,0,0,0,3,1,0.291729323308,0.148076923077,0,0,1,0,-0.875187969925
2023,003052,WAT,STINT,Kyle Borda,M,2,3,3,0,0,0,3,1,0.291729323308,0.148076923077,0,0,1,0,-0.875187969925
2023,003054,ALL,SEASON,Jeff Conner,M,5,4,4,0,2,0,3,0,0.291729323308,0.148076923077,2,0.5,0.75,0.5,0.833082706767
2023,003054,WAT,STINT,Jeff Conner,M,5,4,4,0,2,0,3,0,0.291729323308,0.148076923077,2,0.5,0.75,0.5,0.833082706767
2023,003056,ALL,SEASON,Grayson Sallade,SSDM,1,0,0,0,0,0,0,0,0.291729323308,0.148076923077,0,,,,
2023,003056,WHP,STINT,Grayson Sallade,SSDM,1,0,0,0,0,0,0,0,0.291729323308,0.148076923077,0,,,,
2023,003066,ALL,SEASON,Jakob Patterson,,1,3,3,0,0,0,2,0,0.291729323308,0.148076923077,0,0,0.666666666667,0,-0.875187969925
2023,003066,CHA,STINT,Jakob Patterson,,1,3,3,0,0,0,2,0,0.291729323308,0.148076923077,0,0,0.666666666667,0,-0.875187969925
2024,000211,ALL,SEASON,Ian MacKay,SSDM,11,25,21,4,6,0,16,0,0.278653073834,0.149621212121,6,0.24,0.64,0.24,-1.04868424748
2024,000211,CHA,STINT,Ian MacKay,SSDM,11,25,21,4,6,0,16,0,0.278653073834,0.149621212121,6,0.24,0.64,0.24,-1.04868424748
2024,000216,ALL,SEASON,Marcus Holman,A,11,80,67,13,22,3,53,6,0.278653073834,0.149621212121,28,0.3125,0.6625,0.35,5.44009253798
2024,000216,CAN,STINT,Marcus Holman,A,11,80,67,13,22,3,53,6,0.278653073834,0.149621212121,28,0.3125,0.6625,0.35,5.44009253798
2024,000221,ALL,SEASON,Ryan Ambler,M,12,32,32,0,9,0,20,1,0.278653073834,0.149621212121,9,0.28125,0.625,0.28125,0.0831016373185
2024,000221,ARC,STINT,Ryan Ambler,M,12,32,32,0,9,0,20,1,0.278653073834,0.149621212121,9,0.28125,0.625,0.28125,0.0831016373185
2024,000225,ALL,SEASON,Tom Schreiber,M,9,50,37,13,10,1,28,3,0.278653073834,0.149621212121,12,0.22,0.56,0.24,-2.200315247
2024,000225,ARC,STINT,Tom Schreiber,M,9,50,37,13,10,1,28,3,0.278653073834,0.149621212121,12,0.22,0.56,0.24,-2.200315247
2024,000234,ALL,SEASON,Eric Law,A,7,26,26,0,11,0,21,2,0.278653073834,0.149621212121,11,0.423076923077,0.807692307692,0.423076923077,3.75502008032
2024,000234,OUT,STINT,Eric Law,A,7,26,26,0,11,0,21,2,0.278653073834,0.149621212121,11,0.423076923077,0.807692307692,0.423076923077,3.75502008032
2024,000235,ALL,SEASON,Jake Richard,SSDM,9,3,3,0,0,0,3,0,0.278653073834,0.149621212121,0,0,1,0,-0.835959221501
2024,000235,WAT,STINT,Jake Richard,SSDM,9,3,3,0,0,0,3,0,0.278653073834,0.149621212121,0,0,1,0,-0.835959221501
2024,000240,ALL,SEASON,Kieran McArdle,A,10,78,76,2,22,0,48,4,0.278653073834,0.149621212121,22,0.282051282051,0.615384615385,0.282051282051,0.223881540147
2024,000240,WAT,STINT,Kieran McArdle,A,10,78,76,2,22,0,48,4,0.278653073834,0.149621212121,22,0.282051282051,0.615384615385,0.282051282051,0.223881540147
2024,000254,ALL,SEASON,Trevor Baptiste,FO,11,15,13,2,6,1,11,0,0.278653073834,0.149621212121,8,0.466666666667,0.733333333333,0.533333333333,3.77902519168
2024,000254,ATL,STINT,Trevor Baptiste,FO,11,15,13,2,6,1,11,0,0.278653073834,0.149621212121,8,0.466666666667,0.733333333333,0.533333333333,3.77902519168
2024,000258,ALL,SEASON,Blaze Riorden,G,10,3,1,2,1,0,1,0,0.278653073834,0.149621212121,1,0.333333333333,0.333333333333,0.333333333333,0.122862077681
2024,000258,CHA,STINT,Blaze Riorden,G,10,3,1,2,1,0,1,0,0.278653073834,0.149621212121,1,0.333333333333,0.333333333333,0.333333333333,0.122862077681
2024,000262,ALL,SEASON,Connor Fields,A,12,79,77,2,26,0,53,2,0.278653073834,0.149621212121,26,0.329113924051,0.670886075949,0.329113924051,3.94522846631
2024,000262,ARC,STINT,Connor Fields,A,12,79,77,2,26,0,53,2,0.278653073834,0.149621212121,26,0.329113924051,0.670886075949,0.329113924051,3.94522846631
2024,000269,ALL,SEASON,Jarrod Neumann,D,12,5,0,5,0,0,2,0,0.278653073834,0.149621212121,0,0,0.4,0,-1.49621212121
2024,000269,CHA,STINT,Jarrod Neumann,D,12,5,0,5,0,0,2,0,0.278653073834,0.149621212121,0,0,0.4,0,-1.49621212121
2024,000272,ALL,SEASON,Josh Byrne,A,11,61,60,1,13,0,35,4,0.278653073834,0.149621212121,13,0.213114754098,0.573770491803,0.213114754098,-4.01842685427
2024,000272,CHA,STINT,Josh Byrne,A,11,61,60,1,13,0,35,4,0.278653073834,0.149621212121,13,0.213114754098,0.573770491803,0.213114754098,-4.01842685427
2024,000275,ALL,SEASON,Mark Glicini,SSDM,1,0,0,0,0,0,0,0,0.278653073834,0.149621212121,0,,,,
2024,000275,CHA,STINT,Mark Glicini,SSDM,1,0,0,0,0,0,0,0,0.278653073834,0.149621212121,0,,,,
2024,000278,ALL,SEASON,Myles Jones,M,11,39,35,4,9,2,26,1,0.278653073834,0.149621212121,13,0.282051282051,0.666666666667,0.333333333333,2.05017271885
2024,000278,ATL,STINT,Myles Jones,M,11,39,35,4,9,2,26,1,0.278653073834,0.149621212121,13,0.282051282051,0.666666666667,0.333333333333,2.05017271885
2024,000279,ALL,SEASON,Patrick Resch,SSDM,12,3,3,0,1,0,2,0,0.278653073834,0.149621212121,1,0.333333333333,0.666666666667,0.333333333333,0.164040778499
2024,000279,CHA,STINT,Patrick Resch,SSDM,12,3,3,0,1,0,2,0,0.278653073834,0.149621212121,1,0.333333333333,0.666666666667,0.333333333333,0.164040778499
2024,000281,ALL,SEASON,Troy Reh,LSM,12,4,1,3,0,0,3,0,0.278653073834,0.149621212121,0,0,0.75,0,-1.17638034656
2024,000281,CHA,STINT,Troy Reh,LSM,12,4,1,3,0,0,3,0,0.278653073834,0.149621212121,0,0,0.75,0,-1.17638034656
2024,000302,ALL,SEASON,Michael Manley,D,11,7,3,4,0,0,2,0,0.278653073834,0.149621212121,0,0,0.285714285714,0,-2.03292891847
2024,000302,OUT,STINT,Michael Manley,D,11,7,3,4,0,0,2,0,0.278653073834,0.149621212121,0,0,0.285714285714,0,-2.03292891847
2024,000305,ALL,SEASON,Romar Dennis,M,9,41,16,25,1,7,20,1,0.278653073834,0.149621212121,15,0.19512195122,0.487804878049,0.365853658537,3.0604902126
2024,000305,RED,STINT,Romar Dennis,M,9,41,16,25,1,7,20,1,0.278653073834,0.149621212121,15,0.19512195122,0.487804878049,0.365853658537,3.0604902126
2024,000308,ALL,SEASON,Will Haus,SSDM,11,1,1,0,0,0,1,0,0.278653073834,0.149621212121,0,0,1,0,-0.278653073834
2024,000308,OUT,STINT,Will Haus,SSDM,11,1,1,0,0,0,1,0,0.278653073834,0.149621212121,0,0,1,0,-0.278653073834
2024,000315,ALL,SEASON,Garrett Epple,D,11,1,0,1,0,0,0,0,0.278653073834,0.149621212121,0,0,0,0,-0.299242424242
2024,000315,CAN,STINT,Garrett Epple,D,11,1,0,1,0,0,0,0,0.278653073834,0.149621212121,0,0,0,0,-0.299242424242
2024,000318,ALL,SEASON,Jack Kelly,G,10,1,0,1,0,0,0,0,0.278653073834,0.149621212121,0,0,0,0,-0.299242424242
2024,000318,RED,STINT,Jack Kelly,G,10,1,0,1,0,0,0,0,0.278653073834,0.149621212121,0,0,0,0,-0.299242424242
2024,000327,ALL,SEASON,Matt Kavanagh,A,6,29,27,2,4,1,14,2,0.278653073834,0.149621212121,6,0.172413793103,0.48275862069,0.206896551724,-2.122117842
2024,000327,CAN,STINT,Matt Kavanagh,A,6,29,27,2,4,1,14,2,0.278653073834,0.149621212121,6,0.172413793103,0.48275862069,0.206896551724,-2.122117842
2024,000333,ALL,SEASON,Sergio Perkovic,M,8,21,9,12,3,2,12,0,0.278653073834,0.149621212121,7,0.238095238095,0.571428571429,0.333333333333,0.901213244587
2024,000333,CHA,STINT,Sergio Perkovic,M,8,21,9,12,3,2,12,0,0.278653073834,0.149621212121,7,0.238095238095,0.571428571429,0.333333333333,0.901213244587
2024,000337,ALL,SEASON,Bryce Young,D,11,0,0,0,0,0,0,0,0.278653073834,0.149621212121,0,,,,
2024,000337,CAN,STINT,Bryce Young,D,11,0,0,0,0,0,0,0,0.278653073834,0.149621212121,0,,,,
2024,000339,ALL,SEASON,Connor Kelly,M,9,56,38,18,10,1,36,3,0.278653073834,0.149621212121,12,0.196428571429,0.642857142857,0.214285714286,-3.97518044205
2024,000339,WAT,STINT,Connor Kelly,M,9,56,38,18,10,1,36,3,0.278653073834,0.149621212121,12,0.196428571429,0.642857142857,0.214285714286,-3.97518044205
2024,000345,ALL,SEASON,Jake Bernhardt,SSDM,12,9,6,3,1,1,4,0,0.278653073834,0.149621212121,3,0.222222222222,0.444444444444,0.333333333333,0.43035428427
2024,000345,WHP,STINT,Jake Bernhardt,SSDM,12,9,6,3,1,1,4,0,0.278653073834,0.149621212121,3,0.222222222222,0.444444444444,0.333333333333,0.43035428427
2024,000350,ALL,SEASON,Joseph Nardella,FO,12,11,11,0,5,0,8,0,0.278653073834,0.149621212121,5,0.454545454545,0.727272727273,0.454545454545,1.93481618783
2024,000350,WHP,STINT,Joseph Nardella,FO,12,11,11,0,5,0,8,0,0.278653073834,0.149621212121,5,0.454545454545,0.727272727273,0.454545454545,1.93481618783
2024,000351,ALL,SEASON,Jules Heningburg,A,11,38,37,1,11,0,29,3,0.278653073834,0.149621212121,11,0.289473684211,0.763157894737,0.289473684211,0.390593843907
2024,000351,CHA,STINT,Jules Heningburg,A,11,38,37,1,11,0,29,3,0.278653073834,0.149621212121,11,0.289473684211,0.763157894737,0.289473684211,0.390593843907
2024,000353,ALL,SEASON,Kyle Bernlohr,G,3,0,0,0,0,0,0,0,0.278653073834,0.149621212121,0,,,,
2024,000353,WHP,STINT,Kyle Bernlohr,G,3,0,0,0,0,0,0,0,0.278653073834,0.149621212121,0,,,,
2024,000354,ALL,SEASON,Matt Rambo,A,12,60,60,0,15,0,35,2,0.278653073834,0.149621212121,15,0.25,0.583333333333,0.25,-1.71918443003
2024,000354,WHP,STINT,Matt Rambo,A,12,60,60,0,15,0,35,2,0.278653073834,0.149621212121,15,0.25,0.583333333333,0.25,-1.71918443003
2024,000355,ALL,SEASON,Matthew Dunn,D,13,8,3,5,2,0,7,0,0.278653073834,0.149621212121,2,0.25,0.875,0.25,-0.332171342714
2024,000355,WHP,STINT,Matthew Dunn,D,13,8,3,5,2,0,7,0,0.278653073834,0.149621212121,2,0.25,0.875,0.25,-0.332171342714
2024,000357,ALL,SEASON,Mike Chanenchuk,M,13,58,41,17,7,3,34,4,0.278653073834,0.149621212121,13,0.172413793103,0.586206896552,0.224137931034,-3.51189723931
2024,000357,WHP,STINT,Mike Chanenchuk,M,13,58,41,17,7,3,34,4,0.278653073834,0.149621212121,13,0.172413793103,0.586206896552,0.224137931034,-3.51189723931
2024,000358,ALL,SEASON,Ryan Drenner,M,11,38,34,4,8,2,23,1,0.278653073834,0.149621212121,12,0.263157894737,0.605263157895,0.315789473684,1.32882579268
2024,000358,CAN,STINT,Ryan Drenner,M,11,38,34,4,8,2,23,1,0.278653073834,0.149621212121,12,0.263157894737,0.605263157895,0.315789473684,1.32882579268
2024,000359,ALL,SEASON,Tim Muller,D,13,0,0,0,0,0,0,0,0.278653073834,0.149621212121,0,,,,
2024,000359,WHP,STINT,Tim Muller,D,13,0,0,0,0,0,0,0,0.278653073834,0.149621212121,0,,,,
2024,000363,ALL,SEASON,Ryan Conrad,M,11,60,53,7,13,0,36,1,0.278653073834,0.149621212121,13,0.216666666667,0.6,0.216666666667,-3.86330988289
2024,000363,WAT,STINT,Ryan Conrad,M,7,37,34,3,5,0,21,1,0.278653073834,0.149621212121,5,0.135135135135,0.567567567568,0.135135135135,-5.37193178308
2024,000363,WHP,STINT,Ryan Conrad,M,4,23,19,4,8,0,15,0,0.278653073834,0.149621212121,8,0.347826086957,0.652173913043,0.347826086957,1.50862190019
2024,000365,ALL,SEASON,Jack Rowlett,D,11,3,1,2,0,1,3,0,0.278653073834,0.149621212121,2,0.333333333333,1,0.666666666667,1.12286207768
2024,000365,CHA,STINT,Jack Rowlett,D,11,3,1,2,0,1,3,0,0.278653073834,0.149621212121,2,0.333333333333,1,0.666666666667,1.12286207768
2024,000368,ALL,SEASON,Chris Sabia,LSM,6,3,2,1,0,0,2,0,0.278653073834,0.149621212121,0,0,0.666666666667,0,-0.85654857191
2024,000368,WAT,STINT,Chris Sabia,LSM,6,3,2,1,0,0,2,0,0.278653073834,0.149621212121,0,0,0.666666666667,0,-0.85654857191
2024,000370,ALL,SEASON,Tim Troutner,G,6,2,0,2,0,0,1,0,0.278653073834,0.149621212121,0,0,0.5,0,-0.598484848485
2024,000370,ATL,STINT,Tim Troutner,G,6,2,0,2,0,0,1,0,0.278653073834,0.149621212121,0,0,0.5,0,-0.598484848485
2024,000373,ALL,SEASON,Ryder Garnsey,A,10,59,55,4,12,1,30,0,0.278653073834,0.149621212121,14,0.220338983051,0.508474576271,0.237288135593,-2.52288875783
2024,000373,RED,STINT,Ryder Garnsey,A,10,59,55,4,12,1,30,0,0.278653073834,0.149621212121,14,0.220338983051,0.508474576271,0.237288135593,-2.52288875783
2024,000376,ALL,SEASON,Cade van Raaphorst,D,11,18,0,18,0,0,3,1,0.278653073834,0.149621212121,0,0,0.166666666667,0,-5.38636363636
2024,000376,CAN,STINT,Cade van Raaphorst,D,11,18,0,18,0,0,3,1,0.278653073834,0.149621212121,0,0,0.166666666667,0,-5.38636363636
2024,000385,ALL,SEASON,Wes Berg,A,10,28,28,0,14,0,20,0,0.278653073834,0.149621212121,14,0.5,0.714285714286,0.5,6.19771393265
2024,000385,RED,STINT,Wes Berg,A,10,28,28,0,14,0,20,0,0.278653073834,0.149621212121,14,0.5,0.714285714286,0.5,6.19771393265
2024,000391,ALL,SEASON,Grant Ament,M,12,49,48,1,17,0,30,0,0.278653073834,0.149621212121,17,0.34693877551,0.612244897959,0.34693877551,3.32541003174
2024,000391,ARC,STINT,Grant Ament,M,12,49,48,1,17,0,30,0,0.278653073834,0.149621212121,17,0.34693877551,0.612244897959,0.34693877551,3.32541003174
2024,000395,ALL,SEASON,Bryan Costabile,M,10,53,39,14,12,1,32,0,0.278653073834,0.149621212121,14,0.245283018868,0.603773584906,0.264150943396,-1.05686381891
2024,000395,ATL,STINT,Bryan Costabile,M,10,53,39,14,12,1,32,0,0.278653073834,0.149621212121,14,0.245283018868,0.603773584906,0.264150943396,-1.05686381891
2024,000405,ALL,SEASON,Jesse Bernhardt,D,7,4,1,3,1,0,1,0,0.278653073834,0.149621212121,1,0.25,0.25,0.25,-0.176380346561
2024,000405,OUT,STINT,Jesse Bernhardt,D,7,4,1,3,1,0,1,0,0.278653073834,0.149621212121,1,0.25,0.25,0.25,-0.176380346561
2024,000406,ALL,SEASON,Craig Chick,LSM,5,0,0,0,0,0,0,0,0.278653073834,0.149621212121,0,,,,
2024,000406,CAN,STINT,Craig Chick,LSM,5,0,0,0,0,0,0,0,0.278653073834,0.149621212121,0,,,,
2024,000408,ALL,SEASON,Matt DeLuca,G,7,0,0,0,0,0,0,0,0.278653073834,0.149621212121,0,,,,
2024,000408,WAT,STINT,Matt DeLuca,G,7,0,0,0,0,0,0,0,0.278653073834,0.149621212121,0,,,,
2024,000409,ALL,SEASON,Zach Currier,M,10,25,22,3,10,1,18,0,0.278653073834,0.149621212121,12,0.44,0.72,0.48,4.97190510293
2024,000409,WAT,STINT,Zach Currier,M,10,25,22,3,10,1,18,0,0.278653073834,0.149621212121,12,0.44,0.72,0.48,4.97190510293
2024,000410,ALL,SEASON,Eli Gobrecht,D,10,2,1,1,0,0,2,0,0.278653073834,0.149621212121,0,0,1,0,-0.577895498076
2024,000410,WAT,STINT,Eli Gobrecht,D,10,2,1,1,0,0,2,0,0.278653073834,0.149621212121,0,0,1,0,-0.577895498076
2024,000414,ALL,SEASON,Rob Pannell,A,10,74,74,0,15,0,40,3,0.278653073834,0.149621212121,15,0.202702702703,0.540540540541,0.202702702703,-5.6203274637
2024,000414,RED,STINT,Rob Pannell,A,10,74,74,0,15,0,40,3,0.278653073834,0.149621212121,15,0.202702702703,0.540540540541,0.202702702703,-5.6203274637
2024,000416,ALL,SEASON,Ryland Rees,LSM,10,6,1,5,0,4,6,0,0.278653073834,0.149621212121,8,0.666666666667,1,1.33333333333,6.22513480495
2024,000416,WAT,STINT,Ryland Rees,LSM,10,6,1,5,0,4,6,0,0.278653073834,0.149621212121,8,0.666666666667,1,1.33333333333,6.22513480495
2024,000418,ALL,SEASON,Dillon Ward,G,8,1,0,1,0,0,0,0,0.278653073834,0.149621212121,0,0,0,0,-0.299242424242
2024,000418,WAT,STINT,Dillon Ward,G,8,1,0,1,0,0,0,0,0.278653073834,0.149621212121,0,0,0,0,-0.299242424242
2024,000419,ALL,SEASON,Zed Williams,A,13,98,89,9,28,1,64,4,0.278653073834,0.149621212121,30,0.295918367347,0.65306122449,0.30612244898,2.50669461061
2024,000419,WHP,STINT,Zed Williams,A,13,98,89,9,28,1,64,4,0.278653073834,0.149621212121,30,0.295918367347,0.65306122449,0.30612244898,2.50669461061
2024,000424,ALL,SEASON,Jake Pulver,D,5,0,0,0,0,0,0,0,0.278653073834,0.149621212121,0,,,,
2024,000424,CAN,STINT,Jake Pulver,D,5,0,0,0,0,0,0,0,0.278653073834,0.149621212121,0,,,,
2024,000727,ALL,SEASON,CJ Costabile,LSM,5,5,1,4,0,0,2,0,0.278653073834,0.149621212121,0,0,0.4,0,-1.4756227708
2024,000727,CHA,STINT,CJ Costabile,LSM,5,5,1,4,0,0,2,0,0.278653073834,0.149621212121,0,0,0.4,0,-1.4756227708
2024,000815,ALL,SEASON,Austin Kaut,G,5,0,0,0,0,0,0,0,0.278653073834,0.149621212121,0,,,,
2024,000815,CHA,STINT,Austin Kaut,G,5,0,0,0,0,0,0,0,0.278653073834,0.149621212121,0,,,,
2024,000921,ALL,SEASON,Challen Rogers,M,1,0,0,0,0,0,0,0,0.278653073834,0.149621212121,0,,,,
2024,000921,ARC,STINT,Challen Rogers,M,1,0,0,0,0,0,0,0,0.278653073834,0.149621212121,0,,,,
2024,000922,ALL,SEASON,Graeme Hossack,D,9,3,0,3,0,1,1,0,0.278653073834,0.149621212121,2,0.333333333333,0.333333333333,0.666666666667,1.10227272727
2024,000922,ARC,STINT,Graeme Hossack,D,9,3,0,3,0,1,1,0,0.278653073834,0.149621212121,2,0.333333333333,0.333333333333,0.666666666667,1.10227272727
2024,000925,ALL,SEASON,Liam Byrnes,D,5,2,1,1,0,0,0,0,0.278653073834,0.149621212121,0,0,0,0,-0.577895498076
2024,000925,WAT,STINT,Liam Byrnes,D,5,2,1,1,0,0,0,0,0.278653073834,0.149621212121,0,0,0,0,-0.577895498076
2024,000978,ALL,SEASON,Kyle Jackson,M,12,39,36,3,11,0,24,1,0.278653073834,0.149621212121,11,0.282051282051,0.615384615385,0.282051282051,0.070762069256
2024,000978,CHA,STINT,Kyle Jackson,M,12,39,36,3,11,0,24,1,0.278653073834,0.149621212121,11,0.282051282051,0.615384615385,0.282051282051,0.070762069256
2024,001001,ALL,SEASON,Dylan Molloy,M,3,10,9,1,4,0,7,1,0.278653073834,0.149621212121,4,0.4,0.7,0.4,1.19287991125
2024,001001,ATL,STINT,Dylan Molloy,M,3,10,9,1,4,0,7,1,0.278653073834,0.149621212121,4,0.4,0.7,0.4,1.19287991125
2024,001009,ALL,SEASON,Colin Heacock,M,12,31,29,2,12,0,23,1,0.278653073834,0.149621212121,12,0.387096774194,0.741935483871,0.387096774194,3.32057601034
2024,001009,WHP,STINT,Colin Heacock,M,12,31,29,2,12,0,23,1,0.278653073834,0.149621212121,12,0.387096774194,0.741935483871,0.387096774194,3.32057601034
2024,001010,ALL,SEASON,Isaiah Davis-Allen,SSDM,5,1,1,0,0,0,1,0,0.278653073834,0.149621212121,0,0,1,0,-0.278653073834
2024,001010,RED,STINT,Isaiah Davis-Allen,SSDM,5,1,1,0,0,0,1,0,0.278653073834,0.149621212121,0,0,1,0,-0.278653073834
2024,001020,ALL,SEASON,Mike Messenger,SSDM,2,2,2,0,0,0,0,0,0.278653073834,0.149621212121,0,0,0,0,-0.557306147668
2024,001020,OUT,STINT,Mike Messenger,SSDM,2,2,2,0,0,0,0,0,0.278653073834,0.149621212121,0,0,0,0,-0.557306147668
2024,001391,ALL,SEASON,Mikie Schlosser,M,3,4,4,0,2,0,3,1,0.278653073834,0.149621212121,2,0.5,0.75,0.5,0.885387704665
2024,001391,WAT,STINT,Mikie Schlosser,M,3,4,4,0,2,0,3,1,0.278653073834,0.149621212121,2,0.5,0.75,0.5,0.885387704665
2024,001397,ALL,SEASON,Michael Rexrode,D,11,1,1,0,0,0,1,0,0.278653073834,0.149621212121,0,0,1,0,-0.278653073834
2024,001397,ATL,STINT,Michael Rexrode,D,11,1,1,0,0,0,1,0,0.278653073834,0.149621212121,0,0,1,0,-0.278653073834
2024,001406,ALL,SEASON,Ben Randall,D,10,3,1,2,1,0,1,0,0.278653073834,0.149621212121,1,0.333333333333,0.333333333333,0.333333333333,0.122862077681
2024,001406,WAT,STINT,Ben Randall,D,10,3,1,2,1,0,1,0,0.278653073834,0.149621212121,1,0.333333333333,0.333333333333,0.333333333333,0.122862077681
2024,001415,ALL,SEASON,Greg Weyl,D,3,3,3,0,1,0,1,0,0.278653073834,0.149621212121,1,0.333333333333,0.333333333333,0.333333333333,0.164040778499
2024,001415,OUT,STINT,Greg Weyl,D,3,3,3,0,1,0,1,0,0.278653073834,0.149621212121,1,0.333333333333,0.333333333333,0.333333333333,0.164040778499
2024,001661,ALL,SEASON,Warren Jeffrey,D,12,0,0,0,0,0,0,0,0.278653073834,0.149621212121,0,,,,
2024,001661,ARC,STINT,Warren Jeffrey,D,12,0,0,0,0,0,0,0,0.278653073834,0.149621212121,0,,,,
2024,001671,ALL,SEASON,Zach Goodrich,SSDM,11,2,1,1,0,0,1,0,0.278653073834,0.149621212121,0,0,0.5,0,-0.577895498076
2024,001671,CAN,STINT,Zach Goodrich,SSDM,11,2,1,1,0,0,1,0,0.278653073834,0.149621212121,0,0,0.5,0,-0.577895498076
2024,001707,ALL,SEASON,Matt Whitcher,SSDM,9,11,10,1,2,0,5,0,0.278653073834,0.149621212121,2,0.181818181818,0.454545454545,0.181818181818,-1.08577316258
2024,001707,WAT,STINT,Matt Whitcher,SSDM,9,11,10,1,2,0,5,0,0.278653073834,0.149621212121,2,0.181818181818,0.454545454545,0.181818181818,-1.08577316258
2024,001724,ALL,SEASON,Sean Sconone,G,2,0,0,0,0,0,0,0,0.278653073834,0.149621212121,0,,,,
2024,001724,OUT,STINT,Sean Sconone,G,2,0,0,0,0,0,0,0,0.278653073834,0.149621212121,0,,,,
2024,001729,ALL,SEASON,Chris Aslanian,M,9,34,24,10,6,2,20,4,0.278653073834,0.149621212121,10,0.235294117647,0.588235294118,0.294117647059,0.319901985565
2024,001729,CAN,STINT,Chris Aslanian,M,9,34,24,10,6,2,20,4,0.278653073834,0.149621212121,10,0.235294117647,0.588235294118,0.294117647059,0.319901985565
2024,001733,ALL,SEASON,Charlie Hayes,SSDM,5,4,4,0,1,0,3,0,0.278653073834,0.149621212121,1,0.25,0.75,0.25,-0.114612295335
2024,001733,WAT,STINT,Charlie Hayes,SSDM,5,4,4,0,1,0,3,0,0.278653073834,0.149621212121,1,0.25,0.75,0.25,-0.114612295335
2024,001760,ALL,SEASON,Pat Aslanian,SSDM,1,1,0,1,0,0,0,0,0.278653073834,0.149621212121,0,0,0,0,-0.299242424242
2024,001760,CAN,STINT,Pat Aslanian,SSDM,1,1,0,1,0,0,0,0,0.278653073834,0.149621212121,0,0,0,0,-0.299242424242
2024,001766,ALL,SEASON,Holden Garlent,D,7,1,1,0,0,0,1,0,0.278653073834,0.149621212121,0,0,1,0,-0.278653073834
2024,001766,RED,STINT,Holden Garlent,D,7,1,1,0,0,0,1,0,0.278653073834,0.149621212121,0,0,1,0,-0.278653073834
2024,001795,ALL,SEASON,Christian Scarpello,SSDM,9,3,1,2,1,0,2,0,0.278653073834,0.149621212121,1,0.333333333333,0.666666666667,0.333333333333,0.122862077681
2024,001795,WAT,STINT,Christian Scarpello,SSDM,9,3,1,2,1,0,2,0,0.278653073834,0.149621212121,1,0.333333333333,0.666666666667,0.333333333333,0.122862077681
2024,001809,ALL,SEASON,Jeff Teat,A,11,87,87,0,30,0,58,3,0.278653073834,0.149621212121,30,0.344827586207,0.666666666667,0.344827586207,5.75718257646
2024,001809,ATL,STINT,Jeff Teat,A,11,87,87,0,30,0,58,3,0.278653073834,0.149621212121,30,0.344827586207,0.666666666667,0.344827586207,5.75718257646
2024,001810,ALL,SEASON,Michael Sowers,A,10,62,57,5,18,0,46,0,0.278653073834,0.149621212121,18,0.290322580645,0.741935483871,0.290322580645,0.620562670261
2024,001810,WAT,STINT,Michael Sowers,A,10,62,57,5,18,0,46,0,0.278653073834,0.149621212121,18,0.290322580645,0.741935483871,0.290322580645,0.620562670261
2024,001811,ALL,SEASON,JT Giles-Harris,D,11,0,0,0,0,0,0,0,0.278653073834,0.149621212121,0,,,,
2024,001811,OUT,STINT,JT Giles-Harris,D,11,0,0,0,0,0,0,0,0.278653073834,0.149621212121,0,,,,
2024,001812,ALL,SEASON,TD Ierlan,FO,10,13,12,1,4,0,8,0,0.278653073834,0.149621212121,4,0.307692307692,0.615384615385,0.307692307692,0.356920689752
2024,001812,RED,STINT,TD Ierlan,FO,10,13,12,1,4,0,8,0,0.278653073834,0.149621212121,4,0.307692307692,0.615384615385,0.307692307692,0.356920689752
2024,001813,ALL,SEASON,Jared Conners,LSM,10,7,3,4,2,0,3,0,0.278653073834,0.149621212121,2,0.285714285714,0.428571428571,0.285714285714,-0.0329289184711
2024,001813,RED,STINT,Jared Conners,LSM,10,7,3,4,2,0,3,0,0.278653073834,0.149621212121,2,0.285714285714,0.428571428571,0.285714285714,-0.0329289184711
2024,001814,ALL,SEASON,Mac O'Keefe,A,12,92,77,15,24,1,54,0,0.278653073834,0.149621212121,26,0.271739130435,0.586956521739,0.282608695652,0.0550769511613
2024,001814,ARC,STINT,Mac O'Keefe,A,12,92,77,15,24,1,54,0,0.278653073834,0.149621212121,26,0.271739130435,0.586956521739,0.282608695652,0.0550769511613
2024,001815,ALL,SEASON,Connor Kirst,M,11,34,31,3,12,1,24,2,0.278653073834,0.149621212121,14,0.382352941176,0.705882352941,0.411764705882,4.46402743843
2024,001815,CAN,STINT,Connor Kirst,M,11,34,31,3,12,1,24,2,0.278653073834,0.149621212121,14,0.382352941176,0.705882352941,0.411764705882,4.46402743843
2024,001816,ALL,SEASON,Dox Aitken,M,11,57,49,8,16,0,35,4,0.278653073834,0.149621212121,16,0.280701754386,0.614035087719,0.280701754386,-0.0479400117954
2024,001816,ATL,STINT,Dox Aitken,M,11,57,49,8,16,0,35,4,0.278653073834,0.149621212121,16,0.280701754386,0.614035087719,0.280701754386,-0.0479400117954
2024,001818,ALL,SEASON,Jake Carraway,M,7,28,19,9,7,1,18,1,0.278653073834,0.149621212121,9,0.285714285714,0.642857142857,0.321428571429,1.01240977898
2024,001818,WAT,STINT,Jake Carraway,M,7,28,19,9,7,1,18,1,0.278653073834,0.149621212121,9,0.285714285714,0.642857142857,0.321428571429,1.01240977898
2024,001819,ALL,SEASON,Danny Logan,SSDM,11,8,6,2,2,0,5,0,0.278653073834,0.149621212121,2,0.25,0.625,0.25,-0.270403291488
2024,001819,ATL,STINT,Danny Logan,SSDM,11,8,6,2,2,0,5,0,0.278653073834,0.149621212121,2,0.25,0.625,0.25,-0.270403291488
2024,001820,ALL,SEASON,Ryan Terefenko,SSDM,11,8,7,1,4,1,7,1,0.278653073834,0.149621212121,6,0.625,0.875,0.75,3.75018605892
2024,001820,OUT,STINT,Ryan Terefenko,SSDM,11,8,7,1,4,1,7,1,0.278653073834,0.149621212121,6,0.625,0.875,0.75,3.75018605892
2024,001821,ALL,SEASON,Tre Leclaire,M,12,49,42,7,22,2,34,1,0.278653073834,0.149621212121,26,0.489795918367,0.69387755102,0.530612244898,12.2018739293
2024,001821,ARC,STINT,Tre Leclaire,M,12,49,42,7,22,2,34,1,0.278653073834,0.149621212121,26,0.489795918367,0.69387755102,0.530612244898,12.2018739293
2024,001824,ALL,SEASON,Ryan Tierney,M,4,5,5,0,0,0,1,0,0.278653073834,0.149621212121,0,0,0.2,0,-1.39326536917
2024,001824,RED,STINT,Ryan Tierney,M,4,5,5,0,0,0,1,0,0.278653073834,0.149621212121,0,0,0.2,0,-1.39326536917
2024,001826,ALL,SEASON,Jeff Trainor,SSDM,11,12,7,5,4,1,7,0,0.278653073834,0.149621212121,6,0.416666666667,0.583333333333,0.5,2.55321636195
2024,001826,CAN,STINT,Jeff Trainor,SSDM,11,12,7,5,4,1,7,0,0.278653073834,0.149621212121,6,0.416666666667,0.583333333333,0.5,2.55321636195
2024,001828,ALL,SEASON,Justin Anderson,M,11,38,37,1,11,1,22,3,0.278653073834,0.149621212121,13,0.315789473684,0.578947368421,0.342105263158,2.39059384391
2024,001828,OUT,STINT,Justin Anderson,M,11,38,37,1,11,1,22,3,0.278653073834,0.149621212121,13,0.315789473684,0.578947368421,0.342105263158,2.39059384391
2024,001831,ALL,SEASON,Colin Squires,LSM,13,5,2,3,1,0,2,0,0.278653073834,0.149621212121,1,0.2,0.4,0.2,-0.455033420395
2024,001831,WHP,STINT,Colin Squires,LSM,13,5,2,3,1,0,2,0,0.278653073834,0.149621212121,1,0.2,0.4,0.2,-0.455033420395
2024,001832,ALL,SEASON,Charlie Bertrand,M,10,52,50,2,13,1,36,4,0.278653073834,0.149621212121,15,0.269230769231,0.692307692308,0.288461538462,0.468861459825
2024,001832,RED,STINT,Charlie Bertrand,M,10,52,50,2,13,1,36,4,0.278653073834,0.149621212121,15,0.269230769231,0.692307692308,0.288461538462,0.468861459825
2024,001835,ALL,SEASON,Ethan Walker,A,10,29,29,0,5,0,19,4,0.278653073834,0.149621212121,5,0.172413793103,0.655172413793,0.172413793103,-3.08093914118
2024,001835,WAT,STINT,Ethan Walker,A,10,29,29,0,5,0,19,4,0.278653073834,0.149621212121,5,0.172413793103,0.655172413793,0.172413793103,-3.08093914118
2024,001836,ALL,SEASON,Jackson Morrill,A,3,6,6,0,2,0,6,0,0.278653073834,0.149621212121,2,0.333333333333,1,0.333333333333,0.328081556997
2024,001836,WHP,STINT,Jackson Morrill,A,3,6,6,0,2,0,6,0,0.278653073834,0.149621212121,2,0.333333333333,1,0.333333333333,0.328081556997
2024,001839,ALL,SEASON,Nick Grill,LSM,10,1,0,1,0,0,0,0,0.278653073834,0.149621212121,0,0,0,0,-0.299242424242
2024,001839,OUT,STINT,Nick Grill,LSM,10,1,0,1,0,0,0,0,0.278653073834,0.149621212121,0,0,0,0,-0.299242424242
2024,002006,ALL,SEASON,Reid Bowering,M,3,8,8,0,2,0,4,1,0.278653073834,0.149621212121,2,0.25,0.5,0.25,-0.22922459067
2024,002006,ATL,STINT,Reid Bowering,M,3,8,8,0,2,0,4,1,0.278653073834,0.149621212121,2,0.25,0.5,0.25,-0.22922459067
2024,002015,ALL,SEASON,Logan Wisnauskas,A,1,7,7,0,3,0,6,0,0.278653073834,0.149621212121,3,0.428571428571,0.857142857143,0.428571428571,1.04942848316
2024,002015,OUT,STINT,Logan Wisnauskas,A,1,7,7,0,3,0,6,0,0.278653073834,0.149621212121,3,0.428571428571,0.857142857143,0.428571428571,1.04942848316
2024,002016,ALL,SEASON,Chris Gray,A,8,37,34,3,8,0,22,4,0.278653073834,0.149621212121,8,0.216216216216,0.594594594595,0.216216216216,-2.37193178308
2024,002016,RED,STINT,Chris Gray,A,8,37,34,3,8,0,22,4,0.278653073834,0.149621212121,8,0.216216216216,0.594594594595,0.216216216216,-2.37193178308
2024,002017,ALL,SEASON,Arden Cohen,D,10,1,1,0,0,0,1,0,0.278653073834,0.149621212121,0,0,1,0,-0.278653073834
2024,002017,RED,STINT,Arden Cohen,D,10,1,1,0,0,0,1,0,0.278653073834,0.149621212121,0,0,1,0,-0.278653073834
2024,002018,ALL,SEASON,Matt Moore,A,9,40,35,5,7,1,22,1,0.278653073834,0.149621212121,9,0.2,0.55,0.225,-2.2490697054
2024,002018,ARC,STINT,Matt Moore,A,9,40,35,5,7,1,22,1,0.278653073834,0.149621212121,9,0.2,0.55,0.225,-2.2490697054
2024,002019,ALL,SEASON,Koby Smith,LSM,11,12,4,8,0,2,8,0,0.278653073834,0.149621212121,4,0.166666666667,0.666666666667,0.333333333333,0.491448310725
2024,002019,ATL,STINT,Koby Smith,LSM,11,12,4,8,0,2,8,0,0.278653073834,0.149621212121,4,0.166666666667,0.666666666667,0.333333333333,0.491448310725
2024,002020,ALL,SEASON,Brett Kennedy,LSM,1,0,0,0,0,0,0,0,0.278653073834,0.149621212121,0,,,,
2024,002020,WHP,STINT,Brett Kennedy,LSM,1,0,0,0,0,0,0,0,0.278653073834,0.149621212121,0,,,,
2024,002021,ALL,SEASON,Roman Puglise,SSDM,13,8,7,1,3,1,6,0,0.278653073834,0.149621212121,5,0.5,0.75,0.625,2.75018605892
2024,002021,WHP,STINT,Roman Puglise,SSDM,13,8,7,1,3,1,6,0,0.278653073834,0.149621212121,5,0.5,0.75,0.625,2.75018605892
2024,002022,ALL,SEASON,Zach Geddes,SSDM,12,19,17,2,6,0,12,2,0.278653073834,0.149621212121,6,0.315789473684,0.631578947368,0.315789473684,0.664412896341
2024,002022,CHA,STINT,Zach Geddes,SSDM,12,19,17,2,6,0,12,2,0.278653073834,0.149621212121,6,0.315789473684,0.631578947368,0.315789473684,0.664412896341
2024,002024,ALL,SEASON,Asher Nolting,A,11,49,48,1,12,0,29,2,0.278653073834,0.149621212121,12,0.244897959184,0.591836734694,0.244897959184,-1.67458996826
2024,002024,CAN,STINT,Asher Nolting,A,11,49,48,1,12,0,29,2,0.278653073834,0.149621212121,12,0.244897959184,0.591836734694,0.244897959184,-1.67458996826
2024,002025,ALL,SEASON,Bubba Fairman,SSDM,11,7,7,0,0,0,3,1,0.278653073834,0.149621212121,0,0,0.428571428571,0,-1.95057151684
2024,002025,CAN,STINT,Bubba Fairman,SSDM,11,7,7,0,0,0,3,1,0.278653073834,0.149621212121,0,0,0.428571428571,0,-1.95057151684
2024,002026,ALL,SEASON,Brett Dobson,G,12,2,0,2,0,0,1,0,0.278653073834,0.149621212121,0,0,0.5,0,-0.598484848485
2024,002026,ARC,STINT,Brett Dobson,G,12,2,0,2,0,0,1,0,0.278653073834,0.149621212121,0,0,0.5,0,-0.598484848485
2024,002028,ALL,SEASON,Jack Hannah,M,7,46,41,5,9,0,26,4,0.278653073834,0.149621212121,9,0.195652173913,0.565217391304,0.195652173913,-3.9209881484
2024,002028,WAT,STINT,Jack Hannah,M,7,46,41,5,9,0,26,4,0.278653073834,0.149621212121,9,0.195652173913,0.565217391304,0.195652173913,-3.9209881484
2024,002029,ALL,SEASON,Wheaton Jackoboice,SSDM,8,6,4,2,1,0,4,0,0.278653073834,0.149621212121,1,0.166666666667,0.666666666667,0.166666666667,-0.71309714382
2024,002029,WHP,STINT,Wheaton Jackoboice,SSDM,8,6,4,2,1,0,4,0,0.278653073834,0.149621212121,1,0.166666666667,0.666666666667,0.166666666667,-0.71309714382
2024,002030,ALL,SEASON,Jonathan Donville,M,1,2,2,0,0,0,1,0,0.278653073834,0.149621212121,0,0,0.5,0,-0.557306147668
2024,002030,CAN,STINT,Jonathan Donville,M,1,2,2,0,0,0,1,0,0.278653073834,0.149621212121,0,0,0.5,0,-0.557306147668
2024,002031,ALL,SEASON,Ryan McNulty,LSM,4,1,0,1,0,0,0,0,0.278653073834,0.149621212121,0,0,0,0,-0.299242424242
2024,002031,CHA,STINT,Ryan McNulty,LSM,4,1,0,1,0,0,0,0,0.278653073834,0.149621212121,0,0,0,0,-0.299242424242
2024,002033,ALL,SEASON,Nakeie Montgomery,M,8,17,15,2,2,0,11,0,0.278653073834,0.149621212121,2,0.117647058824,0.647058823529,0.117647058824,-2.77828095599
2024,002033,RED,STINT,Nakeie Montgomery,M,8,17,15,2,2,0,11,0,0.278653073834,0.149621212121,2,0.117647058824,0.647058823529,0.117647058824,-2.77828095599
2024,002034,ALL,SEASON,Keegan Khan,M,3,8,8,0,1,0,7,1,0.278653073834,0.149621212121,1,0.125,0.875,0.125,-1.22922459067
2024,002034,WHP,STINT,Keegan Khan,M,3,8,8,0,1,0,7,1,0.278653073834,0.149621212121,1,0.125,0.875,0.125,-1.22922459067
2024,002038,ALL,SEASON,Colin Kirst,G,11,0,0,0,0,0,0,0,0.278653073834,0.149621212121,0,,,,
2024,002038,CAN,STINT,Colin Kirst,G,11,0,0,0,0,0,0,0,0.278653073834,0.149621212121,0,,,,
2024,002039,ALL,SEASON,Owen McElroy,G,10,1,0,1,0,0,1,0,0.278653073834,0.149621212121,0,0,1,0,-0.299242424242
2024,002039,OUT,STINT,Owen McElroy,G,10,1,0,1,0,0,1,0,0.278653073834,0.149621212121,0,0,1,0,-0.299242424242
2024,002042,ALL,SEASON,Jon Robbins,LSM,11,2,2,0,0,0,1,0,0.278653073834,0.149621212121,0,0,0.5,0,-0.557306147668
2024,002042,ARC,STINT,Jon Robbins,LSM,11,2,2,0,0,0,1,0,0.278653073834,0.149621212121,0,0,0.5,0,-0.557306147668
2024,002043,ALL,SEASON,Ryan Aughavin,M,6,12,6,6,0,1,8,0,0.278653073834,0.149621212121,2,0.0833333333333,0.666666666667,0.166666666667,-1.46737298846
2024,002043,ARC,STINT,Ryan Aughavin,M,6,12,6,6,0,1,8,0,0.278653073834,0.149621212121,2,0.0833333333333,0.666666666667,0.166666666667,-1.46737298846
2024,002054,ALL,SEASON,Chris Merle,SSDM,10,8,6,2,2,0,5,1,0.278653073834,0.149621212121,2,0.25,0.625,0.25,-0.270403291488
2024,002054,RED,STINT,Chris Merle,SSDM,10,8,6,2,2,0,5,1,0.278653073834,0.149621212121,2,0.25,0.625,0.25,-0.270403291488
2024,002059,ALL,SEASON,Brendan Krebs,G,13,1,0,1,0,0,0,0,0.278653073834,0.149621212121,0,0,0,0,-0.299242424242
2024,002059,WHP,STINT,Brendan Krebs,G,13,1,0,1,0,0,0,0,0.278653073834,0.149621212121,0,0,0,0,-0.299242424242
2024,002063,ALL,SEASON,Ryan Kennedy,LSM,2,1,1,0,0,0,1,0,0.278653073834,0.149621212121,0,0,1,0,-0.278653073834
2024,002063,RED,STINT,Ryan Kennedy,LSM,2,1,1,0,0,0,1,0,0.278653073834,0.149621212121,0,0,1,0,-0.278653073834
2024,002067,ALL,SEASON,Zac Tucci,FO,10,24,12,12,2,1,12,1,0.278653073834,0.149621212121,4,0.125,0.5,0.166666666667,-2.93474597691
2024,002067,CAN,STINT,Zac Tucci,FO,10,24,12,12,2,1,12,1,0.278653073834,0.149621212121,4,0.125,0.5,0.166666666667,-2.93474597691
2024,002074,ALL,SEASON,Alexander Smith,SSDM,8,0,0,0,0,0,0,0,0.278653073834,0.149621212121,0,,,,
2024,002074,OUT,STINT,Alexander Smith,SSDM,8,0,0,0,0,0,0,0,0.278653073834,0.149621212121,0,,,,
2024,003004,ALL,SEASON,Mike Sisselberger,FO,12,8,8,0,1,0,2,0,0.278653073834,0.149621212121,1,0.125,0.25,0.125,-1.22922459067
2024,003004,ARC,STINT,Mike Sisselberger,FO,12,8,8,0,1,0,2,0,0.278653073834,0.149621212121,1,0.125,0.25,0.125,-1.22922459067
2024,003005,ALL,SEASON,Connor Maher,SSDM,12,3,1,2,0,0,3,0,0.278653073834,0.149621212121,0,0,1,0,-0.877137922319
2024,003005,ARC,STINT,Connor Maher,SSDM,12,3,1,2,0,0,3,0,0.278653073834,0.149621212121,0,0,1,0,-0.877137922319
2024,003006,ALL,SEASON,Piper Bond,SSDM,12,7,6,1,2,0,5,0,0.278653073834,0.149621212121,2,0.285714285714,0.714285714286,0.285714285714,0.0288391327548
2024,003006,ARC,STINT,Piper Bond,SSDM,12,7,6,1,2,0,5,0,0.278653073834,0.149621212121,2,0.285714285714,0.714285714286,0.285714285714,0.0288391327548
2024,003007,ALL,SEASON,Cam Wyers,D,11,5,2,3,0,0,1,0,0.278653073834,0.149621212121,0,0,0.2,0,-1.45503342039
2024,003007,ARC,STINT,Cam Wyers,D,11,5,2,3,0,0,1,0,0.278653073834,0.149621212121,0,0,0.2,0,-1.45503342039
2024,003008,ALL,SEASON,Gavin Adler,D,11,0,0,0,0,0,0,0,0.278653073834,0.149621212121,0,,,,
2024,003008,ATL,STINT,Gavin Adler,D,11,0,0,0,0,0,0,0,0.278653073834,0.149621212121,0,,,,
2024,003009,ALL,SEASON,Brett Makar,D,11,2,0,2,0,0,1,0,0.278653073834,0.149621212121,0,0,0.5,0,-0.598484848485
2024,003009,ATL,STINT,Brett Makar,D,11,2,0,2,0,0,1,0,0.278653073834,0.149621212121,0,0,0.5,0,-0.598484848485
2024,003010,ALL,SEASON,Xander Dickson,A,11,62,62,0,24,0,42,3,0.278653073834,0.149621212121,24,0.387096774194,0.677419354839,0.387096774194,6.7235094223
2024,003010,ATL,STINT,Xander Dickson,A,11,62,62,0,24,0,42,3,0.278653073834,0.149621212121,24,0.387096774194,0.677419354839,0.387096774194,6.7235094223
2024,003011,ALL,SEASON,Payton Rezanka,SSDM,11,5,5,0,2,0,4,0,0.278653073834,0.149621212121,2,0.4,0.8,0.4,0.606734630831
2024,003011,ATL,STINT,Payton Rezanka,SSDM,11,5,5,0,2,0,4,0,0.278653073834,0.149621212121,2,0.4,0.8,0.4,0.606734630831
2024,003013,ALL,SEASON,Matt Campbell,M,11,55,37,18,9,5,36,2,0.278653073834,0.149621212121,19,0.254545454545,0.654545454545,0.345454545455,3.30347263179
2024,003013,CAN,STINT,Matt Campbell,M,11,55,37,18,9,5,36,2,0.278653073834,0.149621212121,19,0.254545454545,0.654545454545,0.345454545455,3.30347263179
2024,003015,ALL,SEASON,Will Bowen,D,11,1,0,1,0,0,0,0,0.278653073834,0.149621212121,0,0,0,0,-0.299242424242
2024,003015,CHA,STINT,Will Bowen,D,11,1,0,1,0,0,0,0,0.278653073834,0.149621212121,0,0,0,0,-0.299242424242
2024,003016,ALL,SEASON,Brian Minicus,M,12,34,33,1,6,0,17,2,0.278653073834,0.149621212121,6,0.176470588235,0.5,0.176470588235,-3.49479386076
2024,003016,CHA,STINT,Brian Minicus,M,12,34,33,1,6,0,17,2,0.278653073834,0.149621212121,6,0.176470588235,0.5,0.176470588235,-3.49479386076
2024,003017,ALL,SEASON,Tye Kurtz,A,9,32,30,2,9,1,22,0,0.278653073834,0.149621212121,11,0.3125,0.6875,0.34375,2.0419229365
2024,003017,CHA,STINT,Tye Kurtz,A,9,32,30,2,9,1,22,0,0.278653073834,0.149621212121,11,0.3125,0.6875,0.34375,2.0419229365
2024,003018,ALL,SEASON,Nick Rowlett,FO,10,11,11,0,1,0,6,2,0.278653073834,0.149621212121,1,0.0909090909091,0.545454545455,0.0909090909091,-2.06518381217
2024,003018,CHA,STINT,Nick Rowlett,FO,10,11,11,0,1,0,6,2,0.278653073834,0.149621212121,1,0.0909090909091,0.545454545455,0.0909090909091,-2.06518381217
2024,003019,ALL,SEASON,Sam Handley,M,11,49,42,7,8,2,32,5,0.278653073834,0.149621212121,12,0.204081632653,0.65306122449,0.244897959184,-1.79812607072
2024,003019,OUT,STINT,Sam Handley,M,11,49,42,7,8,2,32,5,0.278653073834,0.149621212121,12,0.204081632653,0.65306122449,0.244897959184,-1.79812607072
2024,003020,ALL,SEASON,Troy Hettinger,,1,0,0,0,0,0,0,0,0.278653073834,0.149621212121,0,,,,
2024,003020,ARC,STINT,Troy Hettinger,,1,0,0,0,0,0,0,0,0.278653073834,0.149621212121,0,,,,
2024,003021,ALL,SEASON,Jack Myers,A,2,11,11,0,3,0,7,0,0.278653073834,0.149621212121,3,0.272727272727,0.636363636364,0.272727272727,-0.0651838121718
2024,003021,OUT,STINT,Jack Myers,A,2,11,11,0,3,0,7,0,0.278653073834,0.149621212121,3,0.272727272727,0.636363636364,0.272727272727,-0.0651838121718
2024,003022,ALL,SEASON,Cross Ferrara,M,11,38,34,4,7,1,22,2,0.278653073834,0.149621212121,9,0.210526315789,0.578947368421,0.236842105263,-1.67117420732
2024,003022,OUT,STINT,Cross Ferrara,M,11,38,34,4,7,1,22,2,0.278653073834,0.149621212121,9,0.210526315789,0.578947368421,0.236842105263,-1.67117420732
2024,003024,ALL,SEASON,Brian Tevlin,SSDM,9,11,9,2,1,0,5,1,0.278653073834,0.149621212121,1,0.0909090909091,0.454545454545,0.0909090909091,-2.10636251299
2024,003024,RED,STINT,Brian Tevlin,SSDM,9,11,9,2,1,0,5,1,0.278653073834,0.149621212121,1,0.0909090909091,0.454545454545,0.0909090909091,-2.10636251299
2024,003025,ALL,SEASON,Cole Kirst,M,7,19,19,0,5,0,17,2,0.278653073834,0.149621212121,5,0.263157894737,0.894736842105,0.263157894737,-0.294408402842
2024,003025,RED,STINT,Cole Kirst,M,7,19,19,0,5,0,17,2,0.278653073834,0.149621212121,5,0.263157894737,0.894736842105,0.263157894737,-0.294408402842
2024,003027,ALL,SEASON,Thomas McConvey,M,2,3,3,0,0,0,1,0,0.278653073834,0.149621212121,0,0,0.333333333333,0,-0.835959221501
2024,003027,WAT,STINT,Thomas McConvey,M,2,3,3,0,0,0,1,0,0.278653073834,0.149621212121,0,0,0.333333333333,0,-0.835959221501
2024,003028,ALL,SEASON,Alex Mazzone,LSM,9,1,0,1,0,0,0,0,0.278653073834,0.149621212121,0,0,0,0,-0.299242424242
2024,003028,WHP,STINT,Alex Mazzone,LSM,9,1,0,1,0,0,0,0,0.278653073834,0.149621212121,0,0,0,0,-0.299242424242
2024,003029,ALL,SEASON,Chris Fake,D,10,5,0,5,0,1,2,0,0.278653073834,0.149621212121,2,0.2,0.4,0.4,0.503787878788
2024,003029,RED,STINT,Chris Fake,D,10,5,0,5,0,1,2,0,0.278653073834,0.149621212121,2,0.2,0.4,0.4,0.503787878788
2024,003030,ALL,SEASON,James Reilly,FO,2,0,0,0,0,0,0,0,0.278653073834,0.149621212121,0,,,,
2024,003030,CHA,STINT,James Reilly,FO,2,0,0,0,0,0,0,0,0.278653073834,0.149621212121,0,,,,
2024,003031,ALL,SEASON,Tucker Dordevic,M,4,25,19,6,4,3,14,1,0.278653073834,0.149621212121,10,0.28,0.56,0.4,2.9101370517
2024,003031,WHP,STINT,Tucker Dordevic,M,4,25,19,6,4,3,14,1,0.278653073834,0.149621212121,10,0.28,0.56,0.4,2.9101370517
2024,003032,ALL,SEASON,Petey LaSalla,FO,1,0,0,0,0,0,0,0,0.278653073834,0.149621212121,0,,,,
2024,003032,WHP,STINT,Petey LaSalla,FO,1,0,0,0,0,0,0,0,0.278653073834,0.149621212121,0,,,,
2024,003033,ALL,SEASON,Garrett Leadmon,M,3,13,9,4,0,1,7,0,0.278653073834,0.149621212121,2,0.0769230769231,0.538461538462,0.153846153846,-1.70484736147
2024,003033,WHP,STINT,Garrett Leadmon,M,3,13,9,4,0,1,7,0,0.278653073834,0.149621212121,2,0.0769230769231,0.538461538462,0.153846153846,-1.70484736147
2024,003039,ALL,SEASON,Chet Comizio,SSDM,11,9,9,0,3,0,7,0,0.278653073834,0.149621212121,3,0.333333333333,0.777777777778,0.333333333333,0.492122335496
2024,003039,ATL,STINT,Chet Comizio,SSDM,11,9,9,0,3,0,7,0,0.278653073834,0.149621212121,3,0.333333333333,0.777777777778,0.333333333333,0.492122335496
2024,003041,ALL,SEASON,Ethan Rall,LSM,11,6,5,1,1,0,4,0,0.278653073834,0.149621212121,1,0.166666666667,0.666666666667,0.166666666667,-0.692507793411
2024,003041,CAN,STINT,Ethan Rall,LSM,11,6,5,1,1,0,4,0,0.278653073834,0.149621212121,1,0.166666666667,0.666666666667,0.166666666667,-0.692507793411
2024,003045,ALL,SEASON,Alex Simmons,A,1,1,1,0,0,0,0,0,0.278653073834,0.149621212121,0,0,0,0,-0.278653073834
2024,003045,RED,STINT,Alex Simmons,A,1,1,1,0,0,0,0,0,0.278653073834,0.149621212121,0,0,0,0,-0.278653073834
2024,003048,ALL,SEASON,TJ Malone,A,13,95,91,4,24,0,58,3,0.278653073834,0.149621212121,24,0.252631578947,0.610526315789,0.252631578947,-2.55439941585
2024,003048,WHP,STINT,TJ Malone,A,13,95,91,4,24,0,58,3,0.278653073834,0.149621212121,24,0.252631578947,0.610526315789,0.252631578947,-2.55439941585
2024,003059,ALL,SEASON,BJ Farrare,LSM,2,0,0,0,0,0,0,0,0.278653073834,0.149621212121,0,,,,
2024,003059,RED,STINT,BJ Farrare,LSM,2,0,0,0,0,0,0,0,0.278653073834,0.149621212121,0,,,,
2024,003068,ALL,SEASON,Dylan Gergar,M,2,12,10,2,2,0,6,0,0.278653073834,0.149621212121,2,0.166666666667,0.5,0.166666666667,-1.38501558682
2024,003068,OUT,STINT,Dylan Gergar,M,2,12,10,2,2,0,6,0,0.278653073834,0.149621212121,2,0.166666666667,0.5,0.166666666667,-1.38501558682
2024,003069,ALL,SEASON,Ricky Miezan,SSDM,4,2,1,1,0,0,1,0,0.278653073834,0.149621212121,0,0,0.5,0,-0.577895498076
2024,003069,RED,STINT,Ricky Miezan,SSDM,4,2,1,1,0,0,1,0,0.278653073834,0.149621212121,0,0,0.5,0,-0.577895498076
2024,003070,ALL,SEASON,Ronan Jacoby,M,6,16,13,3,2,0,12,1,0.278653073834,0.149621212121,2,0.125,0.75,0.125,-2.52021723257
2024,003070,ATL,STINT,Ronan Jacoby,M,6,16,13,3,2,0,12,1,0.278653073834,0.149621212121,2,0.125,0.75,0.125,-2.52021723257
2024,003072,ALL,SEASON,Kevin Winkoff,M,3,11,9,2,1,0,5,1,0.278653073834,0.149621212121,1,0.0909090909091,0.454545454545,0.0909090909091,-2.10636251299
2024,003072,WHP,STINT,Kevin Winkoff,M,3,11,9,2,1,0,5,1,0.278653073834,0.149621212121,1,0.0909090909091,0.454545454545,0.0909090909091,-2.10636251299
2024,003073,ALL,SEASON,Ron John,SSDM,1,0,0,0,0,0,0,0,0.278653073834,0.149621212121,0,,,,
2024,003073,RED,STINT,Ron John,SSDM,1,0,0,0,0,0,0,0,0.278653073834,0.149621212121,0,,,,
2024,003075,ALL,SEASON,Brennan O'Neill,A,11,93,81,12,19,2,54,7,0.278653073834,0.149621212121,23,0.225806451613,0.58064516129,0.247311827957,-3.16180807145
2024,003075,OUT,STINT,Brennan O'Neill,A,11,93,81,12,19,2,54,7,0.278653073834,0.149621212121,23,0.225806451613,0.58064516129,0.247311827957,-3.16180807145
2024,003076,ALL,SEASON,Connor Shellenberger,A,9,44,43,1,16,0,31,2,0.278653073834,0.149621212121,16,0.363636363636,0.704545454545,0.363636363636,3.7186754009
2024,003076,ATL,STINT,Connor Shellenberger,A,9,44,43,1,16,0,31,2,0.278653073834,0.149621212121,16,0.363636363636,0.704545454545,0.363636363636,3.7186754009
2024,003077,ALL,SEASON,Ajax Zappitello,D,13,5,5,0,2,0,4,0,0.278653073834,0.149621212121,2,0.4,0.8,0.4,0.606734630831
2024,003077,WHP,STINT,Ajax Zappitello,D,13,5,5,0,2,0,4,0,0.278653073834,0.149621212121,2,0.4,0.8,0.4,0.606734630831
2024,003078,ALL,SEASON,Shane Knobloch,M,12,55,51,4,10,1,32,3,0.278653073834,0.149621212121,12,0.2,0.581818181818,0.218181818182,-3.40827646249
2024,003078,CHA,STINT,Shane Knobloch,M,12,55,51,4,10,1,32,3,0.278653073834,0.149621212121,12,0.2,0.581818181818,0.218181818182,-3.40827646249
2024,003079,ALL,SEASON,Liam Entenmann,G,7,0,0,0,0,0,0,0,0.278653073834,0.149621212121,0,,,,
2024,003079,ATL,STINT,Liam Entenmann,G,7,0,0,0,0,0,0,0,0.278653073834,0.149621212121,0,,,,
2024,003080,ALL,SEASON,Pat Kavanagh,A,7,37,36,1,9,0,24,5,0.278653073834,0.149621212121,9,0.243243243243,0.648648648649,0.243243243243,-1.33075308226
2024,003080,CAN,STINT,Pat Kavanagh,A,7,37,36,1,9,0,24,5,0.278653073834,0.149621212121,9,0.243243243243,0.648648648649,0.243243243243,-1.33075308226
2024,003081,ALL,SEASON,Matt Brandau,A,6,20,20,0,4,0,15,0,0.278653073834,0.149621212121,4,0.2,0.75,0.2,-1.57306147668
2024,003081,WAT,STINT,Matt Brandau,A,6,20,20,0,4,0,15,0,0.278653073834,0.149621212121,4,0.2,0.75,0.2,-1.57306147668
2024,003082,ALL,SEASON,Mason Woodward,D,12,13,3,10,3,2,7,0,0.278653073834,0.149621212121,7,0.384615384615,0.538461538462,0.538461538462,3.17161653607
2024,003082,ARC,STINT,Mason Woodward,D,12,13,3,10,3,2,7,0,0.278653073834,0.149621212121,7,0.384615384615,0.538461538462,0.538461538462,3.17161653607
2024,003083,ALL,SEASON,Jake Piseno,LSM,11,12,4,8,1,0,10,0,0.278653073834,0.149621212121,1,0.0833333333333,0.833333333333,0.0833333333333,-2.50855168927
2024,003083,OUT,STINT,Jake Piseno,LSM,11,12,4,8,1,0,10,0,0.278653073834,0.149621212121,1,0.0833333333333,0.833333333333,0.0833333333333,-2.50855168927
2024,003084,ALL,SEASON,Jake Stevens,M,7,27,26,1,8,0,17,2,0.278653073834,0.149621212121,8,0.296296296296,0.62962962963,0.296296296296,0.455777656079
2024,003084,ATL,STINT,Jake Stevens,M,7,27,26,1,8,0,17,2,0.278653073834,0.149621212121,8,0.296296296296,0.62962962963,0.296296296296,0.455777656079
2024,003085,ALL,SEASON,Graham Bundy,M,11,72,43,29,10,6,36,4,0.278653073834,0.149621212121,22,0.222222222222,0.5,0.305555555556,1.33988752212
2024,003085,OUT,STINT,Graham Bundy,M,11,72,43,29,10,6,36,4,0.278653073834,0.149621212121,22,0.222222222222,0.5,0.305555555556,1.33988752212
2024,003086,ALL,SEASON,Eric Dobson,M,6,20,16,4,5,0,13,0,0.278653073834,0.149621212121,5,0.25,0.65,0.25,-0.65541887831
2024,003086,CHA,STINT,Eric Dobson,M,6,20,16,4,5,0,13,0,0.278653073834,0.149621212121,5,0.25,0.65,0.25,-0.65541887831
2024,003087,ALL,SEASON,Beau Pederson,SSDM,12,3,3,0,1,0,1,0,0.278653073834,0.149621212121,1,0.333333333333,0.333333333333,0.333333333333,0.164040778499
2024,003087,ARC,STINT,Beau Pederson,SSDM,12,3,3,0,1,0,1,0,0.278653073834,0.149621212121,1,0.333333333333,0.333333333333,0.333333333333,0.164040778499
2024,003088,ALL,SEASON,Alexander Vardaro,M,9,29,28,1,9,0,17,1,0.278653073834,0.149621212121,9,0.310344827586,0.586206896552,0.310344827586,0.898471508411
2024,003088,CAN,STINT,Alexander Vardaro,M,9,29,28,1,9,0,17,1,0.278653073834,0.149621212121,9,0.310344827586,0.586206896552,0.310344827586,0.898471508411
2024,003090,ALL,SEASON,Dyson Williams,M,7,15,15,0,7,0,10,0,0.278653073834,0.149621212121,7,0.466666666667,0.666666666667,0.466666666667,2.82020389249
2024,003090,ARC,STINT,Dyson Williams,M,7,15,15,0,7,0,10,0,0.278653073834,0.149621212121,7,0.466666666667,0.666666666667,0.466666666667,2.82020389249
2024,003091,ALL,SEASON,Garrett Degnon,M,4,15,10,5,3,1,9,0,0.278653073834,0.149621212121,5,0.266666666667,0.6,0.333333333333,0.71725714045
2024,003091,RED,STINT,Garrett Degnon,M,4,15,10,5,3,1,9,0,0.278653073834,0.149621212121,5,0.266666666667,0.6,0.333333333333,0.71725714045
2024,003092,ALL,SEASON,Josh Zawada,M,11,40,39,1,6,0,24,1,0.278653073834,0.149621212121,6,0.15,0.6,0.15,-5.16671230376
2024,003092,OUT,STINT,Josh Zawada,M,11,40,39,1,6,0,24,1,0.278653073834,0.149621212121,6,0.15,0.6,0.15,-5.16671230376
2024,003093,ALL,SEASON,Ross Scott,A,12,58,57,1,15,0,32,1,0.278653073834,0.149621212121,15,0.258620689655,0.551724137931,0.258620689655,-1.18246763277
2024,003093,CHA,STINT,Ross Scott,A,12,58,57,1,15,0,32,1,0.278653073834,0.149621212121,15,0.258620689655,0.551724137931,0.258620689655,-1.18246763277
2024,003094,ALL,SEASON,Levi Anderson,M,10,39,38,1,12,0,24,0,0.278653073834,0.149621212121,12,0.307692307692,0.615384615385,0.307692307692,1.11194077007
2024,003094,WHP,STINT,Levi Anderson,M,10,39,38,1,12,0,24,0,0.278653073834,0.149621212121,12,0.307692307692,0.615384615385,0.307692307692,1.11194077007
2024,003095,ALL,SEASON,Stephen Zupicich,LSM,3,1,0,1,0,0,0,0,0.278653073834,0.149621212121,0,0,0,0,-0.299242424242
2024,003095,WHP,STINT,Stephen Zupicich,LSM,3,1,0,1,0,0,0,0,0.278653073834,0.149621212121,0,0,0,0,-0.299242424242
2024,003096,ALL,SEASON,Marcus Hudgins,D,7,0,0,0,0,0,0,0,0.278653073834,0.149621212121,0,,,,
2024,003096,WAT,STINT,Marcus Hudgins,D,7,0,0,0,0,0,0,0,0.278653073834,0.149621212121,0,,,,
2024,003097,ALL,SEASON,Colby Barsz,D,3,1,1,0,0,0,0,0,0.278653073834,0.149621212121,0,0,0,0,-0.278653073834
2024,003097,ARC,STINT,Colby Barsz,D,3,1,1,0,0,0,0,0,0.278653073834,0.149621212121,0,0,0,0,-0.278653073834
2024,003098,ALL,SEASON,Luke Wierman,FO,11,15,14,1,5,0,8,0,0.278653073834,0.149621212121,5,0.333333333333,0.533333333333,0.333333333333,0.799614542084
2024,003098,OUT,STINT,Luke Wierman,FO,11,15,14,1,5,0,8,0,0.278653073834,0.149621212121,5,0.333333333333,0.533333333333,0.333333333333,0.799614542084
2024,003099,ALL,SEASON,Tyler Carpenter,LSM,11,8,5,3,2,2,6,0,0.278653073834,0.149621212121,6,0.5,0.75,0.75,3.7090073581
2024,003099,ATL,STINT,Tyler Carpenter,LSM,11,8,5,3,2,2,6,0,0.278653073834,0.149621212121,6,0.5,0.75,0.75,3.7090073581
2024,003100,ALL,SEASON,Adam Poitras,M,10,43,42,1,13,0,25,2,0.278653073834,0.149621212121,13,0.302325581395,0.581395348837,0.302325581395,0.997328474738
2024,003100,WHP,STINT,Adam Poitras,M,10,43,42,1,13,0,25,2,0.278653073834,0.149621212121,13,0.302325581395,0.581395348837,0.302325581395,0.997328474738
2024,003102,ALL,SEASON,Chayse Ierlan,G,2,1,0,1,0,0,1,0,0.278653073834,0.149621212121,0,0,1,0,-0.299242424242
2024,003102,RED,STINT,Chayse Ierlan,G,2,1,0,1,0,0,1,0,0.278653073834,0.149621212121,0,0,1,0,-0.299242424242
2024,003104,ALL,SEASON,Michael Boehm,A,1,4,4,0,0,0,2,0,0.278653073834,0.149621212121,0,0,0.5,0,-1.11461229534
2024,003104,WAT,STINT,Michael Boehm,A,1,4,4,0,0,0,2,0,0.278653073834,0.149621212121,0,0,0.5,0,-1.11461229534
2024,003106,ALL,SEASON,Dalton Young,M,10,31,31,0,9,0,14,1,0.278653073834,0.149621212121,9,0.290322580645,0.451612903226,0.290322580645,0.361754711152
2024,003106,OUT,STINT,Dalton Young,M,10,31,31,0,9,0,14,1,0.278653073834,0.149621212121,9,0.290322580645,0.451612903226,0.290322580645,0.361754711152
2024,003109,ALL,SEASON,Chris Conlin,D,9,0,0,0,0,0,0,0,0.278653073834,0.149621212121,0,,,,
2024,003109,RED,STINT,Chris Conlin,D,9,0,0,0,0,0,0,0,0.278653073834,0.149621212121,0,,,,
2024,003111,ALL,SEASON,AJ Mercurio,D,1,0,0,0,0,0,0,0,0.278653073834,0.149621212121,0,,,,
2024,003111,WAT,STINT,AJ Mercurio,D,1,0,0,0,0,0,0,0,0.278653073834,0.149621212121,0,,,,
2024,003112,ALL,SEASON,Jack DiBenedetto,D,1,0,0,0,0,0,0,0,0.278653073834,0.149621212121,0,,,,
2024,003112,ARC,STINT,Jack DiBenedetto,D,1,0,0,0,0,0,0,0,0.278653073834,0.149621212121,0,,,,
2024,003114,ALL,SEASON,Saam Olexo,LSM,1,0,0,0,0,0,0,0,0.278653073834,0.149621212121,0,,,,
2024,003114,OUT,STINT,Saam Olexo,LSM,1,0,0,0,0,0,0,0,0.278653073834,0.149621212121,0,,,,
2024,003115,ALL,SEASON,Payton Cormier,A,3,14,13,1,5,0,10,1,0.278653073834,0.149621212121,5,0.357142857143,0.714285714286,0.357142857143,1.07826761592
2024,003115,ATL,STINT,Payton Cormier,A,3,14,13,1,5,0,10,1,0.278653073834,0.149621212121,5,0.357142857143,0.714285714286,0.357142857143,1.07826761592
2024,003119,ALL,SEASON,Alec Stathakis,FO,7,4,2,2,0,0,0,0,0.278653073834,0.149621212121,0,0,0,0,-1.15579099615
2024,003119,WAT,STINT,Alec Stathakis,FO,7,4,2,2,0,0,0,0,0.278653073834,0.149621212121,0,0,0,0,-1.15579099615
2024,003120,ALL,SEASON,Jack VanOverbeke,M,4,15,15,0,4,0,10,1,0.278653073834,0.149621212121,4,0.266666666667,0.666666666667,0.266666666667,-0.179796107507
2024,003120,ARC,STINT,Jack VanOverbeke,M,4,15,15,0,4,0,10,1,0.278653073834,0.149621212121,4,0.266666666667,0.666666666667,0.266666666667,-0.179796107507
2024,003121,ALL,SEASON,Brayden Mayea,A,3,12,12,0,1,0,6,0,0.278653073834,0.149621212121,1,0.0833333333333,0.5,0.0833333333333,-2.34383688601
2024,003121,CHA,STINT,Brayden Mayea,A,3,12,12,0,1,0,6,0,0.278653073834,0.149621212121,1,0.0833333333333,0.5,0.0833333333333,-2.34383688601
2024,003126,ALL,SEASON,Mike Robinson,A,1,1,1,0,0,0,1,0,0.278653073834,0.149621212121,0,0,1,0,-0.278653073834
2024,003126,CAN,STINT,Mike Robinson,A,1,1,1,0,0,0,1,0,0.278653073834,0.149621212121,0,0,1,0,-0.278653073834
2024,003128,ALL,SEASON,Jack Posey,D,5,0,0,0,0,0,0,0,0.278653073834,0.149621212121,0,,,,
2024,003128,CHA,STINT,Jack Posey,D,5,0,0,0,0,0,0,0,0.278653073834,0.149621212121,0,,,,
2024,003142,ALL,SEASON,Jack Koras,M,7,15,15,0,4,0,11,0,0.278653073834,0.149621212121,4,0.266666666667,0.733333333333,0.266666666667,-0.179796107507
2024,003142,WHP,STINT,Jack Koras,M,7,15,15,0,4,0,11,0,0.278653073834,0.149621212121,4,0.266666666667,0.733333333333,0.266666666667,-0.179796107507
2024,003143,ALL,SEASON,Logan McGovern,M,3,11,11,0,3,0,9,2,0.278653073834,0.149621212121,3,0.272727272727,0.818181818182,0.272727272727,-0.0651838121718
2024,003143,ATL,STINT,Logan McGovern,M,3,11,11,0,3,0,9,2,0.278653073834,0.149621212121,3,0.272727272727,0.818181818182,0.272727272727,-0.0651838121718
2025,000201,ALL,SEASON,Adam Ghitelman,G,1,0,0,0,0,0,0,0,0.290987388496,0.145383104126,0,,,,
2025,000201,CAN,STINT,Adam Ghitelman,G,1,0,0,0,0,0,0,0,0.290987388496,0.145383104126,0,,,,
2025,000216,ALL,SEASON,Marcus Holman,A,10,55,36,19,9,5,34,3,0.290987388496,0.145383104126,19,0.254545454545,0.618181818182,0.345454545455,2.99989605737
2025,000216,CAN,STINT,Marcus Holman,A,10,55,36,19,9,5,34,3,0.290987388496,0.145383104126,19,0.254545454545,0.618181818182,0.345454545455,2.99989605737
2025,000221,ALL,SEASON,Ryan Ambler,M,9,19,18,1,7,0,11,1,0.290987388496,0.145383104126,7,0.368421052632,0.578947368421,0.368421052632,1.47146079882
2025,000221,ARC,STINT,Ryan Ambler,M,9,19,18,1,7,0,11,1,0.290987388496,0.145383104126,7,0.368421052632,0.578947368421,0.368421052632,1.47146079882
2025,000225,ALL,SEASON,Tom Schreiber,M,8,34,31,3,6,0,18,2,0.290987388496,0.145383104126,6,0.176470588235,0.529411764706,0.176470588235,-3.89290766813
2025,000225,ARC,STINT,Tom Schreiber,M,8,34,31,3,6,0,18,2,0.290987388496,0.145383104126,6,0.176470588235,0.529411764706,0.176470588235,-3.89290766813
2025,000227,ALL,SEASON,Will Manny,A,5,23,23,0,7,0,16,2,0.290987388496,0.145383104126,7,0.304347826087,0.695652173913,0.304347826087,0.307290064596
2025,000227,CAN,STINT,Will Manny,A,5,23,23,0,7,0,16,2,0.290987388496,0.145383104126,7,0.304347826087,0.695652173913,0.304347826087,0.307290064596
2025,000234,ALL,SEASON,Eric Law,A,1,0,0,0,0,0,0,0,0.290987388496,0.145383104126,0,,,,
2025,000234,OUT,STINT,Eric Law,A,1,0,0,0,0,0,0,0,0.290987388496,0.145383104126,0,,,,
2025,000240,ALL,SEASON,Kieran McArdle,A,12,70,70,0,25,0,54,1,0.290987388496,0.145383104126,25,0.357142857143,0.771428571429,0.357142857143,4.63088280529
2025,000240,WAT,STINT,Kieran McArdle,A,12,70,70,0,25,0,54,1,0.290987388496,0.145383104126,25,0.357142857143,0.771428571429,0.357142857143,4.63088280529
2025,000254,ALL,SEASON,Trevor Baptiste,FO,12,15,15,0,4,0,11,0,0.290987388496,0.145383104126,4,0.266666666667,0.733333333333,0.266666666667,-0.364810827438
2025,000254,ATL,STINT,Trevor Baptiste,FO,12,15,15,0,4,0,11,0,0.290987388496,0.145383104126,4,0.266666666667,0.733333333333,0.266666666667,-0.364810827438
2025,000258,ALL,SEASON,Blaze Riorden,G,11,4,0,4,0,0,3,0,0.290987388496,0.145383104126,0,0,0.75,0,-1.16306483301
2025,000258,CHA,STINT,Blaze Riorden,G,11,4,0,4,0,0,3,0,0.290987388496,0.145383104126,0,0,0.75,0,-1.16306483301
2025,000262,ALL,SEASON,Connor Fields,A,10,47,47,0,14,0,31,1,0.290987388496,0.145383104126,14,0.297872340426,0.659574468085,0.297872340426,0.323592740695
2025,000262,ARC,STINT,Connor Fields,A,10,47,47,0,14,0,31,1,0.290987388496,0.145383104126,14,0.297872340426,0.659574468085,0.297872340426,0.323592740695
2025,000269,ALL,SEASON,Jarrod Neumann,D,11,6,0,6,0,2,4,0,0.290987388496,0.145383104126,4,0.333333333333,0.666666666667,0.666666666667,2.25540275049
2025,000269,CHA,STINT,Jarrod Neumann,D,11,6,0,6,0,2,4,0,0.290987388496,0.145383104126,4,0.333333333333,0.666666666667,0.666666666667,2.25540275049
2025,000275,ALL,SEASON,Mark Glicini,SSDM,11,7,5,2,1,1,5,0,0.290987388496,0.145383104126,3,0.285714285714,0.714285714286,0.428571428571,0.963530641018
2025,000275,CHA,STINT,Mark Glicini,SSDM,11,7,5,2,1,1,5,0,0.290987388496,0.145383104126,3,0.285714285714,0.714285714286,0.428571428571,0.963530641018
2025,000278,ALL,SEASON,Myles Jones,M,3,5,5,0,1,0,3,0,0.290987388496,0.145383104126,1,0.2,0.6,0.2,-0.454936942479
2025,000278,ATL,STINT,Myles Jones,M,3,5,5,0,1,0,3,0,0.290987388496,0.145383104126,1,0.2,0.6,0.2,-0.454936942479
2025,000279,ALL,SEASON,Patrick Resch,SSDM,3,0,0,0,0,0,0,0,0.290987388496,0.145383104126,0,,,,
2025,000279,ARC,STINT,Patrick Resch,SSDM,1,0,0,0,0,0,0,0,0.290987388496,0.145383104126,0,,,,
2025,000279,CHA,STINT,Patrick Resch,SSDM,2,0,0,0,0,0,0,0,0.290987388496,0.145383104126,0,,,,
2025,000281,ALL,SEASON,Troy Reh,LSM,11,4,2,2,1,0,1,0,0.290987388496,0.145383104126,1,0.25,0.25,0.25,-0.163507193495
2025,000281,CHA,STINT,Troy Reh,LSM,11,4,2,2,1,0,1,0,0.290987388496,0.145383104126,1,0.25,0.25,0.25,-0.163507193495
2025,000302,ALL,SEASON,Michael Manley,D,12,9,4,5,2,1,6,0,0.290987388496,0.145383104126,4,0.333333333333,0.666666666667,0.444444444444,1.38221940476
2025,000302,OUT,STINT,Michael Manley,D,12,9,4,5,2,1,6,0,0.290987388496,0.145383104126,4,0.333333333333,0.666666666667,0.444444444444,1.38221940476
2025,000305,ALL,SEASON,Romar Dennis,M,10,51,23,28,1,5,25,0,0.290987388496,0.145383104126,11,0.117647058824,0.490196078431,0.21568627451,-3.83416376645
2025,000305,RED,STINT,Romar Dennis,M,10,51,23,28,1,5,25,0,0.290987388496,0.145383104126,11,0.117647058824,0.490196078431,0.21568627451,-3.83416376645
2025,000315,ALL,SEASON,Garrett Epple,D,10,2,0,2,0,0,0,0,0.290987388496,0.145383104126,0,0,0,0,-0.581532416503
2025,000315,CAN,STINT,Garrett Epple,D,10,2,0,2,0,0,0,0,0.290987388496,0.145383104126,0,0,0,0,-0.581532416503
2025,000333,ALL,SEASON,Sergio Perkovic,M,8,33,23,10,6,1,21,2,0.290987388496,0.145383104126,8,0.212121212121,0.636363636364,0.242424242424,-1.60037201792
2025,000333,CHA,STINT,Sergio Perkovic,M,8,33,23,10,6,1,21,2,0.290987388496,0.145383104126,8,0.212121212121,0.636363636364,0.242424242424,-1.60037201792
2025,000337,ALL,SEASON,Bryce Young,D,10,0,0,0,0,0,0,0,0.290987388496,0.145383104126,0,,,,
2025,000337,CAN,STINT,Bryce Young,D,10,0,0,0,0,0,0,0,0.290987388496,0.145383104126,0,,,,
2025,000339,ALL,SEASON,Connor Kelly,M,12,69,50,19,7,3,32,4,0.290987388496,0.145383104126,13,0.144927536232,0.463768115942,0.188405797101,-7.07392738157
2025,000339,WAT,STINT,Connor Kelly,M,12,69,50,19,7,3,32,4,0.290987388496,0.145383104126,13,0.144927536232,0.463768115942,0.188405797101,-7.07392738157
2025,000345,ALL,SEASON,Jake Bernhardt,SSDM,11,5,2,3,0,1,2,0,0.290987388496,0.145383104126,2,0.2,0.4,0.4,0.545726598254
2025,000345,WHP,STINT,Jake Bernhardt,SSDM,11,5,2,3,0,1,2,0,0.290987388496,0.145383104126,2,0.2,0.4,0.4,0.545726598254
2025,000350,ALL,SEASON,Joseph Nardella,FO,11,6,6,0,3,0,4,0,0.290987388496,0.145383104126,3,0.5,0.666666666667,0.5,1.25407566902
2025,000350,WHP,STINT,Joseph Nardella,FO,11,6,6,0,3,0,4,0,0.290987388496,0.145383104126,3,0.5,0.666666666667,0.5,1.25407566902
2025,000351,ALL,SEASON,Jules Heningburg,M,4,11,9,2,1,1,4,2,0.290987388496,0.145383104126,3,0.181818181818,0.363636363636,0.272727272727,-0.200418912966
2025,000351,CAN,STINT,Jules Heningburg,M,4,11,9,2,1,1,4,2,0.290987388496,0.145383104126,3,0.181818181818,0.363636363636,0.272727272727,-0.200418912966
2025,000354,ALL,SEASON,Matt Rambo,A,6,16,16,0,0,0,8,2,0.290987388496,0.145383104126,0,0,0.5,0,-4.65579821593
2025,000354,WHP,STINT,Matt Rambo,A,6,16,16,0,0,0,8,2,0.290987388496,0.145383104126,0,0,0.5,0,-4.65579821593
2025,000355,ALL,SEASON,Matthew Dunn,D,11,5,2,3,1,0,4,0,0.290987388496,0.145383104126,1,0.2,0.8,0.2,-0.454273401746
2025,000355,WHP,STINT,Matthew Dunn,D,11,5,2,3,1,0,4,0,0.290987388496,0.145383104126,1,0.2,0.8,0.2,-0.454273401746
2025,000358,ALL,SEASON,Ryan Drenner,M,10,39,37,2,18,0,24,0,0.290987388496,0.145383104126,18,0.461538461538,0.615384615385,0.461538461538,6.65193420915
2025,000358,CAN,STINT,Ryan Drenner,M,10,39,37,2,18,0,24,0,0.290987388496,0.145383104126,18,0.461538461538,0.615384615385,0.461538461538,6.65193420915
2025,000359,ALL,SEASON,Tim Muller,D,11,2,2,0,0,0,1,0,0.290987388496,0.145383104126,0,0,0.5,0,-0.581974776992
2025,000359,WHP,STINT,Tim Muller,D,11,2,2,0,0,0,1,0,0.290987388496,0.145383104126,0,0,0.5,0,-0.581974776992
2025,000365,ALL,SEASON,Jack Rowlett,D,11,0,0,0,0,0,0,0,0.290987388496,0.145383104126,0,,,,
2025,000365,CHA,STINT,Jack Rowlett,D,11,0,0,0,0,0,0,0,0.290987388496,0.145383104126,0,,,,
2025,000373,ALL,SEASON,Ryder Garnsey,A,12,54,49,5,14,0,36,4,0.290987388496,0.145383104126,14,0.259259259259,0.666666666667,0.259259259259,-1.71221307755
2025,000373,RED,STINT,Ryder Garnsey,A,12,54,49,5,14,0,36,4,0.290987388496,0.145383104126,14,0.259259259259,0.666666666667,0.259259259259,-1.71221307755
2025,000390,ALL,SEASON,Brad Smith,M,11,50,33,17,6,5,26,1,0.290987388496,0.145383104126,16,0.22,0.52,0.32,1.45439063936
2025,000390,WHP,STINT,Brad Smith,M,11,50,33,17,6,5,26,1,0.290987388496,0.145383104126,16,0.22,0.52,0.32,1.45439063936
2025,000391,ALL,SEASON,Grant Ament,M,8,32,31,1,3,0,14,1,0.290987388496,0.145383104126,3,0.09375,0.4375,0.09375,-6.31137525162
2025,000391,ARC,STINT,Grant Ament,M,8,32,31,1,3,0,14,1,0.290987388496,0.145383104126,3,0.09375,0.4375,0.09375,-6.31137525162
2025,000395,ALL,SEASON,Bryan Costabile,M,12,75,54,21,15,3,46,6,0.290987388496,0.145383104126,21,0.24,0.613333333333,0.28,-0.819409352057
2025,000395,ATL,STINT,Bryan Costabile,M,12,75,54,21,15,3,46,6,0.290987388496,0.145383104126,21,0.24,0.613333333333,0.28,-0.819409352057
2025,000405,ALL,SEASON,Jesse Bernhardt,D,12,1,0,1,0,0,0,0,0.290987388496,0.145383104126,0,0,0,0,-0.290766208251
2025,000405,OUT,STINT,Jesse Bernhardt,D,12,1,0,1,0,0,0,0,0.290987388496,0.145383104126,0,0,0,0,-0.290766208251
2025,000408,ALL,SEASON,Matt DeLuca,G,8,0,0,0,0,0,0,0,0.290987388496,0.145383104126,0,,,,
2025,000408,WAT,STINT,Matt DeLuca,G,8,0,0,0,0,0,0,0,0.290987388496,0.145383104126,0,,,,
2025,000409,ALL,SEASON,Zach Currier,M,12,36,35,1,9,0,24,3,0.290987388496,0.145383104126,9,0.25,0.666666666667,0.25,-1.47532480561
2025,000409,WAT,STINT,Zach Currier,M,12,36,35,1,9,0,24,3,0.290987388496,0.145383104126,9,0.25,0.666666666667,0.25,-1.47532480561
2025,000410,ALL,SEASON,Eli Gobrecht,D,6,0,0,0,0,0,0,0,0.290987388496,0.145383104126,0,,,,
2025,000410,WAT,STINT,Eli Gobrecht,D,6,0,0,0,0,0,0,0,0.290987388496,0.145383104126,0,,,,
2025,000414,ALL,SEASON,Rob Pannell,A,9,46,46,0,9,0,30,1,0.290987388496,0.145383104126,9,0.195652173913,0.652173913043,0.195652173913,-4.38541987081
2025,000414,WHP,STINT,Rob Pannell,A,9,46,46,0,9,0,30,1,0.290987388496,0.145383104126,9,0.195652173913,0.652173913043,0.195652173913,-4.38541987081
2025,000416,ALL,SEASON,Ryland Rees,LSM,5,3,1,2,0,0,1,0,0.290987388496,0.145383104126,0,0,0.333333333333,0,-0.872519804999
2025,000416,RED,STINT,Ryland Rees,LSM,4,2,1,1,0,0,1,0,0.290987388496,0.145383104126,0,0,0.5,0,-0.581753596747
2025,000416,WAT,STINT,Ryland Rees,LSM,1,1,0,1,0,0,0,0,0.290987388496,0.145383104126,0,0,0,0,-0.290766208251
2025,000418,ALL,SEASON,Dillon Ward,G,5,0,0,0,0,0,0,0,0.290987388496,0.145383104126,0,,,,
2025,000418,WAT,STINT,Dillon Ward,G,5,0,0,0,0,0,0,0,0.290987388496,0.145383104126,0,,,,
2025,000727,ALL,SEASON,CJ Costabile,,1,1,1,0,1,0,1,0,0.290987388496,0.145383104126,1,1,1,1,0.709012611504
2025,000727,ATL,STINT,CJ Costabile,,1,1,1,0,1,0,1,0,0.290987388496,0.145383104126,1,1,1,1,0.709012611504
2025,000815,ALL,SEASON,Austin Kaut,G,2,0,0,0,0,0,0,0,0.290987388496,0.145383104126,0,,,,
2025,000815,CHA,STINT,Austin Kaut,G,2,0,0,0,0,0,0,0,0.290987388496,0.145383104126,0,,,,
2025,000922,ALL,SEASON,Graeme Hossack,D,10,8,4,4,1,0,4,0,0.290987388496,0.145383104126,1,0.125,0.5,0.125,-1.32701438699
2025,000922,ARC,STINT,Graeme Hossack,D,10,8,4,4,1,0,4,0,0.290987388496,0.145383104126,1,0.125,0.5,0.125,-1.32701438699
2025,000978,ALL,SEASON,Kyle Jackson,M,3,10,10,0,1,0,7,2,0.290987388496,0.145383104126,1,0.1,0.7,0.1,-1.90987388496
2025,000978,ATL,STINT,Kyle Jackson,M,3,10,10,0,1,0,7,2,0.290987388496,0.145383104126,1,0.1,0.7,0.1,-1.90987388496
2025,001001,ALL,SEASON,Dylan Molloy,A,12,100,96,4,29,1,59,3,0.290987388496,0.145383104126,31,0.3,0.59,0.31,1.90214587139
2025,001001,RED,STINT,Dylan Molloy,A,12,100,96,4,29,1,59,3,0.290987388496,0.145383104126,31,0.3,0.59,0.31,1.90214587139
2025,001009,ALL,SEASON,Colin Heacock,M,9,32,29,3,9,0,21,2,0.290987388496,0.145383104126,9,0.28125,0.65625,0.28125,-0.310932891134
2025,001009,WHP,STINT,Colin Heacock,M,9,32,29,3,9,0,21,2,0.290987388496,0.145383104126,9,0.28125,0.65625,0.28125,-0.310932891134
2025,001391,ALL,SEASON,Mikie Schlosser,M,5,8,7,1,2,0,6,1,0.290987388496,0.145383104126,2,0.25,0.75,0.25,-0.327677927722
2025,001391,WAT,STINT,Mikie Schlosser,M,5,8,7,1,2,0,6,1,0.290987388496,0.145383104126,2,0.25,0.75,0.25,-0.327677927722
2025,001397,ALL,SEASON,Michael Rexrode,D,12,2,0,2,0,1,1,0,0.290987388496,0.145383104126,2,0.5,0.5,1,1.4184675835
2025,001397,ATL,STINT,Michael Rexrode,D,12,2,0,2,0,1,1,0,0.290987388496,0.145383104126,2,0.5,0.5,1,1.4184675835
2025,001406,ALL,SEASON,Ben Randall,D,12,5,3,2,1,0,4,0,0.290987388496,0.145383104126,1,0.2,0.8,0.2,-0.45449458199
2025,001406,WAT,STINT,Ben Randall,D,12,5,3,2,1,0,4,0,0.290987388496,0.145383104126,1,0.2,0.8,0.2,-0.45449458199
2025,001415,ALL,SEASON,Greg Weyl,D,2,0,0,0,0,0,0,0,0.290987388496,0.145383104126,0,,,,
2025,001415,OUT,STINT,Greg Weyl,D,2,0,0,0,0,0,0,0,0.290987388496,0.145383104126,0,,,,
2025,001661,ALL,SEASON,Warren Jeffrey,D,10,0,0,0,0,0,0,0,0.290987388496,0.145383104126,0,,,,
2025,001661,ARC,STINT,Warren Jeffrey,D,10,0,0,0,0,0,0,0,0.290987388496,0.145383104126,0,,,,
2025,001671,ALL,SEASON,Zach Goodrich,SSDM,10,0,0,0,0,0,0,0,0.290987388496,0.145383104126,0,,,,
2025,001671,CAN,STINT,Zach Goodrich,SSDM,10,0,0,0,0,0,0,0,0.290987388496,0.145383104126,0,,,,
2025,001707,ALL,SEASON,Matt Whitcher,SSDM,11,6,4,2,1,0,4,0,0.290987388496,0.145383104126,1,0.166666666667,0.666666666667,0.166666666667,-0.745481970486
2025,001707,WAT,STINT,Matt Whitcher,SSDM,11,6,4,2,1,0,4,0,0.290987388496,0.145383104126,1,0.166666666667,0.666666666667,0.166666666667,-0.745481970486
2025,001729,ALL,SEASON,Chris Aslanian,M,1,2,2,0,0,0,2,0,0.290987388496,0.145383104126,0,0,1,0,-0.581974776992
2025,001729,CHA,STINT,Chris Aslanian,M,1,2,2,0,0,0,2,0,0.290987388496,0.145383104126,0,0,1,0,-0.581974776992
2025,001733,ALL,SEASON,Charlie Hayes,SSDM,2,1,1,0,0,0,0,0,0.290987388496,0.145383104126,0,0,0,0,-0.290987388496
2025,001733,WAT,STINT,Charlie Hayes,SSDM,2,1,1,0,0,0,0,0,0.290987388496,0.145383104126,0,0,0,0,-0.290987388496
2025,001773,ALL,SEASON,Nick Washuta,G,1,0,0,0,0,0,0,0,0.290987388496,0.145383104126,0,,,,
2025,001773,ARC,STINT,Nick Washuta,G,1,0,0,0,0,0,0,0,0.290987388496,0.145383104126,0,,,,
2025,001795,ALL,SEASON,Christian Scarpello,SSDM,7,5,5,0,3,0,5,1,0.290987388496,0.145383104126,3,0.6,1,0.6,1.54506305752
2025,001795,WAT,STINT,Christian Scarpello,SSDM,7,5,5,0,3,0,5,1,0.290987388496,0.145383104126,3,0.6,1,0.6,1.54506305752
2025,001809,ALL,SEASON,Jeff Teat,A,12,84,82,2,21,0,52,7,0.290987388496,0.145383104126,21,0.25,0.619047619048,0.25,-3.44249827316
2025,001809,ATL,STINT,Jeff Teat,A,12,84,82,2,21,0,52,7,0.290987388496,0.145383104126,21,0.25,0.619047619048,0.25,-3.44249827316
2025,001810,ALL,SEASON,Michael Sowers,A,12,73,72,1,24,0,57,2,0.290987388496,0.145383104126,24,0.328767123288,0.780821917808,0.328767123288,2.75814182005
2025,001810,WAT,STINT,Michael Sowers,A,12,73,72,1,24,0,57,2,0.290987388496,0.145383104126,24,0.328767123288,0.780821917808,0.328767123288,2.75814182005
2025,001811,ALL,SEASON,JT Giles-Harris,D,12,2,1,1,0,0,2,0,0.290987388496,0.145383104126,0,0,1,0,-0.581753596747
2025,001811,OUT,STINT,JT Giles-Harris,D,12,2,1,1,0,0,2,0,0.290987388496,0.145383104126,0,0,1,0,-0.581753596747
2025,001812,ALL,SEASON,TD Ierlan,FO,12,13,13,0,4,0,9,0,0.290987388496,0.145383104126,4,0.307692307692,0.692307692308,0.307692307692,0.217163949554
2025,001812,RED,STINT,TD Ierlan,FO,12,13,13,0,4,0,9,0,0.290987388496,0.145383104126,4,0.307692307692,0.692307692308,0.307692307692,0.217163949554
2025,001813,ALL,SEASON,Jared Conners,LSM,12,8,1,7,0,1,3,0,0.290987388496,0.145383104126,2,0.125,0.375,0.25,-0.326350846256
2025,001813,RED,STINT,Jared Conners,LSM,12,8,1,7,0,1,3,0,0.290987388496,0.145383104126,2,0.125,0.375,0.25,-0.326350846256
2025,001814,ALL,SEASON,Mac O'Keefe,A,10,48,40,8,9,1,35,3,0.290987388496,0.145383104126,11,0.208333333333,0.729166666667,0.229166666667,-2.96562520585
2025,001814,ARC,STINT,Mac O'Keefe,A,10,48,40,8,9,1,35,3,0.290987388496,0.145383104126,11,0.208333333333,0.729166666667,0.229166666667,-2.96562520585
2025,001815,ALL,SEASON,Connor Kirst,M,10,29,22,7,6,1,15,3,0.290987388496,0.145383104126,8,0.241379310345,0.51724137931,0.275862068966,-0.437086004669
2025,001815,CAN,STINT,Connor Kirst,M,10,29,22,7,6,1,15,3,0.290987388496,0.145383104126,8,0.241379310345,0.51724137931,0.275862068966,-0.437086004669
2025,001816,ALL,SEASON,Dox Aitken,M,2,4,4,0,0,0,1,0,0.290987388496,0.145383104126,0,0,0.25,0,-1.16394955398
2025,001816,ATL,STINT,Dox Aitken,M,2,4,4,0,0,0,1,0,0.290987388496,0.145383104126,0,0,0.25,0,-1.16394955398
2025,001817,ALL,SEASON,Jack Kielty,D,10,1,1,0,0,0,0,0,0.290987388496,0.145383104126,0,0,0,0,-0.290987388496
2025,001817,CAN,STINT,Jack Kielty,D,10,1,1,0,0,0,0,0,0.290987388496,0.145383104126,0,0,0,0,-0.290987388496
2025,001819,ALL,SEASON,Danny Logan,SSDM,11,4,3,1,2,0,2,0,0.290987388496,0.145383104126,2,0.5,0.5,0.5,0.836271626261
2025,001819,ATL,STINT,Danny Logan,SSDM,11,4,3,1,2,0,2,0,0.290987388496,0.145383104126,2,0.5,0.5,0.5,0.836271626261
2025,001820,ALL,SEASON,Ryan Terefenko,SSDM,12,16,11,5,4,1,10,0,0.290987388496,0.145383104126,6,0.3125,0.625,0.375,1.34530768529
2025,001820,OUT,STINT,Ryan Terefenko,SSDM,12,16,11,5,4,1,10,0,0.290987388496,0.145383104126,6,0.3125,0.625,0.375,1.34530768529
2025,001821,ALL,SEASON,Tre Leclaire,M,5,23,17,6,5,0,16,3,0.290987388496,0.145383104126,5,0.217391304348,0.695652173913,0.217391304348,-1.69138285394
2025,001821,ARC,STINT,Tre Leclaire,M,5,23,17,6,5,0,16,3,0.290987388496,0.145383104126,5,0.217391304348,0.695652173913,0.217391304348,-1.69138285394
2025,001826,ALL,SEASON,Jeff Trainor,SSDM,10,15,13,2,6,0,10,0,0.290987388496,0.145383104126,6,0.4,0.666666666667,0.4,1.63563153305
2025,001826,CAN,STINT,Jeff Trainor,SSDM,10,15,13,2,6,0,10,0,0.290987388496,0.145383104126,6,0.4,0.666666666667,0.4,1.63563153305
2025,001827,ALL,SEASON,Jared Bernhardt,M,11,63,62,1,21,0,38,1,0.290987388496,0.145383104126,21,0.333333333333,0.603174603175,0.333333333333,2.66801570501
2025,001827,OUT,STINT,Jared Bernhardt,M,11,63,62,1,21,0,38,1,0.290987388496,0.145383104126,21,0.333333333333,0.603174603175,0.333333333333,2.66801570501
2025,001828,ALL,SEASON,Justin Anderson,M,12,32,29,3,11,0,18,0,0.290987388496,0.145383104126,11,0.34375,0.5625,0.34375,1.68906710887
2025,001828,OUT,STINT,Justin Anderson,M,12,32,29,3,11,0,18,0,0.290987388496,0.145383104126,11,0.34375,0.5625,0.34375,1.68906710887
2025,001831,ALL,SEASON,Colin Squires,LSM,11,1,0,1,0,0,0,0,0.290987388496,0.145383104126,0,0,0,0,-0.290766208251
2025,001831,WHP,STINT,Colin Squires,LSM,11,1,0,1,0,0,0,0,0.290987388496,0.145383104126,0,0,0,0,-0.290766208251
2025,001832,ALL,SEASON,Charlie Bertrand,M,9,31,29,2,7,0,22,0,0.290987388496,0.145383104126,7,0.225806451613,0.709677419355,0.225806451613,-2.02016668288
2025,001832,RED,STINT,Charlie Bertrand,M,9,31,29,2,7,0,22,0,0.290987388496,0.145383104126,7,0.225806451613,0.709677419355,0.225806451613,-2.02016668288
2025,001839,ALL,SEASON,Nick Grill,LSM,7,0,0,0,0,0,0,0,0.290987388496,0.145383104126,0,,,,
2025,001839,OUT,STINT,Nick Grill,LSM,7,0,0,0,0,0,0,0,0.290987388496,0.145383104126,0,,,,
2025,001843,ALL,SEASON,Cole Williams,M,1,2,2,0,1,0,2,0,0.290987388496,0.145383104126,1,0.5,1,0.5,0.418025223008
2025,001843,CHA,STINT,Cole Williams,M,1,2,2,0,1,0,2,0,0.290987388496,0.145383104126,1,0.5,1,0.5,0.418025223008
2025,001846,ALL,SEASON,Adam Charalambides,A,10,56,54,2,15,0,35,4,0.290987388496,0.145383104126,15,0.267857142857,0.625,0.267857142857,-1.29485139528
2025,001846,CHA,STINT,Adam Charalambides,A,10,56,54,2,15,0,35,4,0.290987388496,0.145383104126,15,0.267857142857,0.625,0.267857142857,-1.29485139528
2025,002006,ALL,SEASON,Reid Bowering,M,9,25,25,0,13,0,22,0,0.290987388496,0.145383104126,13,0.52,0.88,0.52,5.7253152876
2025,002006,ATL,STINT,Reid Bowering,M,9,25,25,0,13,0,22,0,0.290987388496,0.145383104126,13,0.52,0.88,0.52,5.7253152876
2025,002015,ALL,SEASON,Logan Wisnauskas,A,12,50,46,4,14,0,36,2,0.290987388496,0.145383104126,14,0.28,0.72,0.28,-0.548484703815
2025,002015,OUT,STINT,Logan Wisnauskas,A,12,50,46,4,14,0,36,2,0.290987388496,0.145383104126,14,0.28,0.72,0.28,-0.548484703815
2025,002017,ALL,SEASON,Arden Cohen,LSM,8,0,0,0,0,0,0,0,0.290987388496,0.145383104126,0,,,,
2025,002017,RED,STINT,Arden Cohen,LSM,8,0,0,0,0,0,0,0,0.290987388496,0.145383104126,0,,,,
2025,002018,ALL,SEASON,Matt Moore,A,4,25,21,4,6,0,15,0,0.290987388496,0.145383104126,6,0.24,0.6,0.24,-1.27379999142
2025,002018,ARC,STINT,Matt Moore,A,4,25,21,4,6,0,15,0,0.290987388496,0.145383104126,6,0.24,0.6,0.24,-1.27379999142
2025,002019,ALL,SEASON,Koby Smith,LSM,2,0,0,0,0,0,0,0,0.290987388496,0.145383104126,0,,,,
2025,002019,ATL,STINT,Koby Smith,LSM,2,0,0,0,0,0,0,0,0.290987388496,0.145383104126,0,,,,
2025,002021,ALL,SEASON,Roman Puglise,SSDM,9,6,5,1,1,0,4,1,0.290987388496,0.145383104126,1,0.166666666667,0.666666666667,0.166666666667,-0.745703150731
2025,002021,WHP,STINT,Roman Puglise,SSDM,9,6,5,1,1,0,4,1,0.290987388496,0.145383104126,1,0.166666666667,0.666666666667,0.166666666667,-0.745703150731
2025,002022,ALL,SEASON,Zach Geddes,SSDM,12,10,9,1,3,1,8,0,0.290987388496,0.145383104126,5,0.4,0.8,0.5,2.09034729529
2025,002022,OUT,STINT,Zach Geddes,SSDM,12,10,9,1,3,1,8,0,0.290987388496,0.145383104126,5,0.4,0.8,0.5,2.09034729529
2025,002024,ALL,SEASON,Asher Nolting,A,10,37,37,0,10,0,23,1,0.290987388496,0.145383104126,10,0.27027027027,0.621621621622,0.27027027027,-0.766533374346
2025,002024,CAN,STINT,Asher Nolting,A,10,37,37,0,10,0,23,1,0.290987388496,0.145383104126,10,0.27027027027,0.621621621622,0.27027027027,-0.766533374346
2025,002026,ALL,SEASON,Brett Dobson,G,10,1,0,1,0,0,0,0,0.290987388496,0.145383104126,0,0,0,0,-0.290766208251
2025,002026,ARC,STINT,Brett Dobson,G,10,1,0,1,0,0,0,0,0.290987388496,0.145383104126,0,0,0,0,-0.290766208251
2025,002028,ALL,SEASON,Jack Hannah,M,12,65,57,8,15,0,37,3,0.290987388496,0.145383104126,15,0.230769230769,0.569230769231,0.230769230769,-3.91241081028
2025,002028,WAT,STINT,Jack Hannah,M,12,65,57,8,15,0,37,3,0.290987388496,0.145383104126,15,0.230769230769,0.569230769231,0.230769230769,-3.91241081028
2025,002030,ALL,SEASON,Jonathan Donville,M,7,10,10,0,3,0,7,0,0.290987388496,0.145383104126,3,0.3,0.7,0.3,0.0901261150415
2025,002030,CAN,STINT,Jonathan Donville,M,2,3,3,0,2,0,2,0,0.290987388496,0.145383104126,2,0.666666666667,0.666666666667,0.666666666667,1.12703783451
2025,002030,OUT,STINT,Jonathan Donville,M,5,7,7,0,1,0,5,0,0.290987388496,0.145383104126,1,0.142857142857,0.714285714286,0.142857142857,-1.03691171947
2025,002032,ALL,SEASON,Justin Inacio,FO,8,13,12,1,2,0,7,0,0.290987388496,0.145383104126,2,0.153846153846,0.538461538462,0.153846153846,-1.7826148702
2025,002032,CHA,STINT,Justin Inacio,FO,8,13,12,1,2,0,7,0,0.290987388496,0.145383104126,2,0.153846153846,0.538461538462,0.153846153846,-1.7826148702
2025,002038,ALL,SEASON,Colin Kirst,G,10,2,0,2,0,0,1,0,0.290987388496,0.145383104126,0,0,0.5,0,-0.581532416503
2025,002038,CAN,STINT,Colin Kirst,G,10,2,0,2,0,0,1,0,0.290987388496,0.145383104126,0,0,0.5,0,-0.581532416503
2025,002039,ALL,SEASON,Owen McElroy,G,2,0,0,0,0,0,0,0,0.290987388496,0.145383104126,0,,,,
2025,002039,OUT,STINT,Owen McElroy,G,2,0,0,0,0,0,0,0,0.290987388496,0.145383104126,0,,,,
2025,002042,ALL,SEASON,Jon Robbins,LSM,1,0,0,0,0,0,0,0,0.290987388496,0.145383104126,0,,,,
2025,002042,ARC,STINT,Jon Robbins,LSM,1,0,0,0,0,0,0,0,0.290987388496,0.145383104126,0,,,,
2025,002054,ALL,SEASON,Chris Merle,SSDM,3,1,1,0,1,0,1,0,0.290987388496,0.145383104126,1,1,1,1,0.709012611504
2025,002054,RED,STINT,Chris Merle,SSDM,3,1,1,0,1,0,1,0,0.290987388496,0.145383104126,1,1,1,1,0.709012611504
2025,002059,ALL,SEASON,Brendan Krebs,G,4,1,1,0,0,0,0,0,0.290987388496,0.145383104126,0,0,0,0,-0.290987388496
2025,002059,WHP,STINT,Brendan Krebs,G,4,1,1,0,0,0,0,0,0.290987388496,0.145383104126,0,0,0,0,-0.290987388496
2025,002067,ALL,SEASON,Zac Tucci,FO,10,13,10,3,3,1,7,0,0.290987388496,0.145383104126,5,0.307692307692,0.538461538462,0.384615384615,1.21782749029
2025,002067,CAN,STINT,Zac Tucci,FO,10,13,10,3,3,1,7,0,0.290987388496,0.145383104126,5,0.307692307692,0.538461538462,0.384615384615,1.21782749029
2025,002074,ALL,SEASON,Alexander Smith,SSDM,6,1,0,1,0,0,0,0,0.290987388496,0.145383104126,0,0,0,0,-0.290766208251
2025,002074,OUT,STINT,Alexander Smith,SSDM,6,1,0,1,0,0,0,0,0.290987388496,0.145383104126,0,0,0,0,-0.290766208251
2025,003004,ALL,SEASON,Mike Sisselberger,FO,5,5,4,1,1,0,3,0,0.290987388496,0.145383104126,1,0.2,0.6,0.2,-0.454715762235
2025,003004,ARC,STINT,Mike Sisselberger,FO,5,5,4,1,1,0,3,0,0.290987388496,0.145383104126,1,0.2,0.6,0.2,-0.454715762235
2025,003005,ALL,SEASON,Connor Maher,SSDM,10,2,1,1,1,0,1,0,0.290987388496,0.145383104126,1,0.5,0.5,0.5,0.418246403253
2025,003005,ARC,STINT,Connor Maher,SSDM,10,2,1,1,1,0,1,0,0.290987388496,0.145383104126,1,0.5,0.5,0.5,0.418246403253
2025,003006,ALL,SEASON,Piper Bond,SSDM,10,6,6,0,2,0,4,0,0.290987388496,0.145383104126,2,0.333333333333,0.666666666667,0.333333333333,0.254075669025
2025,003006,ARC,STINT,Piper Bond,SSDM,10,6,6,0,2,0,4,0,0.290987388496,0.145383104126,2,0.333333333333,0.666666666667,0.333333333333,0.254075669025
2025,003007,ALL,SEASON,Cam Wyers,D,8,3,2,1,2,0,3,0,0.290987388496,0.145383104126,2,0.666666666667,1,0.666666666667,1.12725901476
2025,003007,ARC,STINT,Cam Wyers,D,8,3,2,1,2,0,3,0,0.290987388496,0.145383104126,2,0.666666666667,1,0.666666666667,1.12725901476
2025,003008,ALL,SEASON,Gavin Adler,D,12,0,0,0,0,0,0,0,0.290987388496,0.145383104126,0,,,,
2025,003008,ATL,STINT,Gavin Adler,D,12,0,0,0,0,0,0,0,0.290987388496,0.145383104126,0,,,,
2025,003009,ALL,SEASON,Brett Makar,D,11,11,5,6,1,1,4,0,0.290987388496,0.145383104126,3,0.181818181818,0.363636363636,0.272727272727,-0.199534191988
2025,003009,ATL,STINT,Brett Makar,D,11,11,5,6,1,1,4,0,0.290987388496,0.145383104126,3,0.181818181818,0.363636363636,0.272727272727,-0.199534191988
2025,003010,ALL,SEASON,Xander Dickson,A,12,62,61,1,27,0,45,3,0.290987388496,0.145383104126,27,0.435483870968,0.725806451613,0.435483870968,8.9590030935
2025,003010,ATL,STINT,Xander Dickson,A,12,62,61,1,27,0,45,3,0.290987388496,0.145383104126,27,0.435483870968,0.725806451613,0.435483870968,8.9590030935
2025,003011,ALL,SEASON,Payton Rezanka,SSDM,3,1,1,0,0,0,0,0,0.290987388496,0.145383104126,0,0,0,0,-0.290987388496
2025,003011,ATL,STINT,Payton Rezanka,SSDM,3,1,1,0,0,0,0,0,0.290987388496,0.145383104126,0,0,0,0,-0.290987388496
2025,003013,ALL,SEASON,Matt Campbell,M,10,63,48,15,16,2,43,1,0.290987388496,0.145383104126,20,0.285714285714,0.68253968254,0.31746031746,1.67111222843
2025,003013,CAN,STINT,Matt Campbell,M,10,63,48,15,16,2,43,1,0.290987388496,0.145383104126,20,0.285714285714,0.68253968254,0.31746031746,1.67111222843
2025,003018,ALL,SEASON,Nick Rowlett,FO,3,2,2,0,0,0,0,0,0.290987388496,0.145383104126,0,0,0,0,-0.581974776992
2025,003018,CHA,STINT,Nick Rowlett,FO,3,2,2,0,0,0,0,0,0.290987388496,0.145383104126,0,0,0,0,-0.581974776992
2025,003019,ALL,SEASON,Sam Handley,M,5,22,15,7,2,1,14,1,0.290987388496,0.145383104126,4,0.136363636364,0.636363636364,0.181818181818,-2.4001742852
2025,003019,OUT,STINT,Sam Handley,,1,4,4,0,0,0,2,1,0.290987388496,0.145383104126,0,0,0.5,0,-1.16394955398
2025,003019,RED,STINT,Sam Handley,M,4,18,11,7,2,1,12,0,0.290987388496,0.145383104126,4,0.166666666667,0.666666666667,0.222222222222,-1.23622473121
2025,003022,ALL,SEASON,Cross Ferrara,M,6,22,21,1,5,0,12,1,0.290987388496,0.145383104126,5,0.227272727273,0.545454545455,0.227272727273,-1.40150136666
2025,003022,CHA,STINT,Cross Ferrara,M,6,22,21,1,5,0,12,1,0.290987388496,0.145383104126,5,0.227272727273,0.545454545455,0.227272727273,-1.40150136666
2025,003023,ALL,SEASON,Owen Grant,LSM,10,10,4,6,1,1,7,0,0.290987388496,0.145383104126,3,0.2,0.7,0.3,0.0914531965078
2025,003023,CAN,STINT,Owen Grant,LSM,10,10,4,6,1,1,7,0,0.290987388496,0.145383104126,3,0.2,0.7,0.3,0.0914531965078
2025,003024,ALL,SEASON,Brian Tevlin,SSDM,12,15,11,4,2,0,5,1,0.290987388496,0.145383104126,2,0.133333333333,0.333333333333,0.133333333333,-2.36392610646
2025,003024,RED,STINT,Brian Tevlin,SSDM,12,15,11,4,2,0,5,1,0.290987388496,0.145383104126,2,0.133333333333,0.333333333333,0.133333333333,-2.36392610646
2025,003025,ALL,SEASON,Cole Kirst,M,1,2,2,0,0,0,1,1,0.290987388496,0.145383104126,0,0,0.5,0,-0.581974776992
2025,003025,RED,STINT,Cole Kirst,M,1,2,2,0,0,0,1,1,0.290987388496,0.145383104126,0,0,0.5,0,-0.581974776992
2025,003027,ALL,SEASON,Thomas McConvey,M,12,34,33,1,13,0,26,2,0.290987388496,0.145383104126,13,0.382352941176,0.764705882353,0.382352941176,3.10664997139
2025,003027,WAT,STINT,Thomas McConvey,M,12,34,33,1,13,0,26,2,0.290987388496,0.145383104126,13,0.382352941176,0.764705882353,0.382352941176,3.10664997139
2025,003028,ALL,SEASON,Alex Mazzone,LSM,5,2,0,2,0,0,1,0,0.290987388496,0.145383104126,0,0,0.5,0,-0.581532416503
2025,003028,WHP,STINT,Alex Mazzone,LSM,5,2,0,2,0,0,1,0,0.290987388496,0.145383104126,0,0,0.5,0,-0.581532416503
2025,003029,ALL,SEASON,Chris Fake,D,12,4,0,4,0,1,3,0,0.290987388496,0.145383104126,2,0.25,0.75,0.5,0.836935166994
2025,003029,RED,STINT,Chris Fake,D,12,4,0,4,0,1,3,0,0.290987388496,0.145383104126,2,0.25,0.75,0.5,0.836935166994
2025,003039,ALL,SEASON,Chet Comizio,SSDM,11,4,3,1,0,0,1,0,0.290987388496,0.145383104126,0,0,0.25,0,-1.16372837374
2025,003039,ATL,STINT,Chet Comizio,SSDM,11,4,3,1,0,0,1,0,0.290987388496,0.145383104126,0,0,0.25,0,-1.16372837374
2025,003041,ALL,SEASON,Ethan Rall,LSM,10,7,4,3,1,0,5,0,0.290987388496,0.145383104126,1,0.142857142857,0.714285714286,0.142857142857,-1.03624817874
2025,003041,CAN,STINT,Ethan Rall,LSM,10,7,4,3,1,0,5,0,0.290987388496,0.145383104126,1,0.142857142857,0.714285714286,0.142857142857,-1.03624817874
2025,003048,ALL,SEASON,TJ Malone,A,11,68,65,3,18,1,45,3,0.290987388496,0.145383104126,20,0.279411764706,0.661764705882,0.294117647059,0.213521123015
2025,003048,WHP,STINT,TJ Malone,A,11,68,65,3,18,1,45,3,0.290987388496,0.145383104126,20,0.279411764706,0.661764705882,0.294117647059,0.213521123015
2025,003059,ALL,SEASON,BJ Farrare,SSDM,12,3,2,1,0,0,1,0,0.290987388496,0.145383104126,0,0,0.333333333333,0,-0.872740985243
2025,003059,RED,STINT,BJ Farrare,SSDM,12,3,2,1,0,0,1,0,0.290987388496,0.145383104126,0,0,0.333333333333,0,-0.872740985243
2025,003075,ALL,SEASON,Brennan O'Neill,A,12,109,93,16,26,4,63,6,0.290987388496,0.145383104126,34,0.275229357798,0.577981651376,0.311926605505,2.28591353786
2025,003075,OUT,STINT,Brennan O'Neill,A,12,109,93,16,26,4,63,6,0.290987388496,0.145383104126,34,0.275229357798,0.577981651376,0.311926605505,2.28591353786
2025,003076,ALL,SEASON,Connor Shellenberger,A,12,53,53,0,26,0,41,4,0.290987388496,0.145383104126,26,0.490566037736,0.77358490566,0.490566037736,10.5776684097
2025,003076,ATL,STINT,Connor Shellenberger,A,12,53,53,0,26,0,41,4,0.290987388496,0.145383104126,26,0.490566037736,0.77358490566,0.490566037736,10.5776684097
2025,003077,ALL,SEASON,Ajax Zappitello,D,11,3,3,0,0,0,0,0,0.290987388496,0.145383104126,0,0,0,0,-0.872962165488
2025,003077,WHP,STINT,Ajax Zappitello,D,11,3,3,0,0,0,0,0,0.290987388496,0.145383104126,0,0,0,0,-0.872962165488
2025,003078,ALL,SEASON,Shane Knobloch,M,5,30,28,2,8,1,19,2,0.290987388496,0.145383104126,10,0.3,0.633333333333,0.333333333333,1.27082070561
2025,003078,CHA,STINT,Shane Knobloch,M,5,30,28,2,8,1,19,2,0.290987388496,0.145383104126,10,0.3,0.633333333333,0.333333333333,1.27082070561
2025,003079,ALL,SEASON,Liam Entenmann,G,12,4,0,4,0,0,0,0,0.290987388496,0.145383104126,0,0,0,0,-1.16306483301
2025,003079,ATL,STINT,Liam Entenmann,G,12,4,0,4,0,0,0,0,0.290987388496,0.145383104126,0,0,0,0,-1.16306483301
2025,003080,ALL,SEASON,Pat Kavanagh,A,12,102,99,3,24,0,70,8,0.290987388496,0.145383104126,24,0.235294117647,0.686274509804,0.235294117647,-5.68005008584
2025,003080,OUT,STINT,Pat Kavanagh,A,12,102,99,3,24,0,70,8,0.290987388496,0.145383104126,24,0.235294117647,0.686274509804,0.235294117647,-5.68005008584
2025,003081,ALL,SEASON,Matt Brandau,M,11,64,63,1,22,0,44,2,0.290987388496,0.145383104126,22,0.34375,0.6875,0.34375,3.37702831651
2025,003081,WHP,STINT,Matt Brandau,M,11,64,63,1,22,0,44,2,0.290987388496,0.145383104126,22,0.34375,0.6875,0.34375,3.37702831651
2025,003082,ALL,SEASON,Mason Woodward,LSM,10,11,1,10,0,3,7,0,0.290987388496,0.145383104126,6,0.272727272727,0.636363636364,0.545454545455,2.80135052899
2025,003082,ARC,STINT,Mason Woodward,LSM,10,11,1,10,0,3,7,0,0.290987388496,0.145383104126,6,0.272727272727,0.636363636364,0.545454545455,2.80135052899
2025,003083,ALL,SEASON,Jake Piseno,LSM,12,16,4,12,2,3,7,0,0.290987388496,0.145383104126,8,0.3125,0.4375,0.5,3.346855947
2025,003083,OUT,STINT,Jake Piseno,LSM,12,16,4,12,2,3,7,0,0.290987388496,0.145383104126,8,0.3125,0.4375,0.5,3.346855947
2025,003084,ALL,SEASON,Jake Stevens,M,12,37,36,1,10,0,23,2,0.290987388496,0.145383104126,10,0.27027027027,0.621621621622,0.27027027027,-0.766312194102
2025,003084,ATL,STINT,Jake Stevens,M,12,37,36,1,10,0,23,2,0.290987388496,0.145383104126,10,0.27027027027,0.621621621622,0.27027027027,-0.766312194102
2025,003085,ALL,SEASON,Graham Bundy,M,12,48,24,24,3,3,29,3,0.290987388496,0.145383104126,9,0.125,0.604166666667,0.1875,-4.96208632194
2025,003085,OUT,STINT,Graham Bundy,M,12,48,24,24,3,3,29,3,0.290987388496,0.145383104126,9,0.125,0.604166666667,0.1875,-4.96208632194
2025,003086,ALL,SEASON,Eric Dobson,M,3,6,4,2,0,0,2,0,0.290987388496,0.145383104126,0,0,0.333333333333,0,-1.74548197049
2025,003086,CHA,STINT,Eric Dobson,M,3,6,4,2,0,0,2,0,0.290987388496,0.145383104126,0,0,0.333333333333,0,-1.74548197049
2025,003087,ALL,SEASON,Beau Pederson,SSDM,10,10,5,5,3,1,6,0,0.290987388496,0.145383104126,5,0.4,0.6,0.5,2.09123201626
2025,003087,ARC,STINT,Beau Pederson,SSDM,10,10,5,5,3,1,6,0,0.290987388496,0.145383104126,5,0.4,0.6,0.5,2.09123201626
2025,003088,ALL,SEASON,Alexander Vardaro,M,3,10,8,2,1,0,5,1,0.290987388496,0.145383104126,1,0.1,0.5,0.1,-1.90943152447
2025,003088,CAN,STINT,Alexander Vardaro,M,3,10,8,2,1,0,5,1,0.290987388496,0.145383104126,1,0.1,0.5,0.1,-1.90943152447
2025,003089,ALL,SEASON,Kenny Brower,D,10,1,0,1,0,0,1,0,0.290987388496,0.145383104126,0,0,1,0,-0.290766208251
2025,003089,WAT,STINT,Kenny Brower,D,10,1,0,1,0,0,1,0,0.290987388496,0.145383104126,0,0,1,0,-0.290766208251
2025,003090,ALL,SEASON,Dyson Williams,M,10,28,27,1,12,0,23,3,0.290987388496,0.145383104126,12,0.428571428571,0.821428571429,0.428571428571,3.85257430236
2025,003090,ARC,STINT,Dyson Williams,M,10,28,27,1,12,0,23,3,0.290987388496,0.145383104126,12,0.428571428571,0.821428571429,0.428571428571,3.85257430236
2025,003091,ALL,SEASON,Garrett Degnon,M,4,18,15,3,4,0,9,1,0.290987388496,0.145383104126,4,0.222222222222,0.5,0.222222222222,-1.23710945219
2025,003091,CHA,STINT,Garrett Degnon,M,4,18,15,3,4,0,9,1,0.290987388496,0.145383104126,4,0.222222222222,0.5,0.222222222222,-1.23710945219
2025,003092,ALL,SEASON,Josh Zawada,A,9,33,33,0,9,0,24,0,0.290987388496,0.145383104126,9,0.272727272727,0.727272727273,0.272727272727,-0.602583820363
2025,003092,CHA,STINT,Josh Zawada,A,9,33,33,0,9,0,24,0,0.290987388496,0.145383104126,9,0.272727272727,0.727272727273,0.272727272727,-0.602583820363
2025,003093,ALL,SEASON,Ross Scott,M,11,40,40,0,12,0,25,3,0.290987388496,0.145383104126,12,0.3,0.625,0.3,0.360504460166
2025,003093,CHA,STINT,Ross Scott,M,11,40,40,0,12,0,25,3,0.290987388496,0.145383104126,12,0.3,0.625,0.3,0.360504460166
2025,003094,ALL,SEASON,Levi Anderson,M,9,34,34,0,10,0,24,0,0.290987388496,0.145383104126,10,0.294117647059,0.705882352941,0.294117647059,0.106428791141
2025,003094,WHP,STINT,Levi Anderson,M,9,34,34,0,10,0,24,0,0.290987388496,0.145383104126,10,0.294117647059,0.705882352941,0.294117647059,0.106428791141
2025,003096,ALL,SEASON,Marcus Hudgins,LSM,9,2,1,1,0,0,1,0,0.290987388496,0.145383104126,0,0,0.5,0,-0.581753596747
2025,003096,WAT,STINT,Marcus Hudgins,LSM,9,2,1,1,0,0,1,0,0.290987388496,0.145383104126,0,0,0.5,0,-0.581753596747
2025,003098,ALL,SEASON,Luke Wierman,FO,12,24,16,8,3,0,11,1,0.290987388496,0.145383104126,3,0.125,0.458333333333,0.125,-3.98192788195
2025,003098,OUT,STINT,Luke Wierman,FO,12,24,16,8,3,0,11,1,0.290987388496,0.145383104126,3,0.125,0.458333333333,0.125,-3.98192788195
2025,003099,ALL,SEASON,Tyler Carpenter,LSM,12,5,1,4,1,0,3,0,0.290987388496,0.145383104126,1,0.2,0.6,0.2,-0.454052221502
2025,003099,ATL,STINT,Tyler Carpenter,LSM,12,5,1,4,1,0,3,0,0.290987388496,0.145383104126,1,0.2,0.6,0.2,-0.454052221502
2025,003100,ALL,SEASON,Adam Poitras,M,11,33,33,0,8,0,24,0,0.290987388496,0.145383104126,8,0.242424242424,0.727272727273,0.242424242424,-1.60258382036
2025,003100,WHP,STINT,Adam Poitras,M,11,33,33,0,8,0,24,0,0.290987388496,0.145383104126,8,0.242424242424,0.727272727273,0.242424242424,-1.60258382036
2025,003101,ALL,SEASON,Dylan Hess,SSDM,12,7,4,3,1,0,4,0,0.290987388496,0.145383104126,1,0.142857142857,0.571428571429,0.142857142857,-1.03624817874
2025,003101,WAT,STINT,Dylan Hess,SSDM,12,7,4,3,1,0,4,0,0.290987388496,0.145383104126,1,0.142857142857,0.571428571429,0.142857142857,-1.03624817874
2025,003102,ALL,SEASON,Chayse Ierlan,G,12,1,0,1,0,0,0,0,0.290987388496,0.145383104126,0,0,0,0,-0.290766208251
2025,003102,RED,STINT,Chayse Ierlan,G,12,1,0,1,0,0,0,0,0.290987388496,0.145383104126,0,0,0,0,-0.290766208251
2025,003103,ALL,SEASON,Scott Smith,D,8,12,6,6,1,1,8,0,0.290987388496,0.145383104126,3,0.166666666667,0.666666666667,0.25,-0.490521580484
2025,003103,CHA,STINT,Scott Smith,D,7,11,6,5,1,0,7,0,0.290987388496,0.145383104126,1,0.0909090909091,0.636363636364,0.0909090909091,-2.19975537223
2025,003103,WHP,STINT,Scott Smith,,1,1,0,1,0,1,1,0,0.290987388496,0.145383104126,2,1,1,2,1.70923379175
2025,003104,ALL,SEASON,Michael Boehm,A,1,0,0,0,0,0,0,0,0.290987388496,0.145383104126,0,,,,
2025,003104,WAT,STINT,Michael Boehm,A,1,0,0,0,0,0,0,0,0.290987388496,0.145383104126,0,,,,
2025,003105,ALL,SEASON,Cole Kastner,D,8,0,0,0,0,0,0,0,0.290987388496,0.145383104126,0,,,,
2025,003105,RED,STINT,Cole Kastner,D,8,0,0,0,0,0,0,0,0.290987388496,0.145383104126,0,,,,
2025,003106,ALL,SEASON,Dalton Young,M,12,33,33,0,15,0,25,1,0.290987388496,0.145383104126,15,0.454545454545,0.757575757576,0.454545454545,5.39741617964
2025,003106,OUT,STINT,Dalton Young,M,12,33,33,0,15,0,25,1,0.290987388496,0.145383104126,15,0.454545454545,0.757575757576,0.454545454545,5.39741617964
2025,003108,ALL,SEASON,Will Mark,G,2,0,0,0,0,0,0,0,0.290987388496,0.145383104126,0,,,,
2025,003108,ATL,STINT,Will Mark,G,2,0,0,0,0,0,0,0,0.290987388496,0.145383104126,0,,,,
2025,003109,ALL,SEASON,Chris Conlin,D,12,0,0,0,0,0,0,0,0.290987388496,0.145383104126,0,,,,
2025,003109,RED,STINT,Chris Conlin,D,12,0,0,0,0,0,0,0,0.290987388496,0.145383104126,0,,,,
2025,003110,ALL,SEASON,Carter Parlette,SSDM,1,0,0,0,0,0,0,0,0.290987388496,0.145383104126,0,,,,
2025,003110,RED,STINT,Carter Parlette,SSDM,1,0,0,0,0,0,0,0,0.290987388496,0.145383104126,0,,,,
2025,003112,ALL,SEASON,Jack DiBenedetto,D,3,0,0,0,0,0,0,0,0.290987388496,0.145383104126,0,,,,
2025,003112,WAT,STINT,Jack DiBenedetto,D,3,0,0,0,0,0,0,0,0.290987388496,0.145383104126,0,,,,
2025,003119,ALL,SEASON,Alec Stathakis,FO,12,14,10,4,2,0,6,1,0.290987388496,0.145383104126,2,0.142857142857,0.428571428571,0.142857142857,-2.07293871796
2025,003119,WAT,STINT,Alec Stathakis,FO,12,14,10,4,2,0,6,1,0.290987388496,0.145383104126,2,0.142857142857,0.428571428571,0.142857142857,-2.07293871796
2025,003120,ALL,SEASON,Jack VanOverbeke,M,6,14,14,0,0,0,8,1,0.290987388496,0.145383104126,0,0,0.571428571429,0,-4.07382343894
2025,003120,OUT,STINT,Jack VanOverbeke,M,6,14,14,0,0,0,8,1,0.290987388496,0.145383104126,0,0,0.571428571429,0,-4.07382343894
2025,003125,ALL,SEASON,Matt Knote,G,1,0,0,0,0,0,0,0,0.290987388496,0.145383104126,0,,,,
2025,003125,RED,STINT,Matt Knote,G,1,0,0,0,0,0,0,0,0.290987388496,0.145383104126,0,,,,
2025,003128,ALL,SEASON,Jack Posey,D,5,0,0,0,0,0,0,0,0.290987388496,0.145383104126,0,,,,
2025,003128,CHA,STINT,Jack Posey,D,5,0,0,0,0,0,0,0,0.290987388496,0.145383104126,0,,,,
2025,003136,ALL,SEASON,Jake Naso,FO,4,4,3,1,0,0,1,0,0.290987388496,0.145383104126,0,0,0.25,0,-1.16372837374
2025,003136,ARC,STINT,Jake Naso,FO,4,4,3,1,0,0,1,0,0.290987388496,0.145383104126,0,0,0.25,0,-1.16372837374
2025,003149,ALL,SEASON,JJ Sillstrop,M,10,22,22,0,5,0,18,0,0.290987388496,0.145383104126,5,0.227272727273,0.818181818182,0.227272727273,-1.40172254691
2025,003149,CHA,STINT,JJ Sillstrop,M,10,22,22,0,5,0,18,0,0.290987388496,0.145383104126,5,0.227272727273,0.818181818182,0.227272727273,-1.40172254691
2025,003156,ALL,SEASON,Aidan Danenza,M,8,36,33,3,10,0,23,2,0.290987388496,0.145383104126,10,0.277777777778,0.638888888889,0.277777777778,-0.474882445117
2025,003156,RED,STINT,Aidan Danenza,M,8,36,33,3,10,0,23,2,0.290987388496,0.145383104126,10,0.277777777778,0.638888888889,0.277777777778,-0.474882445117
2025,003157,ALL,SEASON,Graydon Hogg,A,3,12,12,0,3,0,8,2,0.290987388496,0.145383104126,3,0.25,0.666666666667,0.25,-0.49184866195
2025,003157,CAN,STINT,Graydon Hogg,A,3,12,12,0,3,0,8,2,0.290987388496,0.145383104126,3,0.25,0.666666666667,0.25,-0.49184866195
2025,003159,ALL,SEASON,CJ Kirst,A,6,47,45,2,15,0,32,0,0.290987388496,0.145383104126,15,0.31914893617,0.68085106383,0.31914893617,1.32403510118
2025,003159,WAT,STINT,CJ Kirst,A,6,47,45,2,15,0,32,0,0.290987388496,0.145383104126,15,0.31914893617,0.68085106383,0.31914893617,1.32403510118
2025,003160,ALL,SEASON,Andrew McAdorey,M,12,53,49,4,18,1,32,1,0.290987388496,0.145383104126,20,0.358490566038,0.603773584906,0.377358490566,4.5785531307
2025,003160,RED,STINT,Andrew McAdorey,M,12,53,49,4,18,1,32,1,0.290987388496,0.145383104126,20,0.358490566038,0.603773584906,0.377358490566,4.5785531307
2025,003161,ALL,SEASON,Sam English,M,4,12,11,1,3,0,8,0,0.290987388496,0.145383104126,3,0.25,0.666666666667,0.25,-0.491627481706
2025,003161,RED,STINT,Sam English,M,4,12,11,1,3,0,8,0,0.290987388496,0.145383104126,3,0.25,0.666666666667,0.25,-0.491627481706
2025,003162,ALL,SEASON,Coulter Mackesy,A,8,54,50,4,15,0,35,2,0.290987388496,0.145383104126,15,0.277777777778,0.648148148148,0.277777777778,-0.712434257798
2025,003162,CAN,STINT,Coulter Mackesy,A,8,54,50,4,15,0,35,2,0.290987388496,0.145383104126,15,0.277777777778,0.648148148148,0.277777777778,-0.712434257798
2025,003163,ALL,SEASON,Brendan Lavelle,D,10,0,0,0,0,0,0,0,0.290987388496,0.145383104126,0,,,,
2025,003163,ARC,STINT,Brendan Lavelle,D,10,0,0,0,0,0,0,0,0.290987388496,0.145383104126,0,,,,
2025,003164,ALL,SEASON,Matt Traynor,M,12,68,66,2,18,0,39,2,0.290987388496,0.145383104126,18,0.264705882353,0.573529411765,0.264705882353,-1.78670005723
2025,003164,ATL,STINT,Matt Traynor,M,12,68,66,2,18,0,39,2,0.290987388496,0.145383104126,18,0.264705882353,0.573529411765,0.264705882353,-1.78670005723
2025,003165,ALL,SEASON,Aidan Carroll,A,11,64,63,1,25,0,49,4,0.290987388496,0.145383104126,25,0.390625,0.765625,0.390625,6.37702831651
2025,003165,WHP,STINT,Aidan Carroll,A,11,64,63,1,25,0,49,4,0.290987388496,0.145383104126,25,0.390625,0.765625,0.390625,6.37702831651
2025,003166,ALL,SEASON,Owen Hiltz,A,8,53,51,2,18,0,38,3,0.290987388496,0.145383104126,18,0.339622641509,0.716981132075,0.339622641509,2.57811077021
2025,003166,CHA,STINT,Owen Hiltz,A,8,53,51,2,18,0,38,3,0.290987388496,0.145383104126,18,0.339622641509,0.716981132075,0.339622641509,2.57811077021
2025,003167,ALL,SEASON,Jake Taylor,A,9,33,33,0,11,0,25,2,0.290987388496,0.145383104126,11,0.333333333333,0.757575757576,0.333333333333,1.39741617964
2025,003167,WAT,STINT,Jake Taylor,A,9,33,33,0,11,0,25,2,0.290987388496,0.145383104126,11,0.333333333333,0.757575757576,0.333333333333,1.39741617964
2025,003168,ALL,SEASON,Chris Kavanagh,A,12,94,84,10,25,2,59,4,0.290987388496,0.145383104126,29,0.287234042553,0.627659574468,0.308510638298,1.64939728383
2025,003168,RED,STINT,Chris Kavanagh,A,12,94,84,10,25,2,59,4,0.290987388496,0.145383104126,29,0.287234042553,0.627659574468,0.308510638298,1.64939728383
2025,003169,ALL,SEASON,Logan McNaney,G,10,2,0,2,0,0,1,0,0.290987388496,0.145383104126,0,0,0.5,0,-0.581532416503
2025,003169,OUT,STINT,Logan McNaney,G,10,2,0,2,0,0,1,0,0.290987388496,0.145383104126,0,0,0.5,0,-0.581532416503
2025,003170,ALL,SEASON,Mic Kelly,M,5,24,23,1,3,0,14,1,0.290987388496,0.145383104126,3,0.125,0.583333333333,0.125,-3.98347614366
2025,003170,CAN,STINT,Mic Kelly,M,5,24,23,1,3,0,14,1,0.290987388496,0.145383104126,3,0.125,0.583333333333,0.125,-3.98347614366
2025,003171,ALL,SEASON,Levi Verch,LSM,11,3,1,2,0,0,1,0,0.290987388496,0.145383104126,0,0,0.333333333333,0,-0.872519804999
2025,003171,CHA,STINT,Levi Verch,LSM,11,3,1,2,0,0,1,0,0.290987388496,0.145383104126,0,0,0.333333333333,0,-0.872519804999
2025,003172,ALL,SEASON,Max Krevsky,SSDM,10,8,8,0,1,0,4,1,0.290987388496,0.145383104126,1,0.125,0.5,0.125,-1.32789910797
2025,003172,ATL,STINT,Max Krevsky,SSDM,10,8,8,0,1,0,4,1,0.290987388496,0.145383104126,1,0.125,0.5,0.125,-1.32789910797
2025,003173,ALL,SEASON,Jack McDonald,LSM,5,3,2,1,2,0,2,0,0.290987388496,0.145383104126,2,0.666666666667,0.666666666667,0.666666666667,1.12725901476
2025,003173,WHP,STINT,Jack McDonald,LSM,5,3,2,1,2,0,2,0,0.290987388496,0.145383104126,2,0.666666666667,0.666666666667,0.666666666667,1.12725901476
2025,003174,ALL,SEASON,Sam King,A,10,39,37,2,12,1,22,1,0.290987388496,0.145383104126,14,0.333333333333,0.564102564103,0.358974358974,2.65193420915
2025,003174,ARC,STINT,Sam King,A,10,39,37,2,12,1,22,1,0.290987388496,0.145383104126,14,0.333333333333,0.564102564103,0.358974358974,2.65193420915
2025,003176,ALL,SEASON,Emmet Carroll,G,8,3,0,3,0,0,0,0,0.290987388496,0.145383104126,0,0,0,0,-0.872298624754
2025,003176,WHP,STINT,Emmet Carroll,G,8,3,0,3,0,0,0,0,0.290987388496,0.145383104126,0,0,0,0,-0.872298624754
2025,003178,ALL,SEASON,Michael Grace,LSM,10,7,3,4,2,2,5,0,0.290987388496,0.145383104126,6,0.571428571429,0.714285714286,0.857142857143,3.96397300151
2025,003178,ATL,STINT,Michael Grace,LSM,10,7,3,4,2,2,5,0,0.290987388496,0.145383104126,6,0.571428571429,0.714285714286,0.857142857143,3.96397300151
2025,003179,ALL,SEASON,Ben Wayer,LSM,12,16,7,9,2,3,9,0,0.290987388496,0.145383104126,8,0.3125,0.5625,0.5,3.34619240627
2025,003179,WAT,STINT,Ben Wayer,LSM,12,16,7,9,2,3,9,0,0.290987388496,0.145383104126,8,0.3125,0.5625,0.5,3.34619240627
2025,003180,ALL,SEASON,Christian Mazur,SSDM,11,5,4,1,1,0,2,0,0.290987388496,0.145383104126,1,0.2,0.4,0.2,-0.454715762235
2025,003180,WHP,STINT,Christian Mazur,SSDM,11,5,4,1,1,0,2,0,0.290987388496,0.145383104126,1,0.2,0.4,0.2,-0.454715762235
2025,003181,ALL,SEASON,Jimmy Freehill,D,11,9,0,9,0,3,7,0,0.290987388496,0.145383104126,6,0.333333333333,0.777777777778,0.666666666667,3.38310412574
2025,003181,WAT,STINT,Jimmy Freehill,D,11,9,0,9,0,3,7,0,0.290987388496,0.145383104126,6,0.333333333333,0.777777777778,0.666666666667,3.38310412574
2025,003183,ALL,SEASON,Jack Gray,SSDM,6,1,1,0,1,0,1,0,0.290987388496,0.145383104126,1,1,1,1,0.709012611504
2025,003183,OUT,STINT,Jack Gray,SSDM,6,1,1,0,1,0,1,0,0.290987388496,0.145383104126,1,1,1,1,0.709012611504
2025,003184,ALL,SEASON,Ben Ramsey,SSDM,10,5,4,1,1,1,5,0,0.290987388496,0.145383104126,3,0.4,1,0.6,1.54528423777
2025,003184,CAN,STINT,Ben Ramsey,SSDM,10,5,4,1,1,1,5,0,0.290987388496,0.145383104126,3,0.4,1,0.6,1.54528423777
2025,003185,ALL,SEASON,Carter Rice,SSDM,12,0,0,0,0,0,0,0,0.290987388496,0.145383104126,0,,,,
2025,003185,RED,STINT,Carter Rice,SSDM,12,0,0,0,0,0,0,0,0.290987388496,0.145383104126,0,,,,
2025,003186,ALL,SEASON,Hugh Kelleher,M,8,29,24,5,6,0,13,0,0.290987388496,0.145383104126,6,0.206896551724,0.448275862069,0.206896551724,-2.43752836516
2025,003186,ATL,STINT,Hugh Kelleher,M,8,29,24,5,6,0,13,0,0.290987388496,0.145383104126,6,0.206896551724,0.448275862069,0.206896551724,-2.43752836516
2025,003188,ALL,SEASON,Bryce Ford,M,3,4,4,0,2,0,3,0,0.290987388496,0.145383104126,2,0.5,0.75,0.5,0.836050446017
2025,003188,ARC,STINT,Bryce Ford,M,3,4,4,0,2,0,3,0,0.290987388496,0.145383104126,2,0.5,0.75,0.5,0.836050446017
2025,003190,ALL,SEASON,AJ Pilate,D,3,1,1,0,0,0,0,0,0.290987388496,0.145383104126,0,0,0,0,-0.290987388496
2025,003190,OUT,STINT,AJ Pilate,D,3,1,1,0,0,0,0,0,0.290987388496,0.145383104126,0,0,0,0,-0.290987388496
2025,003192,ALL,SEASON,Jackson Eicher,A,11,78,67,11,19,1,47,2,0.290987388496,0.145383104126,21,0.25641025641,0.602564102564,0.269230769231,-1.69458331999
2025,003192,CHA,STINT,Jackson Eicher,A,11,78,67,11,19,1,47,2,0.290987388496,0.145383104126,21,0.25641025641,0.602564102564,0.269230769231,-1.69458331999
2025,003193,ALL,SEASON,Kyle Aldridge,SSDM,2,0,0,0,0,0,0,0,0.290987388496,0.145383104126,0,,,,
2025,003193,WHP,STINT,Kyle Aldridge,SSDM,2,0,0,0,0,0,0,0,0.290987388496,0.145383104126,0,,,,
2025,003199,ALL,SEASON,Gannon Matthews,,1,1,1,0,0,0,1,0,0.290987388496,0.145383104126,0,0,1,0,-0.290987388496
2025,003199,CHA,STINT,Gannon Matthews,,1,1,1,0,0,0,1,0,0.290987388496,0.145383104126,0,0,1,0,-0.290987388496
2025,003206,ALL,SEASON,Greg Langermeier,SSDM,10,6,6,0,0,0,0,0,0.290987388496,0.145383104126,0,0,0,0,-1.74592433098
2025,003206,CHA,STINT,Greg Langermeier,SSDM,10,6,6,0,0,0,0,0,0.290987388496,0.145383104126,0,0,0,0,-1.74592433098
2025,003208,ALL,SEASON,Max Merklinger,A,2,4,3,1,0,0,2,2,0.290987388496,0.145383104126,0,0,0.5,0,-1.16372837374
2025,003208,ARC,STINT,Max Merklinger,A,2,4,3,1,0,0,2,2,0.290987388496,0.145383104126,0,0,0.5,0,-1.16372837374
2025,003209,ALL,SEASON,Michael Lampert,A,3,3,3,0,0,0,2,1,0.290987388496,0.145383104126,0,0,0.666666666667,0,-0.872962165488
2025,003209,WAT,STINT,Michael Lampert,A,3,3,3,0,0,0,2,1,0.290987388496,0.145383104126,0,0,0.666666666667,0,-0.872962165488
2025,003211,ALL,SEASON,Josh Balcarcel,M,12,24,22,2,7,0,21,2,0.290987388496,0.145383104126,7,0.291666666667,0.875,0.291666666667,0.0167450365884
2025,003211,RED,STINT,Josh Balcarcel,M,12,24,22,2,7,0,21,2,0.290987388496,0.145383104126,7,0.291666666667,0.875,0.291666666667,0.0167450365884
2025,003212,ALL,SEASON,Ray Dearth,SSDM,9,4,3,1,1,1,3,0,0.290987388496,0.145383104126,3,0.5,0.75,0.75,1.83627162626
2025,003212,CHA,STINT,Ray Dearth,SSDM,9,4,3,1,1,1,3,0,0.290987388496,0.145383104126,3,0.5,0.75,0.75,1.83627162626
2025,003220,ALL,SEASON,Dylan Renner,,1,0,0,0,0,0,0,0,0.290987388496,0.145383104126,0,,,,
2025,003220,ARC,STINT,Dylan Renner,,1,0,0,0,0,0,0,0,0.290987388496,0.145383104126,0,,,,
2026,000216,ALL,SEASON,Marcus Holman,A,14,95,69,26,24,6,65,5,0.291832934291,0.130208333333,36,0.315789473684,0.684210526316,0.378947368421,9.09269420059
2026,000216,CAN,STINT,Marcus Holman,A,14,95,69,26,24,6,65,5,0.291832934291,0.130208333333,36,0.315789473684,0.684210526316,0.378947368421,9.09269420059
2026,000221,ALL,SEASON,Ryan Ambler,M,13,29,28,1,4,0,14,0,0.291832934291,0.130208333333,4,0.137931034483,0.48275862069,0.137931034483,-4.43173882682
2026,000221,ARC,STINT,Ryan Ambler,M,13,29,28,1,4,0,14,0,0.291832934291,0.130208333333,4,0.137931034483,0.48275862069,0.137931034483,-4.43173882682
2026,000225,ALL,SEASON,Tom Schreiber,M,1,0,0,0,0,0,0,0,0.291832934291,0.130208333333,0,,,,
2026,000225,ARC,STINT,Tom Schreiber,M,1,0,0,0,0,0,0,0,0.291832934291,0.130208333333,0,,,,
2026,000240,ALL,SEASON,Kieran McArdle,A,14,52,52,0,13,0,33,4,0.291832934291,0.130208333333,13,0.25,0.634615384615,0.25,-2.17531258313
2026,000240,WAT,STINT,Kieran McArdle,A,14,52,52,0,13,0,33,4,0.291832934291,0.130208333333,13,0.25,0.634615384615,0.25,-2.17531258313
2026,000242,ALL,SEASON,Kyle Hartzell,LSM,3,3,1,2,0,0,2,0,0.291832934291,0.130208333333,0,0,0.666666666667,0,-0.812666267624
2026,000242,RED,STINT,Kyle Hartzell,LSM,3,3,1,2,0,0,2,0,0.291832934291,0.130208333333,0,0,0.666666666667,0,-0.812666267624
2026,000254,ALL,SEASON,Trevor Baptiste,FO,7,8,7,1,0,0,4,2,0.291832934291,0.130208333333,0,0,0.5,0,-2.3032472067
2026,000254,ATL,STINT,Trevor Baptiste,FO,7,8,7,1,0,0,4,2,0.291832934291,0.130208333333,0,0,0.5,0,-2.3032472067
2026,000258,ALL,SEASON,Blaze Riorden,G,11,2,0,2,0,0,1,0,0.291832934291,0.130208333333,0,0,0.5,0,-0.520833333333
2026,000258,CHA,STINT,Blaze Riorden,G,11,2,0,2,0,0,1,0,0.291832934291,0.130208333333,0,0,0.5,0,-0.520833333333
2026,000262,ALL,SEASON,Connor Fields,A,13,78,78,0,25,0,52,6,0.291832934291,0.130208333333,25,0.320512820513,0.666666666667,0.320512820513,2.2370311253
2026,000262,ARC,STINT,Connor Fields,A,13,78,78,0,25,0,52,6,0.291832934291,0.130208333333,25,0.320512820513,0.666666666667,0.320512820513,2.2370311253
2026,000269,ALL,SEASON,Jarrod Neumann,D,12,6,1,5,0,0,3,1,0.291832934291,0.130208333333,0,0,0.5,0,-1.59391626762
2026,000269,CHA,STINT,Jarrod Neumann,D,12,6,1,5,0,0,3,1,0.291832934291,0.130208333333,0,0,0.5,0,-1.59391626762
2026,000275,ALL,SEASON,Mark Glicini,SSDM,1,0,0,0,0,0,0,0,0.291832934291,0.130208333333,0,,,,
2026,000275,CHA,STINT,Mark Glicini,SSDM,1,0,0,0,0,0,0,0,0.291832934291,0.130208333333,0,,,,
2026,000281,ALL,SEASON,Troy Reh,LSM,12,1,0,1,0,0,1,0,0.291832934291,0.130208333333,0,0,1,0,-0.260416666667
2026,000281,CHA,STINT,Troy Reh,LSM,12,1,0,1,0,0,1,0,0.291832934291,0.130208333333,0,0,1,0,-0.260416666667
2026,000302,ALL,SEASON,Michael Manley,D,13,5,2,3,0,0,2,0,0.291832934291,0.130208333333,0,0,0.4,0,-1.36491586858
2026,000302,OUT,STINT,Michael Manley,D,13,5,2,3,0,0,2,0,0.291832934291,0.130208333333,0,0,0.4,0,-1.36491586858
2026,000305,ALL,SEASON,Romar Dennis,M,2,7,2,5,0,0,3,0,0.291832934291,0.130208333333,0,0,0.428571428571,0,-1.88574920192
2026,000305,RED,STINT,Romar Dennis,M,2,7,2,5,0,0,3,0,0.291832934291,0.130208333333,0,0,0.428571428571,0,-1.88574920192
2026,000339,ALL,SEASON,Connor Kelly,M,5,27,12,15,1,3,13,0,0.291832934291,0.130208333333,7,0.148148148148,0.481481481481,0.259259259259,-0.408245211492
2026,000339,WAT,STINT,Connor Kelly,M,5,27,12,15,1,3,13,0,0.291832934291,0.130208333333,7,0.148148148148,0.481481481481,0.259259259259,-0.408245211492
2026,000345,ALL,SEASON,Jake Bernhardt,SSDM,2,1,1,0,0,0,0,0,0.291832934291,0.130208333333,0,0,0,0,-0.291832934291
2026,000345,WHP,STINT,Jake Bernhardt,SSDM,2,1,1,0,0,0,0,0,0.291832934291,0.130208333333,0,0,0,0,-0.291832934291
2026,000354,ALL,SEASON,Matt Rambo,A,6,16,16,0,3,0,8,0,0.291832934291,0.130208333333,3,0.1875,0.5,0.1875,-1.66932694866
2026,000354,ATL,STINT,Matt Rambo,A,5,15,15,0,3,0,8,0,0.291832934291,0.130208333333,3,0.2,0.533333333333,0.2,-1.37749401437
2026,000354,WHP,STINT,Matt Rambo,,1,1,1,0,0,0,0,0,0.291832934291,0.130208333333,0,0,0,0,-0.291832934291
2026,000355,ALL,SEASON,Matthew Dunn,D,12,4,1,3,1,0,2,0,0.291832934291,0.130208333333,1,0.25,0.5,0.25,-0.073082934291
2026,000355,WHP,STINT,Matthew Dunn,D,12,4,1,3,1,0,2,0,0.291832934291,0.130208333333,1,0.25,0.5,0.25,-0.073082934291
2026,000359,ALL,SEASON,Tim Muller,D,13,0,0,0,0,0,0,0,0.291832934291,0.130208333333,0,,,,
2026,000359,WHP,STINT,Tim Muller,D,13,0,0,0,0,0,0,0,0.291832934291,0.130208333333,0,,,,
2026,000365,ALL,SEASON,Jack Rowlett,D,6,3,0,3,0,0,1,0,0.291832934291,0.130208333333,0,0,0.333333333333,0,-0.78125
2026,000365,CHA,STINT,Jack Rowlett,D,6,3,0,3,0,0,1,0,0.291832934291,0.130208333333,0,0,0.333333333333,0,-0.78125
2026,000366,ALL,SEASON,Connor Farrell,FO,5,1,1,0,0,0,1,0,0.291832934291,0.130208333333,0,0,1,0,-0.291832934291
2026,000366,WAT,STINT,Connor Farrell,FO,5,1,1,0,0,0,1,0,0.291832934291,0.130208333333,0,0,1,0,-0.291832934291
2026,000370,ALL,SEASON,Tim Troutner,G,2,0,0,0,0,0,0,0,0.291832934291,0.130208333333,0,,,,
2026,000370,WAT,STINT,Tim Troutner,G,2,0,0,0,0,0,0,0,0.291832934291,0.130208333333,0,,,,
2026,000373,ALL,SEASON,Ryder Garnsey,M,11,50,49,1,18,0,35,2,0.291832934291,0.130208333333,18,0.36,0.7,0.36,3.43976955307
2026,000373,RED,STINT,Ryder Garnsey,M,11,50,49,1,18,0,35,2,0.291832934291,0.130208333333,18,0.36,0.7,0.36,3.43976955307
2026,000390,ALL,SEASON,Brad Smith,M,2,5,1,4,0,1,3,0,0.291832934291,0.130208333333,2,0.2,0.6,0.4,0.666500399042
2026,000390,WHP,STINT,Brad Smith,M,2,5,1,4,0,1,3,0,0.291832934291,0.130208333333,2,0.2,0.6,0.4,0.666500399042
2026,000395,ALL,SEASON,Bryan Costabile,M,11,62,33,29,10,7,39,3,0.291832934291,0.130208333333,24,0.274193548387,0.629032258065,0.387096774194,6.81742983506
2026,000395,ATL,STINT,Bryan Costabile,M,11,62,33,29,10,7,39,3,0.291832934291,0.130208333333,24,0.274193548387,0.629032258065,0.387096774194,6.81742983506
2026,000408,ALL,SEASON,Matt DeLuca,G,10,2,0,2,0,0,0,0,0.291832934291,0.130208333333,0,0,0,0,-0.520833333333
2026,000408,WAT,STINT,Matt DeLuca,G,10,2,0,2,0,0,0,0,0.291832934291,0.130208333333,0,0,0,0,-0.520833333333
2026,000409,ALL,SEASON,Zach Currier,SSDM,13,13,11,2,4,0,10,1,0.291832934291,0.130208333333,4,0.307692307692,0.769230769231,0.307692307692,0.269004389465
2026,000409,WAT,STINT,Zach Currier,SSDM,13,13,11,2,4,0,10,1,0.291832934291,0.130208333333,4,0.307692307692,0.769230769231,0.307692307692,0.269004389465
2026,000410,ALL,SEASON,Eli Gobrecht,SSDM,10,4,4,0,2,0,2,0,0.291832934291,0.130208333333,2,0.5,0.5,0.5,0.832668262836
2026,000410,ATL,STINT,Eli Gobrecht,SSDM,10,4,4,0,2,0,2,0,0.291832934291,0.130208333333,2,0.5,0.5,0.5,0.832668262836
2026,000414,ALL,SEASON,Rob Pannell,A,13,74,73,1,16,0,41,3,0.291832934291,0.130208333333,16,0.216216216216,0.554054054054,0.216216216216,-5.56422086991
2026,000414,WHP,STINT,Rob Pannell,A,13,74,73,1,16,0,41,3,0.291832934291,0.130208333333,16,0.216216216216,0.554054054054,0.216216216216,-5.56422086991
2026,000418,ALL,SEASON,Dillon Ward,G,13,1,0,1,0,0,1,0,0.291832934291,0.130208333333,0,0,1,0,-0.260416666667
2026,000418,RED,STINT,Dillon Ward,G,13,1,0,1,0,0,1,0,0.291832934291,0.130208333333,0,0,1,0,-0.260416666667
2026,000419,ALL,SEASON,Zed Williams,M,2,5,3,2,0,1,4,0,0.291832934291,0.130208333333,2,0.2,0.8,0.4,0.603667863794
2026,000419,WAT,STINT,Zed Williams,M,2,5,3,2,0,1,4,0,0.291832934291,0.130208333333,2,0.2,0.8,0.4,0.603667863794
2026,000815,ALL,SEASON,Austin Kaut,G,4,2,0,2,0,0,1,0,0.291832934291,0.130208333333,0,0,0.5,0,-0.520833333333
2026,000815,CHA,STINT,Austin Kaut,G,4,2,0,2,0,0,1,0,0.291832934291,0.130208333333,0,0,0.5,0,-0.520833333333
2026,000925,ALL,SEASON,Liam Byrnes,D,5,0,0,0,0,0,0,0,0.291832934291,0.130208333333,0,,,,
2026,000925,CHA,STINT,Liam Byrnes,D,5,0,0,0,0,0,0,0,0.291832934291,0.130208333333,0,,,,
2026,000978,ALL,SEASON,Kyle Jackson,M,1,1,1,0,0,0,1,0,0.291832934291,0.130208333333,0,0,1,0,-0.291832934291
2026,000978,ATL,STINT,Kyle Jackson,M,1,1,1,0,0,0,1,0,0.291832934291,0.130208333333,0,0,1,0,-0.291832934291
2026,001001,ALL,SEASON,Dylan Molloy,A,13,98,94,4,31,0,60,4,0.291832934291,0.130208333333,31,0.316326530612,0.612244897959,0.316326530612,2.52603750998
2026,001001,RED,STINT,Dylan Molloy,A,13,98,94,4,31,0,60,4,0.291832934291,0.130208333333,31,0.316326530612,0.612244897959,0.316326530612,2.52603750998
2026,001009,ALL,SEASON,Colin Heacock,M,13,38,35,3,10,0,24,5,0.291832934291,0.130208333333,10,0.263157894737,0.631578947368,0.263157894737,-0.995402700186
2026,001009,WHP,STINT,Colin Heacock,M,13,38,35,3,10,0,24,5,0.291832934291,0.130208333333,10,0.263157894737,0.631578947368,0.263157894737,-0.995402700186
2026,001391,ALL,SEASON,Mikie Schlosser,M,1,1,1,0,0,0,0,0,0.291832934291,0.130208333333,0,0,0,0,-0.291832934291
2026,001391,OUT,STINT,Mikie Schlosser,M,1,1,1,0,0,0,0,0,0.291832934291,0.130208333333,0,0,0,0,-0.291832934291
2026,001397,ALL,SEASON,Michael Rexrode,D,12,2,0,2,0,0,0,0,0.291832934291,0.130208333333,0,0,0,0,-0.520833333333
2026,001397,ATL,STINT,Michael Rexrode,D,12,2,0,2,0,0,0,0,0.291832934291,0.130208333333,0,0,0,0,-0.520833333333
2026,001406,ALL,SEASON,Ben Randall,D,13,1,1,0,0,0,1,0,0.291832934291,0.130208333333,0,0,1,0,-0.291832934291
2026,001406,OUT,STINT,Ben Randall,D,13,1,1,0,0,0,1,0,0.291832934291,0.130208333333,0,0,1,0,-0.291832934291
2026,001415,ALL,SEASON,Greg Weyl,LSM,12,4,2,2,0,0,0,0,0.291832934291,0.130208333333,0,0,0,0,-1.10449920192
2026,001415,OUT,STINT,Greg Weyl,LSM,12,4,2,2,0,0,0,0,0.291832934291,0.130208333333,0,0,0,0,-1.10449920192
2026,001661,ALL,SEASON,Warren Jeffrey,D,11,0,0,0,0,0,0,0,0.291832934291,0.130208333333,0,,,,
2026,001661,ARC,STINT,Warren Jeffrey,D,11,0,0,0,0,0,0,0,0.291832934291,0.130208333333,0,,,,
2026,001671,ALL,SEASON,Zach Goodrich,SSDM,14,1,1,0,0,0,0,0,0.291832934291,0.130208333333,0,0,0,0,-0.291832934291
2026,001671,CAN,STINT,Zach Goodrich,SSDM,14,1,1,0,0,0,0,0,0.291832934291,0.130208333333,0,0,0,0,-0.291832934291
2026,001707,ALL,SEASON,Matt Whitcher,SSDM,13,9,7,2,2,0,6,1,0.291832934291,0.130208333333,2,0.222222222222,0.666666666667,0.222222222222,-0.563663873371
2026,001707,WAT,STINT,Matt Whitcher,SSDM,13,9,7,2,2,0,6,1,0.291832934291,0.130208333333,2,0.222222222222,0.666666666667,0.222222222222,-0.563663873371
2026,001729,ALL,SEASON,Chris Aslanian,M,5,14,8,6,2,1,10,0,0.291832934291,0.130208333333,4,0.214285714286,0.714285714286,0.285714285714,0.102836525672
2026,001729,CHA,STINT,Chris Aslanian,M,5,14,8,6,2,1,10,0,0.291832934291,0.130208333333,4,0.214285714286,0.714285714286,0.285714285714,0.102836525672
2026,001733,ALL,SEASON,Charlie Hayes,SSDM,12,0,0,0,0,0,0,0,0.291832934291,0.130208333333,0,,,,
2026,001733,WAT,STINT,Charlie Hayes,SSDM,12,0,0,0,0,0,0,0,0.291832934291,0.130208333333,0,,,,
2026,001773,ALL,SEASON,Nick Washuta,G,3,0,0,0,0,0,0,0,0.291832934291,0.130208333333,0,,,,
2026,001773,ARC,STINT,Nick Washuta,G,3,0,0,0,0,0,0,0,0.291832934291,0.130208333333,0,,,,
2026,001795,ALL,SEASON,Christian Scarpello,SSDM,11,4,4,0,1,0,2,0,0.291832934291,0.130208333333,1,0.25,0.5,0.25,-0.167331737164
2026,001795,CHA,STINT,Christian Scarpello,SSDM,11,4,4,0,1,0,2,0,0.291832934291,0.130208333333,1,0.25,0.5,0.25,-0.167331737164
2026,001810,ALL,SEASON,Michael Sowers,A,14,88,88,0,33,0,70,9,0.291832934291,0.130208333333,33,0.375,0.795454545455,0.375,7.31870178239
2026,001810,WAT,STINT,Michael Sowers,A,14,88,88,0,33,0,70,9,0.291832934291,0.130208333333,33,0.375,0.795454545455,0.375,7.31870178239
2026,001811,ALL,SEASON,JT Giles-Harris,D,14,1,0,1,0,0,0,0,0.291832934291,0.130208333333,0,0,0,0,-0.260416666667
2026,001811,OUT,STINT,JT Giles-Harris,D,14,1,0,1,0,0,0,0,0.291832934291,0.130208333333,0,0,0,0,-0.260416666667
2026,001812,ALL,SEASON,TD Ierlan,FO,13,14,12,2,2,0,7,0,0.291832934291,0.130208333333,2,0.142857142857,0.5,0.142857142857,-2.02282854483
2026,001812,RED,STINT,TD Ierlan,FO,13,14,12,2,2,0,7,0,0.291832934291,0.130208333333,2,0.142857142857,0.5,0.142857142857,-2.02282854483
2026,001813,ALL,SEASON,Jared Conners,LSM,13,20,6,14,2,1,8,0,0.291832934291,0.130208333333,4,0.15,0.4,0.2,-1.39683093908
2026,001813,RED,STINT,Jared Conners,LSM,13,20,6,14,2,1,8,0,0.291832934291,0.130208333333,4,0.15,0.4,0.2,-1.39683093908
2026,001814,ALL,SEASON,Mac O'Keefe,A,13,75,63,12,19,3,45,2,0.291832934291,0.130208333333,25,0.293333333333,0.6,0.333333333333,3.48952513966
2026,001814,ARC,STINT,Mac O'Keefe,A,13,75,63,12,19,3,45,2,0.291832934291,0.130208333333,25,0.293333333333,0.6,0.333333333333,3.48952513966
2026,001815,ALL,SEASON,Connor Kirst,M,13,18,12,6,5,0,9,0,0.291832934291,0.130208333333,5,0.277777777778,0.5,0.277777777778,-0.0644952114924
2026,001815,CAN,STINT,Connor Kirst,M,13,18,12,6,5,0,9,0,0.291832934291,0.130208333333,5,0.277777777778,0.5,0.277777777778,-0.0644952114924
2026,001816,ALL,SEASON,Dox Aitken,M,1,2,2,0,1,0,2,0,0.291832934291,0.130208333333,1,0.5,1,0.5,0.416334131418
2026,001816,WAT,STINT,Dox Aitken,M,1,2,2,0,1,0,2,0,0.291832934291,0.130208333333,1,0.5,1,0.5,0.416334131418
2026,001817,ALL,SEASON,Jack Kielty,D,14,0,0,0,0,0,0,0,0.291832934291,0.130208333333,0,,,,
2026,001817,CAN,STINT,Jack Kielty,D,14,0,0,0,0,0,0,0,0.291832934291,0.130208333333,0,,,,
2026,001819,ALL,SEASON,Danny Logan,SSDM,9,5,3,2,1,0,4,1,0.291832934291,0.130208333333,1,0.2,0.8,0.2,-0.396332136206
2026,001819,ATL,STINT,Danny Logan,SSDM,9,5,3,2,1,0,4,1,0.291832934291,0.130208333333,1,0.2,0.8,0.2,-0.396332136206
2026,001820,ALL,SEASON,Ryan Terefenko,SSDM,13,15,12,3,3,1,12,0,0.291832934291,0.130208333333,5,0.266666666667,0.8,0.333333333333,0.716754788508
2026,001820,OUT,STINT,Ryan Terefenko,SSDM,13,15,12,3,3,1,12,0,0.291832934291,0.130208333333,5,0.266666666667,0.8,0.333333333333,0.716754788508
2026,001821,ALL,SEASON,Tre Leclaire,M,11,56,37,19,14,3,32,2,0.291832934291,0.130208333333,20,0.303571428571,0.571428571429,0.357142857143,4.25426476457
2026,001821,ARC,STINT,Tre Leclaire,M,11,56,37,19,14,3,32,2,0.291832934291,0.130208333333,20,0.303571428571,0.571428571429,0.357142857143,4.25426476457
2026,001826,ALL,SEASON,Jeff Trainor,SSDM,12,12,8,4,3,2,8,0,0.291832934291,0.130208333333,7,0.416666666667,0.666666666667,0.583333333333,3.62366985901
2026,001826,CAN,STINT,Jeff Trainor,SSDM,12,12,8,4,3,2,8,0,0.291832934291,0.130208333333,7,0.416666666667,0.666666666667,0.583333333333,3.62366985901
2026,001827,ALL,SEASON,Jared Bernhardt,A,11,62,60,2,19,0,42,2,0.291832934291,0.130208333333,19,0.306451612903,0.677419354839,0.306451612903,0.969190609205
2026,001827,OUT,STINT,Jared Bernhardt,A,11,62,60,2,19,0,42,2,0.291832934291,0.130208333333,19,0.306451612903,0.677419354839,0.306451612903,0.969190609205
2026,001828,ALL,SEASON,Justin Anderson,M,15,39,36,3,10,1,29,2,0.291832934291,0.130208333333,12,0.282051282051,0.74358974359,0.307692307692,0.712764365523
2026,001828,OUT,STINT,Justin Anderson,M,15,39,36,3,10,1,29,2,0.291832934291,0.130208333333,12,0.282051282051,0.74358974359,0.307692307692,0.712764365523
2026,001839,ALL,SEASON,Nick Grill,LSM,1,0,0,0,0,0,0,0,0.291832934291,0.130208333333,0,,,,
2026,001839,OUT,STINT,Nick Grill,LSM,1,0,0,0,0,0,0,0,0.291832934291,0.130208333333,0,,,,
2026,001843,ALL,SEASON,Cole Williams,M,2,7,7,0,1,0,3,0,0.291832934291,0.130208333333,1,0.142857142857,0.428571428571,0.142857142857,-1.04283054004
2026,001843,ATL,STINT,Cole Williams,M,1,6,6,0,1,0,3,0,0.291832934291,0.130208333333,1,0.166666666667,0.5,0.166666666667,-0.750997605746
2026,001843,CHA,STINT,Cole Williams,M,1,1,1,0,0,0,0,0,0.291832934291,0.130208333333,0,0,0,0,-0.291832934291
2026,001846,ALL,SEASON,Adam Charalambides,A,1,5,5,0,0,0,5,0,0.291832934291,0.130208333333,0,0,1,0,-1.45916467146
2026,001846,CHA,STINT,Adam Charalambides,A,1,5,5,0,0,0,5,0,0.291832934291,0.130208333333,0,0,1,0,-1.45916467146
2026,002006,ALL,SEASON,Reid Bowering,A,11,42,42,0,15,0,33,3,0.291832934291,0.130208333333,15,0.357142857143,0.785714285714,0.357142857143,2.74301675978
2026,002006,ATL,STINT,Reid Bowering,A,11,42,42,0,15,0,33,3,0.291832934291,0.130208333333,15,0.357142857143,0.785714285714,0.357142857143,2.74301675978
2026,002015,ALL,SEASON,Logan Wisnauskas,A,15,51,49,2,25,0,37,1,0.291832934291,0.130208333333,25,0.490196078431,0.725490196078,0.490196078431,10.1793528864
2026,002015,OUT,STINT,Logan Wisnauskas,A,15,51,49,2,25,0,37,1,0.291832934291,0.130208333333,25,0.490196078431,0.725490196078,0.490196078431,10.1793528864
2026,002017,ALL,SEASON,Arden Cohen,LSM,1,0,0,0,0,0,0,0,0.291832934291,0.130208333333,0,,,,
2026,002017,RED,STINT,Arden Cohen,LSM,1,0,0,0,0,0,0,0,0.291832934291,0.130208333333,0,,,,
2026,002022,ALL,SEASON,Zach Geddes,SSDM,15,20,14,6,4,1,10,1,0.291832934291,0.130208333333,6,0.25,0.5,0.3,0.351838919926
2026,002022,OUT,STINT,Zach Geddes,SSDM,15,20,14,6,4,1,10,1,0.291832934291,0.130208333333,6,0.25,0.5,0.3,0.351838919926
2026,002023,ALL,SEASON,Brendan Nichtern,A,6,24,24,0,8,0,16,1,0.291832934291,0.130208333333,8,0.333333333333,0.666666666667,0.333333333333,0.996009577015
2026,002023,CHA,STINT,Brendan Nichtern,A,6,24,24,0,8,0,16,1,0.291832934291,0.130208333333,8,0.333333333333,0.666666666667,0.333333333333,0.996009577015
2026,002024,ALL,SEASON,Asher Nolting,A,1,0,0,0,0,0,0,0,0.291832934291,0.130208333333,0,,,,
2026,002024,CAN,STINT,Asher Nolting,A,1,0,0,0,0,0,0,0,0.291832934291,0.130208333333,0,,,,
2026,002026,ALL,SEASON,Brett Dobson,G,11,5,0,5,0,0,1,0,0.291832934291,0.130208333333,0,0,0.2,0,-1.30208333333
2026,002026,ARC,STINT,Brett Dobson,G,11,5,0,5,0,0,1,0,0.291832934291,0.130208333333,0,0,0.2,0,-1.30208333333
2026,002028,ALL,SEASON,Jack Hannah,M,10,57,53,4,11,0,26,2,0.291832934291,0.130208333333,11,0.19298245614,0.456140350877,0.19298245614,-5.50881218409
2026,002028,WAT,STINT,Jack Hannah,M,10,57,53,4,11,0,26,2,0.291832934291,0.130208333333,11,0.19298245614,0.456140350877,0.19298245614,-5.50881218409
2026,002030,ALL,SEASON,Jonathan Donville,M,3,3,3,0,1,0,2,0,0.291832934291,0.130208333333,1,0.333333333333,0.666666666667,0.333333333333,0.124501197127
2026,002030,OUT,STINT,Jonathan Donville,M,3,3,3,0,1,0,2,0,0.291832934291,0.130208333333,1,0.333333333333,0.666666666667,0.333333333333,0.124501197127
2026,002032,ALL,SEASON,Justin Inacio,FO,9,6,5,1,0,0,1,0,0.291832934291,0.130208333333,0,0,0.166666666667,0,-1.71958133812
2026,002032,CHA,STINT,Justin Inacio,FO,9,6,5,1,0,0,1,0,0.291832934291,0.130208333333,0,0,0.166666666667,0,-1.71958133812
2026,002033,ALL,SEASON,Nakeie Montgomery,SSDM,1,1,1,0,0,0,1,0,0.291832934291,0.130208333333,0,0,1,0,-0.291832934291
2026,002033,WAT,STINT,Nakeie Montgomery,SSDM,1,1,1,0,0,0,1,0,0.291832934291,0.130208333333,0,0,1,0,-0.291832934291
2026,002038,ALL,SEASON,Colin Kirst,G,12,1,0,1,0,0,1,0,0.291832934291,0.130208333333,0,0,1,0,-0.260416666667
2026,002038,CAN,STINT,Colin Kirst,G,12,1,0,1,0,0,1,0,0.291832934291,0.130208333333,0,0,1,0,-0.260416666667
2026,002039,ALL,SEASON,Owen McElroy,G,4,0,0,0,0,0,0,0,0.291832934291,0.130208333333,0,,,,
2026,002039,OUT,STINT,Owen McElroy,G,4,0,0,0,0,0,0,0,0.291832934291,0.130208333333,0,,,,
2026,002042,ALL,SEASON,Jon Robbins,LSM,10,2,1,1,0,0,1,0,0.291832934291,0.130208333333,0,0,0.5,0,-0.552249600958
2026,002042,ATL,STINT,Jon Robbins,LSM,10,2,1,1,0,0,1,0,0.291832934291,0.130208333333,0,0,0.5,0,-0.552249600958
2026,002054,ALL,SEASON,Chris Merle,SSDM,10,5,5,0,1,0,3,0,0.291832934291,0.130208333333,1,0.2,0.6,0.2,-0.459164671455
2026,002054,RED,STINT,Chris Merle,SSDM,10,5,5,0,1,0,3,0,0.291832934291,0.130208333333,1,0.2,0.6,0.2,-0.459164671455
2026,002067,ALL,SEASON,Zac Tucci,FO,4,2,1,1,0,1,2,0,0.291832934291,0.130208333333,2,0.5,1,1,1.44775039904
2026,002067,ATL,STINT,Zac Tucci,FO,1,0,0,0,0,0,0,0,0.291832934291,0.130208333333,0,,,,
2026,002067,CAN,STINT,Zac Tucci,FO,3,2,1,1,0,1,2,0,0.291832934291,0.130208333333,2,0.5,1,1,1.44775039904
2026,002074,ALL,SEASON,Alexander Smith,SSDM,6,0,0,0,0,0,0,0,0.291832934291,0.130208333333,0,,,,
2026,002074,OUT,STINT,Alexander Smith,SSDM,6,0,0,0,0,0,0,0,0.291832934291,0.130208333333,0,,,,
2026,003004,ALL,SEASON,Mike Sisselberger,FO,13,9,9,0,1,0,3,0,0.291832934291,0.130208333333,1,0.111111111111,0.333333333333,0.111111111111,-1.62649640862
2026,003004,ARC,STINT,Mike Sisselberger,FO,13,9,9,0,1,0,3,0,0.291832934291,0.130208333333,1,0.111111111111,0.333333333333,0.111111111111,-1.62649640862
2026,003005,ALL,SEASON,Connor Maher,SSDM,13,6,6,0,1,0,3,0,0.291832934291,0.130208333333,1,0.166666666667,0.5,0.166666666667,-0.750997605746
2026,003005,ARC,STINT,Connor Maher,SSDM,13,6,6,0,1,0,3,0,0.291832934291,0.130208333333,1,0.166666666667,0.5,0.166666666667,-0.750997605746
2026,003006,ALL,SEASON,Piper Bond,SSDM,13,10,8,2,3,1,8,0,0.291832934291,0.130208333333,5,0.4,0.8,0.5,2.14450319234
2026,003006,ARC,STINT,Piper Bond,SSDM,13,10,8,2,3,1,8,0,0.291832934291,0.130208333333,5,0.4,0.8,0.5,2.14450319234
2026,003007,ALL,SEASON,Cam Wyers,D,12,1,0,1,0,0,0,0,0.291832934291,0.130208333333,0,0,0,0,-0.260416666667
2026,003007,ARC,STINT,Cam Wyers,D,12,1,0,1,0,0,0,0,0.291832934291,0.130208333333,0,0,0,0,-0.260416666667
2026,003008,ALL,SEASON,Gavin Adler,D,13,1,0,1,0,0,0,0,0.291832934291,0.130208333333,0,0,0,0,-0.260416666667
2026,003008,WAT,STINT,Gavin Adler,D,13,1,0,1,0,0,0,0,0.291832934291,0.130208333333,0,0,0,0,-0.260416666667
2026,003009,ALL,SEASON,Brett Makar,D,12,8,1,7,0,2,4,0,0.291832934291,0.130208333333,4,0.25,0.5,0.5,1.88525039904
2026,003009,ATL,STINT,Brett Makar,D,12,8,1,7,0,2,4,0,0.291832934291,0.130208333333,4,0.25,0.5,0.5,1.88525039904
2026,003010,ALL,SEASON,Xander Dickson,A,12,65,64,1,20,0,47,2,0.291832934291,0.130208333333,20,0.307692307692,0.723076923077,0.307692307692,1.06227553871
2026,003010,ATL,STINT,Xander Dickson,A,12,65,64,1,20,0,47,2,0.291832934291,0.130208333333,20,0.307692307692,0.723076923077,0.307692307692,1.06227553871
2026,003013,ALL,SEASON,Matt Campbell,M,6,29,23,6,4,1,16,1,0.291832934291,0.130208333333,6,0.172413793103,0.551724137931,0.206896551724,-2.27465748869
2026,003013,CAN,STINT,Matt Campbell,M,6,29,23,6,4,1,16,1,0.291832934291,0.130208333333,6,0.172413793103,0.551724137931,0.206896551724,-2.27465748869
2026,003017,ALL,SEASON,Tye Kurtz,M,2,5,5,0,1,0,2,0,0.291832934291,0.130208333333,1,0.2,0.4,0.2,-0.459164671455
2026,003017,CAN,STINT,Tye Kurtz,M,2,5,5,0,1,0,2,0,0.291832934291,0.130208333333,1,0.2,0.4,0.2,-0.459164671455
2026,003018,ALL,SEASON,Nick Rowlett,FO,1,0,0,0,0,0,0,0,0.291832934291,0.130208333333,0,,,,
2026,003018,CHA,STINT,Nick Rowlett,FO,1,0,0,0,0,0,0,0,0.291832934291,0.130208333333,0,,,,
2026,003023,ALL,SEASON,Owen Grant,D,14,11,3,8,1,0,4,0,0.291832934291,0.130208333333,1,0.0909090909091,0.363636363636,0.0909090909091,-1.95883213621
2026,003023,CAN,STINT,Owen Grant,D,14,11,3,8,1,0,4,0,0.291832934291,0.130208333333,1,0.0909090909091,0.363636363636,0.0909090909091,-1.95883213621
2026,003024,ALL,SEASON,Brian Tevlin,SSDM,13,18,13,5,8,0,14,0,0.291832934291,0.130208333333,8,0.444444444444,0.777777777778,0.444444444444,2.90408852088
2026,003024,RED,STINT,Brian Tevlin,SSDM,13,18,13,5,8,0,14,0,0.291832934291,0.130208333333,8,0.444444444444,0.777777777778,0.444444444444,2.90408852088
2026,003027,ALL,SEASON,Thomas McConvey,M,4,12,12,0,3,0,7,0,0.291832934291,0.130208333333,3,0.25,0.583333333333,0.25,-0.501995211492
2026,003027,WAT,STINT,Thomas McConvey,M,4,12,12,0,3,0,7,0,0.291832934291,0.130208333333,3,0.25,0.583333333333,0.25,-0.501995211492
2026,003029,ALL,SEASON,Chris Fake,D,9,1,1,0,0,0,0,0,0.291832934291,0.130208333333,0,0,0,0,-0.291832934291
2026,003029,RED,STINT,Chris Fake,D,9,1,1,0,0,0,0,0,0.291832934291,0.130208333333,0,0,0,0,-0.291832934291
2026,003032,ALL,SEASON,Petey LaSalla,FO,10,9,9,0,6,0,7,0,0.291832934291,0.130208333333,6,0.666666666667,0.777777777778,0.666666666667,3.37350359138
2026,003032,WHP,STINT,Petey LaSalla,FO,10,9,9,0,6,0,7,0,0.291832934291,0.130208333333,6,0.666666666667,0.777777777778,0.666666666667,3.37350359138
2026,003039,ALL,SEASON,Chet Comizio,SSDM,1,0,0,0,0,0,0,0,0.291832934291,0.130208333333,0,,,,
2026,003039,ATL,STINT,Chet Comizio,SSDM,1,0,0,0,0,0,0,0,0.291832934291,0.130208333333,0,,,,
2026,003041,ALL,SEASON,Ethan Rall,LSM,14,7,3,4,2,0,6,0,0.291832934291,0.130208333333,2,0.285714285714,0.857142857143,0.285714285714,0.0828345304602
2026,003041,CAN,STINT,Ethan Rall,LSM,14,7,3,4,2,0,6,0,0.291832934291,0.130208333333,2,0.285714285714,0.857142857143,0.285714285714,0.0828345304602
2026,003044,ALL,SEASON,Tate Gallagher,,1,0,0,0,0,0,0,0,0.291832934291,0.130208333333,0,,,,
2026,003044,WAT,STINT,Tate Gallagher,,1,0,0,0,0,0,0,0,0.291832934291,0.130208333333,0,,,,
2026,003048,ALL,SEASON,TJ Malone,A,13,82,81,1,24,0,61,2,0.291832934291,0.130208333333,24,0.292682926829,0.743902439024,0.292682926829,0.10111565576
2026,003048,WHP,STINT,TJ Malone,A,13,82,81,1,24,0,61,2,0.291832934291,0.130208333333,24,0.292682926829,0.743902439024,0.292682926829,0.10111565576
2026,003059,ALL,SEASON,BJ Farrare,LSM,12,0,0,0,0,0,0,0,0.291832934291,0.130208333333,0,,,,
2026,003059,RED,STINT,BJ Farrare,LSM,12,0,0,0,0,0,0,0,0.291832934291,0.130208333333,0,,,,
2026,003075,ALL,SEASON,Brennan O'Neill,A,14,110,93,17,17,3,58,3,0.291832934291,0.130208333333,23,0.181818181818,0.527272727273,0.209090909091,-8.5675462224
2026,003075,OUT,STINT,Brennan O'Neill,A,14,110,93,17,17,3,58,3,0.291832934291,0.130208333333,23,0.181818181818,0.527272727273,0.209090909091,-8.5675462224
2026,003076,ALL,SEASON,Connor Shellenberger,A,10,32,31,1,9,0,25,3,0.291832934291,0.130208333333,9,0.28125,0.78125,0.28125,-0.307237629689
2026,003076,ATL,STINT,Connor Shellenberger,A,10,32,31,1,9,0,25,3,0.291832934291,0.130208333333,9,0.28125,0.78125,0.28125,-0.307237629689
2026,003077,ALL,SEASON,Ajax Zappitello,D,13,7,3,4,0,1,4,1,0.291832934291,0.130208333333,2,0.142857142857,0.571428571429,0.285714285714,0.0828345304602
2026,003077,WHP,STINT,Ajax Zappitello,D,13,7,3,4,0,1,4,1,0.291832934291,0.130208333333,2,0.142857142857,0.571428571429,0.285714285714,0.0828345304602
2026,003078,ALL,SEASON,Shane Knobloch,M,12,72,63,9,14,0,44,3,0.291832934291,0.130208333333,14,0.194444444444,0.611111111111,0.194444444444,-6.72922486034
2026,003078,CHA,STINT,Shane Knobloch,M,12,72,63,9,14,0,44,3,0.291832934291,0.130208333333,14,0.194444444444,0.611111111111,0.194444444444,-6.72922486034
2026,003079,ALL,SEASON,Liam Entenmann,G,12,1,0,1,0,0,0,0,0.291832934291,0.130208333333,0,0,0,0,-0.260416666667
2026,003079,ATL,STINT,Liam Entenmann,G,12,1,0,1,0,0,0,0,0.291832934291,0.130208333333,0,0,0,0,-0.260416666667
2026,003080,ALL,SEASON,Pat Kavanagh,A,9,45,37,8,14,2,30,0,0.291832934291,0.130208333333,18,0.355555555556,0.666666666667,0.4,5.1188480979
2026,003080,OUT,STINT,Pat Kavanagh,A,9,45,37,8,14,2,30,0,0.291832934291,0.130208333333,18,0.355555555556,0.666666666667,0.4,5.1188480979
2026,003081,ALL,SEASON,Matt Brandau,M,12,58,55,3,12,0,43,6,0.291832934291,0.130208333333,12,0.206896551724,0.741379310345,0.206896551724,-4.83206138601
2026,003081,WHP,STINT,Matt Brandau,M,12,58,55,3,12,0,43,6,0.291832934291,0.130208333333,12,0.206896551724,0.741379310345,0.206896551724,-4.83206138601
2026,003082,ALL,SEASON,Mason Woodward,D,13,15,1,14,0,0,6,2,0.291832934291,0.130208333333,0,0,0.4,0,-3.93766626762
2026,003082,ARC,STINT,Mason Woodward,D,13,15,1,14,0,0,6,2,0.291832934291,0.130208333333,0,0,0.4,0,-3.93766626762
2026,003083,ALL,SEASON,Jake Piseno,LSM,15,19,6,13,2,3,10,1,0.291832934291,0.130208333333,8,0.263157894737,0.526315789474,0.421052631579,2.86358572759
2026,003083,OUT,STINT,Jake Piseno,LSM,15,19,6,13,2,3,10,1,0.291832934291,0.130208333333,8,0.263157894737,0.526315789474,0.421052631579,2.86358572759
2026,003084,ALL,SEASON,Jake Stevens,M,7,15,14,1,1,0,9,0,0.291832934291,0.130208333333,1,0.0666666666667,0.6,0.0666666666667,-3.34607774674
2026,003084,ATL,STINT,Jake Stevens,M,7,15,14,1,1,0,9,0,0.291832934291,0.130208333333,1,0.0666666666667,0.6,0.0666666666667,-3.34607774674
2026,003085,ALL,SEASON,Graham Bundy,M,15,53,28,25,5,5,34,2,0.291832934291,0.130208333333,15,0.188679245283,0.641509433962,0.283018867925,0.318261173184
2026,003085,OUT,STINT,Graham Bundy,M,15,53,28,25,5,5,34,2,0.291832934291,0.130208333333,15,0.188679245283,0.641509433962,0.283018867925,0.318261173184
2026,003087,ALL,SEASON,Beau Pederson,SSDM,13,7,6,1,5,0,6,0,0.291832934291,0.130208333333,5,0.714285714286,0.857142857143,0.714285714286,2.98858572759
2026,003087,ARC,STINT,Beau Pederson,SSDM,13,7,6,1,5,0,6,0,0.291832934291,0.130208333333,5,0.714285714286,0.857142857143,0.714285714286,2.98858572759
2026,003089,ALL,SEASON,Kenny Brower,D,14,2,1,1,0,0,1,0,0.291832934291,0.130208333333,0,0,0.5,0,-0.552249600958
2026,003089,WAT,STINT,Kenny Brower,D,14,2,1,1,0,0,1,0,0.291832934291,0.130208333333,0,0,0.5,0,-0.552249600958
2026,003090,ALL,SEASON,Dyson Williams,M,1,4,4,0,0,0,3,0,0.291832934291,0.130208333333,0,0,0.75,0,-1.16733173716
2026,003090,ARC,STINT,Dyson Williams,M,1,4,4,0,0,0,3,0,0.291832934291,0.130208333333,0,0,0.75,0,-1.16733173716
2026,003091,ALL,SEASON,Garrett Degnon,M,1,4,2,2,0,0,2,0,0.291832934291,0.130208333333,0,0,0.5,0,-1.10449920192
2026,003091,WHP,STINT,Garrett Degnon,M,1,4,2,2,0,0,2,0,0.291832934291,0.130208333333,0,0,0.5,0,-1.10449920192
2026,003093,ALL,SEASON,Ross Scott,M,12,40,40,0,17,0,30,1,0.291832934291,0.130208333333,17,0.425,0.75,0.425,5.32668262836
2026,003093,CHA,STINT,Ross Scott,M,12,40,40,0,17,0,30,1,0.291832934291,0.130208333333,17,0.425,0.75,0.425,5.32668262836
2026,003094,ALL,SEASON,Levi Anderson,M,9,35,32,3,6,2,19,2,0.291832934291,0.130208333333,10,0.228571428571,0.542857142857,0.285714285714,-0.119903897313
2026,003094,ATL,STINT,Levi Anderson,M,9,35,32,3,6,2,19,2,0.291832934291,0.130208333333,10,0.228571428571,0.542857142857,0.285714285714,-0.119903897313
2026,003096,ALL,SEASON,Marcus Hudgins,D,14,1,1,0,0,0,1,0,0.291832934291,0.130208333333,0,0,1,0,-0.291832934291
2026,003096,WAT,STINT,Marcus Hudgins,D,14,1,1,0,0,0,1,0,0.291832934291,0.130208333333,0,0,1,0,-0.291832934291
2026,003098,ALL,SEASON,Luke Wierman,FO,15,22,17,5,4,0,11,0,0.291832934291,0.130208333333,4,0.181818181818,0.5,0.181818181818,-2.26324321628
2026,003098,OUT,STINT,Luke Wierman,FO,15,22,17,5,4,0,11,0,0.291832934291,0.130208333333,4,0.181818181818,0.5,0.181818181818,-2.26324321628
2026,003099,ALL,SEASON,Tyler Carpenter,LSM,12,4,2,2,1,0,3,0,0.291832934291,0.130208333333,1,0.25,0.75,0.25,-0.104499201915
2026,003099,ATL,STINT,Tyler Carpenter,LSM,12,4,2,2,1,0,3,0,0.291832934291,0.130208333333,1,0.25,0.75,0.25,-0.104499201915
2026,003100,ALL,SEASON,Adam Poitras,M,13,54,53,1,24,0,42,0,0.291832934291,0.130208333333,24,0.444444444444,0.777777777778,0.444444444444,8.27243781591
2026,003100,WHP,STINT,Adam Poitras,M,13,54,53,1,24,0,42,0,0.291832934291,0.130208333333,24,0.444444444444,0.777777777778,0.444444444444,8.27243781591
2026,003101,ALL,SEASON,Dylan Hess,SSDM,1,1,1,0,1,0,1,0,0.291832934291,0.130208333333,1,1,1,1,0.708167065709
2026,003101,WAT,STINT,Dylan Hess,SSDM,1,1,1,0,1,0,1,0,0.291832934291,0.130208333333,1,1,1,1,0.708167065709
2026,003103,ALL,SEASON,Scott Smith,D,12,6,3,3,1,0,3,0,0.291832934291,0.130208333333,1,0.166666666667,0.5,0.166666666667,-0.656748802873
2026,003103,CHA,STINT,Scott Smith,D,12,6,3,3,1,0,3,0,0.291832934291,0.130208333333,1,0.166666666667,0.5,0.166666666667,-0.656748802873
2026,003104,ALL,SEASON,Michael Boehm,A,7,27,25,2,5,0,15,0,0.291832934291,0.130208333333,5,0.185185185185,0.555555555556,0.185185185185,-2.81665669061
2026,003104,RED,STINT,Michael Boehm,A,5,22,20,2,5,0,12,0,0.291832934291,0.130208333333,5,0.227272727273,0.545454545455,0.227272727273,-1.35749201915
2026,003104,WHP,STINT,Michael Boehm,A,2,5,5,0,0,0,3,0,0.291832934291,0.130208333333,0,0,0.6,0,-1.45916467146
2026,003105,ALL,SEASON,Cole Kastner,D,5,0,0,0,0,0,0,0,0.291832934291,0.130208333333,0,,,,
2026,003105,RED,STINT,Cole Kastner,D,5,0,0,0,0,0,0,0,0.291832934291,0.130208333333,0,,,,
2026,003106,ALL,SEASON,Dalton Young,M,15,57,57,0,18,0,40,3,0.291832934291,0.130208333333,18,0.315789473684,0.701754385965,0.315789473684,1.36552274541
2026,003106,OUT,STINT,Dalton Young,M,15,57,57,0,18,0,40,3,0.291832934291,0.130208333333,18,0.315789473684,0.701754385965,0.315789473684,1.36552274541
2026,003108,ALL,SEASON,Will Mark,G,2,0,0,0,0,0,0,0,0.291832934291,0.130208333333,0,,,,
2026,003108,ATL,STINT,Will Mark,G,2,0,0,0,0,0,0,0,0.291832934291,0.130208333333,0,,,,
2026,003109,ALL,SEASON,Chris Conlin,D,13,0,0,0,0,0,0,0,0.291832934291,0.130208333333,0,,,,
2026,003109,RED,STINT,Chris Conlin,D,13,0,0,0,0,0,0,0,0.291832934291,0.130208333333,0,,,,
2026,003111,ALL,SEASON,AJ Mercurio,D,1,0,0,0,0,0,0,0,0.291832934291,0.130208333333,0,,,,
2026,003111,WHP,STINT,AJ Mercurio,D,1,0,0,0,0,0,0,0,0.291832934291,0.130208333333,0,,,,
2026,003119,ALL,SEASON,Alec Stathakis,FO,9,10,7,3,2,0,4,0,0.291832934291,0.130208333333,2,0.2,0.4,0.2,-0.824080540037
2026,003119,WAT,STINT,Alec Stathakis,FO,9,10,7,3,2,0,4,0,0.291832934291,0.130208333333,2,0.2,0.4,0.2,-0.824080540037
2026,003121,ALL,SEASON,Brayden Mayea,A,3,10,10,0,5,0,7,0,0.291832934291,0.130208333333,5,0.5,0.7,0.5,2.08167065709
2026,003121,RED,STINT,Brayden Mayea,A,3,10,10,0,5,0,7,0,0.291832934291,0.130208333333,5,0.5,0.7,0.5,2.08167065709
2026,003125,ALL,SEASON,Matt Knote,G,1,0,0,0,0,0,0,0,0.291832934291,0.130208333333,0,,,,
2026,003125,WHP,STINT,Matt Knote,G,1,0,0,0,0,0,0,0,0.291832934291,0.130208333333,0,,,,
2026,003128,ALL,SEASON,Jack Posey,D,8,2,0,2,0,0,2,0,0.291832934291,0.130208333333,0,0,1,0,-0.520833333333
2026,003128,WHP,STINT,Jack Posey,D,8,2,0,2,0,0,2,0,0.291832934291,0.130208333333,0,0,1,0,-0.520833333333
2026,003145,ALL,SEASON,JC Higginbotham,G,8,2,0,2,0,0,0,0,0.291832934291,0.130208333333,0,0,0,0,-0.520833333333
2026,003145,CAN,STINT,JC Higginbotham,G,8,2,0,2,0,0,0,0,0.291832934291,0.130208333333,0,0,0,0,-0.520833333333
2026,003151,ALL,SEASON,Nathan Laliberte,FO,4,7,5,2,1,0,2,0,0.291832934291,0.130208333333,1,0.142857142857,0.285714285714,0.142857142857,-0.979998004789
2026,003151,ATL,STINT,Nathan Laliberte,FO,4,7,5,2,1,0,2,0,0.291832934291,0.130208333333,1,0.142857142857,0.285714285714,0.142857142857,-0.979998004789
2026,003152,ALL,SEASON,James Shipley,SSDM,2,0,0,0,0,0,0,0,0.291832934291,0.130208333333,0,,,,
2026,003152,WHP,STINT,James Shipley,SSDM,2,0,0,0,0,0,0,0,0.291832934291,0.130208333333,0,,,,
2026,003153,ALL,SEASON,Richie Connell,A,5,19,19,0,5,0,8,1,0.291832934291,0.130208333333,5,0.263157894737,0.421052631579,0.263157894737,-0.54482575153
2026,003153,WHP,STINT,Richie Connell,A,5,19,19,0,5,0,8,1,0.291832934291,0.130208333333,5,0.263157894737,0.421052631579,0.263157894737,-0.54482575153
2026,003156,ALL,SEASON,Aidan Danenza,M,13,56,47,9,8,0,37,1,0.291832934291,0.130208333333,8,0.142857142857,0.660714285714,0.142857142857,-8.05989791168
2026,003156,RED,STINT,Aidan Danenza,M,13,56,47,9,8,0,37,1,0.291832934291,0.130208333333,8,0.142857142857,0.660714285714,0.142857142857,-8.05989791168
2026,003157,ALL,SEASON,Graydon Hogg,M,13,48,48,0,11,0,34,4,0.291832934291,0.130208333333,11,0.229166666667,0.708333333333,0.229166666667,-3.00798084597
2026,003157,CAN,STINT,Graydon Hogg,M,13,48,48,0,11,0,34,4,0.291832934291,0.130208333333,11,0.229166666667,0.708333333333,0.229166666667,-3.00798084597
2026,003159,ALL,SEASON,CJ Kirst,A,12,102,100,2,42,0,75,6,0.291832934291,0.130208333333,42,0.411764705882,0.735294117647,0.411764705882,12.2958732376
2026,003159,WAT,STINT,CJ Kirst,A,12,102,100,2,42,0,75,6,0.291832934291,0.130208333333,42,0.411764705882,0.735294117647,0.411764705882,12.2958732376
2026,003160,ALL,SEASON,Andrew McAdorey,M,13,63,55,8,16,1,32,0,0.291832934291,0.130208333333,18,0.269841269841,0.507936507937,0.285714285714,-0.13414471934
2026,003160,RED,STINT,Andrew McAdorey,M,13,63,55,8,16,1,32,0,0.291832934291,0.130208333333,18,0.269841269841,0.507936507937,0.285714285714,-0.13414471934
2026,003161,ALL,SEASON,Sam English,M,11,43,41,2,11,0,27,0,0.291832934291,0.130208333333,11,0.255813953488,0.627906976744,0.255813953488,-1.48598363927
2026,003161,RED,STINT,Sam English,M,11,43,41,2,11,0,27,0,0.291832934291,0.130208333333,11,0.255813953488,0.627906976744,0.255813953488,-1.48598363927
2026,003162,ALL,SEASON,Coulter Mackesy,A,14,105,90,15,20,3,68,3,0.291832934291,0.130208333333,26,0.219047619048,0.647619047619,0.247619047619,-4.17121408619
2026,003162,CAN,STINT,Coulter Mackesy,A,14,105,90,15,20,3,68,3,0.291832934291,0.130208333333,26,0.219047619048,0.647619047619,0.247619047619,-4.17121408619
2026,003163,ALL,SEASON,Brendan Lavelle,D,13,2,0,2,0,0,1,0,0.291832934291,0.130208333333,0,0,0.5,0,-0.520833333333
2026,003163,ARC,STINT,Brendan Lavelle,D,13,2,0,2,0,0,1,0,0.291832934291,0.130208333333,0,0,0.5,0,-0.520833333333
2026,003164,ALL,SEASON,Matt Traynor,M,11,70,67,3,20,0,50,4,0.291832934291,0.130208333333,20,0.285714285714,0.714285714286,0.285714285714,-0.334056597499
2026,003164,ATL,STINT,Matt Traynor,M,11,70,67,3,20,0,50,4,0.291832934291,0.130208333333,20,0.285714285714,0.714285714286,0.285714285714,-0.334056597499
2026,003165,ALL,SEASON,Aidan Carroll,M,13,81,75,6,29,0,50,3,0.291832934291,0.130208333333,29,0.358024691358,0.617283950617,0.358024691358,5.55002992817
2026,003165,WHP,STINT,Aidan Carroll,M,13,81,75,6,29,0,50,3,0.291832934291,0.130208333333,29,0.358024691358,0.617283950617,0.358024691358,5.55002992817
2026,003166,ALL,SEASON,Owen Hiltz,A,10,49,48,1,12,0,25,0,0.291832934291,0.130208333333,12,0.244897959184,0.510204081633,0.244897959184,-2.26839751264
2026,003166,CHA,STINT,Owen Hiltz,A,10,49,48,1,12,0,25,0,0.291832934291,0.130208333333,12,0.244897959184,0.510204081633,0.244897959184,-2.26839751264
2026,003167,ALL,SEASON,Jake Taylor,A,7,24,24,0,9,0,17,1,0.291832934291,0.130208333333,9,0.375,0.708333333333,0.375,1.99600957702
2026,003167,OUT,STINT,Jake Taylor,A,5,16,16,0,7,0,12,1,0.291832934291,0.130208333333,7,0.4375,0.75,0.4375,2.33067305134
2026,003167,WAT,STINT,Jake Taylor,A,2,8,8,0,2,0,5,0,0.291832934291,0.130208333333,2,0.25,0.625,0.25,-0.334663474328
2026,003168,ALL,SEASON,Chris Kavanagh,A,11,77,67,10,24,1,56,4,0.291832934291,0.130208333333,26,0.324675324675,0.727272727273,0.337662337662,3.84302673583
2026,003168,RED,STINT,Chris Kavanagh,A,11,77,67,10,24,1,56,4,0.291832934291,0.130208333333,26,0.324675324675,0.727272727273,0.337662337662,3.84302673583
2026,003169,ALL,SEASON,Logan McNaney,G,14,2,0,2,0,0,2,0,0.291832934291,0.130208333333,0,0,1,0,-0.520833333333
2026,003169,OUT,STINT,Logan McNaney,G,14,2,0,2,0,0,2,0,0.291832934291,0.130208333333,0,0,1,0,-0.520833333333
2026,003170,ALL,SEASON,Mic Kelly,M,11,59,52,7,10,1,40,3,0.291832934291,0.130208333333,12,0.186440677966,0.677966101695,0.203389830508,-4.9982292498
2026,003170,CAN,STINT,Mic Kelly,M,11,59,52,7,10,1,40,3,0.291832934291,0.130208333333,12,0.186440677966,0.677966101695,0.203389830508,-4.9982292498
2026,003172,ALL,SEASON,Max Krevsky,SSDM,9,14,12,2,1,0,5,1,0.291832934291,0.130208333333,1,0.0714285714286,0.357142857143,0.0714285714286,-3.02282854483
2026,003172,ATL,STINT,Max Krevsky,SSDM,9,14,12,2,1,0,5,1,0.291832934291,0.130208333333,1,0.0714285714286,0.357142857143,0.0714285714286,-3.02282854483
2026,003173,ALL,SEASON,Jack McDonald,LSM,10,2,2,0,0,0,2,0,0.291832934291,0.130208333333,0,0,1,0,-0.583665868582
2026,003173,WHP,STINT,Jack McDonald,LSM,10,2,2,0,0,0,2,0,0.291832934291,0.130208333333,0,0,1,0,-0.583665868582
2026,003174,ALL,SEASON,Sam King,M,13,83,82,1,24,0,47,2,0.291832934291,0.130208333333,24,0.289156626506,0.566265060241,0.289156626506,-0.190717278532
2026,003174,ARC,STINT,Sam King,M,13,83,82,1,24,0,47,2,0.291832934291,0.130208333333,24,0.289156626506,0.566265060241,0.289156626506,-0.190717278532
2026,003176,ALL,SEASON,Emmet Carroll,G,13,2,0,2,0,0,0,0,0.291832934291,0.130208333333,0,0,0,0,-0.520833333333
2026,003176,WHP,STINT,Emmet Carroll,G,13,2,0,2,0,0,0,0,0.291832934291,0.130208333333,0,0,0,0,-0.520833333333
2026,003177,ALL,SEASON,Mitchell Dunham,D,13,1,0,1,0,0,0,0,0.291832934291,0.130208333333,0,0,0,0,-0.260416666667
2026,003177,ARC,STINT,Mitchell Dunham,D,13,1,0,1,0,0,0,0,0.291832934291,0.130208333333,0,0,0,0,-0.260416666667
2026,003179,ALL,SEASON,Ben Wayer,LSM,3,5,0,5,0,0,2,0,0.291832934291,0.130208333333,0,0,0.4,0,-1.30208333333
2026,003179,WAT,STINT,Ben Wayer,LSM,3,5,0,5,0,0,2,0,0.291832934291,0.130208333333,0,0,0.4,0,-1.30208333333
2026,003180,ALL,SEASON,Christian Mazur,SSDM,2,3,3,0,2,0,2,0,0.291832934291,0.130208333333,2,0.666666666667,0.666666666667,0.666666666667,1.12450119713
2026,003180,WHP,STINT,Christian Mazur,SSDM,2,3,3,0,2,0,2,0,0.291832934291,0.130208333333,2,0.666666666667,0.666666666667,0.666666666667,1.12450119713
2026,003181,ALL,SEASON,Jimmy Freehill,D,14,16,0,16,0,2,8,0,0.291832934291,0.130208333333,4,0.125,0.5,0.25,-0.166666666667
2026,003181,WAT,STINT,Jimmy Freehill,D,14,16,0,16,0,2,8,0,0.291832934291,0.130208333333,4,0.125,0.5,0.25,-0.166666666667
2026,003182,ALL,SEASON,Kevin Parnham,D,4,1,0,1,0,0,0,0,0.291832934291,0.130208333333,0,0,0,0,-0.260416666667
2026,003182,OUT,STINT,Kevin Parnham,D,4,1,0,1,0,0,0,0,0.291832934291,0.130208333333,0,0,0,0,-0.260416666667
2026,003183,ALL,SEASON,Jack Gray,SSDM,13,3,3,0,0,0,1,0,0.291832934291,0.130208333333,0,0,0.333333333333,0,-0.875498802873
2026,003183,OUT,STINT,Jack Gray,SSDM,13,3,3,0,0,0,1,0,0.291832934291,0.130208333333,0,0,0.333333333333,0,-0.875498802873
2026,003184,ALL,SEASON,Ben Ramsey,SSDM,14,7,4,3,1,0,5,0,0.291832934291,0.130208333333,1,0.142857142857,0.714285714286,0.142857142857,-0.948581737164
2026,003184,CAN,STINT,Ben Ramsey,SSDM,14,7,4,3,1,0,5,0,0.291832934291,0.130208333333,1,0.142857142857,0.714285714286,0.142857142857,-0.948581737164
2026,003185,ALL,SEASON,Carter Rice,SSDM,11,0,0,0,0,0,0,0,0.291832934291,0.130208333333,0,,,,
2026,003185,RED,STINT,Carter Rice,SSDM,11,0,0,0,0,0,0,0,0.291832934291,0.130208333333,0,,,,
2026,003186,ALL,SEASON,Hugh Kelleher,M,10,41,33,8,10,1,30,2,0.291832934291,0.130208333333,12,0.268292682927,0.731707317073,0.292682926829,0.286179835063
2026,003186,ATL,STINT,Hugh Kelleher,M,10,41,33,8,10,1,30,2,0.291832934291,0.130208333333,12,0.268292682927,0.731707317073,0.292682926829,0.286179835063
2026,003188,ALL,SEASON,Bryce Ford,M,1,3,3,0,0,0,0,0,0.291832934291,0.130208333333,0,0,0,0,-0.875498802873
2026,003188,ARC,STINT,Bryce Ford,M,1,3,3,0,0,0,0,0,0.291832934291,0.130208333333,0,0,0,0,-0.875498802873
2026,003192,ALL,SEASON,Jackson Eicher,A,12,64,51,13,15,0,35,1,0.291832934291,0.130208333333,15,0.234375,0.546875,0.234375,-3.26889631551
2026,003192,CHA,STINT,Jackson Eicher,A,12,64,51,13,15,0,35,1,0.291832934291,0.130208333333,15,0.234375,0.546875,0.234375,-3.26889631551
2026,003194,ALL,SEASON,Colin Sharkey,SSDM,2,1,1,0,0,0,1,0,0.291832934291,0.130208333333,0,0,1,0,-0.291832934291
2026,003194,ARC,STINT,Colin Sharkey,SSDM,2,1,1,0,0,0,1,0,0.291832934291,0.130208333333,0,0,1,0,-0.291832934291
2026,003195,ALL,SEASON,Brian Kelly,A,13,58,57,1,25,0,41,6,0.291832934291,0.130208333333,25,0.431034482759,0.706896551724,0.431034482759,8.10510607874
2026,003195,CAN,STINT,Brian Kelly,A,13,58,57,1,25,0,41,6,0.291832934291,0.130208333333,25,0.431034482759,0.706896551724,0.431034482759,8.10510607874
2026,003203,ALL,SEASON,CK Giancola,M,3,16,10,6,4,0,10,1,0.291832934291,0.130208333333,4,0.25,0.625,0.25,-0.48082934291
2026,003203,ARC,STINT,CK Giancola,M,3,16,10,6,4,0,10,1,0.291832934291,0.130208333333,4,0.25,0.625,0.25,-0.48082934291
2026,003206,ALL,SEASON,Greg Langermeier,SSDM,2,0,0,0,0,0,0,0,0.291832934291,0.130208333333,0,,,,
2026,003206,CHA,STINT,Greg Langermeier,SSDM,2,0,0,0,0,0,0,0,0.291832934291,0.130208333333,0,,,,
2026,003209,ALL,SEASON,Michael Lampert,A,1,1,1,0,0,0,0,0,0.291832934291,0.130208333333,0,0,0,0,-0.291832934291
2026,003209,WAT,STINT,Michael Lampert,A,1,1,1,0,0,0,0,0,0.291832934291,0.130208333333,0,0,0,0,-0.291832934291
2026,003211,ALL,SEASON,Josh Balcarcel,M,10,32,30,2,13,0,20,0,0.291832934291,0.130208333333,13,0.40625,0.625,0.40625,3.72417863794
2026,003211,RED,STINT,Josh Balcarcel,M,10,32,30,2,13,0,20,0,0.291832934291,0.130208333333,13,0.40625,0.625,0.40625,3.72417863794
2026,003212,ALL,SEASON,Ray Dearth,SSDM,12,3,2,1,1,0,2,0,0.291832934291,0.130208333333,1,0.333333333333,0.666666666667,0.333333333333,0.155917464751
2026,003212,CHA,STINT,Ray Dearth,SSDM,12,3,2,1,1,0,2,0,0.291832934291,0.130208333333,1,0.333333333333,0.666666666667,0.333333333333,0.155917464751
2026,003215,ALL,SEASON,Tommy Stull,LSM,2,0,0,0,0,0,0,0,0.291832934291,0.130208333333,0,,,,
2026,003215,ARC,STINT,Tommy Stull,LSM,2,0,0,0,0,0,0,0,0.291832934291,0.130208333333,0,,,,
2026,003228,ALL,SEASON,Remington Reynolds,D,4,1,1,0,0,0,0,0,0.291832934291,0.130208333333,0,0,0,0,-0.291832934291
2026,003228,CAN,STINT,Remington Reynolds,D,4,1,1,0,0,0,0,0,0.291832934291,0.130208333333,0,0,0,0,-0.291832934291
2026,003229,ALL,SEASON,Matt Wright,LSM,2,0,0,0,0,0,0,0,0.291832934291,0.130208333333,0,,,,
2026,003229,RED,STINT,Matt Wright,LSM,2,0,0,0,0,0,0,0,0.291832934291,0.130208333333,0,,,,
2026,003232,ALL,SEASON,Casey Wilson,M,6,2,2,0,2,0,2,0,0.291832934291,0.130208333333,2,1,1,1,1.41633413142
2026,003232,WAT,STINT,Casey Wilson,M,6,2,2,0,2,0,2,0,0.291832934291,0.130208333333,2,1,1,1,1.41633413142
2026,003233,ALL,SEASON,Christian Fournier,,2,0,0,0,0,0,0,0,0.291832934291,0.130208333333,0,,,,
2026,003233,CAN,STINT,Christian Fournier,,2,0,0,0,0,0,0,0,0.291832934291,0.130208333333,0,,,,
2026,003238,ALL,SEASON,Aidan McLane,M,1,3,3,0,0,0,0,0,0.291832934291,0.130208333333,0,0,0,0,-0.875498802873
2026,003238,ATL,STINT,Aidan McLane,M,1,3,3,0,0,0,0,0,0.291832934291,0.130208333333,0,0,0,0,-0.875498802873
2026,003242,ALL,SEASON,Cooper Frankenheimer,SSDM,1,1,1,0,0,0,0,0,0.291832934291,0.130208333333,0,0,0,0,-0.291832934291
2026,003242,ATL,STINT,Cooper Frankenheimer,SSDM,1,1,1,0,0,0,0,0,0.291832934291,0.130208333333,0,0,0,0,-0.291832934291
2026,003246,ALL,SEASON,Nathan Kapp,FO,2,0,0,0,0,0,0,0,0.291832934291,0.130208333333,0,,,,
2026,003246,WHP,STINT,Nathan Kapp,FO,2,0,0,0,0,0,0,0,0.291832934291,0.130208333333,0,,,,
2026,003248,ALL,SEASON,Ryan Stines,A,13,63,61,2,19,0,41,2,0.291832934291,0.130208333333,19,0.301587301587,0.650793650794,0.301587301587,0.677357674914
2026,003248,ARC,STINT,Ryan Stines,A,13,63,61,2,19,0,41,2,0.291832934291,0.130208333333,19,0.301587301587,0.650793650794,0.301587301587,0.677357674914
2026,003249,ALL,SEASON,Logan Ip,M,3,10,10,0,1,0,7,0,0.291832934291,0.130208333333,1,0.1,0.7,0.1,-1.91832934291
2026,003249,CAN,STINT,Logan Ip,M,3,10,10,0,1,0,7,0,0.291832934291,0.130208333333,1,0.1,0.7,0.1,-1.91832934291
2026,003250,ALL,SEASON,Eric Spanos,M,9,38,36,2,11,0,31,3,0.291832934291,0.130208333333,11,0.289473684211,0.815789473684,0.289473684211,-0.0268189678106
2026,003250,CHA,STINT,Eric Spanos,M,9,38,36,2,11,0,31,3,0.291832934291,0.130208333333,11,0.289473684211,0.815789473684,0.289473684211,-0.0268189678106
2026,003251,ALL,SEASON,Nikko DiPonio,D,2,1,1,0,0,0,0,0,0.291832934291,0.130208333333,0,0,0,0,-0.291832934291
2026,003251,ATL,STINT,Nikko DiPonio,D,2,1,1,0,0,0,0,0,0.291832934291,0.130208333333,0,0,0,0,-0.291832934291
2026,003252,ALL,SEASON,Leo Johnson,M,10,44,44,0,8,0,22,0,0.291832934291,0.130208333333,8,0.181818181818,0.5,0.181818181818,-4.84064910881
2026,003252,ARC,STINT,Leo Johnson,M,10,44,44,0,8,0,22,0,0.291832934291,0.130208333333,8,0.181818181818,0.5,0.181818181818,-4.84064910881
2026,003253,ALL,SEASON,Marcus Wertheim,M,2,7,7,0,0,0,3,0,0.291832934291,0.130208333333,0,0,0.428571428571,0,-2.04283054004
2026,003253,RED,STINT,Marcus Wertheim,M,2,7,7,0,0,0,3,0,0.291832934291,0.130208333333,0,0,0.428571428571,0,-2.04283054004
2026,003254,ALL,SEASON,Peter Detwiler,SSDM,12,5,5,0,2,0,5,0,0.291832934291,0.130208333333,2,0.4,1,0.4,0.540835328545
2026,003254,CHA,STINT,Peter Detwiler,SSDM,12,5,5,0,2,0,5,0,0.291832934291,0.130208333333,2,0.4,1,0.4,0.540835328545
2026,003255,ALL,SEASON,Joe Juengerkes,SSDM,8,1,1,0,0,0,0,0,0.291832934291,0.130208333333,0,0,0,0,-0.291832934291
2026,003255,WHP,STINT,Joe Juengerkes,SSDM,8,1,1,0,0,0,0,0,0.291832934291,0.130208333333,0,0,0,0,-0.291832934291
2026,003256,ALL,SEASON,Nolan Byrne,M,3,11,11,0,3,0,8,1,0.291832934291,0.130208333333,3,0.272727272727,0.727272727273,0.272727272727,-0.210162277201
2026,003256,OUT,STINT,Nolan Byrne,M,3,11,11,0,3,0,8,1,0.291832934291,0.130208333333,3,0.272727272727,0.727272727273,0.272727272727,-0.210162277201
2026,003257,ALL,SEASON,Teddy Malone,M,10,40,40,0,16,0,26,3,0.291832934291,0.130208333333,16,0.4,0.65,0.4,4.32668262836
2026,003257,CHA,STINT,Teddy Malone,M,10,40,40,0,16,0,26,3,0.291832934291,0.130208333333,16,0.4,0.65,0.4,4.32668262836
2026,003259,ALL,SEASON,Liam Kammar,SSDM,6,1,1,0,0,0,1,0,0.291832934291,0.130208333333,0,0,1,0,-0.291832934291
2026,003259,ATL,STINT,Liam Kammar,SSDM,6,1,1,0,0,0,1,0,0.291832934291,0.130208333333,0,0,1,0,-0.291832934291
2026,003260,ALL,SEASON,Jack Pilling,SSDM,7,1,1,0,0,0,0,0,0.291832934291,0.130208333333,0,0,0,0,-0.291832934291
2026,003260,WHP,STINT,Jack Pilling,SSDM,7,1,1,0,0,0,0,0,0.291832934291,0.130208333333,0,0,0,0,-0.291832934291
2026,003261,ALL,SEASON,Truitt Sunderland,M,6,13,13,0,4,0,10,0,0.291832934291,0.130208333333,4,0.307692307692,0.769230769231,0.307692307692,0.206171854217
2026,003261,WHP,STINT,Truitt Sunderland,M,6,13,13,0,4,0,10,0,0.291832934291,0.130208333333,4,0.307692307692,0.769230769231,0.307692307692,0.206171854217
2026,003264,ALL,SEASON,Sean Byrne,G,9,0,0,0,0,0,0,0,0.291832934291,0.130208333333,0,,,,
2026,003264,WAT,STINT,Sean Byrne,G,9,0,0,0,0,0,0,0,0.291832934291,0.130208333333,0,,,,
2026,003266,ALL,SEASON,Silas Richmond,A,9,34,32,2,7,1,20,3,0.291832934291,0.130208333333,9,0.235294117647,0.588235294118,0.264705882353,-0.859487230646
2026,003266,WAT,STINT,Silas Richmond,A,9,34,32,2,7,1,20,3,0.291832934291,0.130208333333,9,0.235294117647,0.588235294118,0.264705882353,-0.859487230646
2026,003267,ALL,SEASON,Mikey Weisshaar,M,14,62,60,2,21,0,39,3,0.291832934291,0.130208333333,21,0.338709677419,0.629032258065,0.338709677419,2.9691906092
2026,003267,CAN,STINT,Mikey Weisshaar,M,14,62,60,2,21,0,39,3,0.291832934291,0.130208333333,21,0.338709677419,0.629032258065,0.338709677419,2.9691906092
2026,003268,ALL,SEASON,Jack Taylor,M,1,6,5,1,1,0,2,0,0.291832934291,0.130208333333,1,0.166666666667,0.333333333333,0.166666666667,-0.719581338122
2026,003268,CHA,STINT,Jack Taylor,M,1,6,5,1,1,0,2,0,0.291832934291,0.130208333333,1,0.166666666667,0.333333333333,0.166666666667,-0.719581338122
2026,003269,ALL,SEASON,Brendan Staub,LSM,12,13,5,8,2,0,8,1,0.291832934291,0.130208333333,2,0.153846153846,0.615384615385,0.153846153846,-1.54249800479
2026,003269,WAT,STINT,Brendan Staub,LSM,12,13,5,8,2,0,8,1,0.291832934291,0.130208333333,2,0.153846153846,0.615384615385,0.153846153846,-1.54249800479
2026,003270,ALL,SEASON,Evan Plunkett,M,9,37,36,1,3,0,15,0,0.291832934291,0.130208333333,3,0.0810810810811,0.405405405405,0.0810810810811,-7.76640230114
2026,003270,OUT,STINT,Evan Plunkett,M,9,37,36,1,3,0,15,0,0.291832934291,0.130208333333,3,0.0810810810811,0.405405405405,0.0810810810811,-7.76640230114
2026,003271,ALL,SEASON,Hunter Smith,LSM,11,1,1,0,0,0,1,0,0.291832934291,0.130208333333,0,0,1,0,-0.291832934291
2026,003271,CAN,STINT,Hunter Smith,LSM,11,1,1,0,0,0,1,0,0.291832934291,0.130208333333,0,0,1,0,-0.291832934291
2026,003273,ALL,SEASON,Matt Collison,M,10,40,30,10,7,4,22,1,0.291832934291,0.130208333333,15,0.275,0.55,0.375,3.6408453046
2026,003273,WAT,STINT,Matt Collison,M,10,40,30,10,7,4,22,1,0.291832934291,0.130208333333,15,0.275,0.55,0.375,3.6408453046
2026,003274,ALL,SEASON,Patty Eldredge,SSDM,1,0,0,0,0,0,0,0,0.291832934291,0.130208333333,0,,,,
2026,003274,WAT,STINT,Patty Eldredge,SSDM,1,0,0,0,0,0,0,0,0.291832934291,0.130208333333,0,,,,
2026,003275,ALL,SEASON,Andrew McMeekin,FO,11,19,16,3,2,0,8,1,0.291832934291,0.130208333333,2,0.105263157895,0.421052631579,0.105263157895,-3.45057694866
2026,003275,CAN,STINT,Andrew McMeekin,FO,11,19,16,3,2,0,8,1,0.291832934291,0.130208333333,2,0.105263157895,0.421052631579,0.105263157895,-3.45057694866
2026,003276,ALL,SEASON,Richard Checo,LSM,6,0,0,0,0,0,0,0,0.291832934291,0.130208333333,0,,,,
2026,003276,CHA,STINT,Richard Checo,LSM,6,0,0,0,0,0,0,0,0.291832934291,0.130208333333,0,,,,
2026,003277,ALL,SEASON,Joey Spallina,A,11,63,58,5,14,2,33,1,0.291832934291,0.130208333333,18,0.253968253968,0.52380952381,0.285714285714,-0.228393522213
2026,003277,WHP,STINT,Joey Spallina,A,11,63,58,5,14,2,33,1,0.291832934291,0.130208333333,18,0.253968253968,0.52380952381,0.285714285714,-0.228393522213
2026,003278,ALL,SEASON,Aidan Maguire,SSDM,11,13,10,3,4,1,10,0,0.291832934291,0.130208333333,6,0.384615384615,0.769230769231,0.461538461538,2.30042065709
2026,003278,ARC,STINT,Aidan Maguire,SSDM,11,13,10,3,4,1,10,0,0.291832934291,0.130208333333,6,0.384615384615,0.769230769231,0.461538461538,2.30042065709
2026,003279,ALL,SEASON,Luke Rhoa,M,2,8,7,1,0,0,3,1,0.291832934291,0.130208333333,0,0,0.375,0,-2.3032472067
2026,003279,ATL,STINT,Luke Rhoa,M,2,8,7,1,0,0,3,1,0.291832934291,0.130208333333,0,0,0.375,0,-2.3032472067
2026,003280,ALL,SEASON,Chad Palumbo,M,10,64,60,4,19,1,39,0,0.291832934291,0.130208333333,21,0.3125,0.609375,0.328125,2.44835727587
2026,003280,CHA,STINT,Chad Palumbo,M,10,64,60,4,19,1,39,0,0.291832934291,0.130208333333,21,0.3125,0.609375,0.328125,2.44835727587
2026,003281,ALL,SEASON,Kyle Lewis,M,11,30,30,0,10,0,18,0,0.291832934291,0.130208333333,10,0.333333333333,0.6,0.333333333333,1.24501197127
2026,003281,WAT,STINT,Kyle Lewis,M,11,30,30,0,10,0,18,0,0.291832934291,0.130208333333,10,0.333333333333,0.6,0.333333333333,1.24501197127
2026,003282,ALL,SEASON,Billy Dwan,D,9,4,3,1,1,0,3,0,0.291832934291,0.130208333333,1,0.25,0.75,0.25,-0.13591546954
2026,003282,WHP,STINT,Billy Dwan,D,9,4,3,1,1,0,3,0,0.291832934291,0.130208333333,1,0.25,0.75,0.25,-0.13591546954
2026,003283,ALL,SEASON,Blake Eiland,SSDM,10,3,3,0,1,0,3,0,0.291832934291,0.130208333333,1,0.333333333333,1,0.333333333333,0.124501197127
2026,003283,WHP,STINT,Blake Eiland,SSDM,10,3,3,0,1,0,3,0,0.291832934291,0.130208333333,1,0.333333333333,1,0.333333333333,0.124501197127
2026,003284,ALL,SEASON,Eric Kolar,SSDM,7,2,2,0,1,0,1,0,0.291832934291,0.130208333333,1,0.5,0.5,0.5,0.416334131418
2026,003284,WHP,STINT,Eric Kolar,SSDM,7,2,2,0,1,0,1,0,0.291832934291,0.130208333333,1,0.5,0.5,0.5,0.416334131418
2026,003285,ALL,SEASON,Jack Regnery,A,10,54,51,3,14,0,26,3,0.291832934291,0.130208333333,14,0.259259259259,0.481481481481,0.259259259259,-1.66472964884
2026,003285,CAN,STINT,Jack Regnery,A,10,54,51,3,14,0,26,3,0.291832934291,0.130208333333,14,0.259259259259,0.481481481481,0.259259259259,-1.66472964884
2026,003286,ALL,SEASON,Will Donovan,D,11,1,0,1,0,0,1,0,0.291832934291,0.130208333333,0,0,1,0,-0.260416666667
2026,003286,CAN,STINT,Will Donovan,D,11,1,0,1,0,0,1,0,0.291832934291,0.130208333333,0,0,1,0,-0.260416666667
2026,003287,ALL,SEASON,Dante Bowen,SSDM,2,1,1,0,0,0,0,0,0.291832934291,0.130208333333,0,0,0,0,-0.291832934291
2026,003287,RED,STINT,Dante Bowen,SSDM,2,1,1,0,0,0,0,0,0.291832934291,0.130208333333,0,0,0,0,-0.291832934291
2026,003288,ALL,SEASON,Josh Yago,M,12,42,39,3,11,1,25,2,0.291832934291,0.130208333333,13,0.285714285714,0.595238095238,0.309523809524,0.83726556265
2026,003288,WAT,STINT,Josh Yago,M,12,42,39,3,11,1,25,2,0.291832934291,0.130208333333,13,0.285714285714,0.595238095238,0.309523809524,0.83726556265
2026,003289,ALL,SEASON,Alex Ross,D,10,11,1,10,0,2,3,0,0.291832934291,0.130208333333,4,0.181818181818,0.272727272727,0.363636363636,1.10400039904
2026,003289,ATL,STINT,Alex Ross,D,10,11,1,10,0,2,3,0,0.291832934291,0.130208333333,4,0.181818181818,0.272727272727,0.363636363636,1.10400039904
2026,003290,ALL,SEASON,John Dunphey,M,4,6,6,0,1,0,4,0,0.291832934291,0.130208333333,1,0.166666666667,0.666666666667,0.166666666667,-0.750997605746
2026,003290,OUT,STINT,John Dunphey,M,4,6,6,0,1,0,4,0,0.291832934291,0.130208333333,1,0.166666666667,0.666666666667,0.166666666667,-0.750997605746
2026,003291,ALL,SEASON,Ryan Croddick,G,5,0,0,0,0,0,0,0,0.291832934291,0.130208333333,0,,,,
2026,003291,RED,STINT,Ryan Croddick,G,5,0,0,0,0,0,0,0,0.291832934291,0.130208333333,0,,,,
2026,003292,ALL,SEASON,Henry Bard,D,5,1,0,1,0,1,1,0,0.291832934291,0.130208333333,2,1,1,2,1.73958333333
2026,003292,CHA,STINT,Henry Bard,D,5,1,0,1,0,1,1,0,0.291832934291,0.130208333333,2,1,1,2,1.73958333333
2026,003293,ALL,SEASON,Hunter Drouin,A,2,4,4,0,0,0,1,0,0.291832934291,0.130208333333,0,0,0.25,0,-1.16733173716
2026,003293,ATL,STINT,Hunter Drouin,A,2,4,4,0,0,0,1,0,0.291832934291,0.130208333333,0,0,0.25,0,-1.16733173716
2026,003296,ALL,SEASON,Cullen Brown,D,11,4,2,2,1,0,1,0,0.291832934291,0.130208333333,1,0.25,0.25,0.25,-0.104499201915
2026,003296,RED,STINT,Cullen Brown,D,11,4,2,2,1,0,1,0,0.291832934291,0.130208333333,1,0.25,0.25,0.25,-0.104499201915
2026,003297,ALL,SEASON,Michael Leo,M,5,18,18,0,3,0,13,0,0.291832934291,0.130208333333,3,0.166666666667,0.722222222222,0.166666666667,-2.25299281724
2026,003297,RED,STINT,Michael Leo,M,5,18,18,0,3,0,13,0,0.291832934291,0.130208333333,3,0.166666666667,0.722222222222,0.166666666667,-2.25299281724
2026,003298,ALL,SEASON,Finn Thomson,A,5,17,17,0,10,0,14,1,0.291832934291,0.130208333333,10,0.588235294118,0.823529411765,0.588235294118,5.03884011705
2026,003298,RED,STINT,Finn Thomson,A,5,17,17,0,10,0,14,1,0.291832934291,0.130208333333,10,0.588235294118,0.823529411765,0.588235294118,5.03884011705
2026,003300,ALL,SEASON,Ty English,M,7,10,8,2,1,1,6,0,0.291832934291,0.130208333333,3,0.2,0.6,0.3,0.144503192338
2026,003300,CHA,STINT,Ty English,M,7,10,8,2,1,1,6,0,0.291832934291,0.130208333333,3,0.2,0.6,0.3,0.144503192338
2026,003301,ALL,SEASON,Carson Billig,SSDM,2,0,0,0,0,0,0,0,0.291832934291,0.130208333333,0,,,,
2026,003301,ATL,STINT,Carson Billig,SSDM,2,0,0,0,0,0,0,0,0.291832934291,0.130208333333,0,,,,
2026,003302,ALL,SEASON,Vinny Butrico,A,2,6,6,0,1,0,5,0,0.291832934291,0.130208333333,1,0.166666666667,0.833333333333,0.166666666667,-0.750997605746
2026,003302,ATL,STINT,Vinny Butrico,A,2,6,6,0,1,0,5,0,0.291832934291,0.130208333333,1,0.166666666667,0.833333333333,0.166666666667,-0.750997605746
2026,003303,ALL,SEASON,Leif Hagerup,SSDM,2,0,0,0,0,0,0,0,0.291832934291,0.130208333333,0,,,,
2026,003303,CHA,STINT,Leif Hagerup,SSDM,2,0,0,0,0,0,0,0,0.291832934291,0.130208333333,0,,,,
