season,player_id,team_id,aggregation_level,player_name,positions,games_played,touches,turnovers,faceoffs,faceoff_wins,caused_turnovers,ground_balls,penalties,shots,a1,a2,g1,g2,sog,unresolved_sog,team_shots_in_appearances,team_a2_in_appearances,team_faceoffs_in_appearances,sv1,sv2,ga1,ga2,unresolved_goalie_sog,sog2_faced,attempts,goals,scoring_points,resolved_saves,resolved_shots_faced,p1,p2,league_turnover_per_touch,league_faceoff_rate,league_save_rate,shooting_pct,shots_on_goal_pct,scoring_points_per_shot,turnovers_per_touch,turnovers_below_expected,shooting_value_above_expected,shot_share,team_two_point_attempt_share,two_point_attempt_rate,two_point_conversion_pct,two_point_shooting_value,faceoff_pct,draw_share,faceoff_wins_above_average,save_pct,one_point_save_pct,two_point_save_pct,saves_above_average,resolved_coverage,goalie_two_point_shot_mix_faced,caused_turnovers_per_game,ground_balls_per_game,penalties_per_game
2022,000201,ALL,SEASON,Adam Ghitelman,G,11,153,2,0,0,3,36,1,2,0,2,0,0,1,0,426,41,284,100,17,102,5,25,24,2,0,0,117,224,0.300534423137,0.153638814016,0.0578299824238,0.497497914929,0.521718602455,0,0.5,0,0.0130718954248,6.84798731084,-0.614555256065,0.00469483568075,0.0487804878049,1,0,-0.614555256065,,0,,0.522321428571,0.49504950495,0.772727272727,0.135033050047,0.899598393574,0.0963855421687,0.272727272727,3.27272727273,0.0909090909091
2022,000201,ARC,STINT,Adam Ghitelman,G,11,153,2,0,0,3,36,1,2,0,2,0,0,1,0,426,41,284,100,17,102,5,25,24,2,0,0,117,224,0.300534423137,0.153638814016,0.0578299824238,0.497497914929,0.521718602455,0,0.5,0,0.0130718954248,6.84798731084,-0.614555256065,0.00469483568075,0.0487804878049,1,0,-0.614555256065,,0,,0.522321428571,0.49504950495,0.772727272727,0.135033050047,0.899598393574,0.0963855421687,0.272727272727,3.27272727273,0.0909090909091
2022,000204,ALL,SEASON,Christian Cuccinello,A,2,16,0,0,0,0,1,0,6,6,0,2,0,4,0,65,7,57,0,0,0,0,0,0,6,2,2,0,0,0.300534423137,0.153638814016,0.0578299824238,0.497497914929,0.521718602455,0.333333333333,0.666666666667,0.333333333333,0,0.925279718781,0.196793461176,0.0923076923077,0,0,,,,0,,,,,,,,0,0.5,0
2022,000204,CAN,STINT,Christian Cuccinello,A,2,16,0,0,0,0,1,0,6,6,0,2,0,4,0,65,7,57,0,0,0,0,0,0,6,2,2,0,0,0.300534423137,0.153638814016,0.0578299824238,0.497497914929,0.521718602455,0.333333333333,0.666666666667,0.333333333333,0,0.925279718781,0.196793461176,0.0923076923077,0,0,,,,0,,,,,,,,0,0.5,0
2022,000207,ALL,SEASON,Dominique Alexander,SSDM,11,81,1,0,0,9,19,4,0,0,0,0,0,0,0,426,41,284,0,0,0,0,0,0,0,0,0,0,0,0.300534423137,0.153638814016,0.0578299824238,0.497497914929,0.521718602455,,,,0.0123456790123,3.68422857633,,0,0,,,,,0,,,,,,,,0.818181818182,1.72727272727,0.363636363636
2022,000207,ARC,STINT,Dominique Alexander,SSDM,11,81,1,0,0,9,19,4,0,0,0,0,0,0,0,426,41,284,0,0,0,0,0,0,0,0,0,0,0,0.300534423137,0.153638814016,0.0578299824238,0.497497914929,0.521718602455,,,,0.0123456790123,3.68422857633,,0,0,,,,,0,,,,,,,,0.818181818182,1.72727272727,0.363636363636
2022,000211,ALL,SEASON,Ian MacKay,SSDM,8,40,3,1,0,1,2,2,5,1,4,0,0,3,0,288,31,191,0,0,0,0,0,0,5,0,0,0,0,0.300534423137,0.153638814016,0.0578299824238,0.497497914929,0.521718602455,0,0.6,0,0.075,-0.686800703048,-1.52964493527,0.0173611111111,0.129032258065,0.8,0,-1.22911051213,0,0.00523560209424,-0.497497914929,,,,,,,0.125,0.25,0.25
2022,000211,CHA,STINT,Ian MacKay,SSDM,8,40,3,1,0,1,2,2,5,1,4,0,0,3,0,288,31,191,0,0,0,0,0,0,5,0,0,0,0,0.300534423137,0.153638814016,0.0578299824238,0.497497914929,0.521718602455,0,0.6,0,0.075,-0.686800703048,-1.52964493527,0.0173611111111,0.129032258065,0.8,0,-1.22911051213,0,0.00523560209424,-0.497497914929,,,,,,,0.125,0.25,0.25
2022,000213,ALL,SEASON,Jerry Ragonese,FO,1,2,0,8,2,0,2,0,1,1,0,1,0,1,0,32,1,28,0,0,0,0,0,0,1,1,1,0,0,0.300534423137,0.153638814016,0.0578299824238,0.497497914929,0.521718602455,1,1,1,0,0.115659964848,0.699465576863,0.03125,0,0,,,0.25,0.285714285714,-1.97998331943,,,,,,,0,2,0
2022,000213,CHA,STINT,Jerry Ragonese,FO,1,2,0,8,2,0,2,0,1,1,0,1,0,1,0,32,1,28,0,0,0,0,0,0,1,1,1,0,0,0.300534423137,0.153638814016,0.0578299824238,0.497497914929,0.521718602455,1,1,1,0,0.115659964848,0.699465576863,0.03125,0,0,,,0.25,0.285714285714,-1.97998331943,,,,,,,0,2,0
2022,000216,ALL,SEASON,Marcus Holman,A,12,406,16,0,0,1,25,1,66,59,7,22,2,46,2,458,46,311,0,0,0,0,0,0,66,24,26,0,0,0.300534423137,0.153638814016,0.0578299824238,0.497497914929,0.521718602455,0.363636363636,0.69696969697,0.393939393939,0.0394088669951,7.47897286406,6.11752563867,0.144104803493,0.152173913043,0.106060606061,0.285714285714,1.84905660377,,0,,,,,,,,0.0833333333333,2.08333333333,0.0833333333333
2022,000216,ARC,STINT,Marcus Holman,A,12,406,16,0,0,1,25,1,66,59,7,22,2,46,2,458,46,311,0,0,0,0,0,0,66,24,26,0,0,0.300534423137,0.153638814016,0.0578299824238,0.497497914929,0.521718602455,0.363636363636,0.69696969697,0.393939393939,0.0394088669951,7.47897286406,6.11752563867,0.144104803493,0.152173913043,0.106060606061,0.285714285714,1.84905660377,,0,,,,,,,,0.0833333333333,2.08333333333,0.0833333333333
2022,000217,ALL,SEASON,Mark McNeill,SSDM,11,41,3,0,0,2,9,1,0,0,0,0,0,0,0,426,42,288,0,0,0,0,0,0,0,0,0,0,0,0.300534423137,0.153638814016,0.0578299824238,0.497497914929,0.521718602455,,,,0.0731707317073,-0.628970720624,,0,0,,,,,0,,,,,,,,0.181818181818,0.818181818182,0.0909090909091
2022,000217,ARC,STINT,Mark McNeill,SSDM,11,41,3,0,0,2,9,1,0,0,0,0,0,0,0,426,42,288,0,0,0,0,0,0,0,0,0,0,0,0.300534423137,0.153638814016,0.0578299824238,0.497497914929,0.521718602455,,,,0.0731707317073,-0.628970720624,,0,0,,,,,0,,,,,,,,0.181818181818,0.818181818182,0.0909090909091
2022,000218,ALL,SEASON,Matt McMahon,D,12,27,2,0,0,10,9,2,0,0,0,0,0,0,0,458,46,311,0,0,0,0,0,0,0,0,0,0,0,0.300534423137,0.153638814016,0.0578299824238,0.497497914929,0.521718602455,,,,0.0740740740741,-0.438590474557,,0,0,,,,,0,,,,,,,,0.833333333333,0.75,0.166666666667
2022,000218,ARC,STINT,Matt McMahon,D,12,27,2,0,0,10,9,2,0,0,0,0,0,0,0,458,46,311,0,0,0,0,0,0,0,0,0,0,0,0.300534423137,0.153638814016,0.0578299824238,0.497497914929,0.521718602455,,,,0.0740740740741,-0.438590474557,,0,0,,,,,0,,,,,,,,0.833333333333,0.75,0.166666666667
2022,000221,ALL,SEASON,Ryan Ambler,M,12,253,11,0,0,2,6,0,49,48,1,16,0,30,2,458,46,311,0,0,0,0,0,0,49,16,16,0,0,0.300534423137,0.153638814016,0.0578299824238,0.497497914929,0.521718602455,0.326530612245,0.612244897959,0.326530612245,0.0434782608696,3.63098555322,1.26707006137,0.106986899563,0.0217391304348,0.0204081632653,0,-0.307277628032,,0,,,,,,,,0.166666666667,0.5,0
2022,000221,ARC,STINT,Ryan Ambler,M,12,253,11,0,0,2,6,0,49,48,1,16,0,30,2,458,46,311,0,0,0,0,0,0,49,16,16,0,0,0.300534423137,0.153638814016,0.0578299824238,0.497497914929,0.521718602455,0.326530612245,0.612244897959,0.326530612245,0.0434782608696,3.63098555322,1.26707006137,0.106986899563,0.0217391304348,0.0204081632653,0,-0.307277628032,,0,,,,,,,,0.166666666667,0.5,0
2022,000222,ALL,SEASON,Stephen Kelly,FO,9,68,8,217,106,0,65,0,7,7,0,4,0,6,0,360,26,249,0,0,0,0,0,0,7,4,4,0,0,0.300534423137,0.153638814016,0.0578299824238,0.497497914929,0.521718602455,0.571428571429,0.857142857143,0.571428571429,0.117647058824,-4.06756119518,1.89625903804,0.0194444444444,0,0,,,0.488479262673,0.871485943775,-1.95704753962,,,,,,,0,7.22222222222,0
2022,000222,CAN,STINT,Stephen Kelly,FO,9,68,8,217,106,0,65,0,7,7,0,4,0,6,0,360,26,249,0,0,0,0,0,0,7,4,4,0,0,0.300534423137,0.153638814016,0.0578299824238,0.497497914929,0.521718602455,0.571428571429,0.857142857143,0.571428571429,0.117647058824,-4.06756119518,1.89625903804,0.0194444444444,0,0,,,0.488479262673,0.871485943775,-1.95704753962,,,,,,,0,7.22222222222,0
2022,000223,ALL,SEASON,Scott Ratliff,D,12,136,4,0,0,13,34,3,10,2,8,1,0,8,0,458,46,311,0,0,0,0,0,0,10,1,1,0,0,0.300534423137,0.153638814016,0.0578299824238,0.497497914929,0.521718602455,0.1,0.8,0.1,0.0294117647059,3.86487760964,-2.05928987053,0.0218340611354,0.173913043478,0.8,0,-2.45822102426,,0,,,,,,,,1.08333333333,2.83333333333,0.25
2022,000223,ARC,STINT,Scott Ratliff,D,12,136,4,0,0,13,34,3,10,2,8,1,0,8,0,458,46,311,0,0,0,0,0,0,10,1,1,0,0,0.300534423137,0.153638814016,0.0578299824238,0.497497914929,0.521718602455,0.1,0.8,0.1,0.0294117647059,3.86487760964,-2.05928987053,0.0218340611354,0.173913043478,0.8,0,-2.45822102426,,0,,,,,,,,1.08333333333,2.83333333333,0.25
2022,000225,ALL,SEASON,Tom Schreiber,M,12,446,25,0,0,0,14,0,68,61,7,20,2,43,1,458,46,311,0,0,0,0,0,0,68,22,24,0,0,0.300534423137,0.153638814016,0.0578299824238,0.497497914929,0.521718602455,0.323529411765,0.632352941176,0.352941176471,0.0560538116592,0.792172161015,3.51645679239,0.148471615721,0.152173913043,0.102941176471,0.285714285714,1.84905660377,,0,,,,,,,,0,1.16666666667,0
2022,000225,ARC,STINT,Tom Schreiber,M,12,446,25,0,0,0,14,0,68,61,7,20,2,43,1,458,46,311,0,0,0,0,0,0,68,22,24,0,0,0.300534423137,0.153638814016,0.0578299824238,0.497497914929,0.521718602455,0.323529411765,0.632352941176,0.352941176471,0.0560538116592,0.792172161015,3.51645679239,0.148471615721,0.152173913043,0.102941176471,0.285714285714,1.84905660377,,0,,,,,,,,0,1.16666666667,0
2022,000227,ALL,SEASON,Will Manny,A,12,394,21,0,0,0,4,2,63,60,3,14,0,42,6,458,46,311,0,0,0,0,0,0,63,14,14,0,0,0.300534423137,0.153638814016,0.0578299824238,0.497497914929,0.521718602455,0.222222222222,0.666666666667,0.222222222222,0.0532994923858,1.78501307498,-4.95389827234,0.137554585153,0.0652173913043,0.047619047619,0,-0.921832884097,,0,,,,,,,,0,0.333333333333,0.166666666667
2022,000227,ARC,STINT,Will Manny,A,12,394,21,0,0,0,4,2,63,60,3,14,0,42,6,458,46,311,0,0,0,0,0,0,63,14,14,0,0,0.300534423137,0.153638814016,0.0578299824238,0.497497914929,0.521718602455,0.222222222222,0.666666666667,0.222222222222,0.0532994923858,1.78501307498,-4.95389827234,0.137554585153,0.0652173913043,0.047619047619,0,-0.921832884097,,0,,,,,,,,0,0.333333333333,0.166666666667
2022,000231,ALL,SEASON,Chris Cloutier,A,9,218,19,0,0,0,14,0,40,39,1,13,0,31,1,319,34,218,0,0,0,0,0,0,40,13,13,0,0,0.300534423137,0.153638814016,0.0578299824238,0.497497914929,0.521718602455,0.325,0.775,0.325,0.0871559633028,-6.39306383161,0.97187986961,0.12539184953,0.0294117647059,0.025,0,-0.307277628032,,0,,,,,,,,0,1.55555555556,0
2022,000231,CHA,STINT,Chris Cloutier,A,9,218,19,0,0,0,14,0,40,39,1,13,0,31,1,319,34,218,0,0,0,0,0,0,40,13,13,0,0,0.300534423137,0.153638814016,0.0578299824238,0.497497914929,0.521718602455,0.325,0.775,0.325,0.0871559633028,-6.39306383161,0.97187986961,0.12539184953,0.0294117647059,0.025,0,-0.307277628032,,0,,,,,,,,0,1.55555555556,0
2022,000234,ALL,SEASON,Eric Law,A,11,376,25,0,0,1,12,3,36,36,0,18,0,29,2,445,69,296,0,0,0,0,0,0,36,18,18,0,0,0.300534423137,0.153638814016,0.0578299824238,0.497497914929,0.521718602455,0.5,0.805555555556,0.5,0.0664893617021,-3.25592660865,7.18076076705,0.0808988764045,0,0,,,,0,,,,,,,,0.0909090909091,1.09090909091,0.272727272727
2022,000234,ATL,STINT,Eric Law,A,11,376,25,0,0,1,12,3,36,36,0,18,0,29,2,445,69,296,0,0,0,0,0,0,36,18,18,0,0,0.300534423137,0.153638814016,0.0578299824238,0.497497914929,0.521718602455,0.5,0.805555555556,0.5,0.0664893617021,-3.25592660865,7.18076076705,0.0808988764045,0,0,,,,0,,,,,,,,0.0909090909091,1.09090909091,0.272727272727
2022,000235,ALL,SEASON,Jake Richard,SSDM,11,90,3,0,0,8,9,5,7,4,3,1,0,5,0,445,69,296,0,0,0,0,0,0,7,1,1,0,0,0.300534423137,0.153638814016,0.0578299824238,0.497497914929,0.521718602455,0.142857142857,0.714285714286,0.142857142857,0.0333333333333,2.20469841814,-1.12397057665,0.0157303370787,0.0434782608696,0.428571428571,0,-0.921832884097,,0,,,,,,,,0.727272727273,0.818181818182,0.454545454545
2022,000235,ATL,STINT,Jake Richard,SSDM,11,90,3,0,0,8,9,5,7,4,3,1,0,5,0,445,69,296,0,0,0,0,0,0,7,1,1,0,0,0.300534423137,0.153638814016,0.0578299824238,0.497497914929,0.521718602455,0.142857142857,0.714285714286,0.142857142857,0.0333333333333,2.20469841814,-1.12397057665,0.0157303370787,0.0434782608696,0.428571428571,0,-0.921832884097,,0,,,,,,,,0.727272727273,0.818181818182,0.454545454545
2022,000238,ALL,SEASON,John Crawley,M,9,99,8,0,0,0,3,0,22,21,1,4,0,13,2,357,50,241,0,0,0,0,0,0,22,4,4,0,0,0.300534423137,0.153638814016,0.0578299824238,0.497497914929,0.521718602455,0.181818181818,0.590909090909,0.181818181818,0.0808080808081,-2.27483174004,-2.61850051392,0.0616246498599,0.02,0.0454545454545,0,-0.307277628032,,0,,,,,,,,0,0.333333333333,0
2022,000238,ATL,STINT,John Crawley,M,9,99,8,0,0,0,3,0,22,21,1,4,0,13,2,357,50,241,0,0,0,0,0,0,22,4,4,0,0,0.300534423137,0.153638814016,0.0578299824238,0.497497914929,0.521718602455,0.181818181818,0.590909090909,0.181818181818,0.0808080808081,-2.27483174004,-2.61850051392,0.0616246498599,0.02,0.0454545454545,0,-0.307277628032,,0,,,,,,,,0,0.333333333333,0
2022,000240,ALL,SEASON,Kieran McArdle,A,13,461,35,0,0,0,26,1,78,76,2,26,0,54,4,545,52,371,0,0,0,0,0,0,78,26,26,0,0,0.300534423137,0.153638814016,0.0578299824238,0.497497914929,0.521718602455,0.333333333333,0.692307692308,0.333333333333,0.0759219088937,-8.34037810263,2.54482858549,0.143119266055,0.0384615384615,0.025641025641,0,-0.614555256065,,0,,,,,,,,0,2,0.0769230769231
2022,000240,WAT,STINT,Kieran McArdle,A,13,461,35,0,0,0,26,1,78,76,2,26,0,54,4,545,52,371,0,0,0,0,0,0,78,26,26,0,0,0.300534423137,0.153638814016,0.0578299824238,0.497497914929,0.521718602455,0.333333333333,0.692307692308,0.333333333333,0.0759219088937,-8.34037810263,2.54482858549,0.143119266055,0.0384615384615,0.025641025641,0,-0.614555256065,,0,,,,,,,,0,2,0.0769230769231
2022,000241,ALL,SEASON,Jack Concannon,G,11,102,6,0,0,2,21,1,0,0,0,0,0,0,0,445,69,296,113,17,106,10,17,27,0,0,0,130,246,0.300534423137,0.153638814016,0.0578299824238,0.497497914929,0.521718602455,,,,0.0588235294118,-0.101341792772,,0,0,,,,,0,,0.528455284553,0.51598173516,0.62962962963,1.65722379603,0.93536121673,0.102661596958,0.181818181818,1.90909090909,0.0909090909091
2022,000241,ATL,STINT,Jack Concannon,G,11,102,6,0,0,2,21,1,0,0,0,0,0,0,0,445,69,296,113,17,106,10,17,27,0,0,0,130,246,0.300534423137,0.153638814016,0.0578299824238,0.497497914929,0.521718602455,,,,0.0588235294118,-0.101341792772,,0,0,,,,,0,,0.528455284553,0.51598173516,0.62962962963,1.65722379603,0.93536121673,0.102661596958,0.181818181818,1.90909090909,0.0909090909091
2022,000242,ALL,SEASON,Kyle Hartzell,LSM,9,35,2,1,0,5,10,1,4,1,3,1,1,3,0,354,48,248,0,0,0,0,0,0,4,2,3,0,0,0.300534423137,0.153638814016,0.0578299824238,0.497497914929,0.521718602455,0.5,0.75,0.75,0.0571428571429,0.024049384833,1.77763269277,0.0112994350282,0.0625,0.75,0.333333333333,1.0781671159,0,0.00403225806452,-0.497497914929,,,,,,,0.555555555556,1.11111111111,0.111111111111
2022,000242,RED,STINT,Kyle Hartzell,LSM,9,35,2,1,0,5,10,1,4,1,3,1,1,3,0,354,48,248,0,0,0,0,0,0,4,2,3,0,0,0.300534423137,0.153638814016,0.0578299824238,0.497497914929,0.521718602455,0.5,0.75,0.75,0.0571428571429,0.024049384833,1.77763269277,0.0112994350282,0.0625,0.75,0.333333333333,1.0781671159,0,0.00403225806452,-0.497497914929,,,,,,,0.555555555556,1.11111111111,0.111111111111
2022,000246,ALL,SEASON,Ryan Brown,A,8,80,2,0,0,1,3,2,43,41,2,9,1,27,1,338,35,220,0,0,0,0,0,0,43,10,11,0,0,0.300534423137,0.153638814016,0.0578299824238,0.497497914929,0.521718602455,0.232558139535,0.627906976744,0.255813953488,0.025,2.6263985939,-1.9364666047,0.127218934911,0.0571428571429,0.046511627907,0.5,1.38544474394,,0,,,,,,,,0.125,0.375,0.25
2022,000246,WAT,STINT,Ryan Brown,A,8,80,2,0,0,1,3,2,43,41,2,9,1,27,1,338,35,220,0,0,0,0,0,0,43,10,11,0,0,0.300534423137,0.153638814016,0.0578299824238,0.497497914929,0.521718602455,0.232558139535,0.627906976744,0.255813953488,0.025,2.6263985939,-1.9364666047,0.127218934911,0.0571428571429,0.046511627907,0.5,1.38544474394,,0,,,,,,,,0.125,0.375,0.25
2022,000251,ALL,SEASON,Steven DeNapoli,SSDM,7,27,2,0,0,1,5,0,4,4,0,3,0,4,0,289,26,205,0,0,0,0,0,0,4,3,3,0,0,0.300534423137,0.153638814016,0.0578299824238,0.497497914929,0.521718602455,0.75,1,0.75,0.0740740740741,-0.438590474557,1.79786230745,0.0138408304498,0,0,,,,0,,,,,,,,0.142857142857,0.714285714286,0
2022,000251,WAT,STINT,Steven DeNapoli,SSDM,7,27,2,0,0,1,5,0,4,4,0,3,0,4,0,289,26,205,0,0,0,0,0,0,4,3,3,0,0,0.300534423137,0.153638814016,0.0578299824238,0.497497914929,0.521718602455,0.75,1,0.75,0.0740740740741,-0.438590474557,1.79786230745,0.0138408304498,0,0,,,,0,,,,,,,,0.142857142857,0.714285714286,0
2022,000254,ALL,SEASON,Trevor Baptiste,FO,10,121,5,251,169,1,90,5,19,17,2,4,1,12,1,404,64,265,0,0,0,0,0,0,19,5,6,0,0,0.300534423137,0.153638814016,0.0578299824238,0.497497914929,0.521718602455,0.263157894737,0.631578947368,0.315789473684,0.0413223140496,1.99742787328,0.2763595506,0.0470297029703,0.03125,0.105263157895,0.5,1.38544474394,0.673306772908,0.947169811321,44.1280233528,,,,,,,0.1,9,0.5
2022,000254,ATL,STINT,Trevor Baptiste,FO,10,121,5,251,169,1,90,5,19,17,2,4,1,12,1,404,64,265,0,0,0,0,0,0,19,5,6,0,0,0.300534423137,0.153638814016,0.0578299824238,0.497497914929,0.521718602455,0.263157894737,0.631578947368,0.315789473684,0.0413223140496,1.99742787328,0.2763595506,0.0470297029703,0.03125,0.105263157895,0.5,1.38544474394,0.673306772908,0.947169811321,44.1280233528,,,,,,,0.1,9,0.5
2022,000255,ALL,SEASON,Tucker Durkin,D,11,37,2,0,0,6,11,2,0,0,0,0,0,0,0,445,69,296,0,0,0,0,0,0,0,0,0,0,0,0.300534423137,0.153638814016,0.0578299824238,0.497497914929,0.521718602455,,,,0.0540540540541,0.139709349681,,0,0,,,,,0,,,,,,,,0.545454545455,1,0.181818181818
2022,000255,ATL,STINT,Tucker Durkin,D,11,37,2,0,0,6,11,2,0,0,0,0,0,0,0,445,69,296,0,0,0,0,0,0,0,0,0,0,0,0.300534423137,0.153638814016,0.0578299824238,0.497497914929,0.521718602455,,,,0.0540540540541,0.139709349681,,0,0,,,,,0,,,,,,,,0.545454545455,1,0.181818181818
2022,000256,ALL,SEASON,Austin Staats,,2,40,7,0,0,0,0,0,8,8,0,1,0,5,0,57,8,49,0,0,0,0,0,0,8,1,1,0,0,0.300534423137,0.153638814016,0.0578299824238,0.497497914929,0.521718602455,0.125,0.625,0.125,0.175,-4.68680070305,-1.4042753851,0.140350877193,0,0,,,,0,,,,,,,,0,0,0
2022,000256,CHA,STINT,Austin Staats,,2,40,7,0,0,0,0,0,8,8,0,1,0,5,0,57,8,49,0,0,0,0,0,0,8,1,1,0,0,0.300534423137,0.153638814016,0.0578299824238,0.497497914929,0.521718602455,0.125,0.625,0.125,0.175,-4.68680070305,-1.4042753851,0.140350877193,0,0,,,,0,,,,,,,,0,0,0
2022,000258,ALL,SEASON,Blaze Riorden,G,13,203,4,0,0,6,24,0,3,0,3,0,0,1,0,432,50,315,160,22,131,8,17,31,3,0,0,182,321,0.300534423137,0.153638814016,0.0578299824238,0.497497914929,0.521718602455,0,0.333333333333,0,0.0197044334975,7.73948643203,-0.921832884097,0.00694444444444,0.06,1,0,-0.921832884097,,0,,0.566978193146,0.549828178694,0.733333333333,14.5283286119,0.949704142012,0.0917159763314,0.461538461538,1.84615384615,0
2022,000258,CHA,STINT,Blaze Riorden,G,13,203,4,0,0,6,24,0,3,0,3,0,0,1,0,432,50,315,160,22,131,8,17,31,3,0,0,182,321,0.300534423137,0.153638814016,0.0578299824238,0.497497914929,0.521718602455,0,0.333333333333,0,0.0197044334975,7.73948643203,-0.921832884097,0.00694444444444,0.06,1,0,-0.921832884097,,0,,0.566978193146,0.549828178694,0.733333333333,14.5283286119,0.949704142012,0.0917159763314,0.461538461538,1.84615384615,0
2022,000260,ALL,SEASON,Brodie Merrill,LSM,6,34,3,0,0,6,15,2,0,0,0,0,0,0,0,229,20,163,0,0,0,0,0,0,0,0,0,0,0,0.300534423137,0.153638814016,0.0578299824238,0.497497914929,0.521718602455,,,,0.0882352941176,-1.03378059759,,0,0,,,,,0,,,,,,,,1,2.5,0.333333333333
2022,000260,CAN,STINT,Brodie Merrill,LSM,6,34,3,0,0,6,15,2,0,0,0,0,0,0,0,229,20,163,0,0,0,0,0,0,0,0,0,0,0,0.300534423137,0.153638814016,0.0578299824238,0.497497914929,0.521718602455,,,,0.0882352941176,-1.03378059759,,0,0,,,,,0,,,,,,,,1,2.5,0.333333333333
2022,000262,ALL,SEASON,Connor Fields,M,8,196,10,0,0,2,13,0,42,41,1,15,0,32,1,313,29,204,0,0,0,0,0,0,42,15,15,0,0,0.300534423137,0.153638814016,0.0578299824238,0.497497914929,0.521718602455,0.357142857143,0.761904761905,0.357142857143,0.0510204081633,1.33467655506,2.37081102334,0.134185303514,0.0344827586207,0.0238095238095,0,-0.307277628032,,0,,,,,,,,0.25,1.625,0
2022,000262,ARC,STINT,Connor Fields,M,8,196,10,0,0,2,13,0,42,41,1,15,0,32,1,313,29,204,0,0,0,0,0,0,42,15,15,0,0,0.300534423137,0.153638814016,0.0578299824238,0.497497914929,0.521718602455,0.357142857143,0.761904761905,0.357142857143,0.0510204081633,1.33467655506,2.37081102334,0.134185303514,0.0344827586207,0.0238095238095,0,-0.307277628032,,0,,,,,,,,0.25,1.625,0
2022,000266,ALL,SEASON,Dhane Smith,M,10,357,23,0,0,2,7,1,41,40,1,8,0,26,2,354,39,246,0,0,0,0,0,0,41,8,8,0,0,0.300534423137,0.153638814016,0.0578299824238,0.497497914929,0.521718602455,0.19512195122,0.634146341463,0.19512195122,0.0644257703081,-2.3546962747,-4.32865455353,0.11581920904,0.025641025641,0.0243902439024,0,-0.307277628032,,0,,,,,,,,0.2,0.7,0.1
2022,000266,CHA,STINT,Dhane Smith,M,10,357,23,0,0,2,7,1,41,40,1,8,0,26,2,354,39,246,0,0,0,0,0,0,41,8,8,0,0,0.300534423137,0.153638814016,0.0578299824238,0.497497914929,0.521718602455,0.19512195122,0.634146341463,0.19512195122,0.0644257703081,-2.3546962747,-4.32865455353,0.11581920904,0.025641025641,0.0243902439024,0,-0.307277628032,,0,,,,,,,,0.2,0.7,0.1
2022,000267,ALL,SEASON,Jake Froccaro,M,5,113,3,3,0,1,8,1,20,12,8,0,1,11,0,200,16,142,0,0,0,0,0,0,20,1,2,0,0,0.300534423137,0.153638814016,0.0578299824238,0.497497914929,0.521718602455,0.05,0.55,0.1,0.0265486725664,3.53478801389,-4.06463410191,0.1,0.5,0.4,0.125,-0.458221024259,0,0.0211267605634,-1.49249374479,,,,,,,0.2,1.6,0.2
2022,000267,CAN,STINT,Jake Froccaro,M,5,113,3,3,0,1,8,1,20,12,8,0,1,11,0,200,16,142,0,0,0,0,0,0,20,1,2,0,0,0.300534423137,0.153638814016,0.0578299824238,0.497497914929,0.521718602455,0.05,0.55,0.1,0.0265486725664,3.53478801389,-4.06463410191,0.1,0.5,0.4,0.125,-0.458221024259,0,0.0211267605634,-1.49249374479,,,,,,,0.2,1.6,0.2
2022,000268,ALL,SEASON,James Barclay,D,1,4,0,0,0,0,2,0,1,1,0,0,0,1,0,50,1,30,0,0,0,0,0,0,1,0,0,0,0,0.300534423137,0.153638814016,0.0578299824238,0.497497914929,0.521718602455,0,1,0,0,0.231319929695,-0.300534423137,0.02,0,0,,,,0,,,,,,,,0,2,0
2022,000268,WHP,STINT,James Barclay,D,1,4,0,0,0,0,2,0,1,1,0,0,0,1,0,50,1,30,0,0,0,0,0,0,1,0,0,0,0,0.300534423137,0.153638814016,0.0578299824238,0.497497914929,0.521718602455,0,1,0,0,0.231319929695,-0.300534423137,0.02,0,0,,,,0,,,,,,,,0,2,0
2022,000269,ALL,SEASON,Jarrod Neumann,D,13,59,6,0,0,7,17,2,7,0,7,0,0,2,0,432,50,315,0,0,0,0,0,0,7,0,0,0,0,0.300534423137,0.153638814016,0.0578299824238,0.497497914929,0.521718602455,0,0.285714285714,0,0.101694915254,-2.588031037,-2.15094339623,0.0162037037037,0.14,1,0,-2.15094339623,,0,,,,,,,,0.538461538462,1.30769230769,0.153846153846
2022,000269,CHA,STINT,Jarrod Neumann,D,13,59,6,0,0,7,17,2,7,0,7,0,0,2,0,432,50,315,0,0,0,0,0,0,7,0,0,0,0,0.300534423137,0.153638814016,0.0578299824238,0.497497914929,0.521718602455,0,0.285714285714,0,0.101694915254,-2.588031037,-2.15094339623,0.0162037037037,0.14,1,0,-2.15094339623,,0,,,,,,,,0.538461538462,1.30769230769,0.153846153846
2022,000272,ALL,SEASON,Josh Byrne,A,10,315,18,0,0,2,14,3,77,76,1,21,0,44,3,354,39,246,0,0,0,0,0,0,77,21,21,0,0,0.300534423137,0.153638814016,0.0578299824238,0.497497914929,0.521718602455,0.272727272727,0.571428571429,0.272727272727,0.0571428571429,0.216444463497,-2.14789378647,0.217514124294,0.025641025641,0.012987012987,0,-0.307277628032,,0,,,,,,,,0.2,1.4,0.3
2022,000272,CHA,STINT,Josh Byrne,A,10,315,18,0,0,2,14,3,77,76,1,21,0,44,3,354,39,246,0,0,0,0,0,0,77,21,21,0,0,0.300534423137,0.153638814016,0.0578299824238,0.497497914929,0.521718602455,0.272727272727,0.571428571429,0.272727272727,0.0571428571429,0.216444463497,-2.14789378647,0.217514124294,0.025641025641,0.012987012987,0,-0.307277628032,,0,,,,,,,,0.2,1.4,0.3
2022,000275,ALL,SEASON,Mark Glicini,SSDM,11,56,2,0,0,3,10,1,2,1,1,1,0,2,0,367,43,265,0,0,0,0,0,0,2,1,1,0,0,0.300534423137,0.153638814016,0.0578299824238,0.497497914929,0.521718602455,0.5,1,0.5,0.0357142857143,1.23847901573,0.39218794883,0.00544959128065,0.0232558139535,0.5,0,-0.307277628032,,0,,,,,,,,0.272727272727,0.909090909091,0.0909090909091
2022,000275,CHA,STINT,Mark Glicini,SSDM,11,56,2,0,0,3,10,1,2,1,1,1,0,2,0,367,43,265,0,0,0,0,0,0,2,1,1,0,0,0.300534423137,0.153638814016,0.0578299824238,0.497497914929,0.521718602455,0.5,1,0.5,0.0357142857143,1.23847901573,0.39218794883,0.00544959128065,0.0232558139535,0.5,0,-0.307277628032,,0,,,,,,,,0.272727272727,0.909090909091,0.0909090909091
2022,000276,ALL,SEASON,Matt Rees,D,8,39,3,0,0,5,11,2,6,2,4,1,1,4,1,285,28,188,0,0,0,0,0,0,6,2,3,0,0,0.300534423137,0.153638814016,0.0578299824238,0.497497914929,0.521718602455,0.333333333333,0.666666666667,0.5,0.0769230769231,-0.744630685472,1.1698206416,0.0210526315789,0.142857142857,0.666666666667,0.25,0.770889487871,,0,,,,,,,,0.625,1.375,0.25
2022,000276,CHA,STINT,Matt Rees,D,8,39,3,0,0,5,11,2,6,2,4,1,1,4,1,285,28,188,0,0,0,0,0,0,6,2,3,0,0,0.300534423137,0.153638814016,0.0578299824238,0.497497914929,0.521718602455,0.333333333333,0.666666666667,0.5,0.0769230769231,-0.744630685472,1.1698206416,0.0210526315789,0.142857142857,0.666666666667,0.25,0.770889487871,,0,,,,,,,,0.625,1.375,0.25
2022,000278,ALL,SEASON,Myles Jones,M,11,249,14,0,0,1,8,2,59,44,15,10,3,30,2,412,53,288,0,0,0,0,0,0,59,13,16,0,0,0.300534423137,0.153638814016,0.0578299824238,0.497497914929,0.521718602455,0.220338983051,0.508474576271,0.271186440678,0.0562248995984,0.399665623526,-1.83267903853,0.143203883495,0.283018867925,0.254237288136,0.2,1.39083557951,,0,,,,,,,,0.0909090909091,0.727272727273,0.181818181818
2022,000278,RED,STINT,Myles Jones,M,11,249,14,0,0,1,8,2,59,44,15,10,3,30,2,412,53,288,0,0,0,0,0,0,59,13,16,0,0,0.300534423137,0.153638814016,0.0578299824238,0.497497914929,0.521718602455,0.220338983051,0.508474576271,0.271186440678,0.0562248995984,0.399665623526,-1.83267903853,0.143203883495,0.283018867925,0.254237288136,0.2,1.39083557951,,0,,,,,,,,0.0909090909091,0.727272727273,0.181818181818
2022,000279,ALL,SEASON,Patrick Resch,SSDM,13,99,4,0,0,9,19,0,4,2,2,1,0,3,0,432,50,315,0,0,0,0,0,0,4,1,1,0,0,0.300534423137,0.153638814016,0.0578299824238,0.497497914929,0.521718602455,0.25,0.75,0.25,0.040404040404,1.72516825996,-0.215624102339,0.00925925925926,0.04,0.5,0,-0.614555256065,,0,,,,,,,,0.692307692308,1.46153846154,0
2022,000279,CHA,STINT,Patrick Resch,SSDM,13,99,4,0,0,9,19,0,4,2,2,1,0,3,0,432,50,315,0,0,0,0,0,0,4,1,1,0,0,0.300534423137,0.153638814016,0.0578299824238,0.497497914929,0.521718602455,0.25,0.75,0.25,0.040404040404,1.72516825996,-0.215624102339,0.00925925925926,0.04,0.5,0,-0.614555256065,,0,,,,,,,,0.692307692308,1.46153846154,0
2022,000280,ALL,SEASON,Thomas Kelly,FO,5,18,3,115,52,0,23,0,1,1,0,1,0,1,0,147,22,127,0,0,0,0,0,0,1,1,1,0,0,0.300534423137,0.153638814016,0.0578299824238,0.497497914929,0.521718602455,1,1,1,0.166666666667,-1.95906031637,0.699465576863,0.00680272108844,0,0,,,0.452173913043,0.905511811024,-5.21226021685,,,,,,,0,4.6,0
2022,000280,CHA,STINT,Thomas Kelly,FO,5,18,3,115,52,0,23,0,1,1,0,1,0,1,0,147,22,127,0,0,0,0,0,0,1,1,1,0,0,0.300534423137,0.153638814016,0.0578299824238,0.497497914929,0.521718602455,1,1,1,0.166666666667,-1.95906031637,0.699465576863,0.00680272108844,0,0,,,0.452173913043,0.905511811024,-5.21226021685,,,,,,,0,4.6,0
2022,000281,ALL,SEASON,Troy Reh,LSM,13,102,1,2,0,9,33,4,4,2,2,1,0,4,1,432,50,315,0,0,0,0,0,0,4,1,1,0,0,0.300534423137,0.153638814016,0.0578299824238,0.497497914929,0.521718602455,0.25,1,0.25,0.00980392156863,4.89865820723,-0.215624102339,0.00925925925926,0.04,0.5,0,-0.614555256065,0,0.00634920634921,-0.994995829858,,,,,,,0.692307692308,2.53846153846,0.307692307692
2022,000281,CHA,STINT,Troy Reh,LSM,13,102,1,2,0,9,33,4,4,2,2,1,0,4,1,432,50,315,0,0,0,0,0,0,4,1,1,0,0,0.300534423137,0.153638814016,0.0578299824238,0.497497914929,0.521718602455,0.25,1,0.25,0.00980392156863,4.89865820723,-0.215624102339,0.00925925925926,0.04,0.5,0,-0.614555256065,0,0.00634920634921,-0.994995829858,,,,,,,0.692307692308,2.53846153846,0.307692307692
2022,000282,ALL,SEASON,Tyson Bell,LSM,5,25,2,0,0,1,5,5,3,3,0,1,0,1,0,200,16,142,0,0,0,0,0,0,3,1,1,0,0,0.300534423137,0.153638814016,0.0578299824238,0.497497914929,0.521718602455,0.333333333333,0.333333333333,0.333333333333,0.08,-0.554250439405,0.0983967305879,0.015,0,0,,,,0,,,,,,,,0.2,1,1
2022,000282,CAN,STINT,Tyson Bell,LSM,5,25,2,0,0,1,5,5,3,3,0,1,0,1,0,200,16,142,0,0,0,0,0,0,3,1,1,0,0,0.300534423137,0.153638814016,0.0578299824238,0.497497914929,0.521718602455,0.333333333333,0.333333333333,0.333333333333,0.08,-0.554250439405,0.0983967305879,0.015,0,0,,,,0,,,,,,,,0.2,1,1
2022,000294,ALL,SEASON,John Ranagan,M,3,36,2,0,0,0,1,0,4,4,0,1,0,3,0,114,8,71,0,0,0,0,0,0,4,1,1,0,0,0.300534423137,0.153638814016,0.0578299824238,0.497497914929,0.521718602455,0.25,0.75,0.25,0.0555555555556,0.0818793672568,-0.20213769255,0.0350877192982,0,0,,,,0,,,,,,,,0,0.333333333333,0
2022,000294,CHR,STINT,John Ranagan,M,3,36,2,0,0,0,1,0,4,4,0,1,0,3,0,114,8,71,0,0,0,0,0,0,4,1,1,0,0,0.300534423137,0.153638814016,0.0578299824238,0.497497914929,0.521718602455,0.25,0.75,0.25,0.0555555555556,0.0818793672568,-0.20213769255,0.0350877192982,0,0,,,,0,,,,,,,,0,0.333333333333,0
2022,000295,ALL,SEASON,Jordan MacIntosh,M,10,184,17,0,0,2,8,0,41,40,1,13,1,29,1,367,22,251,0,0,0,0,0,0,41,14,15,0,0,0.300534423137,0.153638814016,0.0578299824238,0.497497914929,0.521718602455,0.341463414634,0.707317073171,0.365853658537,0.0923913043478,-6.35928323402,2.67134544647,0.111716621253,0.0454545454545,0.0243902439024,1,1.69272237197,,0,,,,,,,,0.2,0.8,0
2022,000295,CHR,STINT,Jordan MacIntosh,M,10,184,17,0,0,2,8,0,41,40,1,13,1,29,1,367,22,251,0,0,0,0,0,0,41,14,15,0,0,0.300534423137,0.153638814016,0.0578299824238,0.497497914929,0.521718602455,0.341463414634,0.707317073171,0.365853658537,0.0923913043478,-6.35928323402,2.67134544647,0.111716621253,0.0454545454545,0.0243902439024,1,1.69272237197,,0,,,,,,,,0.2,0.8,0
2022,000298,ALL,SEASON,Justin Guterding,M,7,166,9,0,0,2,5,1,25,25,0,6,0,17,3,282,29,165,0,0,0,0,0,0,25,6,6,0,0,0.300534423137,0.153638814016,0.0578299824238,0.497497914929,0.521718602455,0.24,0.68,0.24,0.0542168674699,0.599777082351,-1.51336057843,0.0886524822695,0,0,,,,0,,,,,,,,0.285714285714,0.714285714286,0.142857142857
2022,000298,WHP,STINT,Justin Guterding,M,7,166,9,0,0,2,5,1,25,25,0,6,0,17,3,282,29,165,0,0,0,0,0,0,25,6,6,0,0,0.300534423137,0.153638814016,0.0578299824238,0.497497914929,0.521718602455,0.24,0.68,0.24,0.0542168674699,0.599777082351,-1.51336057843,0.0886524822695,0,0,,,,0,,,,,,,,0.285714285714,0.714285714286,0.142857142857
2022,000302,ALL,SEASON,Michael Manley,D,11,91,2,0,0,13,21,4,8,4,4,1,0,6,1,405,25,270,0,0,0,0,0,0,8,1,1,0,0,0.300534423137,0.153638814016,0.0578299824238,0.497497914929,0.521718602455,0.125,0.75,0.125,0.021978021978,3.26252840057,-1.43124820468,0.0197530864198,0.16,0.5,0,-1.22911051213,,0,,,,,,,,1.18181818182,1.90909090909,0.363636363636
2022,000302,CHR,STINT,Michael Manley,D,11,91,2,0,0,13,21,4,8,4,4,1,0,6,1,405,25,270,0,0,0,0,0,0,8,1,1,0,0,0.300534423137,0.153638814016,0.0578299824238,0.497497914929,0.521718602455,0.125,0.75,0.125,0.021978021978,3.26252840057,-1.43124820468,0.0197530864198,0.16,0.5,0,-1.22911051213,,0,,,,,,,,1.18181818182,1.90909090909,0.363636363636
2022,000305,ALL,SEASON,Romar Dennis,M,9,106,3,0,0,1,1,1,31,14,17,3,3,16,1,382,62,238,0,0,0,0,0,0,31,6,9,0,0,0.300534423137,0.153638814016,0.0578299824238,0.497497914929,0.521718602455,0.193548387097,0.516129032258,0.290322580645,0.0283018867925,3.12997813692,-0.431201600473,0.0811518324607,0.274193548387,0.548387096774,0.176470588235,0.77628032345,,0,,,,,,,,0.111111111111,0.111111111111,0.111111111111
2022,000305,ATL,STINT,Romar Dennis,M,9,106,3,0,0,1,1,1,31,14,17,3,3,16,1,382,62,238,0,0,0,0,0,0,31,6,9,0,0,0.300534423137,0.153638814016,0.0578299824238,0.497497914929,0.521718602455,0.193548387097,0.516129032258,0.290322580645,0.0283018867925,3.12997813692,-0.431201600473,0.0811518324607,0.274193548387,0.548387096774,0.176470588235,0.77628032345,,0,,,,,,,,0.111111111111,0.111111111111,0.111111111111
2022,000308,ALL,SEASON,Will Haus,SSDM,11,101,3,0,0,6,17,1,8,7,1,2,0,6,0,405,25,270,0,0,0,0,0,0,8,2,2,0,0,0.300534423137,0.153638814016,0.0578299824238,0.497497914929,0.521718602455,0.25,0.75,0.25,0.029702970297,2.8408282248,-0.411018589994,0.0197530864198,0.04,0.125,0,-0.307277628032,,0,,,,,,,,0.545454545455,1.54545454545,0.0909090909091
2022,000308,CHR,STINT,Will Haus,SSDM,11,101,3,0,0,6,17,1,8,7,1,2,0,6,0,405,25,270,0,0,0,0,0,0,8,2,2,0,0,0.300534423137,0.153638814016,0.0578299824238,0.497497914929,0.521718602455,0.25,0.75,0.25,0.029702970297,2.8408282248,-0.411018589994,0.0197530864198,0.04,0.125,0,-0.307277628032,,0,,,,,,,,0.545454545455,1.54545454545,0.0909090909091
2022,000310,ALL,SEASON,Brent Adams,M,1,7,0,0,0,0,0,0,2,2,0,0,0,0,0,48,7,25,0,0,0,0,0,0,2,0,0,0,0,0.300534423137,0.153638814016,0.0578299824238,0.497497914929,0.521718602455,0,0,0,0,0.404809876967,-0.601068846275,0.0416666666667,0,0,,,,0,,,,,,,,0,0,0
2022,000310,ATL,STINT,Brent Adams,M,1,7,0,0,0,0,0,0,2,2,0,0,0,0,0,48,7,25,0,0,0,0,0,0,2,0,0,0,0,0.300534423137,0.153638814016,0.0578299824238,0.497497914929,0.521718602455,0,0,0,0,0.404809876967,-0.601068846275,0.0416666666667,0,0,,,,0,,,,,,,,0,0,0
2022,000314,ALL,SEASON,Eddy Glazener,D,9,56,2,0,0,10,15,0,6,1,5,0,2,6,0,335,41,235,0,0,0,0,0,0,6,2,4,0,0,0.300534423137,0.153638814016,0.0578299824238,0.497497914929,0.521718602455,0.333333333333,1,0.666666666667,0.0357142857143,1.23847901573,2.1630774367,0.0179104477612,0.121951219512,0.833333333333,0.4,2.46361185984,,0,,,,,,,,1.11111111111,1.66666666667,0
2022,000314,RED,STINT,Eddy Glazener,D,9,56,2,0,0,10,15,0,6,1,5,0,2,6,0,335,41,235,0,0,0,0,0,0,6,2,4,0,0,0.300534423137,0.153638814016,0.0578299824238,0.497497914929,0.521718602455,0.333333333333,1,0.666666666667,0.0357142857143,1.23847901573,2.1630774367,0.0179104477612,0.121951219512,0.833333333333,0.4,2.46361185984,,0,,,,,,,,1.11111111111,1.66666666667,0
2022,000315,ALL,SEASON,Garrett Epple,D,11,77,4,0,0,19,19,5,1,0,1,0,0,0,0,412,53,288,0,0,0,0,0,0,1,0,0,0,0,0.300534423137,0.153638814016,0.0578299824238,0.497497914929,0.521718602455,0,0,0,0.0519480519481,0.452908646633,-0.307277628032,0.00242718446602,0.0188679245283,1,0,-0.307277628032,,0,,,,,,,,1.72727272727,1.72727272727,0.454545454545
2022,000315,RED,STINT,Garrett Epple,D,11,77,4,0,0,19,19,5,1,0,1,0,0,0,0,412,53,288,0,0,0,0,0,0,1,0,0,0,0,0.300534423137,0.153638814016,0.0578299824238,0.497497914929,0.521718602455,0,0,0,0.0519480519481,0.452908646633,-0.307277628032,0.00242718446602,0.0188679245283,1,0,-0.307277628032,,0,,,,,,,,1.72727272727,1.72727272727,0.454545454545
2022,000318,ALL,SEASON,Jack Kelly,G,8,109,8,0,0,5,15,0,1,0,1,0,0,1,0,310,40,223,73,9,92,4,13,13,1,0,0,82,178,0.300534423137,0.153638814016,0.0578299824238,0.497497914929,0.521718602455,0,1,0,0.0733944954128,-1.69653191581,-0.307277628032,0.00322580645161,0.025,1,0,-0.307277628032,,0,,0.460674157303,0.442424242424,0.692307692308,-10.865911237,0.931937172775,0.0680628272251,0.625,1.875,0
2022,000318,RED,STINT,Jack Kelly,G,8,109,8,0,0,5,15,0,1,0,1,0,0,1,0,310,40,223,73,9,92,4,13,13,1,0,0,82,178,0.300534423137,0.153638814016,0.0578299824238,0.497497914929,0.521718602455,0,1,0,0.0733944954128,-1.69653191581,-0.307277628032,0.00322580645161,0.025,1,0,-0.307277628032,,0,,0.460674157303,0.442424242424,0.692307692308,-10.865911237,0.931937172775,0.0680628272251,0.625,1.875,0
2022,000319,ALL,SEASON,Jack Near,SSDM,8,52,1,0,0,0,11,0,0,0,0,0,0,0,0,295,40,206,0,0,0,0,0,0,0,0,0,0,0,0.300534423137,0.153638814016,0.0578299824238,0.497497914929,0.521718602455,,,,0.0192307692308,2.00715908604,,0,0,,,,,0,,,,,,,,0,1.375,0
2022,000319,RED,STINT,Jack Near,SSDM,8,52,1,0,0,0,11,0,0,0,0,0,0,0,0,295,40,206,0,0,0,0,0,0,0,0,0,0,0,0.300534423137,0.153638814016,0.0578299824238,0.497497914929,0.521718602455,,,,0.0192307692308,2.00715908604,,0,0,,,,,0,,,,,,,,0,1.375,0
2022,000322,ALL,SEASON,John Sexton,LSM,8,27,4,1,0,3,10,0,3,0,3,0,0,2,0,309,40,218,0,0,0,0,0,0,3,0,0,0,0,0.300534423137,0.153638814016,0.0578299824238,0.497497914929,0.521718602455,0,0.666666666667,0,0.148148148148,-2.43859047456,-0.921832884097,0.00970873786408,0.075,1,0,-0.921832884097,0,0.0045871559633,-0.497497914929,,,,,,,0.375,1.25,0
2022,000322,RED,STINT,John Sexton,LSM,8,27,4,1,0,3,10,0,3,0,3,0,0,2,0,309,40,218,0,0,0,0,0,0,3,0,0,0,0,0.300534423137,0.153638814016,0.0578299824238,0.497497914929,0.521718602455,0,0.666666666667,0,0.148148148148,-2.43859047456,-0.921832884097,0.00970873786408,0.075,1,0,-0.921832884097,0,0.0045871559633,-0.497497914929,,,,,,,0.375,1.25,0
2022,000327,ALL,SEASON,Matt Kavanagh,A,11,308,21,0,0,2,19,1,51,51,0,8,0,28,2,412,53,288,0,0,0,0,0,0,51,8,8,0,0,0.300534423137,0.153638814016,0.0578299824238,0.497497914929,0.521718602455,0.156862745098,0.549019607843,0.156862745098,0.0681818181818,-3.18836541347,-7.32725558001,0.123786407767,0,0,,,,0,,,,,,,,0.181818181818,1.72727272727,0.0909090909091
2022,000327,RED,STINT,Matt Kavanagh,A,11,308,21,0,0,2,19,1,51,51,0,8,0,28,2,412,53,288,0,0,0,0,0,0,51,8,8,0,0,0.300534423137,0.153638814016,0.0578299824238,0.497497914929,0.521718602455,0.156862745098,0.549019607843,0.156862745098,0.0681818181818,-3.18836541347,-7.32725558001,0.123786407767,0,0,,,,0,,,,,,,,0.181818181818,1.72727272727,0.0909090909091
2022,000331,ALL,SEASON,Patrick Harbeson,SSDM,3,23,0,0,0,0,2,0,1,1,0,0,0,1,0,117,13,82,0,0,0,0,0,0,1,0,0,0,0,0.300534423137,0.153638814016,0.0578299824238,0.497497914929,0.521718602455,0,1,0,0,1.33008959575,-0.300534423137,0.00854700854701,0,0,,,,0,,,,,,,,0,0.666666666667,0
2022,000331,RED,STINT,Patrick Harbeson,SSDM,3,23,0,0,0,0,2,0,1,1,0,0,0,1,0,117,13,82,0,0,0,0,0,0,1,0,0,0,0,0.300534423137,0.153638814016,0.0578299824238,0.497497914929,0.521718602455,0,1,0,0,1.33008959575,-0.300534423137,0.00854700854701,0,0,,,,0,,,,,,,,0,0.666666666667,0
2022,000333,ALL,SEASON,Sergio Perkovic,M,10,206,7,0,0,4,7,3,44,31,13,6,2,25,2,389,51,269,0,0,0,0,0,0,44,8,10,0,0,0.300534423137,0.153638814016,0.0578299824238,0.497497914929,0.521718602455,0.181818181818,0.568181818182,0.227272727273,0.0339805825243,4.9129763793,-3.31117628168,0.113110539846,0.254901960784,0.295454545455,0.153846153846,0.00539083557951,,0,,,,,,,,0.4,0.7,0.3
2022,000333,RED,STINT,Sergio Perkovic,M,10,206,7,0,0,4,7,3,44,31,13,6,2,25,2,389,51,269,0,0,0,0,0,0,44,8,10,0,0,0.300534423137,0.153638814016,0.0578299824238,0.497497914929,0.521718602455,0.181818181818,0.568181818182,0.227272727273,0.0339805825243,4.9129763793,-3.31117628168,0.113110539846,0.254901960784,0.295454545455,0.153846153846,0.00539083557951,,0,,,,,,,,0.4,0.7,0.3
2022,000337,ALL,SEASON,Bryce Young,D,11,54,3,0,0,8,18,5,0,0,0,0,0,0,0,462,47,266,0,0,0,0,0,0,0,0,0,0,0,0.300534423137,0.153638814016,0.0578299824238,0.497497914929,0.521718602455,,,,0.0555555555556,0.122819050885,,0,0,,,,,0,,,,,,,,0.727272727273,1.63636363636,0.454545454545
2022,000337,WHP,STINT,Bryce Young,D,11,54,3,0,0,8,18,5,0,0,0,0,0,0,0,462,47,266,0,0,0,0,0,0,0,0,0,0,0,0.300534423137,0.153638814016,0.0578299824238,0.497497914929,0.521718602455,,,,0.0555555555556,0.122819050885,,0,0,,,,,0,,,,,,,,0.727272727273,1.63636363636,0.454545454545
2022,000339,ALL,SEASON,Connor Kelly,M,13,321,20,0,0,1,16,2,71,55,16,14,4,35,1,545,52,371,0,0,0,0,0,0,71,18,22,0,0,0.300534423137,0.153638814016,0.0578299824238,0.497497914929,0.521718602455,0.253521126761,0.492957746479,0.30985915493,0.0623052959502,-1.43657564196,0.554164678927,0.130275229358,0.307692307692,0.225352112676,0.25,3.08355795148,,0,,,,,,,,0.0769230769231,1.23076923077,0.153846153846
2022,000339,WAT,STINT,Connor Kelly,M,13,321,20,0,0,1,16,2,71,55,16,14,4,35,1,545,52,371,0,0,0,0,0,0,71,18,22,0,0,0.300534423137,0.153638814016,0.0578299824238,0.497497914929,0.521718602455,0.253521126761,0.492957746479,0.30985915493,0.0623052959502,-1.43657564196,0.554164678927,0.130275229358,0.307692307692,0.225352112676,0.25,3.08355795148,,0,,,,,,,,0.0769230769231,1.23076923077,0.153846153846
2022,000345,ALL,SEASON,Jake Bernhardt,SSDM,9,57,0,0,0,2,5,1,3,3,0,2,0,3,0,386,35,217,0,0,0,0,0,0,3,2,2,0,0,0.300534423137,0.153638814016,0.0578299824238,0.497497914929,0.521718602455,0.666666666667,1,0.666666666667,0,3.29630899816,1.09839673059,0.00777202072539,0,0,,,,0,,,,,,,,0.222222222222,0.555555555556,0.111111111111
2022,000345,WHP,STINT,Jake Bernhardt,SSDM,9,57,0,0,0,2,5,1,3,3,0,2,0,3,0,386,35,217,0,0,0,0,0,0,3,2,2,0,0,0.300534423137,0.153638814016,0.0578299824238,0.497497914929,0.521718602455,0.666666666667,1,0.666666666667,0,3.29630899816,1.09839673059,0.00777202072539,0,0,,,,0,,,,,,,,0.222222222222,0.555555555556,0.111111111111
2022,000346,ALL,SEASON,Jay Carlson,A,8,102,11,0,0,6,10,1,32,32,0,11,0,24,2,339,35,192,0,0,0,0,0,0,32,11,11,0,0,0.300534423137,0.153638814016,0.0578299824238,0.497497914929,0.521718602455,0.34375,0.75,0.34375,0.107843137255,-5.10134179277,1.3828984596,0.094395280236,0,0,,,,0,,,,,,,,0.75,1.25,0.125
2022,000346,WHP,STINT,Jay Carlson,A,8,102,11,0,0,6,10,1,32,32,0,11,0,24,2,339,35,192,0,0,0,0,0,0,32,11,11,0,0,0.300534423137,0.153638814016,0.0578299824238,0.497497914929,0.521718602455,0.34375,0.75,0.34375,0.107843137255,-5.10134179277,1.3828984596,0.094395280236,0,0,,,,0,,,,,,,,0.75,1.25,0.125
2022,000350,ALL,SEASON,Joseph Nardella,FO,11,114,13,253,163,0,83,2,8,8,0,3,0,5,0,462,47,266,0,0,0,0,0,0,8,3,3,0,0,0.300534423137,0.153638814016,0.0578299824238,0.497497914929,0.521718602455,0.375,0.625,0.375,0.114035087719,-6.40738200369,0.595724614901,0.017316017316,0,0,,,0.644268774704,0.951127819549,37.1330275229,,,,,,,0,7.54545454545,0.181818181818
2022,000350,WHP,STINT,Joseph Nardella,FO,11,114,13,253,163,0,83,2,8,8,0,3,0,5,0,462,47,266,0,0,0,0,0,0,8,3,3,0,0,0.300534423137,0.153638814016,0.0578299824238,0.497497914929,0.521718602455,0.375,0.625,0.375,0.114035087719,-6.40738200369,0.595724614901,0.017316017316,0,0,,,0.644268774704,0.951127819549,37.1330275229,,,,,,,0,7.54545454545,0.181818181818
2022,000351,ALL,SEASON,Jules Heningburg,M,9,219,14,0,0,1,10,0,39,39,0,12,0,28,0,326,41,229,0,0,0,0,0,0,39,12,12,0,0,0.300534423137,0.153638814016,0.0578299824238,0.497497914929,0.521718602455,0.307692307692,0.717948717949,0.307692307692,0.0639269406393,-1.33523384919,0.279157497642,0.11963190184,0,0,,,,0,,,,,,,,0.111111111111,1.11111111111,0
2022,000351,RED,STINT,Jules Heningburg,M,9,219,14,0,0,1,10,0,39,39,0,12,0,28,0,326,41,229,0,0,0,0,0,0,39,12,12,0,0,0.300534423137,0.153638814016,0.0578299824238,0.497497914929,0.521718602455,0.307692307692,0.717948717949,0.307692307692,0.0639269406393,-1.33523384919,0.279157497642,0.11963190184,0,0,,,,0,,,,,,,,0.111111111111,1.11111111111,0
2022,000353,ALL,SEASON,Kyle Bernlohr,G,11,172,4,0,0,6,27,0,2,0,2,0,0,1,0,462,47,266,112,21,93,8,12,29,2,0,0,133,234,0.300534423137,0.153638814016,0.0578299824238,0.497497914929,0.521718602455,0,0.5,0,0.0232558139535,5.94675697689,-0.614555256065,0.004329004329,0.0425531914894,1,0,-0.614555256065,,0,,0.568376068376,0.546341463415,0.724137931034,10.9178470255,0.951219512195,0.117886178862,0.545454545455,2.45454545455,0
2022,000353,WHP,STINT,Kyle Bernlohr,G,11,172,4,0,0,6,27,0,2,0,2,0,0,1,0,462,47,266,112,21,93,8,12,29,2,0,0,133,234,0.300534423137,0.153638814016,0.0578299824238,0.497497914929,0.521718602455,0,0.5,0,0.0232558139535,5.94675697689,-0.614555256065,0.004329004329,0.0425531914894,1,0,-0.614555256065,,0,,0.568376068376,0.546341463415,0.724137931034,10.9178470255,0.951219512195,0.117886178862,0.545454545455,2.45454545455,0
2022,000354,ALL,SEASON,Matt Rambo,A,11,336,32,0,0,0,15,0,84,84,0,23,0,50,5,462,47,266,0,0,0,0,0,0,84,23,23,0,0,0.300534423137,0.153638814016,0.0578299824238,0.497497914929,0.521718602455,0.27380952381,0.595238095238,0.27380952381,0.0952380952381,-12.5691259056,-2.24489154354,0.181818181818,0,0,,,,0,,,,,,,,0,1.36363636364,0
2022,000354,WHP,STINT,Matt Rambo,A,11,336,32,0,0,0,15,0,84,84,0,23,0,50,5,462,47,266,0,0,0,0,0,0,84,23,23,0,0,0.300534423137,0.153638814016,0.0578299824238,0.497497914929,0.521718602455,0.27380952381,0.595238095238,0.27380952381,0.0952380952381,-12.5691259056,-2.24489154354,0.181818181818,0,0,,,,0,,,,,,,,0,1.36363636364,0
2022,000355,ALL,SEASON,Matthew Dunn,D,11,62,3,0,0,5,11,1,1,1,0,0,0,1,0,462,47,266,0,0,0,0,0,0,1,0,0,0,0,0.300534423137,0.153638814016,0.0578299824238,0.497497914929,0.521718602455,0,1,0,0.0483870967742,0.585458910276,-0.300534423137,0.0021645021645,0,0,,,,0,,,,,,,,0.454545454545,1,0.0909090909091
2022,000355,WHP,STINT,Matthew Dunn,D,11,62,3,0,0,5,11,1,1,1,0,0,0,1,0,462,47,266,0,0,0,0,0,0,1,0,0,0,0,0.300534423137,0.153638814016,0.0578299824238,0.497497914929,0.521718602455,0,1,0,0.0483870967742,0.585458910276,-0.300534423137,0.0021645021645,0,0,,,,0,,,,,,,,0.454545454545,1,0.0909090909091
2022,000356,ALL,SEASON,Michael Ehrhardt,LSM,10,94,9,0,0,12,42,1,19,3,16,0,3,11,0,412,46,236,0,0,0,0,0,0,19,3,6,0,0,0.300534423137,0.153638814016,0.0578299824238,0.497497914929,0.521718602455,0.157894736842,0.578947368421,0.315789473684,0.0957446808511,-3.56398165216,0.18195468207,0.0461165048544,0.347826086957,0.842105263158,0.1875,1.08355795148,,0,,,,,,,,1.2,4.2,0.1
2022,000356,WHP,STINT,Michael Ehrhardt,LSM,10,94,9,0,0,12,42,1,19,3,16,0,3,11,0,412,46,236,0,0,0,0,0,0,19,3,6,0,0,0.300534423137,0.153638814016,0.0578299824238,0.497497914929,0.521718602455,0.157894736842,0.578947368421,0.315789473684,0.0957446808511,-3.56398165216,0.18195468207,0.0461165048544,0.347826086957,0.842105263158,0.1875,1.08355795148,,0,,,,,,,,1.2,4.2,0.1
2022,000357,ALL,SEASON,Mike Chanenchuk,M,11,307,11,0,0,0,6,0,71,55,16,15,2,42,3,462,47,266,0,0,0,0,0,0,71,17,19,0,0,0.300534423137,0.153638814016,0.0578299824238,0.497497914929,0.521718602455,0.239436619718,0.591549295775,0.267605633803,0.0358306188925,6.75380460411,-2.44583532107,0.15367965368,0.340425531915,0.225352112676,0.125,-0.916442048518,,0,,,,,,,,0,0.545454545455,0
2022,000357,WHP,STINT,Mike Chanenchuk,M,11,307,11,0,0,0,6,0,71,55,16,15,2,42,3,462,47,266,0,0,0,0,0,0,71,17,19,0,0,0.300534423137,0.153638814016,0.0578299824238,0.497497914929,0.521718602455,0.239436619718,0.591549295775,0.267605633803,0.0358306188925,6.75380460411,-2.44583532107,0.15367965368,0.340425531915,0.225352112676,0.125,-0.916442048518,,0,,,,,,,,0,0.545454545455,0
2022,000358,ALL,SEASON,Ryan Drenner,M,10,243,5,0,0,1,8,0,51,48,3,17,0,34,1,393,29,281,0,0,0,0,0,0,51,17,17,0,0,0.300534423137,0.153638814016,0.0578299824238,0.497497914929,0.521718602455,0.333333333333,0.666666666667,0.333333333333,0.0205761316872,9.05268572898,1.65251480531,0.129770992366,0.103448275862,0.0588235294118,0,-0.921832884097,,0,,,,,,,,0.1,0.8,0
2022,000358,CAN,STINT,Ryan Drenner,M,10,243,5,0,0,1,8,0,51,48,3,17,0,34,1,393,29,281,0,0,0,0,0,0,51,17,17,0,0,0.300534423137,0.153638814016,0.0578299824238,0.497497914929,0.521718602455,0.333333333333,0.666666666667,0.333333333333,0.0205761316872,9.05268572898,1.65251480531,0.129770992366,0.103448275862,0.0588235294118,0,-0.921832884097,,0,,,,,,,,0.1,0.8,0
2022,000359,ALL,SEASON,Tim Muller,D,11,73,2,0,0,7,17,0,0,0,0,0,0,0,0,462,47,266,0,0,0,0,0,0,0,0,0,0,0,0.300534423137,0.153638814016,0.0578299824238,0.497497914929,0.521718602455,,,,0.027397260274,2.22158871694,,0,0,,,,,0,,,,,,,,0.636363636364,1.54545454545,0
2022,000359,WHP,STINT,Tim Muller,D,11,73,2,0,0,7,17,0,0,0,0,0,0,0,0,462,47,266,0,0,0,0,0,0,0,0,0,0,0,0.300534423137,0.153638814016,0.0578299824238,0.497497914929,0.521718602455,,,,0.027397260274,2.22158871694,,0,0,,,,,0,,,,,,,,0.636363636364,1.54545454545,0
2022,000361,ALL,SEASON,Tyler Warner,SSDM,10,78,1,0,0,6,21,0,1,1,0,1,0,1,0,415,40,242,0,0,0,0,0,0,1,1,1,0,0,0.300534423137,0.153638814016,0.0578299824238,0.497497914929,0.521718602455,1,1,1,0.0128205128205,3.51073862906,0.699465576863,0.00240963855422,0,0,,,,0,,,,,,,,0.6,2.1,0
2022,000361,WHP,STINT,Tyler Warner,SSDM,10,78,1,0,0,6,21,0,1,1,0,1,0,1,0,415,40,242,0,0,0,0,0,0,1,1,1,0,0,0.300534423137,0.153638814016,0.0578299824238,0.497497914929,0.521718602455,1,1,1,0.0128205128205,3.51073862906,0.699465576863,0.00240963855422,0,0,,,,0,,,,,,,,0.6,2.1,0
2022,000363,ALL,SEASON,Ryan Conrad,M,11,205,13,0,0,2,5,2,40,38,2,16,1,30,1,466,44,315,0,0,0,0,0,0,40,17,18,0,0,0.300534423137,0.153638814016,0.0578299824238,0.497497914929,0.521718602455,0.425,0.75,0.45,0.0634146341463,-1.14485360312,5.96513666471,0.0858369098712,0.0454545454545,0.05,0.5,1.38544474394,,0,,,,,,,,0.181818181818,0.454545454545,0.181818181818
2022,000363,WAT,STINT,Ryan Conrad,M,11,205,13,0,0,2,5,2,40,38,2,16,1,30,1,466,44,315,0,0,0,0,0,0,40,17,18,0,0,0.300534423137,0.153638814016,0.0578299824238,0.497497914929,0.521718602455,0.425,0.75,0.45,0.0634146341463,-1.14485360312,5.96513666471,0.0858369098712,0.0454545454545,0.05,0.5,1.38544474394,,0,,,,,,,,0.181818181818,0.454545454545,0.181818181818
2022,000365,ALL,SEASON,Jack Rowlett,D,13,79,2,11,2,10,21,4,3,1,2,1,0,2,0,432,50,315,0,0,0,0,0,0,3,1,1,0,0,0.300534423137,0.153638814016,0.0578299824238,0.497497914929,0.521718602455,0.333333333333,0.666666666667,0.333333333333,0.0253164556962,2.56856861148,0.0849103207979,0.00694444444444,0.04,0.666666666667,0,-0.614555256065,0.181818181818,0.0349206349206,-3.47247706422,,,,,,,0.769230769231,1.61538461538,0.307692307692
2022,000365,CHA,STINT,Jack Rowlett,D,13,79,2,11,2,10,21,4,3,1,2,1,0,2,0,432,50,315,0,0,0,0,0,0,3,1,1,0,0,0.300534423137,0.153638814016,0.0578299824238,0.497497914929,0.521718602455,0.333333333333,0.666666666667,0.333333333333,0.0253164556962,2.56856861148,0.0849103207979,0.00694444444444,0.04,0.666666666667,0,-0.614555256065,0.181818181818,0.0349206349206,-3.47247706422,,,,,,,0.769230769231,1.61538461538,0.307692307692
2022,000366,ALL,SEASON,Connor Farrell,FO,11,84,11,250,142,1,96,1,11,9,2,2,0,5,0,405,25,270,0,0,0,0,0,0,11,2,2,0,0,0.300534423137,0.153638814016,0.0578299824238,0.497497914929,0.521718602455,0.181818181818,0.454545454545,0.181818181818,0.130952380952,-6.1422814764,-1.3193650643,0.0271604938272,0.08,0.181818181818,0,-0.614555256065,0.568,0.925925925926,17.6255212677,,,,,,,0.0909090909091,8.72727272727,0.0909090909091
2022,000366,CHR,STINT,Connor Farrell,FO,11,84,11,250,142,1,96,1,11,9,2,2,0,5,0,405,25,270,0,0,0,0,0,0,11,2,2,0,0,0.300534423137,0.153638814016,0.0578299824238,0.497497914929,0.521718602455,0.181818181818,0.454545454545,0.181818181818,0.130952380952,-6.1422814764,-1.3193650643,0.0271604938272,0.08,0.181818181818,0,-0.614555256065,0.568,0.925925925926,17.6255212677,,,,,,,0.0909090909091,8.72727272727,0.0909090909091
2022,000368,ALL,SEASON,Chris Sabia,LSM,12,41,2,0,0,9,18,3,3,2,1,0,0,3,0,507,49,337,0,0,0,0,0,0,3,0,0,0,0,0.300534423137,0.153638814016,0.0578299824238,0.497497914929,0.521718602455,0,1,0,0.0487804878049,0.371029279376,-0.908346474307,0.00591715976331,0.0204081632653,0.333333333333,0,-0.307277628032,,0,,,,,,,,0.75,1.5,0.25
2022,000368,WAT,STINT,Chris Sabia,LSM,12,41,2,0,0,9,18,3,3,2,1,0,0,3,0,507,49,337,0,0,0,0,0,0,3,0,0,0,0,0.300534423137,0.153638814016,0.0578299824238,0.497497914929,0.521718602455,0,1,0,0.0487804878049,0.371029279376,-0.908346474307,0.00591715976331,0.0204081632653,0.333333333333,0,-0.307277628032,,0,,,,,,,,0.75,1.5,0.25
2022,000369,ALL,SEASON,Clarke Petterson,A,2,17,1,0,0,0,1,0,4,4,0,2,0,2,0,88,19,55,0,0,0,0,0,0,4,2,2,0,0,0.300534423137,0.153638814016,0.0578299824238,0.497497914929,0.521718602455,0.5,0.5,0.5,0.0588235294118,-0.0168902987954,0.79786230745,0.0454545454545,0,0,,,,0,,,,,,,,0,0.5,0
2022,000369,ATL,STINT,Clarke Petterson,A,2,17,1,0,0,0,1,0,4,4,0,2,0,2,0,88,19,55,0,0,0,0,0,0,4,2,2,0,0,0.300534423137,0.153638814016,0.0578299824238,0.497497914929,0.521718602455,0.5,0.5,0.5,0.0588235294118,-0.0168902987954,0.79786230745,0.0454545454545,0,0,,,,0,,,,,,,,0,0.5,0
2022,000370,ALL,SEASON,Tim Troutner,G,4,47,1,0,0,2,11,0,0,0,0,0,0,0,0,139,18,95,14,6,35,1,8,7,0,0,0,20,56,0.300534423137,0.153638814016,0.0578299824238,0.497497914929,0.521718602455,,,,0.0212765957447,1.71800917392,,0,0,,,,,0,,0.357142857143,0.285714285714,0.857142857143,-9.21624173749,0.875,0.109375,0.5,2.75,0
2022,000370,RED,STINT,Tim Troutner,G,4,47,1,0,0,2,11,0,0,0,0,0,0,0,0,139,18,95,14,6,35,1,8,7,0,0,0,20,56,0.300534423137,0.153638814016,0.0578299824238,0.497497914929,0.521718602455,,,,0.0212765957447,1.71800917392,,0,0,,,,,0,,0.357142857143,0.285714285714,0.857142857143,-9.21624173749,0.875,0.109375,0.5,2.75,0
2022,000373,ALL,SEASON,Ryder Garnsey,A,11,268,17,0,0,0,18,3,55,54,1,21,0,37,0,412,53,288,0,0,0,0,0,0,55,21,21,0,0,0.300534423137,0.153638814016,0.0578299824238,0.497497914929,0.521718602455,0.381818181818,0.672727272727,0.381818181818,0.0634328358209,-1.50156471042,4.46386352255,0.133495145631,0.0188679245283,0.0181818181818,0,-0.307277628032,,0,,,,,,,,0,1.63636363636,0.272727272727
2022,000373,RED,STINT,Ryder Garnsey,A,11,268,17,0,0,0,18,3,55,54,1,21,0,37,0,412,53,288,0,0,0,0,0,0,55,21,21,0,0,0.300534423137,0.153638814016,0.0578299824238,0.497497914929,0.521718602455,0.381818181818,0.672727272727,0.381818181818,0.0634328358209,-1.50156471042,4.46386352255,0.133495145631,0.0188679245283,0.0181818181818,0,-0.307277628032,,0,,,,,,,,0,1.63636363636,0.272727272727
2022,000376,ALL,SEASON,Cade van Raaphorst,D,11,81,6,0,0,12,28,3,13,2,11,0,3,8,0,445,69,296,0,0,0,0,0,0,13,3,6,0,0,0.300534423137,0.153638814016,0.0578299824238,0.497497914929,0.521718602455,0.230769230769,0.615384615385,0.461538461538,0.0740740740741,-1.31577142367,2.01887724537,0.0292134831461,0.159420289855,0.846153846154,0.272727272727,2.61994609164,,0,,,,,,,,1.09090909091,2.54545454545,0.272727272727
2022,000376,ATL,STINT,Cade van Raaphorst,D,11,81,6,0,0,12,28,3,13,2,11,0,3,8,0,445,69,296,0,0,0,0,0,0,13,3,6,0,0,0.300534423137,0.153638814016,0.0578299824238,0.497497914929,0.521718602455,0.230769230769,0.615384615385,0.461538461538,0.0740740740741,-1.31577142367,2.01887724537,0.0292134831461,0.159420289855,0.846153846154,0.272727272727,2.61994609164,,0,,,,,,,,1.09090909091,2.54545454545,0.272727272727
2022,000385,ALL,SEASON,Wes Berg,A,4,58,5,0,0,1,2,0,10,10,0,3,0,7,1,123,20,102,0,0,0,0,0,0,10,3,3,0,0,0.300534423137,0.153638814016,0.0578299824238,0.497497914929,0.521718602455,0.3,0.7,0.3,0.0862068965517,-1.64586101942,-0.00534423137378,0.0813008130081,0,0,,,,0,,,,,,,,0.25,0.5,0
2022,000385,CHA,STINT,Wes Berg,A,4,58,5,0,0,1,2,0,10,10,0,3,0,7,1,123,20,102,0,0,0,0,0,0,10,3,3,0,0,0.300534423137,0.153638814016,0.0578299824238,0.497497914929,0.521718602455,0.3,0.7,0.3,0.0862068965517,-1.64586101942,-0.00534423137378,0.0813008130081,0,0,,,,0,,,,,,,,0.25,0.5,0
2022,000390,ALL,SEASON,Brad Smith,M,11,262,14,0,0,1,12,0,61,56,5,14,1,41,4,462,47,266,0,0,0,0,0,0,61,15,16,0,0,0.300534423137,0.153638814016,0.0578299824238,0.497497914929,0.521718602455,0.245901639344,0.672131147541,0.262295081967,0.0534351145038,1.15145539504,-2.36631583585,0.132034632035,0.106382978723,0.0819672131148,0.2,0.463611859838,,0,,,,,,,,0.0909090909091,1.09090909091,0
2022,000390,WHP,STINT,Brad Smith,M,11,262,14,0,0,1,12,0,61,56,5,14,1,41,4,462,47,266,0,0,0,0,0,0,61,15,16,0,0,0.300534423137,0.153638814016,0.0578299824238,0.497497914929,0.521718602455,0.245901639344,0.672131147541,0.262295081967,0.0534351145038,1.15145539504,-2.36631583585,0.132034632035,0.106382978723,0.0819672131148,0.2,0.463611859838,,0,,,,,,,,0.0909090909091,1.09090909091,0
2022,000391,ALL,SEASON,Grant Ament,A,7,268,11,0,0,0,7,0,28,25,3,4,1,19,2,275,25,183,0,0,0,0,0,0,28,5,6,0,0,0.300534423137,0.153638814016,0.0578299824238,0.497497914929,0.521718602455,0.178571428571,0.678571428571,0.214285714286,0.0410447761194,4.49843528958,-2.43519346253,0.101818181818,0.12,0.107142857143,0.333333333333,1.0781671159,,0,,,,,,,,0,1,0
2022,000391,ARC,STINT,Grant Ament,A,7,268,11,0,0,0,7,0,28,25,3,4,1,19,2,275,25,183,0,0,0,0,0,0,28,5,6,0,0,0.300534423137,0.153638814016,0.0578299824238,0.497497914929,0.521718602455,0.178571428571,0.678571428571,0.214285714286,0.0410447761194,4.49843528958,-2.43519346253,0.101818181818,0.12,0.107142857143,0.333333333333,1.0781671159,,0,,,,,,,,0,1,0
2022,000395,ALL,SEASON,Bryan Costabile,M,11,322,22,0,0,3,19,0,72,58,14,11,1,42,5,445,69,296,0,0,0,0,0,0,72,12,13,0,0,0.300534423137,0.153638814016,0.0578299824238,0.497497914929,0.521718602455,0.166666666667,0.583333333333,0.180555555556,0.0683229813665,-3.37874565954,-8.73288333442,0.161797752809,0.202898550725,0.194444444444,0.0714285714286,-2.30188679245,,0,,,,,,,,0.272727272727,1.72727272727,0
2022,000395,ATL,STINT,Bryan Costabile,M,11,322,22,0,0,3,19,0,72,58,14,11,1,42,5,445,69,296,0,0,0,0,0,0,72,12,13,0,0,0.300534423137,0.153638814016,0.0578299824238,0.497497914929,0.521718602455,0.166666666667,0.583333333333,0.180555555556,0.0683229813665,-3.37874565954,-8.73288333442,0.161797752809,0.202898550725,0.194444444444,0.0714285714286,-2.30188679245,,0,,,,,,,,0.272727272727,1.72727272727,0
2022,000405,ALL,SEASON,Jesse Bernhardt,D,11,89,4,0,0,8,23,1,1,0,1,0,0,1,0,405,25,270,0,0,0,0,0,0,1,0,0,0,0,0.300534423137,0.153638814016,0.0578299824238,0.497497914929,0.521718602455,0,1,0,0.0449438202247,1.14686843572,-0.307277628032,0.00246913580247,0.04,1,0,-0.307277628032,,0,,,,,,,,0.727272727273,2.09090909091,0.0909090909091
2022,000405,CHR,STINT,Jesse Bernhardt,D,11,89,4,0,0,8,23,1,1,0,1,0,0,1,0,405,25,270,0,0,0,0,0,0,1,0,0,0,0,0.300534423137,0.153638814016,0.0578299824238,0.497497914929,0.521718602455,0,1,0,0.0449438202247,1.14686843572,-0.307277628032,0.00246913580247,0.04,1,0,-0.307277628032,,0,,,,,,,,0.727272727273,2.09090909091,0.0909090909091
2022,000406,ALL,SEASON,Craig Chick,LSM,11,62,4,3,0,12,44,1,5,5,0,1,0,3,0,445,69,296,0,0,0,0,0,0,5,1,1,0,0,0.300534423137,0.153638814016,0.0578299824238,0.497497914929,0.521718602455,0.2,0.6,0.2,0.0645161290323,-0.414541089724,-0.502672115687,0.0112359550562,0,0,,,0,0.0101351351351,-1.49249374479,,,,,,,1.09090909091,4,0.0909090909091
2022,000406,ATL,STINT,Craig Chick,LSM,11,62,4,3,0,12,44,1,5,5,0,1,0,3,0,445,69,296,0,0,0,0,0,0,5,1,1,0,0,0.300534423137,0.153638814016,0.0578299824238,0.497497914929,0.521718602455,0.2,0.6,0.2,0.0645161290323,-0.414541089724,-0.502672115687,0.0112359550562,0,0,,,0,0.0101351351351,-1.49249374479,,,,,,,1.09090909091,4,0.0909090909091
2022,000407,ALL,SEASON,TJ Comizio,,1,6,0,0,0,0,1,0,1,1,0,1,0,1,0,37,6,28,0,0,0,0,0,0,1,1,1,0,0,0.300534423137,0.153638814016,0.0578299824238,0.497497914929,0.521718602455,1,1,1,0,0.346979894543,0.699465576863,0.027027027027,0,0,,,,0,,,,,,,,0,1,0
2022,000407,CHA,STINT,TJ Comizio,,1,6,0,0,0,0,1,0,1,1,0,1,0,1,0,37,6,28,0,0,0,0,0,0,1,1,1,0,0,0.300534423137,0.153638814016,0.0578299824238,0.497497914929,0.521718602455,1,1,1,0,0.346979894543,0.699465576863,0.027027027027,0,0,,,,0,,,,,,,,0,1,0
2022,000408,ALL,SEASON,Matt DeLuca,G,6,45,1,0,0,0,9,0,0,0,0,0,0,0,0,254,25,173,39,7,57,1,6,8,0,0,0,46,104,0.300534423137,0.153638814016,0.0578299824238,0.497497914929,0.521718602455,,,,0.0222222222222,1.60234920907,,0,0,,,,,0,,0.442307692308,0.40625,0.875,-8.25873465534,0.945454545455,0.0727272727273,0,1.5,0
2022,000408,WAT,STINT,Matt DeLuca,G,6,45,1,0,0,0,9,0,0,0,0,0,0,0,0,254,25,173,39,7,57,1,6,8,0,0,0,46,104,0.300534423137,0.153638814016,0.0578299824238,0.497497914929,0.521718602455,,,,0.0222222222222,1.60234920907,,0,0,,,,,0,,0.442307692308,0.40625,0.875,-8.25873465534,0.945454545455,0.0727272727273,0,1.5,0
2022,000409,ALL,SEASON,Zach Currier,M,13,325,20,33,3,9,69,4,38,36,2,14,0,23,0,545,52,371,0,0,0,0,0,0,38,14,14,0,0,0.300534423137,0.153638814016,0.0578299824238,0.497497914929,0.521718602455,0.368421052632,0.605263157895,0.368421052632,0.0615384615385,-1.20525571226,2.56620551099,0.0697247706422,0.0384615384615,0.0526315789474,0,-0.614555256065,0.0909090909091,0.088948787062,-13.4174311927,,,,,,,0.692307692308,5.30769230769,0.307692307692
2022,000409,WAT,STINT,Zach Currier,M,13,325,20,33,3,9,69,4,38,36,2,14,0,23,0,545,52,371,0,0,0,0,0,0,38,14,14,0,0,0.300534423137,0.153638814016,0.0578299824238,0.497497914929,0.521718602455,0.368421052632,0.605263157895,0.368421052632,0.0615384615385,-1.20525571226,2.56620551099,0.0697247706422,0.0384615384615,0.0526315789474,0,-0.614555256065,0.0909090909091,0.088948787062,-13.4174311927,,,,,,,0.692307692308,5.30769230769,0.307692307692
2022,000410,ALL,SEASON,Eli Gobrecht,D,13,78,2,0,0,9,28,3,3,2,1,1,0,2,0,545,52,371,0,0,0,0,0,0,3,1,1,0,0,0.300534423137,0.153638814016,0.0578299824238,0.497497914929,0.521718602455,0.333333333333,0.666666666667,0.333333333333,0.025641025641,2.51073862906,0.0916535256929,0.00550458715596,0.0192307692308,0.333333333333,0,-0.307277628032,,0,,,,,,,,0.692307692308,2.15384615385,0.230769230769
2022,000410,WAT,STINT,Eli Gobrecht,D,13,78,2,0,0,9,28,3,3,2,1,1,0,2,0,545,52,371,0,0,0,0,0,0,3,1,1,0,0,0.300534423137,0.153638814016,0.0578299824238,0.497497914929,0.521718602455,0.333333333333,0.666666666667,0.333333333333,0.025641025641,2.51073862906,0.0916535256929,0.00550458715596,0.0192307692308,0.333333333333,0,-0.307277628032,,0,,,,,,,,0.692307692308,2.15384615385,0.230769230769
2022,000411,ALL,SEASON,Christian Mazzone,M,1,6,0,0,0,0,3,0,0,0,0,0,0,0,0,42,4,30,0,0,0,0,0,0,0,0,0,0,0,0.300534423137,0.153638814016,0.0578299824238,0.497497914929,0.521718602455,,,,0,0.346979894543,,0,0,,,,,0,,,,,,,,0,3,0
2022,000411,WAT,STINT,Christian Mazzone,M,1,6,0,0,0,0,3,0,0,0,0,0,0,0,0,42,4,30,0,0,0,0,0,0,0,0,0,0,0,0.300534423137,0.153638814016,0.0578299824238,0.497497914929,0.521718602455,,,,0,0.346979894543,,0,0,,,,,0,,,,,,,,0,3,0
2022,000414,ALL,SEASON,Rob Pannell,A,11,361,21,0,0,2,13,0,55,52,3,19,0,33,0,412,53,288,0,0,0,0,0,0,55,19,19,0,0,0.300534423137,0.153638814016,0.0578299824238,0.497497914929,0.521718602455,0.345454545455,0.6,0.345454545455,0.0581717451524,-0.123376345008,2.45037711276,0.133495145631,0.0566037735849,0.0545454545455,0,-0.921832884097,,0,,,,,,,,0.181818181818,1.18181818182,0
2022,000414,RED,STINT,Rob Pannell,A,11,361,21,0,0,2,13,0,55,52,3,19,0,33,0,412,53,288,0,0,0,0,0,0,55,19,19,0,0,0.300534423137,0.153638814016,0.0578299824238,0.497497914929,0.521718602455,0.345454545455,0.6,0.345454545455,0.0581717451524,-0.123376345008,2.45037711276,0.133495145631,0.0566037735849,0.0545454545455,0,-0.921832884097,,0,,,,,,,,0.181818181818,1.18181818182,0
2022,000416,ALL,SEASON,Ryland Rees,LSM,12,65,3,0,0,9,28,2,16,5,11,3,2,10,0,504,47,340,0,0,0,0,0,0,16,5,7,0,0,0.300534423137,0.153638814016,0.0578299824238,0.497497914929,0.521718602455,0.3125,0.625,0.4375,0.0461538461538,0.758948857547,2.11727397596,0.031746031746,0.234042553191,0.6875,0.181818181818,0.619946091644,,0,,,,,,,,0.75,2.33333333333,0.166666666667
2022,000416,WAT,STINT,Ryland Rees,LSM,12,65,3,0,0,9,28,2,16,5,11,3,2,10,0,504,47,340,0,0,0,0,0,0,16,5,7,0,0,0.300534423137,0.153638814016,0.0578299824238,0.497497914929,0.521718602455,0.3125,0.625,0.4375,0.0461538461538,0.758948857547,2.11727397596,0.031746031746,0.234042553191,0.6875,0.181818181818,0.619946091644,,0,,,,,,,,0.75,2.33333333333,0.166666666667
2022,000417,ALL,SEASON,Finn Sullivan,D,7,32,4,0,0,7,7,2,0,0,0,0,0,0,0,244,30,173,0,0,0,0,0,0,0,0,0,0,0,0.300534423137,0.153638814016,0.0578299824238,0.497497914929,0.521718602455,,,,0.125,-2.14944056244,,0,0,,,,,0,,,,,,,,1,1,0.285714285714
2022,000417,RED,STINT,Finn Sullivan,D,7,32,4,0,0,7,7,2,0,0,0,0,0,0,0,244,30,173,0,0,0,0,0,0,0,0,0,0,0,0.300534423137,0.153638814016,0.0578299824238,0.497497914929,0.521718602455,,,,0.125,-2.14944056244,,0,0,,,,,0,,,,,,,,1,1,0.285714285714
2022,000418,ALL,SEASON,Dillon Ward,G,9,104,5,0,0,6,19,0,0,0,0,0,0,0,0,383,37,253,93,22,95,6,9,29,0,0,0,115,216,0.300534423137,0.153638814016,0.0578299824238,0.497497914929,0.521718602455,,,,0.0480769230769,1.01431817208,,0,0,,,,,0,,0.532407407407,0.494680851064,0.785714285714,2.30878186969,0.96,0.128888888889,0.666666666667,2.11111111111,0
2022,000418,WAT,STINT,Dillon Ward,G,9,104,5,0,0,6,19,0,0,0,0,0,0,0,0,383,37,253,93,22,95,6,9,29,0,0,0,115,216,0.300534423137,0.153638814016,0.0578299824238,0.497497914929,0.521718602455,,,,0.0480769230769,1.01431817208,,0,0,,,,,0,,0.532407407407,0.494680851064,0.785714285714,2.30878186969,0.96,0.128888888889,0.666666666667,2.11111111111,0
2022,000419,ALL,SEASON,Zed Williams,A,8,238,18,0,0,0,18,1,54,53,1,15,0,33,0,332,35,200,0,0,0,0,0,0,54,15,15,0,0,0.300534423137,0.153638814016,0.0578299824238,0.497497914929,0.521718602455,0.277777777778,0.611111111111,0.277777777778,0.0756302521008,-4.23646418314,-1.23560205431,0.16265060241,0.0285714285714,0.0185185185185,0,-0.307277628032,,0,,,,,,,,0,2.25,0.125
2022,000419,WHP,STINT,Zed Williams,A,8,238,18,0,0,0,18,1,54,53,1,15,0,33,0,332,35,200,0,0,0,0,0,0,54,15,15,0,0,0.300534423137,0.153638814016,0.0578299824238,0.497497914929,0.521718602455,0.277777777778,0.611111111111,0.277777777778,0.0756302521008,-4.23646418314,-1.23560205431,0.16265060241,0.0285714285714,0.0185185185185,0,-0.307277628032,,0,,,,,,,,0,2.25,0.125
2022,000422,ALL,SEASON,Eli Salama,LSM,11,59,3,0,0,3,20,3,11,6,5,3,1,8,0,405,25,270,0,0,0,0,0,0,11,4,5,0,0,0.300534423137,0.153638814016,0.0578299824238,0.497497914929,0.521718602455,0.363636363636,0.727272727273,0.454545454545,0.0508474576271,0.411968963004,1.66040532101,0.0271604938272,0.2,0.454545454545,0.2,0.463611859838,,0,,,,,,,,0.272727272727,1.81818181818,0.272727272727
2022,000422,CHR,STINT,Eli Salama,LSM,11,59,3,0,0,3,20,3,11,6,5,3,1,8,0,405,25,270,0,0,0,0,0,0,11,4,5,0,0,0.300534423137,0.153638814016,0.0578299824238,0.497497914929,0.521718602455,0.363636363636,0.727272727273,0.454545454545,0.0508474576271,0.411968963004,1.66040532101,0.0271604938272,0.2,0.454545454545,0.2,0.463611859838,,0,,,,,,,,0.272727272727,1.81818181818,0.272727272727
2022,000424,ALL,SEASON,Jake Pulver,D,10,57,9,8,0,14,14,0,5,2,3,1,0,3,0,393,29,281,0,0,0,0,0,0,5,1,1,0,0,0.300534423137,0.153638814016,0.0578299824238,0.497497914929,0.521718602455,0.2,0.6,0.2,0.157894736842,-5.70369100184,-0.522901730372,0.0127226463104,0.103448275862,0.6,0,-0.921832884097,0,0.0284697508897,-3.97998331943,,,,,,,1.4,1.4,0
2022,000424,CAN,STINT,Jake Pulver,D,10,57,9,8,0,14,14,0,5,2,3,1,0,3,0,393,29,281,0,0,0,0,0,0,5,1,1,0,0,0.300534423137,0.153638814016,0.0578299824238,0.497497914929,0.521718602455,0.2,0.6,0.2,0.157894736842,-5.70369100184,-0.522901730372,0.0127226463104,0.103448275862,0.6,0,-0.921832884097,0,0.0284697508897,-3.97998331943,,,,,,,1.4,1.4,0
2022,000427,ALL,SEASON,Jake Withers,FO,9,46,3,226,110,5,47,2,6,6,0,1,0,3,0,363,36,254,0,0,0,0,0,0,6,1,1,0,0,0.300534423137,0.153638814016,0.0578299824238,0.497497914929,0.521718602455,0.166666666667,0.5,0.166666666667,0.0652173913043,-0.339820808505,-0.803206538824,0.0165289256198,0,0,,,0.486725663717,0.889763779528,-2.43452877398,,,,,,,0.555555555556,5.22222222222,0.222222222222
2022,000427,WAT,STINT,Jake Withers,FO,9,46,3,226,110,5,47,2,6,6,0,1,0,3,0,363,36,254,0,0,0,0,0,0,6,1,1,0,0,0.300534423137,0.153638814016,0.0578299824238,0.497497914929,0.521718602455,0.166666666667,0.5,0.166666666667,0.0652173913043,-0.339820808505,-0.803206538824,0.0165289256198,0,0,,,0.486725663717,0.889763779528,-2.43452877398,,,,,,,0.555555555556,5.22222222222,0.222222222222
2022,000434,ALL,SEASON,Matt Abbott,SSDM,5,32,1,0,0,1,9,1,3,2,1,0,0,1,0,200,14,149,0,0,0,0,0,0,3,0,0,0,0,0.300534423137,0.153638814016,0.0578299824238,0.497497914929,0.521718602455,0,0.333333333333,0,0.03125,0.850559437562,-0.908346474307,0.015,0.0714285714286,0.333333333333,0,-0.307277628032,,0,,,,,,,,0.2,1.8,0.2
2022,000434,CAN,STINT,Matt Abbott,SSDM,5,32,1,0,0,1,9,1,3,2,1,0,0,1,0,200,14,149,0,0,0,0,0,0,3,0,0,0,0,0.300534423137,0.153638814016,0.0578299824238,0.497497914929,0.521718602455,0,0.333333333333,0,0.03125,0.850559437562,-0.908346474307,0.015,0.0714285714286,0.333333333333,0,-0.307277628032,,0,,,,,,,,0.2,1.8,0.2
2022,000700,ALL,SEASON,Tommy Palasek,A,2,52,4,0,0,0,1,0,3,3,0,0,0,2,1,41,5,41,0,0,0,0,0,0,3,0,0,0,0,0.300534423137,0.153638814016,0.0578299824238,0.497497914929,0.521718602455,0,0.666666666667,0,0.0769230769231,-0.992840913962,-0.901603269412,0.0731707317073,0,0,,,,0,,,,,,,,0,0.5,0
2022,000700,CHA,STINT,Tommy Palasek,A,2,52,4,0,0,0,1,0,3,3,0,0,0,2,1,41,5,41,0,0,0,0,0,0,3,0,0,0,0,0.300534423137,0.153638814016,0.0578299824238,0.497497914929,0.521718602455,0,0.666666666667,0,0.0769230769231,-0.992840913962,-0.901603269412,0.0731707317073,0,0,,,,0,,,,,,,,0,0.5,0
2022,000727,ALL,SEASON,CJ Costabile,LSM,13,83,6,27,14,3,32,6,22,11,11,5,2,13,0,432,50,315,0,0,0,0,0,0,22,7,9,0,0,0.300534423137,0.153638814016,0.0578299824238,0.497497914929,0.521718602455,0.318181818182,0.590909090909,0.409090909091,0.0722891566265,-1.20011145882,2.31406743713,0.0509259259259,0.22,0.5,0.181818181818,0.619946091644,0.518518518519,0.0857142857143,0.567556296914,,,,,,,0.230769230769,2.46153846154,0.461538461538
2022,000727,CHA,STINT,CJ Costabile,LSM,13,83,6,27,14,3,32,6,22,11,11,5,2,13,0,432,50,315,0,0,0,0,0,0,22,7,9,0,0,0.300534423137,0.153638814016,0.0578299824238,0.497497914929,0.521718602455,0.318181818182,0.590909090909,0.409090909091,0.0722891566265,-1.20011145882,2.31406743713,0.0509259259259,0.22,0.5,0.181818181818,0.619946091644,0.518518518519,0.0857142857143,0.567556296914,,,,,,,0.230769230769,2.46153846154,0.461538461538
2022,000823,ALL,SEASON,Mark Cockerton,A,3,59,3,0,0,0,0,0,26,26,0,6,0,12,1,118,7,84,0,0,0,0,0,0,26,6,6,0,0,0.300534423137,0.153638814016,0.0578299824238,0.497497914929,0.521718602455,0.230769230769,0.461538461538,0.230769230769,0.0508474576271,0.411968963004,-1.81389500157,0.220338983051,0,0,,,,0,,,,,,,,0,0,0
2022,000823,CAN,STINT,Mark Cockerton,A,3,59,3,0,0,0,0,0,26,26,0,6,0,12,1,118,7,84,0,0,0,0,0,0,26,6,6,0,0,0.300534423137,0.153638814016,0.0578299824238,0.497497914929,0.521718602455,0.230769230769,0.461538461538,0.230769230769,0.0508474576271,0.411968963004,-1.81389500157,0.220338983051,0,0,,,,0,,,,,,,,0,0,0
2022,000886,ALL,SEASON,Lyle Thompson,A,9,283,25,0,0,5,22,1,65,65,0,25,0,41,1,361,25,256,0,0,0,0,0,0,65,25,25,0,0,0.300534423137,0.153638814016,0.0578299824238,0.497497914929,0.521718602455,0.384615384615,0.630769230769,0.384615384615,0.0883392226148,-8.63411497406,5.46526249607,0.180055401662,0,0,,,,0,,,,,,,,0.555555555556,2.44444444444,0.111111111111
2022,000886,CAN,STINT,Lyle Thompson,A,9,283,25,0,0,5,22,1,65,65,0,25,0,41,1,361,25,256,0,0,0,0,0,0,65,25,25,0,0,0.300534423137,0.153638814016,0.0578299824238,0.497497914929,0.521718602455,0.384615384615,0.630769230769,0.384615384615,0.0883392226148,-8.63411497406,5.46526249607,0.180055401662,0,0,,,,0,,,,,,,,0.555555555556,2.44444444444,0.111111111111
2022,000921,ALL,SEASON,Challen Rogers,M,10,194,20,0,0,2,14,1,27,27,0,13,0,17,0,343,34,242,0,0,0,0,0,0,27,13,13,0,0,0.300534423137,0.153638814016,0.0578299824238,0.497497914929,0.521718602455,0.481481481481,0.62962962963,0.481481481481,0.103092783505,-8.78098340978,4.88557057529,0.0787172011662,0,0,,,,0,,,,,,,,0.2,1.4,0.1
2022,000921,CHA,STINT,Challen Rogers,M,10,194,20,0,0,2,14,1,27,27,0,13,0,17,0,343,34,242,0,0,0,0,0,0,27,13,13,0,0,0.300534423137,0.153638814016,0.0578299824238,0.497497914929,0.521718602455,0.481481481481,0.62962962963,0.481481481481,0.103092783505,-8.78098340978,4.88557057529,0.0787172011662,0,0,,,,0,,,,,,,,0.2,1.4,0.1
2022,000922,ALL,SEASON,Graeme Hossack,D,12,89,3,33,7,17,43,5,3,1,2,0,0,3,0,458,46,311,0,0,0,0,0,0,3,0,0,0,0,0.300534423137,0.153638814016,0.0578299824238,0.497497914929,0.521718602455,0,1,0,0.0337078651685,2.14686843572,-0.915089679202,0.00655021834061,0.0434782608696,0.666666666667,0,-0.614555256065,0.212121212121,0.106109324759,-9.41743119266,,,,,,,1.41666666667,3.58333333333,0.416666666667
2022,000922,ARC,STINT,Graeme Hossack,D,12,89,3,33,7,17,43,5,3,1,2,0,0,3,0,458,46,311,0,0,0,0,0,0,3,0,0,0,0,0.300534423137,0.153638814016,0.0578299824238,0.497497914929,0.521718602455,0,1,0,0.0337078651685,2.14686843572,-0.915089679202,0.00655021834061,0.0434782608696,0.666666666667,0,-0.614555256065,0.212121212121,0.106109324759,-9.41743119266,,,,,,,1.41666666667,3.58333333333,0.416666666667
2022,000925,ALL,SEASON,Liam Byrnes,D,13,106,8,0,0,19,37,3,5,3,2,0,0,2,0,545,52,371,0,0,0,0,0,0,5,0,0,0,0,0.300534423137,0.153638814016,0.0578299824238,0.497497914929,0.521718602455,0,0.4,0,0.0754716981132,-1.87002186308,-1.51615852548,0.00917431192661,0.0384615384615,0.4,0,-0.614555256065,,0,,,,,,,,1.46153846154,2.84615384615,0.230769230769
2022,000925,WAT,STINT,Liam Byrnes,D,13,106,8,0,0,19,37,3,5,3,2,0,0,2,0,545,52,371,0,0,0,0,0,0,5,0,0,0,0,0.300534423137,0.153638814016,0.0578299824238,0.497497914929,0.521718602455,0,0.4,0,0.0754716981132,-1.87002186308,-1.51615852548,0.00917431192661,0.0384615384615,0.4,0,-0.614555256065,,0,,,,,,,,1.46153846154,2.84615384615,0.230769230769
2022,000929,ALL,SEASON,Matthew Hossack,LSM,2,6,0,3,0,2,2,0,1,0,1,0,0,1,0,79,8,65,0,0,0,0,0,0,1,0,0,0,0,0.300534423137,0.153638814016,0.0578299824238,0.497497914929,0.521718602455,0,1,0,0,0.346979894543,-0.307277628032,0.0126582278481,0.125,1,0,-0.307277628032,0,0.0461538461538,-1.49249374479,,,,,,,1,1,0
2022,000929,WAT,STINT,Matthew Hossack,LSM,2,6,0,3,0,2,2,0,1,0,1,0,0,1,0,79,8,65,0,0,0,0,0,0,1,0,0,0,0,0.300534423137,0.153638814016,0.0578299824238,0.497497914929,0.521718602455,0,1,0,0,0.346979894543,-0.307277628032,0.0126582278481,0.125,1,0,-0.307277628032,0,0.0461538461538,-1.49249374479,,,,,,,1,1,0
2022,000946,ALL,SEASON,Bryan Cole,M,9,199,11,0,0,0,6,1,27,27,0,6,0,15,0,372,37,217,0,0,0,0,0,0,27,6,6,0,0,0.300534423137,0.153638814016,0.0578299824238,0.497497914929,0.521718602455,0.222222222222,0.555555555556,0.222222222222,0.0552763819095,0.508166502336,-2.11442942471,0.0725806451613,0,0,,,,0,,,,,,,,0,0.666666666667,0.111111111111
2022,000946,WHP,STINT,Bryan Cole,M,9,199,11,0,0,0,6,1,27,27,0,6,0,15,0,372,37,217,0,0,0,0,0,0,27,6,6,0,0,0.300534423137,0.153638814016,0.0578299824238,0.497497914929,0.521718602455,0.222222222222,0.555555555556,0.222222222222,0.0552763819095,0.508166502336,-2.11442942471,0.0725806451613,0,0,,,,0,,,,,,,,0,0.666666666667,0.111111111111
2022,000960,ALL,SEASON,Shayne Jackson,A,3,44,5,0,0,0,2,1,18,18,0,3,0,14,3,112,11,87,0,0,0,0,0,0,18,3,3,0,0,0.300534423137,0.153638814016,0.0578299824238,0.497497914929,0.521718602455,0.166666666667,0.777777777778,0.166666666667,0.113636363636,-2.45548077335,-2.40961961647,0.160714285714,0,0,,,,0,,,,,,,,0,0.666666666667,0.333333333333
2022,000960,CAN,STINT,Shayne Jackson,A,3,44,5,0,0,0,2,1,18,18,0,3,0,14,3,112,11,87,0,0,0,0,0,0,18,3,3,0,0,0.300534423137,0.153638814016,0.0578299824238,0.497497914929,0.521718602455,0.166666666667,0.777777777778,0.166666666667,0.113636363636,-2.45548077335,-2.40961961647,0.160714285714,0,0,,,,0,,,,,,,,0,0.666666666667,0.333333333333
2022,000978,ALL,SEASON,Kyle Jackson,M,12,248,10,0,0,0,12,0,32,32,0,11,0,19,1,401,43,290,0,0,0,0,0,0,32,11,11,0,0,0.300534423137,0.153638814016,0.0578299824238,0.497497914929,0.521718602455,0.34375,0.59375,0.34375,0.0403225806452,4.3418356411,1.3828984596,0.0798004987531,0,0,,,,0,,,,,,,,0,1,0
2022,000978,CHA,STINT,Kyle Jackson,M,12,248,10,0,0,0,12,0,32,32,0,11,0,19,1,401,43,290,0,0,0,0,0,0,32,11,11,0,0,0.300534423137,0.153638814016,0.0578299824238,0.497497914929,0.521718602455,0.34375,0.59375,0.34375,0.0403225806452,4.3418356411,1.3828984596,0.0798004987531,0,0,,,,0,,,,,,,,0,1,0
2022,001001,ALL,SEASON,Dylan Molloy,A,11,372,20,0,0,2,16,0,58,57,1,14,0,40,4,405,25,270,0,0,0,0,0,0,58,14,14,0,0,0.300534423137,0.153638814016,0.0578299824238,0.497497914929,0.521718602455,0.241379310345,0.689655172414,0.241379310345,0.0537634408602,1.51275346165,-3.43773974686,0.143209876543,0.04,0.0172413793103,0,-0.307277628032,,0,,,,,,,,0.181818181818,1.45454545455,0
2022,001001,CHR,STINT,Dylan Molloy,A,11,372,20,0,0,2,16,0,58,57,1,14,0,40,4,405,25,270,0,0,0,0,0,0,58,14,14,0,0,0.300534423137,0.153638814016,0.0578299824238,0.497497914929,0.521718602455,0.241379310345,0.689655172414,0.241379310345,0.0537634408602,1.51275346165,-3.43773974686,0.143209876543,0.04,0.0172413793103,0,-0.307277628032,,0,,,,,,,,0.181818181818,1.45454545455,0
2022,001009,ALL,SEASON,Colin Heacock,M,11,210,13,0,0,0,11,1,32,31,1,5,0,14,1,405,25,270,0,0,0,0,0,0,32,5,5,0,0,0.300534423137,0.153638814016,0.0578299824238,0.497497914929,0.521718602455,0.15625,0.4375,0.15625,0.0619047619048,-0.855703691002,-4.62384474529,0.079012345679,0.04,0.03125,0,-0.307277628032,,0,,,,,,,,0,1,0.0909090909091
2022,001009,CHR,STINT,Colin Heacock,M,11,210,13,0,0,0,11,1,32,31,1,5,0,14,1,405,25,270,0,0,0,0,0,0,32,5,5,0,0,0.300534423137,0.153638814016,0.0578299824238,0.497497914929,0.521718602455,0.15625,0.4375,0.15625,0.0619047619048,-0.855703691002,-4.62384474529,0.079012345679,0.04,0.03125,0,-0.307277628032,,0,,,,,,,,0,1,0.0909090909091
2022,001010,ALL,SEASON,Isaiah Davis-Allen,SSDM,11,81,4,10,1,0,7,1,1,1,0,0,0,1,0,412,53,288,0,0,0,0,0,0,1,0,0,0,0,0.300534423137,0.153638814016,0.0578299824238,0.497497914929,0.521718602455,0,1,0,0.0493827160494,0.684228576328,-0.300534423137,0.00242718446602,0,0,,,0.1,0.0347222222222,-3.97497914929,,,,,,,0,0.636363636364,0.0909090909091
2022,001010,RED,STINT,Isaiah Davis-Allen,SSDM,11,81,4,10,1,0,7,1,1,1,0,0,0,1,0,412,53,288,0,0,0,0,0,0,1,0,0,0,0,0.300534423137,0.153638814016,0.0578299824238,0.497497914929,0.521718602455,0,1,0,0.0493827160494,0.684228576328,-0.300534423137,0.00242718446602,0,0,,,0.1,0.0347222222222,-3.97497914929,,,,,,,0,0.636363636364,0.0909090909091
2022,001020,ALL,SEASON,Mike Messenger,SSDM,11,58,6,20,4,8,13,5,10,9,1,6,0,7,1,405,25,270,0,0,0,0,0,0,10,6,6,0,0,0.300534423137,0.153638814016,0.0578299824238,0.497497914929,0.521718602455,0.6,0.7,0.6,0.103448275862,-2.64586101942,2.98791256373,0.0246913580247,0.04,0.1,0,-0.307277628032,0.2,0.0740740740741,-5.94995829858,,,,,,,0.727272727273,1.18181818182,0.454545454545
2022,001020,CHR,STINT,Mike Messenger,SSDM,11,58,6,20,4,8,13,5,10,9,1,6,0,7,1,405,25,270,0,0,0,0,0,0,10,6,6,0,0,0.300534423137,0.153638814016,0.0578299824238,0.497497914929,0.521718602455,0.6,0.7,0.6,0.103448275862,-2.64586101942,2.98791256373,0.0246913580247,0.04,0.1,0,-0.307277628032,0.2,0.0740740740741,-5.94995829858,,,,,,,0.727272727273,1.18181818182,0.454545454545
2022,001391,ALL,SEASON,Mikie Schlosser,M,8,117,8,0,0,0,5,0,23,19,4,3,2,14,0,319,30,239,0,0,0,0,0,0,23,5,7,0,0,0.300534423137,0.153638814016,0.0578299824238,0.497497914929,0.521718602455,0.217391304348,0.608695652174,0.304347826087,0.0683760683761,-1.23389205642,0.0607354482604,0.0721003134796,0.133333333333,0.173913043478,0.5,2.77088948787,,0,,,,,,,,0,0.625,0
2022,001391,WAT,STINT,Mikie Schlosser,M,8,117,8,0,0,0,5,0,23,19,4,3,2,14,0,319,30,239,0,0,0,0,0,0,23,5,7,0,0,0.300534423137,0.153638814016,0.0578299824238,0.497497914929,0.521718602455,0.217391304348,0.608695652174,0.304347826087,0.0683760683761,-1.23389205642,0.0607354482604,0.0721003134796,0.133333333333,0.173913043478,0.5,2.77088948787,,0,,,,,,,,0,0.625,0
2022,001397,ALL,SEASON,Michael Rexrode,D,11,56,3,0,0,8,23,1,0,0,0,0,0,0,0,445,69,296,0,0,0,0,0,0,0,0,0,0,0,0.300534423137,0.153638814016,0.0578299824238,0.497497914929,0.521718602455,,,,0.0535714285714,0.238479015733,,0,0,,,,,0,,,,,,,,0.727272727273,2.09090909091,0.0909090909091
2022,001397,ATL,STINT,Michael Rexrode,D,11,56,3,0,0,8,23,1,0,0,0,0,0,0,0,445,69,296,0,0,0,0,0,0,0,0,0,0,0,0.300534423137,0.153638814016,0.0578299824238,0.497497914929,0.521718602455,,,,0.0535714285714,0.238479015733,,0,0,,,,,0,,,,,,,,0.727272727273,2.09090909091,0.0909090909091
2022,001402,ALL,SEASON,Max Adler,FO,7,33,9,151,72,0,37,2,3,3,0,0,0,2,0,253,27,160,0,0,0,0,0,0,3,0,0,0,0,0.300534423137,0.153638814016,0.0578299824238,0.497497914929,0.521718602455,0,0.666666666667,0,0.272727272727,-7.09161058001,-0.901603269412,0.0118577075099,0,0,,,0.476821192053,0.94375,-3.1221851543,,,,,,,0,5.28571428571,0.285714285714
2022,001402,CHA,STINT,Max Adler,FO,7,33,9,151,72,0,37,2,3,3,0,0,0,2,0,253,27,160,0,0,0,0,0,0,3,0,0,0,0,0.300534423137,0.153638814016,0.0578299824238,0.497497914929,0.521718602455,0,0.666666666667,0,0.272727272727,-7.09161058001,-0.901603269412,0.0118577075099,0,0,,,0.476821192053,0.94375,-3.1221851543,,,,,,,0,5.28571428571,0.285714285714
2022,001406,ALL,SEASON,Ben Randall,D,13,78,7,0,0,12,24,0,5,4,1,2,0,5,0,545,52,371,0,0,0,0,0,0,5,2,2,0,0,0.300534423137,0.153638814016,0.0578299824238,0.497497914929,0.521718602455,0.4,1,0.4,0.0897435897436,-2.48926137094,0.490584679418,0.00917431192661,0.0192307692308,0.2,0,-0.307277628032,,0,,,,,,,,0.923076923077,1.84615384615,0
2022,001406,WAT,STINT,Ben Randall,D,13,78,7,0,0,12,24,0,5,4,1,2,0,5,0,545,52,371,0,0,0,0,0,0,5,2,2,0,0,0.300534423137,0.153638814016,0.0578299824238,0.497497914929,0.521718602455,0.4,1,0.4,0.0897435897436,-2.48926137094,0.490584679418,0.00917431192661,0.0192307692308,0.2,0,-0.307277628032,,0,,,,,,,,0.923076923077,1.84615384615,0
2022,001414,ALL,SEASON,Scott Hooper,D,1,2,0,0,0,2,1,0,0,0,0,0,0,0,0,39,2,30,0,0,0,0,0,0,0,0,0,0,0,0.300534423137,0.153638814016,0.0578299824238,0.497497914929,0.521718602455,,,,0,0.115659964848,,0,0,,,,,0,,,,,,,,2,1,0
2022,001414,CAN,STINT,Scott Hooper,D,1,2,0,0,0,2,1,0,0,0,0,0,0,0,0,39,2,30,0,0,0,0,0,0,0,0,0,0,0,0.300534423137,0.153638814016,0.0578299824238,0.497497914929,0.521718602455,,,,0,0.115659964848,,0,0,,,,,0,,,,,,,,2,1,0
2022,001417,ALL,SEASON,Bryce Wasserman,A,2,33,3,0,0,0,0,0,2,2,0,0,0,1,0,58,9,48,0,0,0,0,0,0,2,0,0,0,0,0.300534423137,0.153638814016,0.0578299824238,0.497497914929,0.521718602455,0,0.5,0,0.0909090909091,-1.09161058001,-0.601068846275,0.0344827586207,0,0,,,,0,,,,,,,,0,0,0
2022,001417,CHA,STINT,Bryce Wasserman,A,2,33,3,0,0,0,0,0,2,2,0,0,0,1,0,58,9,48,0,0,0,0,0,0,2,0,0,0,0,0.300534423137,0.153638814016,0.0578299824238,0.497497914929,0.521718602455,0,0.5,0,0.0909090909091,-1.09161058001,-0.601068846275,0.0344827586207,0,0,,,,0,,,,,,,,0,0,0
2022,001427,ALL,SEASON,Nick Marrocco,G,9,151,0,0,0,3,23,1,2,0,2,0,0,2,0,354,28,259,109,14,115,4,12,18,2,0,0,123,242,0.300534423137,0.153638814016,0.0578299824238,0.497497914929,0.521718602455,0,1,0,0,8.73232734599,-0.614555256065,0.00564971751412,0.0714285714286,1,0,-0.614555256065,,0,,0.50826446281,0.486607142857,0.777777777778,-3.25590179415,0.952755905512,0.0708661417323,0.333333333333,2.55555555556,0.111111111111
2022,001427,CAN,STINT,Nick Marrocco,G,9,151,0,0,0,3,23,1,2,0,2,0,0,2,0,354,28,259,109,14,115,4,12,18,2,0,0,123,242,0.300534423137,0.153638814016,0.0578299824238,0.497497914929,0.521718602455,0,1,0,0,8.73232734599,-0.614555256065,0.00564971751412,0.0714285714286,1,0,-0.614555256065,,0,,0.50826446281,0.486607142857,0.777777777778,-3.25590179415,0.952755905512,0.0708661417323,0.333333333333,2.55555555556,0.111111111111
2022,001657,ALL,SEASON,Brendan Bomberry,A,3,26,2,0,0,0,1,0,8,8,0,1,0,3,0,112,11,87,0,0,0,0,0,0,8,1,1,0,0,0.300534423137,0.153638814016,0.0578299824238,0.497497914929,0.521718602455,0.125,0.375,0.125,0.0769230769231,-0.496420456981,-1.4042753851,0.0714285714286,0,0,,,,0,,,,,,,,0,0.333333333333,0
2022,001657,CAN,STINT,Brendan Bomberry,A,3,26,2,0,0,0,1,0,8,8,0,1,0,3,0,112,11,87,0,0,0,0,0,0,8,1,1,0,0,0.300534423137,0.153638814016,0.0578299824238,0.497497914929,0.521718602455,0.125,0.375,0.125,0.0769230769231,-0.496420456981,-1.4042753851,0.0714285714286,0,0,,,,0,,,,,,,,0,0.333333333333,0
2022,001662,ALL,SEASON,Andrew Kew,A,1,15,1,0,0,0,2,0,4,3,1,0,0,0,0,37,6,28,0,0,0,0,0,0,4,0,0,0,0,0.300534423137,0.153638814016,0.0578299824238,0.497497914929,0.521718602455,0,0,0,0.0666666666667,-0.132550263643,-1.20888089744,0.108108108108,0.166666666667,0.25,0,-0.307277628032,,0,,,,,,,,0,2,0
2022,001662,CHA,STINT,Andrew Kew,A,1,15,1,0,0,0,2,0,4,3,1,0,0,0,0,37,6,28,0,0,0,0,0,0,4,0,0,0,0,0.300534423137,0.153638814016,0.0578299824238,0.497497914929,0.521718602455,0,0,0,0.0666666666667,-0.132550263643,-1.20888089744,0.108108108108,0.166666666667,0.25,0,-0.307277628032,,0,,,,,,,,0,2,0
2022,001671,ALL,SEASON,Zach Goodrich,SSDM,10,82,2,0,0,6,9,5,6,5,1,1,0,3,0,393,29,281,0,0,0,0,0,0,6,1,1,0,0,0.300534423137,0.153638814016,0.0578299824238,0.497497914929,0.521718602455,0.166666666667,0.5,0.166666666667,0.0243902439024,2.74205855875,-0.809949743719,0.0152671755725,0.0344827586207,0.166666666667,0,-0.307277628032,,0,,,,,,,,0.6,0.9,0.5
2022,001671,CAN,STINT,Zach Goodrich,SSDM,10,82,2,0,0,6,9,5,6,5,1,1,0,3,0,393,29,281,0,0,0,0,0,0,6,1,1,0,0,0.300534423137,0.153638814016,0.0578299824238,0.497497914929,0.521718602455,0.166666666667,0.5,0.166666666667,0.0243902439024,2.74205855875,-0.809949743719,0.0152671755725,0.0344827586207,0.166666666667,0,-0.307277628032,,0,,,,,,,,0.6,0.9,0.5
2022,001707,ALL,SEASON,Matt Whitcher,SSDM,13,87,2,0,0,7,15,2,8,7,1,2,0,6,0,545,52,371,0,0,0,0,0,0,8,2,2,0,0,0.300534423137,0.153638814016,0.0578299824238,0.497497914929,0.521718602455,0.25,0.75,0.25,0.0229885057471,3.03120847087,-0.411018589994,0.0146788990826,0.0192307692308,0.125,0,-0.307277628032,,0,,,,,,,,0.538461538462,1.15384615385,0.153846153846
2022,001707,WAT,STINT,Matt Whitcher,SSDM,13,87,2,0,0,7,15,2,8,7,1,2,0,6,0,545,52,371,0,0,0,0,0,0,8,2,2,0,0,0.300534423137,0.153638814016,0.0578299824238,0.497497914929,0.521718602455,0.25,0.75,0.25,0.0229885057471,3.03120847087,-0.411018589994,0.0146788990826,0.0192307692308,0.125,0,-0.307277628032,,0,,,,,,,,0.538461538462,1.15384615385,0.153846153846
2022,001724,ALL,SEASON,Sean Sconone,G,11,149,3,0,0,3,20,0,0,0,0,0,0,0,0,405,25,270,112,15,101,6,19,23,0,0,0,127,234,0.300534423137,0.153638814016,0.0578299824238,0.497497914929,0.521718602455,,,,0.0201342281879,5.61666738115,,0,0,,,,,0,,0.542735042735,0.525821596244,0.714285714286,4.9178470255,0.924901185771,0.0909090909091,0.272727272727,1.81818181818,0
2022,001724,CHR,STINT,Sean Sconone,G,11,149,3,0,0,3,20,0,0,0,0,0,0,0,0,405,25,270,112,15,101,6,19,23,0,0,0,127,234,0.300534423137,0.153638814016,0.0578299824238,0.497497914929,0.521718602455,,,,0.0201342281879,5.61666738115,,0,0,,,,,0,,0.542735042735,0.525821596244,0.714285714286,4.9178470255,0.924901185771,0.0909090909091,0.272727272727,1.81818181818,0
2022,001727,ALL,SEASON,Bradley Voigt,A,1,9,1,0,0,0,0,0,3,3,0,1,0,2,0,21,3,20,0,0,0,0,0,0,3,1,1,0,0,0.300534423137,0.153638814016,0.0578299824238,0.497497914929,0.521718602455,0.333333333333,0.666666666667,0.333333333333,0.111111111111,-0.479530158186,0.0983967305879,0.142857142857,0,0,,,,0,,,,,,,,0,0,0
2022,001727,CHA,STINT,Bradley Voigt,A,1,9,1,0,0,0,0,0,3,3,0,1,0,2,0,21,3,20,0,0,0,0,0,0,3,1,1,0,0,0.300534423137,0.153638814016,0.0578299824238,0.497497914929,0.521718602455,0.333333333333,0.666666666667,0.333333333333,0.111111111111,-0.479530158186,0.0983967305879,0.142857142857,0,0,,,,0,,,,,,,,0,0,0
2022,001729,ALL,SEASON,Chris Aslanian,"A,M",5,101,4,0,0,0,6,0,20,16,4,4,0,12,0,204,13,133,0,0,0,0,0,0,20,4,4,0,0,0.300534423137,0.153638814016,0.0578299824238,0.497497914929,0.521718602455,0.2,0.6,0.2,0.039603960396,1.8408282248,-2.03766128233,0.0980392156863,0.307692307692,0.2,0,-1.22911051213,,0,,,,,,,,0,1.2,0
2022,001729,CAN,STINT,Chris Aslanian,M,4,90,2,0,0,0,4,0,19,15,4,4,0,11,0,160,10,107,0,0,0,0,0,0,19,4,4,0,0,0.300534423137,0.153638814016,0.0578299824238,0.497497914929,0.521718602455,0.210526315789,0.578947368421,0.210526315789,0.0222222222222,3.20469841814,-1.73712685919,0.11875,0.4,0.210526315789,0,-1.22911051213,,0,,,,,,,,0,1,0
2022,001729,WHP,STINT,Chris Aslanian,A,1,11,2,0,0,0,2,0,1,1,0,0,0,1,0,44,3,26,0,0,0,0,0,0,1,0,0,0,0,0.300534423137,0.153638814016,0.0578299824238,0.497497914929,0.521718602455,0,1,0,0.181818181818,-1.36387019334,-0.300534423137,0.0227272727273,0,0,,,,0,,,,,,,,0,2,0
2022,001740,ALL,SEASON,Andrew Newbold,LSM,4,9,0,3,0,1,0,0,3,2,1,1,0,2,0,160,10,107,0,0,0,0,0,0,3,1,1,0,0,0.300534423137,0.153638814016,0.0578299824238,0.497497914929,0.521718602455,0.333333333333,0.666666666667,0.333333333333,0,0.520469841814,0.0916535256929,0.01875,0.1,0.333333333333,0,-0.307277628032,0,0.0280373831776,-1.49249374479,,,,,,,0.25,0,0
2022,001740,CAN,STINT,Andrew Newbold,LSM,4,9,0,3,0,1,0,0,3,2,1,1,0,2,0,160,10,107,0,0,0,0,0,0,3,1,1,0,0,0.300534423137,0.153638814016,0.0578299824238,0.497497914929,0.521718602455,0.333333333333,0.666666666667,0.333333333333,0,0.520469841814,0.0916535256929,0.01875,0.1,0.333333333333,0,-0.307277628032,0,0.0280373831776,-1.49249374479,,,,,,,0.25,0,0
2022,001746,ALL,SEASON,Daniel Bucaro,M,10,117,10,0,0,1,5,0,36,36,0,9,0,20,1,396,61,273,0,0,0,0,0,0,36,9,9,0,0,0.300534423137,0.153638814016,0.0578299824238,0.497497914929,0.521718602455,0.25,0.555555555556,0.25,0.0854700854701,-3.23389205642,-1.81923923295,0.0909090909091,0,0,,,,0,,,,,,,,0.1,0.5,0
2022,001746,ATL,STINT,Daniel Bucaro,M,10,117,10,0,0,1,5,0,36,36,0,9,0,20,1,396,61,273,0,0,0,0,0,0,36,9,9,0,0,0.300534423137,0.153638814016,0.0578299824238,0.497497914929,0.521718602455,0.25,0.555555555556,0.25,0.0854700854701,-3.23389205642,-1.81923923295,0.0909090909091,0,0,,,,0,,,,,,,,0.1,0.5,0
2022,001760,ALL,SEASON,Pat Aslanian,SSDM,3,12,1,0,0,2,0,0,1,1,0,0,0,0,0,123,8,74,0,0,0,0,0,0,1,0,0,0,0,0.300534423137,0.153638814016,0.0578299824238,0.497497914929,0.521718602455,0,0,0,0.0833333333333,-0.306040210914,-0.300534423137,0.00813008130081,0,0,,,,0,,,,,,,,0.666666666667,0,0
2022,001760,CAN,STINT,Pat Aslanian,SSDM,3,12,1,0,0,2,0,0,1,1,0,0,0,0,0,123,8,74,0,0,0,0,0,0,1,0,0,0,0,0.300534423137,0.153638814016,0.0578299824238,0.497497914929,0.521718602455,0,0,0,0.0833333333333,-0.306040210914,-0.300534423137,0.00813008130081,0,0,,,,0,,,,,,,,0.666666666667,0,0
2022,001763,ALL,SEASON,Alex Woodall,FO,4,12,2,50,23,0,12,0,0,0,0,0,0,0,0,160,10,117,0,0,0,0,0,0,0,0,0,0,0,0.300534423137,0.153638814016,0.0578299824238,0.497497914929,0.521718602455,,,,0.166666666667,-1.30604021091,,0,0,,,,0.46,0.42735042735,-1.87489574646,,,,,,,0,3,0
2022,001763,CAN,STINT,Alex Woodall,FO,4,12,2,50,23,0,12,0,0,0,0,0,0,0,0,160,10,117,0,0,0,0,0,0,0,0,0,0,0,0.300534423137,0.153638814016,0.0578299824238,0.497497914929,0.521718602455,,,,0.166666666667,-1.30604021091,,0,0,,,,0.46,0.42735042735,-1.87489574646,,,,,,,0,3,0
2022,001766,ALL,SEASON,Holden Garlent,D,10,52,6,0,0,9,23,4,3,0,3,0,1,2,0,393,29,281,0,0,0,0,0,0,3,1,2,0,0,0.300534423137,0.153638814016,0.0578299824238,0.497497914929,0.521718602455,0.333333333333,0.666666666667,0.666666666667,0.115384615385,-2.99284091396,1.0781671159,0.00763358778626,0.103448275862,1,0.333333333333,1.0781671159,,0,,,,,,,,0.9,2.3,0.4
2022,001766,CAN,STINT,Holden Garlent,D,10,52,6,0,0,9,23,4,3,0,3,0,1,2,0,393,29,281,0,0,0,0,0,0,3,1,2,0,0,0.300534423137,0.153638814016,0.0578299824238,0.497497914929,0.521718602455,0.333333333333,0.666666666667,0.666666666667,0.115384615385,-2.99284091396,1.0781671159,0.00763358778626,0.103448275862,1,0.333333333333,1.0781671159,,0,,,,,,,,0.9,2.3,0.4
2022,001773,ALL,SEASON,Nick Washuta,G,2,2,1,0,0,0,0,0,0,0,0,0,0,0,0,73,10,60,0,0,1,0,0,0,0,0,0,0,1,0.300534423137,0.153638814016,0.0578299824238,0.497497914929,0.521718602455,,,,0.5,-0.884340035152,,0,0,,,,,0,,0,0,,-0.521718602455,1,0,0,0,0
2022,001773,ARC,STINT,Nick Washuta,G,2,2,1,0,0,0,0,0,0,0,0,0,0,0,0,73,10,60,0,0,1,0,0,0,0,0,0,0,1,0.300534423137,0.153638814016,0.0578299824238,0.497497914929,0.521718602455,,,,0.5,-0.884340035152,,0,0,,,,,0,,0,0,,-0.521718602455,1,0,0,0,0
2022,001793,ALL,SEASON,Chase Fraser,A,10,270,24,0,0,4,16,3,49,49,0,14,0,29,2,354,39,246,0,0,0,0,0,0,49,14,14,0,0,0.300534423137,0.153638814016,0.0578299824238,0.497497914929,0.521718602455,0.285714285714,0.591836734694,0.285714285714,0.0888888888889,-8.38590474557,-0.726186733732,0.138418079096,0,0,,,,0,,,,,,,,0.4,1.6,0.3
2022,001793,CHA,STINT,Chase Fraser,A,10,270,24,0,0,4,16,3,49,49,0,14,0,29,2,354,39,246,0,0,0,0,0,0,49,14,14,0,0,0.300534423137,0.153638814016,0.0578299824238,0.497497914929,0.521718602455,0.285714285714,0.591836734694,0.285714285714,0.0888888888889,-8.38590474557,-0.726186733732,0.138418079096,0,0,,,,0,,,,,,,,0.4,1.6,0.3
2022,001795,ALL,SEASON,Christian Scarpello,SSDM,9,55,2,0,0,4,4,1,0,0,0,0,0,0,0,361,35,247,0,0,0,0,0,0,0,0,0,0,0,0.300534423137,0.153638814016,0.0578299824238,0.497497914929,0.521718602455,,,,0.0363636363636,1.18064903331,,0,0,,,,,0,,,,,,,,0.444444444444,0.444444444444,0.111111111111
2022,001795,WAT,STINT,Christian Scarpello,SSDM,9,55,2,0,0,4,4,1,0,0,0,0,0,0,0,361,35,247,0,0,0,0,0,0,0,0,0,0,0,0.300534423137,0.153638814016,0.0578299824238,0.497497914929,0.521718602455,,,,0.0363636363636,1.18064903331,,0,0,,,,,0,,,,,,,,0.444444444444,0.444444444444,0.111111111111
2022,001796,ALL,SEASON,Latrell Harris,SSDM,12,78,3,0,0,9,22,3,3,3,0,2,0,2,0,458,46,311,0,0,0,0,0,0,3,2,2,0,0,0.300534423137,0.153638814016,0.0578299824238,0.497497914929,0.521718602455,0.666666666667,0.666666666667,0.666666666667,0.0384615384615,1.51073862906,1.09839673059,0.00655021834061,0,0,,,,0,,,,,,,,0.75,1.83333333333,0.25
2022,001796,ARC,STINT,Latrell Harris,SSDM,12,78,3,0,0,9,22,3,3,3,0,2,0,2,0,458,46,311,0,0,0,0,0,0,3,2,2,0,0,0.300534423137,0.153638814016,0.0578299824238,0.497497914929,0.521718602455,0.666666666667,0.666666666667,0.666666666667,0.0384615384615,1.51073862906,1.09839673059,0.00655021834061,0,0,,,,0,,,,,,,,0.75,1.83333333333,0.25
2022,001797,ALL,SEASON,JD Colarusso,G,3,10,1,0,0,0,4,0,0,0,0,0,0,0,0,112,21,89,6,1,8,2,0,3,0,0,0,7,17,0.300534423137,0.153638814016,0.0578299824238,0.497497914929,0.521718602455,,,,0.1,-0.421700175762,,0,0,,,,,0,,0.411764705882,0.428571428571,0.333333333333,-1.86921624174,1,0.176470588235,0,1.33333333333,0
2022,001797,ATL,STINT,JD Colarusso,G,3,10,1,0,0,0,4,0,0,0,0,0,0,0,0,112,21,89,6,1,8,2,0,3,0,0,0,7,17,0.300534423137,0.153638814016,0.0578299824238,0.497497914929,0.521718602455,,,,0.1,-0.421700175762,,0,0,,,,,0,,0.411764705882,0.428571428571,0.333333333333,-1.86921624174,1,0.176470588235,0,1.33333333333,0
2022,001809,ALL,SEASON,Jeff Teat,A,11,401,22,0,0,2,18,0,59,58,1,24,1,39,2,445,69,296,0,0,0,0,0,0,59,25,26,0,0,0.300534423137,0.153638814016,0.0578299824238,0.497497914929,0.521718602455,0.423728813559,0.661016949153,0.440677966102,0.0548628428928,1.18982295194,8.26172583,0.132584269663,0.0144927536232,0.0169491525424,1,1.69272237197,,0,,,,,,,,0.181818181818,1.63636363636,0
2022,001809,ATL,STINT,Jeff Teat,A,11,401,22,0,0,2,18,0,59,58,1,24,1,39,2,445,69,296,0,0,0,0,0,0,59,25,26,0,0,0.300534423137,0.153638814016,0.0578299824238,0.497497914929,0.521718602455,0.423728813559,0.661016949153,0.440677966102,0.0548628428928,1.18982295194,8.26172583,0.132584269663,0.0144927536232,0.0169491525424,1,1.69272237197,,0,,,,,,,,0.181818181818,1.63636363636,0
2022,001810,ALL,SEASON,Michael Sowers,A,12,333,18,0,0,0,10,1,77,75,2,29,0,55,2,507,49,337,0,0,0,0,0,0,77,29,29,0,0,0.300534423137,0.153638814016,0.0578299824238,0.497497914929,0.521718602455,0.376623376623,0.714285714286,0.376623376623,0.0540540540541,1.25738414713,5.84536300863,0.151873767258,0.0408163265306,0.025974025974,0,-0.614555256065,,0,,,,,,,,0,0.833333333333,0.0833333333333
2022,001810,WAT,STINT,Michael Sowers,A,12,333,18,0,0,0,10,1,77,75,2,29,0,55,2,507,49,337,0,0,0,0,0,0,77,29,29,0,0,0.300534423137,0.153638814016,0.0578299824238,0.497497914929,0.521718602455,0.376623376623,0.714285714286,0.376623376623,0.0540540540541,1.25738414713,5.84536300863,0.151873767258,0.0408163265306,0.025974025974,0,-0.614555256065,,0,,,,,,,,0,0.833333333333,0.0833333333333
2022,001811,ALL,SEASON,JT Giles-Harris,D,11,83,5,0,0,11,24,2,1,1,0,0,0,0,0,405,25,270,0,0,0,0,0,0,1,0,0,0,0,0.300534423137,0.153638814016,0.0578299824238,0.497497914929,0.521718602455,0,0,0,0.0602409638554,-0.200111458825,-0.300534423137,0.00246913580247,0,0,,,,0,,,,,,,,1,2.18181818182,0.181818181818
2022,001811,CHR,STINT,JT Giles-Harris,D,11,83,5,0,0,11,24,2,1,1,0,0,0,0,0,405,25,270,0,0,0,0,0,0,1,0,0,0,0,0.300534423137,0.153638814016,0.0578299824238,0.497497914929,0.521718602455,0,0,0,0.0602409638554,-0.200111458825,-0.300534423137,0.00246913580247,0,0,,,,0,,,,,,,,1,2.18181818182,0.181818181818
2022,001812,ALL,SEASON,TD Ierlan,FO,11,89,9,276,150,5,85,2,7,7,0,1,0,3,1,412,53,288,0,0,0,0,0,0,7,1,1,0,0,0.300534423137,0.153638814016,0.0578299824238,0.497497914929,0.521718602455,0.142857142857,0.428571428571,0.142857142857,0.101123595506,-3.85313156428,-1.10374096196,0.0169902912621,0,0,,,0.54347826087,0.958333333333,12.6905754796,,,,,,,0.454545454545,7.72727272727,0.181818181818
2022,001812,RED,STINT,TD Ierlan,FO,11,89,9,276,150,5,85,2,7,7,0,1,0,3,1,412,53,288,0,0,0,0,0,0,7,1,1,0,0,0.300534423137,0.153638814016,0.0578299824238,0.497497914929,0.521718602455,0.142857142857,0.428571428571,0.142857142857,0.101123595506,-3.85313156428,-1.10374096196,0.0169902912621,0,0,,,0.54347826087,0.958333333333,12.6905754796,,,,,,,0.454545454545,7.72727272727,0.181818181818
2022,001813,ALL,SEASON,Jared Conners,LSM,12,67,9,2,0,7,25,3,6,3,3,0,0,4,0,458,46,311,0,0,0,0,0,0,6,0,0,0,0,0.300534423137,0.153638814016,0.0578299824238,0.497497914929,0.521718602455,0,0.666666666667,0,0.134328358209,-5.12539117761,-1.82343615351,0.0131004366812,0.0652173913043,0.5,0,-0.921832884097,0,0.0064308681672,-0.994995829858,,,,,,,0.583333333333,2.08333333333,0.25
2022,001813,ARC,STINT,Jared Conners,LSM,12,67,9,2,0,7,25,3,6,3,3,0,0,4,0,458,46,311,0,0,0,0,0,0,6,0,0,0,0,0.300534423137,0.153638814016,0.0578299824238,0.497497914929,0.521718602455,0,0.666666666667,0,0.134328358209,-5.12539117761,-1.82343615351,0.0131004366812,0.0652173913043,0.5,0,-0.921832884097,0,0.0064308681672,-0.994995829858,,,,,,,0.583333333333,2.08333333333,0.25
2022,001814,ALL,SEASON,Mac O'Keefe,M,13,242,8,0,0,0,6,0,46,37,9,12,2,29,1,432,50,315,0,0,0,0,0,0,46,14,16,0,0,0.300534423137,0.153638814016,0.0578299824238,0.497497914929,0.521718602455,0.304347826087,0.630434782609,0.347826086957,0.0330578512397,5.99485574656,2.11472769163,0.106481481481,0.18,0.195652173913,0.222222222222,1.23450134771,,0,,,,,,,,0,0.461538461538,0
2022,001814,CHA,STINT,Mac O'Keefe,M,13,242,8,0,0,0,6,0,46,37,9,12,2,29,1,432,50,315,0,0,0,0,0,0,46,14,16,0,0,0.300534423137,0.153638814016,0.0578299824238,0.497497914929,0.521718602455,0.304347826087,0.630434782609,0.347826086957,0.0330578512397,5.99485574656,2.11472769163,0.106481481481,0.18,0.195652173913,0.222222222222,1.23450134771,,0,,,,,,,,0,0.461538461538,0
2022,001815,ALL,SEASON,Connor Kirst,SSDM,11,113,5,0,0,6,18,1,25,19,6,7,1,17,1,462,47,266,0,0,0,0,0,0,25,8,9,0,0,0.300534423137,0.153638814016,0.0578299824238,0.497497914929,0.521718602455,0.32,0.68,0.36,0.0442477876106,1.53478801389,1.4461801922,0.0541125541126,0.127659574468,0.24,0.166666666667,0.156334231806,,0,,,,,,,,0.545454545455,1.63636363636,0.0909090909091
2022,001815,WHP,STINT,Connor Kirst,SSDM,11,113,5,0,0,6,18,1,25,19,6,7,1,17,1,462,47,266,0,0,0,0,0,0,25,8,9,0,0,0.300534423137,0.153638814016,0.0578299824238,0.497497914929,0.521718602455,0.32,0.68,0.36,0.0442477876106,1.53478801389,1.4461801922,0.0541125541126,0.127659574468,0.24,0.166666666667,0.156334231806,,0,,,,,,,,0.545454545455,1.63636363636,0.0909090909091
2022,001816,ALL,SEASON,Dox Aitken,M,9,160,11,0,0,1,9,0,26,25,1,9,0,20,0,354,54,251,0,0,0,0,0,0,26,9,9,0,0,0.300534423137,0.153638814016,0.0578299824238,0.497497914929,0.521718602455,0.346153846154,0.769230769231,0.346153846154,0.06875,-1.74720281219,1.17936179353,0.0734463276836,0.0185185185185,0.0384615384615,0,-0.307277628032,,0,,,,,,,,0.111111111111,1,0
2022,001816,ATL,STINT,Dox Aitken,M,9,160,11,0,0,1,9,0,26,25,1,9,0,20,0,354,54,251,0,0,0,0,0,0,26,9,9,0,0,0.300534423137,0.153638814016,0.0578299824238,0.497497914929,0.521718602455,0.346153846154,0.769230769231,0.346153846154,0.06875,-1.74720281219,1.17936179353,0.0734463276836,0.0185185185185,0.0384615384615,0,-0.307277628032,,0,,,,,,,,0.111111111111,1,0
2022,001817,ALL,SEASON,Jack Kielty,D,10,67,4,0,0,7,12,1,0,0,0,0,0,0,0,393,29,281,0,0,0,0,0,0,0,0,0,0,0,0.300534423137,0.153638814016,0.0578299824238,0.497497914929,0.521718602455,,,,0.0597014925373,-0.125391177605,,0,0,,,,,0,,,,,,,,0.7,1.2,0.1
2022,001817,CAN,STINT,Jack Kielty,D,10,67,4,0,0,7,12,1,0,0,0,0,0,0,0,393,29,281,0,0,0,0,0,0,0,0,0,0,0,0.300534423137,0.153638814016,0.0578299824238,0.497497914929,0.521718602455,,,,0.0597014925373,-0.125391177605,,0,0,,,,,0,,,,,,,,0.7,1.2,0.1
2022,001818,ALL,SEASON,Jake Carraway,A,2,33,0,0,0,0,1,0,8,6,2,1,0,5,1,79,12,51,0,0,0,0,0,0,8,1,1,0,0,0.300534423137,0.153638814016,0.0578299824238,0.497497914929,0.521718602455,0.125,0.625,0.125,0,1.90838941999,-1.41776179489,0.101265822785,0.166666666667,0.25,0,-0.614555256065,,0,,,,,,,,0,0.5,0
2022,001818,ATL,STINT,Jake Carraway,A,2,33,0,0,0,0,1,0,8,6,2,1,0,5,1,79,12,51,0,0,0,0,0,0,8,1,1,0,0,0.300534423137,0.153638814016,0.0578299824238,0.497497914929,0.521718602455,0.125,0.625,0.125,0,1.90838941999,-1.41776179489,0.101265822785,0.166666666667,0.25,0,-0.614555256065,,0,,,,,,,,0,0.5,0
2022,001819,ALL,SEASON,Danny Logan,SSDM,11,106,4,13,2,6,22,3,11,3,8,2,3,7,0,445,69,296,0,0,0,0,0,0,11,5,8,0,0,0.300534423137,0.153638814016,0.0578299824238,0.497497914929,0.521718602455,0.454545454545,0.636363636364,0.727272727273,0.0377358490566,2.12997813692,4.64017570633,0.0247191011236,0.115942028986,0.727272727273,0.375,3.54177897574,0.153846153846,0.0439189189189,-4.46747289408,,,,,,,0.545454545455,2,0.272727272727
2022,001819,ATL,STINT,Danny Logan,SSDM,11,106,4,13,2,6,22,3,11,3,8,2,3,7,0,445,69,296,0,0,0,0,0,0,11,5,8,0,0,0.300534423137,0.153638814016,0.0578299824238,0.497497914929,0.521718602455,0.454545454545,0.636363636364,0.727272727273,0.0377358490566,2.12997813692,4.64017570633,0.0247191011236,0.115942028986,0.727272727273,0.375,3.54177897574,0.153846153846,0.0439189189189,-4.46747289408,,,,,,,0.545454545455,2,0.272727272727
2022,001820,ALL,SEASON,Ryan Terefenko,SSDM,11,123,7,0,0,6,23,2,5,5,0,2,0,3,0,405,25,270,0,0,0,0,0,0,5,2,2,0,0,0.300534423137,0.153638814016,0.0578299824238,0.497497914929,0.521718602455,0.4,0.6,0.4,0.0569105691057,0.113087838127,0.497327884313,0.0123456790123,0,0,,,,0,,,,,,,,0.545454545455,2.09090909091,0.181818181818
2022,001820,CHR,STINT,Ryan Terefenko,SSDM,11,123,7,0,0,6,23,2,5,5,0,2,0,3,0,405,25,270,0,0,0,0,0,0,5,2,2,0,0,0.300534423137,0.153638814016,0.0578299824238,0.497497914929,0.521718602455,0.4,0.6,0.4,0.0569105691057,0.113087838127,0.497327884313,0.0123456790123,0,0,,,,0,,,,,,,,0.545454545455,2.09090909091,0.181818181818
2022,001821,ALL,SEASON,Tre Leclaire,M,11,142,2,0,0,1,7,0,28,27,1,8,0,17,2,420,42,290,0,0,0,0,0,0,28,8,8,0,0,0.300534423137,0.153638814016,0.0578299824238,0.497497914929,0.521718602455,0.285714285714,0.607142857143,0.285714285714,0.0140845070423,6.21185750418,-0.421707052742,0.0666666666667,0.0238095238095,0.0357142857143,0,-0.307277628032,,0,,,,,,,,0.0909090909091,0.636363636364,0
2022,001821,ARC,STINT,Tre Leclaire,M,11,142,2,0,0,1,7,0,28,27,1,8,0,17,2,420,42,290,0,0,0,0,0,0,28,8,8,0,0,0.300534423137,0.153638814016,0.0578299824238,0.497497914929,0.521718602455,0.285714285714,0.607142857143,0.285714285714,0.0140845070423,6.21185750418,-0.421707052742,0.0666666666667,0.0238095238095,0.0357142857143,0,-0.307277628032,,0,,,,,,,,0.0909090909091,0.636363636364,0
2022,001823,ALL,SEASON,Tanner Cook,M,5,72,5,0,0,0,3,1,7,7,0,2,0,6,0,144,23,122,0,0,0,0,0,0,7,2,2,0,0,0.300534423137,0.153638814016,0.0578299824238,0.497497914929,0.521718602455,0.285714285714,0.857142857143,0.285714285714,0.0694444444444,-0.836241265486,-0.103740961962,0.0486111111111,0,0,,,,0,,,,,,,,0,0.6,0.2
2022,001823,CHA,STINT,Tanner Cook,M,5,72,5,0,0,0,3,1,7,7,0,2,0,6,0,144,23,122,0,0,0,0,0,0,7,2,2,0,0,0.300534423137,0.153638814016,0.0578299824238,0.497497914929,0.521718602455,0.285714285714,0.857142857143,0.285714285714,0.0694444444444,-0.836241265486,-0.103740961962,0.0486111111111,0,0,,,,0,,,,,,,,0,0.6,0.2
2022,001824,ALL,SEASON,Ryan Tierney,M,7,87,8,0,0,0,6,1,14,13,1,5,0,10,0,264,23,191,0,0,0,0,0,0,14,5,5,0,0,0.300534423137,0.153638814016,0.0578299824238,0.497497914929,0.521718602455,0.357142857143,0.714285714286,0.357142857143,0.0919540229885,-2.96879152913,0.785774871182,0.0530303030303,0.0434782608696,0.0714285714286,0,-0.307277628032,,0,,,,,,,,0,0.857142857143,0.142857142857
2022,001824,CAN,STINT,Ryan Tierney,M,7,87,8,0,0,0,6,1,14,13,1,5,0,10,0,264,23,191,0,0,0,0,0,0,14,5,5,0,0,0.300534423137,0.153638814016,0.0578299824238,0.497497914929,0.521718602455,0.357142857143,0.714285714286,0.357142857143,0.0919540229885,-2.96879152913,0.785774871182,0.0530303030303,0.0434782608696,0.0714285714286,0,-0.307277628032,,0,,,,,,,,0,0.857142857143,0.142857142857
2022,001825,ALL,SEASON,Peter Dearth,SSDM,10,46,5,0,0,4,10,2,5,5,0,1,0,4,2,397,62,271,0,0,0,0,0,0,5,1,1,0,0,0.300534423137,0.153638814016,0.0578299824238,0.497497914929,0.521718602455,0.2,0.8,0.2,0.108695652174,-2.33982080851,-0.502672115687,0.0125944584383,0,0,,,,0,,,,,,,,0.4,1,0.2
2022,001825,ATL,STINT,Peter Dearth,SSDM,10,46,5,0,0,4,10,2,5,5,0,1,0,4,2,397,62,271,0,0,0,0,0,0,5,1,1,0,0,0.300534423137,0.153638814016,0.0578299824238,0.497497914929,0.521718602455,0.2,0.8,0.2,0.108695652174,-2.33982080851,-0.502672115687,0.0125944584383,0,0,,,,0,,,,,,,,0.4,1,0.2
2022,001826,ALL,SEASON,Jeff Trainor,M,5,48,0,0,0,3,5,1,8,6,2,2,1,5,0,178,23,123,0,0,0,0,0,0,8,3,4,0,0,0.300534423137,0.153638814016,0.0578299824238,0.497497914929,0.521718602455,0.375,0.625,0.5,0,2.77583915634,1.58223820511,0.0449438202247,0.0869565217391,0.25,0.5,1.38544474394,,0,,,,,,,,0.6,1,0.2
2022,001826,ARC,STINT,Jeff Trainor,M,5,48,0,0,0,3,5,1,8,6,2,2,1,5,0,178,23,123,0,0,0,0,0,0,8,3,4,0,0,0.300534423137,0.153638814016,0.0578299824238,0.497497914929,0.521718602455,0.375,0.625,0.5,0,2.77583915634,1.58223820511,0.0449438202247,0.0869565217391,0.25,0.5,1.38544474394,,0,,,,,,,,0.6,1,0.2
2022,001828,ALL,SEASON,Justin Anderson,M,11,258,10,0,0,1,13,2,46,42,4,15,1,31,1,405,25,270,0,0,0,0,0,0,46,16,17,0,0,0.300534423137,0.153638814016,0.0578299824238,0.497497914929,0.521718602455,0.347826086957,0.673913043478,0.369565217391,0.0387596899225,4.92013546534,3.1484437161,0.113580246914,0.16,0.0869565217391,0.25,0.770889487871,,0,,,,,,,,0.0909090909091,1.18181818182,0.181818181818
2022,001828,CHR,STINT,Justin Anderson,M,11,258,10,0,0,1,13,2,46,42,4,15,1,31,1,405,25,270,0,0,0,0,0,0,46,16,17,0,0,0.300534423137,0.153638814016,0.0578299824238,0.497497914929,0.521718602455,0.347826086957,0.673913043478,0.369565217391,0.0387596899225,4.92013546534,3.1484437161,0.113580246914,0.16,0.0869565217391,0.25,0.770889487871,,0,,,,,,,,0.0909090909091,1.18181818182,0.181818181818
2022,001831,ALL,SEASON,Colin Squires,LSM,11,32,3,12,2,6,23,0,0,0,0,0,0,0,0,462,47,266,0,0,0,0,0,0,0,0,0,0,0,0.300534423137,0.153638814016,0.0578299824238,0.497497914929,0.521718602455,,,,0.09375,-1.14944056244,,0,0,,,,0.166666666667,0.0451127819549,-3.96997497915,,,,,,,0.545454545455,2.09090909091,0
2022,001831,WHP,STINT,Colin Squires,LSM,11,32,3,12,2,6,23,0,0,0,0,0,0,0,0,462,47,266,0,0,0,0,0,0,0,0,0,0,0,0.300534423137,0.153638814016,0.0578299824238,0.497497914929,0.521718602455,,,,0.09375,-1.14944056244,,0,0,,,,0.166666666667,0.0451127819549,-3.96997497915,,,,,,,0.545454545455,2.09090909091,0
2022,001832,ALL,SEASON,Charlie Bertrand,M,11,180,16,0,0,2,4,1,50,48,2,20,0,36,2,412,53,288,0,0,0,0,0,0,50,20,20,0,0,0.300534423137,0.153638814016,0.0578299824238,0.497497914929,0.521718602455,0.4,0.72,0.4,0.0888888888889,-5.59060316372,4.95979243334,0.121359223301,0.0377358490566,0.04,0,-0.614555256065,,0,,,,,,,,0.181818181818,0.363636363636,0.0909090909091
2022,001832,RED,STINT,Charlie Bertrand,M,11,180,16,0,0,2,4,1,50,48,2,20,0,36,2,412,53,288,0,0,0,0,0,0,50,20,20,0,0,0.300534423137,0.153638814016,0.0578299824238,0.497497914929,0.521718602455,0.4,0.72,0.4,0.0888888888889,-5.59060316372,4.95979243334,0.121359223301,0.0377358490566,0.04,0,-0.614555256065,,0,,,,,,,,0.181818181818,0.363636363636,0.0909090909091
2022,001833,ALL,SEASON,Stephen Rehfuss,M,10,277,16,0,0,0,9,0,29,29,0,6,0,17,3,393,29,281,0,0,0,0,0,0,29,6,6,0,0,0.300534423137,0.153638814016,0.0578299824238,0.497497914929,0.521718602455,0.206896551724,0.586206896552,0.206896551724,0.057761732852,0.0189051313928,-2.71549827098,0.0737913486005,0,0,,,,0,,,,,,,,0,0.9,0
2022,001833,CAN,STINT,Stephen Rehfuss,M,10,277,16,0,0,0,9,0,29,29,0,6,0,17,3,393,29,281,0,0,0,0,0,0,29,6,6,0,0,0.300534423137,0.153638814016,0.0578299824238,0.497497914929,0.521718602455,0.206896551724,0.586206896552,0.206896551724,0.057761732852,0.0189051313928,-2.71549827098,0.0737913486005,0,0,,,,0,,,,,,,,0,0.9,0
2022,001835,ALL,SEASON,Ethan Walker,A,12,314,14,0,0,1,17,1,38,38,0,15,0,22,0,504,47,340,0,0,0,0,0,0,38,15,15,0,0,0.300534423137,0.153638814016,0.0578299824238,0.497497914929,0.521718602455,0.394736842105,0.578947368421,0.394736842105,0.0445859872611,4.15861448107,3.57969192078,0.0753968253968,0,0,,,,0,,,,,,,,0.0833333333333,1.41666666667,0.0833333333333
2022,001835,WAT,STINT,Ethan Walker,A,12,314,14,0,0,1,17,1,38,38,0,15,0,22,0,504,47,340,0,0,0,0,0,0,38,15,15,0,0,0.300534423137,0.153638814016,0.0578299824238,0.497497914929,0.521718602455,0.394736842105,0.578947368421,0.394736842105,0.0445859872611,4.15861448107,3.57969192078,0.0753968253968,0,0,,,,0,,,,,,,,0.0833333333333,1.41666666667,0.0833333333333
2022,001836,ALL,SEASON,Jackson Morrill,M,11,145,11,0,0,0,3,2,14,14,0,5,0,10,0,405,25,270,0,0,0,0,0,0,14,5,5,0,0,0.300534423137,0.153638814016,0.0578299824238,0.497497914929,0.521718602455,0.357142857143,0.714285714286,0.357142857143,0.0758620689655,-2.61465254855,0.792518076077,0.0345679012346,0,0,,,,0,,,,,,,,0,0.272727272727,0.181818181818
2022,001836,CHR,STINT,Jackson Morrill,M,11,145,11,0,0,0,3,2,14,14,0,5,0,10,0,405,25,270,0,0,0,0,0,0,14,5,5,0,0,0.300534423137,0.153638814016,0.0578299824238,0.497497914929,0.521718602455,0.357142857143,0.714285714286,0.357142857143,0.0758620689655,-2.61465254855,0.792518076077,0.0345679012346,0,0,,,,0,,,,,,,,0,0.272727272727,0.181818181818
2022,001838,ALL,SEASON,Ryan Smith,M,11,173,7,0,0,0,2,0,18,18,0,8,0,13,2,359,44,265,0,0,0,0,0,0,18,8,8,0,0,0.300534423137,0.153638814016,0.0578299824238,0.497497914929,0.521718602455,0.444444444444,0.722222222222,0.444444444444,0.0404624277457,3.00458695932,2.59038038353,0.050139275766,0,0,,,,0,,,,,,,,0,0.181818181818,0
2022,001838,CHA,STINT,Ryan Smith,M,11,173,7,0,0,0,2,0,18,18,0,8,0,13,2,359,44,265,0,0,0,0,0,0,18,8,8,0,0,0.300534423137,0.153638814016,0.0578299824238,0.497497914929,0.521718602455,0.444444444444,0.722222222222,0.444444444444,0.0404624277457,3.00458695932,2.59038038353,0.050139275766,0,0,,,,0,,,,,,,,0,0.181818181818,0
2022,001839,ALL,SEASON,Nick Grill,LSM,11,34,2,0,0,6,12,1,0,0,0,0,0,0,0,405,25,270,0,0,0,0,0,0,0,0,0,0,0,0.300534423137,0.153638814016,0.0578299824238,0.497497914929,0.521718602455,,,,0.0588235294118,-0.0337805975908,,0,0,,,,,0,,,,,,,,0.545454545455,1.09090909091,0.0909090909091
2022,001839,CHR,STINT,Nick Grill,LSM,11,34,2,0,0,6,12,1,0,0,0,0,0,0,0,405,25,270,0,0,0,0,0,0,0,0,0,0,0,0.300534423137,0.153638814016,0.0578299824238,0.497497914929,0.521718602455,,,,0.0588235294118,-0.0337805975908,,0,0,,,,,0,,,,,,,,0.545454545455,1.09090909091,0.0909090909091
2022,001843,ALL,SEASON,Cole Williams,M,5,73,3,0,0,0,3,1,12,12,0,5,0,9,1,166,14,114,0,0,0,0,0,0,12,5,5,0,0,0.300534423137,0.153638814016,0.0578299824238,0.497497914929,0.521718602455,0.416666666667,0.75,0.416666666667,0.041095890411,1.22158871694,1.39358692235,0.0722891566265,0,0,,,,0,,,,,,,,0,0.6,0.2
2022,001843,CHR,STINT,Cole Williams,M,5,73,3,0,0,0,3,1,12,12,0,5,0,9,1,166,14,114,0,0,0,0,0,0,12,5,5,0,0,0.300534423137,0.153638814016,0.0578299824238,0.497497914929,0.521718602455,0.416666666667,0.75,0.416666666667,0.041095890411,1.22158871694,1.39358692235,0.0722891566265,0,0,,,,0,,,,,,,,0,0.6,0.2
2022,001846,ALL,SEASON,Adam Charalambides,A,3,62,4,0,0,0,4,0,17,17,0,3,0,11,1,121,8,87,0,0,0,0,0,0,17,3,3,0,0,0.300534423137,0.153638814016,0.0578299824238,0.497497914929,0.521718602455,0.176470588235,0.647058823529,0.176470588235,0.0645161290323,-0.414541089724,-2.10908519334,0.140495867769,0,0,,,,0,,,,,,,,0,1.33333333333,0
2022,001846,CAN,STINT,Adam Charalambides,A,3,62,4,0,0,0,4,0,17,17,0,3,0,11,1,121,8,87,0,0,0,0,0,0,17,3,3,0,0,0.300534423137,0.153638814016,0.0578299824238,0.497497914929,0.521718602455,0.176470588235,0.647058823529,0.176470588235,0.0645161290323,-0.414541089724,-2.10908519334,0.140495867769,0,0,,,,0,,,,,,,,0,1.33333333333,0
2022,002001,ALL,SEASON,Kevin Rogers,M,5,74,2,0,0,1,5,0,11,10,1,1,0,5,1,198,8,128,0,0,0,0,0,0,11,1,1,0,0,0.300534423137,0.153638814016,0.0578299824238,0.497497914929,0.521718602455,0.0909090909091,0.454545454545,0.0909090909091,0.027027027027,2.27941869936,-2.31262185941,0.0555555555556,0.125,0.0909090909091,0,-0.307277628032,,0,,,,,,,,0.2,1,0
2022,002001,CHR,STINT,Kevin Rogers,M,5,74,2,0,0,1,5,0,11,10,1,1,0,5,1,198,8,128,0,0,0,0,0,0,11,1,1,0,0,0.300534423137,0.153638814016,0.0578299824238,0.497497914929,0.521718602455,0.0909090909091,0.454545454545,0.0909090909091,0.027027027027,2.27941869936,-2.31262185941,0.0555555555556,0.125,0.0909090909091,0,-0.307277628032,,0,,,,,,,,0.2,1,0
2022,002007,ALL,SEASON,Charlie Kitchen,A,1,8,0,0,0,0,0,0,3,3,0,1,0,2,0,46,3,33,0,0,0,0,0,0,3,1,1,0,0,0.300534423137,0.153638814016,0.0578299824238,0.497497914929,0.521718602455,0.333333333333,0.666666666667,0.333333333333,0,0.46263985939,0.0983967305879,0.0652173913043,0,0,,,,0,,,,,,,,0,0,0
2022,002007,WAT,STINT,Charlie Kitchen,A,1,8,0,0,0,0,0,0,3,3,0,1,0,2,0,46,3,33,0,0,0,0,0,0,3,1,1,0,0,0.300534423137,0.153638814016,0.0578299824238,0.497497914929,0.521718602455,0.333333333333,0.666666666667,0.333333333333,0,0.46263985939,0.0983967305879,0.0652173913043,0,0,,,,0,,,,,,,,0,0,0
2022,002015,ALL,SEASON,Logan Wisnauskas,A,10,331,8,0,0,0,10,0,72,71,1,26,0,48,3,370,23,246,0,0,0,0,0,0,72,26,26,0,0,0.300534423137,0.153638814016,0.0578299824238,0.497497914929,0.521718602455,0.361111111111,0.666666666667,0.361111111111,0.02416918429,11.1417241823,4.35477832921,0.194594594595,0.0434782608696,0.0138888888889,0,-0.307277628032,,0,,,,,,,,0,1,0
2022,002015,CHR,STINT,Logan Wisnauskas,A,10,331,8,0,0,0,10,0,72,71,1,26,0,48,3,370,23,246,0,0,0,0,0,0,72,26,26,0,0,0.300534423137,0.153638814016,0.0578299824238,0.497497914929,0.521718602455,0.361111111111,0.666666666667,0.361111111111,0.02416918429,11.1417241823,4.35477832921,0.194594594595,0.0434782608696,0.0138888888889,0,-0.307277628032,,0,,,,,,,,0,1,0
2022,002016,ALL,SEASON,Chris Gray,A,11,399,19,0,0,1,8,3,71,65,6,20,1,40,2,445,69,296,0,0,0,0,0,0,71,21,22,0,0,0.300534423137,0.153638814016,0.0578299824238,0.497497914929,0.521718602455,0.295774647887,0.56338028169,0.30985915493,0.047619047619,4.0741629871,0.621596727876,0.159550561798,0.0869565217391,0.0845070422535,0.166666666667,0.156334231806,,0,,,,,,,,0.0909090909091,0.727272727273,0.272727272727
2022,002016,ATL,STINT,Chris Gray,A,11,399,19,0,0,1,8,3,71,65,6,20,1,40,2,445,69,296,0,0,0,0,0,0,71,21,22,0,0,0.300534423137,0.153638814016,0.0578299824238,0.497497914929,0.521718602455,0.295774647887,0.56338028169,0.30985915493,0.047619047619,4.0741629871,0.621596727876,0.159550561798,0.0869565217391,0.0845070422535,0.166666666667,0.156334231806,,0,,,,,,,,0.0909090909091,0.727272727273,0.272727272727
2022,002017,ALL,SEASON,Arden Cohen,D,11,38,4,0,0,4,18,1,0,0,0,0,0,0,0,412,53,288,0,0,0,0,0,0,0,0,0,0,0,0.300534423137,0.153638814016,0.0578299824238,0.497497914929,0.521718602455,,,,0.105263157895,-1.8024606679,,0,0,,,,,0,,,,,,,,0.363636363636,1.63636363636,0.0909090909091
2022,002017,RED,STINT,Arden Cohen,D,11,38,4,0,0,4,18,1,0,0,0,0,0,0,0,412,53,288,0,0,0,0,0,0,0,0,0,0,0,0.300534423137,0.153638814016,0.0578299824238,0.497497914929,0.521718602455,,,,0.105263157895,-1.8024606679,,0,0,,,,,0,,,,,,,,0.363636363636,1.63636363636,0.0909090909091
2022,002018,ALL,SEASON,Matt Moore,M,12,213,15,0,0,0,4,1,56,51,5,18,0,38,1,458,46,311,0,0,0,0,0,0,56,18,18,0,0,0.300534423137,0.153638814016,0.0578299824238,0.497497914929,0.521718602455,0.321428571429,0.678571428571,0.321428571429,0.0704225352113,-2.68221374373,1.13635627983,0.122270742358,0.108695652174,0.0892857142857,0,-1.53638814016,,0,,,,,,,,0,0.333333333333,0.0833333333333
2022,002018,ARC,STINT,Matt Moore,M,12,213,15,0,0,0,4,1,56,51,5,18,0,38,1,458,46,311,0,0,0,0,0,0,56,18,18,0,0,0.300534423137,0.153638814016,0.0578299824238,0.497497914929,0.521718602455,0.321428571429,0.678571428571,0.321428571429,0.0704225352113,-2.68221374373,1.13635627983,0.122270742358,0.108695652174,0.0892857142857,0,-1.53638814016,,0,,,,,,,,0,0.333333333333,0.0833333333333
2022,002019,ALL,SEASON,Koby Smith,LSM,11,30,5,0,0,3,12,1,5,2,3,1,2,4,0,445,69,296,0,0,0,0,0,0,5,3,5,0,0,0.300534423137,0.153638814016,0.0578299824238,0.497497914929,0.521718602455,0.6,0.8,1,0.166666666667,-3.26510052729,3.47709826963,0.0112359550562,0.0434782608696,0.6,0.666666666667,3.0781671159,,0,,,,,,,,0.272727272727,1.09090909091,0.0909090909091
2022,002019,ATL,STINT,Koby Smith,LSM,11,30,5,0,0,3,12,1,5,2,3,1,2,4,0,445,69,296,0,0,0,0,0,0,5,3,5,0,0,0.300534423137,0.153638814016,0.0578299824238,0.497497914929,0.521718602455,0.6,0.8,1,0.166666666667,-3.26510052729,3.47709826963,0.0112359550562,0.0434782608696,0.6,0.666666666667,3.0781671159,,0,,,,,,,,0.272727272727,1.09090909091,0.0909090909091
2022,002020,ALL,SEASON,Brett Kennedy,D,5,21,1,0,0,1,8,1,0,0,0,0,0,0,0,147,22,127,0,0,0,0,0,0,0,0,0,0,0,0.300534423137,0.153638814016,0.0578299824238,0.497497914929,0.521718602455,,,,0.047619047619,0.2144296309,,0,0,,,,,0,,,,,,,,0.2,1.6,0.2
2022,002020,CHA,STINT,Brett Kennedy,D,5,21,1,0,0,1,8,1,0,0,0,0,0,0,0,147,22,127,0,0,0,0,0,0,0,0,0,0,0,0.300534423137,0.153638814016,0.0578299824238,0.497497914929,0.521718602455,,,,0.047619047619,0.2144296309,,0,0,,,,,0,,,,,,,,0.2,1.6,0.2
2022,002022,ALL,SEASON,Zach Geddes,SSDM,6,39,2,0,0,1,8,0,2,1,1,0,0,2,1,172,20,146,0,0,0,0,0,0,2,0,0,0,0,0.300534423137,0.153638814016,0.0578299824238,0.497497914929,0.521718602455,0,1,0,0.0512820512821,0.255369314528,-0.60781205117,0.0116279069767,0.05,0.5,0,-0.307277628032,,0,,,,,,,,0.166666666667,1.33333333333,0
2022,002022,CHA,STINT,Zach Geddes,SSDM,6,39,2,0,0,1,8,0,2,1,1,0,0,2,1,172,20,146,0,0,0,0,0,0,2,0,0,0,0,0.300534423137,0.153638814016,0.0578299824238,0.497497914929,0.521718602455,0,1,0,0.0512820512821,0.255369314528,-0.60781205117,0.0116279069767,0.05,0.5,0,-0.307277628032,,0,,,,,,,,0.166666666667,1.33333333333,0
2022,002023,ALL,SEASON,Brendan Nichtern,A,11,522,35,0,0,3,12,0,60,58,2,16,0,39,7,405,25,270,0,0,0,0,0,0,60,16,16,0,0,0.300534423137,0.153638814016,0.0578299824238,0.497497914929,0.521718602455,0.266666666667,0.65,0.266666666667,0.0670498084291,-4.81274917478,-2.04555179803,0.148148148148,0.08,0.0333333333333,0,-0.614555256065,,0,,,,,,,,0.272727272727,1.09090909091,0
2022,002023,CHR,STINT,Brendan Nichtern,A,11,522,35,0,0,3,12,0,60,58,2,16,0,39,7,405,25,270,0,0,0,0,0,0,60,16,16,0,0,0.300534423137,0.153638814016,0.0578299824238,0.497497914929,0.521718602455,0.266666666667,0.65,0.266666666667,0.0670498084291,-4.81274917478,-2.04555179803,0.148148148148,0.08,0.0333333333333,0,-0.614555256065,,0,,,,,,,,0.272727272727,1.09090909091,0
2022,002024,ALL,SEASON,Asher Nolting,A,10,282,31,0,0,2,13,1,49,49,0,14,0,38,7,393,29,281,0,0,0,0,0,0,49,14,14,0,0,0.300534423137,0.153638814016,0.0578299824238,0.497497914929,0.521718602455,0.285714285714,0.775510204082,0.285714285714,0.109929078014,-14.6919449565,-0.726186733732,0.124681933842,0,0,,,,0,,,,,,,,0.2,1.3,0.1
2022,002024,CAN,STINT,Asher Nolting,A,10,282,31,0,0,2,13,1,49,49,0,14,0,38,7,393,29,281,0,0,0,0,0,0,49,14,14,0,0,0.300534423137,0.153638814016,0.0578299824238,0.497497914929,0.521718602455,0.285714285714,0.775510204082,0.285714285714,0.109929078014,-14.6919449565,-0.726186733732,0.124681933842,0,0,,,,0,,,,,,,,0.2,1.3,0.1
2022,002025,ALL,SEASON,Bubba Fairman,SSDM,9,90,3,0,0,1,17,1,12,11,1,4,0,9,0,354,27,251,0,0,0,0,0,0,12,4,4,0,0,0.300534423137,0.153638814016,0.0578299824238,0.497497914929,0.521718602455,0.333333333333,0.75,0.333333333333,0.0333333333333,2.20469841814,0.386843717456,0.0338983050847,0.037037037037,0.0833333333333,0,-0.307277628032,,0,,,,,,,,0.111111111111,1.88888888889,0.111111111111
2022,002025,CAN,STINT,Bubba Fairman,SSDM,9,90,3,0,0,1,17,1,12,11,1,4,0,9,0,354,27,251,0,0,0,0,0,0,12,4,4,0,0,0.300534423137,0.153638814016,0.0578299824238,0.497497914929,0.521718602455,0.333333333333,0.75,0.333333333333,0.0333333333333,2.20469841814,0.386843717456,0.0338983050847,0.037037037037,0.0833333333333,0,-0.307277628032,,0,,,,,,,,0.111111111111,1.88888888889,0.111111111111
2022,002026,ALL,SEASON,Brett Dobson,G,1,12,0,0,0,0,4,0,0,0,0,0,0,0,0,32,5,27,14,0,13,0,4,0,0,0,0,14,27,0.300534423137,0.153638814016,0.0578299824238,0.497497914929,0.521718602455,,,,0,0.693959789086,,0,0,,,,,0,,0.518518518519,0.518518518519,,-0.086402266289,0.870967741935,0,0,4,0
2022,002026,ARC,STINT,Brett Dobson,G,1,12,0,0,0,0,4,0,0,0,0,0,0,0,0,32,5,27,14,0,13,0,4,0,0,0,0,14,27,0.300534423137,0.153638814016,0.0578299824238,0.497497914929,0.521718602455,,,,0,0.693959789086,,0,0,,,,,0,,0.518518518519,0.518518518519,,-0.086402266289,0.870967741935,0,0,4,0
2022,002027,ALL,SEASON,Brendan Curry,M,3,35,2,0,0,0,1,0,12,12,0,1,0,7,2,124,18,75,0,0,0,0,0,0,12,1,1,0,0,0.300534423137,0.153638814016,0.0578299824238,0.497497914929,0.521718602455,0.0833333333333,0.583333333333,0.0833333333333,0.0571428571429,0.024049384833,-2.60641307765,0.0967741935484,0,0,,,,0,,,,,,,,0,0.333333333333,0
2022,002027,ATL,STINT,Brendan Curry,M,3,35,2,0,0,0,1,0,12,12,0,1,0,7,2,124,18,75,0,0,0,0,0,0,12,1,1,0,0,0.300534423137,0.153638814016,0.0578299824238,0.497497914929,0.521718602455,0.0833333333333,0.583333333333,0.0833333333333,0.0571428571429,0.024049384833,-2.60641307765,0.0967741935484,0,0,,,,0,,,,,,,,0,0.333333333333,0
2022,002028,ALL,SEASON,Jack Hannah,M,13,189,9,0,0,1,6,2,77,74,3,12,0,47,8,545,52,371,0,0,0,0,0,0,77,12,12,0,0,0.300534423137,0.153638814016,0.0578299824238,0.497497914929,0.521718602455,0.155844155844,0.61038961039,0.155844155844,0.047619047619,1.9298666781,-11.1613801963,0.14128440367,0.0576923076923,0.038961038961,0,-0.921832884097,,0,,,,,,,,0.0769230769231,0.461538461538,0.153846153846
2022,002028,WAT,STINT,Jack Hannah,M,13,189,9,0,0,1,6,2,77,74,3,12,0,47,8,545,52,371,0,0,0,0,0,0,77,12,12,0,0,0.300534423137,0.153638814016,0.0578299824238,0.497497914929,0.521718602455,0.155844155844,0.61038961039,0.155844155844,0.047619047619,1.9298666781,-11.1613801963,0.14128440367,0.0576923076923,0.038961038961,0,-0.921832884097,,0,,,,,,,,0.0769230769231,0.461538461538,0.153846153846
2022,002029,ALL,SEASON,Wheaton Jackoboice,M,7,64,3,0,0,0,2,0,11,10,1,1,0,2,1,293,30,171,0,0,0,0,0,0,11,1,1,0,0,0.300534423137,0.153638814016,0.0578299824238,0.497497914929,0.521718602455,0.0909090909091,0.181818181818,0.0909090909091,0.046875,0.701118875123,-2.31262185941,0.037542662116,0.0333333333333,0.0909090909091,0,-0.307277628032,,0,,,,,,,,0,0.285714285714,0
2022,002029,WHP,STINT,Wheaton Jackoboice,M,7,64,3,0,0,0,2,0,11,10,1,1,0,2,1,293,30,171,0,0,0,0,0,0,11,1,1,0,0,0.300534423137,0.153638814016,0.0578299824238,0.497497914929,0.521718602455,0.0909090909091,0.181818181818,0.0909090909091,0.046875,0.701118875123,-2.31262185941,0.037542662116,0.0333333333333,0.0909090909091,0,-0.307277628032,,0,,,,,,,,0,0.285714285714,0
2022,002030,ALL,SEASON,Jonathan Donville,M,7,133,6,0,0,1,5,0,24,24,0,8,0,18,2,264,16,187,0,0,0,0,0,0,24,8,8,0,0,0.300534423137,0.153638814016,0.0578299824238,0.497497914929,0.521718602455,0.333333333333,0.75,0.333333333333,0.0451127819549,1.69138766237,0.787173844703,0.0909090909091,0,0,,,,0,,,,,,,,0.142857142857,0.714285714286,0
2022,002030,CAN,STINT,Jonathan Donville,M,6,115,5,0,0,1,3,0,24,24,0,8,0,18,2,243,13,167,0,0,0,0,0,0,24,8,8,0,0,0.300534423137,0.153638814016,0.0578299824238,0.497497914929,0.521718602455,0.333333333333,0.75,0.333333333333,0.0434782608696,1.65044797874,0.787173844703,0.0987654320988,0,0,,,,0,,,,,,,,0.166666666667,0.5,0
2022,002030,CHA,STINT,Jonathan Donville,M,1,18,1,0,0,0,2,0,0,0,0,0,0,0,0,21,3,20,0,0,0,0,0,0,0,0,0,0,0,0.300534423137,0.153638814016,0.0578299824238,0.497497914929,0.521718602455,,,,0.0555555555556,0.0409396836284,,0,0,,,,,0,,,,,,,,0,2,0
2022,002032,ALL,SEASON,Justin Inacio,FO,10,42,1,225,92,0,44,1,7,7,0,2,0,4,0,385,36,251,0,0,0,0,0,0,7,2,2,0,0,0.300534423137,0.153638814016,0.0578299824238,0.497497914929,0.521718602455,0.285714285714,0.571428571429,0.285714285714,0.0238095238095,1.4288592618,-0.103740961962,0.0181818181818,0,0,,,0.408888888889,0.896414342629,-19.937030859,,,,,,,0,4.4,0.1
2022,002032,ARC,STINT,Justin Inacio,FO,10,42,1,225,92,0,44,1,7,7,0,2,0,4,0,385,36,251,0,0,0,0,0,0,7,2,2,0,0,0.300534423137,0.153638814016,0.0578299824238,0.497497914929,0.521718602455,0.285714285714,0.571428571429,0.285714285714,0.0238095238095,1.4288592618,-0.103740961962,0.0181818181818,0,0,,,0.408888888889,0.896414342629,-19.937030859,,,,,,,0,4.4,0.1
2022,002033,ALL,SEASON,Nakeie Montgomery,M,11,113,3,0,0,3,6,1,24,19,5,5,1,15,0,412,53,288,0,0,0,0,0,0,24,6,7,0,0,0.300534423137,0.153638814016,0.0578299824238,0.497497914929,0.521718602455,0.25,0.625,0.291666666667,0.0265486725664,3.53478801389,-0.246542179772,0.0582524271845,0.0943396226415,0.208333333333,0.2,0.463611859838,,0,,,,,,,,0.272727272727,0.545454545455,0.0909090909091
2022,002033,RED,STINT,Nakeie Montgomery,M,11,113,3,0,0,3,6,1,24,19,5,5,1,15,0,412,53,288,0,0,0,0,0,0,24,6,7,0,0,0.300534423137,0.153638814016,0.0578299824238,0.497497914929,0.521718602455,0.25,0.625,0.291666666667,0.0265486725664,3.53478801389,-0.246542179772,0.0582524271845,0.0943396226415,0.208333333333,0.2,0.463611859838,,0,,,,,,,,0.272727272727,0.545454545455,0.0909090909091
2022,002034,ALL,SEASON,Keegan Khan,M,7,101,10,0,0,0,1,1,18,18,0,6,0,9,0,289,29,175,0,0,0,0,0,0,18,6,6,0,0,0.300534423137,0.153638814016,0.0578299824238,0.497497914929,0.521718602455,0.333333333333,0.5,0.333333333333,0.0990099009901,-4.1591717752,0.590380383527,0.0622837370242,0,0,,,,0,,,,,,,,0,0.142857142857,0.142857142857
2022,002034,WHP,STINT,Keegan Khan,M,7,101,10,0,0,0,1,1,18,18,0,6,0,9,0,289,29,175,0,0,0,0,0,0,18,6,6,0,0,0.300534423137,0.153638814016,0.0578299824238,0.497497914929,0.521718602455,0.333333333333,0.5,0.333333333333,0.0990099009901,-4.1591717752,0.590380383527,0.0622837370242,0,0,,,,0,,,,,,,,0,0.142857142857,0.142857142857
2022,002036,ALL,SEASON,Jake Higgins,SSDM,9,51,2,0,0,5,8,1,1,1,0,0,0,0,0,398,39,260,0,0,0,0,0,0,1,0,0,0,0,0.300534423137,0.153638814016,0.0578299824238,0.497497914929,0.521718602455,0,0,0,0.0392156862745,0.949329103614,-0.300534423137,0.00251256281407,0,0,,,,0,,,,,,,,0.555555555556,0.888888888889,0.111111111111
2022,002036,WAT,STINT,Jake Higgins,SSDM,9,51,2,0,0,5,8,1,1,1,0,0,0,0,0,398,39,260,0,0,0,0,0,0,1,0,0,0,0,0.300534423137,0.153638814016,0.0578299824238,0.497497914929,0.521718602455,0,0,0,0.0392156862745,0.949329103614,-0.300534423137,0.00251256281407,0,0,,,,0,,,,,,,,0.555555555556,0.888888888889,0.111111111111
2022,002037,ALL,SEASON,Bryan McIntosh,D,3,13,0,0,0,0,5,0,0,0,0,0,0,0,0,104,9,87,0,0,0,0,0,0,0,0,0,0,0,0.300534423137,0.153638814016,0.0578299824238,0.497497914929,0.521718602455,,,,0,0.751789771509,,0,0,,,,,0,,,,,,,,0,1.66666666667,0
2022,002037,CAN,STINT,Bryan McIntosh,D,3,13,0,0,0,0,5,0,0,0,0,0,0,0,0,104,9,87,0,0,0,0,0,0,0,0,0,0,0,0.300534423137,0.153638814016,0.0578299824238,0.497497914929,0.521718602455,,,,0,0.751789771509,,0,0,,,,,0,,,,,,,,0,1.66666666667,0
2022,002038,ALL,SEASON,Colin Kirst,G,2,13,0,0,0,0,1,0,0,0,0,0,0,0,0,81,4,45,9,0,7,2,2,2,0,0,0,9,18,0.300534423137,0.153638814016,0.0578299824238,0.497497914929,0.521718602455,,,,0,0.751789771509,,0,0,,,,,0,,0.5,0.5625,0,-0.390934844193,0.9,0.1,0,0.5,0
2022,002038,CAN,STINT,Colin Kirst,G,2,13,0,0,0,0,1,0,0,0,0,0,0,0,0,81,4,45,9,0,7,2,2,2,0,0,0,9,18,0.300534423137,0.153638814016,0.0578299824238,0.497497914929,0.521718602455,,,,0,0.751789771509,,0,0,,,,,0,,0.5,0.5625,0,-0.390934844193,0.9,0.1,0,0.5,0
2022,002040,ALL,SEASON,Jackson Reid,A,5,61,3,1,0,0,2,0,16,16,0,4,0,8,0,229,25,118,0,0,0,0,0,0,16,4,4,0,0,0.300534423137,0.153638814016,0.0578299824238,0.497497914929,0.521718602455,0.25,0.5,0.25,0.0491803278689,0.527628927852,-0.808550770198,0.0698689956332,0,0,,,0,0.00847457627119,-0.497497914929,,,,,,,0,0.4,0
2022,002040,WHP,STINT,Jackson Reid,A,5,61,3,1,0,0,2,0,16,16,0,4,0,8,0,229,25,118,0,0,0,0,0,0,16,4,4,0,0,0.300534423137,0.153638814016,0.0578299824238,0.497497914929,0.521718602455,0.25,0.5,0.25,0.0491803278689,0.527628927852,-0.808550770198,0.0698689956332,0,0,,,0,0.00847457627119,-0.497497914929,,,,,,,0,0.4,0
2022,002041,ALL,SEASON,Mitch Bartolo,M,1,2,1,0,0,0,1,0,0,0,0,0,0,0,0,36,4,30,0,0,0,0,0,0,0,0,0,0,0,0.300534423137,0.153638814016,0.0578299824238,0.497497914929,0.521718602455,,,,0.5,-0.884340035152,,0,0,,,,,0,,,,,,,,0,1,0
2022,002041,RED,STINT,Mitch Bartolo,M,1,2,1,0,0,0,1,0,0,0,0,0,0,0,0,36,4,30,0,0,0,0,0,0,0,0,0,0,0,0.300534423137,0.153638814016,0.0578299824238,0.497497914929,0.521718602455,,,,0.5,-0.884340035152,,0,0,,,,,0,,,,,,,,0,1,0
2022,002042,ALL,SEASON,Jon Robbins,LSM,11,21,1,0,0,10,9,3,2,2,0,1,0,1,0,422,39,283,0,0,0,0,0,0,2,1,1,0,0,0.300534423137,0.153638814016,0.0578299824238,0.497497914929,0.521718602455,0.5,0.5,0.5,0.047619047619,0.2144296309,0.398931153725,0.00473933649289,0,0,,,,0,,,,,,,,0.909090909091,0.818181818182,0.272727272727
2022,002042,ARC,STINT,Jon Robbins,LSM,11,21,1,0,0,10,9,3,2,2,0,1,0,1,0,422,39,283,0,0,0,0,0,0,2,1,1,0,0,0.300534423137,0.153638814016,0.0578299824238,0.497497914929,0.521718602455,0.5,0.5,0.5,0.047619047619,0.2144296309,0.398931153725,0.00473933649289,0,0,,,,0,,,,,,,,0.909090909091,0.818181818182,0.272727272727
2022,002043,ALL,SEASON,Ryan Aughavin,M,2,14,0,0,0,1,1,0,3,3,0,0,0,3,1,69,7,55,0,0,0,0,0,0,3,0,0,0,0,0.300534423137,0.153638814016,0.0578299824238,0.497497914929,0.521718602455,0,1,0,0,0.809619753933,-0.901603269412,0.0434782608696,0,0,,,,0,,,,,,,,0.5,0.5,0
2022,002043,ARC,STINT,Ryan Aughavin,M,2,14,0,0,0,1,1,0,3,3,0,0,0,3,1,69,7,55,0,0,0,0,0,0,3,0,0,0,0,0.300534423137,0.153638814016,0.0578299824238,0.497497914929,0.521718602455,0,1,0,0,0.809619753933,-0.901603269412,0.0434782608696,0,0,,,,0,,,,,,,,0.5,0.5,0
2022,002047,ALL,SEASON,Frankie Labetti,FO,2,8,1,51,19,1,9,1,3,3,0,1,0,1,0,73,10,60,0,0,0,0,0,0,3,1,1,0,0,0.300534423137,0.153638814016,0.0578299824238,0.497497914929,0.521718602455,0.333333333333,0.333333333333,0.333333333333,0.125,-0.53736014061,0.0983967305879,0.041095890411,0,0,,,0.372549019608,0.85,-6.37239366138,,,,,,,0.5,4.5,0.5
2022,002047,ARC,STINT,Frankie Labetti,FO,2,8,1,51,19,1,9,1,3,3,0,1,0,1,0,73,10,60,0,0,0,0,0,0,3,1,1,0,0,0.300534423137,0.153638814016,0.0578299824238,0.497497914929,0.521718602455,0.333333333333,0.333333333333,0.333333333333,0.125,-0.53736014061,0.0983967305879,0.041095890411,0,0,,,0.372549019608,0.85,-6.37239366138,,,,,,,0.5,4.5,0.5
2022,002051,ALL,SEASON,Connor DeSimone,A,5,130,9,0,0,2,3,0,11,10,1,6,0,9,0,183,21,128,0,0,0,0,0,0,11,6,6,0,0,0.300534423137,0.153638814016,0.0578299824238,0.497497914929,0.521718602455,0.545454545455,0.818181818182,0.545454545455,0.0692307692308,-1.48210228491,2.68737814059,0.0601092896175,0.047619047619,0.0909090909091,0,-0.307277628032,,0,,,,,,,,0.4,0.6,0
2022,002051,ARC,STINT,Connor DeSimone,A,5,130,9,0,0,2,3,0,11,10,1,6,0,9,0,183,21,128,0,0,0,0,0,0,11,6,6,0,0,0.300534423137,0.153638814016,0.0578299824238,0.497497914929,0.521718602455,0.545454545455,0.818181818182,0.545454545455,0.0692307692308,-1.48210228491,2.68737814059,0.0601092896175,0.047619047619,0.0909090909091,0,-0.307277628032,,0,,,,,,,,0.4,0.6,0
2022,002055,ALL,SEASON,Jakob Phaup,FO,1,5,1,29,11,0,5,0,0,0,0,0,0,0,0,41,5,31,0,0,0,0,0,0,0,0,0,0,0,0.300534423137,0.153638814016,0.0578299824238,0.497497914929,0.521718602455,,,,0.2,-0.710850087881,,0,0,,,,0.379310344828,0.935483870968,-3.42743953294,,,,,,,0,5,0
2022,002055,ATL,STINT,Jakob Phaup,FO,1,5,1,29,11,0,5,0,0,0,0,0,0,0,0,41,5,31,0,0,0,0,0,0,0,0,0,0,0,0.300534423137,0.153638814016,0.0578299824238,0.497497914929,0.521718602455,,,,0.2,-0.710850087881,,0,0,,,,0.379310344828,0.935483870968,-3.42743953294,,,,,,,0,5,0
2022,002056,ALL,SEASON,Matt Rahill,D,5,27,2,0,0,1,9,1,1,0,1,0,0,1,0,208,15,143,0,0,0,0,0,0,1,0,0,0,0,0.300534423137,0.153638814016,0.0578299824238,0.497497914929,0.521718602455,0,1,0,0.0740740740741,-0.438590474557,-0.307277628032,0.00480769230769,0.0666666666667,1,0,-0.307277628032,,0,,,,,,,,0.2,1.8,0.2
2022,002056,CAN,STINT,Matt Rahill,D,5,27,2,0,0,1,9,1,1,0,1,0,0,1,0,208,15,143,0,0,0,0,0,0,1,0,0,0,0,0.300534423137,0.153638814016,0.0578299824238,0.497497914929,0.521718602455,0,1,0,0.0740740740741,-0.438590474557,-0.307277628032,0.00480769230769,0.0666666666667,1,0,-0.307277628032,,0,,,,,,,,0.2,1.8,0.2
2022,002062,ALL,SEASON,Ryan Hallenbeck,SSDM,4,20,0,0,0,1,2,2,2,1,1,0,0,2,1,139,18,95,0,0,0,0,0,0,2,0,0,0,0,0.300534423137,0.153638814016,0.0578299824238,0.497497914929,0.521718602455,0,1,0,0,1.15659964848,-0.60781205117,0.0143884892086,0.0555555555556,0.5,0,-0.307277628032,,0,,,,,,,,0.25,0.5,0.5
2022,002062,RED,STINT,Ryan Hallenbeck,SSDM,4,20,0,0,0,1,2,2,2,1,1,0,0,2,1,139,18,95,0,0,0,0,0,0,2,0,0,0,0,0.300534423137,0.153638814016,0.0578299824238,0.497497914929,0.521718602455,0,1,0,0,1.15659964848,-0.60781205117,0.0143884892086,0.0555555555556,0.5,0,-0.307277628032,,0,,,,,,,,0.25,0.5,0.5
2022,002063,ALL,SEASON,Ryan Kennedy,D,3,8,2,0,0,1,8,0,0,0,0,0,0,0,0,100,14,72,0,0,0,0,0,0,0,0,0,0,0,0.300534423137,0.153638814016,0.0578299824238,0.497497914929,0.521718602455,,,,0.25,-1.53736014061,,0,0,,,,,0,,,,,,,,0.333333333333,2.66666666667,0
2022,002063,RED,STINT,Ryan Kennedy,D,3,8,2,0,0,1,8,0,0,0,0,0,0,0,0,100,14,72,0,0,0,0,0,0,0,0,0,0,0,0.300534423137,0.153638814016,0.0578299824238,0.497497914929,0.521718602455,,,,0.25,-1.53736014061,,0,0,,,,,0,,,,,,,,0.333333333333,2.66666666667,0
2022,002064,ALL,SEASON,Joe Robertson,A,4,27,4,0,0,0,2,0,9,9,0,1,0,6,2,140,15,101,0,0,0,0,0,0,9,1,1,0,0,0.300534423137,0.153638814016,0.0578299824238,0.497497914929,0.521718602455,0.111111111111,0.666666666667,0.111111111111,0.148148148148,-2.43859047456,-1.70480980824,0.0642857142857,0,0,,,,0,,,,,,,,0,0.5,0
2022,002064,RED,STINT,Joe Robertson,A,4,27,4,0,0,0,2,0,9,9,0,1,0,6,2,140,15,101,0,0,0,0,0,0,9,1,1,0,0,0.300534423137,0.153638814016,0.0578299824238,0.497497914929,0.521718602455,0.111111111111,0.666666666667,0.111111111111,0.148148148148,-2.43859047456,-1.70480980824,0.0642857142857,0,0,,,,0,,,,,,,,0,0.5,0
2022,002065,ALL,SEASON,Anthony DeMaio,M,1,5,0,0,0,0,1,0,0,0,0,0,0,0,0,50,8,29,0,0,0,0,0,0,0,0,0,0,0,0.300534423137,0.153638814016,0.0578299824238,0.497497914929,0.521718602455,,,,0,0.289149912119,,0,0,,,,,0,,,,,,,,0,1,0
2022,002065,RED,STINT,Anthony DeMaio,M,1,5,0,0,0,0,1,0,0,0,0,0,0,0,0,50,8,29,0,0,0,0,0,0,0,0,0,0,0,0.300534423137,0.153638814016,0.0578299824238,0.497497914929,0.521718602455,,,,0,0.289149912119,,0,0,,,,,0,,,,,,,,0,1,0
2022,002067,ALL,SEASON,Zac Tucci,FO,4,18,1,109,47,0,19,0,5,4,1,0,0,2,0,182,16,117,0,0,0,0,0,0,5,0,0,0,0,0.300534423137,0.153638814016,0.0578299824238,0.497497914929,0.521718602455,0,0.4,0,0.0555555555556,0.0409396836284,-1.50941532058,0.0274725274725,0.0625,0.2,0,-0.307277628032,0.43119266055,0.931623931624,-7.22727272727,,,,,,,0,4.75,0
2022,002067,WAT,STINT,Zac Tucci,FO,4,18,1,109,47,0,19,0,5,4,1,0,0,2,0,182,16,117,0,0,0,0,0,0,5,0,0,0,0,0.300534423137,0.153638814016,0.0578299824238,0.497497914929,0.521718602455,0,0.4,0,0.0555555555556,0.0409396836284,-1.50941532058,0.0274725274725,0.0625,0.2,0,-0.307277628032,0.43119266055,0.931623931624,-7.22727272727,,,,,,,0,4.75,0
2022,002072,ALL,SEASON,Brennan Kamish,SSDM,5,32,0,0,0,4,8,0,1,1,0,0,0,0,0,206,24,115,0,0,0,0,0,0,1,0,0,0,0,0.300534423137,0.153638814016,0.0578299824238,0.497497914929,0.521718602455,0,0,0,0,1.85055943756,-0.300534423137,0.00485436893204,0,0,,,,0,,,,,,,,0.8,1.6,0
2022,002072,WHP,STINT,Brennan Kamish,SSDM,5,32,0,0,0,4,8,0,1,1,0,0,0,0,0,206,24,115,0,0,0,0,0,0,1,0,0,0,0,0.300534423137,0.153638814016,0.0578299824238,0.497497914929,0.521718602455,0,0,0,0,1.85055943756,-0.300534423137,0.00485436893204,0,0,,,,0,,,,,,,,0.8,1.6,0
2023,000201,ALL,SEASON,Adam Ghitelman,G,3,30,0,0,0,0,6,1,1,0,1,0,0,0,0,130,18,81,21,1,25,1,3,2,1,0,0,22,48,0.291729323308,0.148076923077,0.0540228463029,0.49674796748,0.539982425308,0,0,0,0,1.62068538909,-0.296153846154,0.00769230769231,0.0555555555556,1,0,-0.296153846154,,0,,0.458333333333,0.45652173913,0.5,-3.91915641476,0.941176470588,0.0392156862745,0,2,0.333333333333
2023,000201,CAN,STINT,Adam Ghitelman,G,3,30,0,0,0,0,6,1,1,0,1,0,0,0,0,130,18,81,21,1,25,1,3,2,1,0,0,22,48,0.291729323308,0.148076923077,0.0540228463029,0.49674796748,0.539982425308,0,0,0,0,1.62068538909,-0.296153846154,0.00769230769231,0.0555555555556,1,0,-0.296153846154,,0,,0.458333333333,0.45652173913,0.5,-3.91915641476,0.941176470588,0.0392156862745,0,2,0.333333333333
2023,000211,ALL,SEASON,Ian MacKay,SSDM,10,94,6,0,0,1,7,5,28,22,6,7,1,16,1,413,53,267,0,0,0,0,0,0,28,8,9,0,0,0.291729323308,0.148076923077,0.0540228463029,0.49674796748,0.539982425308,0.285714285714,0.571428571429,0.321428571429,0.063829787234,-0.921852447524,0.805031810295,0.0677966101695,0.11320754717,0.214285714286,0.166666666667,0.223076923077,,0,,,,,,,,0.1,0.7,0.5
2023,000211,CHA,STINT,Ian MacKay,SSDM,10,94,6,0,0,1,7,5,28,22,6,7,1,16,1,413,53,267,0,0,0,0,0,0,28,8,9,0,0,0.291729323308,0.148076923077,0.0540228463029,0.49674796748,0.539982425308,0.285714285714,0.571428571429,0.321428571429,0.063829787234,-0.921852447524,0.805031810295,0.0677966101695,0.11320754717,0.214285714286,0.166666666667,0.223076923077,,0,,,,,,,,0.1,0.7,0.5
2023,000216,ALL,SEASON,Marcus Holman,A,12,477,22,0,0,5,31,1,90,81,9,31,1,59,3,497,66,341,0,0,0,0,0,0,90,32,33,0,0,0.291729323308,0.148076923077,0.0540228463029,0.49674796748,0.539982425308,0.355555555556,0.655555555556,0.366666666667,0.0461215932914,3.7688976865,6.70454019665,0.181086519115,0.136363636364,0.1,0.111111111111,-0.665384615385,,0,,,,,,,,0.416666666667,2.58333333333,0.0833333333333
2023,000216,CAN,STINT,Marcus Holman,A,12,477,22,0,0,5,31,1,90,81,9,31,1,59,3,497,66,341,0,0,0,0,0,0,90,32,33,0,0,0.291729323308,0.148076923077,0.0540228463029,0.49674796748,0.539982425308,0.355555555556,0.655555555556,0.366666666667,0.0461215932914,3.7688976865,6.70454019665,0.181086519115,0.136363636364,0.1,0.111111111111,-0.665384615385,,0,,,,,,,,0.416666666667,2.58333333333,0.0833333333333
2023,000218,ALL,SEASON,Matt McMahon,D,12,43,2,0,0,8,20,2,0,0,0,0,0,0,0,553,76,322,0,0,0,0,0,0,0,0,0,0,0,0.291729323308,0.148076923077,0.0540228463029,0.49674796748,0.539982425308,,,,0.046511627907,0.322982391026,,0,0,,,,,0,,,,,,,,0.666666666667,1.66666666667,0.166666666667
2023,000218,ARC,STINT,Matt McMahon,D,12,43,2,0,0,8,20,2,0,0,0,0,0,0,0,553,76,322,0,0,0,0,0,0,0,0,0,0,0,0.291729323308,0.148076923077,0.0540228463029,0.49674796748,0.539982425308,,,,0.046511627907,0.322982391026,,0,0,,,,,0,,,,,,,,0.666666666667,1.66666666667,0.166666666667
2023,000221,ALL,SEASON,Ryan Ambler,M,12,209,14,0,0,1,9,2,29,27,2,7,0,16,1,553,76,322,0,0,0,0,0,0,29,7,7,0,0,0.291729323308,0.148076923077,0.0540228463029,0.49674796748,0.539982425308,0.241379310345,0.551724137931,0.241379310345,0.066985645933,-2.70922512269,-1.46899942163,0.0524412296564,0.0263157894737,0.0689655172414,0,-0.592307692308,,0,,,,,,,,0.0833333333333,0.75,0.166666666667
2023,000221,ARC,STINT,Ryan Ambler,M,12,209,14,0,0,1,9,2,29,27,2,7,0,16,1,553,76,322,0,0,0,0,0,0,29,7,7,0,0,0.291729323308,0.148076923077,0.0540228463029,0.49674796748,0.539982425308,0.241379310345,0.551724137931,0.241379310345,0.066985645933,-2.70922512269,-1.46899942163,0.0524412296564,0.0263157894737,0.0689655172414,0,-0.592307692308,,0,,,,,,,,0.0833333333333,0.75,0.166666666667
2023,000222,ALL,SEASON,Stephen Kelly,FO,4,24,4,87,35,1,23,0,3,2,1,0,0,2,0,165,20,121,0,0,0,0,0,0,3,0,0,0,0,0.291729323308,0.148076923077,0.0540228463029,0.49674796748,0.539982425308,0,0.666666666667,0,0.166666666667,-2.70345168873,-0.87961249277,0.0181818181818,0.05,0.333333333333,0,-0.296153846154,0.402298850575,0.719008264463,-8.21707317073,,,,,,,0.25,5.75,0
2023,000222,CAN,STINT,Stephen Kelly,FO,4,24,4,87,35,1,23,0,3,2,1,0,0,2,0,165,20,121,0,0,0,0,0,0,3,0,0,0,0,0.291729323308,0.148076923077,0.0540228463029,0.49674796748,0.539982425308,0,0.666666666667,0,0.166666666667,-2.70345168873,-0.87961249277,0.0181818181818,0.05,0.333333333333,0,-0.296153846154,0.402298850575,0.719008264463,-8.21707317073,,,,,,,0.25,5.75,0
2023,000225,ALL,SEASON,Tom Schreiber,M,12,443,14,0,0,2,22,2,76,59,17,19,2,43,1,553,76,322,0,0,0,0,0,0,76,21,23,0,0,0.291729323308,0.148076923077,0.0540228463029,0.49674796748,0.539982425308,0.276315789474,0.565789473684,0.302631578947,0.0316027088036,9.9321209122,0.753354540197,0.137432188065,0.223684210526,0.223684210526,0.117647058824,-1.03461538462,,0,,,,,,,,0.166666666667,1.83333333333,0.166666666667
2023,000225,ARC,STINT,Tom Schreiber,M,12,443,14,0,0,2,22,2,76,59,17,19,2,43,1,553,76,322,0,0,0,0,0,0,76,21,23,0,0,0.291729323308,0.148076923077,0.0540228463029,0.49674796748,0.539982425308,0.276315789474,0.565789473684,0.302631578947,0.0316027088036,9.9321209122,0.753354540197,0.137432188065,0.223684210526,0.223684210526,0.117647058824,-1.03461538462,,0,,,,,,,,0.166666666667,1.83333333333,0.166666666667
2023,000227,ALL,SEASON,Will Manny,A,11,285,13,0,0,0,15,0,57,53,4,15,1,40,4,465,79,304,0,0,0,0,0,0,57,16,17,0,0,0.291729323308,0.148076923077,0.0540228463029,0.49674796748,0.539982425308,0.280701754386,0.701754385965,0.298245614035,0.0456140350877,2.39651119634,0.353730480046,0.122580645161,0.0506329113924,0.0701754385965,0.25,0.815384615385,,0,,,,,,,,0,1.36363636364,0
2023,000227,WHP,STINT,Will Manny,A,11,285,13,0,0,0,15,0,57,53,4,15,1,40,4,465,79,304,0,0,0,0,0,0,57,16,17,0,0,0.291729323308,0.148076923077,0.0540228463029,0.49674796748,0.539982425308,0.280701754386,0.701754385965,0.298245614035,0.0456140350877,2.39651119634,0.353730480046,0.122580645161,0.0506329113924,0.0701754385965,0.25,0.815384615385,,0,,,,,,,,0,1.36363636364,0
2023,000231,ALL,SEASON,Chris Cloutier,A,6,145,10,0,0,0,7,0,39,38,1,12,0,24,0,254,34,154,0,0,0,0,0,0,39,12,12,0,0,0.291729323308,0.148076923077,0.0540228463029,0.49674796748,0.539982425308,0.307692307692,0.615384615385,0.307692307692,0.0689655172414,-2.16668728607,0.618131868132,0.153543307087,0.0294117647059,0.025641025641,0,-0.296153846154,,0,,,,,,,,0,1.16666666667,0
2023,000231,CHA,STINT,Chris Cloutier,A,6,145,10,0,0,0,7,0,39,38,1,12,0,24,0,254,34,154,0,0,0,0,0,0,39,12,12,0,0,0.291729323308,0.148076923077,0.0540228463029,0.49674796748,0.539982425308,0.307692307692,0.615384615385,0.307692307692,0.0689655172414,-2.16668728607,0.618131868132,0.153543307087,0.0294117647059,0.025641025641,0,-0.296153846154,,0,,,,,,,,0,1.16666666667,0
2023,000234,ALL,SEASON,Eric Law,A,11,285,19,0,0,1,14,2,47,47,0,24,0,38,0,444,68,317,0,0,0,0,0,0,47,24,24,0,0,0.291729323308,0.148076923077,0.0540228463029,0.49674796748,0.539982425308,0.510638297872,0.808510638298,0.510638297872,0.0666666666667,-3.60348880366,10.2887218045,0.105855855856,0,0,,,,0,,,,,,,,0.0909090909091,1.27272727273,0.181818181818
2023,000234,ATL,STINT,Eric Law,A,11,285,19,0,0,1,14,2,47,47,0,24,0,38,0,444,68,317,0,0,0,0,0,0,47,24,24,0,0,0.291729323308,0.148076923077,0.0540228463029,0.49674796748,0.539982425308,0.510638297872,0.808510638298,0.510638297872,0.0666666666667,-3.60348880366,10.2887218045,0.105855855856,0,0,,,,0,,,,,,,,0.0909090909091,1.27272727273,0.181818181818
2023,000235,ALL,SEASON,Jake Richard,SSDM,11,68,0,1,0,3,5,4,2,1,1,0,0,1,0,444,68,317,0,0,0,0,0,0,2,0,0,0,0,0.291729323308,0.148076923077,0.0540228463029,0.49674796748,0.539982425308,0,0.5,0,0,3.6735535486,-0.587883169462,0.0045045045045,0.0147058823529,0.5,0,-0.296153846154,0,0.00315457413249,-0.49674796748,,,,,,,0.272727272727,0.454545454545,0.363636363636
2023,000235,ATL,STINT,Jake Richard,SSDM,11,68,0,1,0,3,5,4,2,1,1,0,0,1,0,444,68,317,0,0,0,0,0,0,2,0,0,0,0,0.291729323308,0.148076923077,0.0540228463029,0.49674796748,0.539982425308,0,0.5,0,0,3.6735535486,-0.587883169462,0.0045045045045,0.0147058823529,0.5,0,-0.296153846154,0,0.00315457413249,-0.49674796748,,,,,,,0.272727272727,0.454545454545,0.363636363636
2023,000240,ALL,SEASON,Kieran McArdle,A,13,431,30,0,0,1,21,2,94,92,2,28,0,61,0,566,64,356,0,0,0,0,0,0,94,28,28,0,0,0.291729323308,0.148076923077,0.0540228463029,0.49674796748,0.539982425308,0.297872340426,0.648936170213,0.297872340426,0.0696055684455,-6.71615324343,0.568594563331,0.166077738516,0.03125,0.0212765957447,0,-0.592307692308,,0,,,,,,,,0.0769230769231,1.61538461538,0.153846153846
2023,000240,WAT,STINT,Kieran McArdle,A,13,431,30,0,0,1,21,2,94,92,2,28,0,61,0,566,64,356,0,0,0,0,0,0,94,28,28,0,0,0.291729323308,0.148076923077,0.0540228463029,0.49674796748,0.539982425308,0.297872340426,0.648936170213,0.297872340426,0.0696055684455,-6.71615324343,0.568594563331,0.166077738516,0.03125,0.0212765957447,0,-0.592307692308,,0,,,,,,,,0.0769230769231,1.61538461538,0.153846153846
2023,000241,ALL,SEASON,Jack Concannon,G,10,75,5,0,0,1,11,0,0,0,0,0,0,0,0,398,60,287,100,12,109,12,17,25,0,0,0,112,233,0.291729323308,0.148076923077,0.0540228463029,0.49674796748,0.539982425308,,,,0.0666666666667,-0.948286527279,,0,0,,,,,0,,0.480686695279,0.478468899522,0.5,-13.8159050967,0.932,0.1,0.1,1.1,0
2023,000241,ATL,STINT,Jack Concannon,G,10,75,5,0,0,1,11,0,0,0,0,0,0,0,0,398,60,287,100,12,109,12,17,25,0,0,0,112,233,0.291729323308,0.148076923077,0.0540228463029,0.49674796748,0.539982425308,,,,0.0666666666667,-0.948286527279,,0,0,,,,,0,,0.480686695279,0.478468899522,0.5,-13.8159050967,0.932,0.1,0.1,1.1,0
2023,000242,ALL,SEASON,Kyle Hartzell,LSM,7,27,1,33,3,6,11,3,3,2,1,1,0,1,0,289,43,194,0,0,0,0,0,0,3,1,1,0,0,0.291729323308,0.148076923077,0.0540228463029,0.49674796748,0.539982425308,0.333333333333,0.333333333333,0.333333333333,0.037037037037,0.458616850179,0.12038750723,0.0103806228374,0.0232558139535,0.333333333333,0,-0.296153846154,0.0909090909091,0.170103092784,-13.3926829268,,,,,,,0.857142857143,1.57142857143,0.428571428571
2023,000242,CAN,STINT,Kyle Hartzell,LSM,7,27,1,33,3,6,11,3,3,2,1,1,0,1,0,289,43,194,0,0,0,0,0,0,3,1,1,0,0,0.291729323308,0.148076923077,0.0540228463029,0.49674796748,0.539982425308,0.333333333333,0.333333333333,0.333333333333,0.037037037037,0.458616850179,0.12038750723,0.0103806228374,0.0232558139535,0.333333333333,0,-0.296153846154,0.0909090909091,0.170103092784,-13.3926829268,,,,,,,0.857142857143,1.57142857143,0.428571428571
2023,000254,ALL,SEASON,Trevor Baptiste,FO,11,206,19,308,245,1,199,0,27,25,2,6,0,13,0,444,68,317,0,0,0,0,0,0,27,6,6,0,0,0.291729323308,0.148076923077,0.0540228463029,0.49674796748,0.539982425308,0.222222222222,0.481481481481,0.222222222222,0.0922330097087,-7.87129366159,-1.88554077501,0.0608108108108,0.0294117647059,0.0740740740741,0,-0.592307692308,0.795454545455,0.971608832808,92.0016260163,,,,,,,0.0909090909091,18.0909090909,0
2023,000254,ATL,STINT,Trevor Baptiste,FO,11,206,19,308,245,1,199,0,27,25,2,6,0,13,0,444,68,317,0,0,0,0,0,0,27,6,6,0,0,0.291729323308,0.148076923077,0.0540228463029,0.49674796748,0.539982425308,0.222222222222,0.481481481481,0.222222222222,0.0922330097087,-7.87129366159,-1.88554077501,0.0608108108108,0.0294117647059,0.0740740740741,0,-0.592307692308,0.795454545455,0.971608832808,92.0016260163,,,,,,,0.0909090909091,18.0909090909,0
2023,000255,ALL,SEASON,Tucker Durkin,D,11,30,1,0,0,3,11,2,0,0,0,0,0,0,0,444,68,317,0,0,0,0,0,0,0,0,0,0,0,0.291729323308,0.148076923077,0.0540228463029,0.49674796748,0.539982425308,,,,0.0333333333333,0.620685389088,,0,0,,,,,0,,,,,,,,0.272727272727,1,0.181818181818
2023,000255,ATL,STINT,Tucker Durkin,D,11,30,1,0,0,3,11,2,0,0,0,0,0,0,0,444,68,317,0,0,0,0,0,0,0,0,0,0,0,0.291729323308,0.148076923077,0.0540228463029,0.49674796748,0.539982425308,,,,0.0333333333333,0.620685389088,,0,0,,,,,0,,,,,,,,0.272727272727,1,0.181818181818
2023,000258,ALL,SEASON,Blaze Riorden,G,10,133,3,0,0,2,26,0,0,0,0,0,0,0,0,410,50,260,124,28,94,12,9,41,0,0,0,152,258,0.291729323308,0.148076923077,0.0540228463029,0.49674796748,0.539982425308,,,,0.0225563909774,4.18503855829,,0,0,,,,,0,,0.589147286822,0.56880733945,0.7,12.6845342707,0.966292134831,0.153558052434,0.2,2.6,0
2023,000258,CHA,STINT,Blaze Riorden,G,10,133,3,0,0,2,26,0,0,0,0,0,0,0,0,410,50,260,124,28,94,12,9,41,0,0,0,152,258,0.291729323308,0.148076923077,0.0540228463029,0.49674796748,0.539982425308,,,,0.0225563909774,4.18503855829,,0,0,,,,,0,,0.589147286822,0.56880733945,0.7,12.6845342707,0.966292134831,0.153558052434,0.2,2.6,0
2023,000262,ALL,SEASON,Connor Fields,A,11,380,20,0,0,4,17,0,98,96,2,30,0,62,3,516,70,291,0,0,0,0,0,0,98,30,30,0,0,0.291729323308,0.148076923077,0.0540228463029,0.49674796748,0.539982425308,0.30612244898,0.632653061224,0.30612244898,0.0526315789474,0.528681595117,1.4016772701,0.18992248062,0.0285714285714,0.0204081632653,0,-0.592307692308,,0,,,,,,,,0.363636363636,1.54545454545,0
2023,000262,ARC,STINT,Connor Fields,A,11,380,20,0,0,4,17,0,98,96,2,30,0,62,3,516,70,291,0,0,0,0,0,0,98,30,30,0,0,0.291729323308,0.148076923077,0.0540228463029,0.49674796748,0.539982425308,0.30612244898,0.632653061224,0.30612244898,0.0526315789474,0.528681595117,1.4016772701,0.18992248062,0.0285714285714,0.0204081632653,0,-0.592307692308,,0,,,,,,,,0.363636363636,1.54545454545,0
2023,000266,ALL,SEASON,Dhane Smith,M,9,351,25,0,0,0,5,2,28,25,3,6,0,20,0,380,51,240,0,0,0,0,0,0,28,6,6,0,0,0.291729323308,0.148076923077,0.0540228463029,0.49674796748,0.539982425308,0.214285714286,0.714285714286,0.214285714286,0.0712250712251,-6.03798094767,-2.18169462117,0.0736842105263,0.0588235294118,0.107142857143,0,-0.888461538462,,0,,,,,,,,0,0.555555555556,0.222222222222
2023,000266,CHA,STINT,Dhane Smith,M,9,351,25,0,0,0,5,2,28,25,3,6,0,20,0,380,51,240,0,0,0,0,0,0,28,6,6,0,0,0.291729323308,0.148076923077,0.0540228463029,0.49674796748,0.539982425308,0.214285714286,0.714285714286,0.214285714286,0.0712250712251,-6.03798094767,-2.18169462117,0.0736842105263,0.0588235294118,0.107142857143,0,-0.888461538462,,0,,,,,,,,0,0.555555555556,0.222222222222
2023,000269,ALL,SEASON,Jarrod Neumann,D,11,56,1,0,0,4,20,4,8,0,8,0,1,1,0,452,57,285,0,0,0,0,0,0,8,1,2,0,0,0.291729323308,0.148076923077,0.0540228463029,0.49674796748,0.539982425308,0.125,0.125,0.25,0.0178571428571,2.02527939296,-0.369230769231,0.0176991150442,0.140350877193,1,0.125,-0.369230769231,,0,,,,,,,,0.363636363636,1.81818181818,0.363636363636
2023,000269,CHA,STINT,Jarrod Neumann,D,11,56,1,0,0,4,20,4,8,0,8,0,1,1,0,452,57,285,0,0,0,0,0,0,8,1,2,0,0,0.291729323308,0.148076923077,0.0540228463029,0.49674796748,0.539982425308,0.125,0.125,0.25,0.0178571428571,2.02527939296,-0.369230769231,0.0176991150442,0.140350877193,1,0.125,-0.369230769231,,0,,,,,,,,0.363636363636,1.81818181818,0.363636363636
2023,000272,ALL,SEASON,Josh Byrne,A,7,212,18,0,0,2,12,0,57,57,0,18,0,40,1,284,38,196,0,0,0,0,0,0,57,18,18,0,0,0.291729323308,0.148076923077,0.0540228463029,0.49674796748,0.539982425308,0.315789473684,0.701754385965,0.315789473684,0.0849056603774,-6.54715658378,1.37142857143,0.200704225352,0,0,,,,0,,,,,,,,0.285714285714,1.71428571429,0
2023,000272,CHA,STINT,Josh Byrne,A,7,212,18,0,0,2,12,0,57,57,0,18,0,40,1,284,38,196,0,0,0,0,0,0,57,18,18,0,0,0.291729323308,0.148076923077,0.0540228463029,0.49674796748,0.539982425308,0.315789473684,0.701754385965,0.315789473684,0.0849056603774,-6.54715658378,1.37142857143,0.200704225352,0,0,,,,0,,,,,,,,0.285714285714,1.71428571429,0
2023,000275,ALL,SEASON,Mark Glicini,SSDM,11,48,1,0,0,2,7,1,2,0,2,0,0,2,0,452,57,285,0,0,0,0,0,0,2,0,0,0,0,0.291729323308,0.148076923077,0.0540228463029,0.49674796748,0.539982425308,0,1,0,0.0208333333333,1.59309662254,-0.592307692308,0.00442477876106,0.0350877192982,1,0,-0.592307692308,,0,,,,,,,,0.181818181818,0.636363636364,0.0909090909091
2023,000275,CHA,STINT,Mark Glicini,SSDM,11,48,1,0,0,2,7,1,2,0,2,0,0,2,0,452,57,285,0,0,0,0,0,0,2,0,0,0,0,0.291729323308,0.148076923077,0.0540228463029,0.49674796748,0.539982425308,0,1,0,0.0208333333333,1.59309662254,-0.592307692308,0.00442477876106,0.0350877192982,1,0,-0.592307692308,,0,,,,,,,,0.181818181818,0.636363636364,0.0909090909091
2023,000276,ALL,SEASON,Matt Rees,LSM,8,36,2,38,1,10,12,6,9,1,8,0,2,5,0,347,44,229,0,0,0,0,0,0,9,2,4,0,0,0.291729323308,0.148076923077,0.0540228463029,0.49674796748,0.539982425308,0.222222222222,0.555555555556,0.444444444444,0.0555555555556,-0.0551775330941,1.33903990746,0.0259365994236,0.181818181818,0.888888888889,0.25,1.63076923077,0.0263157894737,0.165938864629,-17.8764227642,,,,,,,1.25,1.5,0.75
2023,000276,CAN,STINT,Matt Rees,LSM,8,36,2,38,1,10,12,6,9,1,8,0,2,5,0,347,44,229,0,0,0,0,0,0,9,2,4,0,0,0.291729323308,0.148076923077,0.0540228463029,0.49674796748,0.539982425308,0.222222222222,0.555555555556,0.444444444444,0.0555555555556,-0.0551775330941,1.33903990746,0.0259365994236,0.181818181818,0.888888888889,0.25,1.63076923077,0.0263157894737,0.165938864629,-17.8764227642,,,,,,,1.25,1.5,0.75
2023,000278,ALL,SEASON,Myles Jones,M,9,148,9,0,0,1,6,1,39,31,8,7,0,21,2,354,41,237,0,0,0,0,0,0,39,7,7,0,0,0.291729323308,0.148076923077,0.0540228463029,0.49674796748,0.539982425308,0.179487179487,0.538461538462,0.179487179487,0.0608108108108,-1.00461874716,-4.41283979179,0.110169491525,0.19512195122,0.205128205128,0,-2.36923076923,,0,,,,,,,,0.111111111111,0.666666666667,0.111111111111
2023,000278,ATL,STINT,Myles Jones,M,4,64,7,0,0,1,3,0,19,17,2,4,0,9,2,157,16,113,0,0,0,0,0,0,19,4,4,0,0,0.291729323308,0.148076923077,0.0540228463029,0.49674796748,0.539982425308,0.210526315789,0.473684210526,0.210526315789,0.109375,-3.54253783661,-1.55170618855,0.12101910828,0.125,0.105263157895,0,-0.592307692308,,0,,,,,,,,0.25,0.75,0
2023,000278,RED,STINT,Myles Jones,M,5,84,2,0,0,0,3,1,20,14,6,3,0,12,0,197,25,124,0,0,0,0,0,0,20,3,3,0,0,0.291729323308,0.148076923077,0.0540228463029,0.49674796748,0.539982425308,0.15,0.6,0.15,0.0238095238095,2.53791908945,-2.86113360324,0.10152284264,0.24,0.3,0,-1.77692307692,,0,,,,,,,,0,0.6,0.2
2023,000279,ALL,SEASON,Patrick Resch,SSDM,11,92,3,0,0,2,12,1,3,2,1,1,1,2,0,452,57,285,0,0,0,0,0,0,3,2,3,0,0,0.291729323308,0.148076923077,0.0540228463029,0.49674796748,0.539982425308,0.666666666667,0.666666666667,1,0.0326086956522,1.97010185987,2.12038750723,0.00663716814159,0.0175438596491,0.333333333333,1,1.70384615385,,0,,,,,,,,0.181818181818,1.09090909091,0.0909090909091
2023,000279,CHA,STINT,Patrick Resch,SSDM,11,92,3,0,0,2,12,1,3,2,1,1,1,2,0,452,57,285,0,0,0,0,0,0,3,2,3,0,0,0.291729323308,0.148076923077,0.0540228463029,0.49674796748,0.539982425308,0.666666666667,0.666666666667,1,0.0326086956522,1.97010185987,2.12038750723,0.00663716814159,0.0175438596491,0.333333333333,1,1.70384615385,,0,,,,,,,,0.181818181818,1.09090909091,0.0909090909091
2023,000281,ALL,SEASON,Troy Reh,LSM,11,79,4,0,0,10,18,3,10,2,8,1,1,5,1,452,57,285,0,0,0,0,0,0,10,2,3,0,0,0.291729323308,0.148076923077,0.0540228463029,0.49674796748,0.539982425308,0.2,0.5,0.3,0.0506329113924,0.267804857932,0.0473105841527,0.0221238938053,0.140350877193,0.8,0.125,-0.369230769231,,0,,,,,,,,0.909090909091,1.63636363636,0.272727272727
2023,000281,CHA,STINT,Troy Reh,LSM,11,79,4,0,0,10,18,3,10,2,8,1,1,5,1,452,57,285,0,0,0,0,0,0,10,2,3,0,0,0.291729323308,0.148076923077,0.0540228463029,0.49674796748,0.539982425308,0.2,0.5,0.3,0.0506329113924,0.267804857932,0.0473105841527,0.0221238938053,0.140350877193,0.8,0.125,-0.369230769231,,0,,,,,,,,0.909090909091,1.63636363636,0.272727272727
2023,000295,ALL,SEASON,Jordan MacIntosh,M,9,126,11,0,0,0,9,1,22,21,1,5,0,12,1,330,40,207,0,0,0,0,0,0,22,5,5,0,0,0.291729323308,0.148076923077,0.0540228463029,0.49674796748,0.539982425308,0.227272727273,0.545454545455,0.227272727273,0.0873015873016,-4.19312136583,-1.42246963563,0.0666666666667,0.025,0.0454545454545,0,-0.296153846154,,0,,,,,,,,0,1,0.111111111111
2023,000295,CHR,STINT,Jordan MacIntosh,M,9,126,11,0,0,0,9,1,22,21,1,5,0,12,1,330,40,207,0,0,0,0,0,0,22,5,5,0,0,0.291729323308,0.148076923077,0.0540228463029,0.49674796748,0.539982425308,0.227272727273,0.545454545455,0.227272727273,0.0873015873016,-4.19312136583,-1.42246963563,0.0666666666667,0.025,0.0454545454545,0,-0.296153846154,,0,,,,,,,,0,1,0.111111111111
2023,000298,ALL,SEASON,Justin Guterding,M,5,50,1,0,0,0,4,0,7,6,1,0,0,4,0,185,30,134,0,0,0,0,0,0,7,0,0,0,0,0.291729323308,0.148076923077,0.0540228463029,0.49674796748,0.539982425308,0,0.571428571429,0,0.02,1.70114231515,-2.046529786,0.0378378378378,0.0333333333333,0.142857142857,0,-0.296153846154,,0,,,,,,,,0,0.8,0
2023,000298,ATL,STINT,Justin Guterding,M,5,50,1,0,0,0,4,0,7,6,1,0,0,4,0,185,30,134,0,0,0,0,0,0,7,0,0,0,0,0.291729323308,0.148076923077,0.0540228463029,0.49674796748,0.539982425308,0,0.571428571429,0,0.02,1.70114231515,-2.046529786,0.0378378378378,0.0333333333333,0.142857142857,0,-0.296153846154,,0,,,,,,,,0,0.8,0
2023,000302,ALL,SEASON,Michael Manley,D,10,107,6,0,0,8,25,3,12,5,7,2,0,8,0,354,43,229,0,0,0,0,0,0,12,2,2,0,0,0.291729323308,0.148076923077,0.0540228463029,0.49674796748,0.539982425308,0.166666666667,0.666666666667,0.166666666667,0.0560747663551,-0.219555445585,-1.53172353962,0.0338983050847,0.162790697674,0.583333333333,0,-2.07307692308,,0,,,,,,,,0.8,2.5,0.3
2023,000302,CHR,STINT,Michael Manley,D,10,107,6,0,0,8,25,3,12,5,7,2,0,8,0,354,43,229,0,0,0,0,0,0,12,2,2,0,0,0.291729323308,0.148076923077,0.0540228463029,0.49674796748,0.539982425308,0.166666666667,0.666666666667,0.166666666667,0.0560747663551,-0.219555445585,-1.53172353962,0.0338983050847,0.162790697674,0.583333333333,0,-2.07307692308,,0,,,,,,,,0.8,2.5,0.3
2023,000305,ALL,SEASON,Romar Dennis,M,12,254,10,0,0,1,11,2,66,31,35,6,3,38,2,515,86,328,0,0,0,0,0,0,66,9,12,0,0,0.291729323308,0.148076923077,0.0540228463029,0.49674796748,0.539982425308,0.136363636364,0.575757575758,0.181818181818,0.0393700787402,3.72180296095,-7.40899363794,0.128155339806,0.406976744186,0.530303030303,0.0857142857143,-4.36538461538,,0,,,,,,,,0.0833333333333,0.916666666667,0.166666666667
2023,000305,ATL,STINT,Romar Dennis,M,7,120,4,0,0,1,8,2,42,17,25,3,2,24,2,287,52,204,0,0,0,0,0,0,42,5,7,0,0,0.291729323308,0.148076923077,0.0540228463029,0.49674796748,0.539982425308,0.119047619048,0.571428571429,0.166666666667,0.0333333333333,2.48274155635,-5.36324465009,0.146341463415,0.480769230769,0.595238095238,0.08,-3.40384615385,,0,,,,,,,,0.142857142857,1.14285714286,0.285714285714
2023,000305,RED,STINT,Romar Dennis,M,5,134,6,0,0,0,3,0,24,14,10,3,1,14,0,228,34,124,0,0,0,0,0,0,24,4,5,0,0,0.291729323308,0.148076923077,0.0540228463029,0.49674796748,0.539982425308,0.166666666667,0.583333333333,0.208333333333,0.044776119403,1.23906140459,-2.04574898785,0.105263157895,0.294117647059,0.416666666667,0.1,-0.961538461538,,0,,,,,,,,0,0.6,0
2023,000308,ALL,SEASON,Will Haus,SSDM,9,61,1,0,0,1,6,2,5,4,1,1,0,3,0,317,36,205,0,0,0,0,0,0,5,1,1,0,0,0.291729323308,0.148076923077,0.0540228463029,0.49674796748,0.539982425308,0.2,0.6,0.2,0.016393442623,2.29539362448,-0.463071139387,0.0157728706625,0.0277777777778,0.2,0,-0.296153846154,,0,,,,,,,,0.111111111111,0.666666666667,0.222222222222
2023,000308,CHR,STINT,Will Haus,SSDM,9,61,1,0,0,1,6,2,5,4,1,1,0,3,0,317,36,205,0,0,0,0,0,0,5,1,1,0,0,0.291729323308,0.148076923077,0.0540228463029,0.49674796748,0.539982425308,0.2,0.6,0.2,0.016393442623,2.29539362448,-0.463071139387,0.0157728706625,0.0277777777778,0.2,0,-0.296153846154,,0,,,,,,,,0.111111111111,0.666666666667,0.222222222222
2023,000314,ALL,SEASON,Eddy Glazener,D,12,108,4,0,0,10,20,3,9,2,7,1,0,4,0,514,67,306,0,0,0,0,0,0,9,1,1,0,0,0.291729323308,0.148076923077,0.0540228463029,0.49674796748,0.539982425308,0.111111111111,0.444444444444,0.111111111111,0.037037037037,1.83446740072,-1.65653556969,0.0175097276265,0.10447761194,0.777777777778,0,-2.07307692308,,0,,,,,,,,0.833333333333,1.66666666667,0.25
2023,000314,RED,STINT,Eddy Glazener,D,12,108,4,0,0,10,20,3,9,2,7,1,0,4,0,514,67,306,0,0,0,0,0,0,9,1,1,0,0,0.291729323308,0.148076923077,0.0540228463029,0.49674796748,0.539982425308,0.111111111111,0.444444444444,0.111111111111,0.037037037037,1.83446740072,-1.65653556969,0.0175097276265,0.10447761194,0.777777777778,0,-2.07307692308,,0,,,,,,,,0.833333333333,1.66666666667,0.25
2023,000315,ALL,SEASON,Garrett Epple,D,12,94,7,0,0,21,29,2,0,0,0,0,0,0,0,514,67,306,0,0,0,0,0,0,0,0,0,0,0,0.291729323308,0.148076923077,0.0540228463029,0.49674796748,0.539982425308,,,,0.0744680851064,-1.92185244752,,0,0,,,,,0,,,,,,,,1.75,2.41666666667,0.166666666667
2023,000315,RED,STINT,Garrett Epple,D,12,94,7,0,0,21,29,2,0,0,0,0,0,0,0,514,67,306,0,0,0,0,0,0,0,0,0,0,0,0.291729323308,0.148076923077,0.0540228463029,0.49674796748,0.539982425308,,,,0.0744680851064,-1.92185244752,,0,0,,,,,0,,,,,,,,1.75,2.41666666667,0.166666666667
2023,000318,ALL,SEASON,Jack Kelly,G,12,198,5,0,0,6,17,0,1,0,1,0,0,0,0,514,67,306,121,26,118,9,7,36,1,0,0,147,274,0.291729323308,0.148076923077,0.0540228463029,0.49674796748,0.539982425308,0,0,0,0.0252525252525,5.69652356798,-0.296153846154,0.00194552529183,0.0149253731343,1,0,-0.296153846154,,0,,0.536496350365,0.506276150628,0.742857142857,-0.955184534271,0.975088967972,0.128113879004,0.5,1.41666666667,0
2023,000318,RED,STINT,Jack Kelly,G,12,198,5,0,0,6,17,0,1,0,1,0,0,0,0,514,67,306,121,26,118,9,7,36,1,0,0,147,274,0.291729323308,0.148076923077,0.0540228463029,0.49674796748,0.539982425308,0,0,0,0.0252525252525,5.69652356798,-0.296153846154,0.00194552529183,0.0149253731343,1,0,-0.296153846154,,0,,0.536496350365,0.506276150628,0.742857142857,-0.955184534271,0.975088967972,0.128113879004,0.5,1.41666666667,0
2023,000322,ALL,SEASON,John Sexton,LSM,10,42,5,7,1,4,16,3,6,3,3,1,0,2,0,434,55,262,0,0,0,0,0,0,6,1,1,0,0,0.291729323308,0.148076923077,0.0540228463029,0.49674796748,0.539982425308,0.166666666667,0.333333333333,0.166666666667,0.119047619048,-2.73104045528,-0.763649508386,0.0138248847926,0.0545454545455,0.5,0,-0.888461538462,0.142857142857,0.0267175572519,-2.47723577236,,,,,,,0.4,1.6,0.3
2023,000322,RED,STINT,John Sexton,LSM,10,42,5,7,1,4,16,3,6,3,3,1,0,2,0,434,55,262,0,0,0,0,0,0,6,1,1,0,0,0.291729323308,0.148076923077,0.0540228463029,0.49674796748,0.539982425308,0.166666666667,0.333333333333,0.166666666667,0.119047619048,-2.73104045528,-0.763649508386,0.0138248847926,0.0545454545455,0.5,0,-0.888461538462,0.142857142857,0.0267175572519,-2.47723577236,,,,,,,0.4,1.6,0.3
2023,000327,ALL,SEASON,Matt Kavanagh,A,10,306,18,0,0,4,25,2,64,63,1,18,0,40,5,414,56,287,0,0,0,0,0,0,64,18,18,0,0,0.291729323308,0.148076923077,0.0540228463029,0.49674796748,0.539982425308,0.28125,0.625,0.28125,0.0588235294118,-1.4690090313,-0.675101214575,0.154589371981,0.0178571428571,0.015625,0,-0.296153846154,,0,,,,,,,,0.4,2.5,0.2
2023,000327,CAN,STINT,Matt Kavanagh,A,10,306,18,0,0,4,25,2,64,63,1,18,0,40,5,414,56,287,0,0,0,0,0,0,64,18,18,0,0,0.291729323308,0.148076923077,0.0540228463029,0.49674796748,0.539982425308,0.28125,0.625,0.28125,0.0588235294118,-1.4690090313,-0.675101214575,0.154589371981,0.0178571428571,0.015625,0,-0.296153846154,,0,,,,,,,,0.4,2.5,0.2
2023,000333,ALL,SEASON,Sergio Perkovic,SSDM,6,82,5,0,0,1,6,3,16,14,2,0,0,4,1,241,28,154,0,0,0,0,0,0,16,0,0,0,0,0.291729323308,0.148076923077,0.0540228463029,0.49674796748,0.539982425308,0,0.25,0,0.0609756097561,-0.570126603159,-4.67651821862,0.0663900414938,0.0714285714286,0.125,0,-0.592307692308,,0,,,,,,,,0.166666666667,1,0.5
2023,000333,RED,STINT,Sergio Perkovic,SSDM,6,82,5,0,0,1,6,3,16,14,2,0,0,4,1,241,28,154,0,0,0,0,0,0,16,0,0,0,0,0.291729323308,0.148076923077,0.0540228463029,0.49674796748,0.539982425308,0,0.25,0,0.0609756097561,-0.570126603159,-4.67651821862,0.0663900414938,0.0714285714286,0.125,0,-0.592307692308,,0,,,,,,,,0.166666666667,1,0.5
2023,000337,ALL,SEASON,Bryce Young,D,11,68,5,0,0,12,17,3,4,1,3,1,0,1,0,465,79,304,0,0,0,0,0,0,4,1,1,0,0,0.291729323308,0.148076923077,0.0540228463029,0.49674796748,0.539982425308,0.25,0.25,0.25,0.0735294117647,-1.3264464514,-0.18019086177,0.00860215053763,0.0379746835443,0.75,0,-0.888461538462,,0,,,,,,,,1.09090909091,1.54545454545,0.272727272727
2023,000337,WHP,STINT,Bryce Young,D,11,68,5,0,0,12,17,3,4,1,3,1,0,1,0,465,79,304,0,0,0,0,0,0,4,1,1,0,0,0.291729323308,0.148076923077,0.0540228463029,0.49674796748,0.539982425308,0.25,0.25,0.25,0.0735294117647,-1.3264464514,-0.18019086177,0.00860215053763,0.0379746835443,0.75,0,-0.888461538462,,0,,,,,,,,1.09090909091,1.54545454545,0.272727272727
2023,000339,ALL,SEASON,Connor Kelly,M,10,267,13,0,0,1,11,0,60,42,18,12,6,32,2,441,53,266,0,0,0,0,0,0,60,18,24,0,0,0.291729323308,0.148076923077,0.0540228463029,0.49674796748,0.539982425308,0.3,0.533333333333,0.4,0.0486891385768,1.42409996289,6.41659919028,0.136054421769,0.339622641509,0.3,0.333333333333,6.66923076923,,0,,,,,,,,0.1,1.1,0
2023,000339,WAT,STINT,Connor Kelly,M,10,267,13,0,0,1,11,0,60,42,18,12,6,32,2,441,53,266,0,0,0,0,0,0,60,18,24,0,0,0.291729323308,0.148076923077,0.0540228463029,0.49674796748,0.539982425308,0.3,0.533333333333,0.4,0.0486891385768,1.42409996289,6.41659919028,0.136054421769,0.339622641509,0.3,0.333333333333,6.66923076923,,0,,,,,,,,0.1,1.1,0
2023,000345,ALL,SEASON,Jake Bernhardt,SSDM,9,49,2,1,0,3,4,0,8,7,1,1,0,2,0,379,66,252,0,0,0,0,0,0,8,1,1,0,0,0.291729323308,0.148076923077,0.0540228463029,0.49674796748,0.539982425308,0.125,0.25,0.125,0.0408163265306,0.647119468844,-1.33825910931,0.0211081794195,0.0151515151515,0.125,0,-0.296153846154,0,0.00396825396825,-0.49674796748,,,,,,,0.333333333333,0.444444444444,0
2023,000345,WHP,STINT,Jake Bernhardt,SSDM,9,49,2,1,0,3,4,0,8,7,1,1,0,2,0,379,66,252,0,0,0,0,0,0,8,1,1,0,0,0.291729323308,0.148076923077,0.0540228463029,0.49674796748,0.539982425308,0.125,0.25,0.125,0.0408163265306,0.647119468844,-1.33825910931,0.0211081794195,0.0151515151515,0.125,0,-0.296153846154,0,0.00396825396825,-0.49674796748,,,,,,,0.333333333333,0.444444444444,0
2023,000351,ALL,SEASON,Jules Heningburg,M,12,224,15,0,0,0,7,0,39,35,4,9,0,24,1,514,67,306,0,0,0,0,0,0,39,9,9,0,0,0.291729323308,0.148076923077,0.0540228463029,0.49674796748,0.539982425308,0.230769230769,0.615384615385,0.230769230769,0.0669642857143,-2.89888242814,-2.3951417004,0.0758754863813,0.0597014925373,0.102564102564,0,-1.18461538462,,0,,,,,,,,0,0.583333333333,0
2023,000351,RED,STINT,Jules Heningburg,M,12,224,15,0,0,0,7,0,39,35,4,9,0,24,1,514,67,306,0,0,0,0,0,0,39,9,9,0,0,0.291729323308,0.148076923077,0.0540228463029,0.49674796748,0.539982425308,0.230769230769,0.615384615385,0.230769230769,0.0669642857143,-2.89888242814,-2.3951417004,0.0758754863813,0.0597014925373,0.102564102564,0,-1.18461538462,,0,,,,,,,,0,0.583333333333,0
2023,000353,ALL,SEASON,Kyle Bernlohr,G,7,90,2,0,0,0,19,0,0,0,0,0,0,0,0,294,50,199,63,12,70,4,8,16,0,0,0,75,149,0.291729323308,0.148076923077,0.0540228463029,0.49674796748,0.539982425308,,,,0.0222222222222,2.86205616726,,0,0,,,,,0,,0.503355704698,0.473684210526,0.75,-5.45738137083,0.949044585987,0.101910828025,0,2.71428571429,0
2023,000353,WHP,STINT,Kyle Bernlohr,G,7,90,2,0,0,0,19,0,0,0,0,0,0,0,0,294,50,199,63,12,70,4,8,16,0,0,0,75,149,0.291729323308,0.148076923077,0.0540228463029,0.49674796748,0.539982425308,,,,0.0222222222222,2.86205616726,,0,0,,,,,0,,0.503355704698,0.473684210526,0.75,-5.45738137083,0.949044585987,0.101910828025,0,2.71428571429,0
2023,000354,ALL,SEASON,Matt Rambo,A,10,261,27,0,0,2,10,1,52,52,0,15,0,34,3,427,73,276,0,0,0,0,0,0,52,15,15,0,0,0.291729323308,0.148076923077,0.0540228463029,0.49674796748,0.539982425308,0.288461538462,0.653846153846,0.288461538462,0.103448275862,-12.9000371149,-0.16992481203,0.121779859485,0,0,,,,0,,,,,,,,0.2,1,0.1
2023,000354,WHP,STINT,Matt Rambo,A,10,261,27,0,0,2,10,1,52,52,0,15,0,34,3,427,73,276,0,0,0,0,0,0,52,15,15,0,0,0.291729323308,0.148076923077,0.0540228463029,0.49674796748,0.539982425308,0.288461538462,0.653846153846,0.288461538462,0.103448275862,-12.9000371149,-0.16992481203,0.121779859485,0,0,,,,0,,,,,,,,0.2,1,0.1
2023,000355,ALL,SEASON,Matthew Dunn,D,9,74,2,0,0,8,14,0,1,1,0,0,0,0,0,374,69,237,0,0,0,0,0,0,1,0,0,0,0,0.291729323308,0.148076923077,0.0540228463029,0.49674796748,0.539982425308,0,0,0,0.027027027027,1.99769062642,-0.291729323308,0.00267379679144,0,0,,,,0,,,,,,,,0.888888888889,1.55555555556,0
2023,000355,WHP,STINT,Matthew Dunn,D,9,74,2,0,0,8,14,0,1,1,0,0,0,0,0,374,69,237,0,0,0,0,0,0,1,0,0,0,0,0.291729323308,0.148076923077,0.0540228463029,0.49674796748,0.539982425308,0,0,0,0.027027027027,1.99769062642,-0.291729323308,0.00267379679144,0,0,,,,0,,,,,,,,0.888888888889,1.55555555556,0
2023,000356,ALL,SEASON,Michael Ehrhardt,LSM,9,73,4,0,0,6,17,6,22,8,14,4,1,8,0,382,68,244,0,0,0,0,0,0,22,5,6,0,0,0.291729323308,0.148076923077,0.0540228463029,0.49674796748,0.539982425308,0.227272727273,0.363636363636,0.272727272727,0.0547945205479,-0.0563322198854,-0.47998843262,0.0575916230366,0.205882352941,0.636363636364,0.0714285714286,-2.14615384615,,0,,,,,,,,0.666666666667,1.88888888889,0.666666666667
2023,000356,WHP,STINT,Michael Ehrhardt,LSM,9,73,4,0,0,6,17,6,22,8,14,4,1,8,0,382,68,244,0,0,0,0,0,0,22,5,6,0,0,0.291729323308,0.148076923077,0.0540228463029,0.49674796748,0.539982425308,0.227272727273,0.363636363636,0.272727272727,0.0547945205479,-0.0563322198854,-0.47998843262,0.0575916230366,0.205882352941,0.636363636364,0.0714285714286,-2.14615384615,,0,,,,,,,,0.666666666667,1.88888888889,0.666666666667
2023,000357,ALL,SEASON,Mike Chanenchuk,M,11,280,7,0,0,0,7,0,57,43,14,16,3,40,4,465,79,304,0,0,0,0,0,0,57,19,22,0,0,0.291729323308,0.148076923077,0.0540228463029,0.49674796748,0.539982425308,0.333333333333,0.701754385965,0.385964912281,0.025,8.12639696482,5.30948525159,0.122580645161,0.177215189873,0.245614035088,0.214285714286,1.85384615385,,0,,,,,,,,0,0.636363636364,0
2023,000357,WHP,STINT,Mike Chanenchuk,M,11,280,7,0,0,0,7,0,57,43,14,16,3,40,4,465,79,304,0,0,0,0,0,0,57,19,22,0,0,0.291729323308,0.148076923077,0.0540228463029,0.49674796748,0.539982425308,0.333333333333,0.701754385965,0.385964912281,0.025,8.12639696482,5.30948525159,0.122580645161,0.177215189873,0.245614035088,0.214285714286,1.85384615385,,0,,,,,,,,0,0.636363636364,0
2023,000358,ALL,SEASON,Ryan Drenner,M,12,310,6,0,0,0,11,1,52,50,2,17,1,33,0,497,66,341,0,0,0,0,0,0,52,18,19,0,0,0.291729323308,0.148076923077,0.0540228463029,0.49674796748,0.539982425308,0.346153846154,0.634615384615,0.365384615385,0.0193548387097,10.7470823539,3.82122614228,0.1046277666,0.030303030303,0.0384615384615,0.5,1.40769230769,,0,,,,,,,,0,0.916666666667,0.0833333333333
2023,000358,CAN,STINT,Ryan Drenner,M,12,310,6,0,0,0,11,1,52,50,2,17,1,33,0,497,66,341,0,0,0,0,0,0,52,18,19,0,0,0.291729323308,0.148076923077,0.0540228463029,0.49674796748,0.539982425308,0.346153846154,0.634615384615,0.365384615385,0.0193548387097,10.7470823539,3.82122614228,0.1046277666,0.030303030303,0.0384615384615,0.5,1.40769230769,,0,,,,,,,,0,0.916666666667,0.0833333333333
2023,000359,ALL,SEASON,Tim Muller,D,11,74,2,0,0,11,12,0,1,0,1,0,0,0,0,465,79,304,0,0,0,0,0,0,1,0,0,0,0,0.291729323308,0.148076923077,0.0540228463029,0.49674796748,0.539982425308,0,0,0,0.027027027027,1.99769062642,-0.296153846154,0.00215053763441,0.0126582278481,1,0,-0.296153846154,,0,,,,,,,,1,1.09090909091,0
2023,000359,WHP,STINT,Tim Muller,D,11,74,2,0,0,11,12,0,1,0,1,0,0,0,0,465,79,304,0,0,0,0,0,0,1,0,0,0,0,0.291729323308,0.148076923077,0.0540228463029,0.49674796748,0.539982425308,0,0,0,0.027027027027,1.99769062642,-0.296153846154,0.00215053763441,0.0126582278481,1,0,-0.296153846154,,0,,,,,,,,1,1.09090909091,0
2023,000361,ALL,SEASON,Tyler Warner,SSDM,11,52,2,0,0,1,13,1,6,3,3,1,0,2,0,465,79,304,0,0,0,0,0,0,6,1,1,0,0,0.291729323308,0.148076923077,0.0540228463029,0.49674796748,0.539982425308,0.166666666667,0.333333333333,0.166666666667,0.0384615384615,0.809188007753,-0.763649508386,0.0129032258065,0.0379746835443,0.5,0,-0.888461538462,,0,,,,,,,,0.0909090909091,1.18181818182,0.0909090909091
2023,000361,WHP,STINT,Tyler Warner,SSDM,11,52,2,0,0,1,13,1,6,3,3,1,0,2,0,465,79,304,0,0,0,0,0,0,6,1,1,0,0,0.291729323308,0.148076923077,0.0540228463029,0.49674796748,0.539982425308,0.166666666667,0.333333333333,0.166666666667,0.0384615384615,0.809188007753,-0.763649508386,0.0129032258065,0.0379746835443,0.5,0,-0.888461538462,,0,,,,,,,,0.0909090909091,1.18181818182,0.0909090909091
2023,000363,ALL,SEASON,Ryan Conrad,M,11,217,12,0,0,1,6,2,35,31,4,10,1,26,0,481,51,287,0,0,0,0,0,0,35,11,12,0,0,0.291729323308,0.148076923077,0.0540228463029,0.49674796748,0.539982425308,0.314285714286,0.742857142857,0.342857142857,0.0552995391705,-0.277042352262,1.77177559283,0.0727650727651,0.078431372549,0.114285714286,0.25,0.815384615385,,0,,,,,,,,0.0909090909091,0.545454545455,0.181818181818
2023,000363,WAT,STINT,Ryan Conrad,M,11,217,12,0,0,1,6,2,35,31,4,10,1,26,0,481,51,287,0,0,0,0,0,0,35,11,12,0,0,0.291729323308,0.148076923077,0.0540228463029,0.49674796748,0.539982425308,0.314285714286,0.742857142857,0.342857142857,0.0552995391705,-0.277042352262,1.77177559283,0.0727650727651,0.078431372549,0.114285714286,0.25,0.815384615385,,0,,,,,,,,0.0909090909091,0.545454545455,0.181818181818
2023,000365,ALL,SEASON,Jack Rowlett,D,10,75,1,5,2,13,14,6,3,0,3,0,0,1,0,410,50,260,0,0,0,0,0,0,3,0,0,0,0,0.291729323308,0.148076923077,0.0540228463029,0.49674796748,0.539982425308,0,0.333333333333,0,0.0133333333333,3.05171347272,-0.888461538462,0.00731707317073,0.06,1,0,-0.888461538462,0.4,0.0192307692308,-0.483739837398,,,,,,,1.3,1.4,0.6
2023,000365,CHA,STINT,Jack Rowlett,D,10,75,1,5,2,13,14,6,3,0,3,0,0,1,0,410,50,260,0,0,0,0,0,0,3,0,0,0,0,0.291729323308,0.148076923077,0.0540228463029,0.49674796748,0.539982425308,0,0.333333333333,0,0.0133333333333,3.05171347272,-0.888461538462,0.00731707317073,0.06,1,0,-0.888461538462,0.4,0.0192307692308,-0.483739837398,,,,,,,1.3,1.4,0.6
2023,000366,ALL,SEASON,Connor Farrell,FO,8,67,16,168,103,2,79,1,2,2,0,0,0,2,0,284,35,187,0,0,0,0,0,0,2,0,0,0,0,0.291729323308,0.148076923077,0.0540228463029,0.49674796748,0.539982425308,0,1,0,0.238805970149,-12.3804692977,-0.583458646617,0.00704225352113,0,0,,,0.613095238095,0.898395721925,19.5463414634,,,,,,,0.25,9.875,0.125
2023,000366,CHR,STINT,Connor Farrell,FO,8,67,16,168,103,2,79,1,2,2,0,0,0,2,0,284,35,187,0,0,0,0,0,0,2,0,0,0,0,0.291729323308,0.148076923077,0.0540228463029,0.49674796748,0.539982425308,0,1,0,0.238805970149,-12.3804692977,-0.583458646617,0.00704225352113,0,0,,,0.613095238095,0.898395721925,19.5463414634,,,,,,,0.25,9.875,0.125
2023,000368,ALL,SEASON,Chris Sabia,LSM,8,64,1,0,0,8,14,6,1,1,0,0,0,1,0,365,36,226,0,0,0,0,0,0,1,0,0,0,0,0.291729323308,0.148076923077,0.0540228463029,0.49674796748,0.539982425308,0,1,0,0.015625,2.45746216339,-0.291729323308,0.0027397260274,0,0,,,,0,,,,,,,,1,1.75,0.75
2023,000368,WAT,STINT,Chris Sabia,LSM,8,64,1,0,0,8,14,6,1,1,0,0,0,1,0,365,36,226,0,0,0,0,0,0,1,0,0,0,0,0.291729323308,0.148076923077,0.0540228463029,0.49674796748,0.539982425308,0,1,0,0.015625,2.45746216339,-0.291729323308,0.0027397260274,0,0,,,,0,,,,,,,,1,1.75,0.75
2023,000370,ALL,SEASON,Tim Troutner,G,3,11,0,0,0,1,3,0,0,0,0,0,0,0,0,136,20,76,2,1,4,1,0,2,0,0,0,3,8,0.291729323308,0.148076923077,0.0540228463029,0.49674796748,0.539982425308,,,,0,0.594251309332,,0,0,,,,,0,,0.375,0.333333333333,0.5,-1.31985940246,1,0.25,0.333333333333,1,0
2023,000370,RED,STINT,Tim Troutner,G,3,11,0,0,0,1,3,0,0,0,0,0,0,0,0,136,20,76,2,1,4,1,0,2,0,0,0,3,8,0.291729323308,0.148076923077,0.0540228463029,0.49674796748,0.539982425308,,,,0,0.594251309332,,0,0,,,,,0,,0.375,0.333333333333,0.5,-1.31985940246,1,0.25,0.333333333333,1,0
2023,000373,ALL,SEASON,Ryder Garnsey,A,12,438,19,0,0,1,21,3,72,69,3,25,0,43,0,514,67,306,0,0,0,0,0,0,72,25,25,0,0,0.291729323308,0.148076923077,0.0540228463029,0.49674796748,0.539982425308,0.347222222222,0.597222222222,0.347222222222,0.0433789954338,4.66200668069,3.98221515327,0.140077821012,0.044776119403,0.0416666666667,0,-0.888461538462,,0,,,,,,,,0.0833333333333,1.75,0.25
2023,000373,RED,STINT,Ryder Garnsey,A,12,438,19,0,0,1,21,3,72,69,3,25,0,43,0,514,67,306,0,0,0,0,0,0,72,25,25,0,0,0.291729323308,0.148076923077,0.0540228463029,0.49674796748,0.539982425308,0.347222222222,0.597222222222,0.347222222222,0.0433789954338,4.66200668069,3.98221515327,0.140077821012,0.044776119403,0.0416666666667,0,-0.888461538462,,0,,,,,,,,0.0833333333333,1.75,0.25
2023,000376,ALL,SEASON,Cade van Raaphorst,D,9,112,7,3,0,11,34,0,8,1,7,0,4,5,0,367,48,260,0,0,0,0,0,0,8,4,8,0,0,0.291729323308,0.148076923077,0.0540228463029,0.49674796748,0.539982425308,0.5,0.625,1,0.0625,-0.949441214071,5.63519375361,0.0217983651226,0.145833333333,0.875,0.571428571429,5.92692307692,0,0.0115384615385,-1.49024390244,,,,,,,1.22222222222,3.77777777778,0
2023,000376,CAN,STINT,Cade van Raaphorst,D,9,112,7,3,0,11,34,0,8,1,7,0,4,5,0,367,48,260,0,0,0,0,0,0,8,4,8,0,0,0.291729323308,0.148076923077,0.0540228463029,0.49674796748,0.539982425308,0.5,0.625,1,0.0625,-0.949441214071,5.63519375361,0.0217983651226,0.145833333333,0.875,0.571428571429,5.92692307692,0,0.0115384615385,-1.49024390244,,,,,,,1.22222222222,3.77777777778,0
2023,000377,ALL,SEASON,Johnny Surdick,D,2,6,0,0,0,1,5,0,0,0,0,0,0,0,0,80,13,53,0,0,0,0,0,0,0,0,0,0,0,0.291729323308,0.148076923077,0.0540228463029,0.49674796748,0.539982425308,,,,0,0.324137077818,,0,0,,,,,0,,,,,,,,0.5,2.5,0
2023,000377,CHA,STINT,Johnny Surdick,D,2,6,0,0,0,1,5,0,0,0,0,0,0,0,0,80,13,53,0,0,0,0,0,0,0,0,0,0,0,0.291729323308,0.148076923077,0.0540228463029,0.49674796748,0.539982425308,,,,0,0.324137077818,,0,0,,,,,0,,,,,,,,0.5,2.5,0
2023,000385,ALL,SEASON,Wes Berg,A,12,213,10,0,0,2,22,2,57,57,0,28,0,44,1,514,67,306,0,0,0,0,0,0,57,28,28,0,0,0.291729323308,0.148076923077,0.0540228463029,0.49674796748,0.539982425308,0.491228070175,0.771929824561,0.491228070175,0.0469483568075,1.50686626253,11.3714285714,0.110894941634,0,0,,,,0,,,,,,,,0.166666666667,1.83333333333,0.166666666667
2023,000385,RED,STINT,Wes Berg,A,12,213,10,0,0,2,22,2,57,57,0,28,0,44,1,514,67,306,0,0,0,0,0,0,57,28,28,0,0,0.291729323308,0.148076923077,0.0540228463029,0.49674796748,0.539982425308,0.491228070175,0.771929824561,0.491228070175,0.0469483568075,1.50686626253,11.3714285714,0.110894941634,0,0,,,,0,,,,,,,,0.166666666667,1.83333333333,0.166666666667
2023,000390,ALL,SEASON,Brad Smith,M,6,138,9,0,0,1,6,0,21,15,6,5,1,15,1,256,47,162,0,0,0,0,0,0,21,6,7,0,0,0.291729323308,0.148076923077,0.0540228463029,0.49674796748,0.539982425308,0.285714285714,0.714285714286,0.333333333333,0.0652173913043,-1.54484721019,0.847137073453,0.08203125,0.127659574468,0.285714285714,0.166666666667,0.223076923077,,0,,,,,,,,0.166666666667,1,0
2023,000390,WHP,STINT,Brad Smith,M,6,138,9,0,0,1,6,0,21,15,6,5,1,15,1,256,47,162,0,0,0,0,0,0,21,6,7,0,0,0.291729323308,0.148076923077,0.0540228463029,0.49674796748,0.539982425308,0.285714285714,0.714285714286,0.333333333333,0.0652173913043,-1.54484721019,0.847137073453,0.08203125,0.127659574468,0.285714285714,0.166666666667,0.223076923077,,0,,,,,,,,0.166666666667,1,0
2023,000391,ALL,SEASON,Grant Ament,M,10,293,16,0,0,0,10,1,35,31,4,8,1,19,2,463,67,272,0,0,0,0,0,0,35,9,10,0,0,0.291729323308,0.148076923077,0.0540228463029,0.49674796748,0.539982425308,0.257142857143,0.542857142857,0.285714285714,0.0546075085324,-0.171306033238,-0.228224407172,0.0755939524838,0.0597014925373,0.114285714286,0.25,0.815384615385,,0,,,,,,,,0,1,0.1
2023,000391,ARC,STINT,Grant Ament,M,10,293,16,0,0,0,10,1,35,31,4,8,1,19,2,463,67,272,0,0,0,0,0,0,35,9,10,0,0,0.291729323308,0.148076923077,0.0540228463029,0.49674796748,0.539982425308,0.257142857143,0.542857142857,0.285714285714,0.0546075085324,-0.171306033238,-0.228224407172,0.0755939524838,0.0597014925373,0.114285714286,0.25,0.815384615385,,0,,,,,,,,0,1,0.1
2023,000395,ALL,SEASON,Bryan Costabile,M,11,269,23,0,0,1,21,0,61,45,16,14,1,36,6,444,68,317,0,0,0,0,0,0,61,15,16,0,0,0.291729323308,0.148076923077,0.0540228463029,0.49674796748,0.539982425308,0.245901639344,0.590163934426,0.262295081967,0.0855018587361,-8.46785434451,-1.86628108733,0.137387387387,0.235294117647,0.262295081967,0.0625,-2.73846153846,,0,,,,,,,,0.0909090909091,1.90909090909,0
2023,000395,ATL,STINT,Bryan Costabile,M,11,269,23,0,0,1,21,0,61,45,16,14,1,36,6,444,68,317,0,0,0,0,0,0,61,15,16,0,0,0.291729323308,0.148076923077,0.0540228463029,0.49674796748,0.539982425308,0.245901639344,0.590163934426,0.262295081967,0.0855018587361,-8.46785434451,-1.86628108733,0.137387387387,0.235294117647,0.262295081967,0.0625,-2.73846153846,,0,,,,,,,,0.0909090909091,1.90909090909,0
2023,000397,ALL,SEASON,Reece Eddy,LSM,1,2,0,0,0,1,0,1,0,0,0,0,0,0,0,54,1,32,0,0,0,0,0,0,0,0,0,0,0,0.291729323308,0.148076923077,0.0540228463029,0.49674796748,0.539982425308,,,,0,0.108045692606,,0,0,,,,,0,,,,,,,,1,0,1
2023,000397,ARC,STINT,Reece Eddy,LSM,1,2,0,0,0,1,0,1,0,0,0,0,0,0,0,54,1,32,0,0,0,0,0,0,0,0,0,0,0,0.291729323308,0.148076923077,0.0540228463029,0.49674796748,0.539982425308,,,,0,0.108045692606,,0,0,,,,,0,,,,,,,,1,0,1
2023,000405,ALL,SEASON,Jesse Bernhardt,D,8,80,1,0,0,11,20,2,4,2,2,0,0,0,0,280,35,179,0,0,0,0,0,0,4,0,0,0,0,0.291729323308,0.148076923077,0.0540228463029,0.49674796748,0.539982425308,0,0,0,0.0125,3.32182770424,-1.17576633892,0.0142857142857,0.0571428571429,0.5,0,-0.592307692308,,0,,,,,,,,1.375,2.5,0.25
2023,000405,CHR,STINT,Jesse Bernhardt,D,8,80,1,0,0,11,20,2,4,2,2,0,0,0,0,280,35,179,0,0,0,0,0,0,4,0,0,0,0,0.291729323308,0.148076923077,0.0540228463029,0.49674796748,0.539982425308,0,0,0,0.0125,3.32182770424,-1.17576633892,0.0142857142857,0.0571428571429,0.5,0,-0.592307692308,,0,,,,,,,,1.375,2.5,0.25
2023,000406,ALL,SEASON,Craig Chick,LSM,4,12,1,3,0,1,6,0,0,0,0,0,0,0,0,168,32,123,0,0,0,0,0,0,0,0,0,0,0,0.291729323308,0.148076923077,0.0540228463029,0.49674796748,0.539982425308,,,,0.0833333333333,-0.351725844365,,0,0,,,,0,0.0243902439024,-1.49024390244,,,,,,,0.25,1.5,0
2023,000406,ATL,STINT,Craig Chick,LSM,4,12,1,3,0,1,6,0,0,0,0,0,0,0,0,168,32,123,0,0,0,0,0,0,0,0,0,0,0,0.291729323308,0.148076923077,0.0540228463029,0.49674796748,0.539982425308,,,,0.0833333333333,-0.351725844365,,0,0,,,,0,0.0243902439024,-1.49024390244,,,,,,,0.25,1.5,0
2023,000408,ALL,SEASON,Matt DeLuca,G,8,66,0,0,0,3,6,0,0,0,0,0,0,0,0,363,46,224,51,12,56,3,8,16,0,0,0,63,122,0.291729323308,0.148076923077,0.0540228463029,0.49674796748,0.539982425308,,,,0,3.56550785599,,0,0,,,,,0,,0.516393442623,0.476635514019,0.8,-2.87785588752,0.938461538462,0.123076923077,0.375,0.75,0
2023,000408,WAT,STINT,Matt DeLuca,G,8,66,0,0,0,3,6,0,0,0,0,0,0,0,0,363,46,224,51,12,56,3,8,16,0,0,0,63,122,0.291729323308,0.148076923077,0.0540228463029,0.49674796748,0.539982425308,,,,0,3.56550785599,,0,0,,,,,0,,0.516393442623,0.476635514019,0.8,-2.87785588752,0.938461538462,0.123076923077,0.375,0.75,0
2023,000409,ALL,SEASON,Zach Currier,M,13,294,13,106,64,10,74,0,41,38,3,10,0,26,1,566,64,356,0,0,0,0,0,0,41,10,10,0,0,0.291729323308,0.148076923077,0.0540228463029,0.49674796748,0.539982425308,0.243902439024,0.634146341463,0.243902439024,0.0442176870748,2.88271681306,-1.97417582418,0.0724381625442,0.046875,0.0731707317073,0,-0.888461538462,0.603773584906,0.297752808989,11.3447154472,,,,,,,0.769230769231,5.69230769231,0
2023,000409,WAT,STINT,Zach Currier,M,13,294,13,106,64,10,74,0,41,38,3,10,0,26,1,566,64,356,0,0,0,0,0,0,41,10,10,0,0,0.291729323308,0.148076923077,0.0540228463029,0.49674796748,0.539982425308,0.243902439024,0.634146341463,0.243902439024,0.0442176870748,2.88271681306,-1.97417582418,0.0724381625442,0.046875,0.0731707317073,0,-0.888461538462,0.603773584906,0.297752808989,11.3447154472,,,,,,,0.769230769231,5.69230769231,0
2023,000410,ALL,SEASON,Eli Gobrecht,D,13,41,3,197,25,13,24,2,4,4,0,2,0,2,0,566,64,356,0,0,0,0,0,0,4,2,2,0,0,0.291729323308,0.148076923077,0.0540228463029,0.49674796748,0.539982425308,0.5,0.5,0.5,0.0731707317073,-0.785063301579,0.833082706767,0.00706713780919,0,0,,,0.126903553299,0.553370786517,-72.8593495935,,,,,,,1,1.84615384615,0.153846153846
2023,000410,WAT,STINT,Eli Gobrecht,D,13,41,3,197,25,13,24,2,4,4,0,2,0,2,0,566,64,356,0,0,0,0,0,0,4,2,2,0,0,0.291729323308,0.148076923077,0.0540228463029,0.49674796748,0.539982425308,0.5,0.5,0.5,0.0731707317073,-0.785063301579,0.833082706767,0.00706713780919,0,0,,,0.126903553299,0.553370786517,-72.8593495935,,,,,,,1,1.84615384615,0.153846153846
2023,000414,ALL,SEASON,Rob Pannell,A,12,510,45,0,0,2,27,2,83,76,7,16,1,46,3,514,67,306,0,0,0,0,0,0,83,17,18,0,0,0.291729323308,0.148076923077,0.0540228463029,0.49674796748,0.539982425308,0.204819277108,0.55421686747,0.21686746988,0.0882352941176,-17.4483483855,-6.24450549451,0.161478599222,0.10447761194,0.0843373493976,0.142857142857,-0.0730769230769,,0,,,,,,,,0.166666666667,2.25,0.166666666667
2023,000414,RED,STINT,Rob Pannell,A,12,510,45,0,0,2,27,2,83,76,7,16,1,46,3,514,67,306,0,0,0,0,0,0,83,17,18,0,0,0.291729323308,0.148076923077,0.0540228463029,0.49674796748,0.539982425308,0.204819277108,0.55421686747,0.21686746988,0.0882352941176,-17.4483483855,-6.24450549451,0.161478599222,0.10447761194,0.0843373493976,0.142857142857,-0.0730769230769,,0,,,,,,,,0.166666666667,2.25,0.166666666667
2023,000416,ALL,SEASON,Ryland Rees,LSM,11,36,2,2,0,8,16,1,9,1,8,1,0,6,0,463,56,295,0,0,0,0,0,0,9,1,1,0,0,0.291729323308,0.148076923077,0.0540228463029,0.49674796748,0.539982425308,0.111111111111,0.666666666667,0.111111111111,0.0555555555556,-0.0551775330941,-1.66096009254,0.0194384449244,0.142857142857,0.888888888889,0,-2.36923076923,0,0.00677966101695,-0.993495934959,,,,,,,0.727272727273,1.45454545455,0.0909090909091
2023,000416,WAT,STINT,Ryland Rees,LSM,11,36,2,2,0,8,16,1,9,1,8,1,0,6,0,463,56,295,0,0,0,0,0,0,9,1,1,0,0,0.291729323308,0.148076923077,0.0540228463029,0.49674796748,0.539982425308,0.111111111111,0.666666666667,0.111111111111,0.0555555555556,-0.0551775330941,-1.66096009254,0.0194384449244,0.142857142857,0.888888888889,0,-2.36923076923,0,0.00677966101695,-0.993495934959,,,,,,,0.727272727273,1.45454545455,0.0909090909091
2023,000417,ALL,SEASON,Finn Sullivan,D,2,9,1,0,0,0,3,0,0,0,0,0,0,0,0,84,13,59,0,0,0,0,0,0,0,0,0,0,0,0.291729323308,0.148076923077,0.0540228463029,0.49674796748,0.539982425308,,,,0.111111111111,-0.513794383274,,0,0,,,,,0,,,,,,,,0,1.5,0
2023,000417,CAN,STINT,Finn Sullivan,D,2,9,1,0,0,0,3,0,0,0,0,0,0,0,0,84,13,59,0,0,0,0,0,0,0,0,0,0,0,0.291729323308,0.148076923077,0.0540228463029,0.49674796748,0.539982425308,,,,0.111111111111,-0.513794383274,,0,0,,,,,0,,,,,,,,0,1.5,0
2023,000418,ALL,SEASON,Dillon Ward,G,9,93,3,0,0,3,9,0,0,0,0,0,0,0,0,379,44,254,101,21,79,5,17,27,0,0,0,122,206,0.291729323308,0.148076923077,0.0540228463029,0.49674796748,0.539982425308,,,,0.0322580645161,2.02412470617,,0,0,,,,,0,,0.592233009709,0.561111111111,0.807692307692,10.7636203866,0.923766816143,0.121076233184,0.333333333333,1,0
2023,000418,WAT,STINT,Dillon Ward,G,9,93,3,0,0,3,9,0,0,0,0,0,0,0,0,379,44,254,101,21,79,5,17,27,0,0,0,122,206,0.291729323308,0.148076923077,0.0540228463029,0.49674796748,0.539982425308,,,,0.0322580645161,2.02412470617,,0,0,,,,,0,,0.592233009709,0.561111111111,0.807692307692,10.7636203866,0.923766816143,0.121076233184,0.333333333333,1,0
2023,000419,ALL,SEASON,Zed Williams,A,10,253,14,0,0,2,10,1,79,75,4,17,0,49,2,418,73,277,0,0,0,0,0,0,79,17,17,0,0,0.291729323308,0.148076923077,0.0540228463029,0.49674796748,0.539982425308,0.215189873418,0.620253164557,0.215189873418,0.0553359683794,-0.332219885356,-6.06431463274,0.188995215311,0.0547945205479,0.0506329113924,0,-1.18461538462,,0,,,,,,,,0.2,1,0.1
2023,000419,WHP,STINT,Zed Williams,A,10,253,14,0,0,2,10,1,79,75,4,17,0,49,2,418,73,277,0,0,0,0,0,0,79,17,17,0,0,0.291729323308,0.148076923077,0.0540228463029,0.49674796748,0.539982425308,0.215189873418,0.620253164557,0.215189873418,0.0553359683794,-0.332219885356,-6.06431463274,0.188995215311,0.0547945205479,0.0506329113924,0,-1.18461538462,,0,,,,,,,,0.2,1,0.1
2023,000422,ALL,SEASON,Eli Salama,LSM,10,36,7,28,0,6,13,3,7,2,5,0,1,3,0,354,43,229,0,0,0,0,0,0,7,1,2,0,0,0.291729323308,0.148076923077,0.0540228463029,0.49674796748,0.539982425308,0.142857142857,0.428571428571,0.285714285714,0.194444444444,-5.05517753309,-0.0642278773858,0.0197740112994,0.116279069767,0.714285714286,0.2,0.519230769231,0,0.122270742358,-13.9089430894,,,,,,,0.6,1.3,0.3
2023,000422,CHR,STINT,Eli Salama,LSM,10,36,7,28,0,6,13,3,7,2,5,0,1,3,0,354,43,229,0,0,0,0,0,0,7,1,2,0,0,0.291729323308,0.148076923077,0.0540228463029,0.49674796748,0.539982425308,0.142857142857,0.428571428571,0.285714285714,0.194444444444,-5.05517753309,-0.0642278773858,0.0197740112994,0.116279069767,0.714285714286,0.2,0.519230769231,0,0.122270742358,-13.9089430894,,,,,,,0.6,1.3,0.3
2023,000424,ALL,SEASON,Jake Pulver,D,10,24,2,47,5,3,10,0,0,0,0,0,0,0,0,414,54,283,0,0,0,0,0,0,0,0,0,0,0,0.291729323308,0.148076923077,0.0540228463029,0.49674796748,0.539982425308,,,,0.0833333333333,-0.703451688729,,0,0,,,,0.106382978723,0.166077738516,-18.3471544715,,,,,,,0.3,1,0
2023,000424,CAN,STINT,Jake Pulver,D,10,24,2,47,5,3,10,0,0,0,0,0,0,0,0,414,54,283,0,0,0,0,0,0,0,0,0,0,0,0.291729323308,0.148076923077,0.0540228463029,0.49674796748,0.539982425308,,,,0.0833333333333,-0.703451688729,,0,0,,,,0.106382978723,0.166077738516,-18.3471544715,,,,,,,0.3,1,0
2023,000425,ALL,SEASON,Jesse King,M,6,101,9,0,0,1,2,1,12,11,1,3,0,9,1,201,30,130,0,0,0,0,0,0,12,3,3,0,0,0.291729323308,0.148076923077,0.0540228463029,0.49674796748,0.539982425308,0.25,0.75,0.25,0.0891089108911,-3.5436925234,-0.505176402545,0.0597014925373,0.0333333333333,0.0833333333333,0,-0.296153846154,,0,,,,,,,,0.166666666667,0.333333333333,0.166666666667
2023,000425,CHR,STINT,Jesse King,M,6,101,9,0,0,1,2,1,12,11,1,3,0,9,1,201,30,130,0,0,0,0,0,0,12,3,3,0,0,0.291729323308,0.148076923077,0.0540228463029,0.49674796748,0.539982425308,0.25,0.75,0.25,0.0891089108911,-3.5436925234,-0.505176402545,0.0597014925373,0.0333333333333,0.0833333333333,0,-0.296153846154,,0,,,,,,,,0.166666666667,0.333333333333,0.166666666667
2023,000614,ALL,SEASON,Brian Phipps,G,2,17,0,0,0,0,2,0,0,0,0,0,0,0,0,86,14,63,14,0,16,1,3,1,0,0,0,14,31,0.291729323308,0.148076923077,0.0540228463029,0.49674796748,0.539982425308,,,,0,0.91838838715,,0,0,,,,,0,,0.451612903226,0.466666666667,0,-2.73945518453,0.911764705882,0.0294117647059,0,1,0
2023,000614,WHP,STINT,Brian Phipps,G,2,17,0,0,0,0,2,0,0,0,0,0,0,0,0,86,14,63,14,0,16,1,3,1,0,0,0,14,31,0.291729323308,0.148076923077,0.0540228463029,0.49674796748,0.539982425308,,,,0,0.91838838715,,0,0,,,,,0,,0.451612903226,0.466666666667,0,-2.73945518453,0.911764705882,0.0294117647059,0,1,0
2023,000727,ALL,SEASON,CJ Costabile,LSM,10,43,5,5,1,3,16,2,12,5,7,1,2,6,0,414,51,257,0,0,0,0,0,0,12,3,5,0,0,0.291729323308,0.148076923077,0.0540228463029,0.49674796748,0.539982425308,0.25,0.5,0.416666666667,0.116279069767,-2.67701760897,1.46827646038,0.0289855072464,0.137254901961,0.583333333333,0.285714285714,1.92692307692,0.2,0.0194552529183,-1.4837398374,,,,,,,0.3,1.6,0.2
2023,000727,CHA,STINT,CJ Costabile,LSM,10,43,5,5,1,3,16,2,12,5,7,1,2,6,0,414,51,257,0,0,0,0,0,0,12,3,5,0,0,0.291729323308,0.148076923077,0.0540228463029,0.49674796748,0.539982425308,0.25,0.5,0.416666666667,0.116279069767,-2.67701760897,1.46827646038,0.0289855072464,0.137254901961,0.583333333333,0.285714285714,1.92692307692,0.2,0.0194552529183,-1.4837398374,,,,,,,0.3,1.6,0.2
2023,000815,ALL,SEASON,Austin Kaut,G,2,13,0,0,0,0,1,1,0,0,0,0,0,0,0,87,14,49,14,1,13,0,0,1,0,0,0,15,28,0.291729323308,0.148076923077,0.0540228463029,0.49674796748,0.539982425308,,,,0,0.702297001938,,0,0,,,,,0,,0.535714285714,0.518518518519,1,-0.119507908612,1,0.0357142857143,0,0.5,0.5
2023,000815,CHA,STINT,Austin Kaut,G,2,13,0,0,0,0,1,1,0,0,0,0,0,0,0,87,14,49,14,1,13,0,0,1,0,0,0,15,28,0.291729323308,0.148076923077,0.0540228463029,0.49674796748,0.539982425308,,,,0,0.702297001938,,0,0,,,,,0,,0.535714285714,0.518518518519,1,-0.119507908612,1,0.0357142857143,0,0.5,0.5
2023,000823,ALL,SEASON,Mark Cockerton,A,1,7,1,0,0,0,0,0,1,1,0,0,0,0,0,35,1,28,0,0,0,0,0,0,1,0,0,0,0,0.291729323308,0.148076923077,0.0540228463029,0.49674796748,0.539982425308,0,0,0,0.142857142857,-0.621840075879,-0.291729323308,0.0285714285714,0,0,,,,0,,,,,,,,0,0,0
2023,000823,ATL,STINT,Mark Cockerton,A,1,7,1,0,0,0,0,0,1,1,0,0,0,0,0,35,1,28,0,0,0,0,0,0,1,0,0,0,0,0.291729323308,0.148076923077,0.0540228463029,0.49674796748,0.539982425308,0,0,0,0.142857142857,-0.621840075879,-0.291729323308,0.0285714285714,0,0,,,,0,,,,,,,,0,0,0
2023,000921,ALL,SEASON,Challen Rogers,M,10,89,11,0,0,1,11,1,15,14,1,3,0,9,1,455,72,268,0,0,0,0,0,0,15,3,3,0,0,0.291729323308,0.148076923077,0.0540228463029,0.49674796748,0.539982425308,0.2,0.6,0.2,0.123595505618,-6.19196667904,-1.38036437247,0.032967032967,0.0138888888889,0.0666666666667,0,-0.296153846154,,0,,,,,,,,0.1,1.1,0.1
2023,000921,ARC,STINT,Challen Rogers,M,10,89,11,0,0,1,11,1,15,14,1,3,0,9,1,455,72,268,0,0,0,0,0,0,15,3,3,0,0,0.291729323308,0.148076923077,0.0540228463029,0.49674796748,0.539982425308,0.2,0.6,0.2,0.123595505618,-6.19196667904,-1.38036437247,0.032967032967,0.0138888888889,0.0666666666667,0,-0.296153846154,,0,,,,,,,,0.1,1.1,0.1
2023,000922,ALL,SEASON,Graeme Hossack,D,12,92,2,17,4,10,41,6,4,1,3,0,0,1,0,553,76,322,0,0,0,0,0,0,4,0,0,0,0,0.291729323308,0.148076923077,0.0540228463029,0.49674796748,0.539982425308,0,0.25,0,0.0217391304348,2.97010185987,-1.18019086177,0.00723327305606,0.0394736842105,0.75,0,-0.888461538462,0.235294117647,0.0527950310559,-4.44471544715,,,,,,,0.833333333333,3.41666666667,0.5
2023,000922,ARC,STINT,Graeme Hossack,D,12,92,2,17,4,10,41,6,4,1,3,0,0,1,0,553,76,322,0,0,0,0,0,0,4,0,0,0,0,0.291729323308,0.148076923077,0.0540228463029,0.49674796748,0.539982425308,0,0.25,0,0.0217391304348,2.97010185987,-1.18019086177,0.00723327305606,0.0394736842105,0.75,0,-0.888461538462,0.235294117647,0.0527950310559,-4.44471544715,,,,,,,0.833333333333,3.41666666667,0.5
2023,000925,ALL,SEASON,Liam Byrnes,D,13,120,7,0,0,7,42,2,5,4,1,0,0,0,0,566,64,356,0,0,0,0,0,0,5,0,0,0,0,0.291729323308,0.148076923077,0.0540228463029,0.49674796748,0.539982425308,0,0,0,0.0583333333333,-0.517258443647,-1.46307113939,0.00883392226148,0.015625,0.2,0,-0.296153846154,,0,,,,,,,,0.538461538462,3.23076923077,0.153846153846
2023,000925,WAT,STINT,Liam Byrnes,D,13,120,7,0,0,7,42,2,5,4,1,0,0,0,0,566,64,356,0,0,0,0,0,0,5,0,0,0,0,0.291729323308,0.148076923077,0.0540228463029,0.49674796748,0.539982425308,0,0,0,0.0583333333333,-0.517258443647,-1.46307113939,0.00883392226148,0.015625,0.2,0,-0.296153846154,,0,,,,,,,,0.538461538462,3.23076923077,0.153846153846
2023,000978,ALL,SEASON,Kyle Jackson,M,10,244,13,0,0,2,8,0,40,34,6,10,0,26,1,410,50,260,0,0,0,0,0,0,40,10,10,0,0,0.291729323308,0.148076923077,0.0540228463029,0.49674796748,0.539982425308,0.25,0.65,0.25,0.0532786885246,0.181574497917,-1.6957200694,0.0975609756098,0.12,0.15,0,-1.77692307692,,0,,,,,,,,0.2,0.8,0
2023,000978,CHA,STINT,Kyle Jackson,M,10,244,13,0,0,2,8,0,40,34,6,10,0,26,1,410,50,260,0,0,0,0,0,0,40,10,10,0,0,0.291729323308,0.148076923077,0.0540228463029,0.49674796748,0.539982425308,0.25,0.65,0.25,0.0532786885246,0.181574497917,-1.6957200694,0.0975609756098,0.12,0.15,0,-1.77692307692,,0,,,,,,,,0.2,0.8,0
2023,001001,ALL,SEASON,Dylan Molloy,"A,M",5,68,11,0,0,0,2,0,13,12,1,3,0,9,0,166,16,136,0,0,0,0,0,0,13,3,3,0,0,0.291729323308,0.148076923077,0.0540228463029,0.49674796748,0.539982425308,0.230769230769,0.692307692308,0.230769230769,0.161764705882,-7.3264464514,-0.796905725853,0.078313253012,0.0625,0.0769230769231,0,-0.296153846154,,0,,,,,,,,0,0.4,0
2023,001001,ATL,STINT,Dylan Molloy,M,3,20,5,0,0,0,1,0,5,5,0,1,0,3,0,106,9,84,0,0,0,0,0,0,5,1,1,0,0,0.291729323308,0.148076923077,0.0540228463029,0.49674796748,0.539982425308,0.2,0.6,0.2,0.25,-3.91954307394,-0.458646616541,0.0471698113208,0,0,,,,0,,,,,,,,0,0.333333333333,0
2023,001001,CHR,STINT,Dylan Molloy,A,2,48,6,0,0,0,1,0,8,7,1,2,0,6,0,60,7,52,0,0,0,0,0,0,8,2,2,0,0,0.291729323308,0.148076923077,0.0540228463029,0.49674796748,0.539982425308,0.25,0.75,0.25,0.125,-3.40690337746,-0.338259109312,0.133333333333,0.142857142857,0.125,0,-0.296153846154,,0,,,,,,,,0,0.5,0
2023,001009,ALL,SEASON,Colin Heacock,M,8,97,3,0,0,0,3,1,21,20,1,2,0,5,0,294,36,177,0,0,0,0,0,0,21,2,2,0,0,0.291729323308,0.148076923077,0.0540228463029,0.49674796748,0.539982425308,0.0952380952381,0.238095238095,0.0952380952381,0.0309278350515,2.24021609139,-4.13074031232,0.0714285714286,0.0277777777778,0.047619047619,0,-0.296153846154,,0,,,,,,,,0,0.375,0.125
2023,001009,CHR,STINT,Colin Heacock,M,8,97,3,0,0,0,3,1,21,20,1,2,0,5,0,294,36,177,0,0,0,0,0,0,21,2,2,0,0,0.291729323308,0.148076923077,0.0540228463029,0.49674796748,0.539982425308,0.0952380952381,0.238095238095,0.0952380952381,0.0309278350515,2.24021609139,-4.13074031232,0.0714285714286,0.0277777777778,0.047619047619,0,-0.296153846154,,0,,,,,,,,0,0.375,0.125
2023,001010,ALL,SEASON,Isaiah Davis-Allen,SSDM,12,78,4,15,4,3,13,2,2,1,1,0,0,1,0,514,67,306,0,0,0,0,0,0,2,0,0,0,0,0.291729323308,0.148076923077,0.0540228463029,0.49674796748,0.539982425308,0,0.5,0,0.0512820512821,0.213782011629,-0.587883169462,0.00389105058366,0.0149253731343,0.5,0,-0.296153846154,0.266666666667,0.0490196078431,-3.4512195122,,,,,,,0.25,1.08333333333,0.166666666667
2023,001010,RED,STINT,Isaiah Davis-Allen,SSDM,12,78,4,15,4,3,13,2,2,1,1,0,0,1,0,514,67,306,0,0,0,0,0,0,2,0,0,0,0,0.291729323308,0.148076923077,0.0540228463029,0.49674796748,0.539982425308,0,0.5,0,0.0512820512821,0.213782011629,-0.587883169462,0.00389105058366,0.0149253731343,0.5,0,-0.296153846154,0.266666666667,0.0490196078431,-3.4512195122,,,,,,,0.25,1.08333333333,0.166666666667
2023,001020,ALL,SEASON,Mike Messenger,SSDM,5,70,3,10,4,4,7,1,11,10,1,4,0,9,0,177,16,121,0,0,0,0,0,0,11,4,4,0,0,0.291729323308,0.148076923077,0.0540228463029,0.49674796748,0.539982425308,0.363636363636,0.818181818182,0.363636363636,0.0428571428571,0.781599241206,0.786552920763,0.0621468926554,0.0625,0.0909090909091,0,-0.296153846154,0.4,0.0826446280992,-0.967479674797,,,,,,,0.8,1.4,0.2
2023,001020,CHR,STINT,Mike Messenger,SSDM,5,70,3,10,4,4,7,1,11,10,1,4,0,9,0,177,16,121,0,0,0,0,0,0,11,4,4,0,0,0.291729323308,0.148076923077,0.0540228463029,0.49674796748,0.539982425308,0.363636363636,0.818181818182,0.363636363636,0.0428571428571,0.781599241206,0.786552920763,0.0621468926554,0.0625,0.0909090909091,0,-0.296153846154,0.4,0.0826446280992,-0.967479674797,,,,,,,0.8,1.4,0.2
2023,001397,ALL,SEASON,Michael Rexrode,D,11,55,3,0,0,9,23,4,4,2,2,2,0,3,0,444,68,317,0,0,0,0,0,0,4,2,2,0,0,0.291729323308,0.148076923077,0.0540228463029,0.49674796748,0.539982425308,0.5,0.75,0.5,0.0545454545455,-0.0287434533383,0.824233661076,0.00900900900901,0.0294117647059,0.5,0,-0.592307692308,,0,,,,,,,,0.818181818182,2.09090909091,0.363636363636
2023,001397,ATL,STINT,Michael Rexrode,D,11,55,3,0,0,9,23,4,4,2,2,2,0,3,0,444,68,317,0,0,0,0,0,0,4,2,2,0,0,0.291729323308,0.148076923077,0.0540228463029,0.49674796748,0.539982425308,0.5,0.75,0.5,0.0545454545455,-0.0287434533383,0.824233661076,0.00900900900901,0.0294117647059,0.5,0,-0.592307692308,,0,,,,,,,,0.818181818182,2.09090909091,0.363636363636
2023,001402,ALL,SEASON,Max Adler,FO,1,6,2,24,11,0,7,0,1,1,0,0,0,1,0,42,7,25,0,0,0,0,0,0,1,0,0,0,0,0.291729323308,0.148076923077,0.0540228463029,0.49674796748,0.539982425308,0,1,0,0.333333333333,-1.67586292218,-0.291729323308,0.0238095238095,0,0,,,0.458333333333,0.96,-0.921951219512,,,,,,,0,7,0
2023,001402,CHA,STINT,Max Adler,FO,1,6,2,24,11,0,7,0,1,1,0,0,0,1,0,42,7,25,0,0,0,0,0,0,1,0,0,0,0,0.291729323308,0.148076923077,0.0540228463029,0.49674796748,0.539982425308,0,1,0,0.333333333333,-1.67586292218,-0.291729323308,0.0238095238095,0,0,,,0.458333333333,0.96,-0.921951219512,,,,,,,0,7,0
2023,001406,ALL,SEASON,Ben Randall,D,13,110,4,0,0,13,31,0,6,0,6,0,1,4,0,566,64,356,0,0,0,0,0,0,6,1,2,0,0,0.291729323308,0.148076923077,0.0540228463029,0.49674796748,0.539982425308,0.166666666667,0.666666666667,0.333333333333,0.0363636363636,1.94251309332,0.223076923077,0.0106007067138,0.09375,1,0.166666666667,0.223076923077,,0,,,,,,,,1,2.38461538462,0
2023,001406,WAT,STINT,Ben Randall,D,13,110,4,0,0,13,31,0,6,0,6,0,1,4,0,566,64,356,0,0,0,0,0,0,6,1,2,0,0,0.291729323308,0.148076923077,0.0540228463029,0.49674796748,0.539982425308,0.166666666667,0.666666666667,0.333333333333,0.0363636363636,1.94251309332,0.223076923077,0.0106007067138,0.09375,1,0.166666666667,0.223076923077,,0,,,,,,,,1,2.38461538462,0
2023,001415,ALL,SEASON,Greg Weyl,D,1,10,0,0,0,2,4,2,1,1,0,1,0,1,0,38,4,20,0,0,0,0,0,0,1,1,1,0,0,0.291729323308,0.148076923077,0.0540228463029,0.49674796748,0.539982425308,1,1,1,0,0.540228463029,0.708270676692,0.0263157894737,0,0,,,,0,,,,,,,,2,4,2
2023,001415,CHR,STINT,Greg Weyl,D,1,10,0,0,0,2,4,2,1,1,0,1,0,1,0,38,4,20,0,0,0,0,0,0,1,1,1,0,0,0.291729323308,0.148076923077,0.0540228463029,0.49674796748,0.539982425308,1,1,1,0,0.540228463029,0.708270676692,0.0263157894737,0,0,,,,0,,,,,,,,2,4,2
2023,001661,ALL,SEASON,Warren Jeffrey,D,11,54,4,0,0,8,13,3,0,0,0,0,0,0,0,499,75,290,0,0,0,0,0,0,0,0,0,0,0,0.291729323308,0.148076923077,0.0540228463029,0.49674796748,0.539982425308,,,,0.0740740740741,-1.08276629964,,0,0,,,,,0,,,,,,,,0.727272727273,1.18181818182,0.272727272727
2023,001661,ARC,STINT,Warren Jeffrey,D,11,54,4,0,0,8,13,3,0,0,0,0,0,0,0,499,75,290,0,0,0,0,0,0,0,0,0,0,0,0.291729323308,0.148076923077,0.0540228463029,0.49674796748,0.539982425308,,,,0.0740740740741,-1.08276629964,,0,0,,,,,0,,,,,,,,0.727272727273,1.18181818182,0.272727272727
2023,001671,ALL,SEASON,Zach Goodrich,SSDM,12,76,1,3,3,5,9,2,0,0,0,0,0,0,0,497,66,341,0,0,0,0,0,0,0,0,0,0,0,0.291729323308,0.148076923077,0.0540228463029,0.49674796748,0.539982425308,,,,0.0131578947368,3.10573631902,,0,0,,,,1,0.00879765395894,1.50975609756,,,,,,,0.416666666667,0.75,0.166666666667
2023,001671,CAN,STINT,Zach Goodrich,SSDM,12,76,1,3,3,5,9,2,0,0,0,0,0,0,0,497,66,341,0,0,0,0,0,0,0,0,0,0,0,0.291729323308,0.148076923077,0.0540228463029,0.49674796748,0.539982425308,,,,0.0131578947368,3.10573631902,,0,0,,,,1,0.00879765395894,1.50975609756,,,,,,,0.416666666667,0.75,0.166666666667
2023,001707,ALL,SEASON,Matt Whitcher,SSDM,13,89,4,0,0,9,25,2,13,13,0,6,0,10,0,566,64,356,0,0,0,0,0,0,13,6,6,0,0,0.291729323308,0.148076923077,0.0540228463029,0.49674796748,0.539982425308,0.461538461538,0.769230769231,0.461538461538,0.0449438202247,0.808033320962,2.20751879699,0.0229681978799,0,0,,,,0,,,,,,,,0.692307692308,1.92307692308,0.153846153846
2023,001707,WAT,STINT,Matt Whitcher,SSDM,13,89,4,0,0,9,25,2,13,13,0,6,0,10,0,566,64,356,0,0,0,0,0,0,13,6,6,0,0,0.291729323308,0.148076923077,0.0540228463029,0.49674796748,0.539982425308,0.461538461538,0.769230769231,0.461538461538,0.0449438202247,0.808033320962,2.20751879699,0.0229681978799,0,0,,,,0,,,,,,,,0.692307692308,1.92307692308,0.153846153846
2023,001719,ALL,SEASON,Jack Jasinski,,1,22,2,0,0,1,0,1,2,2,0,1,0,1,0,39,4,18,0,0,0,0,0,0,2,1,1,0,0,0.291729323308,0.148076923077,0.0540228463029,0.49674796748,0.539982425308,0.5,0.5,0.5,0.0909090909091,-0.811497381335,0.416541353383,0.0512820512821,0,0,,,,0,,,,,,,,1,0,1
2023,001719,CHA,STINT,Jack Jasinski,,1,22,2,0,0,1,0,1,2,2,0,1,0,1,0,39,4,18,0,0,0,0,0,0,2,1,1,0,0,0.291729323308,0.148076923077,0.0540228463029,0.49674796748,0.539982425308,0.5,0.5,0.5,0.0909090909091,-0.811497381335,0.416541353383,0.0512820512821,0,0,,,,0,,,,,,,,1,0,1
2023,001724,ALL,SEASON,Sean Sconone,G,9,140,7,0,0,1,15,0,0,0,0,0,0,0,0,317,36,205,95,10,88,9,18,21,0,0,0,105,202,0.291729323308,0.148076923077,0.0540228463029,0.49674796748,0.539982425308,,,,0.05,0.563198482412,,0,0,,,,,0,,0.519801980198,0.51912568306,0.526315789474,-4.07644991213,0.918181818182,0.0954545454545,0.111111111111,1.66666666667,0
2023,001724,CHR,STINT,Sean Sconone,G,9,140,7,0,0,1,15,0,0,0,0,0,0,0,0,317,36,205,95,10,88,9,18,21,0,0,0,105,202,0.291729323308,0.148076923077,0.0540228463029,0.49674796748,0.539982425308,,,,0.05,0.563198482412,,0,0,,,,,0,,0.519801980198,0.51912568306,0.526315789474,-4.07644991213,0.918181818182,0.0954545454545,0.111111111111,1.66666666667,0
2023,001727,ALL,SEASON,Bradley Voigt,A,1,18,4,0,0,0,2,0,2,2,0,1,0,2,0,39,4,18,0,0,0,0,0,0,2,1,1,0,0,0.291729323308,0.148076923077,0.0540228463029,0.49674796748,0.539982425308,0.5,1,0.5,0.222222222222,-3.02758876655,0.416541353383,0.0512820512821,0,0,,,,0,,,,,,,,0,2,0
2023,001727,CHA,STINT,Bradley Voigt,A,1,18,4,0,0,0,2,0,2,2,0,1,0,2,0,39,4,18,0,0,0,0,0,0,2,1,1,0,0,0.291729323308,0.148076923077,0.0540228463029,0.49674796748,0.539982425308,0.5,1,0.5,0.222222222222,-3.02758876655,0.416541353383,0.0512820512821,0,0,,,,0,,,,,,,,0,2,0
2023,001729,ALL,SEASON,Chris Aslanian,M,12,259,11,0,0,1,3,0,57,35,22,9,5,32,0,497,66,341,0,0,0,0,0,0,57,14,19,0,0,0.291729323308,0.148076923077,0.0540228463029,0.49674796748,0.539982425308,0.245614035088,0.561403508772,0.333333333333,0.042471042471,2.99191719246,2.27408906883,0.114688128773,0.333333333333,0.385964912281,0.227272727273,3.48461538462,,0,,,,,,,,0.0833333333333,0.25,0
2023,001729,CAN,STINT,Chris Aslanian,M,12,259,11,0,0,1,3,0,57,35,22,9,5,32,0,497,66,341,0,0,0,0,0,0,57,14,19,0,0,0.291729323308,0.148076923077,0.0540228463029,0.49674796748,0.539982425308,0.245614035088,0.561403508772,0.333333333333,0.042471042471,2.99191719246,2.27408906883,0.114688128773,0.333333333333,0.385964912281,0.227272727273,3.48461538462,,0,,,,,,,,0.0833333333333,0.25,0
2023,001733,ALL,SEASON,Charlie Hayes,SSDM,12,63,4,0,0,6,17,1,6,5,1,3,0,5,0,524,58,338,0,0,0,0,0,0,6,3,3,0,0,0.291729323308,0.148076923077,0.0540228463029,0.49674796748,0.539982425308,0.5,0.833333333333,0.5,0.0634920634921,-0.596560682915,1.2451995373,0.0114503816794,0.0172413793103,0.166666666667,0,-0.296153846154,,0,,,,,,,,0.5,1.41666666667,0.0833333333333
2023,001733,WAT,STINT,Charlie Hayes,SSDM,12,63,4,0,0,6,17,1,6,5,1,3,0,5,0,524,58,338,0,0,0,0,0,0,6,3,3,0,0,0.291729323308,0.148076923077,0.0540228463029,0.49674796748,0.539982425308,0.5,0.833333333333,0.5,0.0634920634921,-0.596560682915,1.2451995373,0.0114503816794,0.0172413793103,0.166666666667,0,-0.296153846154,,0,,,,,,,,0.5,1.41666666667,0.0833333333333
2023,001760,ALL,SEASON,Pat Aslanian,SSDM,12,60,5,0,0,1,5,4,7,3,4,0,1,2,0,497,66,341,0,0,0,0,0,0,7,1,2,0,0,0.291729323308,0.148076923077,0.0540228463029,0.49674796748,0.539982425308,0.142857142857,0.285714285714,0.285714285714,0.0833333333333,-1.75862922182,-0.0598033545402,0.0140845070423,0.0606060606061,0.571428571429,0.25,0.815384615385,,0,,,,,,,,0.0833333333333,0.416666666667,0.333333333333
2023,001760,CAN,STINT,Pat Aslanian,SSDM,12,60,5,0,0,1,5,4,7,3,4,0,1,2,0,497,66,341,0,0,0,0,0,0,7,1,2,0,0,0.291729323308,0.148076923077,0.0540228463029,0.49674796748,0.539982425308,0.142857142857,0.285714285714,0.285714285714,0.0833333333333,-1.75862922182,-0.0598033545402,0.0140845070423,0.0606060606061,0.571428571429,0.25,0.815384615385,,0,,,,,,,,0.0833333333333,0.416666666667,0.333333333333
2023,001773,ALL,SEASON,Nick Washuta,G,4,10,0,0,0,1,1,0,0,0,0,0,0,0,0,198,26,108,10,4,11,2,2,7,0,0,0,14,27,0.291729323308,0.148076923077,0.0540228463029,0.49674796748,0.539982425308,,,,0,0.540228463029,,0,0,,,,,0,,0.518518518519,0.47619047619,0.666666666667,-0.579525483304,0.931034482759,0.241379310345,0.25,0.25,0
2023,001773,ARC,STINT,Nick Washuta,G,4,10,0,0,0,1,1,0,0,0,0,0,0,0,0,198,26,108,10,4,11,2,2,7,0,0,0,14,27,0.291729323308,0.148076923077,0.0540228463029,0.49674796748,0.539982425308,,,,0,0.540228463029,,0,0,,,,,0,,0.518518518519,0.47619047619,0.666666666667,-0.579525483304,0.931034482759,0.241379310345,0.25,0.25,0
2023,001793,ALL,SEASON,Chase Fraser,A,4,68,5,0,0,1,4,0,19,16,3,4,0,12,1,166,24,103,0,0,0,0,0,0,19,4,4,0,0,0.291729323308,0.148076923077,0.0540228463029,0.49674796748,0.539982425308,0.210526315789,0.631578947368,0.210526315789,0.0735294117647,-1.3264464514,-1.55613071139,0.114457831325,0.125,0.157894736842,0,-0.888461538462,,0,,,,,,,,0.25,1,0
2023,001793,CHA,STINT,Chase Fraser,A,4,68,5,0,0,1,4,0,19,16,3,4,0,12,1,166,24,103,0,0,0,0,0,0,19,4,4,0,0,0.291729323308,0.148076923077,0.0540228463029,0.49674796748,0.539982425308,0.210526315789,0.631578947368,0.210526315789,0.0735294117647,-1.3264464514,-1.55613071139,0.114457831325,0.125,0.157894736842,0,-0.888461538462,,0,,,,,,,,0.25,1,0
2023,001795,ALL,SEASON,Christian Scarpello,SSDM,12,84,1,0,0,1,22,1,4,4,0,1,0,4,0,524,58,333,0,0,0,0,0,0,4,1,1,0,0,0.291729323308,0.148076923077,0.0540228463029,0.49674796748,0.539982425308,0.25,1,0.25,0.0119047619048,3.53791908945,-0.166917293233,0.00763358778626,0,0,,,,0,,,,,,,,0.0833333333333,1.83333333333,0.0833333333333
2023,001795,WAT,STINT,Christian Scarpello,SSDM,12,84,1,0,0,1,22,1,4,4,0,1,0,4,0,524,58,333,0,0,0,0,0,0,4,1,1,0,0,0.291729323308,0.148076923077,0.0540228463029,0.49674796748,0.539982425308,0.25,1,0.25,0.0119047619048,3.53791908945,-0.166917293233,0.00763358778626,0,0,,,,0,,,,,,,,0.0833333333333,1.83333333333,0.0833333333333
2023,001796,ALL,SEASON,Latrell Harris,SSDM,10,81,2,0,0,6,19,3,4,4,0,2,0,2,0,474,59,270,0,0,0,0,0,0,4,2,2,0,0,0.291729323308,0.148076923077,0.0540228463029,0.49674796748,0.539982425308,0.5,0.5,0.5,0.0246913580247,2.37585055054,0.833082706767,0.0084388185654,0,0,,,,0,,,,,,,,0.6,1.9,0.3
2023,001796,ARC,STINT,Latrell Harris,SSDM,10,81,2,0,0,6,19,3,4,4,0,2,0,2,0,474,59,270,0,0,0,0,0,0,4,2,2,0,0,0.291729323308,0.148076923077,0.0540228463029,0.49674796748,0.539982425308,0.5,0.5,0.5,0.0246913580247,2.37585055054,0.833082706767,0.0084388185654,0,0,,,,0,,,,,,,,0.6,1.9,0.3
2023,001809,ALL,SEASON,Jeff Teat,A,11,383,23,0,0,3,16,0,43,43,0,13,0,31,5,444,68,317,0,0,0,0,0,0,43,13,13,0,0,0.291729323308,0.148076923077,0.0540228463029,0.49674796748,0.539982425308,0.302325581395,0.720930232558,0.302325581395,0.0600522193211,-2.30924986597,0.455639097744,0.0968468468468,0,0,,,,0,,,,,,,,0.272727272727,1.45454545455,0
2023,001809,ATL,STINT,Jeff Teat,A,11,383,23,0,0,3,16,0,43,43,0,13,0,31,5,444,68,317,0,0,0,0,0,0,43,13,13,0,0,0.291729323308,0.148076923077,0.0540228463029,0.49674796748,0.539982425308,0.302325581395,0.720930232558,0.302325581395,0.0600522193211,-2.30924986597,0.455639097744,0.0968468468468,0,0,,,,0,,,,,,,,0.272727272727,1.45454545455,0
2023,001810,ALL,SEASON,Michael Sowers,A,13,436,27,0,0,1,12,1,101,98,3,25,0,66,5,566,64,356,0,0,0,0,0,0,101,25,25,0,0,0.291729323308,0.148076923077,0.0540228463029,0.49674796748,0.539982425308,0.247524752475,0.653465346535,0.247524752475,0.0619266055046,-3.44603901192,-4.47793522267,0.178445229682,0.046875,0.029702970297,0,-0.888461538462,,0,,,,,,,,0.0769230769231,0.923076923077,0.0769230769231
2023,001810,WAT,STINT,Michael Sowers,A,13,436,27,0,0,1,12,1,101,98,3,25,0,66,5,566,64,356,0,0,0,0,0,0,101,25,25,0,0,0.291729323308,0.148076923077,0.0540228463029,0.49674796748,0.539982425308,0.247524752475,0.653465346535,0.247524752475,0.0619266055046,-3.44603901192,-4.47793522267,0.178445229682,0.046875,0.029702970297,0,-0.888461538462,,0,,,,,,,,0.0769230769231,0.923076923077,0.0769230769231
2023,001811,ALL,SEASON,JT Giles-Harris,D,9,90,1,0,0,7,11,1,0,0,0,0,0,0,0,316,39,209,0,0,0,0,0,0,0,0,0,0,0,0.291729323308,0.148076923077,0.0540228463029,0.49674796748,0.539982425308,,,,0.0111111111111,3.86205616726,,0,0,,,,,0,,,,,,,,0.777777777778,1.22222222222,0.111111111111
2023,001811,CHR,STINT,JT Giles-Harris,D,9,90,1,0,0,7,11,1,0,0,0,0,0,0,0,316,39,209,0,0,0,0,0,0,0,0,0,0,0,0.291729323308,0.148076923077,0.0540228463029,0.49674796748,0.539982425308,,,,0.0111111111111,3.86205616726,,0,0,,,,,0,,,,,,,,0.777777777778,1.22222222222,0.111111111111
2023,001812,ALL,SEASON,TD Ierlan,FO,12,125,5,274,183,3,129,2,12,12,0,2,0,10,0,514,67,306,0,0,0,0,0,0,12,2,2,0,0,0.291729323308,0.148076923077,0.0540228463029,0.49674796748,0.539982425308,0.166666666667,0.833333333333,0.166666666667,0.04,1.75285578787,-1.5007518797,0.0233463035019,0,0,,,0.667883211679,0.895424836601,46.8910569106,,,,,,,0.25,10.75,0.166666666667
2023,001812,RED,STINT,TD Ierlan,FO,12,125,5,274,183,3,129,2,12,12,0,2,0,10,0,514,67,306,0,0,0,0,0,0,12,2,2,0,0,0.291729323308,0.148076923077,0.0540228463029,0.49674796748,0.539982425308,0.166666666667,0.833333333333,0.166666666667,0.04,1.75285578787,-1.5007518797,0.0233463035019,0,0,,,0.667883211679,0.895424836601,46.8910569106,,,,,,,0.25,10.75,0.166666666667
2023,001813,ALL,SEASON,Jared Conners,LSM,11,71,8,2,0,11,21,1,14,4,10,0,2,6,0,505,71,284,0,0,0,0,0,0,14,2,4,0,0,0.291729323308,0.148076923077,0.0540228463029,0.49674796748,0.539982425308,0.142857142857,0.428571428571,0.285714285714,0.112676056338,-4.16437791249,-0.128455754772,0.0277227722772,0.140845070423,0.714285714286,0.2,1.03846153846,0,0.00704225352113,-0.993495934959,,,,,,,1,1.90909090909,0.0909090909091
2023,001813,ARC,STINT,Jared Conners,LSM,11,71,8,2,0,11,21,1,14,4,10,0,2,6,0,505,71,284,0,0,0,0,0,0,14,2,4,0,0,0.291729323308,0.148076923077,0.0540228463029,0.49674796748,0.539982425308,0.142857142857,0.428571428571,0.285714285714,0.112676056338,-4.16437791249,-0.128455754772,0.0277227722772,0.140845070423,0.714285714286,0.2,1.03846153846,0,0.00704225352113,-0.993495934959,,,,,,,1,1.90909090909,0.0909090909091
2023,001814,ALL,SEASON,Mac O'Keefe,A,12,326,14,0,0,3,27,4,108,93,15,28,4,64,3,553,76,322,0,0,0,0,0,0,108,32,36,0,0,0.291729323308,0.148076923077,0.0540228463029,0.49674796748,0.539982425308,0.296296296296,0.592592592593,0.333333333333,0.0429447852761,3.61144789476,4.42686524002,0.195298372514,0.197368421053,0.138888888889,0.266666666667,3.55769230769,,0,,,,,,,,0.25,2.25,0.333333333333
2023,001814,ARC,STINT,Mac O'Keefe,A,12,326,14,0,0,3,27,4,108,93,15,28,4,64,3,553,76,322,0,0,0,0,0,0,108,32,36,0,0,0.291729323308,0.148076923077,0.0540228463029,0.49674796748,0.539982425308,0.296296296296,0.592592592593,0.333333333333,0.0429447852761,3.61144789476,4.42686524002,0.195298372514,0.197368421053,0.138888888889,0.266666666667,3.55769230769,,0,,,,,,,,0.25,2.25,0.333333333333
2023,001815,ALL,SEASON,Connor Kirst,SSDM,11,109,5,0,0,3,26,2,21,16,5,6,1,13,2,465,79,304,0,0,0,0,0,0,21,7,8,0,0,0.291729323308,0.148076923077,0.0540228463029,0.49674796748,0.539982425308,0.333333333333,0.619047619048,0.380952380952,0.045871559633,0.88849024702,1.8515615963,0.0451612903226,0.0632911392405,0.238095238095,0.2,0.519230769231,,0,,,,,,,,0.272727272727,2.36363636364,0.181818181818
2023,001815,WHP,STINT,Connor Kirst,SSDM,11,109,5,0,0,3,26,2,21,16,5,6,1,13,2,465,79,304,0,0,0,0,0,0,21,7,8,0,0,0.291729323308,0.148076923077,0.0540228463029,0.49674796748,0.539982425308,0.333333333333,0.619047619048,0.380952380952,0.045871559633,0.88849024702,1.8515615963,0.0451612903226,0.0632911392405,0.238095238095,0.2,0.519230769231,,0,,,,,,,,0.272727272727,2.36363636364,0.181818181818
2023,001817,ALL,SEASON,Jack Kielty,D,12,105,0,0,0,12,22,3,2,1,1,0,0,1,1,497,66,341,0,0,0,0,0,0,2,0,0,0,0,0.291729323308,0.148076923077,0.0540228463029,0.49674796748,0.539982425308,0,0.5,0,0,5.67239886181,-0.587883169462,0.00402414486922,0.0151515151515,0.5,0,-0.296153846154,,0,,,,,,,,1,1.83333333333,0.25
2023,001817,CAN,STINT,Jack Kielty,D,12,105,0,0,0,12,22,3,2,1,1,0,0,1,1,497,66,341,0,0,0,0,0,0,2,0,0,0,0,0.291729323308,0.148076923077,0.0540228463029,0.49674796748,0.539982425308,0,0.5,0,0,5.67239886181,-0.587883169462,0.00402414486922,0.0151515151515,0.5,0,-0.296153846154,,0,,,,,,,,1,1.83333333333,0.25
2023,001818,ALL,SEASON,Jake Carraway,M,10,232,3,0,0,1,7,2,39,28,11,11,3,28,0,434,54,267,0,0,0,0,0,0,39,14,17,0,0,0.291729323308,0.148076923077,0.0540228463029,0.49674796748,0.539982425308,0.358974358974,0.717948717949,0.435897435897,0.0129310344828,9.53330034228,5.57388663968,0.0898617511521,0.203703703704,0.282051282051,0.272727272727,2.74230769231,,0,,,,,,,,0.1,0.7,0.2
2023,001818,WAT,STINT,Jake Carraway,M,10,232,3,0,0,1,7,2,39,28,11,11,3,28,0,434,54,267,0,0,0,0,0,0,39,14,17,0,0,0.291729323308,0.148076923077,0.0540228463029,0.49674796748,0.539982425308,0.358974358974,0.717948717949,0.435897435897,0.0129310344828,9.53330034228,5.57388663968,0.0898617511521,0.203703703704,0.282051282051,0.272727272727,2.74230769231,,0,,,,,,,,0.1,0.7,0.2
2023,001819,ALL,SEASON,Danny Logan,SSDM,10,73,5,4,0,2,14,2,11,8,3,4,0,9,1,400,63,292,0,0,0,0,0,0,11,4,4,0,0,0.291729323308,0.148076923077,0.0540228463029,0.49674796748,0.539982425308,0.363636363636,0.818181818182,0.363636363636,0.0684931506849,-1.05633221989,0.777703875072,0.0275,0.047619047619,0.272727272727,0,-0.888461538462,0,0.013698630137,-1.98699186992,,,,,,,0.2,1.4,0.2
2023,001819,ATL,STINT,Danny Logan,SSDM,10,73,5,4,0,2,14,2,11,8,3,4,0,9,1,400,63,292,0,0,0,0,0,0,11,4,4,0,0,0.291729323308,0.148076923077,0.0540228463029,0.49674796748,0.539982425308,0.363636363636,0.818181818182,0.363636363636,0.0684931506849,-1.05633221989,0.777703875072,0.0275,0.047619047619,0.272727272727,0,-0.888461538462,0,0.013698630137,-1.98699186992,,,,,,,0.2,1.4,0.2
2023,001820,ALL,SEASON,Ryan Terefenko,SSDM,10,118,8,2,0,2,14,1,15,15,0,3,0,8,0,354,43,229,0,0,0,0,0,0,15,3,3,0,0,0.291729323308,0.148076923077,0.0540228463029,0.49674796748,0.539982425308,0.2,0.533333333333,0.2,0.0677966101695,-1.62530413625,-1.37593984962,0.0423728813559,0,0,,,0,0.00873362445415,-0.993495934959,,,,,,,0.2,1.4,0.1
2023,001820,CHR,STINT,Ryan Terefenko,SSDM,10,118,8,2,0,2,14,1,15,15,0,3,0,8,0,354,43,229,0,0,0,0,0,0,15,3,3,0,0,0.291729323308,0.148076923077,0.0540228463029,0.49674796748,0.539982425308,0.2,0.533333333333,0.2,0.0677966101695,-1.62530413625,-1.37593984962,0.0423728813559,0,0,,,0,0.00873362445415,-0.993495934959,,,,,,,0.2,1.4,0.1
2023,001821,ALL,SEASON,Tre Leclaire,M,12,280,12,0,0,1,21,0,47,40,7,17,2,33,4,553,76,322,0,0,0,0,0,0,47,19,21,0,0,0.291729323308,0.148076923077,0.0540228463029,0.49674796748,0.539982425308,0.404255319149,0.702127659574,0.446808510638,0.0428571428571,3.12639696482,7.25775014459,0.0849909584087,0.0921052631579,0.148936170213,0.285714285714,1.92692307692,,0,,,,,,,,0.0833333333333,1.75,0
2023,001821,ARC,STINT,Tre Leclaire,M,12,280,12,0,0,1,21,0,47,40,7,17,2,33,4,553,76,322,0,0,0,0,0,0,47,19,21,0,0,0.291729323308,0.148076923077,0.0540228463029,0.49674796748,0.539982425308,0.404255319149,0.702127659574,0.446808510638,0.0428571428571,3.12639696482,7.25775014459,0.0849909584087,0.0921052631579,0.148936170213,0.285714285714,1.92692307692,,0,,,,,,,,0.0833333333333,1.75,0
2023,001825,ALL,SEASON,Peter Dearth,SSDM,6,31,3,0,0,1,11,3,3,3,0,0,0,3,0,241,43,175,0,0,0,0,0,0,3,0,0,0,0,0.291729323308,0.148076923077,0.0540228463029,0.49674796748,0.539982425308,0,1,0,0.0967741935484,-1.32529176461,-0.875187969925,0.0124481327801,0,0,,,,0,,,,,,,,0.166666666667,1.83333333333,0.5
2023,001825,ATL,STINT,Peter Dearth,SSDM,6,31,3,0,0,1,11,3,3,3,0,0,0,3,0,241,43,175,0,0,0,0,0,0,3,0,0,0,0,0.291729323308,0.148076923077,0.0540228463029,0.49674796748,0.539982425308,0,1,0,0.0967741935484,-1.32529176461,-0.875187969925,0.0124481327801,0,0,,,,0,,,,,,,,0.166666666667,1.83333333333,0.5
2023,001826,ALL,SEASON,Jeff Trainor,SSDM,12,90,4,0,0,8,10,3,12,10,2,3,0,5,0,497,66,341,0,0,0,0,0,0,12,3,3,0,0,0.291729323308,0.148076923077,0.0540228463029,0.49674796748,0.539982425308,0.25,0.416666666667,0.25,0.0444444444444,0.862056167265,-0.50960092539,0.0241448692153,0.030303030303,0.166666666667,0,-0.592307692308,,0,,,,,,,,0.666666666667,0.833333333333,0.25
2023,001826,CAN,STINT,Jeff Trainor,SSDM,12,90,4,0,0,8,10,3,12,10,2,3,0,5,0,497,66,341,0,0,0,0,0,0,12,3,3,0,0,0.291729323308,0.148076923077,0.0540228463029,0.49674796748,0.539982425308,0.25,0.416666666667,0.25,0.0444444444444,0.862056167265,-0.50960092539,0.0241448692153,0.030303030303,0.166666666667,0,-0.592307692308,,0,,,,,,,,0.666666666667,0.833333333333,0.25
2023,001828,ALL,SEASON,Justin Anderson,M,10,187,10,0,0,3,2,1,37,31,6,9,0,27,1,354,43,229,0,0,0,0,0,0,37,9,9,0,0,0.291729323308,0.148076923077,0.0540228463029,0.49674796748,0.539982425308,0.243243243243,0.72972972973,0.243243243243,0.0534759358289,0.10227225865,-1.82053209948,0.104519774011,0.139534883721,0.162162162162,0,-1.77692307692,,0,,,,,,,,0.3,0.2,0.1
2023,001828,CHR,STINT,Justin Anderson,M,10,187,10,0,0,3,2,1,37,31,6,9,0,27,1,354,43,229,0,0,0,0,0,0,37,9,9,0,0,0.291729323308,0.148076923077,0.0540228463029,0.49674796748,0.539982425308,0.243243243243,0.72972972973,0.243243243243,0.0534759358289,0.10227225865,-1.82053209948,0.104519774011,0.139534883721,0.162162162162,0,-1.77692307692,,0,,,,,,,,0.3,0.2,0.1
2023,001831,ALL,SEASON,Colin Squires,LSM,11,37,0,25,2,7,13,0,5,1,4,0,1,1,0,465,79,304,0,0,0,0,0,0,5,1,2,0,0,0.291729323308,0.148076923077,0.0540228463029,0.49674796748,0.539982425308,0.2,0.2,0.4,0,1.99884531321,0.523655292076,0.010752688172,0.0506329113924,0.8,0.25,0.815384615385,0.08,0.0822368421053,-10.418699187,,,,,,,0.636363636364,1.18181818182,0
2023,001831,WHP,STINT,Colin Squires,LSM,11,37,0,25,2,7,13,0,5,1,4,0,1,1,0,465,79,304,0,0,0,0,0,0,5,1,2,0,0,0.291729323308,0.148076923077,0.0540228463029,0.49674796748,0.539982425308,0.2,0.2,0.4,0,1.99884531321,0.523655292076,0.010752688172,0.0506329113924,0.8,0.25,0.815384615385,0.08,0.0822368421053,-10.418699187,,,,,,,0.636363636364,1.18181818182,0
2023,001832,ALL,SEASON,Charlie Bertrand,M,11,259,14,0,0,1,8,0,47,45,2,9,0,22,0,468,63,283,0,0,0,0,0,0,47,9,9,0,0,0.291729323308,0.148076923077,0.0540228463029,0.49674796748,0.539982425308,0.191489361702,0.468085106383,0.191489361702,0.0540540540541,-0.00808280753846,-4.72012724118,0.100427350427,0.031746031746,0.0425531914894,0,-0.592307692308,,0,,,,,,,,0.0909090909091,0.727272727273,0
2023,001832,RED,STINT,Charlie Bertrand,M,11,259,14,0,0,1,8,0,47,45,2,9,0,22,0,468,63,283,0,0,0,0,0,0,47,9,9,0,0,0.291729323308,0.148076923077,0.0540228463029,0.49674796748,0.539982425308,0.191489361702,0.468085106383,0.191489361702,0.0540540540541,-0.00808280753846,-4.72012724118,0.100427350427,0.031746031746,0.0425531914894,0,-0.592307692308,,0,,,,,,,,0.0909090909091,0.727272727273,0
2023,001835,ALL,SEASON,Ethan Walker,A,13,440,9,0,0,0,23,1,67,67,0,20,0,48,1,566,64,356,0,0,0,0,0,0,67,20,20,0,0,0.291729323308,0.148076923077,0.0540228463029,0.49674796748,0.539982425308,0.298507462687,0.716417910448,0.298507462687,0.0204545454545,14.7700523733,0.454135338346,0.118374558304,0,0,,,,0,,,,,,,,0,1.76923076923,0.0769230769231
2023,001835,WAT,STINT,Ethan Walker,A,13,440,9,0,0,0,23,1,67,67,0,20,0,48,1,566,64,356,0,0,0,0,0,0,67,20,20,0,0,0.291729323308,0.148076923077,0.0540228463029,0.49674796748,0.539982425308,0.298507462687,0.716417910448,0.298507462687,0.0204545454545,14.7700523733,0.454135338346,0.118374558304,0,0,,,,0,,,,,,,,0,1.76923076923,0.0769230769231
2023,001836,ALL,SEASON,Jackson Morrill,A,11,399,14,0,0,2,12,0,33,33,0,12,0,29,2,402,54,262,0,0,0,0,0,0,33,12,12,0,0,0.291729323308,0.148076923077,0.0540228463029,0.49674796748,0.539982425308,0.363636363636,0.878787878788,0.363636363636,0.0350877192982,7.55511567487,2.37293233083,0.0820895522388,0,0,,,,0,,,,,,,,0.181818181818,1.09090909091,0
2023,001836,CHR,STINT,Jackson Morrill,A,9,329,9,0,0,2,11,0,28,28,0,11,0,25,2,317,36,205,0,0,0,0,0,0,28,11,11,0,0,0.291729323308,0.148076923077,0.0540228463029,0.49674796748,0.539982425308,0.392857142857,0.892857142857,0.392857142857,0.0273556231003,8.77351643367,2.83157894737,0.0883280757098,0,0,,,,0,,,,,,,,0.222222222222,1.22222222222,0
2023,001836,WHP,STINT,Jackson Morrill,A,2,70,5,0,0,0,1,0,5,5,0,1,0,4,0,85,18,57,0,0,0,0,0,0,5,1,1,0,0,0.291729323308,0.148076923077,0.0540228463029,0.49674796748,0.539982425308,0.2,0.8,0.2,0.0714285714286,-1.21840075879,-0.458646616541,0.0588235294118,0,0,,,,0,,,,,,,,0,0.5,0
2023,001838,ALL,SEASON,Ryan Smith,M,11,154,8,0,0,0,10,0,41,41,0,16,0,27,1,452,57,285,0,0,0,0,0,0,41,16,16,0,0,0.291729323308,0.148076923077,0.0540228463029,0.49674796748,0.539982425308,0.390243902439,0.658536585366,0.390243902439,0.0519480519481,0.319518330653,4.03909774436,0.0907079646018,0,0,,,,0,,,,,,,,0,0.909090909091,0
2023,001838,CHA,STINT,Ryan Smith,M,11,154,8,0,0,0,10,0,41,41,0,16,0,27,1,452,57,285,0,0,0,0,0,0,41,16,16,0,0,0.291729323308,0.148076923077,0.0540228463029,0.49674796748,0.539982425308,0.390243902439,0.658536585366,0.390243902439,0.0519480519481,0.319518330653,4.03909774436,0.0907079646018,0,0,,,,0,,,,,,,,0,0.909090909091,0
2023,001839,ALL,SEASON,Nick Grill,LSM,10,41,1,3,0,6,12,1,0,0,0,0,0,0,0,354,43,229,0,0,0,0,0,0,0,0,0,0,0,0.291729323308,0.148076923077,0.0540228463029,0.49674796748,0.539982425308,,,,0.0243902439024,1.21493669842,,0,0,,,,0,0.0131004366812,-1.49024390244,,,,,,,0.6,1.2,0.1
2023,001839,CHR,STINT,Nick Grill,LSM,10,41,1,3,0,6,12,1,0,0,0,0,0,0,0,354,43,229,0,0,0,0,0,0,0,0,0,0,0,0.291729323308,0.148076923077,0.0540228463029,0.49674796748,0.539982425308,,,,0.0243902439024,1.21493669842,,0,0,,,,0,0.0131004366812,-1.49024390244,,,,,,,0.6,1.2,0.1
2023,001843,ALL,SEASON,Cole Williams,M,2,27,6,0,0,0,0,1,6,5,1,1,0,3,0,73,13,44,0,0,0,0,0,0,6,1,1,0,0,0.291729323308,0.148076923077,0.0540228463029,0.49674796748,0.539982425308,0.166666666667,0.5,0.166666666667,0.222222222222,-4.54138314982,-0.754800462695,0.0821917808219,0.0769230769231,0.166666666667,0,-0.296153846154,,0,,,,,,,,0,0,0.5
2023,001843,CHR,STINT,Cole Williams,M,2,27,6,0,0,0,0,1,6,5,1,1,0,3,0,73,13,44,0,0,0,0,0,0,6,1,1,0,0,0.291729323308,0.148076923077,0.0540228463029,0.49674796748,0.539982425308,0.166666666667,0.5,0.166666666667,0.222222222222,-4.54138314982,-0.754800462695,0.0821917808219,0.0769230769231,0.166666666667,0,-0.296153846154,,0,,,,,,,,0,0,0.5
2023,001846,ALL,SEASON,Adam Charalambides,A,2,44,3,0,0,0,6,1,10,10,0,3,0,5,0,83,10,54,0,0,0,0,0,0,10,3,3,0,0,0.291729323308,0.148076923077,0.0540228463029,0.49674796748,0.539982425308,0.3,0.5,0.3,0.0681818181818,-0.622994762671,0.0827067669173,0.120481927711,0,0,,,,0,,,,,,,,0,3,0.5
2023,001846,CAN,STINT,Adam Charalambides,A,2,44,3,0,0,0,6,1,10,10,0,3,0,5,0,83,10,54,0,0,0,0,0,0,10,3,3,0,0,0.291729323308,0.148076923077,0.0540228463029,0.49674796748,0.539982425308,0.3,0.5,0.3,0.0681818181818,-0.622994762671,0.0827067669173,0.120481927711,0,0,,,,0,,,,,,,,0,3,0.5
2023,002001,ALL,SEASON,Kevin Rogers,M,2,47,1,0,0,0,2,0,7,6,1,2,0,6,1,89,8,58,0,0,0,0,0,0,7,2,2,0,0,0.291729323308,0.148076923077,0.0540228463029,0.49674796748,0.539982425308,0.285714285714,0.857142857143,0.285714285714,0.0212765957447,1.53907377624,-0.0465297860035,0.0786516853933,0.125,0.142857142857,0,-0.296153846154,,0,,,,,,,,0,1,0
2023,002001,RED,STINT,Kevin Rogers,M,2,47,1,0,0,0,2,0,7,6,1,2,0,6,1,89,8,58,0,0,0,0,0,0,7,2,2,0,0,0.291729323308,0.148076923077,0.0540228463029,0.49674796748,0.539982425308,0.285714285714,0.857142857143,0.285714285714,0.0212765957447,1.53907377624,-0.0465297860035,0.0786516853933,0.125,0.142857142857,0,-0.296153846154,,0,,,,,,,,0,1,0
2023,002003,ALL,SEASON,Will Perry,M,8,134,2,0,0,0,4,0,30,25,5,5,0,13,0,319,35,209,0,0,0,0,0,0,30,5,5,0,0,0.291729323308,0.148076923077,0.0540228463029,0.49674796748,0.539982425308,0.166666666667,0.433333333333,0.166666666667,0.0149253731343,5.23906140459,-3.77400231348,0.0940438871473,0.142857142857,0.166666666667,0,-1.48076923077,,0,,,,,,,,0,0.5,0
2023,002003,CHA,STINT,Will Perry,M,8,134,2,0,0,0,4,0,30,25,5,5,0,13,0,319,35,209,0,0,0,0,0,0,30,5,5,0,0,0.291729323308,0.148076923077,0.0540228463029,0.49674796748,0.539982425308,0.166666666667,0.433333333333,0.166666666667,0.0149253731343,5.23906140459,-3.77400231348,0.0940438871473,0.142857142857,0.166666666667,0,-1.48076923077,,0,,,,,,,,0,0.5,0
2023,002006,ALL,SEASON,Reid Bowering,M,1,7,1,0,0,0,0,0,1,1,0,1,0,1,0,37,6,31,0,0,0,0,0,0,1,1,1,0,0,0.291729323308,0.148076923077,0.0540228463029,0.49674796748,0.539982425308,1,1,1,0.142857142857,-0.621840075879,0.708270676692,0.027027027027,0,0,,,,0,,,,,,,,0,0,0
2023,002006,ARC,STINT,Reid Bowering,M,1,7,1,0,0,0,0,0,1,1,0,1,0,1,0,37,6,31,0,0,0,0,0,0,1,1,1,0,0,0.291729323308,0.148076923077,0.0540228463029,0.49674796748,0.539982425308,1,1,1,0.142857142857,-0.621840075879,0.708270676692,0.027027027027,0,0,,,,0,,,,,,,,0,0,0
2023,002014,ALL,SEASON,Drake Porter,G,3,23,2,0,0,0,4,0,0,0,0,0,0,0,0,124,21,96,16,3,27,0,3,3,0,0,0,19,46,0.291729323308,0.148076923077,0.0540228463029,0.49674796748,0.539982425308,,,,0.0869565217391,-0.757474535032,,0,0,,,,,0,,0.413043478261,0.372093023256,1,-5.83919156415,0.938775510204,0.0612244897959,0,1.33333333333,0
2023,002014,ATL,STINT,Drake Porter,G,3,23,2,0,0,0,4,0,0,0,0,0,0,0,0,124,21,96,16,3,27,0,3,3,0,0,0,19,46,0.291729323308,0.148076923077,0.0540228463029,0.49674796748,0.539982425308,,,,0.0869565217391,-0.757474535032,,0,0,,,,,0,,0.413043478261,0.372093023256,1,-5.83919156415,0.938775510204,0.0612244897959,0,1.33333333333,0
2023,002015,ALL,SEASON,Logan Wisnauskas,A,10,312,17,0,0,3,18,1,54,53,1,11,0,33,1,354,43,229,0,0,0,0,0,0,54,11,11,0,0,0.291729323308,0.148076923077,0.0540228463029,0.49674796748,0.539982425308,0.203703703704,0.611111111111,0.203703703704,0.0544871794872,-0.144871953483,-4.75780798149,0.152542372881,0.0232558139535,0.0185185185185,0,-0.296153846154,,0,,,,,,,,0.3,1.8,0.1
2023,002015,CHR,STINT,Logan Wisnauskas,A,10,312,17,0,0,3,18,1,54,53,1,11,0,33,1,354,43,229,0,0,0,0,0,0,54,11,11,0,0,0.291729323308,0.148076923077,0.0540228463029,0.49674796748,0.539982425308,0.203703703704,0.611111111111,0.203703703704,0.0544871794872,-0.144871953483,-4.75780798149,0.152542372881,0.0232558139535,0.0185185185185,0,-0.296153846154,,0,,,,,,,,0.3,1.8,0.1
2023,002016,ALL,SEASON,Chris Gray,A,11,375,25,0,0,1,16,0,81,76,5,20,2,52,2,444,68,317,0,0,0,0,0,0,81,22,24,0,0,0.291729323308,0.148076923077,0.0540228463029,0.49674796748,0.539982425308,0.271604938272,0.641975308642,0.296296296296,0.0666666666667,-4.7414326364,0.347802197802,0.182432432432,0.0735294117647,0.0617283950617,0.4,2.51923076923,,0,,,,,,,,0.0909090909091,1.45454545455,0
2023,002016,ATL,STINT,Chris Gray,A,11,375,25,0,0,1,16,0,81,76,5,20,2,52,2,444,68,317,0,0,0,0,0,0,81,22,24,0,0,0.291729323308,0.148076923077,0.0540228463029,0.49674796748,0.539982425308,0.271604938272,0.641975308642,0.296296296296,0.0666666666667,-4.7414326364,0.347802197802,0.182432432432,0.0735294117647,0.0617283950617,0.4,2.51923076923,,0,,,,,,,,0.0909090909091,1.45454545455,0
2023,002017,ALL,SEASON,Arden Cohen,D,12,71,7,0,0,9,16,0,1,0,1,0,1,1,0,514,67,306,0,0,0,0,0,0,1,1,2,0,0,0.291729323308,0.148076923077,0.0540228463029,0.49674796748,0.539982425308,1,1,2,0.0985915492958,-3.16437791249,1.70384615385,0.00194552529183,0.0149253731343,1,1,1.70384615385,,0,,,,,,,,0.75,1.33333333333,0
2023,002017,RED,STINT,Arden Cohen,D,12,71,7,0,0,9,16,0,1,0,1,0,1,1,0,514,67,306,0,0,0,0,0,0,1,1,2,0,0,0.291729323308,0.148076923077,0.0540228463029,0.49674796748,0.539982425308,1,1,2,0.0985915492958,-3.16437791249,1.70384615385,0.00194552529183,0.0149253731343,1,1,1.70384615385,,0,,,,,,,,0.75,1.33333333333,0
2023,002018,ALL,SEASON,Matt Moore,A,10,225,12,0,0,1,17,1,57,50,7,11,0,36,3,450,55,266,0,0,0,0,0,0,57,11,11,0,0,0.291729323308,0.148076923077,0.0540228463029,0.49674796748,0.539982425308,0.19298245614,0.631578947368,0.19298245614,0.0533333333333,0.155140418162,-5.65954308849,0.126666666667,0.127272727273,0.122807017544,0,-2.07307692308,,0,,,,,,,,0.1,1.7,0.1
2023,002018,ARC,STINT,Matt Moore,A,10,225,12,0,0,1,17,1,57,50,7,11,0,36,3,450,55,266,0,0,0,0,0,0,57,11,11,0,0,0.291729323308,0.148076923077,0.0540228463029,0.49674796748,0.539982425308,0.19298245614,0.631578947368,0.19298245614,0.0533333333333,0.155140418162,-5.65954308849,0.126666666667,0.127272727273,0.122807017544,0,-2.07307692308,,0,,,,,,,,0.1,1.7,0.1
2023,002019,ALL,SEASON,Koby Smith,LSM,3,12,2,0,0,2,3,1,5,1,4,0,1,2,0,119,20,81,0,0,0,0,0,0,5,1,2,0,0,0.291729323308,0.148076923077,0.0540228463029,0.49674796748,0.539982425308,0.2,0.4,0.4,0.166666666667,-1.35172584436,0.523655292076,0.0420168067227,0.2,0.8,0.25,0.815384615385,,0,,,,,,,,0.666666666667,1,0.333333333333
2023,002019,ATL,STINT,Koby Smith,LSM,3,12,2,0,0,2,3,1,5,1,4,0,1,2,0,119,20,81,0,0,0,0,0,0,5,1,2,0,0,0.291729323308,0.148076923077,0.0540228463029,0.49674796748,0.539982425308,0.2,0.4,0.4,0.166666666667,-1.35172584436,0.523655292076,0.0420168067227,0.2,0.8,0.25,0.815384615385,,0,,,,,,,,0.666666666667,1,0.333333333333
2023,002020,ALL,SEASON,Brett Kennedy,LSM,3,23,3,0,0,4,7,1,0,0,0,0,0,0,0,129,16,95,0,0,0,0,0,0,0,0,0,0,0,0.291729323308,0.148076923077,0.0540228463029,0.49674796748,0.539982425308,,,,0.130434782609,-1.75747453503,,0,0,,,,,0,,,,,,,,1.33333333333,2.33333333333,0.333333333333
2023,002020,WHP,STINT,Brett Kennedy,LSM,3,23,3,0,0,4,7,1,0,0,0,0,0,0,0,129,16,95,0,0,0,0,0,0,0,0,0,0,0,0.291729323308,0.148076923077,0.0540228463029,0.49674796748,0.539982425308,,,,0.130434782609,-1.75747453503,,0,0,,,,,0,,,,,,,,1.33333333333,2.33333333333,0.333333333333
2023,002021,ALL,SEASON,Roman Puglise,SSDM,10,69,4,0,0,3,11,1,9,4,5,1,2,4,0,420,74,272,0,0,0,0,0,0,9,3,5,0,0,0.291729323308,0.148076923077,0.0540228463029,0.49674796748,0.539982425308,0.333333333333,0.444444444444,0.555555555556,0.0579710144928,-0.272423605097,2.352313476,0.0214285714286,0.0675675675676,0.555555555556,0.4,2.51923076923,,0,,,,,,,,0.3,1.1,0.1
2023,002021,WHP,STINT,Roman Puglise,SSDM,10,69,4,0,0,3,11,1,9,4,5,1,2,4,0,420,74,272,0,0,0,0,0,0,9,3,5,0,0,0.291729323308,0.148076923077,0.0540228463029,0.49674796748,0.539982425308,0.333333333333,0.444444444444,0.555555555556,0.0579710144928,-0.272423605097,2.352313476,0.0214285714286,0.0675675675676,0.555555555556,0.4,2.51923076923,,0,,,,,,,,0.3,1.1,0.1
2023,002022,ALL,SEASON,Zach Geddes,SSDM,11,82,3,0,0,5,19,3,10,7,3,3,0,6,0,452,57,285,0,0,0,0,0,0,10,3,3,0,0,0.291729323308,0.148076923077,0.0540228463029,0.49674796748,0.539982425308,0.3,0.6,0.3,0.0365853658537,1.42987339684,0.0694331983806,0.0221238938053,0.0526315789474,0.3,0,-0.888461538462,,0,,,,,,,,0.454545454545,1.72727272727,0.272727272727
2023,002022,CHA,STINT,Zach Geddes,SSDM,11,82,3,0,0,5,19,3,10,7,3,3,0,6,0,452,57,285,0,0,0,0,0,0,10,3,3,0,0,0.291729323308,0.148076923077,0.0540228463029,0.49674796748,0.539982425308,0.3,0.6,0.3,0.0365853658537,1.42987339684,0.0694331983806,0.0221238938053,0.0526315789474,0.3,0,-0.888461538462,,0,,,,,,,,0.454545454545,1.72727272727,0.272727272727
2023,002023,ALL,SEASON,Brendan Nichtern,A,2,72,11,0,0,1,1,2,7,7,0,1,0,4,0,62,7,42,0,0,0,0,0,0,7,1,1,0,0,0.291729323308,0.148076923077,0.0540228463029,0.49674796748,0.539982425308,0.142857142857,0.571428571429,0.142857142857,0.152777777778,-7.11035506619,-1.04210526316,0.112903225806,0,0,,,,0,,,,,,,,0.5,0.5,1
2023,002023,CHR,STINT,Brendan Nichtern,A,2,72,11,0,0,1,1,2,7,7,0,1,0,4,0,62,7,42,0,0,0,0,0,0,7,1,1,0,0,0.291729323308,0.148076923077,0.0540228463029,0.49674796748,0.539982425308,0.142857142857,0.571428571429,0.142857142857,0.152777777778,-7.11035506619,-1.04210526316,0.112903225806,0,0,,,,0,,,,,,,,0.5,0.5,1
2023,002024,ALL,SEASON,Asher Nolting,A,12,389,21,0,0,1,18,5,72,72,0,25,0,54,3,497,66,341,0,0,0,0,0,0,72,25,25,0,0,0.291729323308,0.148076923077,0.0540228463029,0.49674796748,0.539982425308,0.347222222222,0.75,0.347222222222,0.0539845758355,0.0148872118438,3.9954887218,0.144869215292,0,0,,,,0,,,,,,,,0.0833333333333,1.5,0.416666666667
2023,002024,CAN,STINT,Asher Nolting,A,12,389,21,0,0,1,18,5,72,72,0,25,0,54,3,497,66,341,0,0,0,0,0,0,72,25,25,0,0,0.291729323308,0.148076923077,0.0540228463029,0.49674796748,0.539982425308,0.347222222222,0.75,0.347222222222,0.0539845758355,0.0148872118438,3.9954887218,0.144869215292,0,0,,,,0,,,,,,,,0.0833333333333,1.5,0.416666666667
2023,002025,ALL,SEASON,Bubba Fairman,SSDM,12,99,2,1,0,16,14,3,5,5,0,0,0,3,1,497,66,341,0,0,0,0,0,0,5,0,0,0,0,0.291729323308,0.148076923077,0.0540228463029,0.49674796748,0.539982425308,0,0.6,0,0.020202020202,3.34826178399,-1.45864661654,0.010060362173,0,0,,,0,0.00293255131965,-0.49674796748,,,,,,,1.33333333333,1.16666666667,0.25
2023,002025,CAN,STINT,Bubba Fairman,SSDM,12,99,2,1,0,16,14,3,5,5,0,0,0,3,1,497,66,341,0,0,0,0,0,0,5,0,0,0,0,0.291729323308,0.148076923077,0.0540228463029,0.49674796748,0.539982425308,0,0.6,0,0.020202020202,3.34826178399,-1.45864661654,0.010060362173,0,0,,,0,0.00293255131965,-0.49674796748,,,,,,,1.33333333333,1.16666666667,0.25
2023,002026,ALL,SEASON,Brett Dobson,G,12,163,1,0,0,3,29,1,0,0,0,0,0,0,0,553,76,322,133,26,98,9,12,36,0,0,0,159,266,0.291729323308,0.148076923077,0.0540228463029,0.49674796748,0.539982425308,,,,0.00613496932515,7.80572394738,,0,0,,,,,0,,0.597744360902,0.575757575758,0.742857142857,15.3646748682,0.956834532374,0.129496402878,0.25,2.41666666667,0.0833333333333
2023,002026,ARC,STINT,Brett Dobson,G,12,163,1,0,0,3,29,1,0,0,0,0,0,0,0,553,76,322,133,26,98,9,12,36,0,0,0,159,266,0.291729323308,0.148076923077,0.0540228463029,0.49674796748,0.539982425308,,,,0.00613496932515,7.80572394738,,0,0,,,,,0,,0.597744360902,0.575757575758,0.742857142857,15.3646748682,0.956834532374,0.129496402878,0.25,2.41666666667,0.0833333333333
2023,002027,ALL,SEASON,Brendan Curry,M,9,93,4,0,0,0,5,0,18,17,1,5,0,10,0,371,57,265,0,0,0,0,0,0,18,5,5,0,0,0.291729323308,0.148076923077,0.0540228463029,0.49674796748,0.539982425308,0.277777777778,0.555555555556,0.277777777778,0.0430107526882,1.02412470617,-0.255552342394,0.0485175202156,0.0175438596491,0.0555555555556,0,-0.296153846154,,0,,,,,,,,0,0.555555555556,0
2023,002027,ATL,STINT,Brendan Curry,M,9,93,4,0,0,0,5,0,18,17,1,5,0,10,0,371,57,265,0,0,0,0,0,0,18,5,5,0,0,0.291729323308,0.148076923077,0.0540228463029,0.49674796748,0.539982425308,0.277777777778,0.555555555556,0.277777777778,0.0430107526882,1.02412470617,-0.255552342394,0.0485175202156,0.0175438596491,0.0555555555556,0,-0.296153846154,,0,,,,,,,,0,0.555555555556,0
2023,002028,ALL,SEASON,Jack Hannah,M,10,189,9,0,0,1,9,1,57,52,5,10,3,30,5,450,46,276,0,0,0,0,0,0,57,13,16,0,0,0.291729323308,0.148076923077,0.0540228463029,0.49674796748,0.539982425308,0.228070175439,0.526315789474,0.280701754386,0.047619047619,1.21031795126,-0.650694042799,0.126666666667,0.108695652174,0.0877192982456,0.6,4.51923076923,,0,,,,,,,,0.1,0.9,0.1
2023,002028,WAT,STINT,Jack Hannah,M,10,189,9,0,0,1,9,1,57,52,5,10,3,30,5,450,46,276,0,0,0,0,0,0,57,13,16,0,0,0.291729323308,0.148076923077,0.0540228463029,0.49674796748,0.539982425308,0.228070175439,0.526315789474,0.280701754386,0.047619047619,1.21031795126,-0.650694042799,0.126666666667,0.108695652174,0.0877192982456,0.6,4.51923076923,,0,,,,,,,,0.1,0.9,0.1
2023,002030,ALL,SEASON,Jonathan Donville,M,12,234,7,0,0,1,10,1,44,44,0,17,0,34,3,497,66,341,0,0,0,0,0,0,44,17,17,0,0,0.291729323308,0.148076923077,0.0540228463029,0.49674796748,0.539982425308,0.386363636364,0.772727272727,0.386363636364,0.0299145299145,5.64134603489,4.16390977444,0.0885311871227,0,0,,,,0,,,,,,,,0.0833333333333,0.833333333333,0.0833333333333
2023,002030,CAN,STINT,Jonathan Donville,M,12,234,7,0,0,1,10,1,44,44,0,17,0,34,3,497,66,341,0,0,0,0,0,0,44,17,17,0,0,0.291729323308,0.148076923077,0.0540228463029,0.49674796748,0.539982425308,0.386363636364,0.772727272727,0.386363636364,0.0299145299145,5.64134603489,4.16390977444,0.0885311871227,0,0,,,,0,,,,,,,,0.0833333333333,0.833333333333,0.0833333333333
2023,002033,ALL,SEASON,Nakeie Montgomery,M,10,132,9,0,0,1,17,0,31,25,6,2,1,19,1,423,52,258,0,0,0,0,0,0,31,3,4,0,0,0.291729323308,0.148076923077,0.0540228463029,0.49674796748,0.539982425308,0.0967741935484,0.612903225806,0.129032258065,0.0681818181818,-1.86898428801,-5.07015615963,0.0732860520095,0.115384615385,0.193548387097,0.166666666667,0.223076923077,,0,,,,,,,,0.1,1.7,0
2023,002033,RED,STINT,Nakeie Montgomery,M,10,132,9,0,0,1,17,0,31,25,6,2,1,19,1,423,52,258,0,0,0,0,0,0,31,3,4,0,0,0.291729323308,0.148076923077,0.0540228463029,0.49674796748,0.539982425308,0.0967741935484,0.612903225806,0.129032258065,0.0681818181818,-1.86898428801,-5.07015615963,0.0732860520095,0.115384615385,0.193548387097,0.166666666667,0.223076923077,,0,,,,,,,,0.1,1.7,0
2023,002034,ALL,SEASON,Keegan Khan,M,8,87,2,0,0,0,4,0,14,14,0,5,0,10,0,340,53,217,0,0,0,0,0,0,14,5,5,0,0,0.291729323308,0.148076923077,0.0540228463029,0.49674796748,0.539982425308,0.357142857143,0.714285714286,0.357142857143,0.0229885057471,2.69998762836,0.915789473684,0.0411764705882,0,0,,,,0,,,,,,,,0,0.5,0
2023,002034,WHP,STINT,Keegan Khan,M,8,87,2,0,0,0,4,0,14,14,0,5,0,10,0,340,53,217,0,0,0,0,0,0,14,5,5,0,0,0.291729323308,0.148076923077,0.0540228463029,0.49674796748,0.539982425308,0.357142857143,0.714285714286,0.357142857143,0.0229885057471,2.69998762836,0.915789473684,0.0411764705882,0,0,,,,0,,,,,,,,0,0.5,0
2023,002035,ALL,SEASON,Max Wayne,D,9,57,4,0,0,8,26,4,0,0,0,0,0,0,0,365,48,250,0,0,0,0,0,0,0,0,0,0,0,0.291729323308,0.148076923077,0.0540228463029,0.49674796748,0.539982425308,,,,0.0701754385965,-0.920697760732,,0,0,,,,,0,,,,,,,,0.888888888889,2.88888888889,0.444444444444
2023,002035,CAN,STINT,Max Wayne,D,9,57,4,0,0,8,26,4,0,0,0,0,0,0,0,365,48,250,0,0,0,0,0,0,0,0,0,0,0,0.291729323308,0.148076923077,0.0540228463029,0.49674796748,0.539982425308,,,,0.0701754385965,-0.920697760732,,0,0,,,,,0,,,,,,,,0.888888888889,2.88888888889,0.444444444444
2023,002036,ALL,SEASON,Jake Higgins,SSDM,11,63,6,0,0,9,13,1,4,3,1,2,0,3,0,471,51,296,0,0,0,0,0,0,4,2,2,0,0,0.291729323308,0.148076923077,0.0540228463029,0.49674796748,0.539982425308,0.5,0.75,0.5,0.0952380952381,-2.59656068291,0.828658183921,0.00849256900212,0.0196078431373,0.25,0,-0.296153846154,,0,,,,,,,,0.818181818182,1.18181818182,0.0909090909091
2023,002036,WAT,STINT,Jake Higgins,SSDM,11,63,6,0,0,9,13,1,4,3,1,2,0,3,0,471,51,296,0,0,0,0,0,0,4,2,2,0,0,0.291729323308,0.148076923077,0.0540228463029,0.49674796748,0.539982425308,0.5,0.75,0.5,0.0952380952381,-2.59656068291,0.828658183921,0.00849256900212,0.0196078431373,0.25,0,-0.296153846154,,0,,,,,,,,0.818181818182,1.18181818182,0.0909090909091
2023,002038,ALL,SEASON,Colin Kirst,G,11,202,9,0,0,1,24,0,0,0,0,0,0,0,0,456,59,314,118,21,108,6,12,27,0,0,0,139,253,0.291729323308,0.148076923077,0.0540228463029,0.49674796748,0.539982425308,,,,0.0445544554455,1.91261495319,,0,0,,,,,0,,0.549407114625,0.522123893805,0.777777777778,2.38444639719,0.954716981132,0.101886792453,0.0909090909091,2.18181818182,0
2023,002038,CAN,STINT,Colin Kirst,G,11,202,9,0,0,1,24,0,0,0,0,0,0,0,0,456,59,314,118,21,108,6,12,27,0,0,0,139,253,0.291729323308,0.148076923077,0.0540228463029,0.49674796748,0.539982425308,,,,0.0445544554455,1.91261495319,,0,0,,,,,0,,0.549407114625,0.522123893805,0.777777777778,2.38444639719,0.954716981132,0.101886792453,0.0909090909091,2.18181818182,0
2023,002039,ALL,SEASON,Owen McElroy,G,4,22,1,0,0,0,6,0,0,0,0,0,0,0,0,149,20,96,12,1,13,0,3,1,0,0,0,13,26,0.291729323308,0.148076923077,0.0540228463029,0.49674796748,0.539982425308,,,,0.0454545454545,0.188502618665,,0,0,,,,,0,,0.5,0.48,1,-1.039543058,0.896551724138,0.0344827586207,0,1.5,0
2023,002039,CHR,STINT,Owen McElroy,G,4,22,1,0,0,0,6,0,0,0,0,0,0,0,0,149,20,96,12,1,13,0,3,1,0,0,0,13,26,0.291729323308,0.148076923077,0.0540228463029,0.49674796748,0.539982425308,,,,0.0454545454545,0.188502618665,,0,0,,,,,0,,0.5,0.48,1,-1.039543058,0.896551724138,0.0344827586207,0,1.5,0
2023,002040,ALL,SEASON,Jackson Reid,M,2,16,2,0,0,0,0,0,4,4,0,0,0,4,1,87,14,57,0,0,0,0,0,0,4,0,0,0,0,0.291729323308,0.148076923077,0.0540228463029,0.49674796748,0.539982425308,0,1,0,0.125,-1.13563445915,-1.16691729323,0.0459770114943,0,0,,,,0,,,,,,,,0,0,0
2023,002040,WHP,STINT,Jackson Reid,M,2,16,2,0,0,0,0,0,4,4,0,0,0,4,1,87,14,57,0,0,0,0,0,0,4,0,0,0,0,0.291729323308,0.148076923077,0.0540228463029,0.49674796748,0.539982425308,0,1,0,0.125,-1.13563445915,-1.16691729323,0.0459770114943,0,0,,,,0,,,,,,,,0,0,0
2023,002042,ALL,SEASON,Jon Robbins,LSM,6,27,1,0,0,5,7,0,3,3,0,1,0,2,0,279,29,165,0,0,0,0,0,0,3,1,1,0,0,0.291729323308,0.148076923077,0.0540228463029,0.49674796748,0.539982425308,0.333333333333,0.666666666667,0.333333333333,0.037037037037,0.458616850179,0.124812030075,0.010752688172,0,0,,,,0,,,,,,,,0.833333333333,1.16666666667,0
2023,002042,ARC,STINT,Jon Robbins,LSM,6,27,1,0,0,5,7,0,3,3,0,1,0,2,0,279,29,165,0,0,0,0,0,0,3,1,1,0,0,0.291729323308,0.148076923077,0.0540228463029,0.49674796748,0.539982425308,0.333333333333,0.666666666667,0.333333333333,0.037037037037,0.458616850179,0.124812030075,0.010752688172,0,0,,,,0,,,,,,,,0.833333333333,1.16666666667,0
2023,002043,ALL,SEASON,Ryan Aughavin,M,6,71,1,0,0,0,4,0,18,13,5,3,2,10,2,272,47,158,0,0,0,0,0,0,18,5,7,0,0,0.291729323308,0.148076923077,0.0540228463029,0.49674796748,0.539982425308,0.277777777778,0.555555555556,0.388888888889,0.0140845070423,2.83562208751,1.72674956622,0.0661764705882,0.106382978723,0.277777777778,0.4,2.51923076923,,0,,,,,,,,0,0.666666666667,0
2023,002043,ARC,STINT,Ryan Aughavin,M,6,71,1,0,0,0,4,0,18,13,5,3,2,10,2,272,47,158,0,0,0,0,0,0,18,5,7,0,0,0.291729323308,0.148076923077,0.0540228463029,0.49674796748,0.539982425308,0.277777777778,0.555555555556,0.388888888889,0.0140845070423,2.83562208751,1.72674956622,0.0661764705882,0.106382978723,0.277777777778,0.4,2.51923076923,,0,,,,,,,,0,0.666666666667,0
2023,002046,ALL,SEASON,Kevin Lindley,A,2,22,1,0,0,0,2,0,4,4,0,1,0,2,1,79,11,48,0,0,0,0,0,0,4,1,1,0,0,0.291729323308,0.148076923077,0.0540228463029,0.49674796748,0.539982425308,0.25,0.5,0.25,0.0454545454545,0.188502618665,-0.166917293233,0.0506329113924,0,0,,,,0,,,,,,,,0,1,0
2023,002046,CHA,STINT,Kevin Lindley,A,2,22,1,0,0,0,2,0,4,4,0,1,0,2,1,79,11,48,0,0,0,0,0,0,4,1,1,0,0,0.291729323308,0.148076923077,0.0540228463029,0.49674796748,0.539982425308,0.25,0.5,0.25,0.0454545454545,0.188502618665,-0.166917293233,0.0506329113924,0,0,,,,0,,,,,,,,0,1,0
2023,002049,ALL,SEASON,Marc O'Rourke,M,5,66,4,0,0,0,1,0,14,12,2,2,0,8,1,231,39,150,0,0,0,0,0,0,14,2,2,0,0,0.291729323308,0.148076923077,0.0540228463029,0.49674796748,0.539982425308,0.142857142857,0.571428571429,0.142857142857,0.0606060606061,-0.434492144006,-2.09305957201,0.0606060606061,0.0512820512821,0.142857142857,0,-0.592307692308,,0,,,,,,,,0,0.2,0
2023,002049,ATL,STINT,Marc O'Rourke,M,5,66,4,0,0,0,1,0,14,12,2,2,0,8,1,231,39,150,0,0,0,0,0,0,14,2,2,0,0,0.291729323308,0.148076923077,0.0540228463029,0.49674796748,0.539982425308,0.142857142857,0.571428571429,0.142857142857,0.0606060606061,-0.434492144006,-2.09305957201,0.0606060606061,0.0512820512821,0.142857142857,0,-0.592307692308,,0,,,,,,,,0,0.2,0
2023,002051,ALL,SEASON,Connor DeSimone,A,2,28,1,0,0,0,1,0,7,7,0,1,0,5,0,98,4,54,0,0,0,0,0,0,7,1,1,0,0,0.291729323308,0.148076923077,0.0540228463029,0.49674796748,0.539982425308,0.142857142857,0.714285714286,0.142857142857,0.0357142857143,0.512639696482,-1.04210526316,0.0714285714286,0,0,,,,0,,,,,,,,0,0.5,0
2023,002051,ARC,STINT,Connor DeSimone,A,2,28,1,0,0,0,1,0,7,7,0,1,0,5,0,98,4,54,0,0,0,0,0,0,7,1,1,0,0,0.291729323308,0.148076923077,0.0540228463029,0.49674796748,0.539982425308,0.142857142857,0.714285714286,0.142857142857,0.0357142857143,0.512639696482,-1.04210526316,0.0714285714286,0,0,,,,0,,,,,,,,0,0.5,0
2023,002054,ALL,SEASON,Chris Merle,SSDM,8,54,4,0,0,3,15,1,2,2,0,1,0,2,1,357,47,204,0,0,0,0,0,0,2,1,1,0,0,0.291729323308,0.148076923077,0.0540228463029,0.49674796748,0.539982425308,0.5,1,0.5,0.0740740740741,-1.08276629964,0.416541353383,0.00560224089636,0,0,,,,0,,,,,,,,0.375,1.875,0.125
2023,002054,RED,STINT,Chris Merle,SSDM,8,54,4,0,0,3,15,1,2,2,0,1,0,2,1,357,47,204,0,0,0,0,0,0,2,1,1,0,0,0.291729323308,0.148076923077,0.0540228463029,0.49674796748,0.539982425308,0.5,1,0.5,0.0740740740741,-1.08276629964,0.416541353383,0.00560224089636,0,0,,,,0,,,,,,,,0.375,1.875,0.125
2023,002056,ALL,SEASON,Matt Rahill,D,1,2,0,0,0,0,1,0,0,0,0,0,0,0,0,45,5,32,0,0,0,0,0,0,0,0,0,0,0,0.291729323308,0.148076923077,0.0540228463029,0.49674796748,0.539982425308,,,,0,0.108045692606,,0,0,,,,,0,,,,,,,,0,1,0
2023,002056,WHP,STINT,Matt Rahill,D,1,2,0,0,0,0,1,0,0,0,0,0,0,0,0,45,5,32,0,0,0,0,0,0,0,0,0,0,0,0.291729323308,0.148076923077,0.0540228463029,0.49674796748,0.539982425308,,,,0,0.108045692606,,0,0,,,,,0,,,,,,,,0,1,0
2023,002059,ALL,SEASON,Brendan Krebs,G,4,72,2,0,0,1,11,0,0,0,0,0,0,0,0,171,29,105,47,8,41,3,5,11,0,0,0,55,99,0.291729323308,0.148076923077,0.0540228463029,0.49674796748,0.539982425308,,,,0.0277777777778,1.88964493381,,0,0,,,,,0,,0.555555555556,0.534090909091,0.727272727273,1.54173989455,0.951923076923,0.105769230769,0.25,2.75,0
2023,002059,WHP,STINT,Brendan Krebs,G,4,72,2,0,0,1,11,0,0,0,0,0,0,0,0,171,29,105,47,8,41,3,5,11,0,0,0,55,99,0.291729323308,0.148076923077,0.0540228463029,0.49674796748,0.539982425308,,,,0.0277777777778,1.88964493381,,0,0,,,,,0,,0.555555555556,0.534090909091,0.727272727273,1.54173989455,0.951923076923,0.105769230769,0.25,2.75,0
2023,002063,ALL,SEASON,Ryan Kennedy,LSM,11,33,3,6,0,4,12,0,3,2,1,1,0,3,0,471,57,276,0,0,0,0,0,0,3,1,1,0,0,0.291729323308,0.148076923077,0.0540228463029,0.49674796748,0.539982425308,0.333333333333,1,0.333333333333,0.0909090909091,-1.217246072,0.12038750723,0.00636942675159,0.0175438596491,0.333333333333,0,-0.296153846154,0,0.0217391304348,-2.98048780488,,,,,,,0.363636363636,1.09090909091,0
2023,002063,RED,STINT,Ryan Kennedy,LSM,11,33,3,6,0,4,12,0,3,2,1,1,0,3,0,471,57,276,0,0,0,0,0,0,3,1,1,0,0,0.291729323308,0.148076923077,0.0540228463029,0.49674796748,0.539982425308,0.333333333333,1,0.333333333333,0.0909090909091,-1.217246072,0.12038750723,0.00636942675159,0.0175438596491,0.333333333333,0,-0.296153846154,0,0.0217391304348,-2.98048780488,,,,,,,0.363636363636,1.09090909091,0
2023,002065,ALL,SEASON,Anthony DeMaio,M,4,49,0,0,0,0,1,0,13,12,1,1,0,8,0,154,15,94,0,0,0,0,0,0,13,1,1,0,0,0.291729323308,0.148076923077,0.0540228463029,0.49674796748,0.539982425308,0.0769230769231,0.615384615385,0.0769230769231,0,2.64711946884,-2.79690572585,0.0844155844156,0.0666666666667,0.0769230769231,0,-0.296153846154,,0,,,,,,,,0,0.25,0
2023,002065,RED,STINT,Anthony DeMaio,M,4,49,0,0,0,0,1,0,13,12,1,1,0,8,0,154,15,94,0,0,0,0,0,0,13,1,1,0,0,0.291729323308,0.148076923077,0.0540228463029,0.49674796748,0.539982425308,0.0769230769231,0.615384615385,0.0769230769231,0,2.64711946884,-2.79690572585,0.0844155844156,0.0666666666667,0.0769230769231,0,-0.296153846154,,0,,,,,,,,0,0.25,0
2023,002067,ALL,SEASON,Zac Tucci,FO,1,3,1,14,4,1,3,0,1,1,0,0,0,1,0,42,6,18,0,0,0,0,0,0,1,0,0,0,0,0.291729323308,0.148076923077,0.0540228463029,0.49674796748,0.539982425308,0,1,0,0.333333333333,-0.837931461091,-0.291729323308,0.0238095238095,0,0,,,0.285714285714,0.777777777778,-2.95447154472,,,,,,,1,3,0
2023,002067,WAT,STINT,Zac Tucci,FO,1,3,1,14,4,1,3,0,1,1,0,0,0,1,0,42,6,18,0,0,0,0,0,0,1,0,0,0,0,0.291729323308,0.148076923077,0.0540228463029,0.49674796748,0.539982425308,0,1,0,0.333333333333,-0.837931461091,-0.291729323308,0.0238095238095,0,0,,,0.285714285714,0.777777777778,-2.95447154472,,,,,,,1,3,0
2023,002074,ALL,SEASON,Alexander Smith,SSDM,10,58,2,0,0,2,11,3,1,1,0,0,0,1,0,354,43,229,0,0,0,0,0,0,1,0,0,0,0,0.291729323308,0.148076923077,0.0540228463029,0.49674796748,0.539982425308,0,1,0,0.0344827586207,1.13332508557,-0.291729323308,0.00282485875706,0,0,,,,0,,,,,,,,0.2,1.1,0.3
2023,002074,CHR,STINT,Alexander Smith,SSDM,10,58,2,0,0,2,11,3,1,1,0,0,0,1,0,354,43,229,0,0,0,0,0,0,1,0,0,0,0,0.291729323308,0.148076923077,0.0540228463029,0.49674796748,0.539982425308,0,1,0,0.0344827586207,1.13332508557,-0.291729323308,0.00282485875706,0,0,,,,0,,,,,,,,0.2,1.1,0.3
2023,003003,ALL,SEASON,Sean Lulley,M,1,31,2,0,0,0,2,0,5,5,0,0,0,4,2,47,6,27,0,0,0,0,0,0,5,0,0,0,0,0.291729323308,0.148076923077,0.0540228463029,0.49674796748,0.539982425308,0,0.8,0,0.0645161290323,-0.325291764609,-1.45864661654,0.106382978723,0,0,,,,0,,,,,,,,0,2,0
2023,003003,WHP,STINT,Sean Lulley,M,1,31,2,0,0,0,2,0,5,5,0,0,0,4,2,47,6,27,0,0,0,0,0,0,5,0,0,0,0,0.291729323308,0.148076923077,0.0540228463029,0.49674796748,0.539982425308,0,0.8,0,0.0645161290323,-0.325291764609,-1.45864661654,0.106382978723,0,0,,,,0,,,,,,,,0,2,0
2023,003004,ALL,SEASON,Mike Sisselberger,FO,12,122,23,302,201,1,134,0,15,14,1,4,0,10,0,553,76,322,0,0,0,0,0,0,15,4,4,0,0,0.291729323308,0.148076923077,0.0540228463029,0.49674796748,0.539982425308,0.266666666667,0.666666666667,0.266666666667,0.188524590164,-16.409212751,-0.38036437247,0.0271247739602,0.0131578947368,0.0666666666667,0,-0.296153846154,0.665562913907,0.937888198758,50.9821138211,,,,,,,0.0833333333333,11.1666666667,0
2023,003004,ARC,STINT,Mike Sisselberger,FO,12,122,23,302,201,1,134,0,15,14,1,4,0,10,0,553,76,322,0,0,0,0,0,0,15,4,4,0,0,0.291729323308,0.148076923077,0.0540228463029,0.49674796748,0.539982425308,0.266666666667,0.666666666667,0.266666666667,0.188524590164,-16.409212751,-0.38036437247,0.0271247739602,0.0131578947368,0.0666666666667,0,-0.296153846154,0.665562913907,0.937888198758,50.9821138211,,,,,,,0.0833333333333,11.1666666667,0
2023,003005,ALL,SEASON,Connor Maher,SSDM,12,75,4,0,0,4,18,1,10,10,0,5,0,8,0,553,76,322,0,0,0,0,0,0,10,5,5,0,0,0.291729323308,0.148076923077,0.0540228463029,0.49674796748,0.539982425308,0.5,0.8,0.5,0.0533333333333,0.0517134727205,2.08270676692,0.0180831826401,0,0,,,,0,,,,,,,,0.333333333333,1.5,0.0833333333333
2023,003005,ARC,STINT,Connor Maher,SSDM,12,75,4,0,0,4,18,1,10,10,0,5,0,8,0,553,76,322,0,0,0,0,0,0,10,5,5,0,0,0.291729323308,0.148076923077,0.0540228463029,0.49674796748,0.539982425308,0.5,0.8,0.5,0.0533333333333,0.0517134727205,2.08270676692,0.0180831826401,0,0,,,,0,,,,,,,,0.333333333333,1.5,0.0833333333333
2023,003006,ALL,SEASON,Piper Bond,SSDM,12,128,7,0,0,5,19,2,9,7,2,0,0,4,0,553,76,322,0,0,0,0,0,0,9,0,0,0,0,0.291729323308,0.148076923077,0.0540228463029,0.49674796748,0.539982425308,0,0.444444444444,0,0.0546875,-0.0850756732236,-2.63441295547,0.0162748643761,0.0263157894737,0.222222222222,0,-0.592307692308,,0,,,,,,,,0.416666666667,1.58333333333,0.166666666667
2023,003006,ARC,STINT,Piper Bond,SSDM,12,128,7,0,0,5,19,2,9,7,2,0,0,4,0,553,76,322,0,0,0,0,0,0,9,0,0,0,0,0.291729323308,0.148076923077,0.0540228463029,0.49674796748,0.539982425308,0,0.444444444444,0,0.0546875,-0.0850756732236,-2.63441295547,0.0162748643761,0.0263157894737,0.222222222222,0,-0.592307692308,,0,,,,,,,,0.416666666667,1.58333333333,0.166666666667
2023,003007,ALL,SEASON,Cam Wyers,LSM,7,14,1,1,0,4,6,0,3,3,0,1,0,2,0,322,52,195,0,0,0,0,0,0,3,1,1,0,0,0.291729323308,0.148076923077,0.0540228463029,0.49674796748,0.539982425308,0.333333333333,0.666666666667,0.333333333333,0.0714285714286,-0.243680151759,0.124812030075,0.00931677018634,0,0,,,0,0.00512820512821,-0.49674796748,,,,,,,0.571428571429,0.857142857143,0
2023,003007,ARC,STINT,Cam Wyers,LSM,7,14,1,1,0,4,6,0,3,3,0,1,0,2,0,322,52,195,0,0,0,0,0,0,3,1,1,0,0,0.291729323308,0.148076923077,0.0540228463029,0.49674796748,0.539982425308,0.333333333333,0.666666666667,0.333333333333,0.0714285714286,-0.243680151759,0.124812030075,0.00931677018634,0,0,,,0,0.00512820512821,-0.49674796748,,,,,,,0.571428571429,0.857142857143,0
2023,003008,ALL,SEASON,Gavin Adler,D,8,57,1,0,0,11,11,0,1,1,0,1,0,1,0,331,57,238,0,0,0,0,0,0,1,1,1,0,0,0.291729323308,0.148076923077,0.0540228463029,0.49674796748,0.539982425308,1,1,1,0.0175438596491,2.07930223927,0.708270676692,0.00302114803625,0,0,,,,0,,,,,,,,1.375,1.375,0
2023,003008,ATL,STINT,Gavin Adler,D,8,57,1,0,0,11,11,0,1,1,0,1,0,1,0,331,57,238,0,0,0,0,0,0,1,1,1,0,0,0.291729323308,0.148076923077,0.0540228463029,0.49674796748,0.539982425308,1,1,1,0.0175438596491,2.07930223927,0.708270676692,0.00302114803625,0,0,,,,0,,,,,,,,1.375,1.375,0
2023,003009,ALL,SEASON,Brett Makar,LSM,11,90,4,0,0,7,45,3,3,0,3,0,0,1,0,444,68,317,0,0,0,0,0,0,3,0,0,0,0,0.291729323308,0.148076923077,0.0540228463029,0.49674796748,0.539982425308,0,0.333333333333,0,0.0444444444444,0.862056167265,-0.888461538462,0.00675675675676,0.0441176470588,1,0,-0.888461538462,,0,,,,,,,,0.636363636364,4.09090909091,0.272727272727
2023,003009,ATL,STINT,Brett Makar,LSM,11,90,4,0,0,7,45,3,3,0,3,0,0,1,0,444,68,317,0,0,0,0,0,0,3,0,0,0,0,0.291729323308,0.148076923077,0.0540228463029,0.49674796748,0.539982425308,0,0.333333333333,0,0.0444444444444,0.862056167265,-0.888461538462,0.00675675675676,0.0441176470588,1,0,-0.888461538462,,0,,,,,,,,0.636363636364,4.09090909091,0.272727272727
2023,003010,ALL,SEASON,Xander Dickson,M,11,213,19,0,0,4,16,1,46,46,0,19,0,31,0,444,68,317,0,0,0,0,0,0,46,19,19,0,0,0.291729323308,0.148076923077,0.0540228463029,0.49674796748,0.539982425308,0.413043478261,0.673913043478,0.413043478261,0.0892018779343,-7.49313373747,5.58045112782,0.103603603604,0,0,,,,0,,,,,,,,0.363636363636,1.45454545455,0.0909090909091
2023,003010,ATL,STINT,Xander Dickson,M,11,213,19,0,0,4,16,1,46,46,0,19,0,31,0,444,68,317,0,0,0,0,0,0,46,19,19,0,0,0.291729323308,0.148076923077,0.0540228463029,0.49674796748,0.539982425308,0.413043478261,0.673913043478,0.413043478261,0.0892018779343,-7.49313373747,5.58045112782,0.103603603604,0,0,,,,0,,,,,,,,0.363636363636,1.45454545455,0.0909090909091
2023,003013,ALL,SEASON,Matt Campbell,M,12,266,15,0,0,0,10,1,55,49,6,13,1,36,5,497,66,341,0,0,0,0,0,0,55,14,15,0,0,0.291729323308,0.148076923077,0.0540228463029,0.49674796748,0.539982425308,0.254545454545,0.654545454545,0.272727272727,0.0563909774436,-0.629922883418,-1.07165991903,0.110663983903,0.0909090909091,0.109090909091,0.166666666667,0.223076923077,,0,,,,,,,,0,0.833333333333,0.0833333333333
2023,003013,CAN,STINT,Matt Campbell,M,12,266,15,0,0,0,10,1,55,49,6,13,1,36,5,497,66,341,0,0,0,0,0,0,55,14,15,0,0,0.291729323308,0.148076923077,0.0540228463029,0.49674796748,0.539982425308,0.254545454545,0.654545454545,0.272727272727,0.0563909774436,-0.629922883418,-1.07165991903,0.110663983903,0.0909090909091,0.109090909091,0.166666666667,0.223076923077,,0,,,,,,,,0,0.833333333333,0.0833333333333
2023,003015,ALL,SEASON,Will Bowen,D,11,96,3,0,0,15,28,0,2,2,0,1,0,1,0,452,57,285,0,0,0,0,0,0,2,1,1,0,0,0.291729323308,0.148076923077,0.0540228463029,0.49674796748,0.539982425308,0.5,0.5,0.5,0.03125,2.18619324508,0.416541353383,0.00442477876106,0,0,,,,0,,,,,,,,1.36363636364,2.54545454545,0
2023,003015,CHA,STINT,Will Bowen,D,11,96,3,0,0,15,28,0,2,2,0,1,0,1,0,452,57,285,0,0,0,0,0,0,2,1,1,0,0,0.291729323308,0.148076923077,0.0540228463029,0.49674796748,0.539982425308,0.5,0.5,0.5,0.03125,2.18619324508,0.416541353383,0.00442477876106,0,0,,,,0,,,,,,,,1.36363636364,2.54545454545,0
2023,003016,ALL,SEASON,Brian Minicus,A,11,397,27,0,0,2,21,0,65,65,0,16,0,41,3,452,57,285,0,0,0,0,0,0,65,16,16,0,0,0.291729323308,0.148076923077,0.0540228463029,0.49674796748,0.539982425308,0.246153846154,0.630769230769,0.246153846154,0.0680100755668,-5.55293001773,-2.96240601504,0.143805309735,0,0,,,,0,,,,,,,,0.181818181818,1.90909090909,0
2023,003016,CHA,STINT,Brian Minicus,A,11,397,27,0,0,2,21,0,65,65,0,16,0,41,3,452,57,285,0,0,0,0,0,0,65,16,16,0,0,0.291729323308,0.148076923077,0.0540228463029,0.49674796748,0.539982425308,0.246153846154,0.630769230769,0.246153846154,0.0680100755668,-5.55293001773,-2.96240601504,0.143805309735,0,0,,,,0,,,,,,,,0.181818181818,1.90909090909,0
2023,003017,ALL,SEASON,Tye Kurtz,A,6,129,8,0,0,2,11,0,32,32,0,11,0,23,0,251,30,161,0,0,0,0,0,0,32,11,11,0,0,0.291729323308,0.148076923077,0.0540228463029,0.49674796748,0.539982425308,0.34375,0.71875,0.34375,0.062015503876,-1.03105282692,1.66466165414,0.127490039841,0,0,,,,0,,,,,,,,0.333333333333,1.83333333333,0
2023,003017,CHA,STINT,Tye Kurtz,A,6,129,8,0,0,2,11,0,32,32,0,11,0,23,0,251,30,161,0,0,0,0,0,0,32,11,11,0,0,0.291729323308,0.148076923077,0.0540228463029,0.49674796748,0.539982425308,0.34375,0.71875,0.34375,0.062015503876,-1.03105282692,1.66466165414,0.127490039841,0,0,,,,0,,,,,,,,0.333333333333,1.83333333333,0
2023,003018,ALL,SEASON,Nick Rowlett,FO,10,91,9,251,131,3,90,1,9,8,1,2,0,5,0,410,50,260,0,0,0,0,0,0,9,2,2,0,0,0.291729323308,0.148076923077,0.0540228463029,0.49674796748,0.539982425308,0.222222222222,0.555555555556,0.222222222222,0.0989010989011,-4.08392098643,-0.62998843262,0.0219512195122,0.02,0.111111111111,0,-0.296153846154,0.521912350598,0.965384615385,6.3162601626,,,,,,,0.3,9,0.1
2023,003018,CHA,STINT,Nick Rowlett,FO,10,91,9,251,131,3,90,1,9,8,1,2,0,5,0,410,50,260,0,0,0,0,0,0,9,2,2,0,0,0.291729323308,0.148076923077,0.0540228463029,0.49674796748,0.539982425308,0.222222222222,0.555555555556,0.222222222222,0.0989010989011,-4.08392098643,-0.62998843262,0.0219512195122,0.02,0.111111111111,0,-0.296153846154,0.521912350598,0.965384615385,6.3162601626,,,,,,,0.3,9,0.1
2023,003019,ALL,SEASON,Sam Handley,M,9,178,15,0,0,1,7,1,46,34,12,9,1,26,2,318,37,209,0,0,0,0,0,0,46,10,11,0,0,0.291729323308,0.148076923077,0.0540228463029,0.49674796748,0.539982425308,0.217391304348,0.565217391304,0.239130434783,0.0842696629213,-5.38393335808,-2.47264314633,0.14465408805,0.324324324324,0.260869565217,0.0833333333333,-1.55384615385,,0,,,,,,,,0.111111111111,0.777777777778,0.111111111111
2023,003019,CHR,STINT,Sam Handley,M,9,178,15,0,0,1,7,1,46,34,12,9,1,26,2,318,37,209,0,0,0,0,0,0,46,10,11,0,0,0.291729323308,0.148076923077,0.0540228463029,0.49674796748,0.539982425308,0.217391304348,0.565217391304,0.239130434783,0.0842696629213,-5.38393335808,-2.47264314633,0.14465408805,0.324324324324,0.260869565217,0.0833333333333,-1.55384615385,,0,,,,,,,,0.111111111111,0.777777777778,0.111111111111
2023,003020,ALL,SEASON,Troy Hettinger,LSM,5,14,0,18,1,1,9,0,1,1,0,0,0,0,0,181,23,116,0,0,0,0,0,0,1,0,0,0,0,0.291729323308,0.148076923077,0.0540228463029,0.49674796748,0.539982425308,0,0,0,0,0.756319848241,-0.291729323308,0.00552486187845,0,0,,,0.0555555555556,0.155172413793,-7.94146341463,,,,,,,0.2,1.8,0
2023,003020,CHR,STINT,Troy Hettinger,LSM,5,14,0,18,1,1,9,0,1,1,0,0,0,0,0,181,23,116,0,0,0,0,0,0,1,0,0,0,0,0.291729323308,0.148076923077,0.0540228463029,0.49674796748,0.539982425308,0,0,0,0,0.756319848241,-0.291729323308,0.00552486187845,0,0,,,0.0555555555556,0.155172413793,-7.94146341463,,,,,,,0.2,1.8,0
2023,003021,ALL,SEASON,Jack Myers,M,2,30,2,0,0,0,0,0,3,3,0,1,0,3,0,83,11,60,0,0,0,0,0,0,3,1,1,0,0,0.291729323308,0.148076923077,0.0540228463029,0.49674796748,0.539982425308,0.333333333333,1,0.333333333333,0.0666666666667,-0.379314610912,0.124812030075,0.0361445783133,0,0,,,,0,,,,,,,,0,0,0
2023,003021,WHP,STINT,Jack Myers,M,2,30,2,0,0,0,0,0,3,3,0,1,0,3,0,83,11,60,0,0,0,0,0,0,3,1,1,0,0,0.291729323308,0.148076923077,0.0540228463029,0.49674796748,0.539982425308,0.333333333333,1,0.333333333333,0.0666666666667,-0.379314610912,0.124812030075,0.0361445783133,0,0,,,,0,,,,,,,,0,0,0
2023,003022,ALL,SEASON,Cross Ferrara,A,8,281,11,0,0,1,8,0,54,51,3,12,0,35,3,292,36,187,0,0,0,0,0,0,54,12,12,0,0,0.291729323308,0.148076923077,0.0540228463029,0.49674796748,0.539982425308,0.222222222222,0.648148148148,0.222222222222,0.0391459074733,4.18041981113,-3.76665702718,0.184931506849,0.0833333333333,0.0555555555556,0,-0.888461538462,,0,,,,,,,,0.125,1,0
2023,003022,CHR,STINT,Cross Ferrara,A,8,281,11,0,0,1,8,0,54,51,3,12,0,35,3,292,36,187,0,0,0,0,0,0,54,12,12,0,0,0.291729323308,0.148076923077,0.0540228463029,0.49674796748,0.539982425308,0.222222222222,0.648148148148,0.222222222222,0.0391459074733,4.18041981113,-3.76665702718,0.184931506849,0.0833333333333,0.0555555555556,0,-0.888461538462,,0,,,,,,,,0.125,1,0
2023,003023,ALL,SEASON,Owen Grant,LSM,5,24,1,4,0,4,5,2,10,4,6,1,1,7,0,214,37,122,0,0,0,0,0,0,10,2,3,0,0,0.291729323308,0.148076923077,0.0540228463029,0.49674796748,0.539982425308,0.2,0.7,0.3,0.0416666666667,0.296548311271,0.0561596298438,0.0467289719626,0.162162162162,0.6,0.166666666667,0.223076923077,0,0.0327868852459,-1.98699186992,,,,,,,0.8,1,0.4
2023,003023,RED,STINT,Owen Grant,LSM,5,24,1,4,0,4,5,2,10,4,6,1,1,7,0,214,37,122,0,0,0,0,0,0,10,2,3,0,0,0.291729323308,0.148076923077,0.0540228463029,0.49674796748,0.539982425308,0.2,0.7,0.3,0.0416666666667,0.296548311271,0.0561596298438,0.0467289719626,0.162162162162,0.6,0.166666666667,0.223076923077,0,0.0327868852459,-1.98699186992,,,,,,,0.8,1,0.4
2023,003024,ALL,SEASON,Brian Tevlin,SSDM,10,91,5,0,0,7,14,1,13,12,1,2,0,5,0,430,59,254,0,0,0,0,0,0,13,2,2,0,0,0.291729323308,0.148076923077,0.0540228463029,0.49674796748,0.539982425308,0.153846153846,0.384615384615,0.153846153846,0.0549450549451,-0.0839209864324,-1.79690572585,0.0302325581395,0.0169491525424,0.0769230769231,0,-0.296153846154,,0,,,,,,,,0.7,1.4,0.1
2023,003024,RED,STINT,Brian Tevlin,SSDM,10,91,5,0,0,7,14,1,13,12,1,2,0,5,0,430,59,254,0,0,0,0,0,0,13,2,2,0,0,0.291729323308,0.148076923077,0.0540228463029,0.49674796748,0.539982425308,0.153846153846,0.384615384615,0.153846153846,0.0549450549451,-0.0839209864324,-1.79690572585,0.0302325581395,0.0169491525424,0.0769230769231,0,-0.296153846154,,0,,,,,,,,0.7,1.4,0.1
2023,003025,ALL,SEASON,Cole Kirst,M,9,194,5,0,0,0,11,0,46,42,4,13,1,32,2,406,56,235,0,0,0,0,0,0,46,14,15,0,0,0.291729323308,0.148076923077,0.0540228463029,0.49674796748,0.539982425308,0.304347826087,0.695652173913,0.326086956522,0.0257731958763,5.48043218277,1.56275303644,0.113300492611,0.0714285714286,0.0869565217391,0.25,0.815384615385,,0,,,,,,,,0,1.22222222222,0
2023,003025,RED,STINT,Cole Kirst,M,9,194,5,0,0,0,11,0,46,42,4,13,1,32,2,406,56,235,0,0,0,0,0,0,46,14,15,0,0,0.291729323308,0.148076923077,0.0540228463029,0.49674796748,0.539982425308,0.304347826087,0.695652173913,0.326086956522,0.0257731958763,5.48043218277,1.56275303644,0.113300492611,0.0714285714286,0.0869565217391,0.25,0.815384615385,,0,,,,,,,,0,1.22222222222,0
2023,003027,ALL,SEASON,Thomas McConvey,M,5,53,3,0,0,0,2,0,10,10,0,4,0,6,0,222,17,144,0,0,0,0,0,0,10,4,4,0,0,0.291729323308,0.148076923077,0.0540228463029,0.49674796748,0.539982425308,0.4,0.6,0.4,0.0566037735849,-0.136789145944,1.08270676692,0.045045045045,0,0,,,,0,,,,,,,,0,0.4,0
2023,003027,WAT,STINT,Thomas McConvey,M,5,53,3,0,0,0,2,0,10,10,0,4,0,6,0,222,17,144,0,0,0,0,0,0,10,4,4,0,0,0.291729323308,0.148076923077,0.0540228463029,0.49674796748,0.539982425308,0.4,0.6,0.4,0.0566037735849,-0.136789145944,1.08270676692,0.045045045045,0,0,,,,0,,,,,,,,0,0.4,0
2023,003028,ALL,SEASON,Alex Mazzone,LSM,6,38,2,0,0,2,14,0,2,1,1,0,0,0,0,262,27,154,0,0,0,0,0,0,2,0,0,0,0,0.291729323308,0.148076923077,0.0540228463029,0.49674796748,0.539982425308,0,0,0,0.0526315789474,0.0528681595117,-0.587883169462,0.00763358778626,0.037037037037,0.5,0,-0.296153846154,,0,,,,,,,,0.333333333333,2.33333333333,0
2023,003028,WAT,STINT,Alex Mazzone,LSM,6,38,2,0,0,2,14,0,2,1,1,0,0,0,0,262,27,154,0,0,0,0,0,0,2,0,0,0,0,0.291729323308,0.148076923077,0.0540228463029,0.49674796748,0.539982425308,0,0,0,0.0526315789474,0.0528681595117,-0.587883169462,0.00763358778626,0.037037037037,0.5,0,-0.296153846154,,0,,,,,,,,0.333333333333,2.33333333333,0
2023,003029,ALL,SEASON,Chris Fake,D,1,1,0,0,0,1,1,0,0,0,0,0,0,0,0,42,9,37,0,0,0,0,0,0,0,0,0,0,0,0.291729323308,0.148076923077,0.0540228463029,0.49674796748,0.539982425308,,,,0,0.0540228463029,,0,0,,,,,0,,,,,,,,1,1,0
2023,003029,WAT,STINT,Chris Fake,D,1,1,0,0,0,1,1,0,0,0,0,0,0,0,0,42,9,37,0,0,0,0,0,0,0,0,0,0,0,0.291729323308,0.148076923077,0.0540228463029,0.49674796748,0.539982425308,,,,0,0.0540228463029,,0,0,,,,,0,,,,,,,,1,1,0
2023,003030,ALL,SEASON,James Reilly,FO,2,5,0,37,14,0,4,0,0,0,0,0,0,0,0,84,15,60,0,0,0,0,0,0,0,0,0,0,0,0.291729323308,0.148076923077,0.0540228463029,0.49674796748,0.539982425308,,,,0,0.270114231515,,0,0,,,,0.378378378378,0.616666666667,-4.37967479675,,,,,,,0,2,0
2023,003030,WAT,STINT,James Reilly,FO,2,5,0,37,14,0,4,0,0,0,0,0,0,0,0,84,15,60,0,0,0,0,0,0,0,0,0,0,0,0.291729323308,0.148076923077,0.0540228463029,0.49674796748,0.539982425308,,,,0,0.270114231515,,0,0,,,,0.378378378378,0.616666666667,-4.37967479675,,,,,,,0,2,0
2023,003031,ALL,SEASON,Tucker Dordevic,M,11,258,7,0,0,0,13,0,71,58,13,17,5,49,1,465,79,304,0,0,0,0,0,0,71,22,27,0,0,0.291729323308,0.148076923077,0.0540228463029,0.49674796748,0.539982425308,0.30985915493,0.69014084507,0.380281690141,0.0271317829457,6.93789434616,6.22969924812,0.152688172043,0.164556962025,0.183098591549,0.384615384615,6.15,,0,,,,,,,,0,1.18181818182,0
2023,003031,WHP,STINT,Tucker Dordevic,M,11,258,7,0,0,0,13,0,71,58,13,17,5,49,1,465,79,304,0,0,0,0,0,0,71,22,27,0,0,0.291729323308,0.148076923077,0.0540228463029,0.49674796748,0.539982425308,0.30985915493,0.69014084507,0.380281690141,0.0271317829457,6.93789434616,6.22969924812,0.152688172043,0.164556962025,0.183098591549,0.384615384615,6.15,,0,,,,,,,,0,1.18181818182,0
2023,003032,ALL,SEASON,Petey LaSalla,FO,11,124,11,278,165,0,124,0,8,7,1,2,0,5,0,465,79,304,0,0,0,0,0,0,8,2,2,0,0,0.291729323308,0.148076923077,0.0540228463029,0.49674796748,0.539982425308,0.25,0.625,0.25,0.0887096774194,-4.30116705844,-0.338259109312,0.0172043010753,0.0126582278481,0.125,0,-0.296153846154,0.593525179856,0.914473684211,26.9040650407,,,,,,,0,11.2727272727,0
2023,003032,WHP,STINT,Petey LaSalla,FO,11,124,11,278,165,0,124,0,8,7,1,2,0,5,0,465,79,304,0,0,0,0,0,0,8,2,2,0,0,0.291729323308,0.148076923077,0.0540228463029,0.49674796748,0.539982425308,0.25,0.625,0.25,0.0887096774194,-4.30116705844,-0.338259109312,0.0172043010753,0.0126582278481,0.125,0,-0.296153846154,0.593525179856,0.914473684211,26.9040650407,,,,,,,0,11.2727272727,0
2023,003033,ALL,SEASON,Garrett Leadmon,M,5,54,4,0,0,0,3,0,12,11,1,2,0,7,0,209,32,142,0,0,0,0,0,0,12,2,2,0,0,0.291729323308,0.148076923077,0.0540228463029,0.49674796748,0.539982425308,0.166666666667,0.583333333333,0.166666666667,0.0740740740741,-1.08276629964,-1.50517640254,0.0574162679426,0.03125,0.0833333333333,0,-0.296153846154,,0,,,,,,,,0,0.6,0
2023,003033,WHP,STINT,Garrett Leadmon,M,5,54,4,0,0,0,3,0,12,11,1,2,0,7,0,209,32,142,0,0,0,0,0,0,12,2,2,0,0,0.291729323308,0.148076923077,0.0540228463029,0.49674796748,0.539982425308,0.166666666667,0.583333333333,0.166666666667,0.0740740740741,-1.08276629964,-1.50517640254,0.0574162679426,0.03125,0.0833333333333,0,-0.296153846154,,0,,,,,,,,0,0.6,0
2023,003039,ALL,SEASON,Chet Comizio,SSDM,8,56,2,0,0,2,16,1,3,3,0,1,0,2,0,320,41,219,0,0,0,0,0,0,3,1,1,0,0,0.291729323308,0.148076923077,0.0540228463029,0.49674796748,0.539982425308,0.333333333333,0.666666666667,0.333333333333,0.0357142857143,1.02527939296,0.124812030075,0.009375,0,0,,,,0,,,,,,,,0.25,2,0.125
2023,003039,ATL,STINT,Chet Comizio,SSDM,8,56,2,0,0,2,16,1,3,3,0,1,0,2,0,320,41,219,0,0,0,0,0,0,3,1,1,0,0,0.291729323308,0.148076923077,0.0540228463029,0.49674796748,0.539982425308,0.333333333333,0.666666666667,0.333333333333,0.0357142857143,1.02527939296,0.124812030075,0.009375,0,0,,,,0,,,,,,,,0.25,2,0.125
2023,003041,ALL,SEASON,Ethan Rall,LSM,11,46,3,129,10,22,37,0,3,2,1,2,0,2,0,454,60,309,0,0,0,0,0,0,3,2,2,0,0,0.291729323308,0.148076923077,0.0540228463029,0.49674796748,0.539982425308,0.666666666667,0.666666666667,0.666666666667,0.0652173913043,-0.514949070065,1.12038750723,0.00660792951542,0.0166666666667,0.333333333333,0,-0.296153846154,0.077519379845,0.417475728155,-54.0804878049,,,,,,,2,3.36363636364,0
2023,003041,CAN,STINT,Ethan Rall,LSM,11,46,3,129,10,22,37,0,3,2,1,2,0,2,0,454,60,309,0,0,0,0,0,0,3,2,2,0,0,0.291729323308,0.148076923077,0.0540228463029,0.49674796748,0.539982425308,0.666666666667,0.666666666667,0.666666666667,0.0652173913043,-0.514949070065,1.12038750723,0.00660792951542,0.0166666666667,0.333333333333,0,-0.296153846154,0.077519379845,0.417475728155,-54.0804878049,,,,,,,2,3.36363636364,0
2023,003047,ALL,SEASON,Evan Zinn,,1,19,4,0,0,1,0,0,2,2,0,0,0,1,0,39,4,18,0,0,0,0,0,0,2,0,0,0,0,0.291729323308,0.148076923077,0.0540228463029,0.49674796748,0.539982425308,0,0.5,0,0.210526315789,-2.97356592024,-0.583458646617,0.0512820512821,0,0,,,,0,,,,,,,,1,0,0
2023,003047,CHA,STINT,Evan Zinn,,1,19,4,0,0,1,0,0,2,2,0,0,0,1,0,39,4,18,0,0,0,0,0,0,2,0,0,0,0,0.291729323308,0.148076923077,0.0540228463029,0.49674796748,0.539982425308,0,0.5,0,0.210526315789,-2.97356592024,-0.583458646617,0.0512820512821,0,0,,,,0,,,,,,,,1,0,0
2023,003049,ALL,SEASON,John Geppert,LSM,4,16,2,1,0,4,7,0,1,0,1,0,0,1,0,157,16,113,0,0,0,0,0,0,1,0,0,0,0,0.291729323308,0.148076923077,0.0540228463029,0.49674796748,0.539982425308,0,1,0,0.125,-1.13563445915,-0.296153846154,0.00636942675159,0.0625,1,0,-0.296153846154,0,0.00884955752212,-0.49674796748,,,,,,,1,1.75,0
2023,003049,ATL,STINT,John Geppert,LSM,4,16,2,1,0,4,7,0,1,0,1,0,0,1,0,157,16,113,0,0,0,0,0,0,1,0,0,0,0,0.291729323308,0.148076923077,0.0540228463029,0.49674796748,0.539982425308,0,1,0,0.125,-1.13563445915,-0.296153846154,0.00636942675159,0.0625,1,0,-0.296153846154,0,0.00884955752212,-0.49674796748,,,,,,,1,1.75,0
2023,003052,ALL,SEASON,Kyle Borda,M,2,13,0,0,0,0,0,0,3,3,0,0,0,3,1,84,15,60,0,0,0,0,0,0,3,0,0,0,0,0.291729323308,0.148076923077,0.0540228463029,0.49674796748,0.539982425308,0,1,0,0,0.702297001938,-0.875187969925,0.0357142857143,0,0,,,,0,,,,,,,,0,0,0
2023,003052,WAT,STINT,Kyle Borda,M,2,13,0,0,0,0,0,0,3,3,0,0,0,3,1,84,15,60,0,0,0,0,0,0,3,0,0,0,0,0.291729323308,0.148076923077,0.0540228463029,0.49674796748,0.539982425308,0,1,0,0,0.702297001938,-0.875187969925,0.0357142857143,0,0,,,,0,,,,,,,,0,0,0
2023,003054,ALL,SEASON,Jeff Conner,M,5,34,0,0,0,0,1,0,4,4,0,2,0,3,0,205,24,147,0,0,0,0,0,0,4,2,2,0,0,0.291729323308,0.148076923077,0.0540228463029,0.49674796748,0.539982425308,0.5,0.75,0.5,0,1.8367767743,0.833082706767,0.019512195122,0,0,,,,0,,,,,,,,0,0.2,0
2023,003054,WAT,STINT,Jeff Conner,M,5,34,0,0,0,0,1,0,4,4,0,2,0,3,0,205,24,147,0,0,0,0,0,0,4,2,2,0,0,0.291729323308,0.148076923077,0.0540228463029,0.49674796748,0.539982425308,0.5,0.75,0.5,0,1.8367767743,0.833082706767,0.019512195122,0,0,,,,0,,,,,,,,0,0.2,0
2023,003056,ALL,SEASON,Grayson Sallade,SSDM,1,5,0,0,0,0,2,0,0,0,0,0,0,0,0,39,7,25,0,0,0,0,0,0,0,0,0,0,0,0.291729323308,0.148076923077,0.0540228463029,0.49674796748,0.539982425308,,,,0,0.270114231515,,0,0,,,,,0,,,,,,,,0,2,0
2023,003056,WHP,STINT,Grayson Sallade,SSDM,1,5,0,0,0,0,2,0,0,0,0,0,0,0,0,39,7,25,0,0,0,0,0,0,0,0,0,0,0,0.291729323308,0.148076923077,0.0540228463029,0.49674796748,0.539982425308,,,,0,0.270114231515,,0,0,,,,,0,,,,,,,,0,2,0
2023,003066,ALL,SEASON,Jakob Patterson,,1,6,0,0,0,0,0,0,3,3,0,0,0,2,0,39,4,18,0,0,0,0,0,0,3,0,0,0,0,0.291729323308,0.148076923077,0.0540228463029,0.49674796748,0.539982425308,0,0.666666666667,0,0,0.324137077818,-0.875187969925,0.0769230769231,0,0,,,,0,,,,,,,,0,0,0
2023,003066,CHA,STINT,Jakob Patterson,,1,6,0,0,0,0,0,0,3,3,0,0,0,2,0,39,4,18,0,0,0,0,0,0,3,0,0,0,0,0.291729323308,0.148076923077,0.0540228463029,0.49674796748,0.539982425308,0,0.666666666667,0,0,0.324137077818,-0.875187969925,0.0769230769231,0,0,,,,0,,,,,,,,0,0,0
2024,000211,ALL,SEASON,Ian MacKay,SSDM,11,104,6,8,0,0,9,6,25,21,4,6,0,16,0,407,46,249,0,0,0,0,0,0,25,6,6,0,0,0.278653073834,0.149621212121,0.0542071549959,0.495250431779,0.544568245125,0.24,0.64,0.24,0.0576923076923,-0.362455880431,-1.04868424748,0.0614250614251,0.0869565217391,0.16,0,-1.19696969697,0,0.0321285140562,-3.96200345423,,,,,,,0,0.818181818182,0.545454545455
2024,000211,CHA,STINT,Ian MacKay,SSDM,11,104,6,8,0,0,9,6,25,21,4,6,0,16,0,407,46,249,0,0,0,0,0,0,25,6,6,0,0,0.278653073834,0.149621212121,0.0542071549959,0.495250431779,0.544568245125,0.24,0.64,0.24,0.0576923076923,-0.362455880431,-1.04868424748,0.0614250614251,0.0869565217391,0.16,0,-1.19696969697,0,0.0321285140562,-3.96200345423,,,,,,,0,0.818181818182,0.545454545455
2024,000216,ALL,SEASON,Marcus Holman,A,11,412,19,0,0,2,25,2,80,67,13,22,3,53,6,459,92,274,0,0,0,0,0,0,80,25,28,0,0,0.278653073834,0.149621212121,0.0542071549959,0.495250431779,0.544568245125,0.3125,0.6625,0.35,0.0461165048544,3.33334785829,5.44009253798,0.174291938998,0.141304347826,0.1625,0.230769230769,2.10984848485,,0,,,,,,,,0.181818181818,2.27272727273,0.181818181818
2024,000216,CAN,STINT,Marcus Holman,A,11,412,19,0,0,2,25,2,80,67,13,22,3,53,6,459,92,274,0,0,0,0,0,0,80,25,28,0,0,0.278653073834,0.149621212121,0.0542071549959,0.495250431779,0.544568245125,0.3125,0.6625,0.35,0.0461165048544,3.33334785829,5.44009253798,0.174291938998,0.141304347826,0.1625,0.230769230769,2.10984848485,,0,,,,,,,,0.181818181818,2.27272727273,0.181818181818
2024,000221,ALL,SEASON,Ryan Ambler,M,12,182,18,0,0,1,8,1,32,32,0,9,0,20,1,480,70,309,0,0,0,0,0,0,32,9,9,0,0,0.278653073834,0.149621212121,0.0542071549959,0.495250431779,0.544568245125,0.28125,0.625,0.28125,0.0989010989011,-8.13429779075,0.0831016373185,0.0666666666667,0,0,,,,0,,,,,,,,0.0833333333333,0.666666666667,0.0833333333333
2024,000221,ARC,STINT,Ryan Ambler,M,12,182,18,0,0,1,8,1,32,32,0,9,0,20,1,480,70,309,0,0,0,0,0,0,32,9,9,0,0,0.278653073834,0.149621212121,0.0542071549959,0.495250431779,0.544568245125,0.28125,0.625,0.28125,0.0989010989011,-8.13429779075,0.0831016373185,0.0666666666667,0,0,,,,0,,,,,,,,0.0833333333333,0.666666666667,0.0833333333333
2024,000225,ALL,SEASON,Tom Schreiber,M,9,257,15,0,0,2,9,0,50,37,13,10,1,28,3,371,53,248,0,0,0,0,0,0,50,11,12,0,0,0.278653073834,0.149621212121,0.0542071549959,0.495250431779,0.544568245125,0.22,0.56,0.24,0.0583657587549,-1.06876116606,-2.200315247,0.134770889488,0.245283018868,0.26,0.0769230769231,-1.89015151515,,0,,,,,,,,0.222222222222,1,0
2024,000225,ARC,STINT,Tom Schreiber,M,9,257,15,0,0,2,9,0,50,37,13,10,1,28,3,371,53,248,0,0,0,0,0,0,50,11,12,0,0,0.278653073834,0.149621212121,0.0542071549959,0.495250431779,0.544568245125,0.22,0.56,0.24,0.0583657587549,-1.06876116606,-2.200315247,0.134770889488,0.245283018868,0.26,0.0769230769231,-1.89015151515,,0,,,,,,,,0.222222222222,1,0
2024,000234,ALL,SEASON,Eric Law,A,7,181,13,0,0,0,7,1,26,26,0,11,0,21,2,287,45,168,0,0,0,0,0,0,26,11,11,0,0,0.278653073834,0.149621212121,0.0542071549959,0.495250431779,0.544568245125,0.423076923077,0.807692307692,0.423076923077,0.0718232044199,-3.18850494575,3.75502008032,0.0905923344948,0,0,,,,0,,,,,,,,0,1,0.142857142857
2024,000234,OUT,STINT,Eric Law,A,7,181,13,0,0,0,7,1,26,26,0,11,0,21,2,287,45,168,0,0,0,0,0,0,26,11,11,0,0,0.278653073834,0.149621212121,0.0542071549959,0.495250431779,0.544568245125,0.423076923077,0.807692307692,0.423076923077,0.0718232044199,-3.18850494575,3.75502008032,0.0905923344948,0,0,,,,0,,,,,,,,0,1,0.142857142857
2024,000235,ALL,SEASON,Jake Richard,SSDM,9,55,1,14,0,3,8,4,3,3,0,0,0,3,0,389,54,228,0,0,0,0,0,0,3,0,0,0,0,0.278653073834,0.149621212121,0.0542071549959,0.495250431779,0.544568245125,0,1,0,0.0181818181818,1.98139352477,-0.835959221501,0.00771208226221,0,0,,,0,0.0614035087719,-6.93350604491,,,,,,,0.333333333333,0.888888888889,0.444444444444
2024,000235,WAT,STINT,Jake Richard,SSDM,9,55,1,14,0,3,8,4,3,3,0,0,0,3,0,389,54,228,0,0,0,0,0,0,3,0,0,0,0,0.278653073834,0.149621212121,0.0542071549959,0.495250431779,0.544568245125,0,1,0,0.0181818181818,1.98139352477,-0.835959221501,0.00771208226221,0,0,,,0,0.0614035087719,-6.93350604491,,,,,,,0.333333333333,0.888888888889,0.444444444444
2024,000240,ALL,SEASON,Kieran McArdle,A,10,333,22,0,0,3,12,2,78,76,2,22,0,48,4,434,61,255,0,0,0,0,0,0,78,22,22,0,0,0.278653073834,0.149621212121,0.0542071549959,0.495250431779,0.544568245125,0.282051282051,0.615384615385,0.282051282051,0.0660660660661,-3.94901738638,0.223881540147,0.179723502304,0.0327868852459,0.025641025641,0,-0.598484848485,,0,,,,,,,,0.3,1.2,0.2
2024,000240,WAT,STINT,Kieran McArdle,A,10,333,22,0,0,3,12,2,78,76,2,22,0,48,4,434,61,255,0,0,0,0,0,0,78,22,22,0,0,0.278653073834,0.149621212121,0.0542071549959,0.495250431779,0.544568245125,0.282051282051,0.615384615385,0.282051282051,0.0660660660661,-3.94901738638,0.223881540147,0.179723502304,0.0327868852459,0.025641025641,0,-0.598484848485,,0,,,,,,,,0.3,1.2,0.2
2024,000254,ALL,SEASON,Trevor Baptiste,FO,11,142,10,286,185,1,118,5,15,13,2,6,1,11,0,490,52,319,0,0,0,0,0,0,15,7,8,0,0,0.278653073834,0.149621212121,0.0542071549959,0.495250431779,0.544568245125,0.466666666667,0.733333333333,0.533333333333,0.0704225352113,-2.30258399059,3.77902519168,0.030612244898,0.0384615384615,0.133333333333,0.5,1.40151515152,0.646853146853,0.896551724138,43.3583765112,,,,,,,0.0909090909091,10.7272727273,0.454545454545
2024,000254,ATL,STINT,Trevor Baptiste,FO,11,142,10,286,185,1,118,5,15,13,2,6,1,11,0,490,52,319,0,0,0,0,0,0,15,7,8,0,0,0.278653073834,0.149621212121,0.0542071549959,0.495250431779,0.544568245125,0.466666666667,0.733333333333,0.533333333333,0.0704225352113,-2.30258399059,3.77902519168,0.030612244898,0.0384615384615,0.133333333333,0.5,1.40151515152,0.646853146853,0.896551724138,43.3583765112,,,,,,,0.0909090909091,10.7272727273,0.454545454545
2024,000258,ALL,SEASON,Blaze Riorden,G,10,145,3,0,0,4,22,0,3,1,2,1,0,1,0,387,44,215,100,16,72,4,19,20,3,1,1,116,192,0.278653073834,0.149621212121,0.0542071549959,0.495250431779,0.544568245125,0.333333333333,0.333333333333,0.333333333333,0.0206896551724,4.8600374744,0.122862077681,0.0077519379845,0.0454545454545,0.666666666667,0,-0.598484848485,,0,,0.604166666667,0.581395348837,0.8,11.4428969359,0.909952606635,0.0947867298578,0.4,2.2,0
2024,000258,CHA,STINT,Blaze Riorden,G,10,145,3,0,0,4,22,0,3,1,2,1,0,1,0,387,44,215,100,16,72,4,19,20,3,1,1,116,192,0.278653073834,0.149621212121,0.0542071549959,0.495250431779,0.544568245125,0.333333333333,0.333333333333,0.333333333333,0.0206896551724,4.8600374744,0.122862077681,0.0077519379845,0.0454545454545,0.666666666667,0,-0.598484848485,,0,,0.604166666667,0.581395348837,0.8,11.4428969359,0.909952606635,0.0947867298578,0.4,2.2,0
2024,000262,ALL,SEASON,Connor Fields,A,12,334,23,0,0,2,16,0,79,77,2,26,0,53,2,480,70,309,0,0,0,0,0,0,79,26,26,0,0,0.278653073834,0.149621212121,0.0542071549959,0.495250431779,0.544568245125,0.329113924051,0.670886075949,0.329113924051,0.0688622754491,-4.89481023138,3.94522846631,0.164583333333,0.0285714285714,0.0253164556962,0,-0.598484848485,,0,,,,,,,,0.166666666667,1.33333333333,0
2024,000262,ARC,STINT,Connor Fields,A,12,334,23,0,0,2,16,0,79,77,2,26,0,53,2,480,70,309,0,0,0,0,0,0,79,26,26,0,0,0.278653073834,0.149621212121,0.0542071549959,0.495250431779,0.544568245125,0.329113924051,0.670886075949,0.329113924051,0.0688622754491,-4.89481023138,3.94522846631,0.164583333333,0.0285714285714,0.0253164556962,0,-0.598484848485,,0,,,,,,,,0.166666666667,1.33333333333,0
2024,000269,ALL,SEASON,Jarrod Neumann,D,12,60,1,0,0,7,20,4,5,0,5,0,0,2,0,450,53,268,0,0,0,0,0,0,5,0,0,0,0,0.278653073834,0.149621212121,0.0542071549959,0.495250431779,0.544568245125,0,0.4,0,0.0166666666667,2.25242929975,-1.49621212121,0.0111111111111,0.0943396226415,1,0,-1.49621212121,,0,,,,,,,,0.583333333333,1.66666666667,0.333333333333
2024,000269,CHA,STINT,Jarrod Neumann,D,12,60,1,0,0,7,20,4,5,0,5,0,0,2,0,450,53,268,0,0,0,0,0,0,5,0,0,0,0,0.278653073834,0.149621212121,0.0542071549959,0.495250431779,0.544568245125,0,0.4,0,0.0166666666667,2.25242929975,-1.49621212121,0.0111111111111,0.0943396226415,1,0,-1.49621212121,,0,,,,,,,,0.583333333333,1.66666666667,0.333333333333
2024,000272,ALL,SEASON,Josh Byrne,A,11,352,23,0,0,2,15,3,61,60,1,13,0,35,4,407,43,250,0,0,0,0,0,0,61,13,13,0,0,0.278653073834,0.149621212121,0.0542071549959,0.495250431779,0.544568245125,0.213114754098,0.573770491803,0.213114754098,0.0653409090909,-3.91908144146,-4.01842685427,0.149877149877,0.0232558139535,0.016393442623,0,-0.299242424242,,0,,,,,,,,0.181818181818,1.36363636364,0.272727272727
2024,000272,CHA,STINT,Josh Byrne,A,11,352,23,0,0,2,15,3,61,60,1,13,0,35,4,407,43,250,0,0,0,0,0,0,61,13,13,0,0,0.278653073834,0.149621212121,0.0542071549959,0.495250431779,0.544568245125,0.213114754098,0.573770491803,0.213114754098,0.0653409090909,-3.91908144146,-4.01842685427,0.149877149877,0.0232558139535,0.016393442623,0,-0.299242424242,,0,,,,,,,,0.181818181818,1.36363636364,0.272727272727
2024,000275,ALL,SEASON,Mark Glicini,SSDM,1,4,0,0,0,1,1,0,0,0,0,0,0,0,0,43,7,19,0,0,0,0,0,0,0,0,0,0,0,0.278653073834,0.149621212121,0.0542071549959,0.495250431779,0.544568245125,,,,0,0.216828619983,,0,0,,,,,0,,,,,,,,1,1,0
2024,000275,CHA,STINT,Mark Glicini,SSDM,1,4,0,0,0,1,1,0,0,0,0,0,0,0,0,43,7,19,0,0,0,0,0,0,0,0,0,0,0,0.278653073834,0.149621212121,0.0542071549959,0.495250431779,0.544568245125,,,,0,0.216828619983,,0,0,,,,,0,,,,,,,,1,1,0
2024,000278,ALL,SEASON,Myles Jones,M,11,186,17,0,0,0,13,1,39,35,4,9,2,26,1,490,52,319,0,0,0,0,0,0,39,11,13,0,0,0.278653073834,0.149621212121,0.0542071549959,0.495250431779,0.544568245125,0.282051282051,0.666666666667,0.333333333333,0.0913978494624,-6.91746917077,2.05017271885,0.0795918367347,0.0769230769231,0.102564102564,0.5,2.80303030303,,0,,,,,,,,0,1.18181818182,0.0909090909091
2024,000278,ATL,STINT,Myles Jones,M,11,186,17,0,0,0,13,1,39,35,4,9,2,26,1,490,52,319,0,0,0,0,0,0,39,11,13,0,0,0.278653073834,0.149621212121,0.0542071549959,0.495250431779,0.544568245125,0.282051282051,0.666666666667,0.333333333333,0.0913978494624,-6.91746917077,2.05017271885,0.0795918367347,0.0769230769231,0.102564102564,0.5,2.80303030303,,0,,,,,,,,0,1.18181818182,0.0909090909091
2024,000279,ALL,SEASON,Patrick Resch,SSDM,12,102,4,0,0,5,16,1,3,3,0,1,0,2,0,450,53,268,0,0,0,0,0,0,3,1,1,0,0,0.278653073834,0.149621212121,0.0542071549959,0.495250431779,0.544568245125,0.333333333333,0.666666666667,0.333333333333,0.0392156862745,1.52912980958,0.164040778499,0.00666666666667,0,0,,,,0,,,,,,,,0.416666666667,1.33333333333,0.0833333333333
2024,000279,CHA,STINT,Patrick Resch,SSDM,12,102,4,0,0,5,16,1,3,3,0,1,0,2,0,450,53,268,0,0,0,0,0,0,3,1,1,0,0,0.278653073834,0.149621212121,0.0542071549959,0.495250431779,0.544568245125,0.333333333333,0.666666666667,0.333333333333,0.0392156862745,1.52912980958,0.164040778499,0.00666666666667,0,0,,,,0,,,,,,,,0.416666666667,1.33333333333,0.0833333333333
2024,000281,ALL,SEASON,Troy Reh,LSM,12,81,2,0,0,12,30,2,4,1,3,0,0,3,0,450,53,268,0,0,0,0,0,0,4,0,0,0,0,0.278653073834,0.149621212121,0.0542071549959,0.495250431779,0.544568245125,0,0.75,0,0.0246913580247,2.39077955466,-1.17638034656,0.00888888888889,0.0566037735849,0.75,0,-0.897727272727,,0,,,,,,,,1,2.5,0.166666666667
2024,000281,CHA,STINT,Troy Reh,LSM,12,81,2,0,0,12,30,2,4,1,3,0,0,3,0,450,53,268,0,0,0,0,0,0,4,0,0,0,0,0.278653073834,0.149621212121,0.0542071549959,0.495250431779,0.544568245125,0,0.75,0,0.0246913580247,2.39077955466,-1.17638034656,0.00888888888889,0.0566037735849,0.75,0,-0.897727272727,,0,,,,,,,,1,2.5,0.166666666667
2024,000302,ALL,SEASON,Michael Manley,D,11,80,4,0,0,11,25,2,7,3,4,0,0,2,0,472,75,280,0,0,0,0,0,0,7,0,0,0,0,0.278653073834,0.149621212121,0.0542071549959,0.495250431779,0.544568245125,0,0.285714285714,0,0.05,0.336572399669,-2.03292891847,0.0148305084746,0.0533333333333,0.571428571429,0,-1.19696969697,,0,,,,,,,,1,2.27272727273,0.181818181818
2024,000302,OUT,STINT,Michael Manley,D,11,80,4,0,0,11,25,2,7,3,4,0,0,2,0,472,75,280,0,0,0,0,0,0,7,0,0,0,0,0.278653073834,0.149621212121,0.0542071549959,0.495250431779,0.544568245125,0,0.285714285714,0,0.05,0.336572399669,-2.03292891847,0.0148305084746,0.0533333333333,0.571428571429,0,-1.19696969697,,0,,,,,,,,1,2.27272727273,0.181818181818
2024,000305,ALL,SEASON,Romar Dennis,M,9,163,8,0,0,4,5,0,41,16,25,1,7,20,1,356,52,221,0,0,0,0,0,0,41,8,15,0,0,0.278653073834,0.149621212121,0.0542071549959,0.495250431779,0.544568245125,0.19512195122,0.487804878049,0.365853658537,0.0490797546012,0.835766264325,3.0604902126,0.115168539326,0.480769230769,0.609756097561,0.28,6.51893939394,,0,,,,,,,,0.444444444444,0.555555555556,0
2024,000305,RED,STINT,Romar Dennis,M,9,163,8,0,0,4,5,0,41,16,25,1,7,20,1,356,52,221,0,0,0,0,0,0,41,8,15,0,0,0.278653073834,0.149621212121,0.0542071549959,0.495250431779,0.544568245125,0.19512195122,0.487804878049,0.365853658537,0.0490797546012,0.835766264325,3.0604902126,0.115168539326,0.480769230769,0.609756097561,0.28,6.51893939394,,0,,,,,,,,0.444444444444,0.555555555556,0
2024,000308,ALL,SEASON,Will Haus,SSDM,11,53,3,2,0,3,6,4,1,1,0,0,0,1,0,472,75,280,0,0,0,0,0,0,1,0,0,0,0,0.278653073834,0.149621212121,0.0542071549959,0.495250431779,0.544568245125,0,1,0,0.0566037735849,-0.127020785219,-0.278653073834,0.0021186440678,0,0,,,0,0.00714285714286,-0.990500863558,,,,,,,0.272727272727,0.545454545455,0.363636363636
2024,000308,OUT,STINT,Will Haus,SSDM,11,53,3,2,0,3,6,4,1,1,0,0,0,1,0,472,75,280,0,0,0,0,0,0,1,0,0,0,0,0.278653073834,0.149621212121,0.0542071549959,0.495250431779,0.544568245125,0,1,0,0.0566037735849,-0.127020785219,-0.278653073834,0.0021186440678,0,0,,,0,0.00714285714286,-0.990500863558,,,,,,,0.272727272727,0.545454545455,0.363636363636
2024,000315,ALL,SEASON,Garrett Epple,D,11,103,4,0,0,20,22,6,1,0,1,0,0,0,0,459,92,274,0,0,0,0,0,0,1,0,0,0,0,0.278653073834,0.149621212121,0.0542071549959,0.495250431779,0.544568245125,0,0,0,0.0388349514563,1.58333696457,-0.299242424242,0.00217864923747,0.0108695652174,1,0,-0.299242424242,,0,,,,,,,,1.81818181818,2,0.545454545455
2024,000315,CAN,STINT,Garrett Epple,D,11,103,4,0,0,20,22,6,1,0,1,0,0,0,0,459,92,274,0,0,0,0,0,0,1,0,0,0,0,0.278653073834,0.149621212121,0.0542071549959,0.495250431779,0.544568245125,0,0,0,0.0388349514563,1.58333696457,-0.299242424242,0.00217864923747,0.0108695652174,1,0,-0.299242424242,,0,,,,,,,,1.81818181818,2,0.545454545455
2024,000318,ALL,SEASON,Jack Kelly,G,10,148,3,0,0,4,16,0,1,0,1,0,0,0,0,400,58,258,93,26,108,9,15,36,1,0,0,119,236,0.278653073834,0.149621212121,0.0542071549959,0.495250431779,0.544568245125,0,0,0,0.0202702702703,5.02265893939,-0.299242424242,0.0025,0.0172413793103,1,0,-0.299242424242,,0,,0.504237288136,0.462686567164,0.742857142857,-9.51810584958,0.940239043825,0.143426294821,0.4,1.6,0
2024,000318,RED,STINT,Jack Kelly,G,10,148,3,0,0,4,16,0,1,0,1,0,0,0,0,400,58,258,93,26,108,9,15,36,1,0,0,119,236,0.278653073834,0.149621212121,0.0542071549959,0.495250431779,0.544568245125,0,0,0,0.0202702702703,5.02265893939,-0.299242424242,0.0025,0.0172413793103,1,0,-0.299242424242,,0,,0.504237288136,0.462686567164,0.742857142857,-9.51810584958,0.940239043825,0.143426294821,0.4,1.6,0
2024,000327,ALL,SEASON,Matt Kavanagh,A,6,141,9,0,0,2,7,2,29,27,2,4,1,14,2,250,46,158,0,0,0,0,0,0,29,5,6,0,0,0.278653073834,0.149621212121,0.0542071549959,0.495250431779,0.544568245125,0.172413793103,0.48275862069,0.206896551724,0.063829787234,-1.35679114558,-2.122117842,0.116,0.0434782608696,0.0689655172414,0.5,1.40151515152,,0,,,,,,,,0.333333333333,1.16666666667,0.333333333333
2024,000327,CAN,STINT,Matt Kavanagh,A,6,141,9,0,0,2,7,2,29,27,2,4,1,14,2,250,46,158,0,0,0,0,0,0,29,5,6,0,0,0.278653073834,0.149621212121,0.0542071549959,0.495250431779,0.544568245125,0.172413793103,0.48275862069,0.206896551724,0.063829787234,-1.35679114558,-2.122117842,0.116,0.0434782608696,0.0689655172414,0.5,1.40151515152,,0,,,,,,,,0.333333333333,1.16666666667,0.333333333333
2024,000333,ALL,SEASON,Sergio Perkovic,M,8,126,4,0,0,1,2,0,21,9,12,3,2,12,0,292,36,187,0,0,0,0,0,0,21,5,7,0,0,0.278653073834,0.149621212121,0.0542071549959,0.495250431779,0.544568245125,0.238095238095,0.571428571429,0.333333333333,0.031746031746,2.83010152948,0.901213244587,0.0719178082192,0.333333333333,0.571428571429,0.166666666667,0.409090909091,,0,,,,,,,,0.125,0.25,0
2024,000333,CHA,STINT,Sergio Perkovic,M,8,126,4,0,0,1,2,0,21,9,12,3,2,12,0,292,36,187,0,0,0,0,0,0,21,5,7,0,0,0.278653073834,0.149621212121,0.0542071549959,0.495250431779,0.544568245125,0.238095238095,0.571428571429,0.333333333333,0.031746031746,2.83010152948,0.901213244587,0.0719178082192,0.333333333333,0.571428571429,0.166666666667,0.409090909091,,0,,,,,,,,0.125,0.25,0
2024,000337,ALL,SEASON,Bryce Young,D,11,70,3,0,0,14,15,5,0,0,0,0,0,0,0,459,92,274,0,0,0,0,0,0,0,0,0,0,0,0.278653073834,0.149621212121,0.0542071549959,0.495250431779,0.544568245125,,,,0.0428571428571,0.79450084971,,0,0,,,,,0,,,,,,,,1.27272727273,1.36363636364,0.454545454545
2024,000337,CAN,STINT,Bryce Young,D,11,70,3,0,0,14,15,5,0,0,0,0,0,0,0,459,92,274,0,0,0,0,0,0,0,0,0,0,0,0.278653073834,0.149621212121,0.0542071549959,0.495250431779,0.544568245125,,,,0.0428571428571,0.79450084971,,0,0,,,,,0,,,,,,,,1.27272727273,1.36363636364,0.454545454545
2024,000339,ALL,SEASON,Connor Kelly,M,9,203,6,0,0,0,6,0,56,38,18,10,1,36,3,397,54,228,0,0,0,0,0,0,56,11,12,0,0,0.278653073834,0.149621212121,0.0542071549959,0.495250431779,0.544568245125,0.196428571429,0.642857142857,0.214285714286,0.0295566502463,5.00405246416,-3.97518044205,0.141057934509,0.333333333333,0.321428571429,0.0555555555556,-3.38636363636,,0,,,,,,,,0,0.666666666667,0
2024,000339,WAT,STINT,Connor Kelly,M,9,203,6,0,0,0,6,0,56,38,18,10,1,36,3,397,54,228,0,0,0,0,0,0,56,11,12,0,0,0.278653073834,0.149621212121,0.0542071549959,0.495250431779,0.544568245125,0.196428571429,0.642857142857,0.214285714286,0.0295566502463,5.00405246416,-3.97518044205,0.141057934509,0.333333333333,0.321428571429,0.0555555555556,-3.38636363636,,0,,,,,,,,0,0.666666666667,0
2024,000345,ALL,SEASON,Jake Bernhardt,SSDM,12,78,4,13,3,4,8,1,9,6,3,1,1,4,0,534,64,323,0,0,0,0,0,0,9,2,3,0,0,0.278653073834,0.149621212121,0.0542071549959,0.495250431779,0.544568245125,0.222222222222,0.444444444444,0.333333333333,0.0512820512821,0.228158089677,0.43035428427,0.0168539325843,0.046875,0.333333333333,0.333333333333,1.10227272727,0.230769230769,0.0402476780186,-3.43825561313,,,,,,,0.333333333333,0.666666666667,0.0833333333333
2024,000345,WHP,STINT,Jake Bernhardt,SSDM,12,78,4,13,3,4,8,1,9,6,3,1,1,4,0,534,64,323,0,0,0,0,0,0,9,2,3,0,0,0.278653073834,0.149621212121,0.0542071549959,0.495250431779,0.544568245125,0.222222222222,0.444444444444,0.333333333333,0.0512820512821,0.228158089677,0.43035428427,0.0168539325843,0.046875,0.333333333333,0.333333333333,1.10227272727,0.230769230769,0.0402476780186,-3.43825561313,,,,,,,0.333333333333,0.666666666667,0.0833333333333
2024,000350,ALL,SEASON,Joseph Nardella,FO,12,140,13,311,201,1,112,1,11,11,0,5,0,8,0,542,60,323,0,0,0,0,0,0,11,5,5,0,0,0.278653073834,0.149621212121,0.0542071549959,0.495250431779,0.544568245125,0.454545454545,0.727272727273,0.454545454545,0.0928571428571,-5.41099830058,1.93481618783,0.020295202952,0,0,,,0.646302250804,0.962848297214,46.9771157168,,,,,,,0.0833333333333,9.33333333333,0.0833333333333
2024,000350,WHP,STINT,Joseph Nardella,FO,12,140,13,311,201,1,112,1,11,11,0,5,0,8,0,542,60,323,0,0,0,0,0,0,11,5,5,0,0,0.278653073834,0.149621212121,0.0542071549959,0.495250431779,0.544568245125,0.454545454545,0.727272727273,0.454545454545,0.0928571428571,-5.41099830058,1.93481618783,0.020295202952,0,0,,,0.646302250804,0.962848297214,46.9771157168,,,,,,,0.0833333333333,9.33333333333,0.0833333333333
2024,000351,ALL,SEASON,Jules Heningburg,A,11,262,14,0,0,1,6,1,38,37,1,11,0,29,3,404,51,235,0,0,0,0,0,0,38,11,11,0,0,0.278653073834,0.149621212121,0.0542071549959,0.495250431779,0.544568245125,0.289473684211,0.763157894737,0.289473684211,0.0534351145038,0.202274608915,0.390593843907,0.0940594059406,0.0196078431373,0.0263157894737,0,-0.299242424242,,0,,,,,,,,0.0909090909091,0.545454545455,0.0909090909091
2024,000351,CHA,STINT,Jules Heningburg,A,11,262,14,0,0,1,6,1,38,37,1,11,0,29,3,404,51,235,0,0,0,0,0,0,38,11,11,0,0,0.278653073834,0.149621212121,0.0542071549959,0.495250431779,0.544568245125,0.289473684211,0.763157894737,0.289473684211,0.0534351145038,0.202274608915,0.390593843907,0.0940594059406,0.0196078431373,0.0263157894737,0,-0.299242424242,,0,,,,,,,,0.0909090909091,0.545454545455,0.0909090909091
2024,000353,ALL,SEASON,Kyle Bernlohr,G,3,6,0,0,0,0,1,0,0,0,0,0,0,0,0,125,13,82,1,0,8,0,0,0,0,0,0,1,9,0.278653073834,0.149621212121,0.0542071549959,0.495250431779,0.544568245125,,,,0,0.325242929975,,0,0,,,,,0,,0.111111111111,0.111111111111,,-3.90111420613,1,0,0,0.333333333333,0
2024,000353,WHP,STINT,Kyle Bernlohr,G,3,6,0,0,0,0,1,0,0,0,0,0,0,0,0,125,13,82,1,0,8,0,0,0,0,0,0,1,9,0.278653073834,0.149621212121,0.0542071549959,0.495250431779,0.544568245125,,,,0,0.325242929975,,0,0,,,,,0,,0.111111111111,0.111111111111,,-3.90111420613,1,0,0,0.333333333333,0
2024,000354,ALL,SEASON,Matt Rambo,A,12,266,19,0,0,1,14,3,60,60,0,15,0,35,2,535,63,330,0,0,0,0,0,0,60,15,15,0,0,0.278653073834,0.149621212121,0.0542071549959,0.495250431779,0.544568245125,0.25,0.583333333333,0.25,0.0714285714286,-4.5808967711,-1.71918443003,0.11214953271,0,0,,,,0,,,,,,,,0.0833333333333,1.16666666667,0.25
2024,000354,WHP,STINT,Matt Rambo,A,12,266,19,0,0,1,14,3,60,60,0,15,0,35,2,535,63,330,0,0,0,0,0,0,60,15,15,0,0,0.278653073834,0.149621212121,0.0542071549959,0.495250431779,0.544568245125,0.25,0.583333333333,0.25,0.0714285714286,-4.5808967711,-1.71918443003,0.11214953271,0,0,,,,0,,,,,,,,0.0833333333333,1.16666666667,0.25
2024,000355,ALL,SEASON,Matthew Dunn,D,13,105,3,0,0,15,16,0,8,3,5,2,0,7,0,580,67,353,0,0,0,0,0,0,8,2,2,0,0,0.278653073834,0.149621212121,0.0542071549959,0.495250431779,0.544568245125,0.25,0.875,0.25,0.0285714285714,2.69175127457,-0.332171342714,0.0137931034483,0.0746268656716,0.625,0,-1.49621212121,,0,,,,,,,,1.15384615385,1.23076923077,0
2024,000355,WHP,STINT,Matthew Dunn,D,13,105,3,0,0,15,16,0,8,3,5,2,0,7,0,580,67,353,0,0,0,0,0,0,8,2,2,0,0,0.278653073834,0.149621212121,0.0542071549959,0.495250431779,0.544568245125,0.25,0.875,0.25,0.0285714285714,2.69175127457,-0.332171342714,0.0137931034483,0.0746268656716,0.625,0,-1.49621212121,,0,,,,,,,,1.15384615385,1.23076923077,0
2024,000357,ALL,SEASON,Mike Chanenchuk,M,13,303,15,0,0,2,13,0,58,41,17,7,3,34,4,580,67,353,0,0,0,0,0,0,58,10,13,0,0,0.278653073834,0.149621212121,0.0542071549959,0.495250431779,0.544568245125,0.172413793103,0.586206896552,0.224137931034,0.049504950495,1.42476796375,-3.51189723931,0.1,0.253731343284,0.293103448276,0.176470588235,0.912878787879,,0,,,,,,,,0.153846153846,1,0
2024,000357,WHP,STINT,Mike Chanenchuk,M,13,303,15,0,0,2,13,0,58,41,17,7,3,34,4,580,67,353,0,0,0,0,0,0,58,10,13,0,0,0.278653073834,0.149621212121,0.0542071549959,0.495250431779,0.544568245125,0.172413793103,0.586206896552,0.224137931034,0.049504950495,1.42476796375,-3.51189723931,0.1,0.253731343284,0.293103448276,0.176470588235,0.912878787879,,0,,,,,,,,0.153846153846,1,0
2024,000358,ALL,SEASON,Ryan Drenner,M,11,249,4,0,0,1,8,1,38,34,4,8,2,23,1,459,92,274,0,0,0,0,0,0,38,10,12,0,0,0.278653073834,0.149621212121,0.0542071549959,0.495250431779,0.544568245125,0.263157894737,0.605263157895,0.315789473684,0.0160642570281,9.49758159397,1.32882579268,0.082788671024,0.0434782608696,0.105263157895,0.5,2.80303030303,,0,,,,,,,,0.0909090909091,0.727272727273,0.0909090909091
2024,000358,CAN,STINT,Ryan Drenner,M,11,249,4,0,0,1,8,1,38,34,4,8,2,23,1,459,92,274,0,0,0,0,0,0,38,10,12,0,0,0.278653073834,0.149621212121,0.0542071549959,0.495250431779,0.544568245125,0.263157894737,0.605263157895,0.315789473684,0.0160642570281,9.49758159397,1.32882579268,0.082788671024,0.0434782608696,0.105263157895,0.5,2.80303030303,,0,,,,,,,,0.0909090909091,0.727272727273,0.0909090909091
2024,000359,ALL,SEASON,Tim Muller,D,13,99,0,0,0,9,26,1,0,0,0,0,0,0,0,580,67,353,0,0,0,0,0,0,0,0,0,0,0,0.278653073834,0.149621212121,0.0542071549959,0.495250431779,0.544568245125,,,,0,5.36650834459,,0,0,,,,,0,,,,,,,,0.692307692308,2,0.0769230769231
2024,000359,WHP,STINT,Tim Muller,D,13,99,0,0,0,9,26,1,0,0,0,0,0,0,0,580,67,353,0,0,0,0,0,0,0,0,0,0,0,0.278653073834,0.149621212121,0.0542071549959,0.495250431779,0.544568245125,,,,0,5.36650834459,,0,0,,,,,0,,,,,,,,0.692307692308,2,0.0769230769231
2024,000363,ALL,SEASON,Ryan Conrad,M,11,231,18,1,0,0,14,1,60,53,7,13,0,36,1,492,66,272,0,0,0,0,0,0,60,13,13,0,0,0.278653073834,0.149621212121,0.0542071549959,0.495250431779,0.544568245125,0.216666666667,0.6,0.216666666667,0.0779220779221,-5.47814719596,-3.86330988289,0.121951219512,0.106060606061,0.116666666667,0,-2.0946969697,0,0.00367647058824,-0.495250431779,,,,,,,0,1.27272727273,0.0909090909091
2024,000363,WAT,STINT,Ryan Conrad,M,7,131,8,1,0,0,7,1,37,34,3,5,0,21,1,313,41,172,0,0,0,0,0,0,37,5,5,0,0,0.278653073834,0.149621212121,0.0542071549959,0.495250431779,0.544568245125,0.135135135135,0.567567567568,0.135135135135,0.0610687022901,-0.898862695542,-5.37193178308,0.11821086262,0.0731707317073,0.0810810810811,0,-0.897727272727,0,0.00581395348837,-0.495250431779,,,,,,,0,1,0.142857142857
2024,000363,WHP,STINT,Ryan Conrad,M,4,100,10,0,0,0,7,0,23,19,4,8,0,15,0,179,25,100,0,0,0,0,0,0,23,8,8,0,0,0.278653073834,0.149621212121,0.0542071549959,0.495250431779,0.544568245125,0.347826086957,0.652173913043,0.347826086957,0.1,-4.57928450041,1.50862190019,0.128491620112,0.16,0.173913043478,0,-1.19696969697,,0,,,,,,,,0,1.75,0
2024,000365,ALL,SEASON,Jack Rowlett,D,11,66,4,0,0,13,18,5,3,1,2,0,1,3,0,417,51,252,0,0,0,0,0,0,3,1,2,0,0,0.278653073834,0.149621212121,0.0542071549959,0.495250431779,0.544568245125,0.333333333333,1,0.666666666667,0.0606060606061,-0.422327770273,1.12286207768,0.00719424460432,0.0392156862745,0.666666666667,0.5,1.40151515152,,0,,,,,,,,1.18181818182,1.63636363636,0.454545454545
2024,000365,CHA,STINT,Jack Rowlett,D,11,66,4,0,0,13,18,5,3,1,2,0,1,3,0,417,51,252,0,0,0,0,0,0,3,1,2,0,0,0.278653073834,0.149621212121,0.0542071549959,0.495250431779,0.544568245125,0.333333333333,1,0.666666666667,0.0606060606061,-0.422327770273,1.12286207768,0.00719424460432,0.0392156862745,0.666666666667,0.5,1.40151515152,,0,,,,,,,,1.18181818182,1.63636363636,0.454545454545
2024,000368,ALL,SEASON,Chris Sabia,LSM,6,24,1,0,0,5,11,2,3,2,1,0,0,2,0,265,42,155,0,0,0,0,0,0,3,0,0,0,0,0.278653073834,0.149621212121,0.0542071549959,0.495250431779,0.544568245125,0,0.666666666667,0,0.0416666666667,0.300971719901,-0.85654857191,0.011320754717,0.0238095238095,0.333333333333,0,-0.299242424242,,0,,,,,,,,0.833333333333,1.83333333333,0.333333333333
2024,000368,WAT,STINT,Chris Sabia,LSM,6,24,1,0,0,5,11,2,3,2,1,0,0,2,0,265,42,155,0,0,0,0,0,0,3,0,0,0,0,0.278653073834,0.149621212121,0.0542071549959,0.495250431779,0.544568245125,0,0.666666666667,0,0.0416666666667,0.300971719901,-0.85654857191,0.011320754717,0.0238095238095,0.333333333333,0,-0.299242424242,,0,,,,,,,,0.833333333333,1.83333333333,0.333333333333
2024,000370,ALL,SEASON,Tim Troutner,G,6,87,2,0,0,3,13,0,2,0,2,0,0,1,0,274,35,184,49,12,52,7,10,20,2,0,0,61,120,0.278653073834,0.149621212121,0.0542071549959,0.495250431779,0.544568245125,0,0.5,0,0.0229885057471,2.71602248464,-0.598484848485,0.00729927007299,0.0571428571429,1,0,-0.598484848485,,0,,0.508333333333,0.485148514851,0.631578947368,-4.34818941504,0.923076923077,0.153846153846,0.5,2.16666666667,0
2024,000370,ATL,STINT,Tim Troutner,G,6,87,2,0,0,3,13,0,2,0,2,0,0,1,0,274,35,184,49,12,52,7,10,20,2,0,0,61,120,0.278653073834,0.149621212121,0.0542071549959,0.495250431779,0.544568245125,0,0.5,0,0.0229885057471,2.71602248464,-0.598484848485,0.00729927007299,0.0571428571429,1,0,-0.598484848485,,0,,0.508333333333,0.485148514851,0.631578947368,-4.34818941504,0.923076923077,0.153846153846,0.5,2.16666666667,0
2024,000373,ALL,SEASON,Ryder Garnsey,A,10,339,23,0,0,2,12,1,59,55,4,12,1,30,0,400,58,258,0,0,0,0,0,0,59,13,14,0,0,0.278653073834,0.149621212121,0.0542071549959,0.495250431779,0.544568245125,0.220338983051,0.508474576271,0.237288135593,0.0678466076696,-4.6237744564,-2.52288875783,0.1475,0.0689655172414,0.0677966101695,0.25,0.80303030303,,0,,,,,,,,0.2,1.2,0.1
2024,000373,RED,STINT,Ryder Garnsey,A,10,339,23,0,0,2,12,1,59,55,4,12,1,30,0,400,58,258,0,0,0,0,0,0,59,13,14,0,0,0.278653073834,0.149621212121,0.0542071549959,0.495250431779,0.544568245125,0.220338983051,0.508474576271,0.237288135593,0.0678466076696,-4.6237744564,-2.52288875783,0.1475,0.0689655172414,0.0677966101695,0.25,0.80303030303,,0,,,,,,,,0.2,1.2,0.1
2024,000376,ALL,SEASON,Cade van Raaphorst,D,11,97,7,0,0,5,25,1,18,0,18,0,0,3,1,459,92,274,0,0,0,0,0,0,18,0,0,0,0,0.278653073834,0.149621212121,0.0542071549959,0.495250431779,0.544568245125,0,0.166666666667,0,0.0721649484536,-1.7419059654,-5.38636363636,0.0392156862745,0.195652173913,1,0,-5.38636363636,,0,,,,,,,,0.454545454545,2.27272727273,0.0909090909091
2024,000376,CAN,STINT,Cade van Raaphorst,D,11,97,7,0,0,5,25,1,18,0,18,0,0,3,1,459,92,274,0,0,0,0,0,0,18,0,0,0,0,0.278653073834,0.149621212121,0.0542071549959,0.495250431779,0.544568245125,0,0.166666666667,0,0.0721649484536,-1.7419059654,-5.38636363636,0.0392156862745,0.195652173913,1,0,-5.38636363636,,0,,,,,,,,0.454545454545,2.27272727273,0.0909090909091
2024,000385,ALL,SEASON,Wes Berg,A,10,128,10,0,0,2,6,3,28,28,0,14,0,20,0,400,58,258,0,0,0,0,0,0,28,14,14,0,0,0.278653073834,0.149621212121,0.0542071549959,0.495250431779,0.544568245125,0.5,0.714285714286,0.5,0.078125,-3.06148416053,6.19771393265,0.07,0,0,,,,0,,,,,,,,0.2,0.6,0.3
2024,000385,RED,STINT,Wes Berg,A,10,128,10,0,0,2,6,3,28,28,0,14,0,20,0,400,58,258,0,0,0,0,0,0,28,14,14,0,0,0.278653073834,0.149621212121,0.0542071549959,0.495250431779,0.544568245125,0.5,0.714285714286,0.5,0.078125,-3.06148416053,6.19771393265,0.07,0,0,,,,0,,,,,,,,0.2,0.6,0.3
2024,000391,ALL,SEASON,Grant Ament,M,12,357,24,0,0,0,9,2,49,48,1,17,0,30,0,480,70,309,0,0,0,0,0,0,49,17,17,0,0,0.278653073834,0.149621212121,0.0542071549959,0.495250431779,0.544568245125,0.34693877551,0.612244897959,0.34693877551,0.0672268907563,-4.64804566648,3.32541003174,0.102083333333,0.0142857142857,0.0204081632653,0,-0.299242424242,,0,,,,,,,,0,0.75,0.166666666667
2024,000391,ARC,STINT,Grant Ament,M,12,357,24,0,0,0,9,2,49,48,1,17,0,30,0,480,70,309,0,0,0,0,0,0,49,17,17,0,0,0.278653073834,0.149621212121,0.0542071549959,0.495250431779,0.544568245125,0.34693877551,0.612244897959,0.34693877551,0.0672268907563,-4.64804566648,3.32541003174,0.102083333333,0.0142857142857,0.0204081632653,0,-0.299242424242,,0,,,,,,,,0,0.75,0.166666666667
2024,000395,ALL,SEASON,Bryan Costabile,M,10,257,13,0,0,2,13,1,53,39,14,12,1,32,0,441,45,292,0,0,0,0,0,0,53,13,14,0,0,0.278653073834,0.149621212121,0.0542071549959,0.495250431779,0.544568245125,0.245283018868,0.603773584906,0.264150943396,0.0505836575875,0.931238833936,-1.05686381891,0.120181405896,0.311111111111,0.264150943396,0.0714285714286,-2.18939393939,,0,,,,,,,,0.2,1.3,0.1
2024,000395,ATL,STINT,Bryan Costabile,M,10,257,13,0,0,2,13,1,53,39,14,12,1,32,0,441,45,292,0,0,0,0,0,0,53,13,14,0,0,0.278653073834,0.149621212121,0.0542071549959,0.495250431779,0.544568245125,0.245283018868,0.603773584906,0.264150943396,0.0505836575875,0.931238833936,-1.05686381891,0.120181405896,0.311111111111,0.264150943396,0.0714285714286,-2.18939393939,,0,,,,,,,,0.2,1.3,0.1
2024,000405,ALL,SEASON,Jesse Bernhardt,D,7,64,0,0,0,8,8,3,4,1,3,1,0,1,0,299,48,185,0,0,0,0,0,0,4,1,1,0,0,0.278653073834,0.149621212121,0.0542071549959,0.495250431779,0.544568245125,0.25,0.25,0.25,0,3.46925791974,-0.176380346561,0.0133779264214,0.0625,0.75,0,-0.897727272727,,0,,,,,,,,1.14285714286,1.14285714286,0.428571428571
2024,000405,OUT,STINT,Jesse Bernhardt,D,7,64,0,0,0,8,8,3,4,1,3,1,0,1,0,299,48,185,0,0,0,0,0,0,4,1,1,0,0,0.278653073834,0.149621212121,0.0542071549959,0.495250431779,0.544568245125,0.25,0.25,0.25,0,3.46925791974,-0.176380346561,0.0133779264214,0.0625,0.75,0,-0.897727272727,,0,,,,,,,,1.14285714286,1.14285714286,0.428571428571
2024,000406,ALL,SEASON,Craig Chick,LSM,5,14,2,0,0,1,9,0,0,0,0,0,0,0,0,208,44,124,0,0,0,0,0,0,0,0,0,0,0,0.278653073834,0.149621212121,0.0542071549959,0.495250431779,0.544568245125,,,,0.142857142857,-1.24109983006,,0,0,,,,,0,,,,,,,,0.2,1.8,0
2024,000406,CAN,STINT,Craig Chick,LSM,5,14,2,0,0,1,9,0,0,0,0,0,0,0,0,208,44,124,0,0,0,0,0,0,0,0,0,0,0,0.278653073834,0.149621212121,0.0542071549959,0.495250431779,0.544568245125,,,,0.142857142857,-1.24109983006,,0,0,,,,,0,,,,,,,,0.2,1.8,0
2024,000408,ALL,SEASON,Matt DeLuca,G,7,51,2,0,0,0,7,0,0,0,0,0,0,0,0,304,42,178,43,4,35,1,3,5,0,0,0,47,83,0.278653073834,0.149621212121,0.0542071549959,0.495250431779,0.544568245125,,,,0.0392156862745,0.764564904789,,0,0,,,,,0,,0.566265060241,0.551282051282,0.8,1.8008356546,0.96511627907,0.0581395348837,0,1,0
2024,000408,WAT,STINT,Matt DeLuca,G,7,51,2,0,0,0,7,0,0,0,0,0,0,0,0,304,42,178,43,4,35,1,3,5,0,0,0,47,83,0.278653073834,0.149621212121,0.0542071549959,0.495250431779,0.544568245125,,,,0.0392156862745,0.764564904789,,0,0,,,,,0,,0.566265060241,0.551282051282,0.8,1.8008356546,0.96511627907,0.0581395348837,0,1,0
2024,000409,ALL,SEASON,Zach Currier,M,10,199,9,46,8,13,34,1,25,22,3,10,1,18,0,434,61,255,0,0,0,0,0,0,25,11,12,0,0,0.278653073834,0.149621212121,0.0542071549959,0.495250431779,0.544568245125,0.44,0.72,0.48,0.0452261306533,1.78722384418,4.97190510293,0.0576036866359,0.0491803278689,0.12,0.333333333333,1.10227272727,0.173913043478,0.180392156863,-14.7815198618,,,,,,,1.3,3.4,0.1
2024,000409,WAT,STINT,Zach Currier,M,10,199,9,46,8,13,34,1,25,22,3,10,1,18,0,434,61,255,0,0,0,0,0,0,25,11,12,0,0,0.278653073834,0.149621212121,0.0542071549959,0.495250431779,0.544568245125,0.44,0.72,0.48,0.0452261306533,1.78722384418,4.97190510293,0.0576036866359,0.0491803278689,0.12,0.333333333333,1.10227272727,0.173913043478,0.180392156863,-14.7815198618,,,,,,,1.3,3.4,0.1
2024,000410,ALL,SEASON,Eli Gobrecht,D,10,59,2,0,0,8,20,2,2,1,1,0,0,2,0,434,61,255,0,0,0,0,0,0,2,0,0,0,0,0.278653073834,0.149621212121,0.0542071549959,0.495250431779,0.544568245125,0,1,0,0.0338983050847,1.19822214476,-0.577895498076,0.00460829493088,0.016393442623,0.5,0,-0.299242424242,,0,,,,,,,,0.8,2,0.2
2024,000410,WAT,STINT,Eli Gobrecht,D,10,59,2,0,0,8,20,2,2,1,1,0,0,2,0,434,61,255,0,0,0,0,0,0,2,0,0,0,0,0.278653073834,0.149621212121,0.0542071549959,0.495250431779,0.544568245125,0,1,0,0.0338983050847,1.19822214476,-0.577895498076,0.00460829493088,0.016393442623,0.5,0,-0.299242424242,,0,,,,,,,,0.8,2,0.2
2024,000414,ALL,SEASON,Rob Pannell,A,10,417,25,0,0,2,21,2,74,74,0,15,0,40,3,400,58,258,0,0,0,0,0,0,74,15,15,0,0,0.278653073834,0.149621212121,0.0542071549959,0.495250431779,0.544568245125,0.202702702703,0.540540540541,0.202702702703,0.0599520383693,-2.39561636673,-5.6203274637,0.185,0,0,,,,0,,,,,,,,0.2,2.1,0.2
2024,000414,RED,STINT,Rob Pannell,A,10,417,25,0,0,2,21,2,74,74,0,15,0,40,3,400,58,258,0,0,0,0,0,0,74,15,15,0,0,0.278653073834,0.149621212121,0.0542071549959,0.495250431779,0.544568245125,0.202702702703,0.540540540541,0.202702702703,0.0599520383693,-2.39561636673,-5.6203274637,0.185,0,0,,,,0,,,,,,,,0.2,2.1,0.2
2024,000416,ALL,SEASON,Ryland Rees,LSM,10,43,6,1,0,3,25,0,6,1,5,0,4,6,0,434,61,255,0,0,0,0,0,0,6,4,8,0,0,0.278653073834,0.149621212121,0.0542071549959,0.495250431779,0.544568245125,0.666666666667,1,1.33333333333,0.139534883721,-3.66909233518,6.22513480495,0.0138248847926,0.0819672131148,0.833333333333,0.8,6.50378787879,0,0.00392156862745,-0.495250431779,,,,,,,0.3,2.5,0
2024,000416,WAT,STINT,Ryland Rees,LSM,10,43,6,1,0,3,25,0,6,1,5,0,4,6,0,434,61,255,0,0,0,0,0,0,6,4,8,0,0,0.278653073834,0.149621212121,0.0542071549959,0.495250431779,0.544568245125,0.666666666667,1,1.33333333333,0.139534883721,-3.66909233518,6.22513480495,0.0138248847926,0.0819672131148,0.833333333333,0.8,6.50378787879,0,0.00392156862745,-0.495250431779,,,,,,,0.3,2.5,0
2024,000418,ALL,SEASON,Dillon Ward,G,8,102,2,0,0,3,21,0,1,0,1,0,0,0,0,349,49,204,74,7,66,10,11,17,1,0,0,81,157,0.278653073834,0.149621212121,0.0542071549959,0.495250431779,0.544568245125,0,0,0,0.0196078431373,3.52912980958,-0.299242424242,0.00286532951289,0.0204081632653,1,0,-0.299242424242,,0,,0.515923566879,0.528571428571,0.411764705882,-4.49721448468,0.934523809524,0.10119047619,0.375,2.625,0
2024,000418,WAT,STINT,Dillon Ward,G,8,102,2,0,0,3,21,0,1,0,1,0,0,0,0,349,49,204,74,7,66,10,11,17,1,0,0,81,157,0.278653073834,0.149621212121,0.0542071549959,0.495250431779,0.544568245125,0,0,0,0.0196078431373,3.52912980958,-0.299242424242,0.00286532951289,0.0204081632653,1,0,-0.299242424242,,0,,0.515923566879,0.528571428571,0.411764705882,-4.49721448468,0.934523809524,0.10119047619,0.375,2.625,0
2024,000419,ALL,SEASON,Zed Williams,A,13,264,18,0,0,2,18,1,98,89,9,28,1,64,4,580,67,353,0,0,0,0,0,0,98,29,30,0,0,0.278653073834,0.149621212121,0.0542071549959,0.495250431779,0.544568245125,0.295918367347,0.65306122449,0.30612244898,0.0681818181818,-3.68931108109,2.50669461061,0.168965517241,0.134328358209,0.0918367346939,0.111111111111,-0.693181818182,,0,,,,,,,,0.153846153846,1.38461538462,0.0769230769231
2024,000419,WHP,STINT,Zed Williams,A,13,264,18,0,0,2,18,1,98,89,9,28,1,64,4,580,67,353,0,0,0,0,0,0,98,29,30,0,0,0.278653073834,0.149621212121,0.0542071549959,0.495250431779,0.544568245125,0.295918367347,0.65306122449,0.30612244898,0.0681818181818,-3.68931108109,2.50669461061,0.168965517241,0.134328358209,0.0918367346939,0.111111111111,-0.693181818182,,0,,,,,,,,0.153846153846,1.38461538462,0.0769230769231
2024,000424,ALL,SEASON,Jake Pulver,D,5,17,0,0,0,3,8,0,0,0,0,0,0,0,0,213,40,127,0,0,0,0,0,0,0,0,0,0,0,0.278653073834,0.149621212121,0.0542071549959,0.495250431779,0.544568245125,,,,0,0.92152163493,,0,0,,,,,0,,,,,,,,0.6,1.6,0
2024,000424,CAN,STINT,Jake Pulver,D,5,17,0,0,0,3,8,0,0,0,0,0,0,0,0,213,40,127,0,0,0,0,0,0,0,0,0,0,0,0.278653073834,0.149621212121,0.0542071549959,0.495250431779,0.544568245125,,,,0,0.92152163493,,0,0,,,,,0,,,,,,,,0.6,1.6,0
2024,000727,ALL,SEASON,CJ Costabile,LSM,5,26,2,0,0,5,12,0,5,1,4,0,0,2,0,185,24,115,0,0,0,0,0,0,5,0,0,0,0,0.278653073834,0.149621212121,0.0542071549959,0.495250431779,0.544568245125,0,0.4,0,0.0769230769231,-0.590613970108,-1.4756227708,0.027027027027,0.166666666667,0.8,0,-1.19696969697,,0,,,,,,,,1,2.4,0
2024,000727,CHA,STINT,CJ Costabile,LSM,5,26,2,0,0,5,12,0,5,1,4,0,0,2,0,185,24,115,0,0,0,0,0,0,5,0,0,0,0,0.278653073834,0.149621212121,0.0542071549959,0.495250431779,0.544568245125,0,0.4,0,0.0769230769231,-0.590613970108,-1.4756227708,0.027027027027,0.166666666667,0.8,0,-1.19696969697,,0,,,,,,,,1,2.4,0
2024,000815,ALL,SEASON,Austin Kaut,G,5,53,3,0,0,1,9,0,0,0,0,0,0,0,0,176,19,139,37,9,36,4,9,14,0,0,0,46,86,0.278653073834,0.149621212121,0.0542071549959,0.495250431779,0.544568245125,,,,0.0566037735849,-0.127020785219,,0,0,,,,,0,,0.53488372093,0.506849315068,0.692307692308,-0.83286908078,0.905263157895,0.147368421053,0.2,1.8,0
2024,000815,CHA,STINT,Austin Kaut,G,5,53,3,0,0,1,9,0,0,0,0,0,0,0,0,176,19,139,37,9,36,4,9,14,0,0,0,46,86,0.278653073834,0.149621212121,0.0542071549959,0.495250431779,0.544568245125,,,,0.0566037735849,-0.127020785219,,0,0,,,,,0,,0.53488372093,0.506849315068,0.692307692308,-0.83286908078,0.905263157895,0.147368421053,0.2,1.8,0
2024,000921,ALL,SEASON,Challen Rogers,M,1,9,3,0,0,0,0,1,0,0,0,0,0,0,0,30,6,22,0,0,0,0,0,0,0,0,0,0,0,0.278653073834,0.149621212121,0.0542071549959,0.495250431779,0.544568245125,,,,0.333333333333,-2.51213560504,,0,0,,,,,0,,,,,,,,0,0,1
2024,000921,ARC,STINT,Challen Rogers,M,1,9,3,0,0,0,0,1,0,0,0,0,0,0,0,30,6,22,0,0,0,0,0,0,0,0,0,0,0,0.278653073834,0.149621212121,0.0542071549959,0.495250431779,0.544568245125,,,,0.333333333333,-2.51213560504,,0,0,,,,,0,,,,,,,,0,0,1
2024,000922,ALL,SEASON,Graeme Hossack,D,9,57,4,0,0,8,24,2,3,0,3,0,1,1,0,360,55,226,0,0,0,0,0,0,3,1,2,0,0,0.278653073834,0.149621212121,0.0542071549959,0.495250431779,0.544568245125,0.333333333333,0.333333333333,0.666666666667,0.0701754385965,-0.910192165236,1.10227272727,0.00833333333333,0.0545454545455,1,0.333333333333,1.10227272727,,0,,,,,,,,0.888888888889,2.66666666667,0.222222222222
2024,000922,ARC,STINT,Graeme Hossack,D,9,57,4,0,0,8,24,2,3,0,3,0,1,1,0,360,55,226,0,0,0,0,0,0,3,1,2,0,0,0.278653073834,0.149621212121,0.0542071549959,0.495250431779,0.544568245125,0.333333333333,0.333333333333,0.666666666667,0.0701754385965,-0.910192165236,1.10227272727,0.00833333333333,0.0545454545455,1,0.333333333333,1.10227272727,,0,,,,,,,,0.888888888889,2.66666666667,0.222222222222
2024,000925,ALL,SEASON,Liam Byrnes,D,5,39,2,0,0,6,5,0,2,1,1,0,0,0,0,220,23,126,0,0,0,0,0,0,2,0,0,0,0,0.278653073834,0.149621212121,0.0542071549959,0.495250431779,0.544568245125,0,0,0,0.0512820512821,0.114079044839,-0.577895498076,0.00909090909091,0.0434782608696,0.5,0,-0.299242424242,,0,,,,,,,,1.2,1,0
2024,000925,WAT,STINT,Liam Byrnes,D,5,39,2,0,0,6,5,0,2,1,1,0,0,0,0,220,23,126,0,0,0,0,0,0,2,0,0,0,0,0.278653073834,0.149621212121,0.0542071549959,0.495250431779,0.544568245125,0,0,0,0.0512820512821,0.114079044839,-0.577895498076,0.00909090909091,0.0434782608696,0.5,0,-0.299242424242,,0,,,,,,,,1.2,1,0
2024,000978,ALL,SEASON,Kyle Jackson,M,12,187,14,0,0,0,9,3,39,36,3,11,0,24,1,450,53,268,0,0,0,0,0,0,39,11,11,0,0,0.278653073834,0.149621212121,0.0542071549959,0.495250431779,0.544568245125,0.282051282051,0.615384615385,0.282051282051,0.0748663101604,-3.86326201577,0.070762069256,0.0866666666667,0.0566037735849,0.0769230769231,0,-0.897727272727,,0,,,,,,,,0,0.75,0.25
2024,000978,CHA,STINT,Kyle Jackson,M,12,187,14,0,0,0,9,3,39,36,3,11,0,24,1,450,53,268,0,0,0,0,0,0,39,11,11,0,0,0.278653073834,0.149621212121,0.0542071549959,0.495250431779,0.544568245125,0.282051282051,0.615384615385,0.282051282051,0.0748663101604,-3.86326201577,0.070762069256,0.0866666666667,0.0566037735849,0.0769230769231,0,-0.897727272727,,0,,,,,,,,0,0.75,0.25
2024,001001,ALL,SEASON,Dylan Molloy,M,3,42,2,0,0,0,2,0,10,9,1,4,0,7,1,129,21,94,0,0,0,0,0,0,10,4,4,0,0,0.278653073834,0.149621212121,0.0542071549959,0.495250431779,0.544568245125,0.4,0.7,0.4,0.047619047619,0.276700509826,1.19287991125,0.077519379845,0.047619047619,0.1,0,-0.299242424242,,0,,,,,,,,0,0.666666666667,0
2024,001001,ATL,STINT,Dylan Molloy,M,3,42,2,0,0,0,2,0,10,9,1,4,0,7,1,129,21,94,0,0,0,0,0,0,10,4,4,0,0,0.278653073834,0.149621212121,0.0542071549959,0.495250431779,0.544568245125,0.4,0.7,0.4,0.047619047619,0.276700509826,1.19287991125,0.077519379845,0.047619047619,0.1,0,-0.299242424242,,0,,,,,,,,0,0.666666666667,0
2024,001009,ALL,SEASON,Colin Heacock,M,12,150,9,0,0,0,8,2,31,29,2,12,0,23,1,526,59,323,0,0,0,0,0,0,31,12,12,0,0,0.278653073834,0.149621212121,0.0542071549959,0.495250431779,0.544568245125,0.387096774194,0.741935483871,0.387096774194,0.06,-0.868926750621,3.32057601034,0.0589353612167,0.0338983050847,0.0645161290323,0,-0.598484848485,,0,,,,,,,,0,0.666666666667,0.166666666667
2024,001009,WHP,STINT,Colin Heacock,M,12,150,9,0,0,0,8,2,31,29,2,12,0,23,1,526,59,323,0,0,0,0,0,0,31,12,12,0,0,0.278653073834,0.149621212121,0.0542071549959,0.495250431779,0.544568245125,0.387096774194,0.741935483871,0.387096774194,0.06,-0.868926750621,3.32057601034,0.0589353612167,0.0338983050847,0.0645161290323,0,-0.598484848485,,0,,,,,,,,0,0.666666666667,0.166666666667
2024,001010,ALL,SEASON,Isaiah Davis-Allen,SSDM,5,16,0,10,3,3,4,0,1,1,0,0,0,1,0,210,37,141,0,0,0,0,0,0,1,0,0,0,0,0.278653073834,0.149621212121,0.0542071549959,0.495250431779,0.544568245125,0,1,0,0,0.867314479934,-0.278653073834,0.0047619047619,0,0,,,0.3,0.0709219858156,-1.95250431779,,,,,,,0.6,0.8,0
2024,001010,RED,STINT,Isaiah Davis-Allen,SSDM,5,16,0,10,3,3,4,0,1,1,0,0,0,1,0,210,37,141,0,0,0,0,0,0,1,0,0,0,0,0.278653073834,0.149621212121,0.0542071549959,0.495250431779,0.544568245125,0,1,0,0,0.867314479934,-0.278653073834,0.0047619047619,0,0,,,0.3,0.0709219858156,-1.95250431779,,,,,,,0.6,0.8,0
2024,001020,ALL,SEASON,Mike Messenger,SSDM,2,17,1,2,0,1,6,0,2,2,0,0,0,0,0,103,17,65,0,0,0,0,0,0,2,0,0,0,0,0.278653073834,0.149621212121,0.0542071549959,0.495250431779,0.544568245125,0,0,0,0.0588235294118,-0.0784783650704,-0.557306147668,0.0194174757282,0,0,,,0,0.0307692307692,-0.990500863558,,,,,,,0.5,3,0
2024,001020,OUT,STINT,Mike Messenger,SSDM,2,17,1,2,0,1,6,0,2,2,0,0,0,0,0,103,17,65,0,0,0,0,0,0,2,0,0,0,0,0.278653073834,0.149621212121,0.0542071549959,0.495250431779,0.544568245125,0,0,0,0.0588235294118,-0.0784783650704,-0.557306147668,0.0194174757282,0,0,,,0,0.0307692307692,-0.990500863558,,,,,,,0.5,3,0
2024,001391,ALL,SEASON,Mikie Schlosser,M,3,40,2,0,0,0,0,0,4,4,0,2,0,3,1,121,20,83,0,0,0,0,0,0,4,2,2,0,0,0.278653073834,0.149621212121,0.0542071549959,0.495250431779,0.544568245125,0.5,0.75,0.5,0.05,0.168286199834,0.885387704665,0.0330578512397,0,0,,,,0,,,,,,,,0,0,0
2024,001391,WAT,STINT,Mikie Schlosser,M,3,40,2,0,0,0,0,0,4,4,0,2,0,3,1,121,20,83,0,0,0,0,0,0,4,2,2,0,0,0.278653073834,0.149621212121,0.0542071549959,0.495250431779,0.544568245125,0.5,0.75,0.5,0.05,0.168286199834,0.885387704665,0.0330578512397,0,0,,,,0,,,,,,,,0,0,0
2024,001397,ALL,SEASON,Michael Rexrode,D,11,52,3,1,0,14,12,2,1,1,0,0,0,1,0,490,52,319,0,0,0,0,0,0,1,0,0,0,0,0.278653073834,0.149621212121,0.0542071549959,0.495250431779,0.544568245125,0,1,0,0.0576923076923,-0.181227940215,-0.278653073834,0.00204081632653,0,0,,,0,0.00313479623824,-0.495250431779,,,,,,,1.27272727273,1.09090909091,0.181818181818
2024,001397,ATL,STINT,Michael Rexrode,D,11,52,3,1,0,14,12,2,1,1,0,0,0,1,0,490,52,319,0,0,0,0,0,0,1,0,0,0,0,0.278653073834,0.149621212121,0.0542071549959,0.495250431779,0.544568245125,0,1,0,0.0576923076923,-0.181227940215,-0.278653073834,0.00204081632653,0,0,,,0,0.00313479623824,-0.495250431779,,,,,,,1.27272727273,1.09090909091,0.181818181818
2024,001406,ALL,SEASON,Ben Randall,D,10,100,4,0,0,17,27,2,3,1,2,1,0,1,0,434,61,255,0,0,0,0,0,0,3,1,1,0,0,0.278653073834,0.149621212121,0.0542071549959,0.495250431779,0.544568245125,0.333333333333,0.333333333333,0.333333333333,0.04,1.42071549959,0.122862077681,0.00691244239631,0.0327868852459,0.666666666667,0,-0.598484848485,,0,,,,,,,,1.7,2.7,0.2
2024,001406,WAT,STINT,Ben Randall,D,10,100,4,0,0,17,27,2,3,1,2,1,0,1,0,434,61,255,0,0,0,0,0,0,3,1,1,0,0,0.278653073834,0.149621212121,0.0542071549959,0.495250431779,0.544568245125,0.333333333333,0.333333333333,0.333333333333,0.04,1.42071549959,0.122862077681,0.00691244239631,0.0327868852459,0.666666666667,0,-0.598484848485,,0,,,,,,,,1.7,2.7,0.2
2024,001415,ALL,SEASON,Greg Weyl,D,3,22,0,0,0,5,7,2,3,3,0,1,0,1,0,116,19,71,0,0,0,0,0,0,3,1,1,0,0,0.278653073834,0.149621212121,0.0542071549959,0.495250431779,0.544568245125,0.333333333333,0.333333333333,0.333333333333,0,1.19255740991,0.164040778499,0.0258620689655,0,0,,,,0,,,,,,,,1.66666666667,2.33333333333,0.666666666667
2024,001415,OUT,STINT,Greg Weyl,D,3,22,0,0,0,5,7,2,3,3,0,1,0,1,0,116,19,71,0,0,0,0,0,0,3,1,1,0,0,0.278653073834,0.149621212121,0.0542071549959,0.495250431779,0.544568245125,0.333333333333,0.333333333333,0.333333333333,0,1.19255740991,0.164040778499,0.0258620689655,0,0,,,,0,,,,,,,,1.66666666667,2.33333333333,0.666666666667
2024,001661,ALL,SEASON,Warren Jeffrey,D,12,51,2,0,0,7,17,1,0,0,0,0,0,0,0,480,70,309,0,0,0,0,0,0,0,0,0,0,0,0.278653073834,0.149621212121,0.0542071549959,0.495250431779,0.544568245125,,,,0.0392156862745,0.764564904789,,0,0,,,,,0,,,,,,,,0.583333333333,1.41666666667,0.0833333333333
2024,001661,ARC,STINT,Warren Jeffrey,D,12,51,2,0,0,7,17,1,0,0,0,0,0,0,0,480,70,309,0,0,0,0,0,0,0,0,0,0,0,0.278653073834,0.149621212121,0.0542071549959,0.495250431779,0.544568245125,,,,0.0392156862745,0.764564904789,,0,0,,,,,0,,,,,,,,0.583333333333,1.41666666667,0.0833333333333
2024,001671,ALL,SEASON,Zach Goodrich,SSDM,11,35,2,19,2,5,6,3,2,1,1,0,0,1,0,459,92,274,0,0,0,0,0,0,2,0,0,0,0,0.278653073834,0.149621212121,0.0542071549959,0.495250431779,0.544568245125,0,0.5,0,0.0571428571429,-0.102749575145,-0.577895498076,0.00435729847495,0.0108695652174,0.5,0,-0.299242424242,0.105263157895,0.0693430656934,-7.4097582038,,,,,,,0.454545454545,0.545454545455,0.272727272727
2024,001671,CAN,STINT,Zach Goodrich,SSDM,11,35,2,19,2,5,6,3,2,1,1,0,0,1,0,459,92,274,0,0,0,0,0,0,2,0,0,0,0,0.278653073834,0.149621212121,0.0542071549959,0.495250431779,0.544568245125,0,0.5,0,0.0571428571429,-0.102749575145,-0.577895498076,0.00435729847495,0.0108695652174,0.5,0,-0.299242424242,0.105263157895,0.0693430656934,-7.4097582038,,,,,,,0.454545454545,0.545454545455,0.272727272727
2024,001707,ALL,SEASON,Matt Whitcher,SSDM,9,60,7,18,0,5,11,2,11,10,1,2,0,5,0,397,54,228,0,0,0,0,0,0,11,2,2,0,0,0.278653073834,0.149621212121,0.0542071549959,0.495250431779,0.544568245125,0.181818181818,0.454545454545,0.181818181818,0.116666666667,-3.74757070025,-1.08577316258,0.0277078085642,0.0185185185185,0.0909090909091,0,-0.299242424242,0,0.0789473684211,-8.91450777202,,,,,,,0.555555555556,1.22222222222,0.222222222222
2024,001707,WAT,STINT,Matt Whitcher,SSDM,9,60,7,18,0,5,11,2,11,10,1,2,0,5,0,397,54,228,0,0,0,0,0,0,11,2,2,0,0,0.278653073834,0.149621212121,0.0542071549959,0.495250431779,0.544568245125,0.181818181818,0.454545454545,0.181818181818,0.116666666667,-3.74757070025,-1.08577316258,0.0277078085642,0.0185185185185,0.0909090909091,0,-0.299242424242,0,0.0789473684211,-8.91450777202,,,,,,,0.555555555556,1.22222222222,0.222222222222
2024,001724,ALL,SEASON,Sean Sconone,G,2,12,0,0,0,0,2,0,0,0,0,0,0,0,0,87,14,51,7,1,13,2,3,3,0,0,0,8,23,0.278653073834,0.149621212121,0.0542071549959,0.495250431779,0.544568245125,,,,0,0.65048585995,,0,0,,,,,0,,0.347826086957,0.35,0.333333333333,-4.52506963788,0.884615384615,0.115384615385,0,1,0
2024,001724,OUT,STINT,Sean Sconone,G,2,12,0,0,0,0,2,0,0,0,0,0,0,0,0,87,14,51,7,1,13,2,3,3,0,0,0,8,23,0.278653073834,0.149621212121,0.0542071549959,0.495250431779,0.544568245125,,,,0,0.65048585995,,0,0,,,,,0,,0.347826086957,0.35,0.333333333333,-4.52506963788,0.884615384615,0.115384615385,0,1,0
2024,001729,ALL,SEASON,Chris Aslanian,M,9,195,7,0,0,1,0,0,34,24,10,6,2,20,4,368,78,225,0,0,0,0,0,0,34,8,10,0,0,0.278653073834,0.149621212121,0.0542071549959,0.495250431779,0.544568245125,0.235294117647,0.588235294118,0.294117647059,0.0358974358974,3.57039522419,0.319901985565,0.0923913043478,0.128205128205,0.294117647059,0.2,1.00757575758,,0,,,,,,,,0.111111111111,0,0
2024,001729,CAN,STINT,Chris Aslanian,M,9,195,7,0,0,1,0,0,34,24,10,6,2,20,4,368,78,225,0,0,0,0,0,0,34,8,10,0,0,0.278653073834,0.149621212121,0.0542071549959,0.495250431779,0.544568245125,0.235294117647,0.588235294118,0.294117647059,0.0358974358974,3.57039522419,0.319901985565,0.0923913043478,0.128205128205,0.294117647059,0.2,1.00757575758,,0,,,,,,,,0.111111111111,0,0
2024,001733,ALL,SEASON,Charlie Hayes,SSDM,5,33,2,4,0,2,11,0,4,4,0,1,0,3,0,213,37,138,0,0,0,0,0,0,4,1,1,0,0,0.278653073834,0.149621212121,0.0542071549959,0.495250431779,0.544568245125,0.25,0.75,0.25,0.0606060606061,-0.211163885137,-0.114612295335,0.018779342723,0,0,,,0,0.0289855072464,-1.98100172712,,,,,,,0.4,2.2,0
2024,001733,WAT,STINT,Charlie Hayes,SSDM,5,33,2,4,0,2,11,0,4,4,0,1,0,3,0,213,37,138,0,0,0,0,0,0,4,1,1,0,0,0.278653073834,0.149621212121,0.0542071549959,0.495250431779,0.544568245125,0.25,0.75,0.25,0.0606060606061,-0.211163885137,-0.114612295335,0.018779342723,0,0,,,0,0.0289855072464,-1.98100172712,,,,,,,0.4,2.2,0
2024,001760,ALL,SEASON,Pat Aslanian,SSDM,1,4,0,5,1,0,0,1,1,0,1,0,0,0,0,39,9,33,0,0,0,0,0,0,1,0,0,0,0,0.278653073834,0.149621212121,0.0542071549959,0.495250431779,0.544568245125,0,0,0,0,0.216828619983,-0.299242424242,0.025641025641,0.111111111111,1,0,-0.299242424242,0.2,0.151515151515,-1.47625215889,,,,,,,0,0,1
2024,001760,CAN,STINT,Pat Aslanian,SSDM,1,4,0,5,1,0,0,1,1,0,1,0,0,0,0,39,9,33,0,0,0,0,0,0,1,0,0,0,0,0.278653073834,0.149621212121,0.0542071549959,0.495250431779,0.544568245125,0,0,0,0,0.216828619983,-0.299242424242,0.025641025641,0.111111111111,1,0,-0.299242424242,0.2,0.151515151515,-1.47625215889,,,,,,,0,0,1
2024,001766,ALL,SEASON,Holden Garlent,D,7,25,2,0,0,2,8,1,1,1,0,0,0,1,0,279,35,180,0,0,0,0,0,0,1,0,0,0,0,0.278653073834,0.149621212121,0.0542071549959,0.495250431779,0.544568245125,0,1,0,0.08,-0.644821125103,-0.278653073834,0.00358422939068,0,0,,,,0,,,,,,,,0.285714285714,1.14285714286,0.142857142857
2024,001766,RED,STINT,Holden Garlent,D,7,25,2,0,0,2,8,1,1,1,0,0,0,1,0,279,35,180,0,0,0,0,0,0,1,0,0,0,0,0.278653073834,0.149621212121,0.0542071549959,0.495250431779,0.544568245125,0,1,0,0.08,-0.644821125103,-0.278653073834,0.00358422939068,0,0,,,,0,,,,,,,,0.285714285714,1.14285714286,0.142857142857
2024,001795,ALL,SEASON,Christian Scarpello,SSDM,9,66,3,8,0,4,12,0,3,1,2,1,0,2,0,387,49,231,0,0,0,0,0,0,3,1,1,0,0,0.278653073834,0.149621212121,0.0542071549959,0.495250431779,0.544568245125,0.333333333333,0.666666666667,0.333333333333,0.0454545454545,0.577672229727,0.122862077681,0.0077519379845,0.0408163265306,0.666666666667,0,-0.598484848485,0,0.034632034632,-3.96200345423,,,,,,,0.444444444444,1.33333333333,0
2024,001795,WAT,STINT,Christian Scarpello,SSDM,9,66,3,8,0,4,12,0,3,1,2,1,0,2,0,387,49,231,0,0,0,0,0,0,3,1,1,0,0,0.278653073834,0.149621212121,0.0542071549959,0.495250431779,0.544568245125,0.333333333333,0.666666666667,0.333333333333,0.0454545454545,0.577672229727,0.122862077681,0.0077519379845,0.0408163265306,0.666666666667,0,-0.598484848485,0,0.034632034632,-3.96200345423,,,,,,,0.444444444444,1.33333333333,0
2024,001809,ALL,SEASON,Jeff Teat,A,11,451,27,0,0,2,27,1,87,87,0,30,0,58,3,490,52,319,0,0,0,0,0,0,87,30,30,0,0,0.278653073834,0.149621212121,0.0542071549959,0.495250431779,0.544568245125,0.344827586207,0.666666666667,0.344827586207,0.059866962306,-2.55257309687,5.75718257646,0.177551020408,0,0,,,,0,,,,,,,,0.181818181818,2.45454545455,0.0909090909091
2024,001809,ATL,STINT,Jeff Teat,A,11,451,27,0,0,2,27,1,87,87,0,30,0,58,3,490,52,319,0,0,0,0,0,0,87,30,30,0,0,0.278653073834,0.149621212121,0.0542071549959,0.495250431779,0.544568245125,0.344827586207,0.666666666667,0.344827586207,0.059866962306,-2.55257309687,5.75718257646,0.177551020408,0,0,,,,0,,,,,,,,0.181818181818,2.45454545455,0.0909090909091
2024,001810,ALL,SEASON,Michael Sowers,A,10,344,17,0,0,0,8,2,62,57,5,18,0,46,0,434,61,255,0,0,0,0,0,0,62,18,18,0,0,0.278653073834,0.149621212121,0.0542071549959,0.495250431779,0.544568245125,0.290322580645,0.741935483871,0.290322580645,0.0494186046512,1.64726131858,0.620562670261,0.142857142857,0.0819672131148,0.0806451612903,0,-1.49621212121,,0,,,,,,,,0,0.8,0.2
2024,001810,WAT,STINT,Michael Sowers,A,10,344,17,0,0,0,8,2,62,57,5,18,0,46,0,434,61,255,0,0,0,0,0,0,62,18,18,0,0,0.278653073834,0.149621212121,0.0542071549959,0.495250431779,0.544568245125,0.290322580645,0.741935483871,0.290322580645,0.0494186046512,1.64726131858,0.620562670261,0.142857142857,0.0819672131148,0.0806451612903,0,-1.49621212121,,0,,,,,,,,0,0.8,0.2
2024,001811,ALL,SEASON,JT Giles-Harris,D,11,84,4,0,0,9,15,3,0,0,0,0,0,0,0,472,75,280,0,0,0,0,0,0,0,0,0,0,0,0.278653073834,0.149621212121,0.0542071549959,0.495250431779,0.544568245125,,,,0.047619047619,0.553401019652,,0,0,,,,,0,,,,,,,,0.818181818182,1.36363636364,0.272727272727
2024,001811,OUT,STINT,JT Giles-Harris,D,11,84,4,0,0,9,15,3,0,0,0,0,0,0,0,472,75,280,0,0,0,0,0,0,0,0,0,0,0,0.278653073834,0.149621212121,0.0542071549959,0.495250431779,0.544568245125,,,,0.047619047619,0.553401019652,,0,0,,,,,0,,,,,,,,0.818181818182,1.36363636364,0.272727272727
2024,001812,ALL,SEASON,TD Ierlan,FO,10,88,2,238,143,2,81,0,13,12,1,4,0,8,0,400,58,258,0,0,0,0,0,0,13,4,4,0,0,0.278653073834,0.149621212121,0.0542071549959,0.495250431779,0.544568245125,0.307692307692,0.615384615385,0.307692307692,0.0227272727273,2.77022963964,0.356920689752,0.0325,0.0172413793103,0.0769230769231,0,-0.299242424242,0.600840336134,0.922480620155,25.1303972366,,,,,,,0.2,8.1,0
2024,001812,RED,STINT,TD Ierlan,FO,10,88,2,238,143,2,81,0,13,12,1,4,0,8,0,400,58,258,0,0,0,0,0,0,13,4,4,0,0,0.278653073834,0.149621212121,0.0542071549959,0.495250431779,0.544568245125,0.307692307692,0.615384615385,0.307692307692,0.0227272727273,2.77022963964,0.356920689752,0.0325,0.0172413793103,0.0769230769231,0,-0.299242424242,0.600840336134,0.922480620155,25.1303972366,,,,,,,0.2,8.1,0
2024,001813,ALL,SEASON,Jared Conners,LSM,10,77,8,0,0,4,33,1,7,3,4,2,0,3,0,400,58,258,0,0,0,0,0,0,7,2,2,0,0,0.278653073834,0.149621212121,0.0542071549959,0.495250431779,0.544568245125,0.285714285714,0.428571428571,0.285714285714,0.103896103896,-3.82604906532,-0.0329289184711,0.0175,0.0689655172414,0.571428571429,0,-1.19696969697,,0,,,,,,,,0.4,3.3,0.1
2024,001813,RED,STINT,Jared Conners,LSM,10,77,8,0,0,4,33,1,7,3,4,2,0,3,0,400,58,258,0,0,0,0,0,0,7,2,2,0,0,0.278653073834,0.149621212121,0.0542071549959,0.495250431779,0.544568245125,0.285714285714,0.428571428571,0.285714285714,0.103896103896,-3.82604906532,-0.0329289184711,0.0175,0.0689655172414,0.571428571429,0,-1.19696969697,,0,,,,,,,,0.4,3.3,0.1
2024,001814,ALL,SEASON,Mac O'Keefe,A,12,305,19,0,0,3,14,4,92,77,15,24,1,54,0,480,70,309,0,0,0,0,0,0,92,25,26,0,0,0.278653073834,0.149621212121,0.0542071549959,0.495250431779,0.544568245125,0.271739130435,0.586956521739,0.282608695652,0.0622950819672,-2.46681772626,0.0550769511613,0.191666666667,0.214285714286,0.163043478261,0.0666666666667,-2.48863636364,,0,,,,,,,,0.25,1.16666666667,0.333333333333
2024,001814,ARC,STINT,Mac O'Keefe,A,12,305,19,0,0,3,14,4,92,77,15,24,1,54,0,480,70,309,0,0,0,0,0,0,92,25,26,0,0,0.278653073834,0.149621212121,0.0542071549959,0.495250431779,0.544568245125,0.271739130435,0.586956521739,0.282608695652,0.0622950819672,-2.46681772626,0.0550769511613,0.191666666667,0.214285714286,0.163043478261,0.0666666666667,-2.48863636364,,0,,,,,,,,0.25,1.16666666667,0.333333333333
2024,001815,ALL,SEASON,Connor Kirst,M,11,141,6,20,5,1,17,0,34,31,3,12,1,24,2,459,92,274,0,0,0,0,0,0,34,13,14,0,0,0.278653073834,0.149621212121,0.0542071549959,0.495250431779,0.544568245125,0.382352941176,0.705882352941,0.411764705882,0.0425531914894,1.64320885442,4.46402743843,0.0740740740741,0.0326086956522,0.0882352941176,0.333333333333,1.10227272727,0.25,0.0729927007299,-4.90500863558,,,,,,,0.0909090909091,1.54545454545,0
2024,001815,CAN,STINT,Connor Kirst,M,11,141,6,20,5,1,17,0,34,31,3,12,1,24,2,459,92,274,0,0,0,0,0,0,34,13,14,0,0,0.278653073834,0.149621212121,0.0542071549959,0.495250431779,0.544568245125,0.382352941176,0.705882352941,0.411764705882,0.0425531914894,1.64320885442,4.46402743843,0.0740740740741,0.0326086956522,0.0882352941176,0.333333333333,1.10227272727,0.25,0.0729927007299,-4.90500863558,,,,,,,0.0909090909091,1.54545454545,0
2024,001816,ALL,SEASON,Dox Aitken,M,11,290,14,1,0,0,17,3,57,49,8,16,0,35,4,490,52,319,0,0,0,0,0,0,57,16,16,0,0,0.278653073834,0.149621212121,0.0542071549959,0.495250431779,0.544568245125,0.280701754386,0.614035087719,0.280701754386,0.048275862069,1.7200749488,-0.0479400117954,0.116326530612,0.153846153846,0.140350877193,0,-2.39393939394,0,0.00313479623824,-0.495250431779,,,,,,,0,1.54545454545,0.272727272727
2024,001816,ATL,STINT,Dox Aitken,M,11,290,14,1,0,0,17,3,57,49,8,16,0,35,4,490,52,319,0,0,0,0,0,0,57,16,16,0,0,0.278653073834,0.149621212121,0.0542071549959,0.495250431779,0.544568245125,0.280701754386,0.614035087719,0.280701754386,0.048275862069,1.7200749488,-0.0479400117954,0.116326530612,0.153846153846,0.140350877193,0,-2.39393939394,0,0.00313479623824,-0.495250431779,,,,,,,0,1.54545454545,0.272727272727
2024,001818,ALL,SEASON,Jake Carraway,M,7,121,4,0,0,0,5,0,28,19,9,7,1,18,1,308,43,175,0,0,0,0,0,0,28,8,9,0,0,0.278653073834,0.149621212121,0.0542071549959,0.495250431779,0.544568245125,0.285714285714,0.642857142857,0.321428571429,0.0330578512397,2.5590657545,1.01240977898,0.0909090909091,0.209302325581,0.321428571429,0.111111111111,-0.693181818182,,0,,,,,,,,0,0.714285714286,0
2024,001818,WAT,STINT,Jake Carraway,M,7,121,4,0,0,0,5,0,28,19,9,7,1,18,1,308,43,175,0,0,0,0,0,0,28,8,9,0,0,0.278653073834,0.149621212121,0.0542071549959,0.495250431779,0.544568245125,0.285714285714,0.642857142857,0.321428571429,0.0330578512397,2.5590657545,1.01240977898,0.0909090909091,0.209302325581,0.321428571429,0.111111111111,-0.693181818182,,0,,,,,,,,0,0.714285714286,0
2024,001819,ALL,SEASON,Danny Logan,SSDM,11,83,0,28,3,3,9,4,8,6,2,2,0,5,0,490,52,319,0,0,0,0,0,0,8,2,2,0,0,0.278653073834,0.149621212121,0.0542071549959,0.495250431779,0.544568245125,0.25,0.625,0.25,0,4.49919386466,-0.270403291488,0.0163265306122,0.0384615384615,0.25,0,-0.598484848485,0.107142857143,0.0877742946708,-10.8670120898,,,,,,,0.272727272727,0.818181818182,0.363636363636
2024,001819,ATL,STINT,Danny Logan,SSDM,11,83,0,28,3,3,9,4,8,6,2,2,0,5,0,490,52,319,0,0,0,0,0,0,8,2,2,0,0,0.278653073834,0.149621212121,0.0542071549959,0.495250431779,0.544568245125,0.25,0.625,0.25,0,4.49919386466,-0.270403291488,0.0163265306122,0.0384615384615,0.25,0,-0.598484848485,0.107142857143,0.0877742946708,-10.8670120898,,,,,,,0.272727272727,0.818181818182,0.363636363636
2024,001820,ALL,SEASON,Ryan Terefenko,SSDM,11,131,10,7,0,2,18,6,8,7,1,4,1,7,1,472,75,280,0,0,0,0,0,0,8,5,6,0,0,0.278653073834,0.149621212121,0.0542071549959,0.495250431779,0.544568245125,0.625,0.875,0.75,0.0763358778626,-2.89886269554,3.75018605892,0.0169491525424,0.0133333333333,0.125,1,1.70075757576,0,0.025,-3.46675302245,,,,,,,0.181818181818,1.63636363636,0.545454545455
2024,001820,OUT,STINT,Ryan Terefenko,SSDM,11,131,10,7,0,2,18,6,8,7,1,4,1,7,1,472,75,280,0,0,0,0,0,0,8,5,6,0,0,0.278653073834,0.149621212121,0.0542071549959,0.495250431779,0.544568245125,0.625,0.875,0.75,0.0763358778626,-2.89886269554,3.75018605892,0.0169491525424,0.0133333333333,0.125,1,1.70075757576,0,0.025,-3.46675302245,,,,,,,0.181818181818,1.63636363636,0.545454545455
2024,001821,ALL,SEASON,Tre Leclaire,M,12,215,10,0,0,0,10,4,49,42,7,22,2,34,1,480,70,309,0,0,0,0,0,0,49,24,26,0,0,0.278653073834,0.149621212121,0.0542071549959,0.495250431779,0.544568245125,0.489795918367,0.69387755102,0.530612244898,0.046511627907,1.65453832411,12.2018739293,0.102083333333,0.1,0.142857142857,0.285714285714,1.9053030303,,0,,,,,,,,0,0.833333333333,0.333333333333
2024,001821,ARC,STINT,Tre Leclaire,M,12,215,10,0,0,0,10,4,49,42,7,22,2,34,1,480,70,309,0,0,0,0,0,0,49,24,26,0,0,0.278653073834,0.149621212121,0.0542071549959,0.495250431779,0.544568245125,0.489795918367,0.69387755102,0.530612244898,0.046511627907,1.65453832411,12.2018739293,0.102083333333,0.1,0.142857142857,0.285714285714,1.9053030303,,0,,,,,,,,0,0.833333333333,0.333333333333
2024,001824,ALL,SEASON,Ryan Tierney,M,4,59,5,0,0,1,1,0,5,5,0,0,0,1,0,144,17,99,0,0,0,0,0,0,5,0,0,0,0,0.278653073834,0.149621212121,0.0542071549959,0.495250431779,0.544568245125,0,0.2,0,0.0847457627119,-1.80177785524,-1.39326536917,0.0347222222222,0,0,,,,0,,,,,,,,0.25,0.25,0
2024,001824,RED,STINT,Ryan Tierney,M,4,59,5,0,0,1,1,0,5,5,0,0,0,1,0,144,17,99,0,0,0,0,0,0,5,0,0,0,0,0.278653073834,0.149621212121,0.0542071549959,0.495250431779,0.544568245125,0,0.2,0,0.0847457627119,-1.80177785524,-1.39326536917,0.0347222222222,0,0,,,,0,,,,,,,,0.25,0.25,0
2024,001826,ALL,SEASON,Jeff Trainor,SSDM,11,99,5,0,0,6,15,5,12,7,5,4,1,7,0,459,92,274,0,0,0,0,0,0,12,5,6,0,0,0.278653073834,0.149621212121,0.0542071549959,0.495250431779,0.544568245125,0.416666666667,0.583333333333,0.5,0.0505050505051,0.36650834459,2.55321636195,0.0261437908497,0.054347826087,0.416666666667,0.2,0.503787878788,,0,,,,,,,,0.545454545455,1.36363636364,0.454545454545
2024,001826,CAN,STINT,Jeff Trainor,SSDM,11,99,5,0,0,6,15,5,12,7,5,4,1,7,0,459,92,274,0,0,0,0,0,0,12,5,6,0,0,0.278653073834,0.149621212121,0.0542071549959,0.495250431779,0.544568245125,0.416666666667,0.583333333333,0.5,0.0505050505051,0.36650834459,2.55321636195,0.0261437908497,0.054347826087,0.416666666667,0.2,0.503787878788,,0,,,,,,,,0.545454545455,1.36363636364,0.454545454545
2024,001828,ALL,SEASON,Justin Anderson,M,11,198,11,0,0,5,24,1,38,37,1,11,1,22,3,472,75,280,0,0,0,0,0,0,38,12,13,0,0,0.278653073834,0.149621212121,0.0542071549959,0.495250431779,0.544568245125,0.315789473684,0.578947368421,0.342105263158,0.0555555555556,-0.26698331082,2.39059384391,0.0805084745763,0.0133333333333,0.0263157894737,1,1.70075757576,,0,,,,,,,,0.454545454545,2.18181818182,0.0909090909091
2024,001828,OUT,STINT,Justin Anderson,M,11,198,11,0,0,5,24,1,38,37,1,11,1,22,3,472,75,280,0,0,0,0,0,0,38,12,13,0,0,0.278653073834,0.149621212121,0.0542071549959,0.495250431779,0.544568245125,0.315789473684,0.578947368421,0.342105263158,0.0555555555556,-0.26698331082,2.39059384391,0.0805084745763,0.0133333333333,0.0263157894737,1,1.70075757576,,0,,,,,,,,0.454545454545,2.18181818182,0.0909090909091
2024,001831,ALL,SEASON,Colin Squires,LSM,13,69,3,0,0,5,50,1,5,2,3,1,0,2,0,580,67,353,0,0,0,0,0,0,5,1,1,0,0,0.278653073834,0.149621212121,0.0542071549959,0.495250431779,0.544568245125,0.2,0.4,0.2,0.0434782608696,0.740293694714,-0.455033420395,0.00862068965517,0.044776119403,0.6,0,-0.897727272727,,0,,,,,,,,0.384615384615,3.84615384615,0.0769230769231
2024,001831,WHP,STINT,Colin Squires,LSM,13,69,3,0,0,5,50,1,5,2,3,1,0,2,0,580,67,353,0,0,0,0,0,0,5,1,1,0,0,0.278653073834,0.149621212121,0.0542071549959,0.495250431779,0.544568245125,0.2,0.4,0.2,0.0434782608696,0.740293694714,-0.455033420395,0.00862068965517,0.044776119403,0.6,0,-0.897727272727,,0,,,,,,,,0.384615384615,3.84615384615,0.0769230769231
2024,001832,ALL,SEASON,Charlie Bertrand,M,10,225,9,0,0,0,5,0,52,50,2,13,1,36,4,400,58,258,0,0,0,0,0,0,52,14,15,0,0,0.278653073834,0.149621212121,0.0542071549959,0.495250431779,0.544568245125,0.269230769231,0.692307692308,0.288461538462,0.04,3.19660987407,0.468861459825,0.13,0.0344827586207,0.0384615384615,0.5,1.40151515152,,0,,,,,,,,0,0.5,0
2024,001832,RED,STINT,Charlie Bertrand,M,10,225,9,0,0,0,5,0,52,50,2,13,1,36,4,400,58,258,0,0,0,0,0,0,52,14,15,0,0,0.278653073834,0.149621212121,0.0542071549959,0.495250431779,0.544568245125,0.269230769231,0.692307692308,0.288461538462,0.04,3.19660987407,0.468861459825,0.13,0.0344827586207,0.0384615384615,0.5,1.40151515152,,0,,,,,,,,0,0.5,0
2024,001835,ALL,SEASON,Ethan Walker,A,10,262,9,0,0,2,11,0,29,29,0,5,0,19,4,434,61,255,0,0,0,0,0,0,29,5,5,0,0,0.278653073834,0.149621212121,0.0542071549959,0.495250431779,0.544568245125,0.172413793103,0.655172413793,0.172413793103,0.0343511450382,5.20227460892,-3.08093914118,0.0668202764977,0,0,,,,0,,,,,,,,0.2,1.1,0
2024,001835,WAT,STINT,Ethan Walker,A,10,262,9,0,0,2,11,0,29,29,0,5,0,19,4,434,61,255,0,0,0,0,0,0,29,5,5,0,0,0.278653073834,0.149621212121,0.0542071549959,0.495250431779,0.544568245125,0.172413793103,0.655172413793,0.172413793103,0.0343511450382,5.20227460892,-3.08093914118,0.0668202764977,0,0,,,,0,,,,,,,,0.2,1.1,0
2024,001836,ALL,SEASON,Jackson Morrill,A,3,39,4,0,0,0,3,0,6,6,0,2,0,6,0,120,16,86,0,0,0,0,0,0,6,2,2,0,0,0.278653073834,0.149621212121,0.0542071549959,0.495250431779,0.544568245125,0.333333333333,1,0.333333333333,0.102564102564,-1.88592095516,0.328081556997,0.05,0,0,,,,0,,,,,,,,0,1,0
2024,001836,WHP,STINT,Jackson Morrill,A,3,39,4,0,0,0,3,0,6,6,0,2,0,6,0,120,16,86,0,0,0,0,0,0,6,2,2,0,0,0.278653073834,0.149621212121,0.0542071549959,0.495250431779,0.544568245125,0.333333333333,1,0.333333333333,0.102564102564,-1.88592095516,0.328081556997,0.05,0,0,,,,0,,,,,,,,0,1,0
2024,001839,ALL,SEASON,Nick Grill,LSM,10,30,1,0,0,7,14,1,1,0,1,0,0,0,0,416,64,243,0,0,0,0,0,0,1,0,0,0,0,0.278653073834,0.149621212121,0.0542071549959,0.495250431779,0.544568245125,0,0,0,0.0333333333333,0.626214649876,-0.299242424242,0.00240384615385,0.015625,1,0,-0.299242424242,,0,,,,,,,,0.7,1.4,0.1
2024,001839,OUT,STINT,Nick Grill,LSM,10,30,1,0,0,7,14,1,1,0,1,0,0,0,0,416,64,243,0,0,0,0,0,0,1,0,0,0,0,0.278653073834,0.149621212121,0.0542071549959,0.495250431779,0.544568245125,0,0,0,0.0333333333333,0.626214649876,-0.299242424242,0.00240384615385,0.015625,1,0,-0.299242424242,,0,,,,,,,,0.7,1.4,0.1
2024,002006,ALL,SEASON,Reid Bowering,M,3,24,3,0,0,0,7,1,8,8,0,2,0,4,1,136,16,90,0,0,0,0,0,0,8,2,2,0,0,0.278653073834,0.149621212121,0.0542071549959,0.495250431779,0.544568245125,0.25,0.5,0.25,0.125,-1.6990282801,-0.22922459067,0.0588235294118,0,0,,,,0,,,,,,,,0,2.33333333333,0.333333333333
2024,002006,ATL,STINT,Reid Bowering,M,3,24,3,0,0,0,7,1,8,8,0,2,0,4,1,136,16,90,0,0,0,0,0,0,8,2,2,0,0,0.278653073834,0.149621212121,0.0542071549959,0.495250431779,0.544568245125,0.25,0.5,0.25,0.125,-1.6990282801,-0.22922459067,0.0588235294118,0,0,,,,0,,,,,,,,0,2.33333333333,0.333333333333
2024,002015,ALL,SEASON,Logan Wisnauskas,A,1,39,2,0,0,0,5,0,7,7,0,3,0,6,0,47,6,28,0,0,0,0,0,0,7,3,3,0,0,0.278653073834,0.149621212121,0.0542071549959,0.495250431779,0.544568245125,0.428571428571,0.857142857143,0.428571428571,0.0512820512821,0.114079044839,1.04942848316,0.148936170213,0,0,,,,0,,,,,,,,0,5,0
2024,002015,OUT,STINT,Logan Wisnauskas,A,1,39,2,0,0,0,5,0,7,7,0,3,0,6,0,47,6,28,0,0,0,0,0,0,7,3,3,0,0,0.278653073834,0.149621212121,0.0542071549959,0.495250431779,0.544568245125,0.428571428571,0.857142857143,0.428571428571,0.0512820512821,0.114079044839,1.04942848316,0.148936170213,0,0,,,,0,,,,,,,,0,5,0
2024,002016,ALL,SEASON,Chris Gray,A,8,238,13,0,0,1,8,0,37,34,3,8,0,22,4,317,47,206,0,0,0,0,0,0,37,8,8,0,0,0.278653073834,0.149621212121,0.0542071549959,0.495250431779,0.544568245125,0.216216216216,0.594594594595,0.216216216216,0.0546218487395,-0.0986971109852,-2.37193178308,0.116719242902,0.063829787234,0.0810810810811,0,-0.897727272727,,0,,,,,,,,0.125,1,0
2024,002016,RED,STINT,Chris Gray,A,8,238,13,0,0,1,8,0,37,34,3,8,0,22,4,317,47,206,0,0,0,0,0,0,37,8,8,0,0,0.278653073834,0.149621212121,0.0542071549959,0.495250431779,0.544568245125,0.216216216216,0.594594594595,0.216216216216,0.0546218487395,-0.0986971109852,-2.37193178308,0.116719242902,0.063829787234,0.0810810810811,0,-0.897727272727,,0,,,,,,,,0.125,1,0
2024,002017,ALL,SEASON,Arden Cohen,D,10,49,2,0,0,9,28,6,1,1,0,0,0,1,0,400,58,258,0,0,0,0,0,0,1,0,0,0,0,0.278653073834,0.149621212121,0.0542071549959,0.495250431779,0.544568245125,0,1,0,0.0408163265306,0.656150594797,-0.278653073834,0.0025,0,0,,,,0,,,,,,,,0.9,2.8,0.6
2024,002017,RED,STINT,Arden Cohen,D,10,49,2,0,0,9,28,6,1,1,0,0,0,1,0,400,58,258,0,0,0,0,0,0,1,0,0,0,0,0.278653073834,0.149621212121,0.0542071549959,0.495250431779,0.544568245125,0,1,0,0.0408163265306,0.656150594797,-0.278653073834,0.0025,0,0,,,,0,,,,,,,,0.9,2.8,0.6
2024,002018,ALL,SEASON,Matt Moore,A,9,218,11,0,0,0,9,2,40,35,5,7,1,22,1,362,46,231,0,0,0,0,0,0,40,8,9,0,0,0.278653073834,0.149621212121,0.0542071549959,0.495250431779,0.544568245125,0.2,0.55,0.225,0.0504587155963,0.817159789098,-2.2490697054,0.110497237569,0.108695652174,0.125,0.2,0.503787878788,,0,,,,,,,,0,1,0.222222222222
2024,002018,ARC,STINT,Matt Moore,A,9,218,11,0,0,0,9,2,40,35,5,7,1,22,1,362,46,231,0,0,0,0,0,0,40,8,9,0,0,0.278653073834,0.149621212121,0.0542071549959,0.495250431779,0.544568245125,0.2,0.55,0.225,0.0504587155963,0.817159789098,-2.2490697054,0.110497237569,0.108695652174,0.125,0.2,0.503787878788,,0,,,,,,,,0,1,0.222222222222
2024,002019,ALL,SEASON,Koby Smith,LSM,11,57,3,0,0,5,16,2,12,4,8,0,2,8,0,490,52,319,0,0,0,0,0,0,12,2,4,0,0,0.278653073834,0.149621212121,0.0542071549959,0.495250431779,0.544568245125,0.166666666667,0.666666666667,0.333333333333,0.0526315789474,0.089807834764,0.491448310725,0.0244897959184,0.153846153846,0.666666666667,0.25,1.60606060606,,0,,,,,,,,0.454545454545,1.45454545455,0.181818181818
2024,002019,ATL,STINT,Koby Smith,LSM,11,57,3,0,0,5,16,2,12,4,8,0,2,8,0,490,52,319,0,0,0,0,0,0,12,2,4,0,0,0.278653073834,0.149621212121,0.0542071549959,0.495250431779,0.544568245125,0.166666666667,0.666666666667,0.333333333333,0.0526315789474,0.089807834764,0.491448310725,0.0244897959184,0.153846153846,0.666666666667,0.25,1.60606060606,,0,,,,,,,,0.454545454545,1.45454545455,0.181818181818
2024,002020,ALL,SEASON,Brett Kennedy,LSM,1,3,1,0,0,0,0,0,0,0,0,0,0,0,0,46,5,31,0,0,0,0,0,0,0,0,0,0,0,0.278653073834,0.149621212121,0.0542071549959,0.495250431779,0.544568245125,,,,0.333333333333,-0.837378535012,,0,0,,,,,0,,,,,,,,0,0,0
2024,002020,WHP,STINT,Brett Kennedy,LSM,1,3,1,0,0,0,0,0,0,0,0,0,0,0,0,46,5,31,0,0,0,0,0,0,0,0,0,0,0,0.278653073834,0.149621212121,0.0542071549959,0.495250431779,0.544568245125,,,,0.333333333333,-0.837378535012,,0,0,,,,,0,,,,,,,,0,0,0
2024,002021,ALL,SEASON,Roman Puglise,SSDM,13,113,6,1,0,3,15,3,8,7,1,3,1,6,0,580,67,353,0,0,0,0,0,0,8,4,5,0,0,0.278653073834,0.149621212121,0.0542071549959,0.495250431779,0.544568245125,0.5,0.75,0.625,0.0530973451327,0.125408514532,2.75018605892,0.0137931034483,0.0149253731343,0.125,1,1.70075757576,0,0.0028328611898,-0.495250431779,,,,,,,0.230769230769,1.15384615385,0.230769230769
2024,002021,WHP,STINT,Roman Puglise,SSDM,13,113,6,1,0,3,15,3,8,7,1,3,1,6,0,580,67,353,0,0,0,0,0,0,8,4,5,0,0,0.278653073834,0.149621212121,0.0542071549959,0.495250431779,0.544568245125,0.5,0.75,0.625,0.0530973451327,0.125408514532,2.75018605892,0.0137931034483,0.0149253731343,0.125,1,1.70075757576,0,0.0028328611898,-0.495250431779,,,,,,,0.230769230769,1.15384615385,0.230769230769
2024,002022,ALL,SEASON,Zach Geddes,SSDM,12,95,3,1,0,6,19,2,19,17,2,6,0,12,2,450,53,268,0,0,0,0,0,0,19,6,6,0,0,0.278653073834,0.149621212121,0.0542071549959,0.495250431779,0.544568245125,0.315789473684,0.631578947368,0.315789473684,0.0315789473684,2.14967972461,0.664412896341,0.0422222222222,0.0377358490566,0.105263157895,0,-0.598484848485,0,0.00373134328358,-0.495250431779,,,,,,,0.5,1.58333333333,0.166666666667
2024,002022,CHA,STINT,Zach Geddes,SSDM,12,95,3,1,0,6,19,2,19,17,2,6,0,12,2,450,53,268,0,0,0,0,0,0,19,6,6,0,0,0.278653073834,0.149621212121,0.0542071549959,0.495250431779,0.544568245125,0.315789473684,0.631578947368,0.315789473684,0.0315789473684,2.14967972461,0.664412896341,0.0422222222222,0.0377358490566,0.105263157895,0,-0.598484848485,0,0.00373134328358,-0.495250431779,,,,,,,0.5,1.58333333333,0.166666666667
2024,002024,ALL,SEASON,Asher Nolting,A,11,352,33,1,0,2,16,3,49,48,1,12,0,29,2,459,92,274,0,0,0,0,0,0,49,12,12,0,0,0.278653073834,0.149621212121,0.0542071549959,0.495250431779,0.544568245125,0.244897959184,0.591836734694,0.244897959184,0.09375,-13.9190814415,-1.67458996826,0.106753812636,0.0108695652174,0.0204081632653,0,-0.299242424242,0,0.0036496350365,-0.495250431779,,,,,,,0.181818181818,1.45454545455,0.272727272727
2024,002024,CAN,STINT,Asher Nolting,A,11,352,33,1,0,2,16,3,49,48,1,12,0,29,2,459,92,274,0,0,0,0,0,0,49,12,12,0,0,0.278653073834,0.149621212121,0.0542071549959,0.495250431779,0.544568245125,0.244897959184,0.591836734694,0.244897959184,0.09375,-13.9190814415,-1.67458996826,0.106753812636,0.0108695652174,0.0204081632653,0,-0.299242424242,0,0.0036496350365,-0.495250431779,,,,,,,0.181818181818,1.45454545455,0.272727272727
2024,002025,ALL,SEASON,Bubba Fairman,SSDM,11,89,4,5,2,3,9,2,7,7,0,0,0,3,1,459,92,274,0,0,0,0,0,0,7,0,0,0,0,0.278653073834,0.149621212121,0.0542071549959,0.495250431779,0.544568245125,0,0.428571428571,0,0.0449438202247,0.824436794632,-1.95057151684,0.0152505446623,0,0,,,0.4,0.0182481751825,-0.476252158895,,,,,,,0.272727272727,0.818181818182,0.181818181818
2024,002025,CAN,STINT,Bubba Fairman,SSDM,11,89,4,5,2,3,9,2,7,7,0,0,0,3,1,459,92,274,0,0,0,0,0,0,7,0,0,0,0,0.278653073834,0.149621212121,0.0542071549959,0.495250431779,0.544568245125,0,0.428571428571,0,0.0449438202247,0.824436794632,-1.95057151684,0.0152505446623,0,0,,,0.4,0.0182481751825,-0.476252158895,,,,,,,0.272727272727,0.818181818182,0.181818181818
2024,002026,ALL,SEASON,Brett Dobson,G,12,183,6,0,0,4,30,0,2,0,2,0,0,1,0,480,70,309,154,31,109,10,28,42,2,0,0,185,304,0.278653073834,0.149621212121,0.0542071549959,0.495250431779,0.544568245125,0,0.5,0,0.0327868852459,3.91990936424,-0.598484848485,0.00416666666667,0.0285714285714,1,0,-0.598484848485,,0,,0.608552631579,0.585551330798,0.756097560976,19.4512534819,0.915662650602,0.126506024096,0.333333333333,2.5,0
2024,002026,ARC,STINT,Brett Dobson,G,12,183,6,0,0,4,30,0,2,0,2,0,0,1,0,480,70,309,154,31,109,10,28,42,2,0,0,185,304,0.278653073834,0.149621212121,0.0542071549959,0.495250431779,0.544568245125,0,0.5,0,0.0327868852459,3.91990936424,-0.598484848485,0.00416666666667,0.0285714285714,1,0,-0.598484848485,,0,,0.608552631579,0.585551330798,0.756097560976,19.4512534819,0.915662650602,0.126506024096,0.333333333333,2.5,0
2024,002028,ALL,SEASON,Jack Hannah,M,7,156,15,0,0,1,11,1,46,41,5,9,0,26,4,298,49,174,0,0,0,0,0,0,46,9,9,0,0,0.278653073834,0.149621212121,0.0542071549959,0.495250431779,0.544568245125,0.195652173913,0.565217391304,0.195652173913,0.0961538461538,-6.54368382065,-3.9209881484,0.154362416107,0.102040816327,0.108695652174,0,-1.49621212121,,0,,,,,,,,0.142857142857,1.57142857143,0.142857142857
2024,002028,WAT,STINT,Jack Hannah,M,7,156,15,0,0,1,11,1,46,41,5,9,0,26,4,298,49,174,0,0,0,0,0,0,46,9,9,0,0,0.278653073834,0.149621212121,0.0542071549959,0.495250431779,0.544568245125,0.195652173913,0.565217391304,0.195652173913,0.0961538461538,-6.54368382065,-3.9209881484,0.154362416107,0.102040816327,0.108695652174,0,-1.49621212121,,0,,,,,,,,0.142857142857,1.57142857143,0.142857142857
2024,002029,ALL,SEASON,Wheaton Jackoboice,SSDM,8,54,1,0,0,1,7,1,6,4,2,1,0,4,0,359,45,208,0,0,0,0,0,0,6,1,1,0,0,0.278653073834,0.149621212121,0.0542071549959,0.495250431779,0.544568245125,0.166666666667,0.666666666667,0.166666666667,0.0185185185185,1.92718636978,-0.71309714382,0.016713091922,0.0444444444444,0.333333333333,0,-0.598484848485,,0,,,,,,,,0.125,0.875,0.125
2024,002029,WHP,STINT,Wheaton Jackoboice,SSDM,8,54,1,0,0,1,7,1,6,4,2,1,0,4,0,359,45,208,0,0,0,0,0,0,6,1,1,0,0,0.278653073834,0.149621212121,0.0542071549959,0.495250431779,0.544568245125,0.166666666667,0.666666666667,0.166666666667,0.0185185185185,1.92718636978,-0.71309714382,0.016713091922,0.0444444444444,0.333333333333,0,-0.598484848485,,0,,,,,,,,0.125,0.875,0.125
2024,002030,ALL,SEASON,Jonathan Donville,M,1,20,4,0,0,0,0,0,2,2,0,0,0,1,0,37,14,22,0,0,0,0,0,0,2,0,0,0,0,0.278653073834,0.149621212121,0.0542071549959,0.495250431779,0.544568245125,0,0.5,0,0.2,-2.91585690008,-0.557306147668,0.0540540540541,0,0,,,,0,,,,,,,,0,0,0
2024,002030,CAN,STINT,Jonathan Donville,M,1,20,4,0,0,0,0,0,2,2,0,0,0,1,0,37,14,22,0,0,0,0,0,0,2,0,0,0,0,0.278653073834,0.149621212121,0.0542071549959,0.495250431779,0.544568245125,0,0.5,0,0.2,-2.91585690008,-0.557306147668,0.0540540540541,0,0,,,,0,,,,,,,,0,0,0
2024,002031,ALL,SEASON,Ryan McNulty,LSM,4,15,1,0,0,1,7,0,1,0,1,0,0,0,0,152,16,95,0,0,0,0,0,0,1,0,0,0,0,0.278653073834,0.149621212121,0.0542071549959,0.495250431779,0.544568245125,0,0,0,0.0666666666667,-0.186892675062,-0.299242424242,0.00657894736842,0.0625,1,0,-0.299242424242,,0,,,,,,,,0.25,1.75,0
2024,002031,CHA,STINT,Ryan McNulty,LSM,4,15,1,0,0,1,7,0,1,0,1,0,0,0,0,152,16,95,0,0,0,0,0,0,1,0,0,0,0,0.278653073834,0.149621212121,0.0542071549959,0.495250431779,0.544568245125,0,0,0,0.0666666666667,-0.186892675062,-0.299242424242,0.00657894736842,0.0625,1,0,-0.299242424242,,0,,,,,,,,0.25,1.75,0
2024,002033,ALL,SEASON,Nakeie Montgomery,M,8,92,7,1,0,1,8,0,17,15,2,2,0,11,0,328,50,209,0,0,0,0,0,0,17,2,2,0,0,0.278653073834,0.149621212121,0.0542071549959,0.495250431779,0.544568245125,0.117647058824,0.647058823529,0.117647058824,0.0760869565217,-2.01294174038,-2.77828095599,0.0518292682927,0.04,0.117647058824,0,-0.598484848485,0,0.00478468899522,-0.495250431779,,,,,,,0.125,1,0
2024,002033,RED,STINT,Nakeie Montgomery,M,8,92,7,1,0,1,8,0,17,15,2,2,0,11,0,328,50,209,0,0,0,0,0,0,17,2,2,0,0,0.278653073834,0.149621212121,0.0542071549959,0.495250431779,0.544568245125,0.117647058824,0.647058823529,0.117647058824,0.0760869565217,-2.01294174038,-2.77828095599,0.0518292682927,0.04,0.117647058824,0,-0.598484848485,0,0.00478468899522,-0.495250431779,,,,,,,0.125,1,0
2024,002034,ALL,SEASON,Keegan Khan,M,3,44,0,0,0,1,3,0,8,8,0,1,0,7,1,119,15,78,0,0,0,0,0,0,8,1,1,0,0,0.278653073834,0.149621212121,0.0542071549959,0.495250431779,0.544568245125,0.125,0.875,0.125,0,2.38511481982,-1.22922459067,0.0672268907563,0,0,,,,0,,,,,,,,0.333333333333,1,0
2024,002034,WHP,STINT,Keegan Khan,M,3,44,0,0,0,1,3,0,8,8,0,1,0,7,1,119,15,78,0,0,0,0,0,0,8,1,1,0,0,0.278653073834,0.149621212121,0.0542071549959,0.495250431779,0.544568245125,0.125,0.875,0.125,0,2.38511481982,-1.22922459067,0.0672268907563,0,0,,,,0,,,,,,,,0.333333333333,1,0
2024,002038,ALL,SEASON,Colin Kirst,G,11,178,2,0,0,2,25,0,0,0,0,0,0,0,0,459,92,274,124,17,115,4,12,21,0,0,0,141,260,0.278653073834,0.149621212121,0.0542071549959,0.495250431779,0.544568245125,,,,0.0112359550562,7.64887358926,,0,0,,,,,0,,0.542307692308,0.518828451883,0.809523809524,-0.587743732591,0.955882352941,0.0772058823529,0.181818181818,2.27272727273,0
2024,002038,CAN,STINT,Colin Kirst,G,11,178,2,0,0,2,25,0,0,0,0,0,0,0,0,459,92,274,124,17,115,4,12,21,0,0,0,141,260,0.278653073834,0.149621212121,0.0542071549959,0.495250431779,0.544568245125,,,,0.0112359550562,7.64887358926,,0,0,,,,,0,,0.542307692308,0.518828451883,0.809523809524,-0.587743732591,0.955882352941,0.0772058823529,0.181818181818,2.27272727273,0
2024,002039,ALL,SEASON,Owen McElroy,G,10,139,3,0,0,1,27,0,1,0,1,0,0,1,0,425,69,252,99,20,99,8,8,29,1,0,0,119,226,0.278653073834,0.149621212121,0.0542071549959,0.495250431779,0.544568245125,0,1,0,0.0215827338129,4.53479454442,-0.299242424242,0.00235294117647,0.0144927536232,1,0,-0.299242424242,,0,,0.526548672566,0.5,0.714285714286,-4.07242339833,0.965811965812,0.123931623932,0.1,2.7,0
2024,002039,OUT,STINT,Owen McElroy,G,10,139,3,0,0,1,27,0,1,0,1,0,0,1,0,425,69,252,99,20,99,8,8,29,1,0,0,119,226,0.278653073834,0.149621212121,0.0542071549959,0.495250431779,0.544568245125,0,1,0,0.0215827338129,4.53479454442,-0.299242424242,0.00235294117647,0.0144927536232,1,0,-0.299242424242,,0,,0.526548672566,0.5,0.714285714286,-4.07242339833,0.965811965812,0.123931623932,0.1,2.7,0
2024,002042,ALL,SEASON,Jon Robbins,LSM,11,37,3,0,0,7,20,1,2,2,0,0,0,1,0,438,62,285,0,0,0,0,0,0,2,0,0,0,0,0.278653073834,0.149621212121,0.0542071549959,0.495250431779,0.544568245125,0,0.5,0,0.0810810810811,-0.994335265153,-0.557306147668,0.00456621004566,0,0,,,,0,,,,,,,,0.636363636364,1.81818181818,0.0909090909091
2024,002042,ARC,STINT,Jon Robbins,LSM,11,37,3,0,0,7,20,1,2,2,0,0,0,1,0,438,62,285,0,0,0,0,0,0,2,0,0,0,0,0.278653073834,0.149621212121,0.0542071549959,0.495250431779,0.544568245125,0,0.5,0,0.0810810810811,-0.994335265153,-0.557306147668,0.00456621004566,0,0,,,,0,,,,,,,,0.636363636364,1.81818181818,0.0909090909091
2024,002043,ALL,SEASON,Ryan Aughavin,M,6,58,4,0,0,0,2,0,12,6,6,0,1,8,0,245,41,160,0,0,0,0,0,0,12,1,2,0,0,0.278653073834,0.149621212121,0.0542071549959,0.495250431779,0.544568245125,0.0833333333333,0.666666666667,0.166666666667,0.0689655172414,-0.85598501024,-1.46737298846,0.0489795918367,0.146341463415,0.5,0.166666666667,0.204545454545,,0,,,,,,,,0,0.333333333333,0
2024,002043,ARC,STINT,Ryan Aughavin,M,6,58,4,0,0,0,2,0,12,6,6,0,1,8,0,245,41,160,0,0,0,0,0,0,12,1,2,0,0,0.278653073834,0.149621212121,0.0542071549959,0.495250431779,0.544568245125,0.0833333333333,0.666666666667,0.166666666667,0.0689655172414,-0.85598501024,-1.46737298846,0.0489795918367,0.146341463415,0.5,0.166666666667,0.204545454545,,0,,,,,,,,0,0.333333333333,0
2024,002054,ALL,SEASON,Chris Merle,SSDM,10,73,3,0,0,14,17,4,8,6,2,2,0,5,1,400,58,258,0,0,0,0,0,0,8,2,2,0,0,0.278653073834,0.149621212121,0.0542071549959,0.495250431779,0.544568245125,0.25,0.625,0.25,0.041095890411,0.957122314698,-0.270403291488,0.02,0.0344827586207,0.25,0,-0.598484848485,,0,,,,,,,,1.4,1.7,0.4
2024,002054,RED,STINT,Chris Merle,SSDM,10,73,3,0,0,14,17,4,8,6,2,2,0,5,1,400,58,258,0,0,0,0,0,0,8,2,2,0,0,0.278653073834,0.149621212121,0.0542071549959,0.495250431779,0.544568245125,0.25,0.625,0.25,0.041095890411,0.957122314698,-0.270403291488,0.02,0.0344827586207,0.25,0,-0.598484848485,,0,,,,,,,,1.4,1.7,0.4
2024,002059,ALL,SEASON,Brendan Krebs,G,13,217,8,0,0,4,40,0,1,0,1,0,0,0,0,580,67,353,135,29,129,10,16,40,1,0,0,164,303,0.278653073834,0.149621212121,0.0542071549959,0.495250431779,0.544568245125,0,0,0,0.036866359447,3.7629526341,-0.299242424242,0.00172413793103,0.0149253731343,1,0,-0.299242424242,,0,,0.541254125413,0.511363636364,0.74358974359,-1.00417827298,0.949843260188,0.12539184953,0.307692307692,3.07692307692,0
2024,002059,WHP,STINT,Brendan Krebs,G,13,217,8,0,0,4,40,0,1,0,1,0,0,0,0,580,67,353,135,29,129,10,16,40,1,0,0,164,303,0.278653073834,0.149621212121,0.0542071549959,0.495250431779,0.544568245125,0,0,0,0.036866359447,3.7629526341,-0.299242424242,0.00172413793103,0.0149253731343,1,0,-0.299242424242,,0,,0.541254125413,0.511363636364,0.74358974359,-1.00417827298,0.949843260188,0.12539184953,0.307692307692,3.07692307692,0
2024,002063,ALL,SEASON,Ryan Kennedy,LSM,2,8,0,0,0,0,1,0,1,1,0,0,0,1,0,79,14,50,0,0,0,0,0,0,1,0,0,0,0,0.278653073834,0.149621212121,0.0542071549959,0.495250431779,0.544568245125,0,1,0,0,0.433657239967,-0.278653073834,0.0126582278481,0,0,,,,0,,,,,,,,0,0.5,0
2024,002063,RED,STINT,Ryan Kennedy,LSM,2,8,0,0,0,0,1,0,1,1,0,0,0,1,0,79,14,50,0,0,0,0,0,0,1,0,0,0,0,0.278653073834,0.149621212121,0.0542071549959,0.495250431779,0.544568245125,0,1,0,0,0.433657239967,-0.278653073834,0.0126582278481,0,0,,,,0,,,,,,,,0,0.5,0
2024,002067,ALL,SEASON,Zac Tucci,FO,10,65,7,224,108,2,69,4,24,12,12,2,1,12,1,420,83,241,0,0,0,0,0,0,24,3,4,0,0,0.278653073834,0.149621212121,0.0542071549959,0.495250431779,0.544568245125,0.125,0.5,0.166666666667,0.107692307692,-3.47653492527,-2.93474597691,0.0571428571429,0.144578313253,0.5,0.0833333333333,-1.59090909091,0.482142857143,0.929460580913,-2.93609671848,,,,,,,0.2,6.9,0.4
2024,002067,CAN,STINT,Zac Tucci,FO,10,65,7,224,108,2,69,4,24,12,12,2,1,12,1,420,83,241,0,0,0,0,0,0,24,3,4,0,0,0.278653073834,0.149621212121,0.0542071549959,0.495250431779,0.544568245125,0.125,0.5,0.166666666667,0.107692307692,-3.47653492527,-2.93474597691,0.0571428571429,0.144578313253,0.5,0.0833333333333,-1.59090909091,0.482142857143,0.929460580913,-2.93609671848,,,,,,,0.2,6.9,0.4
2024,002074,ALL,SEASON,Alexander Smith,SSDM,8,33,3,1,0,3,5,1,0,0,0,0,0,0,0,334,52,186,0,0,0,0,0,0,0,0,0,0,0,0.278653073834,0.149621212121,0.0542071549959,0.495250431779,0.544568245125,,,,0.0909090909091,-1.21116388514,,0,0,,,,0,0.00537634408602,-0.495250431779,,,,,,,0.375,0.625,0.125
2024,002074,OUT,STINT,Alexander Smith,SSDM,8,33,3,1,0,3,5,1,0,0,0,0,0,0,0,334,52,186,0,0,0,0,0,0,0,0,0,0,0,0.278653073834,0.149621212121,0.0542071549959,0.495250431779,0.544568245125,,,,0.0909090909091,-1.21116388514,,0,0,,,,0,0.00537634408602,-0.495250431779,,,,,,,0.375,0.625,0.125
2024,003004,ALL,SEASON,Mike Sisselberger,FO,12,91,22,289,162,2,99,1,8,8,0,1,0,2,0,480,70,309,0,0,0,0,0,0,8,1,1,0,0,0.278653073834,0.149621212121,0.0542071549959,0.495250431779,0.544568245125,0.125,0.25,0.125,0.241758241758,-17.0671488954,-1.22922459067,0.0166666666667,0,0,,,0.560553633218,0.935275080906,18.8726252159,,,,,,,0.166666666667,8.25,0.0833333333333
2024,003004,ARC,STINT,Mike Sisselberger,FO,12,91,22,289,162,2,99,1,8,8,0,1,0,2,0,480,70,309,0,0,0,0,0,0,8,1,1,0,0,0.278653073834,0.149621212121,0.0542071549959,0.495250431779,0.544568245125,0.125,0.25,0.125,0.241758241758,-17.0671488954,-1.22922459067,0.0166666666667,0,0,,,0.560553633218,0.935275080906,18.8726252159,,,,,,,0.166666666667,8.25,0.0833333333333
2024,003005,ALL,SEASON,Connor Maher,SSDM,12,78,1,6,0,5,14,1,3,1,2,0,0,3,0,480,70,309,0,0,0,0,0,0,3,0,0,0,0,0.278653073834,0.149621212121,0.0542071549959,0.495250431779,0.544568245125,0,1,0,0.0128205128205,3.22815808968,-0.877137922319,0.00625,0.0285714285714,0.666666666667,0,-0.598484848485,0,0.0194174757282,-2.97150259067,,,,,,,0.416666666667,1.16666666667,0.0833333333333
2024,003005,ARC,STINT,Connor Maher,SSDM,12,78,1,6,0,5,14,1,3,1,2,0,0,3,0,480,70,309,0,0,0,0,0,0,3,0,0,0,0,0.278653073834,0.149621212121,0.0542071549959,0.495250431779,0.544568245125,0,1,0,0.0128205128205,3.22815808968,-0.877137922319,0.00625,0.0285714285714,0.666666666667,0,-0.598484848485,0,0.0194174757282,-2.97150259067,,,,,,,0.416666666667,1.16666666667,0.0833333333333
2024,003006,ALL,SEASON,Piper Bond,SSDM,12,152,11,3,0,4,25,6,7,6,1,2,0,5,0,480,70,309,0,0,0,0,0,0,7,2,2,0,0,0.278653073834,0.149621212121,0.0542071549959,0.495250431779,0.544568245125,0.285714285714,0.714285714286,0.285714285714,0.0723684210526,-2.76051244063,0.0288391327548,0.0145833333333,0.0142857142857,0.142857142857,0,-0.299242424242,0,0.00970873786408,-1.48575129534,,,,,,,0.333333333333,2.08333333333,0.5
2024,003006,ARC,STINT,Piper Bond,SSDM,12,152,11,3,0,4,25,6,7,6,1,2,0,5,0,480,70,309,0,0,0,0,0,0,7,2,2,0,0,0.278653073834,0.149621212121,0.0542071549959,0.495250431779,0.544568245125,0.285714285714,0.714285714286,0.285714285714,0.0723684210526,-2.76051244063,0.0288391327548,0.0145833333333,0.0142857142857,0.142857142857,0,-0.299242424242,0,0.00970873786408,-1.48575129534,,,,,,,0.333333333333,2.08333333333,0.5
2024,003007,ALL,SEASON,Cam Wyers,D,11,40,1,0,0,7,20,4,5,2,3,0,0,1,0,445,66,295,0,0,0,0,0,0,5,0,0,0,0,0.278653073834,0.149621212121,0.0542071549959,0.495250431779,0.544568245125,0,0.2,0,0.025,1.16828619983,-1.45503342039,0.0112359550562,0.0454545454545,0.6,0,-0.897727272727,,0,,,,,,,,0.636363636364,1.81818181818,0.363636363636
2024,003007,ARC,STINT,Cam Wyers,D,11,40,1,0,0,7,20,4,5,2,3,0,0,1,0,445,66,295,0,0,0,0,0,0,5,0,0,0,0,0.278653073834,0.149621212121,0.0542071549959,0.495250431779,0.544568245125,0,0.2,0,0.025,1.16828619983,-1.45503342039,0.0112359550562,0.0454545454545,0.6,0,-0.897727272727,,0,,,,,,,,0.636363636364,1.81818181818,0.363636363636
2024,003008,ALL,SEASON,Gavin Adler,D,11,70,2,0,0,19,17,1,0,0,0,0,0,0,0,490,52,319,0,0,0,0,0,0,0,0,0,0,0,0.278653073834,0.149621212121,0.0542071549959,0.495250431779,0.544568245125,,,,0.0285714285714,1.79450084971,,0,0,,,,,0,,,,,,,,1.72727272727,1.54545454545,0.0909090909091
2024,003008,ATL,STINT,Gavin Adler,D,11,70,2,0,0,19,17,1,0,0,0,0,0,0,0,490,52,319,0,0,0,0,0,0,0,0,0,0,0,0.278653073834,0.149621212121,0.0542071549959,0.495250431779,0.544568245125,,,,0.0285714285714,1.79450084971,,0,0,,,,,0,,,,,,,,1.72727272727,1.54545454545,0.0909090909091
2024,003009,ALL,SEASON,Brett Makar,D,11,93,6,0,0,10,23,3,2,0,2,0,0,1,0,490,52,319,0,0,0,0,0,0,2,0,0,0,0,0.278653073834,0.149621212121,0.0542071549959,0.495250431779,0.544568245125,0,0.5,0,0.0645161290323,-0.958734585385,-0.598484848485,0.00408163265306,0.0384615384615,1,0,-0.598484848485,,0,,,,,,,,0.909090909091,2.09090909091,0.272727272727
2024,003009,ATL,STINT,Brett Makar,D,11,93,6,0,0,10,23,3,2,0,2,0,0,1,0,490,52,319,0,0,0,0,0,0,2,0,0,0,0,0.278653073834,0.149621212121,0.0542071549959,0.495250431779,0.544568245125,0,0.5,0,0.0645161290323,-0.958734585385,-0.598484848485,0.00408163265306,0.0384615384615,1,0,-0.598484848485,,0,,,,,,,,0.909090909091,2.09090909091,0.272727272727
2024,003010,ALL,SEASON,Xander Dickson,A,11,208,12,0,0,5,16,4,62,62,0,24,0,42,3,490,52,319,0,0,0,0,0,0,62,24,24,0,0,0.278653073834,0.149621212121,0.0542071549959,0.495250431779,0.544568245125,0.387096774194,0.677419354839,0.387096774194,0.0576923076923,-0.724911760861,6.7235094223,0.126530612245,0,0,,,,0,,,,,,,,0.454545454545,1.45454545455,0.363636363636
2024,003010,ATL,STINT,Xander Dickson,A,11,208,12,0,0,5,16,4,62,62,0,24,0,42,3,490,52,319,0,0,0,0,0,0,62,24,24,0,0,0.278653073834,0.149621212121,0.0542071549959,0.495250431779,0.544568245125,0.387096774194,0.677419354839,0.387096774194,0.0576923076923,-0.724911760861,6.7235094223,0.126530612245,0,0,,,,0,,,,,,,,0.454545454545,1.45454545455,0.363636363636
2024,003011,ALL,SEASON,Payton Rezanka,SSDM,11,40,1,1,0,4,6,3,5,5,0,2,0,4,0,490,52,319,0,0,0,0,0,0,5,2,2,0,0,0.278653073834,0.149621212121,0.0542071549959,0.495250431779,0.544568245125,0.4,0.8,0.4,0.025,1.16828619983,0.606734630831,0.0102040816327,0,0,,,0,0.00313479623824,-0.495250431779,,,,,,,0.363636363636,0.545454545455,0.272727272727
2024,003011,ATL,STINT,Payton Rezanka,SSDM,11,40,1,1,0,4,6,3,5,5,0,2,0,4,0,490,52,319,0,0,0,0,0,0,5,2,2,0,0,0.278653073834,0.149621212121,0.0542071549959,0.495250431779,0.544568245125,0.4,0.8,0.4,0.025,1.16828619983,0.606734630831,0.0102040816327,0,0,,,0,0.00313479623824,-0.495250431779,,,,,,,0.363636363636,0.545454545455,0.272727272727
2024,003013,ALL,SEASON,Matt Campbell,M,11,281,8,0,0,1,13,0,55,37,18,9,5,36,2,459,92,274,0,0,0,0,0,0,55,14,19,0,0,0.278653073834,0.149621212121,0.0542071549959,0.495250431779,0.544568245125,0.254545454545,0.654545454545,0.345454545455,0.0284697508897,7.23221055384,3.30347263179,0.119825708061,0.195652173913,0.327272727273,0.277777777778,4.61363636364,,0,,,,,,,,0.0909090909091,1.18181818182,0
2024,003013,CAN,STINT,Matt Campbell,M,11,281,8,0,0,1,13,0,55,37,18,9,5,36,2,459,92,274,0,0,0,0,0,0,55,14,19,0,0,0.278653073834,0.149621212121,0.0542071549959,0.495250431779,0.544568245125,0.254545454545,0.654545454545,0.345454545455,0.0284697508897,7.23221055384,3.30347263179,0.119825708061,0.195652173913,0.327272727273,0.277777777778,4.61363636364,,0,,,,,,,,0.0909090909091,1.18181818182,0
2024,003015,ALL,SEASON,Will Bowen,D,11,60,3,0,0,5,18,3,1,0,1,0,0,0,0,406,49,245,0,0,0,0,0,0,1,0,0,0,0,0.278653073834,0.149621212121,0.0542071549959,0.495250431779,0.544568245125,0,0,0,0.05,0.252429299752,-0.299242424242,0.00246305418719,0.0204081632653,1,0,-0.299242424242,,0,,,,,,,,0.454545454545,1.63636363636,0.272727272727
2024,003015,CHA,STINT,Will Bowen,D,11,60,3,0,0,5,18,3,1,0,1,0,0,0,0,406,49,245,0,0,0,0,0,0,1,0,0,0,0,0.278653073834,0.149621212121,0.0542071549959,0.495250431779,0.544568245125,0,0,0,0.05,0.252429299752,-0.299242424242,0.00246305418719,0.0204081632653,1,0,-0.299242424242,,0,,,,,,,,0.454545454545,1.63636363636,0.272727272727
2024,003016,ALL,SEASON,Brian Minicus,M,12,169,12,0,0,0,10,1,34,33,1,6,0,17,2,450,53,268,0,0,0,0,0,0,34,6,6,0,0,0.278653073834,0.149621212121,0.0542071549959,0.495250431779,0.544568245125,0.176470588235,0.5,0.176470588235,0.0710059171598,-2.8389908057,-3.49479386076,0.0755555555556,0.0188679245283,0.0294117647059,0,-0.299242424242,,0,,,,,,,,0,0.833333333333,0.0833333333333
2024,003016,CHA,STINT,Brian Minicus,M,12,169,12,0,0,0,10,1,34,33,1,6,0,17,2,450,53,268,0,0,0,0,0,0,34,6,6,0,0,0.278653073834,0.149621212121,0.0542071549959,0.495250431779,0.544568245125,0.176470588235,0.5,0.176470588235,0.0710059171598,-2.8389908057,-3.49479386076,0.0755555555556,0.0188679245283,0.0294117647059,0,-0.299242424242,,0,,,,,,,,0,0.833333333333,0.0833333333333
2024,003017,ALL,SEASON,Tye Kurtz,A,9,199,9,0,0,0,12,1,32,30,2,9,1,22,0,331,39,207,0,0,0,0,0,0,32,10,11,0,0,0.278653073834,0.149621212121,0.0542071549959,0.495250431779,0.544568245125,0.3125,0.6875,0.34375,0.0452261306533,1.78722384418,2.0419229365,0.0966767371601,0.0512820512821,0.0625,0.5,1.40151515152,,0,,,,,,,,0,1.33333333333,0.111111111111
2024,003017,CHA,STINT,Tye Kurtz,A,9,199,9,0,0,0,12,1,32,30,2,9,1,22,0,331,39,207,0,0,0,0,0,0,32,10,11,0,0,0.278653073834,0.149621212121,0.0542071549959,0.495250431779,0.544568245125,0.3125,0.6875,0.34375,0.0452261306533,1.78722384418,2.0419229365,0.0966767371601,0.0512820512821,0.0625,0.5,1.40151515152,,0,,,,,,,,0,1.33333333333,0.111111111111
2024,003018,ALL,SEASON,Nick Rowlett,FO,10,54,8,220,83,2,54,2,11,11,0,1,0,6,2,376,46,227,0,0,0,0,0,0,11,1,1,0,0,0.278653073834,0.149621212121,0.0542071549959,0.495250431779,0.544568245125,0.0909090909091,0.545454545455,0.0909090909091,0.148148148148,-5.07281363022,-2.06518381217,0.0292553191489,0,0,,,0.377272727273,0.969162995595,-25.9550949914,,,,,,,0.2,5.4,0.2
2024,003018,CHA,STINT,Nick Rowlett,FO,10,54,8,220,83,2,54,2,11,11,0,1,0,6,2,376,46,227,0,0,0,0,0,0,11,1,1,0,0,0.278653073834,0.149621212121,0.0542071549959,0.495250431779,0.544568245125,0.0909090909091,0.545454545455,0.0909090909091,0.148148148148,-5.07281363022,-2.06518381217,0.0292553191489,0,0,,,0.377272727273,0.969162995595,-25.9550949914,,,,,,,0.2,5.4,0.2
2024,003019,ALL,SEASON,Sam Handley,M,11,218,12,0,0,0,3,0,49,42,7,8,2,32,5,472,75,280,0,0,0,0,0,0,49,10,12,0,0,0.278653073834,0.149621212121,0.0542071549959,0.495250431779,0.544568245125,0.204081632653,0.65306122449,0.244897959184,0.0550458715596,-0.182840210902,-1.79812607072,0.103813559322,0.0933333333333,0.142857142857,0.285714285714,1.9053030303,,0,,,,,,,,0,0.272727272727,0
2024,003019,OUT,STINT,Sam Handley,M,11,218,12,0,0,0,3,0,49,42,7,8,2,32,5,472,75,280,0,0,0,0,0,0,49,10,12,0,0,0.278653073834,0.149621212121,0.0542071549959,0.495250431779,0.544568245125,0.204081632653,0.65306122449,0.244897959184,0.0550458715596,-0.182840210902,-1.79812607072,0.103813559322,0.0933333333333,0.142857142857,0.285714285714,1.9053030303,,0,,,,,,,,0,0.272727272727,0
2024,003020,ALL,SEASON,Troy Hettinger,,1,2,0,0,0,0,1,0,0,0,0,0,0,0,0,40,4,20,0,0,0,0,0,0,0,0,0,0,0,0.278653073834,0.149621212121,0.0542071549959,0.495250431779,0.544568245125,,,,0,0.108414309992,,0,0,,,,,0,,,,,,,,0,1,0
2024,003020,ARC,STINT,Troy Hettinger,,1,2,0,0,0,0,1,0,0,0,0,0,0,0,0,40,4,20,0,0,0,0,0,0,0,0,0,0,0,0.278653073834,0.149621212121,0.0542071549959,0.495250431779,0.544568245125,,,,0,0.108414309992,,0,0,,,,,0,,,,,,,,0,1,0
2024,003021,ALL,SEASON,Jack Myers,A,2,71,2,0,0,0,2,0,11,11,0,3,0,7,0,103,17,65,0,0,0,0,0,0,11,3,3,0,0,0.278653073834,0.149621212121,0.0542071549959,0.495250431779,0.544568245125,0.272727272727,0.636363636364,0.272727272727,0.0281690140845,1.84870800471,-0.0651838121718,0.106796116505,0,0,,,,0,,,,,,,,0,1,0
2024,003021,OUT,STINT,Jack Myers,A,2,71,2,0,0,0,2,0,11,11,0,3,0,7,0,103,17,65,0,0,0,0,0,0,11,3,3,0,0,0.278653073834,0.149621212121,0.0542071549959,0.495250431779,0.544568245125,0.272727272727,0.636363636364,0.272727272727,0.0281690140845,1.84870800471,-0.0651838121718,0.106796116505,0,0,,,,0,,,,,,,,0,1,0
2024,003022,ALL,SEASON,Cross Ferrara,M,11,148,4,0,0,0,4,0,38,34,4,7,1,22,2,472,75,280,0,0,0,0,0,0,38,8,9,0,0,0.278653073834,0.149621212121,0.0542071549959,0.495250431779,0.544568245125,0.210526315789,0.578947368421,0.236842105263,0.027027027027,4.02265893939,-1.67117420732,0.0805084745763,0.0533333333333,0.105263157895,0.25,0.80303030303,,0,,,,,,,,0,0.363636363636,0
2024,003022,OUT,STINT,Cross Ferrara,M,11,148,4,0,0,0,4,0,38,34,4,7,1,22,2,472,75,280,0,0,0,0,0,0,38,8,9,0,0,0.278653073834,0.149621212121,0.0542071549959,0.495250431779,0.544568245125,0.210526315789,0.578947368421,0.236842105263,0.027027027027,4.02265893939,-1.67117420732,0.0805084745763,0.0533333333333,0.105263157895,0.25,0.80303030303,,0,,,,,,,,0,0.363636363636,0
2024,003024,ALL,SEASON,Brian Tevlin,SSDM,9,113,7,9,2,11,29,3,11,9,2,1,0,5,1,366,52,234,0,0,0,0,0,0,11,1,1,0,0,0.278653073834,0.149621212121,0.0542071549959,0.495250431779,0.544568245125,0.0909090909091,0.454545454545,0.0909090909091,0.0619469026549,-0.874591485468,-2.10636251299,0.0300546448087,0.0384615384615,0.181818181818,0,-0.598484848485,0.222222222222,0.0384615384615,-2.45725388601,,,,,,,1.22222222222,3.22222222222,0.333333333333
2024,003024,RED,STINT,Brian Tevlin,SSDM,9,113,7,9,2,11,29,3,11,9,2,1,0,5,1,366,52,234,0,0,0,0,0,0,11,1,1,0,0,0.278653073834,0.149621212121,0.0542071549959,0.495250431779,0.544568245125,0.0909090909091,0.454545454545,0.0909090909091,0.0619469026549,-0.874591485468,-2.10636251299,0.0300546448087,0.0384615384615,0.181818181818,0,-0.598484848485,0.222222222222,0.0384615384615,-2.45725388601,,,,,,,1.22222222222,3.22222222222,0.333333333333
2024,003025,ALL,SEASON,Cole Kirst,M,7,106,6,0,0,0,4,1,19,19,0,5,0,17,2,282,45,190,0,0,0,0,0,0,19,5,5,0,0,0.278653073834,0.149621212121,0.0542071549959,0.495250431779,0.544568245125,0.263157894737,0.894736842105,0.263157894737,0.0566037735849,-0.254041570439,-0.294408402842,0.0673758865248,0,0,,,,0,,,,,,,,0,0.571428571429,0.142857142857
2024,003025,RED,STINT,Cole Kirst,M,7,106,6,0,0,0,4,1,19,19,0,5,0,17,2,282,45,190,0,0,0,0,0,0,19,5,5,0,0,0.278653073834,0.149621212121,0.0542071549959,0.495250431779,0.544568245125,0.263157894737,0.894736842105,0.263157894737,0.0566037735849,-0.254041570439,-0.294408402842,0.0673758865248,0,0,,,,0,,,,,,,,0,0.571428571429,0.142857142857
2024,003027,ALL,SEASON,Thomas McConvey,M,2,16,0,0,0,1,0,0,3,3,0,0,0,1,0,91,7,50,0,0,0,0,0,0,3,0,0,0,0,0.278653073834,0.149621212121,0.0542071549959,0.495250431779,0.544568245125,0,0.333333333333,0,0,0.867314479934,-0.835959221501,0.032967032967,0,0,,,,0,,,,,,,,0.5,0,0
2024,003027,WAT,STINT,Thomas McConvey,M,2,16,0,0,0,1,0,0,3,3,0,0,0,1,0,91,7,50,0,0,0,0,0,0,3,0,0,0,0,0.278653073834,0.149621212121,0.0542071549959,0.495250431779,0.544568245125,0,0.333333333333,0,0,0.867314479934,-0.835959221501,0.032967032967,0,0,,,,0,,,,,,,,0.5,0,0
2024,003028,ALL,SEASON,Alex Mazzone,LSM,9,29,3,0,0,4,15,0,1,0,1,0,0,0,0,411,46,235,0,0,0,0,0,0,1,0,0,0,0,0.278653073834,0.149621212121,0.0542071549959,0.495250431779,0.544568245125,0,0,0,0.103448275862,-1.42799250512,-0.299242424242,0.00243309002433,0.0217391304348,1,0,-0.299242424242,,0,,,,,,,,0.444444444444,1.66666666667,0
2024,003028,WHP,STINT,Alex Mazzone,LSM,9,29,3,0,0,4,15,0,1,0,1,0,0,0,0,411,46,235,0,0,0,0,0,0,1,0,0,0,0,0.278653073834,0.149621212121,0.0542071549959,0.495250431779,0.544568245125,0,0,0,0.103448275862,-1.42799250512,-0.299242424242,0.00243309002433,0.0217391304348,1,0,-0.299242424242,,0,,,,,,,,0.444444444444,1.66666666667,0
2024,003029,ALL,SEASON,Chris Fake,D,10,74,4,0,0,2,12,0,5,0,5,0,1,2,0,400,58,258,0,0,0,0,0,0,5,1,2,0,0,0.278653073834,0.149621212121,0.0542071549959,0.495250431779,0.544568245125,0.2,0.4,0.4,0.0540540540541,0.0113294696937,0.503787878788,0.0125,0.0862068965517,1,0.2,0.503787878788,,0,,,,,,,,0.2,1.2,0
2024,003029,RED,STINT,Chris Fake,D,10,74,4,0,0,2,12,0,5,0,5,0,1,2,0,400,58,258,0,0,0,0,0,0,5,1,2,0,0,0.278653073834,0.149621212121,0.0542071549959,0.495250431779,0.544568245125,0.2,0.4,0.4,0.0540540540541,0.0113294696937,0.503787878788,0.0125,0.0862068965517,1,0.2,0.503787878788,,0,,,,,,,,0.2,1.2,0
2024,003030,ALL,SEASON,James Reilly,FO,2,5,1,39,19,1,7,0,0,0,0,0,0,0,0,74,7,41,0,0,0,0,0,0,0,0,0,0,0,0.278653073834,0.149621212121,0.0542071549959,0.495250431779,0.544568245125,,,,0.2,-0.728964225021,,0,0,,,,0.487179487179,0.951219512195,-0.314766839378,,,,,,,0.5,3.5,0
2024,003030,CHA,STINT,James Reilly,FO,2,5,1,39,19,1,7,0,0,0,0,0,0,0,0,74,7,41,0,0,0,0,0,0,0,0,0,0,0,0.278653073834,0.149621212121,0.0542071549959,0.495250431779,0.544568245125,,,,0.2,-0.728964225021,,0,0,,,,0.487179487179,0.951219512195,-0.314766839378,,,,,,,0.5,3.5,0
2024,003031,ALL,SEASON,Tucker Dordevic,M,4,80,4,0,0,0,4,0,25,19,6,4,3,14,1,186,20,105,0,0,0,0,0,0,25,7,10,0,0,0.278653073834,0.149621212121,0.0542071549959,0.495250431779,0.544568245125,0.28,0.56,0.4,0.05,0.336572399669,2.9101370517,0.134408602151,0.3,0.24,0.5,4.20454545455,,0,,,,,,,,0,1,0
2024,003031,WHP,STINT,Tucker Dordevic,M,4,80,4,0,0,0,4,0,25,19,6,4,3,14,1,186,20,105,0,0,0,0,0,0,25,7,10,0,0,0.278653073834,0.149621212121,0.0542071549959,0.495250431779,0.544568245125,0.28,0.56,0.4,0.05,0.336572399669,2.9101370517,0.134408602151,0.3,0.24,0.5,4.20454545455,,0,,,,,,,,0,1,0
2024,003032,ALL,SEASON,Petey LaSalla,FO,1,4,0,28,10,0,3,0,0,0,0,0,0,0,0,38,7,30,0,0,0,0,0,0,0,0,0,0,0,0.278653073834,0.149621212121,0.0542071549959,0.495250431779,0.544568245125,,,,0,0.216828619983,,0,0,,,,0.357142857143,0.933333333333,-3.86701208981,,,,,,,0,3,0
2024,003032,WHP,STINT,Petey LaSalla,FO,1,4,0,28,10,0,3,0,0,0,0,0,0,0,0,38,7,30,0,0,0,0,0,0,0,0,0,0,0,0.278653073834,0.149621212121,0.0542071549959,0.495250431779,0.544568245125,,,,0,0.216828619983,,0,0,,,,0.357142857143,0.933333333333,-3.86701208981,,,,,,,0,3,0
2024,003033,ALL,SEASON,Garrett Leadmon,M,3,56,5,0,0,0,1,0,13,9,4,0,1,7,0,120,16,86,0,0,0,0,0,0,13,1,2,0,0,0.278653073834,0.149621212121,0.0542071549959,0.495250431779,0.544568245125,0.0769230769231,0.538461538462,0.153846153846,0.0892857142857,-1.96439932023,-1.70484736147,0.108333333333,0.25,0.307692307692,0.25,0.80303030303,,0,,,,,,,,0,0.333333333333,0
2024,003033,WHP,STINT,Garrett Leadmon,M,3,56,5,0,0,0,1,0,13,9,4,0,1,7,0,120,16,86,0,0,0,0,0,0,13,1,2,0,0,0.278653073834,0.149621212121,0.0542071549959,0.495250431779,0.544568245125,0.0769230769231,0.538461538462,0.153846153846,0.0892857142857,-1.96439932023,-1.70484736147,0.108333333333,0.25,0.307692307692,0.25,0.80303030303,,0,,,,,,,,0,0.333333333333,0
2024,003039,ALL,SEASON,Chet Comizio,SSDM,11,95,6,2,0,6,14,2,9,9,0,3,0,7,0,490,52,319,0,0,0,0,0,0,9,3,3,0,0,0.278653073834,0.149621212121,0.0542071549959,0.495250431779,0.544568245125,0.333333333333,0.777777777778,0.333333333333,0.0631578947368,-0.850320275393,0.492122335496,0.0183673469388,0,0,,,0,0.00626959247649,-0.990500863558,,,,,,,0.545454545455,1.27272727273,0.181818181818
2024,003039,ATL,STINT,Chet Comizio,SSDM,11,95,6,2,0,6,14,2,9,9,0,3,0,7,0,490,52,319,0,0,0,0,0,0,9,3,3,0,0,0.278653073834,0.149621212121,0.0542071549959,0.495250431779,0.544568245125,0.333333333333,0.777777777778,0.333333333333,0.0631578947368,-0.850320275393,0.492122335496,0.0183673469388,0,0,,,0,0.00626959247649,-0.990500863558,,,,,,,0.545454545455,1.27272727273,0.181818181818
2024,003041,ALL,SEASON,Ethan Rall,LSM,11,53,3,0,0,12,30,1,6,5,1,1,0,4,0,459,92,274,0,0,0,0,0,0,6,1,1,0,0,0.278653073834,0.149621212121,0.0542071549959,0.495250431779,0.544568245125,0.166666666667,0.666666666667,0.166666666667,0.0566037735849,-0.127020785219,-0.692507793411,0.0130718954248,0.0108695652174,0.166666666667,0,-0.299242424242,,0,,,,,,,,1.09090909091,2.72727272727,0.0909090909091
2024,003041,CAN,STINT,Ethan Rall,LSM,11,53,3,0,0,12,30,1,6,5,1,1,0,4,0,459,92,274,0,0,0,0,0,0,6,1,1,0,0,0.278653073834,0.149621212121,0.0542071549959,0.495250431779,0.544568245125,0.166666666667,0.666666666667,0.166666666667,0.0566037735849,-0.127020785219,-0.692507793411,0.0130718954248,0.0108695652174,0.166666666667,0,-0.299242424242,,0,,,,,,,,1.09090909091,2.72727272727,0.0909090909091
2024,003045,ALL,SEASON,Alex Simmons,A,1,14,1,0,0,0,1,0,1,1,0,0,0,0,0,38,3,26,0,0,0,0,0,0,1,0,0,0,0,0.278653073834,0.149621212121,0.0542071549959,0.495250431779,0.544568245125,0,0,0,0.0714285714286,-0.241099830058,-0.278653073834,0.0263157894737,0,0,,,,0,,,,,,,,0,1,0
2024,003045,RED,STINT,Alex Simmons,A,1,14,1,0,0,0,1,0,1,1,0,0,0,0,0,38,3,26,0,0,0,0,0,0,1,0,0,0,0,0.278653073834,0.149621212121,0.0542071549959,0.495250431779,0.544568245125,0,0,0,0.0714285714286,-0.241099830058,-0.278653073834,0.0263157894737,0,0,,,,0,,,,,,,,0,1,0
2024,003048,ALL,SEASON,TJ Malone,A,13,409,27,0,0,3,27,2,95,91,4,24,0,58,3,580,67,353,0,0,0,0,0,0,95,24,24,0,0,0.278653073834,0.149621212121,0.0542071549959,0.495250431779,0.544568245125,0.252631578947,0.610526315789,0.252631578947,0.0660146699267,-4.82927360669,-2.55439941585,0.163793103448,0.0597014925373,0.0421052631579,0,-1.19696969697,,0,,,,,,,,0.230769230769,2.07692307692,0.153846153846
2024,003048,WHP,STINT,TJ Malone,A,13,409,27,0,0,3,27,2,95,91,4,24,0,58,3,580,67,353,0,0,0,0,0,0,95,24,24,0,0,0.278653073834,0.149621212121,0.0542071549959,0.495250431779,0.544568245125,0.252631578947,0.610526315789,0.252631578947,0.0660146699267,-4.82927360669,-2.55439941585,0.163793103448,0.0597014925373,0.0421052631579,0,-1.19696969697,,0,,,,,,,,0.230769230769,2.07692307692,0.153846153846
2024,003059,ALL,SEASON,BJ Farrare,LSM,2,6,0,0,0,2,2,0,0,0,0,0,0,0,0,87,17,54,0,0,0,0,0,0,0,0,0,0,0,0.278653073834,0.149621212121,0.0542071549959,0.495250431779,0.544568245125,,,,0,0.325242929975,,0,0,,,,,0,,,,,,,,1,1,0
2024,003059,RED,STINT,BJ Farrare,LSM,2,6,0,0,0,2,2,0,0,0,0,0,0,0,0,87,17,54,0,0,0,0,0,0,0,0,0,0,0,0.278653073834,0.149621212121,0.0542071549959,0.495250431779,0.544568245125,,,,0,0.325242929975,,0,0,,,,,0,,,,,,,,1,1,0
2024,003068,ALL,SEASON,Dylan Gergar,M,2,26,1,0,0,1,3,0,12,10,2,2,0,6,0,82,13,47,0,0,0,0,0,0,12,2,2,0,0,0.278653073834,0.149621212121,0.0542071549959,0.495250431779,0.544568245125,0.166666666667,0.5,0.166666666667,0.0384615384615,0.409386029892,-1.38501558682,0.146341463415,0.153846153846,0.166666666667,0,-0.598484848485,,0,,,,,,,,0.5,1.5,0
2024,003068,OUT,STINT,Dylan Gergar,M,2,26,1,0,0,1,3,0,12,10,2,2,0,6,0,82,13,47,0,0,0,0,0,0,12,2,2,0,0,0.278653073834,0.149621212121,0.0542071549959,0.495250431779,0.544568245125,0.166666666667,0.5,0.166666666667,0.0384615384615,0.409386029892,-1.38501558682,0.146341463415,0.153846153846,0.166666666667,0,-0.598484848485,,0,,,,,,,,0.5,1.5,0
2024,003069,ALL,SEASON,Ricky Miezan,SSDM,4,9,0,0,0,2,2,0,2,1,1,0,0,1,0,148,12,95,0,0,0,0,0,0,2,0,0,0,0,0.278653073834,0.149621212121,0.0542071549959,0.495250431779,0.544568245125,0,0.5,0,0,0.487864394963,-0.577895498076,0.0135135135135,0.0833333333333,0.5,0,-0.299242424242,,0,,,,,,,,0.5,0.5,0
2024,003069,RED,STINT,Ricky Miezan,SSDM,4,9,0,0,0,2,2,0,2,1,1,0,0,1,0,148,12,95,0,0,0,0,0,0,2,0,0,0,0,0.278653073834,0.149621212121,0.0542071549959,0.495250431779,0.544568245125,0,0.5,0,0,0.487864394963,-0.577895498076,0.0135135135135,0.0833333333333,0.5,0,-0.299242424242,,0,,,,,,,,0.5,0.5,0
2024,003070,ALL,SEASON,Ronan Jacoby,M,6,100,1,0,0,1,4,0,16,13,3,2,0,12,1,269,29,179,0,0,0,0,0,0,16,2,2,0,0,0.278653073834,0.149621212121,0.0542071549959,0.495250431779,0.544568245125,0.125,0.75,0.125,0.01,4.42071549959,-2.52021723257,0.0594795539033,0.103448275862,0.1875,0,-0.897727272727,,0,,,,,,,,0.166666666667,0.666666666667,0
2024,003070,ATL,STINT,Ronan Jacoby,M,6,100,1,0,0,1,4,0,16,13,3,2,0,12,1,269,29,179,0,0,0,0,0,0,16,2,2,0,0,0.278653073834,0.149621212121,0.0542071549959,0.495250431779,0.544568245125,0.125,0.75,0.125,0.01,4.42071549959,-2.52021723257,0.0594795539033,0.103448275862,0.1875,0,-0.897727272727,,0,,,,,,,,0.166666666667,0.666666666667,0
2024,003072,ALL,SEASON,Kevin Winkoff,M,3,44,5,0,0,1,2,0,11,9,2,1,0,5,1,141,11,93,0,0,0,0,0,0,11,1,1,0,0,0.278653073834,0.149621212121,0.0542071549959,0.495250431779,0.544568245125,0.0909090909091,0.454545454545,0.0909090909091,0.113636363636,-2.61488518018,-2.10636251299,0.0780141843972,0.181818181818,0.181818181818,0,-0.598484848485,,0,,,,,,,,0.333333333333,0.666666666667,0
2024,003072,WHP,STINT,Kevin Winkoff,M,3,44,5,0,0,1,2,0,11,9,2,1,0,5,1,141,11,93,0,0,0,0,0,0,11,1,1,0,0,0.278653073834,0.149621212121,0.0542071549959,0.495250431779,0.544568245125,0.0909090909091,0.454545454545,0.0909090909091,0.113636363636,-2.61488518018,-2.10636251299,0.0780141843972,0.181818181818,0.181818181818,0,-0.598484848485,,0,,,,,,,,0.333333333333,0.666666666667,0
2024,003073,ALL,SEASON,Ron John,SSDM,1,2,0,0,0,0,1,0,0,0,0,0,0,0,0,42,9,22,0,0,0,0,0,0,0,0,0,0,0,0.278653073834,0.149621212121,0.0542071549959,0.495250431779,0.544568245125,,,,0,0.108414309992,,0,0,,,,,0,,,,,,,,0,1,0
2024,003073,RED,STINT,Ron John,SSDM,1,2,0,0,0,0,1,0,0,0,0,0,0,0,0,42,9,22,0,0,0,0,0,0,0,0,0,0,0,0.278653073834,0.149621212121,0.0542071549959,0.495250431779,0.544568245125,,,,0,0.108414309992,,0,0,,,,,0,,,,,,,,0,1,0
2024,003075,ALL,SEASON,Brennan O'Neill,A,11,337,13,0,0,0,16,0,93,81,12,19,2,54,7,472,75,280,0,0,0,0,0,0,93,21,23,0,0,0.278653073834,0.149621212121,0.0542071549959,0.495250431779,0.544568245125,0.225806451613,0.58064516129,0.247311827957,0.0385756676558,5.2678112336,-3.16180807145,0.197033898305,0.16,0.129032258065,0.166666666667,0.409090909091,,0,,,,,,,,0,1.45454545455,0
2024,003075,OUT,STINT,Brennan O'Neill,A,11,337,13,0,0,0,16,0,93,81,12,19,2,54,7,472,75,280,0,0,0,0,0,0,93,21,23,0,0,0.278653073834,0.149621212121,0.0542071549959,0.495250431779,0.544568245125,0.225806451613,0.58064516129,0.247311827957,0.0385756676558,5.2678112336,-3.16180807145,0.197033898305,0.16,0.129032258065,0.166666666667,0.409090909091,,0,,,,,,,,0,1.45454545455,0
2024,003076,ALL,SEASON,Connor Shellenberger,A,9,311,9,0,0,1,20,0,44,43,1,16,0,31,2,412,41,260,0,0,0,0,0,0,44,16,16,0,0,0.278653073834,0.149621212121,0.0542071549959,0.495250431779,0.544568245125,0.363636363636,0.704545454545,0.363636363636,0.0289389067524,7.85842520371,3.7186754009,0.106796116505,0.0243902439024,0.0227272727273,0,-0.299242424242,,0,,,,,,,,0.111111111111,2.22222222222,0
2024,003076,ATL,STINT,Connor Shellenberger,A,9,311,9,0,0,1,20,0,44,43,1,16,0,31,2,412,41,260,0,0,0,0,0,0,44,16,16,0,0,0.278653073834,0.149621212121,0.0542071549959,0.495250431779,0.544568245125,0.363636363636,0.704545454545,0.363636363636,0.0289389067524,7.85842520371,3.7186754009,0.106796116505,0.0243902439024,0.0227272727273,0,-0.299242424242,,0,,,,,,,,0.111111111111,2.22222222222,0
2024,003077,ALL,SEASON,Ajax Zappitello,D,13,111,7,0,0,17,34,1,5,5,0,2,0,4,0,580,67,353,0,0,0,0,0,0,5,2,2,0,0,0.278653073834,0.149621212121,0.0542071549959,0.495250431779,0.544568245125,0.4,0.8,0.4,0.0630630630631,-0.983005795459,0.606734630831,0.00862068965517,0,0,,,,0,,,,,,,,1.30769230769,2.61538461538,0.0769230769231
2024,003077,WHP,STINT,Ajax Zappitello,D,13,111,7,0,0,17,34,1,5,5,0,2,0,4,0,580,67,353,0,0,0,0,0,0,5,2,2,0,0,0.278653073834,0.149621212121,0.0542071549959,0.495250431779,0.544568245125,0.4,0.8,0.4,0.0630630630631,-0.983005795459,0.606734630831,0.00862068965517,0,0,,,,0,,,,,,,,1.30769230769,2.61538461538,0.0769230769231
2024,003078,ALL,SEASON,Shane Knobloch,M,12,243,17,0,0,0,11,1,55,51,4,10,1,32,3,450,53,268,0,0,0,0,0,0,55,11,12,0,0,0.278653073834,0.149621212121,0.0542071549959,0.495250431779,0.544568245125,0.2,0.581818181818,0.218181818182,0.0699588477366,-3.82766133601,-3.40827646249,0.122222222222,0.0754716981132,0.0727272727273,0.25,0.80303030303,,0,,,,,,,,0,0.916666666667,0.0833333333333
2024,003078,CHA,STINT,Shane Knobloch,M,12,243,17,0,0,0,11,1,55,51,4,10,1,32,3,450,53,268,0,0,0,0,0,0,55,11,12,0,0,0.278653073834,0.149621212121,0.0542071549959,0.495250431779,0.544568245125,0.2,0.581818181818,0.218181818182,0.0699588477366,-3.82766133601,-3.40827646249,0.122222222222,0.0754716981132,0.0727272727273,0.25,0.80303030303,,0,,,,,,,,0,0.916666666667,0.0833333333333
2024,003079,ALL,SEASON,Liam Entenmann,G,7,113,2,0,0,2,23,0,0,0,0,0,0,0,0,309,28,192,61,19,54,8,20,30,0,0,0,80,142,0.278653073834,0.149621212121,0.0542071549959,0.495250431779,0.544568245125,,,,0.0176991150442,4.12540851453,,0,0,,,,,0,,0.56338028169,0.530434782609,0.703703703704,2.6713091922,0.876543209877,0.185185185185,0.285714285714,3.28571428571,0
2024,003079,ATL,STINT,Liam Entenmann,G,7,113,2,0,0,2,23,0,0,0,0,0,0,0,0,309,28,192,61,19,54,8,20,30,0,0,0,80,142,0.278653073834,0.149621212121,0.0542071549959,0.495250431779,0.544568245125,,,,0.0176991150442,4.12540851453,,0,0,,,,,0,,0.56338028169,0.530434782609,0.703703703704,2.6713091922,0.876543209877,0.185185185185,0.285714285714,3.28571428571,0
2024,003080,ALL,SEASON,Pat Kavanagh,A,7,157,8,0,0,0,3,1,37,36,1,9,0,24,5,302,55,176,0,0,0,0,0,0,37,9,9,0,0,0.278653073834,0.149621212121,0.0542071549959,0.495250431779,0.544568245125,0.243243243243,0.648648648649,0.243243243243,0.0509554140127,0.51052333435,-1.33075308226,0.122516556291,0.0181818181818,0.027027027027,0,-0.299242424242,,0,,,,,,,,0,0.428571428571,0.142857142857
2024,003080,CAN,STINT,Pat Kavanagh,A,7,157,8,0,0,0,3,1,37,36,1,9,0,24,5,302,55,176,0,0,0,0,0,0,37,9,9,0,0,0.278653073834,0.149621212121,0.0542071549959,0.495250431779,0.544568245125,0.243243243243,0.648648648649,0.243243243243,0.0509554140127,0.51052333435,-1.33075308226,0.122516556291,0.0181818181818,0.027027027027,0,-0.299242424242,,0,,,,,,,,0,0.428571428571,0.142857142857
2024,003081,ALL,SEASON,Matt Brandau,A,6,76,3,0,0,0,7,0,20,20,0,4,0,15,0,262,30,161,0,0,0,0,0,0,20,4,4,0,0,0.278653073834,0.149621212121,0.0542071549959,0.495250431779,0.544568245125,0.2,0.75,0.2,0.0394736842105,1.11974377969,-1.57306147668,0.0763358778626,0,0,,,,0,,,,,,,,0,1.16666666667,0
2024,003081,WAT,STINT,Matt Brandau,A,6,76,3,0,0,0,7,0,20,20,0,4,0,15,0,262,30,161,0,0,0,0,0,0,20,4,4,0,0,0.278653073834,0.149621212121,0.0542071549959,0.495250431779,0.544568245125,0.2,0.75,0.2,0.0394736842105,1.11974377969,-1.57306147668,0.0763358778626,0,0,,,,0,,,,,,,,0,1.16666666667,0
2024,003082,ALL,SEASON,Mason Woodward,D,12,117,0,0,0,12,26,1,13,3,10,3,2,7,0,480,70,309,0,0,0,0,0,0,13,5,7,0,0,0.278653073834,0.149621212121,0.0542071549959,0.495250431779,0.544568245125,0.384615384615,0.538461538462,0.538461538462,0,6.34223713452,3.17161653607,0.0270833333333,0.142857142857,0.769230769231,0.2,1.00757575758,,0,,,,,,,,1,2.16666666667,0.0833333333333
2024,003082,ARC,STINT,Mason Woodward,D,12,117,0,0,0,12,26,1,13,3,10,3,2,7,0,480,70,309,0,0,0,0,0,0,13,5,7,0,0,0.278653073834,0.149621212121,0.0542071549959,0.495250431779,0.544568245125,0.384615384615,0.538461538462,0.538461538462,0,6.34223713452,3.17161653607,0.0270833333333,0.142857142857,0.769230769231,0.2,1.00757575758,,0,,,,,,,,1,2.16666666667,0.0833333333333
2024,003083,ALL,SEASON,Jake Piseno,LSM,11,88,5,0,0,7,32,1,12,4,8,1,0,10,0,472,75,280,0,0,0,0,0,0,12,1,1,0,0,0.278653073834,0.149621212121,0.0542071549959,0.495250431779,0.544568245125,0.0833333333333,0.833333333333,0.0833333333333,0.0568181818182,-0.229770360364,-2.50855168927,0.0254237288136,0.106666666667,0.666666666667,0,-2.39393939394,,0,,,,,,,,0.636363636364,2.90909090909,0.0909090909091
2024,003083,OUT,STINT,Jake Piseno,LSM,11,88,5,0,0,7,32,1,12,4,8,1,0,10,0,472,75,280,0,0,0,0,0,0,12,1,1,0,0,0.278653073834,0.149621212121,0.0542071549959,0.495250431779,0.544568245125,0.0833333333333,0.833333333333,0.0833333333333,0.0568181818182,-0.229770360364,-2.50855168927,0.0254237288136,0.106666666667,0.666666666667,0,-2.39393939394,,0,,,,,,,,0.636363636364,2.90909090909,0.0909090909091
2024,003084,ALL,SEASON,Jake Stevens,M,7,93,7,0,0,0,6,0,27,26,1,8,0,17,2,309,28,192,0,0,0,0,0,0,27,8,8,0,0,0.278653073834,0.149621212121,0.0542071549959,0.495250431779,0.544568245125,0.296296296296,0.62962962963,0.296296296296,0.0752688172043,-1.95873458538,0.455777656079,0.0873786407767,0.0357142857143,0.037037037037,0,-0.299242424242,,0,,,,,,,,0,0.857142857143,0
2024,003084,ATL,STINT,Jake Stevens,M,7,93,7,0,0,0,6,0,27,26,1,8,0,17,2,309,28,192,0,0,0,0,0,0,27,8,8,0,0,0.278653073834,0.149621212121,0.0542071549959,0.495250431779,0.544568245125,0.296296296296,0.62962962963,0.296296296296,0.0752688172043,-1.95873458538,0.455777656079,0.0873786407767,0.0357142857143,0.037037037037,0,-0.299242424242,,0,,,,,,,,0,0.857142857143,0
2024,003085,ALL,SEASON,Graham Bundy,M,11,246,12,0,0,0,6,0,72,43,29,10,6,36,4,472,75,280,0,0,0,0,0,0,72,16,22,0,0,0.278653073834,0.149621212121,0.0542071549959,0.495250431779,0.544568245125,0.222222222222,0.5,0.305555555556,0.0487804878049,1.33496012898,1.33988752212,0.152542372881,0.386666666667,0.402777777778,0.206896551724,3.32196969697,,0,,,,,,,,0,0.545454545455,0
2024,003085,OUT,STINT,Graham Bundy,M,11,246,12,0,0,0,6,0,72,43,29,10,6,36,4,472,75,280,0,0,0,0,0,0,72,16,22,0,0,0.278653073834,0.149621212121,0.0542071549959,0.495250431779,0.544568245125,0.222222222222,0.5,0.305555555556,0.0487804878049,1.33496012898,1.33988752212,0.152542372881,0.386666666667,0.402777777778,0.206896551724,3.32196969697,,0,,,,,,,,0,0.545454545455,0
2024,003086,ALL,SEASON,Eric Dobson,M,6,100,11,0,0,1,3,0,20,16,4,5,0,13,0,247,29,132,0,0,0,0,0,0,20,5,5,0,0,0.278653073834,0.149621212121,0.0542071549959,0.495250431779,0.544568245125,0.25,0.65,0.25,0.11,-5.57928450041,-0.65541887831,0.080971659919,0.137931034483,0.2,0,-1.19696969697,,0,,,,,,,,0.166666666667,0.5,0
2024,003086,CHA,STINT,Eric Dobson,M,6,100,11,0,0,1,3,0,20,16,4,5,0,13,0,247,29,132,0,0,0,0,0,0,20,5,5,0,0,0.278653073834,0.149621212121,0.0542071549959,0.495250431779,0.544568245125,0.25,0.65,0.25,0.11,-5.57928450041,-0.65541887831,0.080971659919,0.137931034483,0.2,0,-1.19696969697,,0,,,,,,,,0.166666666667,0.5,0
2024,003087,ALL,SEASON,Beau Pederson,SSDM,12,79,2,11,1,5,13,3,3,3,0,1,0,1,0,480,70,309,0,0,0,0,0,0,3,1,1,0,0,0.278653073834,0.149621212121,0.0542071549959,0.495250431779,0.544568245125,0.333333333333,0.333333333333,0.333333333333,0.0253164556962,2.28236524467,0.164040778499,0.00625,0,0,,,0.0909090909091,0.0355987055016,-4.44775474957,,,,,,,0.416666666667,1.08333333333,0.25
2024,003087,ARC,STINT,Beau Pederson,SSDM,12,79,2,11,1,5,13,3,3,3,0,1,0,1,0,480,70,309,0,0,0,0,0,0,3,1,1,0,0,0.278653073834,0.149621212121,0.0542071549959,0.495250431779,0.544568245125,0.333333333333,0.333333333333,0.333333333333,0.0253164556962,2.28236524467,0.164040778499,0.00625,0,0,,,0.0909090909091,0.0355987055016,-4.44775474957,,,,,,,0.416666666667,1.08333333333,0.25
2024,003088,ALL,SEASON,Alexander Vardaro,M,9,121,5,0,0,0,3,0,29,28,1,9,0,17,1,383,69,219,0,0,0,0,0,0,29,9,9,0,0,0.278653073834,0.149621212121,0.0542071549959,0.495250431779,0.544568245125,0.310344827586,0.586206896552,0.310344827586,0.0413223140496,1.5590657545,0.898471508411,0.0757180156658,0.0144927536232,0.0344827586207,0,-0.299242424242,,0,,,,,,,,0,0.333333333333,0
2024,003088,CAN,STINT,Alexander Vardaro,M,9,121,5,0,0,0,3,0,29,28,1,9,0,17,1,383,69,219,0,0,0,0,0,0,29,9,9,0,0,0.278653073834,0.149621212121,0.0542071549959,0.495250431779,0.544568245125,0.310344827586,0.586206896552,0.310344827586,0.0413223140496,1.5590657545,0.898471508411,0.0757180156658,0.0144927536232,0.0344827586207,0,-0.299242424242,,0,,,,,,,,0,0.333333333333,0
2024,003090,ALL,SEASON,Dyson Williams,M,7,35,3,0,0,0,2,0,15,15,0,7,0,10,0,279,41,178,0,0,0,0,0,0,15,7,7,0,0,0.278653073834,0.149621212121,0.0542071549959,0.495250431779,0.544568245125,0.466666666667,0.666666666667,0.466666666667,0.0857142857143,-1.10274957514,2.82020389249,0.0537634408602,0,0,,,,0,,,,,,,,0,0.285714285714,0
2024,003090,ARC,STINT,Dyson Williams,M,7,35,3,0,0,0,2,0,15,15,0,7,0,10,0,279,41,178,0,0,0,0,0,0,15,7,7,0,0,0.278653073834,0.149621212121,0.0542071549959,0.495250431779,0.544568245125,0.466666666667,0.666666666667,0.466666666667,0.0857142857143,-1.10274957514,2.82020389249,0.0537634408602,0,0,,,,0,,,,,,,,0,0.285714285714,0
2024,003091,ALL,SEASON,Garrett Degnon,M,4,70,3,0,0,0,3,2,15,10,5,3,1,9,0,169,24,105,0,0,0,0,0,0,15,4,5,0,0,0.278653073834,0.149621212121,0.0542071549959,0.495250431779,0.544568245125,0.266666666667,0.6,0.333333333333,0.0428571428571,0.79450084971,0.71725714045,0.0887573964497,0.208333333333,0.333333333333,0.2,0.503787878788,,0,,,,,,,,0,0.75,0.5
2024,003091,RED,STINT,Garrett Degnon,M,4,70,3,0,0,0,3,2,15,10,5,3,1,9,0,169,24,105,0,0,0,0,0,0,15,4,5,0,0,0.278653073834,0.149621212121,0.0542071549959,0.495250431779,0.544568245125,0.266666666667,0.6,0.333333333333,0.0428571428571,0.79450084971,0.71725714045,0.0887573964497,0.208333333333,0.333333333333,0.2,0.503787878788,,0,,,,,,,,0,0.75,0.5
2024,003092,ALL,SEASON,Josh Zawada,M,11,365,12,0,0,0,12,1,40,39,1,6,0,24,1,472,75,280,0,0,0,0,0,0,40,6,6,0,0,0.278653073834,0.149621212121,0.0542071549959,0.495250431779,0.544568245125,0.15,0.6,0.15,0.0328767123288,7.78561157349,-5.16671230376,0.0847457627119,0.0133333333333,0.025,0,-0.299242424242,,0,,,,,,,,0,1.09090909091,0.0909090909091
2024,003092,OUT,STINT,Josh Zawada,M,11,365,12,0,0,0,12,1,40,39,1,6,0,24,1,472,75,280,0,0,0,0,0,0,40,6,6,0,0,0.278653073834,0.149621212121,0.0542071549959,0.495250431779,0.544568245125,0.15,0.6,0.15,0.0328767123288,7.78561157349,-5.16671230376,0.0847457627119,0.0133333333333,0.025,0,-0.299242424242,,0,,,,,,,,0,1.09090909091,0.0909090909091
2024,003093,ALL,SEASON,Ross Scott,A,12,288,14,0,0,1,9,3,58,57,1,15,0,32,1,450,53,268,0,0,0,0,0,0,58,15,15,0,0,0.278653073834,0.149621212121,0.0542071549959,0.495250431779,0.544568245125,0.258620689655,0.551724137931,0.258620689655,0.0486111111111,1.61166063881,-1.18246763277,0.128888888889,0.0188679245283,0.0172413793103,0,-0.299242424242,,0,,,,,,,,0.0833333333333,0.75,0.25
2024,003093,CHA,STINT,Ross Scott,A,12,288,14,0,0,1,9,3,58,57,1,15,0,32,1,450,53,268,0,0,0,0,0,0,58,15,15,0,0,0.278653073834,0.149621212121,0.0542071549959,0.495250431779,0.544568245125,0.258620689655,0.551724137931,0.258620689655,0.0486111111111,1.61166063881,-1.18246763277,0.128888888889,0.0188679245283,0.0172413793103,0,-0.299242424242,,0,,,,,,,,0.0833333333333,0.75,0.25
2024,003094,ALL,SEASON,Levi Anderson,M,10,159,10,0,0,2,6,0,39,38,1,12,0,24,0,460,51,267,0,0,0,0,0,0,39,12,12,0,0,0.278653073834,0.149621212121,0.0542071549959,0.495250431779,0.544568245125,0.307692307692,0.615384615385,0.307692307692,0.062893081761,-1.38106235566,1.11194077007,0.0847826086957,0.0196078431373,0.025641025641,0,-0.299242424242,,0,,,,,,,,0.2,0.6,0
2024,003094,WHP,STINT,Levi Anderson,M,10,159,10,0,0,2,6,0,39,38,1,12,0,24,0,460,51,267,0,0,0,0,0,0,39,12,12,0,0,0.278653073834,0.149621212121,0.0542071549959,0.495250431779,0.544568245125,0.307692307692,0.615384615385,0.307692307692,0.062893081761,-1.38106235566,1.11194077007,0.0847826086957,0.0196078431373,0.025641025641,0,-0.299242424242,,0,,,,,,,,0.2,0.6,0
2024,003095,ALL,SEASON,Stephen Zupicich,LSM,3,7,1,0,0,0,2,0,1,0,1,0,0,0,0,123,16,87,0,0,0,0,0,0,1,0,0,0,0,0.278653073834,0.149621212121,0.0542071549959,0.495250431779,0.544568245125,0,0,0,0.142857142857,-0.620549915029,-0.299242424242,0.00813008130081,0.0625,1,0,-0.299242424242,,0,,,,,,,,0,0.666666666667,0
2024,003095,WHP,STINT,Stephen Zupicich,LSM,3,7,1,0,0,0,2,0,1,0,1,0,0,0,0,123,16,87,0,0,0,0,0,0,1,0,0,0,0,0.278653073834,0.149621212121,0.0542071549959,0.495250431779,0.544568245125,0,0,0,0.142857142857,-0.620549915029,-0.299242424242,0.00813008130081,0.0625,1,0,-0.299242424242,,0,,,,,,,,0,0.666666666667,0
2024,003096,ALL,SEASON,Marcus Hudgins,D,7,43,1,0,0,7,13,0,0,0,0,0,0,0,0,298,45,178,0,0,0,0,0,0,0,0,0,0,0,0.278653073834,0.149621212121,0.0542071549959,0.495250431779,0.544568245125,,,,0.0232558139535,1.33090766482,,0,0,,,,,0,,,,,,,,1,1.85714285714,0
2024,003096,WAT,STINT,Marcus Hudgins,D,7,43,1,0,0,7,13,0,0,0,0,0,0,0,0,298,45,178,0,0,0,0,0,0,0,0,0,0,0,0.278653073834,0.149621212121,0.0542071549959,0.495250431779,0.544568245125,,,,0.0232558139535,1.33090766482,,0,0,,,,,0,,,,,,,,1,1.85714285714,0
2024,003097,ALL,SEASON,Colby Barsz,D,3,9,3,0,0,1,5,0,1,1,0,0,0,0,0,122,16,75,0,0,0,0,0,0,1,0,0,0,0,0.278653073834,0.149621212121,0.0542071549959,0.495250431779,0.544568245125,0,0,0,0.333333333333,-2.51213560504,-0.278653073834,0.00819672131148,0,0,,,,0,,,,,,,,0.333333333333,1.66666666667,0
2024,003097,ARC,STINT,Colby Barsz,D,3,9,3,0,0,1,5,0,1,1,0,0,0,0,0,122,16,75,0,0,0,0,0,0,1,0,0,0,0,0.278653073834,0.149621212121,0.0542071549959,0.495250431779,0.544568245125,0,0,0,0.333333333333,-2.51213560504,-0.278653073834,0.00819672131148,0,0,,,,0,,,,,,,,0.333333333333,1.66666666667,0
2024,003098,ALL,SEASON,Luke Wierman,FO,11,82,6,268,133,3,65,1,15,14,1,5,0,8,0,472,75,280,0,0,0,0,0,0,15,5,5,0,0,0.278653073834,0.149621212121,0.0542071549959,0.495250431779,0.544568245125,0.333333333333,0.533333333333,0.333333333333,0.0731707317073,-1.55501329034,0.799614542084,0.0317796610169,0.0133333333333,0.0666666666667,0,-0.299242424242,0.496268656716,0.957142857143,0.272884283247,,,,,,,0.272727272727,5.90909090909,0.0909090909091
2024,003098,OUT,STINT,Luke Wierman,FO,11,82,6,268,133,3,65,1,15,14,1,5,0,8,0,472,75,280,0,0,0,0,0,0,15,5,5,0,0,0.278653073834,0.149621212121,0.0542071549959,0.495250431779,0.544568245125,0.333333333333,0.533333333333,0.333333333333,0.0731707317073,-1.55501329034,0.799614542084,0.0317796610169,0.0133333333333,0.0666666666667,0,-0.299242424242,0.496268656716,0.957142857143,0.272884283247,,,,,,,0.272727272727,5.90909090909,0.0909090909091
2024,003099,ALL,SEASON,Tyler Carpenter,LSM,11,89,5,0,0,7,42,0,8,5,3,2,2,6,0,490,52,319,0,0,0,0,0,0,8,4,6,0,0,0.278653073834,0.149621212121,0.0542071549959,0.495250431779,0.544568245125,0.5,0.75,0.75,0.0561797752809,-0.175563205368,3.7090073581,0.0163265306122,0.0576923076923,0.375,0.666666666667,3.10227272727,,0,,,,,,,,0.636363636364,3.81818181818,0
2024,003099,ATL,STINT,Tyler Carpenter,LSM,11,89,5,0,0,7,42,0,8,5,3,2,2,6,0,490,52,319,0,0,0,0,0,0,8,4,6,0,0,0.278653073834,0.149621212121,0.0542071549959,0.495250431779,0.544568245125,0.5,0.75,0.75,0.0561797752809,-0.175563205368,3.7090073581,0.0163265306122,0.0576923076923,0.375,0.666666666667,3.10227272727,,0,,,,,,,,0.636363636364,3.81818181818,0
2024,003100,ALL,SEASON,Adam Poitras,M,10,205,14,0,0,2,26,0,43,42,1,13,0,25,2,460,51,267,0,0,0,0,0,0,43,13,13,0,0,0.278653073834,0.149621212121,0.0542071549959,0.495250431779,0.544568245125,0.302325581395,0.581395348837,0.302325581395,0.0682926829268,-2.88753322585,0.997328474738,0.0934782608696,0.0196078431373,0.0232558139535,0,-0.299242424242,,0,,,,,,,,0.2,2.6,0
2024,003100,WHP,STINT,Adam Poitras,M,10,205,14,0,0,2,26,0,43,42,1,13,0,25,2,460,51,267,0,0,0,0,0,0,43,13,13,0,0,0.278653073834,0.149621212121,0.0542071549959,0.495250431779,0.544568245125,0.302325581395,0.581395348837,0.302325581395,0.0682926829268,-2.88753322585,0.997328474738,0.0934782608696,0.0196078431373,0.0232558139535,0,-0.299242424242,,0,,,,,,,,0.2,2.6,0
2024,003102,ALL,SEASON,Chayse Ierlan,G,2,8,0,0,0,0,1,0,1,0,1,0,0,1,0,72,9,50,2,3,6,2,2,5,1,0,0,5,13,0.278653073834,0.149621212121,0.0542071549959,0.495250431779,0.544568245125,0,1,0,0,0.433657239967,-0.299242424242,0.0138888888889,0.111111111111,1,0,-0.299242424242,,0,,0.384615384615,0.25,0.6,-2.07938718663,0.866666666667,0.333333333333,0,0.5,0
2024,003102,RED,STINT,Chayse Ierlan,G,2,8,0,0,0,0,1,0,1,0,1,0,0,1,0,72,9,50,2,3,6,2,2,5,1,0,0,5,13,0.278653073834,0.149621212121,0.0542071549959,0.495250431779,0.544568245125,0,1,0,0,0.433657239967,-0.299242424242,0.0138888888889,0.111111111111,1,0,-0.299242424242,,0,,0.384615384615,0.25,0.6,-2.07938718663,0.866666666667,0.333333333333,0,0.5,0
2024,003104,ALL,SEASON,Michael Boehm,A,1,28,2,0,0,0,3,0,4,4,0,0,0,2,0,37,7,27,0,0,0,0,0,0,4,0,0,0,0,0.278653073834,0.149621212121,0.0542071549959,0.495250431779,0.544568245125,0,0.5,0,0.0714285714286,-0.482199660116,-1.11461229534,0.108108108108,0,0,,,,0,,,,,,,,0,3,0
2024,003104,WAT,STINT,Michael Boehm,A,1,28,2,0,0,0,3,0,4,4,0,0,0,2,0,37,7,27,0,0,0,0,0,0,4,0,0,0,0,0.278653073834,0.149621212121,0.0542071549959,0.495250431779,0.544568245125,0,0.5,0,0.0714285714286,-0.482199660116,-1.11461229534,0.108108108108,0,0,,,,0,,,,,,,,0,3,0
2024,003106,ALL,SEASON,Dalton Young,M,10,121,7,0,0,0,8,1,31,31,0,9,0,14,1,425,69,252,0,0,0,0,0,0,31,9,9,0,0,0.278653073834,0.149621212121,0.0542071549959,0.495250431779,0.544568245125,0.290322580645,0.451612903226,0.290322580645,0.0578512396694,-0.440934245501,0.361754711152,0.0729411764706,0,0,,,,0,,,,,,,,0,0.8,0.1
2024,003106,OUT,STINT,Dalton Young,M,10,121,7,0,0,0,8,1,31,31,0,9,0,14,1,425,69,252,0,0,0,0,0,0,31,9,9,0,0,0.278653073834,0.149621212121,0.0542071549959,0.495250431779,0.544568245125,0.290322580645,0.451612903226,0.290322580645,0.0578512396694,-0.440934245501,0.361754711152,0.0729411764706,0,0,,,,0,,,,,,,,0,0.8,0.1
2024,003109,ALL,SEASON,Chris Conlin,D,9,75,1,0,0,9,17,0,0,0,0,0,0,0,0,355,50,232,0,0,0,0,0,0,0,0,0,0,0,0.278653073834,0.149621212121,0.0542071549959,0.495250431779,0.544568245125,,,,0.0133333333333,3.06553662469,,0,0,,,,,0,,,,,,,,1,1.88888888889,0
2024,003109,RED,STINT,Chris Conlin,D,9,75,1,0,0,9,17,0,0,0,0,0,0,0,0,355,50,232,0,0,0,0,0,0,0,0,0,0,0,0.278653073834,0.149621212121,0.0542071549959,0.495250431779,0.544568245125,,,,0.0133333333333,3.06553662469,,0,0,,,,,0,,,,,,,,1,1.88888888889,0
2024,003111,ALL,SEASON,AJ Mercurio,D,1,2,0,0,0,1,0,0,0,0,0,0,0,0,0,46,6,22,0,0,0,0,0,0,0,0,0,0,0,0.278653073834,0.149621212121,0.0542071549959,0.495250431779,0.544568245125,,,,0,0.108414309992,,0,0,,,,,0,,,,,,,,1,0,0
2024,003111,WAT,STINT,AJ Mercurio,D,1,2,0,0,0,1,0,0,0,0,0,0,0,0,0,46,6,22,0,0,0,0,0,0,0,0,0,0,0,0.278653073834,0.149621212121,0.0542071549959,0.495250431779,0.544568245125,,,,0,0.108414309992,,0,0,,,,,0,,,,,,,,1,0,0
2024,003112,ALL,SEASON,Jack DiBenedetto,D,1,3,1,0,0,0,3,0,0,0,0,0,0,0,0,35,7,26,0,0,0,0,0,0,0,0,0,0,0,0.278653073834,0.149621212121,0.0542071549959,0.495250431779,0.544568245125,,,,0.333333333333,-0.837378535012,,0,0,,,,,0,,,,,,,,0,3,0
2024,003112,ARC,STINT,Jack DiBenedetto,D,1,3,1,0,0,0,3,0,0,0,0,0,0,0,0,35,7,26,0,0,0,0,0,0,0,0,0,0,0,0.278653073834,0.149621212121,0.0542071549959,0.495250431779,0.544568245125,,,,0.333333333333,-0.837378535012,,0,0,,,,,0,,,,,,,,0,3,0
2024,003114,ALL,SEASON,Saam Olexo,LSM,1,1,0,0,0,1,1,2,0,0,0,0,0,0,0,57,8,24,0,0,0,0,0,0,0,0,0,0,0,0.278653073834,0.149621212121,0.0542071549959,0.495250431779,0.544568245125,,,,0,0.0542071549959,,0,0,,,,,0,,,,,,,,1,1,2
2024,003114,OUT,STINT,Saam Olexo,LSM,1,1,0,0,0,1,1,2,0,0,0,0,0,0,0,57,8,24,0,0,0,0,0,0,0,0,0,0,0,0.278653073834,0.149621212121,0.0542071549959,0.495250431779,0.544568245125,,,,0,0.0542071549959,,0,0,,,,,0,,,,,,,,1,1,2
2024,003115,ALL,SEASON,Payton Cormier,A,3,43,2,0,0,0,2,0,14,13,1,5,0,10,1,136,16,86,0,0,0,0,0,0,14,5,5,0,0,0.278653073834,0.149621212121,0.0542071549959,0.495250431779,0.544568245125,0.357142857143,0.714285714286,0.357142857143,0.046511627907,0.330907664822,1.07826761592,0.102941176471,0.0625,0.0714285714286,0,-0.299242424242,,0,,,,,,,,0,0.666666666667,0
2024,003115,ATL,STINT,Payton Cormier,A,3,43,2,0,0,0,2,0,14,13,1,5,0,10,1,136,16,86,0,0,0,0,0,0,14,5,5,0,0,0.278653073834,0.149621212121,0.0542071549959,0.495250431779,0.544568245125,0.357142857143,0.714285714286,0.357142857143,0.046511627907,0.330907664822,1.07826761592,0.102941176471,0.0625,0.0714285714286,0,-0.299242424242,,0,,,,,,,,0,0.666666666667,0
2024,003119,ALL,SEASON,Alec Stathakis,FO,7,26,3,163,73,0,26,0,4,2,2,0,0,0,0,298,49,174,0,0,0,0,0,0,4,0,0,0,0,0.278653073834,0.149621212121,0.0542071549959,0.495250431779,0.544568245125,0,0,0,0.115384615385,-1.59061397011,-1.15579099615,0.0134228187919,0.0408163265306,0.5,0,-0.598484848485,0.447852760736,0.936781609195,-7.72582037997,,,,,,,0,3.71428571429,0
2024,003119,WAT,STINT,Alec Stathakis,FO,7,26,3,163,73,0,26,0,4,2,2,0,0,0,0,298,49,174,0,0,0,0,0,0,4,0,0,0,0,0.278653073834,0.149621212121,0.0542071549959,0.495250431779,0.544568245125,0,0,0,0.115384615385,-1.59061397011,-1.15579099615,0.0134228187919,0.0408163265306,0.5,0,-0.598484848485,0.447852760736,0.936781609195,-7.72582037997,,,,,,,0,3.71428571429,0
2024,003120,ALL,SEASON,Jack VanOverbeke,M,4,68,4,0,0,0,3,0,15,15,0,4,0,10,1,153,23,88,0,0,0,0,0,0,15,4,4,0,0,0.278653073834,0.149621212121,0.0542071549959,0.495250431779,0.544568245125,0.266666666667,0.666666666667,0.266666666667,0.0588235294118,-0.313913460281,-0.179796107507,0.0980392156863,0,0,,,,0,,,,,,,,0,0.75,0
2024,003120,ARC,STINT,Jack VanOverbeke,M,4,68,4,0,0,0,3,0,15,15,0,4,0,10,1,153,23,88,0,0,0,0,0,0,15,4,4,0,0,0.278653073834,0.149621212121,0.0542071549959,0.495250431779,0.544568245125,0.266666666667,0.666666666667,0.266666666667,0.0588235294118,-0.313913460281,-0.179796107507,0.0980392156863,0,0,,,,0,,,,,,,,0,0.75,0
2024,003121,ALL,SEASON,Brayden Mayea,A,3,36,5,0,0,0,2,0,12,12,0,1,0,6,0,119,14,61,0,0,0,0,0,0,12,1,1,0,0,0.278653073834,0.149621212121,0.0542071549959,0.495250431779,0.544568245125,0.0833333333333,0.5,0.0833333333333,0.138888888889,-3.04854242015,-2.34383688601,0.100840336134,0,0,,,,0,,,,,,,,0,0.666666666667,0
2024,003121,CHA,STINT,Brayden Mayea,A,3,36,5,0,0,0,2,0,12,12,0,1,0,6,0,119,14,61,0,0,0,0,0,0,12,1,1,0,0,0.278653073834,0.149621212121,0.0542071549959,0.495250431779,0.544568245125,0.0833333333333,0.5,0.0833333333333,0.138888888889,-3.04854242015,-2.34383688601,0.100840336134,0,0,,,,0,,,,,,,,0,0.666666666667,0
2024,003126,ALL,SEASON,Mike Robinson,A,1,24,2,0,0,0,3,0,1,1,0,0,0,1,0,37,14,22,0,0,0,0,0,0,1,0,0,0,0,0.278653073834,0.149621212121,0.0542071549959,0.495250431779,0.544568245125,0,1,0,0.0833333333333,-0.699028280099,-0.278653073834,0.027027027027,0,0,,,,0,,,,,,,,0,3,0
2024,003126,CAN,STINT,Mike Robinson,A,1,24,2,0,0,0,3,0,1,1,0,0,0,1,0,37,14,22,0,0,0,0,0,0,1,0,0,0,0,0.278653073834,0.149621212121,0.0542071549959,0.495250431779,0.544568245125,0,1,0,0.0833333333333,-0.699028280099,-0.278653073834,0.027027027027,0,0,,,,0,,,,,,,,0,3,0
2024,003128,ALL,SEASON,Jack Posey,D,5,17,1,0,0,1,4,1,0,0,0,0,0,0,0,190,19,97,0,0,0,0,0,0,0,0,0,0,0,0.278653073834,0.149621212121,0.0542071549959,0.495250431779,0.544568245125,,,,0.0588235294118,-0.0784783650704,,0,0,,,,,0,,,,,,,,0.2,0.8,0.2
2024,003128,CHA,STINT,Jack Posey,D,5,17,1,0,0,1,4,1,0,0,0,0,0,0,0,190,19,97,0,0,0,0,0,0,0,0,0,0,0,0.278653073834,0.149621212121,0.0542071549959,0.495250431779,0.544568245125,,,,0.0588235294118,-0.0784783650704,,0,0,,,,,0,,,,,,,,0.2,0.8,0.2
2024,003142,ALL,SEASON,Jack Koras,M,7,87,1,0,0,5,21,2,15,15,0,4,0,11,0,321,33,205,0,0,0,0,0,0,15,4,4,0,0,0.278653073834,0.149621212121,0.0542071549959,0.495250431779,0.544568245125,0.266666666667,0.733333333333,0.266666666667,0.0114942528736,3.71602248464,-0.179796107507,0.0467289719626,0,0,,,,0,,,,,,,,0.714285714286,3,0.285714285714
2024,003142,WHP,STINT,Jack Koras,M,7,87,1,0,0,5,21,2,15,15,0,4,0,11,0,321,33,205,0,0,0,0,0,0,15,4,4,0,0,0.278653073834,0.149621212121,0.0542071549959,0.495250431779,0.544568245125,0.266666666667,0.733333333333,0.266666666667,0.0114942528736,3.71602248464,-0.179796107507,0.0467289719626,0,0,,,,0,,,,,,,,0.714285714286,3,0.285714285714
2024,003143,ALL,SEASON,Logan McGovern,M,3,59,3,0,0,0,4,1,11,11,0,3,0,9,2,128,12,83,0,0,0,0,0,0,11,3,3,0,0,0.278653073834,0.149621212121,0.0542071549959,0.495250431779,0.544568245125,0.272727272727,0.818181818182,0.272727272727,0.0508474576271,0.198222144756,-0.0651838121718,0.0859375,0,0,,,,0,,,,,,,,0,1.33333333333,0.333333333333
2024,003143,ATL,STINT,Logan McGovern,M,3,59,3,0,0,0,4,1,11,11,0,3,0,9,2,128,12,83,0,0,0,0,0,0,11,3,3,0,0,0.278653073834,0.149621212121,0.0542071549959,0.495250431779,0.544568245125,0.272727272727,0.818181818182,0.272727272727,0.0508474576271,0.198222144756,-0.0651838121718,0.0859375,0,0,,,,0,,,,,,,,0,1.33333333333,0.333333333333
2025,000201,ALL,SEASON,Adam Ghitelman,G,1,1,0,0,0,0,0,0,0,0,0,0,0,0,0,43,7,25,0,0,0,0,0,0,0,0,0,0,0,0.290987388496,0.145383104126,0.0537471939216,0.496221662469,0.539918809202,,,,0,0.0537471939216,,0,0,,,,,0,,,,,,,,0,0,0
2025,000201,CAN,STINT,Adam Ghitelman,G,1,1,0,0,0,0,0,0,0,0,0,0,0,0,0,43,7,25,0,0,0,0,0,0,0,0,0,0,0,0.290987388496,0.145383104126,0.0537471939216,0.496221662469,0.539918809202,,,,0,0.0537471939216,,0,0,,,,,0,,,,,,,,0,0,0
2025,000216,ALL,SEASON,Marcus Holman,A,10,376,11,0,0,4,24,2,55,36,19,9,5,34,3,415,71,284,0,0,0,0,0,0,55,14,19,0,0,0.290987388496,0.145383104126,0.0537471939216,0.496221662469,0.539918809202,0.254545454545,0.618181818182,0.345454545455,0.0292553191489,9.20894491452,2.99989605737,0.132530120482,0.267605633803,0.345454545455,0.263157894737,4.47544204322,,0,,,,,,,,0.4,2.4,0.2
2025,000216,CAN,STINT,Marcus Holman,A,10,376,11,0,0,4,24,2,55,36,19,9,5,34,3,415,71,284,0,0,0,0,0,0,55,14,19,0,0,0.290987388496,0.145383104126,0.0537471939216,0.496221662469,0.539918809202,0.254545454545,0.618181818182,0.345454545455,0.0292553191489,9.20894491452,2.99989605737,0.132530120482,0.267605633803,0.345454545455,0.263157894737,4.47544204322,,0,,,,,,,,0.4,2.4,0.2
2025,000221,ALL,SEASON,Ryan Ambler,M,9,107,8,0,0,0,4,0,19,18,1,7,0,11,1,324,49,212,0,0,0,0,0,0,19,7,7,0,0,0.290987388496,0.145383104126,0.0537471939216,0.496221662469,0.539918809202,0.368421052632,0.578947368421,0.368421052632,0.0747663551402,-2.24905025039,1.47146079882,0.0586419753086,0.0204081632653,0.0526315789474,0,-0.290766208251,,0,,,,,,,,0,0.444444444444,0
2025,000221,ARC,STINT,Ryan Ambler,M,9,107,8,0,0,0,4,0,19,18,1,7,0,11,1,324,49,212,0,0,0,0,0,0,19,7,7,0,0,0.290987388496,0.145383104126,0.0537471939216,0.496221662469,0.539918809202,0.368421052632,0.578947368421,0.368421052632,0.0747663551402,-2.24905025039,1.47146079882,0.0586419753086,0.0204081632653,0.0526315789474,0,-0.290766208251,,0,,,,,,,,0,0.444444444444,0
2025,000225,ALL,SEASON,Tom Schreiber,M,8,207,21,0,0,2,8,1,34,31,3,6,0,18,2,287,36,184,0,0,0,0,0,0,34,6,6,0,0,0.290987388496,0.145383104126,0.0537471939216,0.496221662469,0.539918809202,0.176470588235,0.529411764706,0.176470588235,0.101449275362,-9.87433085823,-3.89290766813,0.118466898955,0.0833333333333,0.0882352941176,0,-0.872298624754,,0,,,,,,,,0.25,1,0.125
2025,000225,ARC,STINT,Tom Schreiber,M,8,207,21,0,0,2,8,1,34,31,3,6,0,18,2,287,36,184,0,0,0,0,0,0,34,6,6,0,0,0.290987388496,0.145383104126,0.0537471939216,0.496221662469,0.539918809202,0.176470588235,0.529411764706,0.176470588235,0.101449275362,-9.87433085823,-3.89290766813,0.118466898955,0.0833333333333,0.0882352941176,0,-0.872298624754,,0,,,,,,,,0.25,1,0.125
2025,000227,ALL,SEASON,Will Manny,A,5,94,5,0,0,2,4,1,23,23,0,7,0,16,2,201,36,154,0,0,0,0,0,0,23,7,7,0,0,0.290987388496,0.145383104126,0.0537471939216,0.496221662469,0.539918809202,0.304347826087,0.695652173913,0.304347826087,0.0531914893617,0.0522362286306,0.307290064596,0.114427860697,0,0,,,,0,,,,,,,,0.4,0.8,0.2
2025,000227,CAN,STINT,Will Manny,A,5,94,5,0,0,2,4,1,23,23,0,7,0,16,2,201,36,154,0,0,0,0,0,0,23,7,7,0,0,0.290987388496,0.145383104126,0.0537471939216,0.496221662469,0.539918809202,0.304347826087,0.695652173913,0.304347826087,0.0531914893617,0.0522362286306,0.307290064596,0.114427860697,0,0,,,,0,,,,,,,,0.4,0.8,0.2
2025,000234,ALL,SEASON,Eric Law,A,1,4,0,0,0,0,0,0,0,0,0,0,0,0,0,63,12,28,0,0,0,0,0,0,0,0,0,0,0,0.290987388496,0.145383104126,0.0537471939216,0.496221662469,0.539918809202,,,,0,0.214988775686,,0,0,,,,,0,,,,,,,,0,0,0
2025,000234,OUT,STINT,Eric Law,A,1,4,0,0,0,0,0,0,0,0,0,0,0,0,0,63,12,28,0,0,0,0,0,0,0,0,0,0,0,0.290987388496,0.145383104126,0.0537471939216,0.496221662469,0.539918809202,,,,0,0.214988775686,,0,0,,,,,0,,,,,,,,0,0,0
2025,000240,ALL,SEASON,Kieran McArdle,A,12,342,25,0,0,0,15,1,70,70,0,25,0,54,1,505,65,322,0,0,0,0,0,0,70,25,25,0,0,0.290987388496,0.145383104126,0.0537471939216,0.496221662469,0.539918809202,0.357142857143,0.771428571429,0.357142857143,0.0730994152047,-6.61845967881,4.63088280529,0.138613861386,0,0,,,,0,,,,,,,,0,1.25,0.0833333333333
2025,000240,WAT,STINT,Kieran McArdle,A,12,342,25,0,0,0,15,1,70,70,0,25,0,54,1,505,65,322,0,0,0,0,0,0,70,25,25,0,0,0.290987388496,0.145383104126,0.0537471939216,0.496221662469,0.539918809202,0.357142857143,0.771428571429,0.357142857143,0.0730994152047,-6.61845967881,4.63088280529,0.138613861386,0,0,,,,0,,,,,,,,0,1.25,0.0833333333333
2025,000254,ALL,SEASON,Trevor Baptiste,FO,12,132,8,320,193,5,101,1,15,15,0,4,0,11,0,514,54,337,0,0,0,0,0,0,15,4,4,0,0,0.290987388496,0.145383104126,0.0537471939216,0.496221662469,0.539918809202,0.266666666667,0.733333333333,0.266666666667,0.0606060606061,-0.905370402348,-0.364810827438,0.0291828793774,0,0,,,0.603125,0.949554896142,34.2090680101,,,,,,,0.416666666667,8.41666666667,0.0833333333333
2025,000254,ATL,STINT,Trevor Baptiste,FO,12,132,8,320,193,5,101,1,15,15,0,4,0,11,0,514,54,337,0,0,0,0,0,0,15,4,4,0,0,0.290987388496,0.145383104126,0.0537471939216,0.496221662469,0.539918809202,0.266666666667,0.733333333333,0.266666666667,0.0606060606061,-0.905370402348,-0.364810827438,0.0291828793774,0,0,,,0.603125,0.949554896142,34.2090680101,,,,,,,0.416666666667,8.41666666667,0.0833333333333
2025,000258,ALL,SEASON,Blaze Riorden,G,11,196,5,0,0,6,17,0,4,0,4,0,0,3,0,456,56,286,143,15,112,12,14,28,4,0,0,158,282,0.290987388496,0.145383104126,0.0537471939216,0.496221662469,0.539918809202,0,0.75,0,0.0255102040816,5.53445000863,-1.16306483301,0.00877192982456,0.0714285714286,1,0,-1.16306483301,,0,,0.560283687943,0.560784313725,0.555555555556,5.74289580514,0.952702702703,0.0945945945946,0.545454545455,1.54545454545,0
2025,000258,CHA,STINT,Blaze Riorden,G,11,196,5,0,0,6,17,0,4,0,4,0,0,3,0,456,56,286,143,15,112,12,14,28,4,0,0,158,282,0.290987388496,0.145383104126,0.0537471939216,0.496221662469,0.539918809202,0,0.75,0,0.0255102040816,5.53445000863,-1.16306483301,0.00877192982456,0.0714285714286,1,0,-1.16306483301,,0,,0.560283687943,0.560784313725,0.555555555556,5.74289580514,0.952702702703,0.0945945945946,0.545454545455,1.54545454545,0
2025,000262,ALL,SEASON,Connor Fields,A,10,254,16,0,0,3,15,1,47,47,0,14,0,31,1,353,51,231,0,0,0,0,0,0,47,14,14,0,0,0.290987388496,0.145383104126,0.0537471939216,0.496221662469,0.539918809202,0.297872340426,0.659574468085,0.297872340426,0.0629921259843,-2.34821274391,0.323592740695,0.133144475921,0,0,,,,0,,,,,,,,0.3,1.5,0.1
2025,000262,ARC,STINT,Connor Fields,A,10,254,16,0,0,3,15,1,47,47,0,14,0,31,1,353,51,231,0,0,0,0,0,0,47,14,14,0,0,0.290987388496,0.145383104126,0.0537471939216,0.496221662469,0.539918809202,0.297872340426,0.659574468085,0.297872340426,0.0629921259843,-2.34821274391,0.323592740695,0.133144475921,0,0,,,,0,,,,,,,,0.3,1.5,0.1
2025,000269,ALL,SEASON,Jarrod Neumann,D,11,82,5,0,0,2,14,2,6,0,6,0,2,4,0,456,56,286,0,0,0,0,0,0,6,2,4,0,0,0.290987388496,0.145383104126,0.0537471939216,0.496221662469,0.539918809202,0.333333333333,0.666666666667,0.666666666667,0.0609756097561,-0.592730098429,2.25540275049,0.0131578947368,0.107142857143,1,0.333333333333,2.25540275049,,0,,,,,,,,0.181818181818,1.27272727273,0.181818181818
2025,000269,CHA,STINT,Jarrod Neumann,D,11,82,5,0,0,2,14,2,6,0,6,0,2,4,0,456,56,286,0,0,0,0,0,0,6,2,4,0,0,0.290987388496,0.145383104126,0.0537471939216,0.496221662469,0.539918809202,0.333333333333,0.666666666667,0.666666666667,0.0609756097561,-0.592730098429,2.25540275049,0.0131578947368,0.107142857143,1,0.333333333333,2.25540275049,,0,,,,,,,,0.181818181818,1.27272727273,0.181818181818
2025,000275,ALL,SEASON,Mark Glicini,SSDM,11,79,3,15,1,5,14,4,7,5,2,1,1,5,0,456,56,286,0,0,0,0,0,0,7,2,3,0,0,0.290987388496,0.145383104126,0.0537471939216,0.496221662469,0.539918809202,0.285714285714,0.714285714286,0.428571428571,0.0379746835443,1.24602831981,0.963530641018,0.015350877193,0.0357142857143,0.285714285714,0.5,1.4184675835,0.0666666666667,0.0524475524476,-6.44332493703,,,,,,,0.454545454545,1.27272727273,0.363636363636
2025,000275,CHA,STINT,Mark Glicini,SSDM,11,79,3,15,1,5,14,4,7,5,2,1,1,5,0,456,56,286,0,0,0,0,0,0,7,2,3,0,0,0.290987388496,0.145383104126,0.0537471939216,0.496221662469,0.539918809202,0.285714285714,0.714285714286,0.428571428571,0.0379746835443,1.24602831981,0.963530641018,0.015350877193,0.0357142857143,0.285714285714,0.5,1.4184675835,0.0666666666667,0.0524475524476,-6.44332493703,,,,,,,0.454545454545,1.27272727273,0.363636363636
2025,000278,ALL,SEASON,Myles Jones,M,3,59,5,0,0,0,2,0,5,5,0,1,0,3,0,120,12,81,0,0,0,0,0,0,5,1,1,0,0,0.290987388496,0.145383104126,0.0537471939216,0.496221662469,0.539918809202,0.2,0.6,0.2,0.0847457627119,-1.82891555863,-0.454936942479,0.0416666666667,0,0,,,,0,,,,,,,,0,0.666666666667,0
2025,000278,ATL,STINT,Myles Jones,M,3,59,5,0,0,0,2,0,5,5,0,1,0,3,0,120,12,81,0,0,0,0,0,0,5,1,1,0,0,0.290987388496,0.145383104126,0.0537471939216,0.496221662469,0.539918809202,0.2,0.6,0.2,0.0847457627119,-1.82891555863,-0.454936942479,0.0416666666667,0,0,,,,0,,,,,,,,0,0.666666666667,0
2025,000279,ALL,SEASON,Patrick Resch,SSDM,3,25,3,1,0,0,4,2,0,0,0,0,0,0,0,109,17,73,0,0,0,0,0,0,0,0,0,0,0,0.290987388496,0.145383104126,0.0537471939216,0.496221662469,0.539918809202,,,,0.12,-1.65632015196,,0,0,,,,0,0.013698630137,-0.496221662469,,,,,,,0,1.33333333333,0.666666666667
2025,000279,ARC,STINT,Patrick Resch,SSDM,1,7,0,1,0,0,2,0,0,0,0,0,0,0,0,37,9,24,0,0,0,0,0,0,0,0,0,0,0,0.290987388496,0.145383104126,0.0537471939216,0.496221662469,0.539918809202,,,,0,0.376230357451,,0,0,,,,0,0.0416666666667,-0.496221662469,,,,,,,0,2,0
2025,000279,CHA,STINT,Patrick Resch,SSDM,2,18,3,0,0,0,2,2,0,0,0,0,0,0,0,72,8,49,0,0,0,0,0,0,0,0,0,0,0,0.290987388496,0.145383104126,0.0537471939216,0.496221662469,0.539918809202,,,,0.166666666667,-2.03255050941,,0,0,,,,,0,,,,,,,,0,1,1
2025,000281,ALL,SEASON,Troy Reh,LSM,11,127,6,0,0,11,42,2,4,2,2,1,0,1,0,456,56,286,0,0,0,0,0,0,4,1,1,0,0,0.290987388496,0.145383104126,0.0537471939216,0.496221662469,0.539918809202,0.25,0.25,0.25,0.0472440944882,0.825893628044,-0.163507193495,0.00877192982456,0.0357142857143,0.5,0,-0.581532416503,,0,,,,,,,,1,3.81818181818,0.181818181818
2025,000281,CHA,STINT,Troy Reh,LSM,11,127,6,0,0,11,42,2,4,2,2,1,0,1,0,456,56,286,0,0,0,0,0,0,4,1,1,0,0,0.290987388496,0.145383104126,0.0537471939216,0.496221662469,0.539918809202,0.25,0.25,0.25,0.0472440944882,0.825893628044,-0.163507193495,0.00877192982456,0.0357142857143,0.5,0,-0.581532416503,,0,,,,,,,,1,3.81818181818,0.181818181818
2025,000302,ALL,SEASON,Michael Manley,D,12,80,5,0,0,9,20,4,9,4,5,2,1,6,0,545,87,313,0,0,0,0,0,0,9,3,4,0,0,0.290987388496,0.145383104126,0.0537471939216,0.496221662469,0.539918809202,0.333333333333,0.666666666667,0.444444444444,0.0625,-0.700224486272,1.38221940476,0.0165137614679,0.0574712643678,0.555555555556,0.2,0.546168958743,,0,,,,,,,,0.75,1.66666666667,0.333333333333
2025,000302,OUT,STINT,Michael Manley,D,12,80,5,0,0,9,20,4,9,4,5,2,1,6,0,545,87,313,0,0,0,0,0,0,9,3,4,0,0,0.290987388496,0.145383104126,0.0537471939216,0.496221662469,0.539918809202,0.333333333333,0.666666666667,0.444444444444,0.0625,-0.700224486272,1.38221940476,0.0165137614679,0.0574712643678,0.555555555556,0.2,0.546168958743,,0,,,,,,,,0.75,1.66666666667,0.333333333333
2025,000305,ALL,SEASON,Romar Dennis,M,10,182,1,0,0,1,4,0,51,23,28,1,5,25,0,435,70,270,0,0,0,0,0,0,51,6,11,0,0,0.290987388496,0.145383104126,0.0537471939216,0.496221662469,0.539918809202,0.117647058824,0.490196078431,0.21568627451,0.00549450549451,8.78198929373,-3.83416376645,0.11724137931,0.4,0.549019607843,0.178571428571,1.85854616896,,0,,,,,,,,0.1,0.4,0
2025,000305,RED,STINT,Romar Dennis,M,10,182,1,0,0,1,4,0,51,23,28,1,5,25,0,435,70,270,0,0,0,0,0,0,51,6,11,0,0,0.290987388496,0.145383104126,0.0537471939216,0.496221662469,0.539918809202,0.117647058824,0.490196078431,0.21568627451,0.00549450549451,8.78198929373,-3.83416376645,0.11724137931,0.4,0.549019607843,0.178571428571,1.85854616896,,0,,,,,,,,0.1,0.4,0
2025,000315,ALL,SEASON,Garrett Epple,D,10,74,1,0,0,12,14,2,2,0,2,0,0,0,0,415,71,284,0,0,0,0,0,0,2,0,0,0,0,0.290987388496,0.145383104126,0.0537471939216,0.496221662469,0.539918809202,0,0,0,0.0135135135135,2.9772923502,-0.581532416503,0.00481927710843,0.0281690140845,1,0,-0.581532416503,,0,,,,,,,,1.2,1.4,0.2
2025,000315,CAN,STINT,Garrett Epple,D,10,74,1,0,0,12,14,2,2,0,2,0,0,0,0,415,71,284,0,0,0,0,0,0,2,0,0,0,0,0.290987388496,0.145383104126,0.0537471939216,0.496221662469,0.539918809202,0,0,0,0.0135135135135,2.9772923502,-0.581532416503,0.00481927710843,0.0281690140845,1,0,-0.581532416503,,0,,,,,,,,1.2,1.4,0.2
2025,000333,ALL,SEASON,Sergio Perkovic,M,8,129,6,0,0,0,2,1,33,23,10,6,1,21,2,348,45,213,0,0,0,0,0,0,33,7,8,0,0,0.290987388496,0.145383104126,0.0537471939216,0.496221662469,0.539918809202,0.212121212121,0.636363636364,0.242424242424,0.046511627907,0.933388015887,-1.60037201792,0.0948275862069,0.222222222222,0.30303030303,0.1,-0.907662082515,,0,,,,,,,,0,0.25,0.125
2025,000333,CHA,STINT,Sergio Perkovic,M,8,129,6,0,0,0,2,1,33,23,10,6,1,21,2,348,45,213,0,0,0,0,0,0,33,7,8,0,0,0.290987388496,0.145383104126,0.0537471939216,0.496221662469,0.539918809202,0.212121212121,0.636363636364,0.242424242424,0.046511627907,0.933388015887,-1.60037201792,0.0948275862069,0.222222222222,0.30303030303,0.1,-0.907662082515,,0,,,,,,,,0,0.25,0.125
2025,000337,ALL,SEASON,Bryce Young,D,10,37,4,0,0,5,13,1,0,0,0,0,0,0,0,415,71,284,0,0,0,0,0,0,0,0,0,0,0,0.290987388496,0.145383104126,0.0537471939216,0.496221662469,0.539918809202,,,,0.108108108108,-2.0113538249,,0,0,,,,,0,,,,,,,,0.5,1.3,0.1
2025,000337,CAN,STINT,Bryce Young,D,10,37,4,0,0,5,13,1,0,0,0,0,0,0,0,415,71,284,0,0,0,0,0,0,0,0,0,0,0,0.290987388496,0.145383104126,0.0537471939216,0.496221662469,0.539918809202,,,,0.108108108108,-2.0113538249,,0,0,,,,,0,,,,,,,,0.5,1.3,0.1
2025,000339,ALL,SEASON,Connor Kelly,M,12,271,11,0,0,2,11,1,69,50,19,7,3,32,4,505,65,322,0,0,0,0,0,0,69,10,13,0,0,0.290987388496,0.145383104126,0.0537471939216,0.496221662469,0.539918809202,0.144927536232,0.463768115942,0.188405797101,0.0405904059041,3.56548955275,-7.07392738157,0.136633663366,0.292307692308,0.275362318841,0.157894736842,0.475442043222,,0,,,,,,,,0.166666666667,0.916666666667,0.0833333333333
2025,000339,WAT,STINT,Connor Kelly,M,12,271,11,0,0,2,11,1,69,50,19,7,3,32,4,505,65,322,0,0,0,0,0,0,69,10,13,0,0,0.290987388496,0.145383104126,0.0537471939216,0.496221662469,0.539918809202,0.144927536232,0.463768115942,0.188405797101,0.0405904059041,3.56548955275,-7.07392738157,0.136633663366,0.292307692308,0.275362318841,0.157894736842,0.475442043222,,0,,,,,,,,0.166666666667,0.916666666667,0.0833333333333
2025,000345,ALL,SEASON,Jake Bernhardt,SSDM,11,55,3,15,3,1,8,1,5,2,3,0,1,2,0,450,41,284,0,0,0,0,0,0,5,1,2,0,0,0.290987388496,0.145383104126,0.0537471939216,0.496221662469,0.539918809202,0.2,0.4,0.4,0.0545454545455,-0.0439043343119,0.545726598254,0.0111111111111,0.0731707317073,0.6,0.333333333333,1.12770137525,0.2,0.0528169014085,-4.44332493703,,,,,,,0.0909090909091,0.727272727273,0.0909090909091
2025,000345,WHP,STINT,Jake Bernhardt,SSDM,11,55,3,15,3,1,8,1,5,2,3,0,1,2,0,450,41,284,0,0,0,0,0,0,5,1,2,0,0,0.290987388496,0.145383104126,0.0537471939216,0.496221662469,0.539918809202,0.2,0.4,0.4,0.0545454545455,-0.0439043343119,0.545726598254,0.0111111111111,0.0731707317073,0.6,0.333333333333,1.12770137525,0.2,0.0528169014085,-4.44332493703,,,,,,,0.0909090909091,0.727272727273,0.0909090909091
2025,000350,ALL,SEASON,Joseph Nardella,FO,11,91,8,268,159,5,61,1,6,6,0,3,0,4,0,450,41,284,0,0,0,0,0,0,6,3,3,0,0,0.290987388496,0.145383104126,0.0537471939216,0.496221662469,0.539918809202,0.5,0.666666666667,0.5,0.0879120879121,-3.10900535313,1.25407566902,0.0133333333333,0,0,,,0.59328358209,0.943661971831,26.0125944584,,,,,,,0.454545454545,5.54545454545,0.0909090909091
2025,000350,WHP,STINT,Joseph Nardella,FO,11,91,8,268,159,5,61,1,6,6,0,3,0,4,0,450,41,284,0,0,0,0,0,0,6,3,3,0,0,0.290987388496,0.145383104126,0.0537471939216,0.496221662469,0.539918809202,0.5,0.666666666667,0.5,0.0879120879121,-3.10900535313,1.25407566902,0.0133333333333,0,0,,,0.59328358209,0.943661971831,26.0125944584,,,,,,,0.454545454545,5.54545454545,0.0909090909091
2025,000351,ALL,SEASON,Jules Heningburg,M,4,50,2,0,0,0,1,0,11,9,2,1,1,4,2,154,31,125,0,0,0,0,0,0,11,2,3,0,0,0.290987388496,0.145383104126,0.0537471939216,0.496221662469,0.539918809202,0.181818181818,0.363636363636,0.272727272727,0.04,0.68735969608,-0.200418912966,0.0714285714286,0.0645161290323,0.181818181818,0.5,1.4184675835,,0,,,,,,,,0,0.25,0
2025,000351,CAN,STINT,Jules Heningburg,M,4,50,2,0,0,0,1,0,11,9,2,1,1,4,2,154,31,125,0,0,0,0,0,0,11,2,3,0,0,0.290987388496,0.145383104126,0.0537471939216,0.496221662469,0.539918809202,0.181818181818,0.363636363636,0.272727272727,0.04,0.68735969608,-0.200418912966,0.0714285714286,0.0645161290323,0.181818181818,0.5,1.4184675835,,0,,,,,,,,0,0.25,0
2025,000354,ALL,SEASON,Matt Rambo,A,6,74,4,0,0,0,2,0,16,16,0,0,0,8,2,258,24,146,0,0,0,0,0,0,16,0,0,0,0,0.290987388496,0.145383104126,0.0537471939216,0.496221662469,0.539918809202,0,0.5,0,0.0540540540541,-0.0227076498014,-4.65579821593,0.062015503876,0,0,,,,0,,,,,,,,0,0.333333333333,0
2025,000354,WHP,STINT,Matt Rambo,A,6,74,4,0,0,0,2,0,16,16,0,0,0,8,2,258,24,146,0,0,0,0,0,0,16,0,0,0,0,0.290987388496,0.145383104126,0.0537471939216,0.496221662469,0.539918809202,0,0.5,0,0.0540540540541,-0.0227076498014,-4.65579821593,0.062015503876,0,0,,,,0,,,,,,,,0,0.333333333333,0
2025,000355,ALL,SEASON,Matthew Dunn,D,11,86,7,0,0,6,11,1,5,2,3,1,0,4,0,450,41,284,0,0,0,0,0,0,5,1,1,0,0,0.290987388496,0.145383104126,0.0537471939216,0.496221662469,0.539918809202,0.2,0.8,0.2,0.0813953488372,-2.37774132274,-0.454273401746,0.0111111111111,0.0731707317073,0.6,0,-0.872298624754,,0,,,,,,,,0.545454545455,1,0.0909090909091
2025,000355,WHP,STINT,Matthew Dunn,D,11,86,7,0,0,6,11,1,5,2,3,1,0,4,0,450,41,284,0,0,0,0,0,0,5,1,1,0,0,0.290987388496,0.145383104126,0.0537471939216,0.496221662469,0.539918809202,0.2,0.8,0.2,0.0813953488372,-2.37774132274,-0.454273401746,0.0111111111111,0.0731707317073,0.6,0,-0.872298624754,,0,,,,,,,,0.545454545455,1,0.0909090909091
2025,000358,ALL,SEASON,Ryan Drenner,M,10,212,5,0,0,2,4,0,39,37,2,18,0,24,0,415,71,284,0,0,0,0,0,0,39,18,18,0,0,0.290987388496,0.145383104126,0.0537471939216,0.496221662469,0.539918809202,0.461538461538,0.615384615385,0.461538461538,0.0235849056604,6.39440511138,6.65193420915,0.0939759036145,0.0281690140845,0.0512820512821,0,-0.581532416503,,0,,,,,,,,0.2,0.4,0
2025,000358,CAN,STINT,Ryan Drenner,M,10,212,5,0,0,2,4,0,39,37,2,18,0,24,0,415,71,284,0,0,0,0,0,0,39,18,18,0,0,0.290987388496,0.145383104126,0.0537471939216,0.496221662469,0.539918809202,0.461538461538,0.615384615385,0.461538461538,0.0235849056604,6.39440511138,6.65193420915,0.0939759036145,0.0281690140845,0.0512820512821,0,-0.581532416503,,0,,,,,,,,0.2,0.4,0
2025,000359,ALL,SEASON,Tim Muller,D,11,75,1,0,0,5,20,1,2,2,0,0,0,1,0,450,41,284,0,0,0,0,0,0,2,0,0,0,0,0.290987388496,0.145383104126,0.0537471939216,0.496221662469,0.539918809202,0,0.5,0,0.0133333333333,3.03103954412,-0.581974776992,0.00444444444444,0,0,,,,0,,,,,,,,0.454545454545,1.81818181818,0.0909090909091
2025,000359,WHP,STINT,Tim Muller,D,11,75,1,0,0,5,20,1,2,2,0,0,0,1,0,450,41,284,0,0,0,0,0,0,2,0,0,0,0,0.290987388496,0.145383104126,0.0537471939216,0.496221662469,0.539918809202,0,0.5,0,0.0133333333333,3.03103954412,-0.581974776992,0.00444444444444,0,0,,,,0,,,,,,,,0.454545454545,1.81818181818,0.0909090909091
2025,000365,ALL,SEASON,Jack Rowlett,D,11,76,3,0,0,7,10,3,0,0,0,0,0,0,0,456,56,286,0,0,0,0,0,0,0,0,0,0,0,0.290987388496,0.145383104126,0.0537471939216,0.496221662469,0.539918809202,,,,0.0394736842105,1.08478673804,,0,0,,,,,0,,,,,,,,0.636363636364,0.909090909091,0.272727272727
2025,000365,CHA,STINT,Jack Rowlett,D,11,76,3,0,0,7,10,3,0,0,0,0,0,0,0,456,56,286,0,0,0,0,0,0,0,0,0,0,0,0.290987388496,0.145383104126,0.0537471939216,0.496221662469,0.539918809202,,,,0.0394736842105,1.08478673804,,0,0,,,,,0,,,,,,,,0.636363636364,0.909090909091,0.272727272727
2025,000373,ALL,SEASON,Ryder Garnsey,A,12,378,20,0,0,2,23,0,54,49,5,14,0,36,4,522,84,325,0,0,0,0,0,0,54,14,14,0,0,0.290987388496,0.145383104126,0.0537471939216,0.496221662469,0.539918809202,0.259259259259,0.666666666667,0.259259259259,0.0529100529101,0.316439302366,-1.71221307755,0.103448275862,0.0595238095238,0.0925925925926,0,-1.45383104126,,0,,,,,,,,0.166666666667,1.91666666667,0
2025,000373,RED,STINT,Ryder Garnsey,A,12,378,20,0,0,2,23,0,54,49,5,14,0,36,4,522,84,325,0,0,0,0,0,0,54,14,14,0,0,0.290987388496,0.145383104126,0.0537471939216,0.496221662469,0.539918809202,0.259259259259,0.666666666667,0.259259259259,0.0529100529101,0.316439302366,-1.71221307755,0.103448275862,0.0595238095238,0.0925925925926,0,-1.45383104126,,0,,,,,,,,0.166666666667,1.91666666667,0
2025,000390,ALL,SEASON,Brad Smith,M,11,290,14,0,0,1,10,1,50,33,17,6,5,26,1,450,41,284,0,0,0,0,0,0,50,11,16,0,0,0.290987388496,0.145383104126,0.0537471939216,0.496221662469,0.539918809202,0.22,0.52,0.32,0.048275862069,1.58668623726,1.45439063936,0.111111111111,0.414634146341,0.34,0.294117647059,5.05697445972,,0,,,,,,,,0.0909090909091,0.909090909091,0.0909090909091
2025,000390,WHP,STINT,Brad Smith,M,11,290,14,0,0,1,10,1,50,33,17,6,5,26,1,450,41,284,0,0,0,0,0,0,50,11,16,0,0,0.290987388496,0.145383104126,0.0537471939216,0.496221662469,0.539918809202,0.22,0.52,0.32,0.048275862069,1.58668623726,1.45439063936,0.111111111111,0.414634146341,0.34,0.294117647059,5.05697445972,,0,,,,,,,,0.0909090909091,0.909090909091,0.0909090909091
2025,000391,ALL,SEASON,Grant Ament,M,8,215,17,0,0,1,4,0,32,31,1,3,0,14,1,293,39,188,0,0,0,0,0,0,32,3,3,0,0,0.290987388496,0.145383104126,0.0537471939216,0.496221662469,0.539918809202,0.09375,0.4375,0.09375,0.0790697674419,-5.44435330686,-6.31137525162,0.109215017065,0.025641025641,0.03125,0,-0.290766208251,,0,,,,,,,,0.125,0.5,0
2025,000391,ARC,STINT,Grant Ament,M,8,215,17,0,0,1,4,0,32,31,1,3,0,14,1,293,39,188,0,0,0,0,0,0,32,3,3,0,0,0.290987388496,0.145383104126,0.0537471939216,0.496221662469,0.539918809202,0.09375,0.4375,0.09375,0.0790697674419,-5.44435330686,-6.31137525162,0.109215017065,0.025641025641,0.03125,0,-0.290766208251,,0,,,,,,,,0.125,0.5,0
2025,000395,ALL,SEASON,Bryan Costabile,M,12,337,25,0,0,4,13,1,75,54,21,15,3,46,6,514,54,337,0,0,0,0,0,0,75,18,21,0,0,0.290987388496,0.145383104126,0.0537471939216,0.496221662469,0.539918809202,0.24,0.613333333333,0.28,0.0741839762611,-6.88719564842,-0.819409352057,0.145914396887,0.388888888889,0.28,0.142857142857,-0.106090373281,,0,,,,,,,,0.333333333333,1.08333333333,0.0833333333333
2025,000395,ATL,STINT,Bryan Costabile,M,12,337,25,0,0,4,13,1,75,54,21,15,3,46,6,514,54,337,0,0,0,0,0,0,75,18,21,0,0,0.290987388496,0.145383104126,0.0537471939216,0.496221662469,0.539918809202,0.24,0.613333333333,0.28,0.0741839762611,-6.88719564842,-0.819409352057,0.145914396887,0.388888888889,0.28,0.142857142857,-0.106090373281,,0,,,,,,,,0.333333333333,1.08333333333,0.0833333333333
2025,000405,ALL,SEASON,Jesse Bernhardt,D,12,80,2,0,0,7,15,2,1,0,1,0,0,0,0,545,87,313,0,0,0,0,0,0,1,0,0,0,0,0.290987388496,0.145383104126,0.0537471939216,0.496221662469,0.539918809202,0,0,0,0.025,2.29977551373,-0.290766208251,0.00183486238532,0.0114942528736,1,0,-0.290766208251,,0,,,,,,,,0.583333333333,1.25,0.166666666667
2025,000405,OUT,STINT,Jesse Bernhardt,D,12,80,2,0,0,7,15,2,1,0,1,0,0,0,0,545,87,313,0,0,0,0,0,0,1,0,0,0,0,0.290987388496,0.145383104126,0.0537471939216,0.496221662469,0.539918809202,0,0,0,0.025,2.29977551373,-0.290766208251,0.00183486238532,0.0114942528736,1,0,-0.290766208251,,0,,,,,,,,0.583333333333,1.25,0.166666666667
2025,000408,ALL,SEASON,Matt DeLuca,G,8,91,2,0,0,0,7,0,0,0,0,0,0,0,0,336,44,205,72,18,74,10,14,29,0,0,0,90,174,0.290987388496,0.145383104126,0.0537471939216,0.496221662469,0.539918809202,,,,0.021978021978,2.89099464687,,0,0,,,,,0,,0.51724137931,0.493150684932,0.642857142857,-3.94587280108,0.925531914894,0.154255319149,0,0.875,0
2025,000408,WAT,STINT,Matt DeLuca,G,8,91,2,0,0,0,7,0,0,0,0,0,0,0,0,336,44,205,72,18,74,10,14,29,0,0,0,90,174,0.290987388496,0.145383104126,0.0537471939216,0.496221662469,0.539918809202,,,,0.021978021978,2.89099464687,,0,0,,,,,0,,0.51724137931,0.493150684932,0.642857142857,-3.94587280108,0.925531914894,0.154255319149,0,0.875,0
2025,000409,ALL,SEASON,Zach Currier,M,12,229,13,12,3,4,50,2,36,35,1,9,0,24,3,505,65,322,0,0,0,0,0,0,36,9,9,0,0,0.290987388496,0.145383104126,0.0537471939216,0.496221662469,0.539918809202,0.25,0.666666666667,0.25,0.056768558952,-0.691892591953,-1.47532480561,0.0712871287129,0.0153846153846,0.0277777777778,0,-0.290766208251,0.25,0.0372670807453,-2.95465994962,,,,,,,0.333333333333,4.16666666667,0.166666666667
2025,000409,WAT,STINT,Zach Currier,M,12,229,13,12,3,4,50,2,36,35,1,9,0,24,3,505,65,322,0,0,0,0,0,0,36,9,9,0,0,0.290987388496,0.145383104126,0.0537471939216,0.496221662469,0.539918809202,0.25,0.666666666667,0.25,0.056768558952,-0.691892591953,-1.47532480561,0.0712871287129,0.0153846153846,0.0277777777778,0,-0.290766208251,0.25,0.0372670807453,-2.95465994962,,,,,,,0.333333333333,4.16666666667,0.166666666667
2025,000410,ALL,SEASON,Eli Gobrecht,D,6,15,0,1,0,3,2,1,0,0,0,0,0,0,0,253,34,167,0,0,0,0,0,0,0,0,0,0,0,0.290987388496,0.145383104126,0.0537471939216,0.496221662469,0.539918809202,,,,0,0.806207908824,,0,0,,,,0,0.0059880239521,-0.496221662469,,,,,,,0.5,0.333333333333,0.166666666667
2025,000410,WAT,STINT,Eli Gobrecht,D,6,15,0,1,0,3,2,1,0,0,0,0,0,0,0,253,34,167,0,0,0,0,0,0,0,0,0,0,0,0.290987388496,0.145383104126,0.0537471939216,0.496221662469,0.539918809202,,,,0,0.806207908824,,0,0,,,,0,0.0059880239521,-0.496221662469,,,,,,,0.5,0.333333333333,0.166666666667
2025,000414,ALL,SEASON,Rob Pannell,A,9,300,20,0,0,2,11,1,46,46,0,9,0,30,1,361,28,241,0,0,0,0,0,0,46,9,9,0,0,0.290987388496,0.145383104126,0.0537471939216,0.496221662469,0.539918809202,0.195652173913,0.652173913043,0.195652173913,0.0666666666667,-3.87584182352,-4.38541987081,0.127423822715,0,0,,,,0,,,,,,,,0.222222222222,1.22222222222,0.111111111111
2025,000414,WHP,STINT,Rob Pannell,A,9,300,20,0,0,2,11,1,46,46,0,9,0,30,1,361,28,241,0,0,0,0,0,0,46,9,9,0,0,0.290987388496,0.145383104126,0.0537471939216,0.496221662469,0.539918809202,0.195652173913,0.652173913043,0.195652173913,0.0666666666667,-3.87584182352,-4.38541987081,0.127423822715,0,0,,,,0,,,,,,,,0.222222222222,1.22222222222,0.111111111111
2025,000416,ALL,SEASON,Ryland Rees,LSM,5,14,2,0,0,1,3,0,3,1,2,0,0,1,0,202,28,136,0,0,0,0,0,0,3,0,0,0,0,0.290987388496,0.145383104126,0.0537471939216,0.496221662469,0.539918809202,0,0.333333333333,0,0.142857142857,-1.2475392851,-0.872519804999,0.0148514851485,0.0714285714286,0.666666666667,0,-0.581532416503,,0,,,,,,,,0.2,0.6,0
2025,000416,RED,STINT,Ryland Rees,LSM,4,7,1,0,0,1,1,0,2,1,1,0,0,1,0,168,23,117,0,0,0,0,0,0,2,0,0,0,0,0.290987388496,0.145383104126,0.0537471939216,0.496221662469,0.539918809202,0,0.5,0,0.142857142857,-0.623769642549,-0.581753596747,0.0119047619048,0.0434782608696,0.5,0,-0.290766208251,,0,,,,,,,,0.25,0.25,0
2025,000416,WAT,STINT,Ryland Rees,LSM,1,7,1,0,0,0,2,0,1,0,1,0,0,0,0,34,5,19,0,0,0,0,0,0,1,0,0,0,0,0.290987388496,0.145383104126,0.0537471939216,0.496221662469,0.539918809202,0,0,0,0.142857142857,-0.623769642549,-0.290766208251,0.0294117647059,0.2,1,0,-0.290766208251,,0,,,,,,,,0,2,0
2025,000418,ALL,SEASON,Dillon Ward,G,5,58,0,0,0,2,9,0,0,0,0,0,0,0,0,214,26,147,28,13,46,6,7,21,0,0,0,41,93,0.290987388496,0.145383104126,0.0537471939216,0.496221662469,0.539918809202,,,,0,3.11733724745,,0,0,,,,,0,,0.440860215054,0.378378378378,0.684210526316,-9.21244925575,0.93,0.21,0.4,1.8,0
2025,000418,WAT,STINT,Dillon Ward,G,5,58,0,0,0,2,9,0,0,0,0,0,0,0,0,214,26,147,28,13,46,6,7,21,0,0,0,41,93,0.290987388496,0.145383104126,0.0537471939216,0.496221662469,0.539918809202,,,,0,3.11733724745,,0,0,,,,,0,,0.440860215054,0.378378378378,0.684210526316,-9.21244925575,0.93,0.21,0.4,1.8,0
2025,000727,ALL,SEASON,CJ Costabile,,1,4,0,0,0,0,2,0,1,1,0,1,0,1,0,41,2,22,0,0,0,0,0,0,1,1,1,0,0,0.290987388496,0.145383104126,0.0537471939216,0.496221662469,0.539918809202,1,1,1,0,0.214988775686,0.709012611504,0.0243902439024,0,0,,,,0,,,,,,,,0,2,0
2025,000727,ATL,STINT,CJ Costabile,,1,4,0,0,0,0,2,0,1,1,0,1,0,1,0,41,2,22,0,0,0,0,0,0,1,1,1,0,0,0.290987388496,0.145383104126,0.0537471939216,0.496221662469,0.539918809202,1,1,1,0,0.214988775686,0.709012611504,0.0243902439024,0,0,,,,0,,,,,,,,0,2,0
2025,000815,ALL,SEASON,Austin Kaut,G,2,8,0,0,0,0,0,0,0,0,0,0,0,0,0,73,6,57,5,0,3,0,0,0,0,0,0,5,8,0.290987388496,0.145383104126,0.0537471939216,0.496221662469,0.539918809202,,,,0,0.429977551373,,0,0,,,,,0,,0.625,0.625,,0.680649526387,1,0,0,0,0
2025,000815,CHA,STINT,Austin Kaut,G,2,8,0,0,0,0,0,0,0,0,0,0,0,0,0,73,6,57,5,0,3,0,0,0,0,0,0,5,8,0.290987388496,0.145383104126,0.0537471939216,0.496221662469,0.539918809202,,,,0,0.429977551373,,0,0,,,,,0,,0.625,0.625,,0.680649526387,1,0,0,0,0
2025,000922,ALL,SEASON,Graeme Hossack,D,10,80,2,0,0,14,24,2,8,4,4,1,0,4,0,353,51,231,0,0,0,0,0,0,8,1,1,0,0,0.290987388496,0.145383104126,0.0537471939216,0.496221662469,0.539918809202,0.125,0.5,0.125,0.025,2.29977551373,-1.32701438699,0.0226628895184,0.078431372549,0.5,0,-1.16306483301,,0,,,,,,,,1.4,2.4,0.2
2025,000922,ARC,STINT,Graeme Hossack,D,10,80,2,0,0,14,24,2,8,4,4,1,0,4,0,353,51,231,0,0,0,0,0,0,8,1,1,0,0,0.290987388496,0.145383104126,0.0537471939216,0.496221662469,0.539918809202,0.125,0.5,0.125,0.025,2.29977551373,-1.32701438699,0.0226628895184,0.078431372549,0.5,0,-1.16306483301,,0,,,,,,,,1.4,2.4,0.2
2025,000978,ALL,SEASON,Kyle Jackson,M,3,53,2,0,0,0,0,0,10,10,0,1,0,7,2,120,12,81,0,0,0,0,0,0,10,1,1,0,0,0.290987388496,0.145383104126,0.0537471939216,0.496221662469,0.539918809202,0.1,0.7,0.1,0.0377358490566,0.848601277845,-1.90987388496,0.0833333333333,0,0,,,,0,,,,,,,,0,0,0
2025,000978,ATL,STINT,Kyle Jackson,M,3,53,2,0,0,0,0,0,10,10,0,1,0,7,2,120,12,81,0,0,0,0,0,0,10,1,1,0,0,0.290987388496,0.145383104126,0.0537471939216,0.496221662469,0.539918809202,0.1,0.7,0.1,0.0377358490566,0.848601277845,-1.90987388496,0.0833333333333,0,0,,,,0,,,,,,,,0,0,0
2025,001001,ALL,SEASON,Dylan Molloy,A,12,336,21,0,0,2,18,3,100,96,4,29,1,59,3,522,84,325,0,0,0,0,0,0,100,30,31,0,0,0.290987388496,0.145383104126,0.0537471939216,0.496221662469,0.539918809202,0.3,0.59,0.31,0.0625,-2.94094284234,1.90214587139,0.191570881226,0.047619047619,0.04,0.25,0.836935166994,,0,,,,,,,,0.166666666667,1.5,0.25
2025,001001,RED,STINT,Dylan Molloy,A,12,336,21,0,0,2,18,3,100,96,4,29,1,59,3,522,84,325,0,0,0,0,0,0,100,30,31,0,0,0.290987388496,0.145383104126,0.0537471939216,0.496221662469,0.539918809202,0.3,0.59,0.31,0.0625,-2.94094284234,1.90214587139,0.191570881226,0.047619047619,0.04,0.25,0.836935166994,,0,,,,,,,,0.166666666667,1.5,0.25
2025,001009,ALL,SEASON,Colin Heacock,M,9,114,5,0,0,1,2,1,32,29,3,9,0,21,2,373,33,236,0,0,0,0,0,0,32,9,9,0,0,0.290987388496,0.145383104126,0.0537471939216,0.496221662469,0.539918809202,0.28125,0.65625,0.28125,0.0438596491228,1.12718010706,-0.310932891134,0.0857908847185,0.0909090909091,0.09375,0,-0.872298624754,,0,,,,,,,,0.111111111111,0.222222222222,0.111111111111
2025,001009,WHP,STINT,Colin Heacock,M,9,114,5,0,0,1,2,1,32,29,3,9,0,21,2,373,33,236,0,0,0,0,0,0,32,9,9,0,0,0.290987388496,0.145383104126,0.0537471939216,0.496221662469,0.539918809202,0.28125,0.65625,0.28125,0.0438596491228,1.12718010706,-0.310932891134,0.0857908847185,0.0909090909091,0.09375,0,-0.872298624754,,0,,,,,,,,0.111111111111,0.222222222222,0.111111111111
2025,001391,ALL,SEASON,Mikie Schlosser,M,5,39,3,0,0,0,1,0,8,7,1,2,0,6,1,201,25,143,0,0,0,0,0,0,8,2,2,0,0,0.290987388496,0.145383104126,0.0537471939216,0.496221662469,0.539918809202,0.25,0.75,0.25,0.0769230769231,-0.903859437058,-0.327677927722,0.0398009950249,0.04,0.125,0,-0.290766208251,,0,,,,,,,,0,0.2,0
2025,001391,WAT,STINT,Mikie Schlosser,M,5,39,3,0,0,0,1,0,8,7,1,2,0,6,1,201,25,143,0,0,0,0,0,0,8,2,2,0,0,0.290987388496,0.145383104126,0.0537471939216,0.496221662469,0.539918809202,0.25,0.75,0.25,0.0769230769231,-0.903859437058,-0.327677927722,0.0398009950249,0.04,0.125,0,-0.290766208251,,0,,,,,,,,0,0.2,0
2025,001397,ALL,SEASON,Michael Rexrode,D,12,69,2,0,0,12,17,3,2,0,2,0,1,1,0,514,54,337,0,0,0,0,0,0,2,1,2,0,0,0.290987388496,0.145383104126,0.0537471939216,0.496221662469,0.539918809202,0.5,0.5,1,0.0289855072464,1.70855638059,1.4184675835,0.00389105058366,0.037037037037,1,0.5,1.4184675835,,0,,,,,,,,1,1.41666666667,0.25
2025,001397,ATL,STINT,Michael Rexrode,D,12,69,2,0,0,12,17,3,2,0,2,0,1,1,0,514,54,337,0,0,0,0,0,0,2,1,2,0,0,0.290987388496,0.145383104126,0.0537471939216,0.496221662469,0.539918809202,0.5,0.5,1,0.0289855072464,1.70855638059,1.4184675835,0.00389105058366,0.037037037037,1,0.5,1.4184675835,,0,,,,,,,,1,1.41666666667,0.25
2025,001406,ALL,SEASON,Ben Randall,D,12,113,7,0,0,15,27,0,5,3,2,1,0,4,0,505,65,322,0,0,0,0,0,0,5,1,1,0,0,0.290987388496,0.145383104126,0.0537471939216,0.496221662469,0.539918809202,0.2,0.8,0.2,0.0619469026549,-0.926567086859,-0.45449458199,0.00990099009901,0.0307692307692,0.4,0,-0.581532416503,,0,,,,,,,,1.25,2.25,0
2025,001406,WAT,STINT,Ben Randall,D,12,113,7,0,0,15,27,0,5,3,2,1,0,4,0,505,65,322,0,0,0,0,0,0,5,1,1,0,0,0.290987388496,0.145383104126,0.0537471939216,0.496221662469,0.539918809202,0.2,0.8,0.2,0.0619469026549,-0.926567086859,-0.45449458199,0.00990099009901,0.0307692307692,0.4,0,-0.581532416503,,0,,,,,,,,1.25,2.25,0
2025,001415,ALL,SEASON,Greg Weyl,D,2,1,0,0,0,0,1,0,0,0,0,0,0,0,0,80,16,47,0,0,0,0,0,0,0,0,0,0,0,0.290987388496,0.145383104126,0.0537471939216,0.496221662469,0.539918809202,,,,0,0.0537471939216,,0,0,,,,,0,,,,,,,,0,0.5,0
2025,001415,OUT,STINT,Greg Weyl,D,2,1,0,0,0,0,1,0,0,0,0,0,0,0,0,80,16,47,0,0,0,0,0,0,0,0,0,0,0,0.290987388496,0.145383104126,0.0537471939216,0.496221662469,0.539918809202,,,,0,0.0537471939216,,0,0,,,,,0,,,,,,,,0,0.5,0
2025,001661,ALL,SEASON,Warren Jeffrey,D,10,42,4,0,0,10,11,4,0,0,0,0,0,0,0,353,51,231,0,0,0,0,0,0,0,0,0,0,0,0.290987388496,0.145383104126,0.0537471939216,0.496221662469,0.539918809202,,,,0.0952380952381,-1.74261785529,,0,0,,,,,0,,,,,,,,1,1.1,0.4
2025,001661,ARC,STINT,Warren Jeffrey,D,10,42,4,0,0,10,11,4,0,0,0,0,0,0,0,353,51,231,0,0,0,0,0,0,0,0,0,0,0,0.290987388496,0.145383104126,0.0537471939216,0.496221662469,0.539918809202,,,,0.0952380952381,-1.74261785529,,0,0,,,,,0,,,,,,,,1,1.1,0.4
2025,001671,ALL,SEASON,Zach Goodrich,SSDM,10,49,2,7,0,4,4,5,0,0,0,0,0,0,0,415,71,284,0,0,0,0,0,0,0,0,0,0,0,0.290987388496,0.145383104126,0.0537471939216,0.496221662469,0.539918809202,,,,0.0408163265306,0.633612502159,,0,0,,,,0,0.0246478873239,-3.47355163728,,,,,,,0.4,0.4,0.5
2025,001671,CAN,STINT,Zach Goodrich,SSDM,10,49,2,7,0,4,4,5,0,0,0,0,0,0,0,415,71,284,0,0,0,0,0,0,0,0,0,0,0,0.290987388496,0.145383104126,0.0537471939216,0.496221662469,0.539918809202,,,,0.0408163265306,0.633612502159,,0,0,,,,0,0.0246478873239,-3.47355163728,,,,,,,0.4,0.4,0.5
2025,001707,ALL,SEASON,Matt Whitcher,SSDM,11,73,3,3,0,5,15,5,6,4,2,1,0,4,0,460,60,292,0,0,0,0,0,0,6,1,1,0,0,0.290987388496,0.145383104126,0.0537471939216,0.496221662469,0.539918809202,0.166666666667,0.666666666667,0.166666666667,0.041095890411,0.923545156277,-0.745481970486,0.0130434782609,0.0333333333333,0.333333333333,0,-0.581532416503,0,0.0102739726027,-1.48866498741,,,,,,,0.454545454545,1.36363636364,0.454545454545
2025,001707,WAT,STINT,Matt Whitcher,SSDM,11,73,3,3,0,5,15,5,6,4,2,1,0,4,0,460,60,292,0,0,0,0,0,0,6,1,1,0,0,0.290987388496,0.145383104126,0.0537471939216,0.496221662469,0.539918809202,0.166666666667,0.666666666667,0.166666666667,0.041095890411,0.923545156277,-0.745481970486,0.0130434782609,0.0333333333333,0.333333333333,0,-0.581532416503,0,0.0102739726027,-1.48866498741,,,,,,,0.454545454545,1.36363636364,0.454545454545
2025,001729,ALL,SEASON,Chris Aslanian,M,1,9,0,0,0,0,0,0,2,2,0,0,0,2,0,41,4,22,0,0,0,0,0,0,2,0,0,0,0,0.290987388496,0.145383104126,0.0537471939216,0.496221662469,0.539918809202,0,1,0,0,0.483724745294,-0.581974776992,0.0487804878049,0,0,,,,0,,,,,,,,0,0,0
2025,001729,CHA,STINT,Chris Aslanian,M,1,9,0,0,0,0,0,0,2,2,0,0,0,2,0,41,4,22,0,0,0,0,0,0,2,0,0,0,0,0.290987388496,0.145383104126,0.0537471939216,0.496221662469,0.539918809202,0,1,0,0,0.483724745294,-0.581974776992,0.0487804878049,0,0,,,,0,,,,,,,,0,0,0
2025,001733,ALL,SEASON,Charlie Hayes,SSDM,2,12,0,1,0,1,2,0,1,1,0,0,0,0,0,86,11,68,0,0,0,0,0,0,1,0,0,0,0,0.290987388496,0.145383104126,0.0537471939216,0.496221662469,0.539918809202,0,0,0,0,0.644966327059,-0.290987388496,0.0116279069767,0,0,,,0,0.0147058823529,-0.496221662469,,,,,,,0.5,1,0
2025,001733,WAT,STINT,Charlie Hayes,SSDM,2,12,0,1,0,1,2,0,1,1,0,0,0,0,0,86,11,68,0,0,0,0,0,0,1,0,0,0,0,0.290987388496,0.145383104126,0.0537471939216,0.496221662469,0.539918809202,0,0,0,0,0.644966327059,-0.290987388496,0.0116279069767,0,0,,,0,0.0147058823529,-0.496221662469,,,,,,,0.5,1,0
2025,001773,ALL,SEASON,Nick Washuta,G,1,0,0,0,0,0,0,0,0,0,0,0,0,0,0,29,6,23,0,0,0,0,0,0,0,0,0,0,0,0.290987388496,0.145383104126,0.0537471939216,0.496221662469,0.539918809202,,,,,,,0,0,,,,,0,,,,,,,,0,0,0
2025,001773,ARC,STINT,Nick Washuta,G,1,0,0,0,0,0,0,0,0,0,0,0,0,0,0,29,6,23,0,0,0,0,0,0,0,0,0,0,0,0.290987388496,0.145383104126,0.0537471939216,0.496221662469,0.539918809202,,,,,,,0,0,,,,,0,,,,,,,,0,0,0
2025,001795,ALL,SEASON,Christian Scarpello,SSDM,7,38,4,1,0,2,7,0,5,5,0,3,0,5,1,305,40,180,0,0,0,0,0,0,5,3,3,0,0,0.290987388496,0.145383104126,0.0537471939216,0.496221662469,0.539918809202,0.6,1,0.6,0.105263157895,-1.95760663098,1.54506305752,0.016393442623,0,0,,,0,0.00555555555556,-0.496221662469,,,,,,,0.285714285714,1,0
2025,001795,WAT,STINT,Christian Scarpello,SSDM,7,38,4,1,0,2,7,0,5,5,0,3,0,5,1,305,40,180,0,0,0,0,0,0,5,3,3,0,0,0.290987388496,0.145383104126,0.0537471939216,0.496221662469,0.539918809202,0.6,1,0.6,0.105263157895,-1.95760663098,1.54506305752,0.016393442623,0,0,,,0,0.00555555555556,-0.496221662469,,,,,,,0.285714285714,1,0
2025,001809,ALL,SEASON,Jeff Teat,A,12,432,23,0,0,1,21,1,84,82,2,21,0,52,7,514,54,337,0,0,0,0,0,0,84,21,21,0,0,0.290987388496,0.145383104126,0.0537471939216,0.496221662469,0.539918809202,0.25,0.619047619048,0.25,0.0532407407407,0.218787774132,-3.44249827316,0.163424124514,0.037037037037,0.0238095238095,0,-0.581532416503,,0,,,,,,,,0.0833333333333,1.75,0.0833333333333
2025,001809,ATL,STINT,Jeff Teat,A,12,432,23,0,0,1,21,1,84,82,2,21,0,52,7,514,54,337,0,0,0,0,0,0,84,21,21,0,0,0.290987388496,0.145383104126,0.0537471939216,0.496221662469,0.539918809202,0.25,0.619047619048,0.25,0.0532407407407,0.218787774132,-3.44249827316,0.163424124514,0.037037037037,0.0238095238095,0,-0.581532416503,,0,,,,,,,,0.0833333333333,1.75,0.0833333333333
2025,001810,ALL,SEASON,Michael Sowers,A,12,367,27,0,0,0,8,0,73,72,1,24,0,57,2,505,65,322,0,0,0,0,0,0,73,24,24,0,0,0.290987388496,0.145383104126,0.0537471939216,0.496221662469,0.539918809202,0.328767123288,0.780821917808,0.328767123288,0.0735694822888,-7.27477983077,2.75814182005,0.144554455446,0.0153846153846,0.013698630137,0,-0.290766208251,,0,,,,,,,,0,0.666666666667,0
2025,001810,WAT,STINT,Michael Sowers,A,12,367,27,0,0,0,8,0,73,72,1,24,0,57,2,505,65,322,0,0,0,0,0,0,73,24,24,0,0,0.290987388496,0.145383104126,0.0537471939216,0.496221662469,0.539918809202,0.328767123288,0.780821917808,0.328767123288,0.0735694822888,-7.27477983077,2.75814182005,0.144554455446,0.0153846153846,0.013698630137,0,-0.290766208251,,0,,,,,,,,0,0.666666666667,0
2025,001811,ALL,SEASON,JT Giles-Harris,D,12,88,5,0,0,7,16,1,2,1,1,0,0,2,0,545,87,313,0,0,0,0,0,0,2,0,0,0,0,0.290987388496,0.145383104126,0.0537471939216,0.496221662469,0.539918809202,0,1,0,0.0568181818182,-0.270246934899,-0.581753596747,0.00366972477064,0.0114942528736,0.5,0,-0.290766208251,,0,,,,,,,,0.583333333333,1.33333333333,0.0833333333333
2025,001811,OUT,STINT,JT Giles-Harris,D,12,88,5,0,0,7,16,1,2,1,1,0,0,2,0,545,87,313,0,0,0,0,0,0,2,0,0,0,0,0.290987388496,0.145383104126,0.0537471939216,0.496221662469,0.539918809202,0,1,0,0.0568181818182,-0.270246934899,-0.581753596747,0.00366972477064,0.0114942528736,0.5,0,-0.290766208251,,0,,,,,,,,0.583333333333,1.33333333333,0.0833333333333
2025,001812,ALL,SEASON,TD Ierlan,FO,12,85,6,294,173,2,83,1,13,13,0,4,0,9,0,522,84,325,0,0,0,0,0,0,13,4,4,0,0,0.290987388496,0.145383104126,0.0537471939216,0.496221662469,0.539918809202,0.307692307692,0.692307692308,0.307692307692,0.0705882352941,-1.43148851666,0.217163949554,0.0249042145594,0,0,,,0.58843537415,0.904615384615,27.1108312343,,,,,,,0.166666666667,6.91666666667,0.0833333333333
2025,001812,RED,STINT,TD Ierlan,FO,12,85,6,294,173,2,83,1,13,13,0,4,0,9,0,522,84,325,0,0,0,0,0,0,13,4,4,0,0,0.290987388496,0.145383104126,0.0537471939216,0.496221662469,0.539918809202,0.307692307692,0.692307692308,0.307692307692,0.0705882352941,-1.43148851666,0.217163949554,0.0249042145594,0,0,,,0.58843537415,0.904615384615,27.1108312343,,,,,,,0.166666666667,6.91666666667,0.0833333333333
2025,001813,ALL,SEASON,Jared Conners,LSM,12,90,6,0,0,7,28,3,8,1,7,0,1,3,0,522,84,325,0,0,0,0,0,0,8,1,2,0,0,0.290987388496,0.145383104126,0.0537471939216,0.496221662469,0.539918809202,0.125,0.375,0.25,0.0666666666667,-1.16275254706,-0.326350846256,0.0153256704981,0.0833333333333,0.875,0.142857142857,-0.0353634577603,,0,,,,,,,,0.583333333333,2.33333333333,0.25
2025,001813,RED,STINT,Jared Conners,LSM,12,90,6,0,0,7,28,3,8,1,7,0,1,3,0,522,84,325,0,0,0,0,0,0,8,1,2,0,0,0.290987388496,0.145383104126,0.0537471939216,0.496221662469,0.539918809202,0.125,0.375,0.25,0.0666666666667,-1.16275254706,-0.326350846256,0.0153256704981,0.0833333333333,0.875,0.142857142857,-0.0353634577603,,0,,,,,,,,0.583333333333,2.33333333333,0.25
2025,001814,ALL,SEASON,Mac O'Keefe,A,10,205,9,0,0,1,11,1,48,40,8,9,1,35,3,353,51,231,0,0,0,0,0,0,48,10,11,0,0,0.290987388496,0.145383104126,0.0537471939216,0.496221662469,0.539918809202,0.208333333333,0.729166666667,0.229166666667,0.0439024390244,2.01817475393,-2.96562520585,0.13597733711,0.156862745098,0.166666666667,0.125,-0.326129666012,,0,,,,,,,,0.1,1.1,0.1
2025,001814,ARC,STINT,Mac O'Keefe,A,10,205,9,0,0,1,11,1,48,40,8,9,1,35,3,353,51,231,0,0,0,0,0,0,48,10,11,0,0,0.290987388496,0.145383104126,0.0537471939216,0.496221662469,0.539918809202,0.208333333333,0.729166666667,0.229166666667,0.0439024390244,2.01817475393,-2.96562520585,0.13597733711,0.156862745098,0.166666666667,0.125,-0.326129666012,,0,,,,,,,,0.1,1.1,0.1
2025,001815,ALL,SEASON,Connor Kirst,M,10,109,14,22,8,1,12,2,29,22,7,6,1,15,3,415,71,284,0,0,0,0,0,0,29,7,8,0,0,0.290987388496,0.145383104126,0.0537471939216,0.496221662469,0.539918809202,0.241379310345,0.51724137931,0.275862068966,0.128440366972,-8.14155586255,-0.437086004669,0.0698795180723,0.0985915492958,0.241379310345,0.142857142857,-0.0353634577603,0.363636363636,0.0774647887324,-2.91687657431,,,,,,,0.1,1.2,0.2
2025,001815,CAN,STINT,Connor Kirst,M,10,109,14,22,8,1,12,2,29,22,7,6,1,15,3,415,71,284,0,0,0,0,0,0,29,7,8,0,0,0.290987388496,0.145383104126,0.0537471939216,0.496221662469,0.539918809202,0.241379310345,0.51724137931,0.275862068966,0.128440366972,-8.14155586255,-0.437086004669,0.0698795180723,0.0985915492958,0.241379310345,0.142857142857,-0.0353634577603,0.363636363636,0.0774647887324,-2.91687657431,,,,,,,0.1,1.2,0.2
2025,001816,ALL,SEASON,Dox Aitken,M,2,19,2,0,0,0,1,1,4,4,0,0,0,1,0,76,6,51,0,0,0,0,0,0,4,0,0,0,0,0.290987388496,0.145383104126,0.0537471939216,0.496221662469,0.539918809202,0,0.25,0,0.105263157895,-0.97880331549,-1.16394955398,0.0526315789474,0,0,,,,0,,,,,,,,0,0.5,0.5
2025,001816,ATL,STINT,Dox Aitken,M,2,19,2,0,0,0,1,1,4,4,0,0,0,1,0,76,6,51,0,0,0,0,0,0,4,0,0,0,0,0.290987388496,0.145383104126,0.0537471939216,0.496221662469,0.539918809202,0,0.25,0,0.105263157895,-0.97880331549,-1.16394955398,0.0526315789474,0,0,,,,0,,,,,,,,0,0.5,0.5
2025,001817,ALL,SEASON,Jack Kielty,D,10,56,0,0,0,12,7,1,1,1,0,0,0,0,0,415,71,284,0,0,0,0,0,0,1,0,0,0,0,0.290987388496,0.145383104126,0.0537471939216,0.496221662469,0.539918809202,0,0,0,0,3.00984285961,-0.290987388496,0.00240963855422,0,0,,,,0,,,,,,,,1.2,0.7,0.1
2025,001817,CAN,STINT,Jack Kielty,D,10,56,0,0,0,12,7,1,1,1,0,0,0,0,0,415,71,284,0,0,0,0,0,0,1,0,0,0,0,0.290987388496,0.145383104126,0.0537471939216,0.496221662469,0.539918809202,0,0,0,0,3.00984285961,-0.290987388496,0.00240963855422,0,0,,,,0,,,,,,,,1.2,0.7,0.1
2025,001819,ALL,SEASON,Danny Logan,SSDM,11,76,3,13,2,2,17,5,4,3,1,2,0,2,0,477,49,307,0,0,0,0,0,0,4,2,2,0,0,0.290987388496,0.145383104126,0.0537471939216,0.496221662469,0.539918809202,0.5,0.5,0.5,0.0394736842105,1.08478673804,0.836271626261,0.0083857442348,0.0204081632653,0.25,0,-0.290766208251,0.153846153846,0.042345276873,-4.45088161209,,,,,,,0.181818181818,1.54545454545,0.454545454545
2025,001819,ATL,STINT,Danny Logan,SSDM,11,76,3,13,2,2,17,5,4,3,1,2,0,2,0,477,49,307,0,0,0,0,0,0,4,2,2,0,0,0.290987388496,0.145383104126,0.0537471939216,0.496221662469,0.539918809202,0.5,0.5,0.5,0.0394736842105,1.08478673804,0.836271626261,0.0083857442348,0.0204081632653,0.25,0,-0.290766208251,0.153846153846,0.042345276873,-4.45088161209,,,,,,,0.181818181818,1.54545454545,0.454545454545
2025,001820,ALL,SEASON,Ryan Terefenko,SSDM,12,164,8,7,0,2,18,1,16,11,5,4,1,10,0,545,87,313,0,0,0,0,0,0,16,5,6,0,0,0.290987388496,0.145383104126,0.0537471939216,0.496221662469,0.539918809202,0.3125,0.625,0.375,0.0487804878049,0.814539803143,1.34530768529,0.0293577981651,0.0574712643678,0.3125,0.2,0.546168958743,0,0.0223642172524,-3.47355163728,,,,,,,0.166666666667,1.5,0.0833333333333
2025,001820,OUT,STINT,Ryan Terefenko,SSDM,12,164,8,7,0,2,18,1,16,11,5,4,1,10,0,545,87,313,0,0,0,0,0,0,16,5,6,0,0,0.290987388496,0.145383104126,0.0537471939216,0.496221662469,0.539918809202,0.3125,0.625,0.375,0.0487804878049,0.814539803143,1.34530768529,0.0293577981651,0.0574712643678,0.3125,0.2,0.546168958743,0,0.0223642172524,-3.47355163728,,,,,,,0.166666666667,1.5,0.0833333333333
2025,001821,ALL,SEASON,Tre Leclaire,M,5,101,8,0,0,0,5,0,23,17,6,5,0,16,3,178,30,120,0,0,0,0,0,0,23,5,5,0,0,0.290987388496,0.145383104126,0.0537471939216,0.496221662469,0.539918809202,0.217391304348,0.695652173913,0.217391304348,0.0792079207921,-2.57153341392,-1.69138285394,0.129213483146,0.2,0.260869565217,0,-1.74459724951,,0,,,,,,,,0,1,0
2025,001821,ARC,STINT,Tre Leclaire,M,5,101,8,0,0,0,5,0,23,17,6,5,0,16,3,178,30,120,0,0,0,0,0,0,23,5,5,0,0,0.290987388496,0.145383104126,0.0537471939216,0.496221662469,0.539918809202,0.217391304348,0.695652173913,0.217391304348,0.0792079207921,-2.57153341392,-1.69138285394,0.129213483146,0.2,0.260869565217,0,-1.74459724951,,0,,,,,,,,0,1,0
2025,001826,ALL,SEASON,Jeff Trainor,SSDM,10,88,3,0,0,4,14,3,15,13,2,6,0,10,0,415,71,284,0,0,0,0,0,0,15,6,6,0,0,0.290987388496,0.145383104126,0.0537471939216,0.496221662469,0.539918809202,0.4,0.666666666667,0.4,0.0340909090909,1.7297530651,1.63563153305,0.0361445783133,0.0281690140845,0.133333333333,0,-0.581532416503,,0,,,,,,,,0.4,1.4,0.3
2025,001826,CAN,STINT,Jeff Trainor,SSDM,10,88,3,0,0,4,14,3,15,13,2,6,0,10,0,415,71,284,0,0,0,0,0,0,15,6,6,0,0,0.290987388496,0.145383104126,0.0537471939216,0.496221662469,0.539918809202,0.4,0.666666666667,0.4,0.0340909090909,1.7297530651,1.63563153305,0.0361445783133,0.0281690140845,0.133333333333,0,-0.581532416503,,0,,,,,,,,0.4,1.4,0.3
2025,001827,ALL,SEASON,Jared Bernhardt,M,11,282,19,0,0,0,11,3,63,62,1,21,0,38,1,500,78,283,0,0,0,0,0,0,63,21,21,0,0,0.290987388496,0.145383104126,0.0537471939216,0.496221662469,0.539918809202,0.333333333333,0.603174603175,0.333333333333,0.0673758865248,-3.84329131411,2.66801570501,0.126,0.0128205128205,0.015873015873,0,-0.290766208251,,0,,,,,,,,0,1,0.272727272727
2025,001827,OUT,STINT,Jared Bernhardt,M,11,282,19,0,0,0,11,3,63,62,1,21,0,38,1,500,78,283,0,0,0,0,0,0,63,21,21,0,0,0.290987388496,0.145383104126,0.0537471939216,0.496221662469,0.539918809202,0.333333333333,0.603174603175,0.333333333333,0.0673758865248,-3.84329131411,2.66801570501,0.126,0.0128205128205,0.015873015873,0,-0.290766208251,,0,,,,,,,,0,1,0.272727272727
2025,001828,ALL,SEASON,Justin Anderson,M,12,172,12,0,0,3,16,1,32,29,3,11,0,18,0,545,87,313,0,0,0,0,0,0,32,11,11,0,0,0.290987388496,0.145383104126,0.0537471939216,0.496221662469,0.539918809202,0.34375,0.5625,0.34375,0.0697674418605,-2.75548264548,1.68906710887,0.0587155963303,0.0344827586207,0.09375,0,-0.872298624754,,0,,,,,,,,0.25,1.33333333333,0.0833333333333
2025,001828,OUT,STINT,Justin Anderson,M,12,172,12,0,0,3,16,1,32,29,3,11,0,18,0,545,87,313,0,0,0,0,0,0,32,11,11,0,0,0.290987388496,0.145383104126,0.0537471939216,0.496221662469,0.539918809202,0.34375,0.5625,0.34375,0.0697674418605,-2.75548264548,1.68906710887,0.0587155963303,0.0344827586207,0.09375,0,-0.872298624754,,0,,,,,,,,0.25,1.33333333333,0.0833333333333
2025,001831,ALL,SEASON,Colin Squires,LSM,11,64,5,0,0,6,42,1,1,0,1,0,0,0,0,450,41,284,0,0,0,0,0,0,1,0,0,0,0,0.290987388496,0.145383104126,0.0537471939216,0.496221662469,0.539918809202,0,0,0,0.078125,-1.56017958902,-0.290766208251,0.00222222222222,0.0243902439024,1,0,-0.290766208251,,0,,,,,,,,0.545454545455,3.81818181818,0.0909090909091
2025,001831,WHP,STINT,Colin Squires,LSM,11,64,5,0,0,6,42,1,1,0,1,0,0,0,0,450,41,284,0,0,0,0,0,0,1,0,0,0,0,0.290987388496,0.145383104126,0.0537471939216,0.496221662469,0.539918809202,0,0,0,0.078125,-1.56017958902,-0.290766208251,0.00222222222222,0.0243902439024,1,0,-0.290766208251,,0,,,,,,,,0.545454545455,3.81818181818,0.0909090909091
2025,001832,ALL,SEASON,Charlie Bertrand,M,9,132,6,0,0,0,7,1,31,29,2,7,0,22,0,399,62,248,0,0,0,0,0,0,31,7,7,0,0,0.290987388496,0.145383104126,0.0537471939216,0.496221662469,0.539918809202,0.225806451613,0.709677419355,0.225806451613,0.0454545454545,1.09462959765,-2.02016668288,0.077694235589,0.0322580645161,0.0645161290323,0,-0.581532416503,,0,,,,,,,,0,0.777777777778,0.111111111111
2025,001832,RED,STINT,Charlie Bertrand,M,9,132,6,0,0,0,7,1,31,29,2,7,0,22,0,399,62,248,0,0,0,0,0,0,31,7,7,0,0,0.290987388496,0.145383104126,0.0537471939216,0.496221662469,0.539918809202,0.225806451613,0.709677419355,0.225806451613,0.0454545454545,1.09462959765,-2.02016668288,0.077694235589,0.0322580645161,0.0645161290323,0,-0.581532416503,,0,,,,,,,,0,0.777777777778,0.111111111111
2025,001839,ALL,SEASON,Nick Grill,LSM,7,16,1,0,0,3,9,0,0,0,0,0,0,0,0,333,56,187,0,0,0,0,0,0,0,0,0,0,0,0.290987388496,0.145383104126,0.0537471939216,0.496221662469,0.539918809202,,,,0.0625,-0.140044897254,,0,0,,,,,0,,,,,,,,0.428571428571,1.28571428571,0
2025,001839,OUT,STINT,Nick Grill,LSM,7,16,1,0,0,3,9,0,0,0,0,0,0,0,0,333,56,187,0,0,0,0,0,0,0,0,0,0,0,0.290987388496,0.145383104126,0.0537471939216,0.496221662469,0.539918809202,,,,0.0625,-0.140044897254,,0,0,,,,,0,,,,,,,,0.428571428571,1.28571428571,0
2025,001843,ALL,SEASON,Cole Williams,M,1,10,0,0,0,0,0,0,2,2,0,1,0,2,0,43,3,29,0,0,0,0,0,0,2,1,1,0,0,0.290987388496,0.145383104126,0.0537471939216,0.496221662469,0.539918809202,0.5,1,0.5,0,0.537471939216,0.418025223008,0.046511627907,0,0,,,,0,,,,,,,,0,0,0
2025,001843,CHA,STINT,Cole Williams,M,1,10,0,0,0,0,0,0,2,2,0,1,0,2,0,43,3,29,0,0,0,0,0,0,2,1,1,0,0,0.290987388496,0.145383104126,0.0537471939216,0.496221662469,0.539918809202,0.5,1,0.5,0,0.537471939216,0.418025223008,0.046511627907,0,0,,,,0,,,,,,,,0,0,0
2025,001846,ALL,SEASON,Adam Charalambides,A,10,297,19,0,0,1,8,5,56,54,2,15,0,35,4,415,52,264,0,0,0,0,0,0,56,15,15,0,0,0.290987388496,0.145383104126,0.0537471939216,0.496221662469,0.539918809202,0.267857142857,0.625,0.267857142857,0.0639730639731,-3.03708340528,-1.29485139528,0.134939759036,0.0384615384615,0.0357142857143,0,-0.581532416503,,0,,,,,,,,0.1,0.8,0.5
2025,001846,CHA,STINT,Adam Charalambides,A,10,297,19,0,0,1,8,5,56,54,2,15,0,35,4,415,52,264,0,0,0,0,0,0,56,15,15,0,0,0.290987388496,0.145383104126,0.0537471939216,0.496221662469,0.539918809202,0.267857142857,0.625,0.267857142857,0.0639730639731,-3.03708340528,-1.29485139528,0.134939759036,0.0384615384615,0.0357142857143,0,-0.581532416503,,0,,,,,,,,0.1,0.8,0.5
2025,002006,ALL,SEASON,Reid Bowering,M,9,128,5,0,0,1,20,2,25,25,0,13,0,22,0,394,42,256,0,0,0,0,0,0,25,13,13,0,0,0.290987388496,0.145383104126,0.0537471939216,0.496221662469,0.539918809202,0.52,0.88,0.52,0.0390625,1.87964082197,5.7253152876,0.0634517766497,0,0,,,,0,,,,,,,,0.111111111111,2.22222222222,0.222222222222
2025,002006,ATL,STINT,Reid Bowering,M,9,128,5,0,0,1,20,2,25,25,0,13,0,22,0,394,42,256,0,0,0,0,0,0,25,13,13,0,0,0.290987388496,0.145383104126,0.0537471939216,0.496221662469,0.539918809202,0.52,0.88,0.52,0.0390625,1.87964082197,5.7253152876,0.0634517766497,0,0,,,,0,,,,,,,,0.111111111111,2.22222222222,0.222222222222
2025,002015,ALL,SEASON,Logan Wisnauskas,A,12,286,21,0,0,0,10,1,50,46,4,14,0,36,2,545,87,313,0,0,0,0,0,0,50,14,14,0,0,0.290987388496,0.145383104126,0.0537471939216,0.496221662469,0.539918809202,0.28,0.72,0.28,0.0734265734266,-5.62830253842,-0.548484703815,0.0917431192661,0.0459770114943,0.08,0,-1.16306483301,,0,,,,,,,,0,0.833333333333,0.0833333333333
2025,002015,OUT,STINT,Logan Wisnauskas,A,12,286,21,0,0,0,10,1,50,46,4,14,0,36,2,545,87,313,0,0,0,0,0,0,50,14,14,0,0,0.290987388496,0.145383104126,0.0537471939216,0.496221662469,0.539918809202,0.28,0.72,0.28,0.0734265734266,-5.62830253842,-0.548484703815,0.0917431192661,0.0459770114943,0.08,0,-1.16306483301,,0,,,,,,,,0,0.833333333333,0.0833333333333
2025,002017,ALL,SEASON,Arden Cohen,LSM,8,32,3,0,0,11,18,6,0,0,0,0,0,0,0,354,61,208,0,0,0,0,0,0,0,0,0,0,0,0.290987388496,0.145383104126,0.0537471939216,0.496221662469,0.539918809202,,,,0.09375,-1.28008979451,,0,0,,,,,0,,,,,,,,1.375,2.25,0.75
2025,002017,RED,STINT,Arden Cohen,LSM,8,32,3,0,0,11,18,6,0,0,0,0,0,0,0,354,61,208,0,0,0,0,0,0,0,0,0,0,0,0.290987388496,0.145383104126,0.0537471939216,0.496221662469,0.539918809202,,,,0.09375,-1.28008979451,,0,0,,,,,0,,,,,,,,1.375,2.25,0.75
2025,002018,ALL,SEASON,Matt Moore,A,4,115,7,0,0,0,6,1,25,21,4,6,0,15,0,140,17,89,0,0,0,0,0,0,25,6,6,0,0,0.290987388496,0.145383104126,0.0537471939216,0.496221662469,0.539918809202,0.24,0.6,0.24,0.0608695652174,-0.819072699016,-1.27379999142,0.178571428571,0.235294117647,0.16,0,-1.16306483301,,0,,,,,,,,0,1.5,0.25
2025,002018,ARC,STINT,Matt Moore,A,4,115,7,0,0,0,6,1,25,21,4,6,0,15,0,140,17,89,0,0,0,0,0,0,25,6,6,0,0,0.290987388496,0.145383104126,0.0537471939216,0.496221662469,0.539918809202,0.24,0.6,0.24,0.0608695652174,-0.819072699016,-1.27379999142,0.178571428571,0.235294117647,0.16,0,-1.16306483301,,0,,,,,,,,0,1.5,0.25
2025,002019,ALL,SEASON,Koby Smith,LSM,2,8,2,0,0,1,3,0,0,0,0,0,0,0,0,82,9,57,0,0,0,0,0,0,0,0,0,0,0,0.290987388496,0.145383104126,0.0537471939216,0.496221662469,0.539918809202,,,,0.25,-1.57002244863,,0,0,,,,,0,,,,,,,,0.5,1.5,0
2025,002019,ATL,STINT,Koby Smith,LSM,2,8,2,0,0,1,3,0,0,0,0,0,0,0,0,82,9,57,0,0,0,0,0,0,0,0,0,0,0,0.290987388496,0.145383104126,0.0537471939216,0.496221662469,0.539918809202,,,,0.25,-1.57002244863,,0,0,,,,,0,,,,,,,,0.5,1.5,0
2025,002021,ALL,SEASON,Roman Puglise,SSDM,9,83,3,0,0,1,11,7,6,5,1,1,0,4,1,357,28,231,0,0,0,0,0,0,6,1,1,0,0,0.290987388496,0.145383104126,0.0537471939216,0.496221662469,0.539918809202,0.166666666667,0.666666666667,0.166666666667,0.0361445783133,1.46101709549,-0.745703150731,0.0168067226891,0.0357142857143,0.166666666667,0,-0.290766208251,,0,,,,,,,,0.111111111111,1.22222222222,0.777777777778
2025,002021,WHP,STINT,Roman Puglise,SSDM,9,83,3,0,0,1,11,7,6,5,1,1,0,4,1,357,28,231,0,0,0,0,0,0,6,1,1,0,0,0.290987388496,0.145383104126,0.0537471939216,0.496221662469,0.539918809202,0.166666666667,0.666666666667,0.166666666667,0.0361445783133,1.46101709549,-0.745703150731,0.0168067226891,0.0357142857143,0.166666666667,0,-0.290766208251,,0,,,,,,,,0.111111111111,1.22222222222,0.777777777778
2025,002022,ALL,SEASON,Zach Geddes,SSDM,12,105,4,3,0,9,21,3,10,9,1,3,1,8,0,545,87,313,0,0,0,0,0,0,10,4,5,0,0,0.290987388496,0.145383104126,0.0537471939216,0.496221662469,0.539918809202,0.4,0.8,0.5,0.0380952380952,1.64345536177,2.09034729529,0.0183486238532,0.0114942528736,0.1,1,1.70923379175,0,0.00958466453674,-1.48866498741,,,,,,,0.75,1.75,0.25
2025,002022,OUT,STINT,Zach Geddes,SSDM,12,105,4,3,0,9,21,3,10,9,1,3,1,8,0,545,87,313,0,0,0,0,0,0,10,4,5,0,0,0.290987388496,0.145383104126,0.0537471939216,0.496221662469,0.539918809202,0.4,0.8,0.5,0.0380952380952,1.64345536177,2.09034729529,0.0183486238532,0.0114942528736,0.1,1,1.70923379175,0,0.00958466453674,-1.48866498741,,,,,,,0.75,1.75,0.25
2025,002024,ALL,SEASON,Asher Nolting,A,10,292,22,0,0,2,11,2,37,37,0,10,0,23,1,415,71,284,0,0,0,0,0,0,37,10,10,0,0,0.290987388496,0.145383104126,0.0537471939216,0.496221662469,0.539918809202,0.27027027027,0.621621621622,0.27027027027,0.0753424657534,-6.30581937489,-0.766533374346,0.089156626506,0,0,,,,0,,,,,,,,0.2,1.1,0.2
2025,002024,CAN,STINT,Asher Nolting,A,10,292,22,0,0,2,11,2,37,37,0,10,0,23,1,415,71,284,0,0,0,0,0,0,37,10,10,0,0,0.290987388496,0.145383104126,0.0537471939216,0.496221662469,0.539918809202,0.27027027027,0.621621621622,0.27027027027,0.0753424657534,-6.30581937489,-0.766533374346,0.089156626506,0,0,,,,0,,,,,,,,0.2,1.1,0.2
2025,002026,ALL,SEASON,Brett Dobson,G,10,175,7,0,0,3,17,1,1,0,1,0,0,0,0,353,51,231,124,22,91,10,18,33,1,0,0,146,247,0.290987388496,0.145383104126,0.0537471939216,0.496221662469,0.539918809202,0,0,0,0.04,2.40575893628,-0.290766208251,0.0028328611898,0.0196078431373,1,0,-0.290766208251,,0,,0.591093117409,0.576744186047,0.6875,12.6400541272,0.932075471698,0.124528301887,0.3,1.7,0.1
2025,002026,ARC,STINT,Brett Dobson,G,10,175,7,0,0,3,17,1,1,0,1,0,0,0,0,353,51,231,124,22,91,10,18,33,1,0,0,146,247,0.290987388496,0.145383104126,0.0537471939216,0.496221662469,0.539918809202,0,0,0,0.04,2.40575893628,-0.290766208251,0.0028328611898,0.0196078431373,1,0,-0.290766208251,,0,,0.591093117409,0.576744186047,0.6875,12.6400541272,0.932075471698,0.124528301887,0.3,1.7,0.1
2025,002028,ALL,SEASON,Jack Hannah,M,12,273,16,0,0,1,20,2,65,57,8,15,0,37,3,505,65,322,0,0,0,0,0,0,65,15,15,0,0,0.290987388496,0.145383104126,0.0537471939216,0.496221662469,0.539918809202,0.230769230769,0.569230769231,0.230769230769,0.0586080586081,-1.3270160594,-3.91241081028,0.128712871287,0.123076923077,0.123076923077,0,-2.32612966601,,0,,,,,,,,0.0833333333333,1.66666666667,0.166666666667
2025,002028,WAT,STINT,Jack Hannah,M,12,273,16,0,0,1,20,2,65,57,8,15,0,37,3,505,65,322,0,0,0,0,0,0,65,15,15,0,0,0.290987388496,0.145383104126,0.0537471939216,0.496221662469,0.539918809202,0.230769230769,0.569230769231,0.230769230769,0.0586080586081,-1.3270160594,-3.91241081028,0.128712871287,0.123076923077,0.123076923077,0,-2.32612966601,,0,,,,,,,,0.0833333333333,1.66666666667,0.166666666667
2025,002030,ALL,SEASON,Jonathan Donville,M,7,77,5,0,0,1,6,1,10,10,0,3,0,7,0,301,55,181,0,0,0,0,0,0,10,3,3,0,0,0.290987388496,0.145383104126,0.0537471939216,0.496221662469,0.539918809202,0.3,0.7,0.3,0.0649350649351,-0.861466068037,0.0901261150415,0.0332225913621,0,0,,,,0,,,,,,,,0.142857142857,0.857142857143,0.142857142857
2025,002030,CAN,STINT,Jonathan Donville,M,2,29,1,0,0,1,0,0,3,3,0,2,0,2,0,87,18,48,0,0,0,0,0,0,3,2,2,0,0,0.290987388496,0.145383104126,0.0537471939216,0.496221662469,0.539918809202,0.666666666667,0.666666666667,0.666666666667,0.0344827586207,0.558668623726,1.12703783451,0.0344827586207,0,0,,,,0,,,,,,,,0.5,0,0
2025,002030,OUT,STINT,Jonathan Donville,M,5,48,4,0,0,0,6,1,7,7,0,1,0,5,0,214,37,133,0,0,0,0,0,0,7,1,1,0,0,0.290987388496,0.145383104126,0.0537471939216,0.496221662469,0.539918809202,0.142857142857,0.714285714286,0.142857142857,0.0833333333333,-1.42013469176,-1.03691171947,0.0327102803738,0,0,,,,0,,,,,,,,0,1.2,0.2
2025,002032,ALL,SEASON,Justin Inacio,FO,8,72,8,195,118,0,85,2,13,12,1,2,0,7,0,348,45,213,0,0,0,0,0,0,13,2,2,0,0,0.290987388496,0.145383104126,0.0537471939216,0.496221662469,0.539918809202,0.153846153846,0.538461538462,0.153846153846,0.111111111111,-4.13020203764,-1.7826148702,0.0373563218391,0.0222222222222,0.0769230769231,0,-0.290766208251,0.605128205128,0.915492957746,21.2367758186,,,,,,,0,10.625,0.25
2025,002032,CHA,STINT,Justin Inacio,FO,8,72,8,195,118,0,85,2,13,12,1,2,0,7,0,348,45,213,0,0,0,0,0,0,13,2,2,0,0,0.290987388496,0.145383104126,0.0537471939216,0.496221662469,0.539918809202,0.153846153846,0.538461538462,0.153846153846,0.111111111111,-4.13020203764,-1.7826148702,0.0373563218391,0.0222222222222,0.0769230769231,0,-0.290766208251,0.605128205128,0.915492957746,21.2367758186,,,,,,,0,10.625,0.25
2025,002038,ALL,SEASON,Colin Kirst,G,10,165,8,0,0,2,21,1,2,0,2,0,0,1,0,415,71,284,114,19,128,5,21,24,2,0,0,133,266,0.290987388496,0.145383104126,0.0537471939216,0.496221662469,0.539918809202,0,0.5,0,0.0484848484848,0.868286997064,-0.581532416503,0.00481927710843,0.0281690140845,1,0,-0.581532416503,,0,,0.5,0.471074380165,0.791666666667,-10.6184032476,0.926829268293,0.0836236933798,0.2,2.1,0.1
2025,002038,CAN,STINT,Colin Kirst,G,10,165,8,0,0,2,21,1,2,0,2,0,0,1,0,415,71,284,114,19,128,5,21,24,2,0,0,133,266,0.290987388496,0.145383104126,0.0537471939216,0.496221662469,0.539918809202,0,0.5,0,0.0484848484848,0.868286997064,-0.581532416503,0.00481927710843,0.0281690140845,1,0,-0.581532416503,,0,,0.5,0.471074380165,0.791666666667,-10.6184032476,0.926829268293,0.0836236933798,0.2,2.1,0.1
2025,002039,ALL,SEASON,Owen McElroy,G,2,21,0,0,0,0,2,0,0,0,0,0,0,0,0,94,19,54,12,6,27,0,3,6,0,0,0,18,45,0.290987388496,0.145383104126,0.0537471939216,0.496221662469,0.539918809202,,,,0,1.12869107235,,0,0,,,,,0,,0.4,0.307692307692,1,-6.29634641407,0.9375,0.125,0,1,0
2025,002039,OUT,STINT,Owen McElroy,G,2,21,0,0,0,0,2,0,0,0,0,0,0,0,0,94,19,54,12,6,27,0,3,6,0,0,0,18,45,0.290987388496,0.145383104126,0.0537471939216,0.496221662469,0.539918809202,,,,0,1.12869107235,,0,0,,,,,0,,0.4,0.307692307692,1,-6.29634641407,0.9375,0.125,0,1,0
2025,002042,ALL,SEASON,Jon Robbins,LSM,1,1,0,0,0,0,0,0,0,0,0,0,0,0,0,29,6,23,0,0,0,0,0,0,0,0,0,0,0,0.290987388496,0.145383104126,0.0537471939216,0.496221662469,0.539918809202,,,,0,0.0537471939216,,0,0,,,,,0,,,,,,,,0,0,0
2025,002042,ARC,STINT,Jon Robbins,LSM,1,1,0,0,0,0,0,0,0,0,0,0,0,0,0,29,6,23,0,0,0,0,0,0,0,0,0,0,0,0.290987388496,0.145383104126,0.0537471939216,0.496221662469,0.539918809202,,,,0,0.0537471939216,,0,0,,,,,0,,,,,,,,0,0,0
2025,002054,ALL,SEASON,Chris Merle,SSDM,3,13,0,1,0,1,4,0,1,1,0,1,0,1,0,137,20,81,0,0,0,0,0,0,1,1,1,0,0,0.290987388496,0.145383104126,0.0537471939216,0.496221662469,0.539918809202,1,1,1,0,0.698713520981,0.709012611504,0.00729927007299,0,0,,,0,0.0123456790123,-0.496221662469,,,,,,,0.333333333333,1.33333333333,0
2025,002054,RED,STINT,Chris Merle,SSDM,3,13,0,1,0,1,4,0,1,1,0,1,0,1,0,137,20,81,0,0,0,0,0,0,1,1,1,0,0,0.290987388496,0.145383104126,0.0537471939216,0.496221662469,0.539918809202,1,1,1,0,0.698713520981,0.709012611504,0.00729927007299,0,0,,,0,0.0123456790123,-0.496221662469,,,,,,,0.333333333333,1.33333333333,0
2025,002059,ALL,SEASON,Brendan Krebs,G,4,47,1,0,0,1,7,0,1,1,0,0,0,0,0,170,7,104,24,4,29,2,5,6,1,0,0,28,59,0.290987388496,0.145383104126,0.0537471939216,0.496221662469,0.539918809202,0,0,0,0.0212765957447,1.52611811432,-0.290987388496,0.00588235294118,0,0,,,,0,,0.474576271186,0.452830188679,0.666666666667,-3.8552097429,0.921875,0.09375,0.25,1.75,0
2025,002059,WHP,STINT,Brendan Krebs,G,4,47,1,0,0,1,7,0,1,1,0,0,0,0,0,170,7,104,24,4,29,2,5,6,1,0,0,28,59,0.290987388496,0.145383104126,0.0537471939216,0.496221662469,0.539918809202,0,0,0,0.0212765957447,1.52611811432,-0.290987388496,0.00588235294118,0,0,,,,0,,0.474576271186,0.452830188679,0.666666666667,-3.8552097429,0.921875,0.09375,0.25,1.75,0
2025,002067,ALL,SEASON,Zac Tucci,FO,10,44,5,255,112,1,46,5,13,10,3,3,1,7,0,415,71,284,0,0,0,0,0,0,13,4,5,0,0,0.290987388496,0.145383104126,0.0537471939216,0.496221662469,0.539918809202,0.307692307692,0.538461538462,0.384615384615,0.113636363636,-2.63512346745,1.21782749029,0.0313253012048,0.0422535211268,0.230769230769,0.333333333333,1.12770137525,0.439215686275,0.897887323944,-14.5365239295,,,,,,,0.1,4.6,0.5
2025,002067,CAN,STINT,Zac Tucci,FO,10,44,5,255,112,1,46,5,13,10,3,3,1,7,0,415,71,284,0,0,0,0,0,0,13,4,5,0,0,0.290987388496,0.145383104126,0.0537471939216,0.496221662469,0.539918809202,0.307692307692,0.538461538462,0.384615384615,0.113636363636,-2.63512346745,1.21782749029,0.0313253012048,0.0422535211268,0.230769230769,0.333333333333,1.12770137525,0.439215686275,0.897887323944,-14.5365239295,,,,,,,0.1,4.6,0.5
2025,002074,ALL,SEASON,Alexander Smith,SSDM,6,30,2,0,0,3,6,0,1,0,1,0,0,0,0,268,38,152,0,0,0,0,0,0,1,0,0,0,0,0.290987388496,0.145383104126,0.0537471939216,0.496221662469,0.539918809202,0,0,0,0.0666666666667,-0.387584182352,-0.290766208251,0.00373134328358,0.0263157894737,1,0,-0.290766208251,,0,,,,,,,,0.5,1,0
2025,002074,OUT,STINT,Alexander Smith,SSDM,6,30,2,0,0,3,6,0,1,0,1,0,0,0,0,268,38,152,0,0,0,0,0,0,1,0,0,0,0,0.290987388496,0.145383104126,0.0537471939216,0.496221662469,0.539918809202,0,0,0,0.0666666666667,-0.387584182352,-0.290766208251,0.00373134328358,0.0263157894737,1,0,-0.290766208251,,0,,,,,,,,0.5,1,0
2025,003004,ALL,SEASON,Mike Sisselberger,FO,5,19,3,101,36,0,22,0,5,4,1,1,0,3,0,175,21,111,0,0,0,0,0,0,5,1,1,0,0,0.290987388496,0.145383104126,0.0537471939216,0.496221662469,0.539918809202,0.2,0.6,0.2,0.157894736842,-1.97880331549,-0.454715762235,0.0285714285714,0.047619047619,0.2,0,-0.290766208251,0.356435643564,0.90990990991,-14.1183879093,,,,,,,0,4.4,0
2025,003004,ARC,STINT,Mike Sisselberger,FO,5,19,3,101,36,0,22,0,5,4,1,1,0,3,0,175,21,111,0,0,0,0,0,0,5,1,1,0,0,0.290987388496,0.145383104126,0.0537471939216,0.496221662469,0.539918809202,0.2,0.6,0.2,0.157894736842,-1.97880331549,-0.454715762235,0.0285714285714,0.047619047619,0.2,0,-0.290766208251,0.356435643564,0.90990990991,-14.1183879093,,,,,,,0,4.4,0
2025,003005,ALL,SEASON,Connor Maher,SSDM,10,57,3,8,1,3,12,0,2,1,1,1,0,1,0,353,51,231,0,0,0,0,0,0,2,1,1,0,0,0.290987388496,0.145383104126,0.0537471939216,0.496221662469,0.539918809202,0.5,0.5,0.5,0.0526315789474,0.0635900535313,0.418246403253,0.0056657223796,0.0196078431373,0.5,0,-0.290766208251,0.125,0.034632034632,-2.96977329975,,,,,,,0.3,1.2,0
2025,003005,ARC,STINT,Connor Maher,SSDM,10,57,3,8,1,3,12,0,2,1,1,1,0,1,0,353,51,231,0,0,0,0,0,0,2,1,1,0,0,0.290987388496,0.145383104126,0.0537471939216,0.496221662469,0.539918809202,0.5,0.5,0.5,0.0526315789474,0.0635900535313,0.418246403253,0.0056657223796,0.0196078431373,0.5,0,-0.290766208251,0.125,0.034632034632,-2.96977329975,,,,,,,0.3,1.2,0
2025,003006,ALL,SEASON,Piper Bond,SSDM,10,101,8,13,2,6,15,5,6,6,0,2,0,4,0,353,51,231,0,0,0,0,0,0,6,2,2,0,0,0.290987388496,0.145383104126,0.0537471939216,0.496221662469,0.539918809202,0.333333333333,0.666666666667,0.333333333333,0.0792079207921,-2.57153341392,0.254075669025,0.0169971671388,0,0,,,0.153846153846,0.0562770562771,-4.45088161209,,,,,,,0.6,1.5,0.5
2025,003006,ARC,STINT,Piper Bond,SSDM,10,101,8,13,2,6,15,5,6,6,0,2,0,4,0,353,51,231,0,0,0,0,0,0,6,2,2,0,0,0.290987388496,0.145383104126,0.0537471939216,0.496221662469,0.539918809202,0.333333333333,0.666666666667,0.333333333333,0.0792079207921,-2.57153341392,0.254075669025,0.0169971671388,0,0,,,0.153846153846,0.0562770562771,-4.45088161209,,,,,,,0.6,1.5,0.5
2025,003007,ALL,SEASON,Cam Wyers,D,8,27,6,0,0,4,7,1,3,2,1,2,0,3,0,293,43,192,0,0,0,0,0,0,3,2,2,0,0,0.290987388496,0.145383104126,0.0537471939216,0.496221662469,0.539918809202,0.666666666667,1,0.666666666667,0.222222222222,-4.54882576412,1.12725901476,0.0102389078498,0.0232558139535,0.333333333333,0,-0.290766208251,,0,,,,,,,,0.5,0.875,0.125
2025,003007,ARC,STINT,Cam Wyers,D,8,27,6,0,0,4,7,1,3,2,1,2,0,3,0,293,43,192,0,0,0,0,0,0,3,2,2,0,0,0.290987388496,0.145383104126,0.0537471939216,0.496221662469,0.539918809202,0.666666666667,1,0.666666666667,0.222222222222,-4.54882576412,1.12725901476,0.0102389078498,0.0232558139535,0.333333333333,0,-0.290766208251,,0,,,,,,,,0.5,0.875,0.125
2025,003008,ALL,SEASON,Gavin Adler,D,12,70,4,0,0,15,13,1,0,0,0,0,0,0,0,514,54,337,0,0,0,0,0,0,0,0,0,0,0,0.290987388496,0.145383104126,0.0537471939216,0.496221662469,0.539918809202,,,,0.0571428571429,-0.237696425488,,0,0,,,,,0,,,,,,,,1.25,1.08333333333,0.0833333333333
2025,003008,ATL,STINT,Gavin Adler,D,12,70,4,0,0,15,13,1,0,0,0,0,0,0,0,514,54,337,0,0,0,0,0,0,0,0,0,0,0,0.290987388496,0.145383104126,0.0537471939216,0.496221662469,0.539918809202,,,,0.0571428571429,-0.237696425488,,0,0,,,,,0,,,,,,,,1.25,1.08333333333,0.0833333333333
2025,003009,ALL,SEASON,Brett Makar,D,11,90,3,0,0,9,29,1,11,5,6,1,1,4,0,474,50,309,0,0,0,0,0,0,11,2,3,0,0,0.290987388496,0.145383104126,0.0537471939216,0.496221662469,0.539918809202,0.181818181818,0.363636363636,0.272727272727,0.0333333333333,1.83724745294,-0.199534191988,0.0232067510549,0.12,0.545454545455,0.166666666667,0.255402750491,,0,,,,,,,,0.818181818182,2.63636363636,0.0909090909091
2025,003009,ATL,STINT,Brett Makar,D,11,90,3,0,0,9,29,1,11,5,6,1,1,4,0,474,50,309,0,0,0,0,0,0,11,2,3,0,0,0.290987388496,0.145383104126,0.0537471939216,0.496221662469,0.539918809202,0.181818181818,0.363636363636,0.272727272727,0.0333333333333,1.83724745294,-0.199534191988,0.0232067510549,0.12,0.545454545455,0.166666666667,0.255402750491,,0,,,,,,,,0.818181818182,2.63636363636,0.0909090909091
2025,003010,ALL,SEASON,Xander Dickson,A,12,198,15,0,0,6,31,2,62,61,1,27,0,45,3,514,54,337,0,0,0,0,0,0,62,27,27,0,0,0.290987388496,0.145383104126,0.0537471939216,0.496221662469,0.539918809202,0.435483870968,0.725806451613,0.435483870968,0.0757575757576,-4.35805560352,8.9590030935,0.120622568093,0.0185185185185,0.0161290322581,0,-0.290766208251,,0,,,,,,,,0.5,2.58333333333,0.166666666667
2025,003010,ATL,STINT,Xander Dickson,A,12,198,15,0,0,6,31,2,62,61,1,27,0,45,3,514,54,337,0,0,0,0,0,0,62,27,27,0,0,0.290987388496,0.145383104126,0.0537471939216,0.496221662469,0.539918809202,0.435483870968,0.725806451613,0.435483870968,0.0757575757576,-4.35805560352,8.9590030935,0.120622568093,0.0185185185185,0.0161290322581,0,-0.290766208251,,0,,,,,,,,0.5,2.58333333333,0.166666666667
2025,003011,ALL,SEASON,Payton Rezanka,SSDM,3,12,0,1,0,2,0,0,1,1,0,0,0,0,0,120,12,81,0,0,0,0,0,0,1,0,0,0,0,0.290987388496,0.145383104126,0.0537471939216,0.496221662469,0.539918809202,0,0,0,0,0.644966327059,-0.290987388496,0.00833333333333,0,0,,,0,0.0123456790123,-0.496221662469,,,,,,,0.666666666667,0,0
2025,003011,ATL,STINT,Payton Rezanka,SSDM,3,12,0,1,0,2,0,0,1,1,0,0,0,0,0,120,12,81,0,0,0,0,0,0,1,0,0,0,0,0.290987388496,0.145383104126,0.0537471939216,0.496221662469,0.539918809202,0,0,0,0,0.644966327059,-0.290987388496,0.00833333333333,0,0,,,0,0.0123456790123,-0.496221662469,,,,,,,0.666666666667,0,0
2025,003013,ALL,SEASON,Matt Campbell,M,10,280,8,0,0,0,6,0,63,48,15,16,2,43,1,415,71,284,0,0,0,0,0,0,63,18,20,0,0,0.290987388496,0.145383104126,0.0537471939216,0.496221662469,0.539918809202,0.285714285714,0.68253968254,0.31746031746,0.0285714285714,7.04921429805,1.67111222843,0.151807228916,0.211267605634,0.238095238095,0.133333333333,-0.361493123772,,0,,,,,,,,0,0.6,0
2025,003013,CAN,STINT,Matt Campbell,M,10,280,8,0,0,0,6,0,63,48,15,16,2,43,1,415,71,284,0,0,0,0,0,0,63,18,20,0,0,0.290987388496,0.145383104126,0.0537471939216,0.496221662469,0.539918809202,0.285714285714,0.68253968254,0.31746031746,0.0285714285714,7.04921429805,1.67111222843,0.151807228916,0.211267605634,0.238095238095,0.133333333333,-0.361493123772,,0,,,,,,,,0,0.6,0
2025,003018,ALL,SEASON,Nick Rowlett,FO,3,12,2,68,24,1,10,0,2,2,0,0,0,0,0,108,11,73,0,0,0,0,0,0,2,0,0,0,0,0.290987388496,0.145383104126,0.0537471939216,0.496221662469,0.539918809202,0,0,0,0.166666666667,-1.35503367294,-0.581974776992,0.0185185185185,0,0,,,0.352941176471,0.931506849315,-9.74307304786,,,,,,,0.333333333333,3.33333333333,0
2025,003018,CHA,STINT,Nick Rowlett,FO,3,12,2,68,24,1,10,0,2,2,0,0,0,0,0,108,11,73,0,0,0,0,0,0,2,0,0,0,0,0.290987388496,0.145383104126,0.0537471939216,0.496221662469,0.539918809202,0,0,0,0.166666666667,-1.35503367294,-0.581974776992,0.0185185185185,0,0,,,0.352941176471,0.931506849315,-9.74307304786,,,,,,,0.333333333333,3.33333333333,0
2025,003019,ALL,SEASON,Sam Handley,M,5,90,5,0,0,0,3,0,22,15,7,2,1,14,1,207,42,131,0,0,0,0,0,0,22,3,4,0,0,0.290987388496,0.145383104126,0.0537471939216,0.496221662469,0.539918809202,0.136363636364,0.636363636364,0.181818181818,0.0555555555556,-0.162752547056,-2.4001742852,0.106280193237,0.166666666667,0.318181818182,0.142857142857,-0.0353634577603,,0,,,,,,,,0,0.6,0
2025,003019,OUT,STINT,Sam Handley,,1,10,1,0,0,0,0,0,4,4,0,0,0,2,1,45,9,30,0,0,0,0,0,0,4,0,0,0,0,0.290987388496,0.145383104126,0.0537471939216,0.496221662469,0.539918809202,0,0.5,0,0.1,-0.462528060784,-1.16394955398,0.0888888888889,0,0,,,,0,,,,,,,,0,0,0
2025,003019,RED,STINT,Sam Handley,M,4,80,4,0,0,0,3,0,18,11,7,2,1,12,0,162,33,101,0,0,0,0,0,0,18,3,4,0,0,0.290987388496,0.145383104126,0.0537471939216,0.496221662469,0.539918809202,0.166666666667,0.666666666667,0.222222222222,0.05,0.299775513728,-1.23622473121,0.111111111111,0.212121212121,0.388888888889,0.142857142857,-0.0353634577603,,0,,,,,,,,0,0.75,0
2025,003022,ALL,SEASON,Cross Ferrara,M,6,69,5,0,0,0,0,0,22,21,1,5,0,12,1,245,31,152,0,0,0,0,0,0,22,5,5,0,0,0.290987388496,0.145383104126,0.0537471939216,0.496221662469,0.539918809202,0.227272727273,0.545454545455,0.227272727273,0.0724637681159,-1.29144361941,-1.40150136666,0.0897959183673,0.0322580645161,0.0454545454545,0,-0.290766208251,,0,,,,,,,,0,0,0
2025,003022,CHA,STINT,Cross Ferrara,M,6,69,5,0,0,0,0,0,22,21,1,5,0,12,1,245,31,152,0,0,0,0,0,0,22,5,5,0,0,0.290987388496,0.145383104126,0.0537471939216,0.496221662469,0.539918809202,0.227272727273,0.545454545455,0.227272727273,0.0724637681159,-1.29144361941,-1.40150136666,0.0897959183673,0.0322580645161,0.0454545454545,0,-0.290766208251,,0,,,,,,,,0,0,0
2025,003023,ALL,SEASON,Owen Grant,LSM,10,49,2,0,0,11,16,2,10,4,6,1,1,7,0,415,71,284,0,0,0,0,0,0,10,2,3,0,0,0.290987388496,0.145383104126,0.0537471939216,0.496221662469,0.539918809202,0.2,0.7,0.3,0.0408163265306,0.633612502159,0.0914531965078,0.0240963855422,0.0845070422535,0.6,0.166666666667,0.255402750491,,0,,,,,,,,1.1,1.6,0.2
2025,003023,CAN,STINT,Owen Grant,LSM,10,49,2,0,0,11,16,2,10,4,6,1,1,7,0,415,71,284,0,0,0,0,0,0,10,2,3,0,0,0.290987388496,0.145383104126,0.0537471939216,0.496221662469,0.539918809202,0.2,0.7,0.3,0.0408163265306,0.633612502159,0.0914531965078,0.0240963855422,0.0845070422535,0.6,0.166666666667,0.255402750491,,0,,,,,,,,1.1,1.6,0.2
2025,003024,ALL,SEASON,Brian Tevlin,SSDM,12,151,3,9,1,13,30,5,15,11,4,2,0,5,1,522,84,325,0,0,0,0,0,0,15,2,2,0,0,0.290987388496,0.145383104126,0.0537471939216,0.496221662469,0.539918809202,0.133333333333,0.333333333333,0.133333333333,0.0198675496689,5.11582628216,-2.36392610646,0.0287356321839,0.047619047619,0.266666666667,0,-1.16306483301,0.111111111111,0.0276923076923,-3.46599496222,,,,,,,1.08333333333,2.5,0.416666666667
2025,003024,RED,STINT,Brian Tevlin,SSDM,12,151,3,9,1,13,30,5,15,11,4,2,0,5,1,522,84,325,0,0,0,0,0,0,15,2,2,0,0,0.290987388496,0.145383104126,0.0537471939216,0.496221662469,0.539918809202,0.133333333333,0.333333333333,0.133333333333,0.0198675496689,5.11582628216,-2.36392610646,0.0287356321839,0.047619047619,0.266666666667,0,-1.16306483301,0.111111111111,0.0276923076923,-3.46599496222,,,,,,,1.08333333333,2.5,0.416666666667
2025,003025,ALL,SEASON,Cole Kirst,M,1,8,1,0,0,0,0,0,2,2,0,0,0,1,1,48,3,31,0,0,0,0,0,0,2,0,0,0,0,0.290987388496,0.145383104126,0.0537471939216,0.496221662469,0.539918809202,0,0.5,0,0.125,-0.570022448627,-0.581974776992,0.0416666666667,0,0,,,,0,,,,,,,,0,0,0
2025,003025,RED,STINT,Cole Kirst,M,1,8,1,0,0,0,0,0,2,2,0,0,0,1,1,48,3,31,0,0,0,0,0,0,2,0,0,0,0,0.290987388496,0.145383104126,0.0537471939216,0.496221662469,0.539918809202,0,0.5,0,0.125,-0.570022448627,-0.581974776992,0.0416666666667,0,0,,,,0,,,,,,,,0,0,0
2025,003027,ALL,SEASON,Thomas McConvey,M,12,197,6,0,0,2,13,0,34,33,1,13,0,26,2,505,65,322,0,0,0,0,0,0,34,13,13,0,0,0.290987388496,0.145383104126,0.0537471939216,0.496221662469,0.539918809202,0.382352941176,0.764705882353,0.382352941176,0.0304568527919,4.58819720256,3.10664997139,0.0673267326733,0.0153846153846,0.0294117647059,0,-0.290766208251,,0,,,,,,,,0.166666666667,1.08333333333,0
2025,003027,WAT,STINT,Thomas McConvey,M,12,197,6,0,0,2,13,0,34,33,1,13,0,26,2,505,65,322,0,0,0,0,0,0,34,13,13,0,0,0.290987388496,0.145383104126,0.0537471939216,0.496221662469,0.539918809202,0.382352941176,0.764705882353,0.382352941176,0.0304568527919,4.58819720256,3.10664997139,0.0673267326733,0.0153846153846,0.0294117647059,0,-0.290766208251,,0,,,,,,,,0.166666666667,1.08333333333,0
2025,003028,ALL,SEASON,Alex Mazzone,LSM,5,11,0,0,0,2,6,0,2,0,2,0,0,1,0,219,16,119,0,0,0,0,0,0,2,0,0,0,0,0.290987388496,0.145383104126,0.0537471939216,0.496221662469,0.539918809202,0,0.5,0,0,0.591219133138,-0.581532416503,0.00913242009132,0.125,1,0,-0.581532416503,,0,,,,,,,,0.4,1.2,0
2025,003028,WHP,STINT,Alex Mazzone,LSM,5,11,0,0,0,2,6,0,2,0,2,0,0,1,0,219,16,119,0,0,0,0,0,0,2,0,0,0,0,0.290987388496,0.145383104126,0.0537471939216,0.496221662469,0.539918809202,0,0.5,0,0,0.591219133138,-0.581532416503,0.00913242009132,0.125,1,0,-0.581532416503,,0,,,,,,,,0.4,1.2,0
2025,003029,ALL,SEASON,Chris Fake,D,12,84,5,0,0,4,20,3,4,0,4,0,1,3,0,522,84,325,0,0,0,0,0,0,4,1,2,0,0,0.290987388496,0.145383104126,0.0537471939216,0.496221662469,0.539918809202,0.25,0.75,0.5,0.0595238095238,-0.485235710585,0.836935166994,0.00766283524904,0.047619047619,1,0.25,0.836935166994,,0,,,,,,,,0.333333333333,1.66666666667,0.25
2025,003029,RED,STINT,Chris Fake,D,12,84,5,0,0,4,20,3,4,0,4,0,1,3,0,522,84,325,0,0,0,0,0,0,4,1,2,0,0,0.290987388496,0.145383104126,0.0537471939216,0.496221662469,0.539918809202,0.25,0.75,0.5,0.0595238095238,-0.485235710585,0.836935166994,0.00766283524904,0.047619047619,1,0.25,0.836935166994,,0,,,,,,,,0.333333333333,1.66666666667,0.25
2025,003039,ALL,SEASON,Chet Comizio,SSDM,11,73,2,1,0,3,11,5,4,3,1,0,0,1,0,477,49,307,0,0,0,0,0,0,4,0,0,0,0,0.290987388496,0.145383104126,0.0537471939216,0.496221662469,0.539918809202,0,0.25,0,0.027397260274,1.92354515628,-1.16372837374,0.0083857442348,0.0204081632653,0.25,0,-0.290766208251,0,0.00325732899023,-0.496221662469,,,,,,,0.272727272727,1,0.454545454545
2025,003039,ATL,STINT,Chet Comizio,SSDM,11,73,2,1,0,3,11,5,4,3,1,0,0,1,0,477,49,307,0,0,0,0,0,0,4,0,0,0,0,0.290987388496,0.145383104126,0.0537471939216,0.496221662469,0.539918809202,0,0.25,0,0.027397260274,1.92354515628,-1.16372837374,0.0083857442348,0.0204081632653,0.25,0,-0.290766208251,0,0.00325732899023,-0.496221662469,,,,,,,0.272727272727,1,0.454545454545
2025,003041,ALL,SEASON,Ethan Rall,LSM,10,41,3,0,0,13,23,1,7,4,3,1,0,5,0,415,71,284,0,0,0,0,0,0,7,1,1,0,0,0.290987388496,0.145383104126,0.0537471939216,0.496221662469,0.539918809202,0.142857142857,0.714285714286,0.142857142857,0.0731707317073,-0.796365049214,-1.03624817874,0.0168674698795,0.0422535211268,0.428571428571,0,-0.872298624754,,0,,,,,,,,1.3,2.3,0.1
2025,003041,CAN,STINT,Ethan Rall,LSM,10,41,3,0,0,13,23,1,7,4,3,1,0,5,0,415,71,284,0,0,0,0,0,0,7,1,1,0,0,0.290987388496,0.145383104126,0.0537471939216,0.496221662469,0.539918809202,0.142857142857,0.714285714286,0.142857142857,0.0731707317073,-0.796365049214,-1.03624817874,0.0168674698795,0.0422535211268,0.428571428571,0,-0.872298624754,,0,,,,,,,,1.3,2.3,0.1
2025,003048,ALL,SEASON,TJ Malone,A,11,346,18,0,0,1,16,0,68,65,3,18,1,45,3,450,41,284,0,0,0,0,0,0,68,19,20,0,0,0.290987388496,0.145383104126,0.0537471939216,0.496221662469,0.539918809202,0.279411764706,0.661764705882,0.294117647059,0.0520231213873,0.596529096874,0.213521123015,0.151111111111,0.0731707317073,0.0441176470588,0.333333333333,1.12770137525,,0,,,,,,,,0.0909090909091,1.45454545455,0
2025,003048,WHP,STINT,TJ Malone,A,11,346,18,0,0,1,16,0,68,65,3,18,1,45,3,450,41,284,0,0,0,0,0,0,68,19,20,0,0,0.290987388496,0.145383104126,0.0537471939216,0.496221662469,0.539918809202,0.279411764706,0.661764705882,0.294117647059,0.0520231213873,0.596529096874,0.213521123015,0.151111111111,0.0731707317073,0.0441176470588,0.333333333333,1.12770137525,,0,,,,,,,,0.0909090909091,1.45454545455,0
2025,003059,ALL,SEASON,BJ Farrare,SSDM,12,50,3,1,0,7,15,3,3,2,1,0,0,1,0,522,84,325,0,0,0,0,0,0,3,0,0,0,0,0.290987388496,0.145383104126,0.0537471939216,0.496221662469,0.539918809202,0,0.333333333333,0,0.06,-0.31264030392,-0.872740985243,0.00574712643678,0.0119047619048,0.333333333333,0,-0.290766208251,0,0.00307692307692,-0.496221662469,,,,,,,0.583333333333,1.25,0.25
2025,003059,RED,STINT,BJ Farrare,SSDM,12,50,3,1,0,7,15,3,3,2,1,0,0,1,0,522,84,325,0,0,0,0,0,0,3,0,0,0,0,0.290987388496,0.145383104126,0.0537471939216,0.496221662469,0.539918809202,0,0.333333333333,0,0.06,-0.31264030392,-0.872740985243,0.00574712643678,0.0119047619048,0.333333333333,0,-0.290766208251,0,0.00307692307692,-0.496221662469,,,,,,,0.583333333333,1.25,0.25
2025,003075,ALL,SEASON,Brennan O'Neill,A,12,433,18,0,0,1,19,0,109,93,16,26,4,63,6,545,87,313,0,0,0,0,0,0,109,30,34,0,0,0.290987388496,0.145383104126,0.0537471939216,0.496221662469,0.539918809202,0.275229357798,0.577981651376,0.311926605505,0.0415704387991,5.27253496805,2.28591353786,0.2,0.183908045977,0.146788990826,0.25,3.34774066798,,0,,,,,,,,0.0833333333333,1.58333333333,0
2025,003075,OUT,STINT,Brennan O'Neill,A,12,433,18,0,0,1,19,0,109,93,16,26,4,63,6,545,87,313,0,0,0,0,0,0,109,30,34,0,0,0.290987388496,0.145383104126,0.0537471939216,0.496221662469,0.539918809202,0.275229357798,0.577981651376,0.311926605505,0.0415704387991,5.27253496805,2.28591353786,0.2,0.183908045977,0.146788990826,0.25,3.34774066798,,0,,,,,,,,0.0833333333333,1.58333333333,0
2025,003076,ALL,SEASON,Connor Shellenberger,A,12,415,18,0,0,1,16,2,53,53,0,26,0,41,4,514,54,337,0,0,0,0,0,0,53,26,26,0,0,0.290987388496,0.145383104126,0.0537471939216,0.496221662469,0.539918809202,0.490566037736,0.77358490566,0.490566037736,0.0433734939759,4.30508547747,10.5776684097,0.103112840467,0,0,,,,0,,,,,,,,0.0833333333333,1.33333333333,0.166666666667
2025,003076,ATL,STINT,Connor Shellenberger,A,12,415,18,0,0,1,16,2,53,53,0,26,0,41,4,514,54,337,0,0,0,0,0,0,53,26,26,0,0,0.290987388496,0.145383104126,0.0537471939216,0.496221662469,0.539918809202,0.490566037736,0.77358490566,0.490566037736,0.0433734939759,4.30508547747,10.5776684097,0.103112840467,0,0,,,,0,,,,,,,,0.0833333333333,1.33333333333,0.166666666667
2025,003077,ALL,SEASON,Ajax Zappitello,D,11,108,4,0,0,18,21,1,3,3,0,0,0,0,0,450,41,284,0,0,0,0,0,0,3,0,0,0,0,0.290987388496,0.145383104126,0.0537471939216,0.496221662469,0.539918809202,0,0,0,0.037037037037,1.80469694353,-0.872962165488,0.00666666666667,0,0,,,,0,,,,,,,,1.63636363636,1.90909090909,0.0909090909091
2025,003077,WHP,STINT,Ajax Zappitello,D,11,108,4,0,0,18,21,1,3,3,0,0,0,0,0,450,41,284,0,0,0,0,0,0,3,0,0,0,0,0.290987388496,0.145383104126,0.0537471939216,0.496221662469,0.539918809202,0,0,0,0.037037037037,1.80469694353,-0.872962165488,0.00666666666667,0,0,,,,0,,,,,,,,1.63636363636,1.90909090909,0.0909090909091
2025,003078,ALL,SEASON,Shane Knobloch,M,5,115,5,0,0,0,4,0,30,28,2,8,1,19,2,211,25,134,0,0,0,0,0,0,30,9,10,0,0,0.290987388496,0.145383104126,0.0537471939216,0.496221662469,0.539918809202,0.3,0.633333333333,0.333333333333,0.0434782608696,1.18092730098,1.27082070561,0.142180094787,0.08,0.0666666666667,0.5,1.4184675835,,0,,,,,,,,0,0.8,0
2025,003078,CHA,STINT,Shane Knobloch,M,5,115,5,0,0,0,4,0,30,28,2,8,1,19,2,211,25,134,0,0,0,0,0,0,30,9,10,0,0,0.290987388496,0.145383104126,0.0537471939216,0.496221662469,0.539918809202,0.3,0.633333333333,0.333333333333,0.0434782608696,1.18092730098,1.27082070561,0.142180094787,0.08,0.0666666666667,0.5,1.4184675835,,0,,,,,,,,0,0.8,0
2025,003079,ALL,SEASON,Liam Entenmann,G,12,225,4,0,0,2,25,0,4,0,4,0,0,0,0,514,54,337,163,22,126,9,25,34,4,0,0,185,320,0.290987388496,0.145383104126,0.0537471939216,0.496221662469,0.539918809202,0,0,0,0.0177777777778,8.09311863236,-1.16306483301,0.00778210116732,0.0740740740741,1,0,-1.16306483301,,0,,0.578125,0.56401384083,0.709677419355,12.2259810555,0.927536231884,0.0985507246377,0.166666666667,2.08333333333,0
2025,003079,ATL,STINT,Liam Entenmann,G,12,225,4,0,0,2,25,0,4,0,4,0,0,0,0,514,54,337,163,22,126,9,25,34,4,0,0,185,320,0.290987388496,0.145383104126,0.0537471939216,0.496221662469,0.539918809202,0,0,0,0.0177777777778,8.09311863236,-1.16306483301,0.00778210116732,0.0740740740741,1,0,-1.16306483301,,0,,0.578125,0.56401384083,0.709677419355,12.2259810555,0.927536231884,0.0985507246377,0.166666666667,2.08333333333,0
2025,003080,ALL,SEASON,Pat Kavanagh,A,12,516,26,0,0,5,27,7,102,99,3,24,0,70,8,545,87,313,0,0,0,0,0,0,102,24,24,0,0,0.290987388496,0.145383104126,0.0537471939216,0.496221662469,0.539918809202,0.235294117647,0.686274509804,0.235294117647,0.0503875968992,1.73355206355,-5.68005008584,0.187155963303,0.0344827586207,0.0294117647059,0,-0.872298624754,,0,,,,,,,,0.416666666667,2.25,0.583333333333
2025,003080,OUT,STINT,Pat Kavanagh,A,12,516,26,0,0,5,27,7,102,99,3,24,0,70,8,545,87,313,0,0,0,0,0,0,102,24,24,0,0,0.290987388496,0.145383104126,0.0537471939216,0.496221662469,0.539918809202,0.235294117647,0.686274509804,0.235294117647,0.0503875968992,1.73355206355,-5.68005008584,0.187155963303,0.0344827586207,0.0294117647059,0,-0.872298624754,,0,,,,,,,,0.416666666667,2.25,0.583333333333
2025,003081,ALL,SEASON,Matt Brandau,M,11,268,13,0,0,2,18,1,64,63,1,22,0,44,2,450,41,284,0,0,0,0,0,0,64,22,22,0,0,0.290987388496,0.145383104126,0.0537471939216,0.496221662469,0.539918809202,0.34375,0.6875,0.34375,0.0485074626866,1.40424797099,3.37702831651,0.142222222222,0.0243902439024,0.015625,0,-0.290766208251,,0,,,,,,,,0.181818181818,1.63636363636,0.0909090909091
2025,003081,WHP,STINT,Matt Brandau,M,11,268,13,0,0,2,18,1,64,63,1,22,0,44,2,450,41,284,0,0,0,0,0,0,64,22,22,0,0,0.290987388496,0.145383104126,0.0537471939216,0.496221662469,0.539918809202,0.34375,0.6875,0.34375,0.0485074626866,1.40424797099,3.37702831651,0.142222222222,0.0243902439024,0.015625,0,-0.290766208251,,0,,,,,,,,0.181818181818,1.63636363636,0.0909090909091
2025,003082,ALL,SEASON,Mason Woodward,LSM,10,73,4,0,0,6,23,4,11,1,10,0,3,7,0,353,51,231,0,0,0,0,0,0,11,3,6,0,0,0.290987388496,0.145383104126,0.0537471939216,0.496221662469,0.539918809202,0.272727272727,0.636363636364,0.545454545455,0.0547945205479,-0.076454843723,2.80135052899,0.0311614730878,0.196078431373,0.909090909091,0.3,3.09233791749,,0,,,,,,,,0.6,2.3,0.4
2025,003082,ARC,STINT,Mason Woodward,LSM,10,73,4,0,0,6,23,4,11,1,10,0,3,7,0,353,51,231,0,0,0,0,0,0,11,3,6,0,0,0.290987388496,0.145383104126,0.0537471939216,0.496221662469,0.539918809202,0.272727272727,0.636363636364,0.545454545455,0.0547945205479,-0.076454843723,2.80135052899,0.0311614730878,0.196078431373,0.909090909091,0.3,3.09233791749,,0,,,,,,,,0.6,2.3,0.4
2025,003083,ALL,SEASON,Jake Piseno,LSM,12,99,7,0,0,14,38,0,16,4,12,2,3,7,0,545,87,313,0,0,0,0,0,0,16,5,8,0,0,0.290987388496,0.145383104126,0.0537471939216,0.496221662469,0.539918809202,0.3125,0.4375,0.5,0.0707070707071,-1.67902780176,3.346855947,0.0293577981651,0.137931034483,0.75,0.25,2.51080550098,,0,,,,,,,,1.16666666667,3.16666666667,0
2025,003083,OUT,STINT,Jake Piseno,LSM,12,99,7,0,0,14,38,0,16,4,12,2,3,7,0,545,87,313,0,0,0,0,0,0,16,5,8,0,0,0.290987388496,0.145383104126,0.0537471939216,0.496221662469,0.539918809202,0.3125,0.4375,0.5,0.0707070707071,-1.67902780176,3.346855947,0.0293577981651,0.137931034483,0.75,0.25,2.51080550098,,0,,,,,,,,1.16666666667,3.16666666667,0
2025,003084,ALL,SEASON,Jake Stevens,M,12,143,20,0,0,1,11,2,37,36,1,10,0,23,2,514,54,337,0,0,0,0,0,0,37,10,10,0,0,0.290987388496,0.145383104126,0.0537471939216,0.496221662469,0.539918809202,0.27027027027,0.621621621622,0.27027027027,0.13986013986,-12.3141512692,-0.766312194102,0.0719844357977,0.0185185185185,0.027027027027,0,-0.290766208251,,0,,,,,,,,0.0833333333333,0.916666666667,0.166666666667
2025,003084,ATL,STINT,Jake Stevens,M,12,143,20,0,0,1,11,2,37,36,1,10,0,23,2,514,54,337,0,0,0,0,0,0,37,10,10,0,0,0.290987388496,0.145383104126,0.0537471939216,0.496221662469,0.539918809202,0.27027027027,0.621621621622,0.27027027027,0.13986013986,-12.3141512692,-0.766312194102,0.0719844357977,0.0185185185185,0.027027027027,0,-0.290766208251,,0,,,,,,,,0.0833333333333,0.916666666667,0.166666666667
2025,003085,ALL,SEASON,Graham Bundy,M,12,278,4,0,0,2,6,2,48,24,24,3,3,29,3,545,87,313,0,0,0,0,0,0,48,6,9,0,0,0.290987388496,0.145383104126,0.0537471939216,0.496221662469,0.539918809202,0.125,0.604166666667,0.1875,0.0143884892086,10.9417199102,-4.96208632194,0.0880733944954,0.275862068966,0.5,0.125,-0.978388998035,,0,,,,,,,,0.166666666667,0.5,0.166666666667
2025,003085,OUT,STINT,Graham Bundy,M,12,278,4,0,0,2,6,2,48,24,24,3,3,29,3,545,87,313,0,0,0,0,0,0,48,6,9,0,0,0.290987388496,0.145383104126,0.0537471939216,0.496221662469,0.539918809202,0.125,0.604166666667,0.1875,0.0143884892086,10.9417199102,-4.96208632194,0.0880733944954,0.275862068966,0.5,0.125,-0.978388998035,,0,,,,,,,,0.166666666667,0.5,0.166666666667
2025,003086,ALL,SEASON,Eric Dobson,M,3,53,5,0,0,0,1,0,6,4,2,0,0,2,0,108,11,73,0,0,0,0,0,0,6,0,0,0,0,0.290987388496,0.145383104126,0.0537471939216,0.496221662469,0.539918809202,0,0.333333333333,0,0.0943396226415,-2.15139872216,-1.74548197049,0.0555555555556,0.181818181818,0.333333333333,0,-0.581532416503,,0,,,,,,,,0,0.333333333333,0
2025,003086,CHA,STINT,Eric Dobson,M,3,53,5,0,0,0,1,0,6,4,2,0,0,2,0,108,11,73,0,0,0,0,0,0,6,0,0,0,0,0.290987388496,0.145383104126,0.0537471939216,0.496221662469,0.539918809202,0,0.333333333333,0,0.0943396226415,-2.15139872216,-1.74548197049,0.0555555555556,0.181818181818,0.333333333333,0,-0.581532416503,,0,,,,,,,,0,0.333333333333,0
2025,003087,ALL,SEASON,Beau Pederson,SSDM,10,79,6,18,4,4,15,3,10,5,5,3,1,6,0,353,51,231,0,0,0,0,0,0,10,4,5,0,0,0.290987388496,0.145383104126,0.0537471939216,0.496221662469,0.539918809202,0.4,0.6,0.5,0.0759493670886,-1.75397168019,2.09123201626,0.028328611898,0.0980392156863,0.5,0.2,0.546168958743,0.222222222222,0.0779220779221,-4.93198992443,,,,,,,0.4,1.5,0.3
2025,003087,ARC,STINT,Beau Pederson,SSDM,10,79,6,18,4,4,15,3,10,5,5,3,1,6,0,353,51,231,0,0,0,0,0,0,10,4,5,0,0,0.290987388496,0.145383104126,0.0537471939216,0.496221662469,0.539918809202,0.4,0.6,0.5,0.0759493670886,-1.75397168019,2.09123201626,0.028328611898,0.0980392156863,0.5,0.2,0.546168958743,0.222222222222,0.0779220779221,-4.93198992443,,,,,,,0.4,1.5,0.3
2025,003088,ALL,SEASON,Alexander Vardaro,M,3,52,4,0,0,0,1,0,10,8,2,1,0,5,1,136,20,77,0,0,0,0,0,0,10,1,1,0,0,0.290987388496,0.145383104126,0.0537471939216,0.496221662469,0.539918809202,0.1,0.5,0.1,0.0769230769231,-1.20514591608,-1.90943152447,0.0735294117647,0.1,0.2,0,-0.581532416503,,0,,,,,,,,0,0.333333333333,0
2025,003088,CAN,STINT,Alexander Vardaro,M,3,52,4,0,0,0,1,0,10,8,2,1,0,5,1,136,20,77,0,0,0,0,0,0,10,1,1,0,0,0.290987388496,0.145383104126,0.0537471939216,0.496221662469,0.539918809202,0.1,0.5,0.1,0.0769230769231,-1.20514591608,-1.90943152447,0.0735294117647,0.1,0.2,0,-0.581532416503,,0,,,,,,,,0,0.333333333333,0
2025,003089,ALL,SEASON,Kenny Brower,D,10,57,0,0,0,12,17,4,1,0,1,0,0,1,0,407,51,267,0,0,0,0,0,0,1,0,0,0,0,0.290987388496,0.145383104126,0.0537471939216,0.496221662469,0.539918809202,0,1,0,0,3.06359005353,-0.290766208251,0.002457002457,0.0196078431373,1,0,-0.290766208251,,0,,,,,,,,1.2,1.7,0.4
2025,003089,WAT,STINT,Kenny Brower,D,10,57,0,0,0,12,17,4,1,0,1,0,0,1,0,407,51,267,0,0,0,0,0,0,1,0,0,0,0,0.290987388496,0.145383104126,0.0537471939216,0.496221662469,0.539918809202,0,1,0,0,3.06359005353,-0.290766208251,0.002457002457,0.0196078431373,1,0,-0.290766208251,,0,,,,,,,,1.2,1.7,0.4
2025,003090,ALL,SEASON,Dyson Williams,M,10,76,6,0,0,0,5,0,28,27,1,12,0,23,3,353,51,231,0,0,0,0,0,0,28,12,12,0,0,0.290987388496,0.145383104126,0.0537471939216,0.496221662469,0.539918809202,0.428571428571,0.821428571429,0.428571428571,0.0789473684211,-1.91521326196,3.85257430236,0.0793201133144,0.0196078431373,0.0357142857143,0,-0.290766208251,,0,,,,,,,,0,0.5,0
2025,003090,ARC,STINT,Dyson Williams,M,10,76,6,0,0,0,5,0,28,27,1,12,0,23,3,353,51,231,0,0,0,0,0,0,28,12,12,0,0,0.290987388496,0.145383104126,0.0537471939216,0.496221662469,0.539918809202,0.428571428571,0.821428571429,0.428571428571,0.0789473684211,-1.91521326196,3.85257430236,0.0793201133144,0.0196078431373,0.0357142857143,0,-0.290766208251,,0,,,,,,,,0,0.5,0
2025,003091,ALL,SEASON,Garrett Degnon,M,4,74,2,0,0,0,5,0,18,15,3,4,0,9,1,150,13,103,0,0,0,0,0,0,18,4,4,0,0,0.290987388496,0.145383104126,0.0537471939216,0.496221662469,0.539918809202,0.222222222222,0.5,0.222222222222,0.027027027027,1.9772923502,-1.23710945219,0.12,0.230769230769,0.166666666667,0,-0.872298624754,,0,,,,,,,,0,1.25,0
2025,003091,CHA,STINT,Garrett Degnon,M,4,74,2,0,0,0,5,0,18,15,3,4,0,9,1,150,13,103,0,0,0,0,0,0,18,4,4,0,0,0.290987388496,0.145383104126,0.0537471939216,0.496221662469,0.539918809202,0.222222222222,0.5,0.222222222222,0.027027027027,1.9772923502,-1.23710945219,0.12,0.230769230769,0.166666666667,0,-0.872298624754,,0,,,,,,,,0,1.25,0
2025,003092,ALL,SEASON,Josh Zawada,A,9,285,17,0,0,1,11,1,33,33,0,9,0,24,0,383,50,229,0,0,0,0,0,0,33,9,9,0,0,0.290987388496,0.145383104126,0.0537471939216,0.496221662469,0.539918809202,0.272727272727,0.727272727273,0.272727272727,0.059649122807,-1.68204973234,-0.602583820363,0.0861618798956,0,0,,,,0,,,,,,,,0.111111111111,1.22222222222,0.111111111111
2025,003092,CHA,STINT,Josh Zawada,A,9,285,17,0,0,1,11,1,33,33,0,9,0,24,0,383,50,229,0,0,0,0,0,0,33,9,9,0,0,0.290987388496,0.145383104126,0.0537471939216,0.496221662469,0.539918809202,0.272727272727,0.727272727273,0.272727272727,0.059649122807,-1.68204973234,-0.602583820363,0.0861618798956,0,0,,,,0,,,,,,,,0.111111111111,1.22222222222,0.111111111111
2025,003093,ALL,SEASON,Ross Scott,M,11,264,15,0,0,0,8,0,40,40,0,12,0,25,3,456,56,286,0,0,0,0,0,0,40,12,12,0,0,0.290987388496,0.145383104126,0.0537471939216,0.496221662469,0.539918809202,0.3,0.625,0.3,0.0568181818182,-0.810740804697,0.360504460166,0.0877192982456,0,0,,,,0,,,,,,,,0,0.727272727273,0
2025,003093,CHA,STINT,Ross Scott,M,11,264,15,0,0,0,8,0,40,40,0,12,0,25,3,456,56,286,0,0,0,0,0,0,40,12,12,0,0,0.290987388496,0.145383104126,0.0537471939216,0.496221662469,0.539918809202,0.3,0.625,0.3,0.0568181818182,-0.810740804697,0.360504460166,0.0877192982456,0,0,,,,0,,,,,,,,0,0.727272727273,0
2025,003094,ALL,SEASON,Levi Anderson,M,9,125,8,0,0,1,3,0,34,34,0,10,0,24,0,358,38,229,0,0,0,0,0,0,34,10,10,0,0,0.290987388496,0.145383104126,0.0537471939216,0.496221662469,0.539918809202,0.294117647059,0.705882352941,0.294117647059,0.064,-1.2816007598,0.106428791141,0.0949720670391,0,0,,,,0,,,,,,,,0.111111111111,0.333333333333,0
2025,003094,WHP,STINT,Levi Anderson,M,9,125,8,0,0,1,3,0,34,34,0,10,0,24,0,358,38,229,0,0,0,0,0,0,34,10,10,0,0,0.290987388496,0.145383104126,0.0537471939216,0.496221662469,0.539918809202,0.294117647059,0.705882352941,0.294117647059,0.064,-1.2816007598,0.106428791141,0.0949720670391,0,0,,,,0,,,,,,,,0.111111111111,0.333333333333,0
2025,003096,ALL,SEASON,Marcus Hudgins,LSM,9,48,5,0,0,11,22,0,2,1,1,0,0,1,0,377,45,240,0,0,0,0,0,0,2,0,0,0,0,0.290987388496,0.145383104126,0.0537471939216,0.496221662469,0.539918809202,0,0.5,0,0.104166666667,-2.42013469176,-0.581753596747,0.0053050397878,0.0222222222222,0.5,0,-0.290766208251,,0,,,,,,,,1.22222222222,2.44444444444,0
2025,003096,WAT,STINT,Marcus Hudgins,LSM,9,48,5,0,0,11,22,0,2,1,1,0,0,1,0,377,45,240,0,0,0,0,0,0,2,0,0,0,0,0.290987388496,0.145383104126,0.0537471939216,0.496221662469,0.539918809202,0,0.5,0,0.104166666667,-2.42013469176,-0.581753596747,0.0053050397878,0.0222222222222,0.5,0,-0.290766208251,,0,,,,,,,,1.22222222222,2.44444444444,0
2025,003098,ALL,SEASON,Luke Wierman,FO,12,96,12,302,152,6,88,2,24,16,8,3,0,11,1,545,87,313,0,0,0,0,0,0,24,3,3,0,0,0.290987388496,0.145383104126,0.0537471939216,0.496221662469,0.539918809202,0.125,0.458333333333,0.125,0.125,-6.84026938353,-3.98192788195,0.0440366972477,0.0919540229885,0.333333333333,0,-2.32612966601,0.503311258278,0.964856230032,2.14105793451,,,,,,,0.5,7.33333333333,0.166666666667
2025,003098,OUT,STINT,Luke Wierman,FO,12,96,12,302,152,6,88,2,24,16,8,3,0,11,1,545,87,313,0,0,0,0,0,0,24,3,3,0,0,0.290987388496,0.145383104126,0.0537471939216,0.496221662469,0.539918809202,0.125,0.458333333333,0.125,0.125,-6.84026938353,-3.98192788195,0.0440366972477,0.0919540229885,0.333333333333,0,-2.32612966601,0.503311258278,0.964856230032,2.14105793451,,,,,,,0.5,7.33333333333,0.166666666667
2025,003099,ALL,SEASON,Tyler Carpenter,LSM,12,97,5,0,0,7,34,0,5,1,4,1,0,3,0,514,54,337,0,0,0,0,0,0,5,1,1,0,0,0.290987388496,0.145383104126,0.0537471939216,0.496221662469,0.539918809202,0.2,0.6,0.2,0.0515463917526,0.213477810395,-0.454052221502,0.00972762645914,0.0740740740741,0.8,0,-1.16306483301,,0,,,,,,,,0.583333333333,2.83333333333,0
2025,003099,ATL,STINT,Tyler Carpenter,LSM,12,97,5,0,0,7,34,0,5,1,4,1,0,3,0,514,54,337,0,0,0,0,0,0,5,1,1,0,0,0.290987388496,0.145383104126,0.0537471939216,0.496221662469,0.539918809202,0.2,0.6,0.2,0.0515463917526,0.213477810395,-0.454052221502,0.00972762645914,0.0740740740741,0.8,0,-1.16306483301,,0,,,,,,,,0.583333333333,2.83333333333,0
2025,003100,ALL,SEASON,Adam Poitras,M,11,231,11,0,0,1,39,1,33,33,0,8,0,24,0,450,41,284,0,0,0,0,0,0,33,8,8,0,0,0.290987388496,0.145383104126,0.0537471939216,0.496221662469,0.539918809202,0.242424242424,0.727272727273,0.242424242424,0.047619047619,1.41560179589,-1.60258382036,0.0733333333333,0,0,,,,0,,,,,,,,0.0909090909091,3.54545454545,0.0909090909091
2025,003100,WHP,STINT,Adam Poitras,M,11,231,11,0,0,1,39,1,33,33,0,8,0,24,0,450,41,284,0,0,0,0,0,0,33,8,8,0,0,0.290987388496,0.145383104126,0.0537471939216,0.496221662469,0.539918809202,0.242424242424,0.727272727273,0.242424242424,0.047619047619,1.41560179589,-1.60258382036,0.0733333333333,0,0,,,,0,,,,,,,,0.0909090909091,3.54545454545,0.0909090909091
2025,003101,ALL,SEASON,Dylan Hess,SSDM,12,90,1,6,0,5,15,2,7,4,3,1,0,4,0,505,65,322,0,0,0,0,0,0,7,1,1,0,0,0.290987388496,0.145383104126,0.0537471939216,0.496221662469,0.539918809202,0.142857142857,0.571428571429,0.142857142857,0.0111111111111,3.83724745294,-1.03624817874,0.0138613861386,0.0461538461538,0.428571428571,0,-0.872298624754,0,0.0186335403727,-2.97732997481,,,,,,,0.416666666667,1.25,0.166666666667
2025,003101,WAT,STINT,Dylan Hess,SSDM,12,90,1,6,0,5,15,2,7,4,3,1,0,4,0,505,65,322,0,0,0,0,0,0,7,1,1,0,0,0.290987388496,0.145383104126,0.0537471939216,0.496221662469,0.539918809202,0.142857142857,0.571428571429,0.142857142857,0.0111111111111,3.83724745294,-1.03624817874,0.0138613861386,0.0461538461538,0.428571428571,0,-0.872298624754,0,0.0186335403727,-2.97732997481,,,,,,,0.416666666667,1.25,0.166666666667
2025,003102,ALL,SEASON,Chayse Ierlan,G,12,172,3,0,0,2,19,0,1,0,1,0,0,0,0,522,84,325,124,29,134,10,19,41,1,0,0,153,297,0.290987388496,0.145383104126,0.0537471939216,0.496221662469,0.539918809202,0,0,0,0.0174418604651,6.24451735452,-0.290766208251,0.00191570881226,0.0119047619048,1,0,-0.290766208251,,0,,0.515151515152,0.480620155039,0.74358974359,-7.35588633288,0.939873417722,0.129746835443,0.166666666667,1.58333333333,0
2025,003102,RED,STINT,Chayse Ierlan,G,12,172,3,0,0,2,19,0,1,0,1,0,0,0,0,522,84,325,124,29,134,10,19,41,1,0,0,153,297,0.290987388496,0.145383104126,0.0537471939216,0.496221662469,0.539918809202,0,0,0,0.0174418604651,6.24451735452,-0.290766208251,0.00191570881226,0.0119047619048,1,0,-0.290766208251,,0,,0.515151515152,0.480620155039,0.74358974359,-7.35588633288,0.939873417722,0.129746835443,0.166666666667,1.58333333333,0
2025,003103,ALL,SEASON,Scott Smith,D,8,40,0,0,0,8,13,1,12,6,6,1,1,8,0,346,43,215,0,0,0,0,0,0,12,2,3,0,0,0.290987388496,0.145383104126,0.0537471939216,0.496221662469,0.539918809202,0.166666666667,0.666666666667,0.25,0,2.14988775686,-0.490521580484,0.0346820809249,0.139534883721,0.5,0.166666666667,0.255402750491,,0,,,,,,,,1,1.625,0.125
2025,003103,CHA,STINT,Scott Smith,D,7,37,0,0,0,7,11,1,11,6,5,1,0,7,0,310,36,186,0,0,0,0,0,0,11,1,1,0,0,0.290987388496,0.145383104126,0.0537471939216,0.496221662469,0.539918809202,0.0909090909091,0.636363636364,0.0909090909091,0,1.9886461751,-2.19975537223,0.0354838709677,0.138888888889,0.454545454545,0,-1.45383104126,,0,,,,,,,,1,1.57142857143,0.142857142857
2025,003103,WHP,STINT,Scott Smith,,1,3,0,0,0,1,2,0,1,0,1,0,1,1,0,36,7,29,0,0,0,0,0,0,1,1,2,0,0,0.290987388496,0.145383104126,0.0537471939216,0.496221662469,0.539918809202,1,1,2,0,0.161241581765,1.70923379175,0.0277777777778,0.142857142857,1,1,1.70923379175,,0,,,,,,,,1,2,0
2025,003104,ALL,SEASON,Michael Boehm,A,1,7,0,0,0,0,1,0,0,0,0,0,0,0,0,34,5,19,0,0,0,0,0,0,0,0,0,0,0,0.290987388496,0.145383104126,0.0537471939216,0.496221662469,0.539918809202,,,,0,0.376230357451,,0,0,,,,,0,,,,,,,,0,1,0
2025,003104,WAT,STINT,Michael Boehm,A,1,7,0,0,0,0,1,0,0,0,0,0,0,0,0,34,5,19,0,0,0,0,0,0,0,0,0,0,0,0.290987388496,0.145383104126,0.0537471939216,0.496221662469,0.539918809202,,,,0,0.376230357451,,0,0,,,,,0,,,,,,,,0,1,0
2025,003105,ALL,SEASON,Cole Kastner,D,8,35,1,0,0,7,7,0,0,0,0,0,0,0,0,351,52,222,0,0,0,0,0,0,0,0,0,0,0,0.290987388496,0.145383104126,0.0537471939216,0.496221662469,0.539918809202,,,,0.0285714285714,0.881151787256,,0,0,,,,,0,,,,,,,,0.875,0.875,0
2025,003105,RED,STINT,Cole Kastner,D,8,35,1,0,0,7,7,0,0,0,0,0,0,0,0,351,52,222,0,0,0,0,0,0,0,0,0,0,0,0.290987388496,0.145383104126,0.0537471939216,0.496221662469,0.539918809202,,,,0.0285714285714,0.881151787256,,0,0,,,,,0,,,,,,,,0.875,0.875,0
2025,003106,ALL,SEASON,Dalton Young,M,12,207,7,0,0,2,8,1,33,33,0,15,0,25,1,545,87,313,0,0,0,0,0,0,33,15,15,0,0,0.290987388496,0.145383104126,0.0537471939216,0.496221662469,0.539918809202,0.454545454545,0.757575757576,0.454545454545,0.0338164251208,4.12566914177,5.39741617964,0.0605504587156,0,0,,,,0,,,,,,,,0.166666666667,0.666666666667,0.0833333333333
2025,003106,OUT,STINT,Dalton Young,M,12,207,7,0,0,2,8,1,33,33,0,15,0,25,1,545,87,313,0,0,0,0,0,0,33,15,15,0,0,0.290987388496,0.145383104126,0.0537471939216,0.496221662469,0.539918809202,0.454545454545,0.757575757576,0.454545454545,0.0338164251208,4.12566914177,5.39741617964,0.0605504587156,0,0,,,,0,,,,,,,,0.166666666667,0.666666666667,0.0833333333333
2025,003108,ALL,SEASON,Will Mark,G,2,1,0,0,0,0,1,0,0,0,0,0,0,0,0,78,7,52,0,0,0,0,1,0,0,0,0,0,0,0.290987388496,0.145383104126,0.0537471939216,0.496221662469,0.539918809202,,,,0,0.0537471939216,,0,0,,,,,0,,,,,,0,0,0,0.5,0
2025,003108,ATL,STINT,Will Mark,G,2,1,0,0,0,0,1,0,0,0,0,0,0,0,0,78,7,52,0,0,0,0,1,0,0,0,0,0,0,0.290987388496,0.145383104126,0.0537471939216,0.496221662469,0.539918809202,,,,0,0.0537471939216,,0,0,,,,,0,,,,,,0,0,0,0.5,0
2025,003109,ALL,SEASON,Chris Conlin,D,12,89,1,0,0,7,31,2,0,0,0,0,0,0,0,522,84,325,0,0,0,0,0,0,0,0,0,0,0,0.290987388496,0.145383104126,0.0537471939216,0.496221662469,0.539918809202,,,,0.0112359550562,3.78350025902,,0,0,,,,,0,,,,,,,,0.583333333333,2.58333333333,0.166666666667
2025,003109,RED,STINT,Chris Conlin,D,12,89,1,0,0,7,31,2,0,0,0,0,0,0,0,522,84,325,0,0,0,0,0,0,0,0,0,0,0,0.290987388496,0.145383104126,0.0537471939216,0.496221662469,0.539918809202,,,,0.0112359550562,3.78350025902,,0,0,,,,,0,,,,,,,,0.583333333333,2.58333333333,0.166666666667
2025,003110,ALL,SEASON,Carter Parlette,SSDM,1,5,0,0,0,0,1,0,0,0,0,0,0,0,0,34,12,22,0,0,0,0,0,0,0,0,0,0,0,0.290987388496,0.145383104126,0.0537471939216,0.496221662469,0.539918809202,,,,0,0.268735969608,,0,0,,,,,0,,,,,,,,0,1,0
2025,003110,RED,STINT,Carter Parlette,SSDM,1,5,0,0,0,0,1,0,0,0,0,0,0,0,0,34,12,22,0,0,0,0,0,0,0,0,0,0,0,0.290987388496,0.145383104126,0.0537471939216,0.496221662469,0.539918809202,,,,0,0.268735969608,,0,0,,,,,0,,,,,,,,0,1,0
2025,003112,ALL,SEASON,Jack DiBenedetto,D,3,14,1,0,0,2,2,0,0,0,0,0,0,0,0,143,20,83,0,0,0,0,0,0,0,0,0,0,0,0.290987388496,0.145383104126,0.0537471939216,0.496221662469,0.539918809202,,,,0.0714285714286,-0.247539285098,,0,0,,,,,0,,,,,,,,0.666666666667,0.666666666667,0
2025,003112,WAT,STINT,Jack DiBenedetto,D,3,14,1,0,0,2,2,0,0,0,0,0,0,0,0,143,20,83,0,0,0,0,0,0,0,0,0,0,0,0.290987388496,0.145383104126,0.0537471939216,0.496221662469,0.539918809202,,,,0.0714285714286,-0.247539285098,,0,0,,,,,0,,,,,,,,0.666666666667,0.666666666667,0
2025,003119,ALL,SEASON,Alec Stathakis,FO,12,82,10,298,152,3,63,0,14,10,4,2,0,6,1,505,65,322,0,0,0,0,0,0,14,2,2,0,0,0.290987388496,0.145383104126,0.0537471939216,0.496221662469,0.539918809202,0.142857142857,0.428571428571,0.142857142857,0.121951219512,-5.59273009843,-2.07293871796,0.0277227722772,0.0615384615385,0.285714285714,0,-1.16306483301,0.510067114094,0.925465838509,4.12594458438,,,,,,,0.25,5.25,0
2025,003119,WAT,STINT,Alec Stathakis,FO,12,82,10,298,152,3,63,0,14,10,4,2,0,6,1,505,65,322,0,0,0,0,0,0,14,2,2,0,0,0.290987388496,0.145383104126,0.0537471939216,0.496221662469,0.539918809202,0.142857142857,0.428571428571,0.142857142857,0.121951219512,-5.59273009843,-2.07293871796,0.0277227722772,0.0615384615385,0.285714285714,0,-1.16306483301,0.510067114094,0.925465838509,4.12594458438,,,,,,,0.25,5.25,0
2025,003120,ALL,SEASON,Jack VanOverbeke,M,6,60,5,0,0,0,2,0,14,14,0,0,0,8,1,268,38,152,0,0,0,0,0,0,14,0,0,0,0,0.290987388496,0.145383104126,0.0537471939216,0.496221662469,0.539918809202,0,0.571428571429,0,0.0833333333333,-1.7751683647,-4.07382343894,0.0522388059701,0,0,,,,0,,,,,,,,0,0.333333333333,0
2025,003120,OUT,STINT,Jack VanOverbeke,M,6,60,5,0,0,0,2,0,14,14,0,0,0,8,1,268,38,152,0,0,0,0,0,0,14,0,0,0,0,0.290987388496,0.145383104126,0.0537471939216,0.496221662469,0.539918809202,0,0.571428571429,0,0.0833333333333,-1.7751683647,-4.07382343894,0.0522388059701,0,0,,,,0,,,,,,,,0,0.333333333333,0
2025,003125,ALL,SEASON,Matt Knote,G,1,1,0,0,0,0,0,0,0,0,0,0,0,0,0,50,9,30,0,0,0,0,0,0,0,0,0,0,0,0.290987388496,0.145383104126,0.0537471939216,0.496221662469,0.539918809202,,,,0,0.0537471939216,,0,0,,,,,0,,,,,,,,0,0,0
2025,003125,RED,STINT,Matt Knote,G,1,1,0,0,0,0,0,0,0,0,0,0,0,0,0,50,9,30,0,0,0,0,0,0,0,0,0,0,0,0.290987388496,0.145383104126,0.0537471939216,0.496221662469,0.539918809202,,,,0,0.0537471939216,,0,0,,,,,0,,,,,,,,0,0,0
2025,003128,ALL,SEASON,Jack Posey,D,5,21,2,0,0,3,5,0,0,0,0,0,0,0,0,188,22,130,0,0,0,0,0,0,0,0,0,0,0,0.290987388496,0.145383104126,0.0537471939216,0.496221662469,0.539918809202,,,,0.0952380952381,-0.871308927646,,0,0,,,,,0,,,,,,,,0.6,1,0
2025,003128,CHA,STINT,Jack Posey,D,5,21,2,0,0,3,5,0,0,0,0,0,0,0,0,188,22,130,0,0,0,0,0,0,0,0,0,0,0,0.290987388496,0.145383104126,0.0537471939216,0.496221662469,0.539918809202,,,,0.0952380952381,-0.871308927646,,0,0,,,,,0,,,,,,,,0.6,1,0
2025,003136,ALL,SEASON,Jake Naso,FO,4,15,2,90,30,0,14,1,4,3,1,0,0,1,0,141,21,96,0,0,0,0,0,0,4,0,0,0,0,0.290987388496,0.145383104126,0.0537471939216,0.496221662469,0.539918809202,0,0.25,0,0.133333333333,-1.19379209118,-1.16372837374,0.0283687943262,0.047619047619,0.25,0,-0.290766208251,0.333333333333,0.9375,-14.6599496222,,,,,,,0,3.5,0.25
2025,003136,ARC,STINT,Jake Naso,FO,4,15,2,90,30,0,14,1,4,3,1,0,0,1,0,141,21,96,0,0,0,0,0,0,4,0,0,0,0,0.290987388496,0.145383104126,0.0537471939216,0.496221662469,0.539918809202,0,0.25,0,0.133333333333,-1.19379209118,-1.16372837374,0.0283687943262,0.047619047619,0.25,0,-0.290766208251,0.333333333333,0.9375,-14.6599496222,,,,,,,0,3.5,0.25
2025,003149,ALL,SEASON,JJ Sillstrop,M,10,141,9,0,0,2,3,0,22,22,0,5,0,18,0,413,53,257,0,0,0,0,0,0,22,5,5,0,0,0.290987388496,0.145383104126,0.0537471939216,0.496221662469,0.539918809202,0.227272727273,0.818181818182,0.227272727273,0.063829787234,-1.42164565705,-1.40172254691,0.0532687651332,0,0,,,,0,,,,,,,,0.2,0.3,0
2025,003149,CHA,STINT,JJ Sillstrop,M,10,141,9,0,0,2,3,0,22,22,0,5,0,18,0,413,53,257,0,0,0,0,0,0,22,5,5,0,0,0.290987388496,0.145383104126,0.0537471939216,0.496221662469,0.539918809202,0.227272727273,0.818181818182,0.227272727273,0.063829787234,-1.42164565705,-1.40172254691,0.0532687651332,0,0,,,,0,,,,,,,,0.2,0.3,0
2025,003156,ALL,SEASON,Aidan Danenza,M,8,160,10,0,0,0,6,1,36,33,3,10,0,23,2,360,51,224,0,0,0,0,0,0,36,10,10,0,0,0.290987388496,0.145383104126,0.0537471939216,0.496221662469,0.539918809202,0.277777777778,0.638888888889,0.277777777778,0.0625,-1.40044897254,-0.474882445117,0.1,0.0588235294118,0.0833333333333,0,-0.872298624754,,0,,,,,,,,0,0.75,0.125
2025,003156,RED,STINT,Aidan Danenza,M,8,160,10,0,0,0,6,1,36,33,3,10,0,23,2,360,51,224,0,0,0,0,0,0,36,10,10,0,0,0.290987388496,0.145383104126,0.0537471939216,0.496221662469,0.539918809202,0.277777777778,0.638888888889,0.277777777778,0.0625,-1.40044897254,-0.474882445117,0.1,0.0588235294118,0.0833333333333,0,-0.872298624754,,0,,,,,,,,0,0.75,0.125
2025,003157,ALL,SEASON,Graydon Hogg,A,3,52,4,0,0,0,3,0,12,12,0,3,0,8,2,125,20,82,0,0,0,0,0,0,12,3,3,0,0,0.290987388496,0.145383104126,0.0537471939216,0.496221662469,0.539918809202,0.25,0.666666666667,0.25,0.0769230769231,-1.20514591608,-0.49184866195,0.096,0,0,,,,0,,,,,,,,0,1,0
2025,003157,CAN,STINT,Graydon Hogg,A,3,52,4,0,0,0,3,0,12,12,0,3,0,8,2,125,20,82,0,0,0,0,0,0,12,3,3,0,0,0.290987388496,0.145383104126,0.0537471939216,0.496221662469,0.539918809202,0.25,0.666666666667,0.25,0.0769230769231,-1.20514591608,-0.49184866195,0.096,0,0,,,,0,,,,,,,,0,1,0
2025,003159,ALL,SEASON,CJ Kirst,A,6,175,6,0,0,1,12,1,47,45,2,15,0,32,0,262,36,167,0,0,0,0,0,0,47,15,15,0,0,0.290987388496,0.145383104126,0.0537471939216,0.496221662469,0.539918809202,0.31914893617,0.68085106383,0.31914893617,0.0342857142857,3.40575893628,1.32403510118,0.179389312977,0.0555555555556,0.0425531914894,0,-0.581532416503,,0,,,,,,,,0.166666666667,2,0.166666666667
2025,003159,WAT,STINT,CJ Kirst,A,6,175,6,0,0,1,12,1,47,45,2,15,0,32,0,262,36,167,0,0,0,0,0,0,47,15,15,0,0,0.290987388496,0.145383104126,0.0537471939216,0.496221662469,0.539918809202,0.31914893617,0.68085106383,0.31914893617,0.0342857142857,3.40575893628,1.32403510118,0.179389312977,0.0555555555556,0.0425531914894,0,-0.581532416503,,0,,,,,,,,0.166666666667,2,0.166666666667
2025,003160,ALL,SEASON,Andrew McAdorey,M,12,316,17,20,6,3,18,3,53,49,4,18,1,32,1,522,84,325,0,0,0,0,0,0,53,19,20,0,0,0.290987388496,0.145383104126,0.0537471939216,0.496221662469,0.539918809202,0.358490566038,0.603773584906,0.377358490566,0.0537974683544,-0.0158867207736,4.5785531307,0.10153256705,0.047619047619,0.0754716981132,0.25,0.836935166994,0.3,0.0615384615385,-3.92443324937,,,,,,,0.25,1.5,0.25
2025,003160,RED,STINT,Andrew McAdorey,M,12,316,17,20,6,3,18,3,53,49,4,18,1,32,1,522,84,325,0,0,0,0,0,0,53,19,20,0,0,0.290987388496,0.145383104126,0.0537471939216,0.496221662469,0.539918809202,0.358490566038,0.603773584906,0.377358490566,0.0537974683544,-0.0158867207736,4.5785531307,0.10153256705,0.047619047619,0.0754716981132,0.25,0.836935166994,0.3,0.0615384615385,-3.92443324937,,,,,,,0.25,1.5,0.25
2025,003161,ALL,SEASON,Sam English,M,4,79,8,0,0,5,9,0,12,11,1,3,0,8,0,162,33,101,0,0,0,0,0,0,12,3,3,0,0,0.290987388496,0.145383104126,0.0537471939216,0.496221662469,0.539918809202,0.25,0.666666666667,0.25,0.101265822785,-3.75397168019,-0.491627481706,0.0740740740741,0.030303030303,0.0833333333333,0,-0.290766208251,,0,,,,,,,,1.25,2.25,0
2025,003161,RED,STINT,Sam English,M,4,79,8,0,0,5,9,0,12,11,1,3,0,8,0,162,33,101,0,0,0,0,0,0,12,3,3,0,0,0.290987388496,0.145383104126,0.0537471939216,0.496221662469,0.539918809202,0.25,0.666666666667,0.25,0.101265822785,-3.75397168019,-0.491627481706,0.0740740740741,0.030303030303,0.0833333333333,0,-0.290766208251,,0,,,,,,,,1.25,2.25,0
2025,003162,ALL,SEASON,Coulter Mackesy,A,8,247,11,0,0,1,10,3,54,50,4,15,0,35,2,330,59,220,0,0,0,0,0,0,54,15,15,0,0,0.290987388496,0.145383104126,0.0537471939216,0.496221662469,0.539918809202,0.277777777778,0.648148148148,0.277777777778,0.0445344129555,2.27555689864,-0.712434257798,0.163636363636,0.0677966101695,0.0740740740741,0,-1.16306483301,,0,,,,,,,,0.125,1.25,0.375
2025,003162,CAN,STINT,Coulter Mackesy,A,8,247,11,0,0,1,10,3,54,50,4,15,0,35,2,330,59,220,0,0,0,0,0,0,54,15,15,0,0,0.290987388496,0.145383104126,0.0537471939216,0.496221662469,0.539918809202,0.277777777778,0.648148148148,0.277777777778,0.0445344129555,2.27555689864,-0.712434257798,0.163636363636,0.0677966101695,0.0740740740741,0,-1.16306483301,,0,,,,,,,,0.125,1.25,0.375
2025,003163,ALL,SEASON,Brendan Lavelle,D,10,83,3,0,0,6,34,2,0,0,0,0,0,0,0,353,51,231,0,0,0,0,0,0,0,0,0,0,0,0.290987388496,0.145383104126,0.0537471939216,0.496221662469,0.539918809202,,,,0.0361445783133,1.46101709549,,0,0,,,,,0,,,,,,,,0.6,3.4,0.2
2025,003163,ARC,STINT,Brendan Lavelle,D,10,83,3,0,0,6,34,2,0,0,0,0,0,0,0,353,51,231,0,0,0,0,0,0,0,0,0,0,0,0.290987388496,0.145383104126,0.0537471939216,0.496221662469,0.539918809202,,,,0.0361445783133,1.46101709549,,0,0,,,,,0,,,,,,,,0.6,3.4,0.2
2025,003164,ALL,SEASON,Matt Traynor,M,12,224,14,0,0,2,18,0,68,66,2,18,0,39,2,514,54,337,0,0,0,0,0,0,68,18,18,0,0,0.290987388496,0.145383104126,0.0537471939216,0.496221662469,0.539918809202,0.264705882353,0.573529411765,0.264705882353,0.0625,-1.96062856156,-1.78670005723,0.132295719844,0.037037037037,0.0294117647059,0,-0.581532416503,,0,,,,,,,,0.166666666667,1.5,0
2025,003164,ATL,STINT,Matt Traynor,M,12,224,14,0,0,2,18,0,68,66,2,18,0,39,2,514,54,337,0,0,0,0,0,0,68,18,18,0,0,0.290987388496,0.145383104126,0.0537471939216,0.496221662469,0.539918809202,0.264705882353,0.573529411765,0.264705882353,0.0625,-1.96062856156,-1.78670005723,0.132295719844,0.037037037037,0.0294117647059,0,-0.581532416503,,0,,,,,,,,0.166666666667,1.5,0
2025,003165,ALL,SEASON,Aidan Carroll,A,11,337,15,0,0,3,9,2,64,63,1,25,0,49,4,450,41,284,0,0,0,0,0,0,64,25,25,0,0,0.290987388496,0.145383104126,0.0537471939216,0.496221662469,0.539918809202,0.390625,0.765625,0.390625,0.0445103857567,3.11280435158,6.37702831651,0.142222222222,0.0243902439024,0.015625,0,-0.290766208251,,0,,,,,,,,0.272727272727,0.818181818182,0.181818181818
2025,003165,WHP,STINT,Aidan Carroll,A,11,337,15,0,0,3,9,2,64,63,1,25,0,49,4,450,41,284,0,0,0,0,0,0,64,25,25,0,0,0.290987388496,0.145383104126,0.0537471939216,0.496221662469,0.539918809202,0.390625,0.765625,0.390625,0.0445103857567,3.11280435158,6.37702831651,0.142222222222,0.0243902439024,0.015625,0,-0.290766208251,,0,,,,,,,,0.272727272727,0.818181818182,0.181818181818
2025,003166,ALL,SEASON,Owen Hiltz,A,8,235,16,0,0,3,11,1,53,51,2,18,0,38,3,348,45,213,0,0,0,0,0,0,53,18,18,0,0,0.290987388496,0.145383104126,0.0537471939216,0.496221662469,0.539918809202,0.339622641509,0.716981132075,0.339622641509,0.068085106383,-3.36940942842,2.57811077021,0.152298850575,0.0444444444444,0.0377358490566,0,-0.581532416503,,0,,,,,,,,0.375,1.375,0.125
2025,003166,CHA,STINT,Owen Hiltz,A,8,235,16,0,0,3,11,1,53,51,2,18,0,38,3,348,45,213,0,0,0,0,0,0,53,18,18,0,0,0.290987388496,0.145383104126,0.0537471939216,0.496221662469,0.539918809202,0.339622641509,0.716981132075,0.339622641509,0.068085106383,-3.36940942842,2.57811077021,0.152298850575,0.0444444444444,0.0377358490566,0,-0.581532416503,,0,,,,,,,,0.375,1.375,0.125
2025,003167,ALL,SEASON,Jake Taylor,A,9,87,9,0,0,0,12,1,33,33,0,11,0,25,2,382,49,230,0,0,0,0,0,0,33,11,11,0,0,0.290987388496,0.145383104126,0.0537471939216,0.496221662469,0.539918809202,0.333333333333,0.757575757576,0.333333333333,0.103448275862,-4.32399412882,1.39741617964,0.086387434555,0,0,,,,0,,,,,,,,0,1.33333333333,0.111111111111
2025,003167,WAT,STINT,Jake Taylor,A,9,87,9,0,0,0,12,1,33,33,0,11,0,25,2,382,49,230,0,0,0,0,0,0,33,11,11,0,0,0.290987388496,0.145383104126,0.0537471939216,0.496221662469,0.539918809202,0.333333333333,0.757575757576,0.333333333333,0.103448275862,-4.32399412882,1.39741617964,0.086387434555,0,0,,,,0,,,,,,,,0,1.33333333333,0.111111111111
2025,003168,ALL,SEASON,Chris Kavanagh,A,12,454,13,0,0,5,24,1,94,84,10,25,2,59,4,522,84,325,0,0,0,0,0,0,94,27,29,0,0,0.290987388496,0.145383104126,0.0537471939216,0.496221662469,0.539918809202,0.287234042553,0.627659574468,0.308510638298,0.0286343612335,11.4012260404,1.64939728383,0.180076628352,0.119047619048,0.106382978723,0.2,1.09233791749,,0,,,,,,,,0.416666666667,2,0.0833333333333
2025,003168,RED,STINT,Chris Kavanagh,A,12,454,13,0,0,5,24,1,94,84,10,25,2,59,4,522,84,325,0,0,0,0,0,0,94,27,29,0,0,0.290987388496,0.145383104126,0.0537471939216,0.496221662469,0.539918809202,0.287234042553,0.627659574468,0.308510638298,0.0286343612335,11.4012260404,1.64939728383,0.180076628352,0.119047619048,0.106382978723,0.2,1.09233791749,,0,,,,,,,,0.416666666667,2,0.0833333333333
2025,003169,ALL,SEASON,Logan McNaney,G,10,201,6,0,0,4,22,0,2,0,2,0,0,1,0,451,68,259,110,21,89,9,22,31,2,0,0,131,229,0.290987388496,0.145383104126,0.0537471939216,0.496221662469,0.539918809202,0,0.5,0,0.0298507462687,4.80318597824,-0.581532416503,0.00443458980044,0.0294117647059,1,0,-0.581532416503,,0,,0.572052401747,0.552763819095,0.7,7.35859269283,0.91235059761,0.123505976096,0.4,2.2,0
2025,003169,OUT,STINT,Logan McNaney,G,10,201,6,0,0,4,22,0,2,0,2,0,0,1,0,451,68,259,110,21,89,9,22,31,2,0,0,131,229,0.290987388496,0.145383104126,0.0537471939216,0.496221662469,0.539918809202,0,0.5,0,0.0298507462687,4.80318597824,-0.581532416503,0.00443458980044,0.0294117647059,1,0,-0.581532416503,,0,,0.572052401747,0.552763819095,0.7,7.35859269283,0.91235059761,0.123505976096,0.4,2.2,0
2025,003170,ALL,SEASON,Mic Kelly,M,5,97,6,0,0,1,3,0,24,23,1,3,0,14,1,212,29,146,0,0,0,0,0,0,24,3,3,0,0,0.290987388496,0.145383104126,0.0537471939216,0.496221662469,0.539918809202,0.125,0.583333333333,0.125,0.0618556701031,-0.786522189605,-3.98347614366,0.11320754717,0.0344827586207,0.0416666666667,0,-0.290766208251,,0,,,,,,,,0.2,0.6,0
2025,003170,CAN,STINT,Mic Kelly,M,5,97,6,0,0,1,3,0,24,23,1,3,0,14,1,212,29,146,0,0,0,0,0,0,24,3,3,0,0,0.290987388496,0.145383104126,0.0537471939216,0.496221662469,0.539918809202,0.125,0.583333333333,0.125,0.0618556701031,-0.786522189605,-3.98347614366,0.11320754717,0.0344827586207,0.0416666666667,0,-0.290766208251,,0,,,,,,,,0.2,0.6,0
2025,003171,ALL,SEASON,Levi Verch,LSM,11,52,5,0,0,4,21,2,3,1,2,0,0,1,0,456,56,286,0,0,0,0,0,0,3,0,0,0,0,0.290987388496,0.145383104126,0.0537471939216,0.496221662469,0.539918809202,0,0.333333333333,0,0.0961538461538,-2.20514591608,-0.872519804999,0.00657894736842,0.0357142857143,0.666666666667,0,-0.581532416503,,0,,,,,,,,0.363636363636,1.90909090909,0.181818181818
2025,003171,CHA,STINT,Levi Verch,LSM,11,52,5,0,0,4,21,2,3,1,2,0,0,1,0,456,56,286,0,0,0,0,0,0,3,0,0,0,0,0.290987388496,0.145383104126,0.0537471939216,0.496221662469,0.539918809202,0,0.333333333333,0,0.0961538461538,-2.20514591608,-0.872519804999,0.00657894736842,0.0357142857143,0.666666666667,0,-0.581532416503,,0,,,,,,,,0.363636363636,1.90909090909,0.181818181818
2025,003172,ALL,SEASON,Max Krevsky,SSDM,10,76,7,2,0,2,9,1,8,8,0,1,0,4,1,431,47,286,0,0,0,0,0,0,8,1,1,0,0,0.290987388496,0.145383104126,0.0537471939216,0.496221662469,0.539918809202,0.125,0.5,0.125,0.0921052631579,-2.91521326196,-1.32789910797,0.0185614849188,0,0,,,0,0.00699300699301,-0.992443324937,,,,,,,0.2,0.9,0.1
2025,003172,ATL,STINT,Max Krevsky,SSDM,10,76,7,2,0,2,9,1,8,8,0,1,0,4,1,431,47,286,0,0,0,0,0,0,8,1,1,0,0,0.290987388496,0.145383104126,0.0537471939216,0.496221662469,0.539918809202,0.125,0.5,0.125,0.0921052631579,-2.91521326196,-1.32789910797,0.0185614849188,0,0,,,0,0.00699300699301,-0.992443324937,,,,,,,0.2,0.9,0.1
2025,003173,ALL,SEASON,Jack McDonald,LSM,5,19,1,0,0,1,5,0,3,2,1,2,0,2,0,195,18,136,0,0,0,0,0,0,3,2,2,0,0,0.290987388496,0.145383104126,0.0537471939216,0.496221662469,0.539918809202,0.666666666667,0.666666666667,0.666666666667,0.0526315789474,0.0211966845104,1.12725901476,0.0153846153846,0.0555555555556,0.333333333333,0,-0.290766208251,,0,,,,,,,,0.2,1,0
2025,003173,WHP,STINT,Jack McDonald,LSM,5,19,1,0,0,1,5,0,3,2,1,2,0,2,0,195,18,136,0,0,0,0,0,0,3,2,2,0,0,0.290987388496,0.145383104126,0.0537471939216,0.496221662469,0.539918809202,0.666666666667,0.666666666667,0.666666666667,0.0526315789474,0.0211966845104,1.12725901476,0.0153846153846,0.0555555555556,0.333333333333,0,-0.290766208251,,0,,,,,,,,0.2,1,0
2025,003174,ALL,SEASON,Sam King,A,10,223,20,0,0,3,9,2,39,37,2,12,1,22,1,353,51,231,0,0,0,0,0,0,39,13,14,0,0,0.290987388496,0.145383104126,0.0537471939216,0.496221662469,0.539918809202,0.333333333333,0.564102564103,0.358974358974,0.0896860986547,-8.01437575548,2.65193420915,0.110481586402,0.0392156862745,0.0512820512821,0.5,1.4184675835,,0,,,,,,,,0.3,0.9,0.2
2025,003174,ARC,STINT,Sam King,A,10,223,20,0,0,3,9,2,39,37,2,12,1,22,1,353,51,231,0,0,0,0,0,0,39,13,14,0,0,0.290987388496,0.145383104126,0.0537471939216,0.496221662469,0.539918809202,0.333333333333,0.564102564103,0.358974358974,0.0896860986547,-8.01437575548,2.65193420915,0.110481586402,0.0392156862745,0.0512820512821,0.5,1.4184675835,,0,,,,,,,,0.3,0.9,0.2
2025,003176,ALL,SEASON,Emmet Carroll,G,8,136,0,0,0,2,15,0,3,0,3,0,0,0,0,317,37,210,88,21,87,1,10,23,3,0,0,109,197,0.290987388496,0.145383104126,0.0537471939216,0.496221662469,0.539918809202,0,0,0,0,7.30961837334,-0.872298624754,0.00946372239748,0.0810810810811,1,0,-0.872298624754,,0,,0.553299492386,0.502857142857,0.954545454545,2.63599458728,0.951690821256,0.111111111111,0.25,1.875,0
2025,003176,WHP,STINT,Emmet Carroll,G,8,136,0,0,0,2,15,0,3,0,3,0,0,0,0,317,37,210,88,21,87,1,10,23,3,0,0,109,197,0.290987388496,0.145383104126,0.0537471939216,0.496221662469,0.539918809202,0,0,0,0,7.30961837334,-0.872298624754,0.00946372239748,0.0810810810811,1,0,-0.872298624754,,0,,0.553299492386,0.502857142857,0.954545454545,2.63599458728,0.951690821256,0.111111111111,0.25,1.875,0
2025,003178,ALL,SEASON,Michael Grace,LSM,10,69,1,0,0,7,22,2,7,3,4,2,2,5,0,431,47,286,0,0,0,0,0,0,7,4,6,0,0,0.290987388496,0.145383104126,0.0537471939216,0.496221662469,0.539918809202,0.571428571429,0.714285714286,0.857142857143,0.0144927536232,2.70855638059,3.96397300151,0.0162412993039,0.0851063829787,0.571428571429,0.5,2.83693516699,,0,,,,,,,,0.7,2.2,0.2
2025,003178,ATL,STINT,Michael Grace,LSM,10,69,1,0,0,7,22,2,7,3,4,2,2,5,0,431,47,286,0,0,0,0,0,0,7,4,6,0,0,0.290987388496,0.145383104126,0.0537471939216,0.496221662469,0.539918809202,0.571428571429,0.714285714286,0.857142857143,0.0144927536232,2.70855638059,3.96397300151,0.0162412993039,0.0851063829787,0.571428571429,0.5,2.83693516699,,0,,,,,,,,0.7,2.2,0.2
2025,003179,ALL,SEASON,Ben Wayer,LSM,12,89,6,0,0,7,31,3,16,7,9,2,3,9,0,505,65,322,0,0,0,0,0,0,16,5,8,0,0,0.290987388496,0.145383104126,0.0537471939216,0.496221662469,0.539918809202,0.3125,0.5625,0.5,0.0674157303371,-1.21649974098,3.34619240627,0.0316831683168,0.138461538462,0.5625,0.333333333333,3.38310412574,,0,,,,,,,,0.583333333333,2.58333333333,0.25
2025,003179,WAT,STINT,Ben Wayer,LSM,12,89,6,0,0,7,31,3,16,7,9,2,3,9,0,505,65,322,0,0,0,0,0,0,16,5,8,0,0,0.290987388496,0.145383104126,0.0537471939216,0.496221662469,0.539918809202,0.3125,0.5625,0.5,0.0674157303371,-1.21649974098,3.34619240627,0.0316831683168,0.138461538462,0.5625,0.333333333333,3.38310412574,,0,,,,,,,,0.583333333333,2.58333333333,0.25
2025,003180,ALL,SEASON,Christian Mazur,SSDM,11,74,2,1,0,4,14,0,5,4,1,1,0,2,0,450,41,284,0,0,0,0,0,0,5,1,1,0,0,0.290987388496,0.145383104126,0.0537471939216,0.496221662469,0.539918809202,0.2,0.4,0.2,0.027027027027,1.9772923502,-0.454715762235,0.0111111111111,0.0243902439024,0.2,0,-0.290766208251,0,0.00352112676056,-0.496221662469,,,,,,,0.363636363636,1.27272727273,0
2025,003180,WHP,STINT,Christian Mazur,SSDM,11,74,2,1,0,4,14,0,5,4,1,1,0,2,0,450,41,284,0,0,0,0,0,0,5,1,1,0,0,0.290987388496,0.145383104126,0.0537471939216,0.496221662469,0.539918809202,0.2,0.4,0.2,0.027027027027,1.9772923502,-0.454715762235,0.0111111111111,0.0243902439024,0.2,0,-0.290766208251,0,0.00352112676056,-0.496221662469,,,,,,,0.363636363636,1.27272727273,0
2025,003181,ALL,SEASON,Jimmy Freehill,D,11,79,2,0,0,10,16,3,9,0,9,0,3,7,0,460,59,294,0,0,0,0,0,0,9,3,6,0,0,0.290987388496,0.145383104126,0.0537471939216,0.496221662469,0.539918809202,0.333333333333,0.777777777778,0.666666666667,0.0253164556962,2.24602831981,3.38310412574,0.0195652173913,0.152542372881,1,0.333333333333,3.38310412574,,0,,,,,,,,0.909090909091,1.45454545455,0.272727272727
2025,003181,WAT,STINT,Jimmy Freehill,D,11,79,2,0,0,10,16,3,9,0,9,0,3,7,0,460,59,294,0,0,0,0,0,0,9,3,6,0,0,0.290987388496,0.145383104126,0.0537471939216,0.496221662469,0.539918809202,0.333333333333,0.777777777778,0.666666666667,0.0253164556962,2.24602831981,3.38310412574,0.0195652173913,0.152542372881,1,0.333333333333,3.38310412574,,0,,,,,,,,0.909090909091,1.45454545455,0.272727272727
2025,003183,ALL,SEASON,Jack Gray,SSDM,6,17,1,1,1,1,2,2,1,1,0,1,0,1,0,277,49,161,0,0,0,0,0,0,1,1,1,0,0,0.290987388496,0.145383104126,0.0537471939216,0.496221662469,0.539918809202,1,1,1,0.0588235294118,-0.0862977033328,0.709012611504,0.00361010830325,0,0,,,1,0.00621118012422,0.503778337531,,,,,,,0.166666666667,0.333333333333,0.333333333333
2025,003183,OUT,STINT,Jack Gray,SSDM,6,17,1,1,1,1,2,2,1,1,0,1,0,1,0,277,49,161,0,0,0,0,0,0,1,1,1,0,0,0.290987388496,0.145383104126,0.0537471939216,0.496221662469,0.539918809202,1,1,1,0.0588235294118,-0.0862977033328,0.709012611504,0.00361010830325,0,0,,,1,0.00621118012422,0.503778337531,,,,,,,0.166666666667,0.333333333333,0.333333333333
2025,003184,ALL,SEASON,Ben Ramsey,SSDM,10,94,2,0,0,3,26,3,5,4,1,1,1,5,0,415,71,284,0,0,0,0,0,0,5,2,3,0,0,0.290987388496,0.145383104126,0.0537471939216,0.496221662469,0.539918809202,0.4,1,0.6,0.0212765957447,3.05223622863,1.54528423777,0.0120481927711,0.0140845070423,0.2,1,1.70923379175,,0,,,,,,,,0.3,2.6,0.3
2025,003184,CAN,STINT,Ben Ramsey,SSDM,10,94,2,0,0,3,26,3,5,4,1,1,1,5,0,415,71,284,0,0,0,0,0,0,5,2,3,0,0,0.290987388496,0.145383104126,0.0537471939216,0.496221662469,0.539918809202,0.4,1,0.6,0.0212765957447,3.05223622863,1.54528423777,0.0120481927711,0.0140845070423,0.2,1,1.70923379175,,0,,,,,,,,0.3,2.6,0.3
2025,003185,ALL,SEASON,Carter Rice,SSDM,12,81,3,0,0,5,16,2,0,0,0,0,0,0,0,522,84,325,0,0,0,0,0,0,0,0,0,0,0,0.290987388496,0.145383104126,0.0537471939216,0.496221662469,0.539918809202,,,,0.037037037037,1.35352270765,,0,0,,,,,0,,,,,,,,0.416666666667,1.33333333333,0.166666666667
2025,003185,RED,STINT,Carter Rice,SSDM,12,81,3,0,0,5,16,2,0,0,0,0,0,0,0,522,84,325,0,0,0,0,0,0,0,0,0,0,0,0.290987388496,0.145383104126,0.0537471939216,0.496221662469,0.539918809202,,,,0.037037037037,1.35352270765,,0,0,,,,,0,,,,,,,,0.416666666667,1.33333333333,0.166666666667
2025,003186,ALL,SEASON,Hugh Kelleher,M,8,99,4,0,0,0,6,2,29,24,5,6,0,13,0,355,41,235,0,0,0,0,0,0,29,6,6,0,0,0.290987388496,0.145383104126,0.0537471939216,0.496221662469,0.539918809202,0.206896551724,0.448275862069,0.206896551724,0.040404040404,1.32097219824,-2.43752836516,0.0816901408451,0.121951219512,0.172413793103,0,-1.45383104126,,0,,,,,,,,0,0.75,0.25
2025,003186,ATL,STINT,Hugh Kelleher,M,8,99,4,0,0,0,6,2,29,24,5,6,0,13,0,355,41,235,0,0,0,0,0,0,29,6,6,0,0,0.290987388496,0.145383104126,0.0537471939216,0.496221662469,0.539918809202,0.206896551724,0.448275862069,0.206896551724,0.040404040404,1.32097219824,-2.43752836516,0.0816901408451,0.121951219512,0.172413793103,0,-1.45383104126,,0,,,,,,,,0,0.75,0.25
2025,003188,ALL,SEASON,Bryce Ford,M,3,22,1,0,0,0,2,0,4,4,0,2,0,3,0,97,17,63,0,0,0,0,0,0,4,2,2,0,0,0.290987388496,0.145383104126,0.0537471939216,0.496221662469,0.539918809202,0.5,0.75,0.5,0.0454545454545,0.182438266275,0.836050446017,0.0412371134021,0,0,,,,0,,,,,,,,0,0.666666666667,0
2025,003188,ARC,STINT,Bryce Ford,M,3,22,1,0,0,0,2,0,4,4,0,2,0,3,0,97,17,63,0,0,0,0,0,0,4,2,2,0,0,0.290987388496,0.145383104126,0.0537471939216,0.496221662469,0.539918809202,0.5,0.75,0.5,0.0454545454545,0.182438266275,0.836050446017,0.0412371134021,0,0,,,,0,,,,,,,,0,0.666666666667,0
2025,003190,ALL,SEASON,AJ Pilate,D,3,6,1,0,0,1,4,0,1,1,0,0,0,0,0,132,15,79,0,0,0,0,0,0,1,0,0,0,0,0.290987388496,0.145383104126,0.0537471939216,0.496221662469,0.539918809202,0,0,0,0.166666666667,-0.67751683647,-0.290987388496,0.00757575757576,0,0,,,,0,,,,,,,,0.333333333333,1.33333333333,0
2025,003190,OUT,STINT,AJ Pilate,D,3,6,1,0,0,1,4,0,1,1,0,0,0,0,0,132,15,79,0,0,0,0,0,0,1,0,0,0,0,0.290987388496,0.145383104126,0.0537471939216,0.496221662469,0.539918809202,0,0,0,0.166666666667,-0.67751683647,-0.290987388496,0.00757575757576,0,0,,,,0,,,,,,,,0.333333333333,1.33333333333,0
2025,003192,ALL,SEASON,Jackson Eicher,A,11,250,16,0,0,0,6,1,78,67,11,19,1,47,2,456,56,286,0,0,0,0,0,0,78,20,21,0,0,0.290987388496,0.145383104126,0.0537471939216,0.496221662469,0.539918809202,0.25641025641,0.602564102564,0.269230769231,0.064,-2.5632015196,-1.69458331999,0.171052631579,0.196428571429,0.141025641026,0.0909090909091,-1.19842829077,,0,,,,,,,,0,0.545454545455,0.0909090909091
2025,003192,CHA,STINT,Jackson Eicher,A,11,250,16,0,0,0,6,1,78,67,11,19,1,47,2,456,56,286,0,0,0,0,0,0,78,20,21,0,0,0.290987388496,0.145383104126,0.0537471939216,0.496221662469,0.539918809202,0.25641025641,0.602564102564,0.269230769231,0.064,-2.5632015196,-1.69458331999,0.171052631579,0.196428571429,0.141025641026,0.0909090909091,-1.19842829077,,0,,,,,,,,0,0.545454545455,0.0909090909091
2025,003193,ALL,SEASON,Kyle Aldridge,SSDM,2,15,0,0,0,1,4,0,0,0,0,0,0,0,0,93,13,53,0,0,0,0,0,0,0,0,0,0,0,0.290987388496,0.145383104126,0.0537471939216,0.496221662469,0.539918809202,,,,0,0.806207908824,,0,0,,,,,0,,,,,,,,0.5,2,0
2025,003193,WHP,STINT,Kyle Aldridge,SSDM,2,15,0,0,0,1,4,0,0,0,0,0,0,0,0,93,13,53,0,0,0,0,0,0,0,0,0,0,0,0.290987388496,0.145383104126,0.0537471939216,0.496221662469,0.539918809202,,,,0,0.806207908824,,0,0,,,,,0,,,,,,,,0.5,2,0
2025,003199,ALL,SEASON,Gannon Matthews,,1,11,2,0,0,0,0,1,1,1,0,0,0,1,0,31,4,27,0,0,0,0,0,0,1,0,0,0,0,0.290987388496,0.145383104126,0.0537471939216,0.496221662469,0.539918809202,0,1,0,0.181818181818,-1.40878086686,-0.290987388496,0.0322580645161,0,0,,,,0,,,,,,,,0,0,1
2025,003199,CHA,STINT,Gannon Matthews,,1,11,2,0,0,0,0,1,1,1,0,0,0,1,0,31,4,27,0,0,0,0,0,0,1,0,0,0,0,0.290987388496,0.145383104126,0.0537471939216,0.496221662469,0.539918809202,0,1,0,0.181818181818,-1.40878086686,-0.290987388496,0.0322580645161,0,0,,,,0,,,,,,,,0,0,1
2025,003206,ALL,SEASON,Greg Langermeier,SSDM,10,60,5,4,1,6,9,2,6,6,0,0,0,0,0,415,52,264,0,0,0,0,0,0,6,0,0,0,0,0.290987388496,0.145383104126,0.0537471939216,0.496221662469,0.539918809202,0,0,0,0.0833333333333,-1.7751683647,-1.74592433098,0.0144578313253,0,0,,,0.25,0.0151515151515,-0.984886649874,,,,,,,0.6,0.9,0.2
2025,003206,CHA,STINT,Greg Langermeier,SSDM,10,60,5,4,1,6,9,2,6,6,0,0,0,0,0,415,52,264,0,0,0,0,0,0,6,0,0,0,0,0.290987388496,0.145383104126,0.0537471939216,0.496221662469,0.539918809202,0,0,0,0.0833333333333,-1.7751683647,-1.74592433098,0.0144578313253,0,0,,,0.25,0.0151515151515,-0.984886649874,,,,,,,0.6,0.9,0.2
2025,003208,ALL,SEASON,Max Merklinger,A,2,22,2,0,0,0,1,0,4,3,1,0,0,2,2,64,10,45,0,0,0,0,0,0,4,0,0,0,0,0.290987388496,0.145383104126,0.0537471939216,0.496221662469,0.539918809202,0,0.5,0,0.0909090909091,-0.817561733725,-1.16372837374,0.0625,0.1,0.25,0,-0.290766208251,,0,,,,,,,,0,0.5,0
2025,003208,ARC,STINT,Max Merklinger,A,2,22,2,0,0,0,1,0,4,3,1,0,0,2,2,64,10,45,0,0,0,0,0,0,4,0,0,0,0,0.290987388496,0.145383104126,0.0537471939216,0.496221662469,0.539918809202,0,0.5,0,0.0909090909091,-0.817561733725,-1.16372837374,0.0625,0.1,0.25,0,-0.290766208251,,0,,,,,,,,0,0.5,0
2025,003209,ALL,SEASON,Michael Lampert,A,3,20,4,0,0,0,0,0,3,3,0,0,0,2,1,131,15,85,0,0,0,0,0,0,3,0,0,0,0,0.290987388496,0.145383104126,0.0537471939216,0.496221662469,0.539918809202,0,0.666666666667,0,0.2,-2.92505612157,-0.872962165488,0.0229007633588,0,0,,,,0,,,,,,,,0,0,0
2025,003209,WAT,STINT,Michael Lampert,A,3,20,4,0,0,0,0,0,3,3,0,0,0,2,1,131,15,85,0,0,0,0,0,0,3,0,0,0,0,0.290987388496,0.145383104126,0.0537471939216,0.496221662469,0.539918809202,0,0.666666666667,0,0.2,-2.92505612157,-0.872962165488,0.0229007633588,0,0,,,,0,,,,,,,,0,0,0
2025,003211,ALL,SEASON,Josh Balcarcel,M,12,184,8,0,0,0,6,2,24,22,2,7,0,21,2,522,84,325,0,0,0,0,0,0,24,7,7,0,0,0.290987388496,0.145383104126,0.0537471939216,0.496221662469,0.539918809202,0.291666666667,0.875,0.291666666667,0.0434782608696,1.88948368157,0.0167450365884,0.0459770114943,0.0238095238095,0.0833333333333,0,-0.581532416503,,0,,,,,,,,0,0.5,0.166666666667
2025,003211,RED,STINT,Josh Balcarcel,M,12,184,8,0,0,0,6,2,24,22,2,7,0,21,2,522,84,325,0,0,0,0,0,0,24,7,7,0,0,0.290987388496,0.145383104126,0.0537471939216,0.496221662469,0.539918809202,0.291666666667,0.875,0.291666666667,0.0434782608696,1.88948368157,0.0167450365884,0.0459770114943,0.0238095238095,0.0833333333333,0,-0.581532416503,,0,,,,,,,,0,0.5,0.166666666667
2025,003212,ALL,SEASON,Ray Dearth,SSDM,9,49,1,4,0,2,10,1,4,3,1,1,1,3,0,383,50,229,0,0,0,0,0,0,4,2,3,0,0,0.290987388496,0.145383104126,0.0537471939216,0.496221662469,0.539918809202,0.5,0.75,0.75,0.0204081632653,1.63361250216,1.83627162626,0.0104438642298,0.02,0.25,1,1.70923379175,0,0.0174672489083,-1.98488664987,,,,,,,0.222222222222,1.11111111111,0.111111111111
2025,003212,CHA,STINT,Ray Dearth,SSDM,9,49,1,4,0,2,10,1,4,3,1,1,1,3,0,383,50,229,0,0,0,0,0,0,4,2,3,0,0,0.290987388496,0.145383104126,0.0537471939216,0.496221662469,0.539918809202,0.5,0.75,0.75,0.0204081632653,1.63361250216,1.83627162626,0.0104438642298,0.02,0.25,1,1.70923379175,0,0.0174672489083,-1.98488664987,,,,,,,0.222222222222,1.11111111111,0.111111111111
2025,003220,ALL,SEASON,Dylan Renner,,1,1,0,0,0,0,0,0,0,0,0,0,0,0,0,29,2,19,0,0,0,0,0,0,0,0,0,0,0,0.290987388496,0.145383104126,0.0537471939216,0.496221662469,0.539918809202,,,,0,0.0537471939216,,0,0,,,,,0,,,,,,,,0,0,0
2025,003220,ARC,STINT,Dylan Renner,,1,1,0,0,0,0,0,0,0,0,0,0,0,0,0,29,2,19,0,0,0,0,0,0,0,0,0,0,0,0.290987388496,0.145383104126,0.0537471939216,0.496221662469,0.539918809202,,,,0,0.0537471939216,,0,0,,,,,0,,,,,,,,0,0,0
2026,000216,ALL,SEASON,Marcus Holman,A,13,506,15,0,0,4,23,4,83,60,23,22,6,60,4,561,83,343,0,0,0,0,0,0,83,28,34,0,0,0.29299719888,0.134328358209,0.0521961262773,0.496562261268,0.536676336511,0.33734939759,0.722891566265,0.409638554217,0.0296442687747,11.4112398963,10.2410635896,0.147950089127,0.277108433735,0.277108433735,0.260869565217,5.82089552239,,0,,,,,,,,0.307692307692,1.76923076923,0.307692307692
2026,000216,CAN,STINT,Marcus Holman,A,13,506,15,0,0,4,23,4,83,60,23,22,6,60,4,561,83,343,0,0,0,0,0,0,83,28,34,0,0,0.29299719888,0.134328358209,0.0521961262773,0.496562261268,0.536676336511,0.33734939759,0.722891566265,0.409638554217,0.0296442687747,11.4112398963,10.2410635896,0.147950089127,0.277108433735,0.277108433735,0.260869565217,5.82089552239,,0,,,,,,,,0.307692307692,1.76923076923,0.307692307692
2026,000221,ALL,SEASON,Ryan Ambler,M,12,216,18,0,0,2,10,1,28,27,1,4,0,13,0,493,67,288,0,0,0,0,0,0,28,4,4,0,0,0.29299719888,0.134328358209,0.0521961262773,0.496562261268,0.536676336511,0.142857142857,0.464285714286,0.142857142857,0.0833333333333,-6.72563672411,-4.17958108617,0.0567951318458,0.0149253731343,0.0357142857143,0,-0.268656716418,,0,,,,,,,,0.166666666667,0.833333333333,0.0833333333333
2026,000221,ARC,STINT,Ryan Ambler,M,12,216,18,0,0,2,10,1,28,27,1,4,0,13,0,493,67,288,0,0,0,0,0,0,28,4,4,0,0,0.29299719888,0.134328358209,0.0521961262773,0.496562261268,0.536676336511,0.142857142857,0.464285714286,0.142857142857,0.0833333333333,-6.72563672411,-4.17958108617,0.0567951318458,0.0149253731343,0.0357142857143,0,-0.268656716418,,0,,,,,,,,0.166666666667,0.833333333333,0.0833333333333
2026,000240,ALL,SEASON,Kieran McArdle,A,12,284,22,0,0,1,13,3,45,45,0,11,0,28,2,500,69,309,0,0,0,0,0,0,45,11,11,0,0,0.29299719888,0.134328358209,0.0521961262773,0.496562261268,0.536676336511,0.244444444444,0.622222222222,0.244444444444,0.0774647887324,-7.17630013726,-2.18487394958,0.09,0,0,,,,0,,,,,,,,0.0833333333333,1.08333333333,0.25
2026,000240,WAT,STINT,Kieran McArdle,A,12,284,22,0,0,1,13,3,45,45,0,11,0,28,2,500,69,309,0,0,0,0,0,0,45,11,11,0,0,0.29299719888,0.134328358209,0.0521961262773,0.496562261268,0.536676336511,0.244444444444,0.622222222222,0.244444444444,0.0774647887324,-7.17630013726,-2.18487394958,0.09,0,0,,,,0,,,,,,,,0.0833333333333,1.08333333333,0.25
2026,000242,ALL,SEASON,Kyle Hartzell,LSM,3,24,0,0,0,1,5,0,3,1,2,0,0,2,0,141,12,86,0,0,0,0,0,0,3,0,0,0,0,0.29299719888,0.134328358209,0.0521961262773,0.496562261268,0.536676336511,0,0.666666666667,0,0,1.25270703065,-0.830310631715,0.0212765957447,0.166666666667,0.666666666667,0,-0.537313432836,,0,,,,,,,,0.333333333333,1.66666666667,0
2026,000242,RED,STINT,Kyle Hartzell,LSM,3,24,0,0,0,1,5,0,3,1,2,0,0,2,0,141,12,86,0,0,0,0,0,0,3,0,0,0,0,0.29299719888,0.134328358209,0.0521961262773,0.496562261268,0.536676336511,0,0.666666666667,0,0,1.25270703065,-0.830310631715,0.0212765957447,0.166666666667,0.666666666667,0,-0.537313432836,,0,,,,,,,,0.333333333333,1.66666666667,0
2026,000254,ALL,SEASON,Trevor Baptiste,FO,7,61,7,177,94,0,54,3,8,7,1,0,0,4,2,288,46,192,0,0,0,0,0,0,8,0,0,0,0,0.29299719888,0.134328358209,0.0521961262773,0.496562261268,0.536676336511,0,0.5,0,0.114754098361,-3.81603629709,-2.31963710857,0.0277777777778,0.0217391304348,0.125,0,-0.268656716418,0.531073446328,0.921875,6.10847975554,,,,,,,0,7.71428571429,0.428571428571
2026,000254,ATL,STINT,Trevor Baptiste,FO,7,61,7,177,94,0,54,3,8,7,1,0,0,4,2,288,46,192,0,0,0,0,0,0,8,0,0,0,0,0.29299719888,0.134328358209,0.0521961262773,0.496562261268,0.536676336511,0,0.5,0,0.114754098361,-3.81603629709,-2.31963710857,0.0277777777778,0.0217391304348,0.125,0,-0.268656716418,0.531073446328,0.921875,6.10847975554,,,,,,,0,7.71428571429,0.428571428571
2026,000258,ALL,SEASON,Blaze Riorden,G,11,185,2,0,0,6,22,0,2,0,2,0,0,1,0,420,53,282,129,13,116,5,21,20,2,0,0,142,263,0.29299719888,0.134328358209,0.0521961262773,0.496562261268,0.536676336511,0,0.5,0,0.0108108108108,7.65628336129,-0.537313432836,0.0047619047619,0.0377358490566,1,0,-0.537313432836,,0,,0.539923954373,0.526530612245,0.722222222222,0.854123497721,0.926056338028,0.0704225352113,0.545454545455,2,0
2026,000258,CHA,STINT,Blaze Riorden,G,11,185,2,0,0,6,22,0,2,0,2,0,0,1,0,420,53,282,129,13,116,5,21,20,2,0,0,142,263,0.29299719888,0.134328358209,0.0521961262773,0.496562261268,0.536676336511,0,0.5,0,0.0108108108108,7.65628336129,-0.537313432836,0.0047619047619,0.0377358490566,1,0,-0.537313432836,,0,,0.539923954373,0.526530612245,0.722222222222,0.854123497721,0.926056338028,0.0704225352113,0.545454545455,2,0
2026,000262,ALL,SEASON,Connor Fields,A,12,357,28,0,0,1,22,2,77,77,0,24,0,51,6,493,67,288,0,0,0,0,0,0,77,24,24,0,0,0.29299719888,0.134328358209,0.0521961262773,0.496562261268,0.536676336511,0.311688311688,0.662337662338,0.311688311688,0.078431372549,-9.36598291902,1.43921568627,0.156186612576,0,0,,,,0,,,,,,,,0.0833333333333,1.83333333333,0.166666666667
2026,000262,ARC,STINT,Connor Fields,A,12,357,28,0,0,1,22,2,77,77,0,24,0,51,6,493,67,288,0,0,0,0,0,0,77,24,24,0,0,0.29299719888,0.134328358209,0.0521961262773,0.496562261268,0.536676336511,0.311688311688,0.662337662338,0.311688311688,0.078431372549,-9.36598291902,1.43921568627,0.156186612576,0,0,,,,0,,,,,,,,0.0833333333333,1.83333333333,0.166666666667
2026,000269,ALL,SEASON,Jarrod Neumann,D,12,80,5,0,0,5,14,6,6,1,5,0,0,3,1,466,57,311,0,0,0,0,0,0,6,0,0,0,0,0.29299719888,0.134328358209,0.0521961262773,0.496562261268,0.536676336511,0,0.5,0,0.0625,-0.824309897819,-1.63628078097,0.0128755364807,0.0877192982456,0.833333333333,0,-1.34328358209,,0,,,,,,,,0.416666666667,1.16666666667,0.5
2026,000269,CHA,STINT,Jarrod Neumann,D,12,80,5,0,0,5,14,6,6,1,5,0,0,3,1,466,57,311,0,0,0,0,0,0,6,0,0,0,0,0.29299719888,0.134328358209,0.0521961262773,0.496562261268,0.536676336511,0,0.5,0,0.0625,-0.824309897819,-1.63628078097,0.0128755364807,0.0877192982456,0.833333333333,0,-1.34328358209,,0,,,,,,,,0.416666666667,1.16666666667,0.5
2026,000275,ALL,SEASON,Mark Glicini,SSDM,1,2,0,3,1,0,1,0,0,0,0,0,0,0,0,46,4,29,0,0,0,0,0,0,0,0,0,0,0,0.29299719888,0.134328358209,0.0521961262773,0.496562261268,0.536676336511,,,,0,0.104392252555,,0,0,,,,0.333333333333,0.103448275862,-0.489686783804,,,,,,,0,1,0
2026,000275,CHA,STINT,Mark Glicini,SSDM,1,2,0,3,1,0,1,0,0,0,0,0,0,0,0,46,4,29,0,0,0,0,0,0,0,0,0,0,0,0.29299719888,0.134328358209,0.0521961262773,0.496562261268,0.536676336511,,,,0,0.104392252555,,0,0,,,,0.333333333333,0.103448275862,-0.489686783804,,,,,,,0,1,0
2026,000281,ALL,SEASON,Troy Reh,LSM,12,95,2,0,0,12,43,2,1,0,1,0,0,1,0,466,57,311,0,0,0,0,0,0,1,0,0,0,0,0.29299719888,0.134328358209,0.0521961262773,0.496562261268,0.536676336511,0,1,0,0.0210526315789,2.95863199634,-0.268656716418,0.00214592274678,0.0175438596491,1,0,-0.268656716418,,0,,,,,,,,1,3.58333333333,0.166666666667
2026,000281,CHA,STINT,Troy Reh,LSM,12,95,2,0,0,12,43,2,1,0,1,0,0,1,0,466,57,311,0,0,0,0,0,0,1,0,0,0,0,0.29299719888,0.134328358209,0.0521961262773,0.496562261268,0.536676336511,0,1,0,0.0210526315789,2.95863199634,-0.268656716418,0.00214592274678,0.0175438596491,1,0,-0.268656716418,,0,,,,,,,,1,3.58333333333,0.166666666667
2026,000302,ALL,SEASON,Michael Manley,D,11,76,5,0,0,9,20,1,5,2,3,0,0,2,0,444,63,288,0,0,0,0,0,0,5,0,0,0,0,0.29299719888,0.134328358209,0.0521961262773,0.496562261268,0.536676336511,0,0.4,0,0.0657894736842,-1.03309440293,-1.39196454701,0.0112612612613,0.047619047619,0.6,0,-0.805970149254,,0,,,,,,,,0.818181818182,1.81818181818,0.0909090909091
2026,000302,OUT,STINT,Michael Manley,D,11,76,5,0,0,9,20,1,5,2,3,0,0,2,0,444,63,288,0,0,0,0,0,0,5,0,0,0,0,0.29299719888,0.134328358209,0.0521961262773,0.496562261268,0.536676336511,0,0.4,0,0.0657894736842,-1.03309440293,-1.39196454701,0.0112612612613,0.047619047619,0.6,0,-0.805970149254,,0,,,,,,,,0.818181818182,1.81818181818,0.0909090909091
2026,000305,ALL,SEASON,Romar Dennis,M,2,21,0,0,0,0,1,0,7,2,5,0,0,3,0,87,16,41,0,0,0,0,0,0,7,0,0,0,0,0.29299719888,0.134328358209,0.0521961262773,0.496562261268,0.536676336511,0,0.428571428571,0,0,1.09611865182,-1.92927797985,0.0804597701149,0.3125,0.714285714286,0,-1.34328358209,,0,,,,,,,,0,0.5,0
2026,000305,RED,STINT,Romar Dennis,M,2,21,0,0,0,0,1,0,7,2,5,0,0,3,0,87,16,41,0,0,0,0,0,0,7,0,0,0,0,0.29299719888,0.134328358209,0.0521961262773,0.496562261268,0.536676336511,0,0.428571428571,0,0,1.09611865182,-1.92927797985,0.0804597701149,0.3125,0.714285714286,0,-1.34328358209,,0,,,,,,,,0,0.5,0
2026,000339,ALL,SEASON,Connor Kelly,M,5,129,8,0,0,1,2,0,27,12,15,1,3,13,0,212,32,130,0,0,0,0,0,0,27,4,7,0,0,0.29299719888,0.134328358209,0.0521961262773,0.496562261268,0.536676336511,0.148148148148,0.481481481481,0.259259259259,0.062015503876,-1.26669971023,-0.545817132823,0.127358490566,0.46875,0.555555555556,0.2,1.97014925373,,0,,,,,,,,0.2,0.4,0
2026,000339,WAT,STINT,Connor Kelly,M,5,129,8,0,0,1,2,0,27,12,15,1,3,13,0,212,32,130,0,0,0,0,0,0,27,4,7,0,0,0.29299719888,0.134328358209,0.0521961262773,0.496562261268,0.536676336511,0.148148148148,0.481481481481,0.259259259259,0.062015503876,-1.26669971023,-0.545817132823,0.127358490566,0.46875,0.555555555556,0.2,1.97014925373,,0,,,,,,,,0.2,0.4,0
2026,000345,ALL,SEASON,Jake Bernhardt,SSDM,2,12,2,3,0,1,2,0,1,1,0,0,0,0,0,80,6,50,0,0,0,0,0,0,1,0,0,0,0,0.29299719888,0.134328358209,0.0521961262773,0.496562261268,0.536676336511,0,0,0,0.166666666667,-1.37364648467,-0.29299719888,0.0125,0,0,,,0,0.06,-1.4896867838,,,,,,,0.5,1,0
2026,000345,WHP,STINT,Jake Bernhardt,SSDM,2,12,2,3,0,1,2,0,1,1,0,0,0,0,0,80,6,50,0,0,0,0,0,0,1,0,0,0,0,0.29299719888,0.134328358209,0.0521961262773,0.496562261268,0.536676336511,0,0,0,0.166666666667,-1.37364648467,-0.29299719888,0.0125,0,0,,,0,0.06,-1.4896867838,,,,,,,0.5,1,0
2026,000354,ALL,SEASON,Matt Rambo,A,6,110,7,0,0,1,9,0,16,16,0,3,0,8,0,242,35,165,0,0,0,0,0,0,16,3,3,0,0,0.29299719888,0.134328358209,0.0521961262773,0.496562261268,0.536676336511,0.1875,0.5,0.1875,0.0636363636364,-1.2584261095,-1.68795518207,0.0661157024793,0,0,,,,0,,,,,,,,0.166666666667,1.5,0
2026,000354,ATL,STINT,Matt Rambo,A,5,97,4,0,0,1,7,0,15,15,0,3,0,8,0,199,30,137,0,0,0,0,0,0,15,3,3,0,0,0.29299719888,0.134328358209,0.0521961262773,0.496562261268,0.536676336511,0.2,0.533333333333,0.2,0.0412371134021,1.06302424889,-1.39495798319,0.0753768844221,0,0,,,,0,,,,,,,,0.2,1.4,0
2026,000354,WHP,STINT,Matt Rambo,,1,13,3,0,0,0,2,0,1,1,0,0,0,0,0,43,5,28,0,0,0,0,0,0,1,0,0,0,0,0.29299719888,0.134328358209,0.0521961262773,0.496562261268,0.536676336511,0,0,0,0.230769230769,-2.3214503584,-0.29299719888,0.0232558139535,0,0,,,,0,,,,,,,,0,2,0
2026,000355,ALL,SEASON,Matthew Dunn,D,12,95,3,0,0,9,12,2,4,1,3,1,0,2,0,495,33,311,0,0,0,0,0,0,4,1,1,0,0,0.29299719888,0.134328358209,0.0521961262773,0.496562261268,0.536676336511,0.25,0.5,0.25,0.0315789473684,1.95863199634,-0.0989673481333,0.00808080808081,0.0909090909091,0.75,0,-0.805970149254,,0,,,,,,,,0.75,1,0.166666666667
2026,000355,WHP,STINT,Matthew Dunn,D,12,95,3,0,0,9,12,2,4,1,3,1,0,2,0,495,33,311,0,0,0,0,0,0,4,1,1,0,0,0.29299719888,0.134328358209,0.0521961262773,0.496562261268,0.536676336511,0.25,0.5,0.25,0.0315789473684,1.95863199634,-0.0989673481333,0.00808080808081,0.0909090909091,0.75,0,-0.805970149254,,0,,,,,,,,0.75,1,0.166666666667
2026,000359,ALL,SEASON,Tim Muller,D,13,113,2,0,0,13,15,0,0,0,0,0,0,0,0,538,38,339,0,0,0,0,0,0,0,0,0,0,0,0.29299719888,0.134328358209,0.0521961262773,0.496562261268,0.536676336511,,,,0.0176991150442,3.89816226933,,0,0,,,,,0,,,,,,,,1,1.15384615385,0
2026,000359,WHP,STINT,Tim Muller,D,13,113,2,0,0,13,15,0,0,0,0,0,0,0,0,538,38,339,0,0,0,0,0,0,0,0,0,0,0,0.29299719888,0.134328358209,0.0521961262773,0.496562261268,0.536676336511,,,,0.0176991150442,3.89816226933,,0,0,,,,,0,,,,,,,,1,1.15384615385,0
2026,000365,ALL,SEASON,Jack Rowlett,D,6,34,2,0,0,2,4,3,3,0,3,0,0,1,0,247,33,158,0,0,0,0,0,0,3,0,0,0,0,0.29299719888,0.134328358209,0.0521961262773,0.496562261268,0.536676336511,0,0.333333333333,0,0.0588235294118,-0.225331706573,-0.805970149254,0.0121457489879,0.0909090909091,1,0,-0.805970149254,,0,,,,,,,,0.333333333333,0.666666666667,0.5
2026,000365,CHA,STINT,Jack Rowlett,D,6,34,2,0,0,2,4,3,3,0,3,0,0,1,0,247,33,158,0,0,0,0,0,0,3,0,0,0,0,0.29299719888,0.134328358209,0.0521961262773,0.496562261268,0.536676336511,0,0.333333333333,0,0.0588235294118,-0.225331706573,-0.805970149254,0.0121457489879,0.0909090909091,1,0,-0.805970149254,,0,,,,,,,,0.333333333333,0.666666666667,0.5
2026,000366,ALL,SEASON,Connor Farrell,FO,5,24,4,119,57,0,33,0,1,1,0,0,0,1,0,217,34,126,0,0,0,0,0,0,1,0,0,0,0,0.29299719888,0.134328358209,0.0521961262773,0.496562261268,0.536676336511,0,1,0,0.166666666667,-2.74729296935,-0.29299719888,0.00460829493088,0,0,,,0.478991596639,0.944444444444,-2.09090909091,,,,,,,0,6.6,0
2026,000366,WAT,STINT,Connor Farrell,FO,5,24,4,119,57,0,33,0,1,1,0,0,0,1,0,217,34,126,0,0,0,0,0,0,1,0,0,0,0,0.29299719888,0.134328358209,0.0521961262773,0.496562261268,0.536676336511,0,1,0,0.166666666667,-2.74729296935,-0.29299719888,0.00460829493088,0,0,,,0.478991596639,0.944444444444,-2.09090909091,,,,,,,0,6.6,0
2026,000370,ALL,SEASON,Tim Troutner,G,2,2,0,0,0,0,0,0,0,0,0,0,0,0,0,75,10,47,0,0,0,1,0,1,0,0,0,0,1,0.29299719888,0.134328358209,0.0521961262773,0.496562261268,0.536676336511,,,,0,0.104392252555,,0,0,,,,,0,,0,,0,-0.536676336511,1,1,0,0,0
2026,000370,WAT,STINT,Tim Troutner,G,2,2,0,0,0,0,0,0,0,0,0,0,0,0,0,75,10,47,0,0,0,1,0,1,0,0,0,0,1,0.29299719888,0.134328358209,0.0521961262773,0.496562261268,0.536676336511,,,,0,0.104392252555,,0,0,,,,,0,,0,,0,-0.536676336511,1,1,0,0,0
2026,000373,ALL,SEASON,Ryder Garnsey,M,11,306,26,0,0,2,20,2,50,49,1,18,0,35,2,480,53,324,0,0,0,0,0,0,50,18,18,0,0,0.29299719888,0.134328358209,0.0521961262773,0.496562261268,0.536676336511,0.36,0.7,0.36,0.0849673202614,-10.0279853592,3.37448053848,0.104166666667,0.0188679245283,0.02,0,-0.268656716418,,0,,,,,,,,0.181818181818,1.81818181818,0.181818181818
2026,000373,RED,STINT,Ryder Garnsey,M,11,306,26,0,0,2,20,2,50,49,1,18,0,35,2,480,53,324,0,0,0,0,0,0,50,18,18,0,0,0.29299719888,0.134328358209,0.0521961262773,0.496562261268,0.536676336511,0.36,0.7,0.36,0.0849673202614,-10.0279853592,3.37448053848,0.104166666667,0.0188679245283,0.02,0,-0.268656716418,,0,,,,,,,,0.181818181818,1.81818181818,0.181818181818
2026,000390,ALL,SEASON,Brad Smith,M,2,26,2,0,0,0,4,0,5,1,4,0,1,3,0,80,6,50,0,0,0,0,0,0,5,1,2,0,0,0.29299719888,0.134328358209,0.0521961262773,0.496562261268,0.536676336511,0.2,0.6,0.4,0.0769230769231,-0.642900716791,0.632375935449,0.0625,0.666666666667,0.8,0.25,0.925373134328,,0,,,,,,,,0,2,0
2026,000390,WHP,STINT,Brad Smith,M,2,26,2,0,0,0,4,0,5,1,4,0,1,3,0,80,6,50,0,0,0,0,0,0,5,1,2,0,0,0.29299719888,0.134328358209,0.0521961262773,0.496562261268,0.536676336511,0.2,0.6,0.4,0.0769230769231,-0.642900716791,0.632375935449,0.0625,0.666666666667,0.8,0.25,0.925373134328,,0,,,,,,,,0,2,0
2026,000395,ALL,SEASON,Bryan Costabile,M,11,310,21,1,0,2,11,2,62,33,29,10,7,39,3,424,72,300,0,0,0,0,0,0,62,17,24,0,0,0.29299719888,0.134328358209,0.0521961262773,0.496562261268,0.536676336511,0.274193548387,0.629032258065,0.387096774194,0.0677419354839,-4.81920085405,6.54004766086,0.146226415094,0.402777777778,0.467741935484,0.241379310345,6.20895522388,0,0.00333333333333,-0.496562261268,,,,,,,0.181818181818,1,0.181818181818
2026,000395,ATL,STINT,Bryan Costabile,M,11,310,21,1,0,2,11,2,62,33,29,10,7,39,3,424,72,300,0,0,0,0,0,0,62,17,24,0,0,0.29299719888,0.134328358209,0.0521961262773,0.496562261268,0.536676336511,0.274193548387,0.629032258065,0.387096774194,0.0677419354839,-4.81920085405,6.54004766086,0.146226415094,0.402777777778,0.467741935484,0.241379310345,6.20895522388,0,0.00333333333333,-0.496562261268,,,,,,,0.181818181818,1,0.181818181818
2026,000408,ALL,SEASON,Matt DeLuca,G,9,99,3,0,0,0,12,0,2,0,2,0,0,0,0,373,50,239,69,16,68,5,8,23,2,0,0,85,158,0.29299719888,0.134328358209,0.0521961262773,0.496562261268,0.536676336511,0,0,0,0.030303030303,2.16741650145,-0.537313432836,0.00536193029491,0.04,1,0,-0.537313432836,,0,,0.537974683544,0.503649635036,0.761904761905,0.20513883133,0.951807228916,0.138554216867,0,1.33333333333,0
2026,000408,WAT,STINT,Matt DeLuca,G,9,99,3,0,0,0,12,0,2,0,2,0,0,0,0,373,50,239,69,16,68,5,8,23,2,0,0,85,158,0.29299719888,0.134328358209,0.0521961262773,0.496562261268,0.536676336511,0,0,0,0.030303030303,2.16741650145,-0.537313432836,0.00536193029491,0.04,1,0,-0.537313432836,,0,,0.537974683544,0.503649635036,0.761904761905,0.20513883133,0.951807228916,0.138554216867,0,1.33333333333,0
2026,000409,ALL,SEASON,Zach Currier,SSDM,11,186,5,13,6,9,68,2,10,8,2,2,0,8,1,459,61,281,0,0,0,0,0,0,10,2,2,0,0,0.29299719888,0.134328358209,0.0521961262773,0.496562261268,0.536676336511,0.2,0.8,0.2,0.0268817204301,4.70847948757,-0.881291023872,0.0217864923747,0.0327868852459,0.2,0,-0.537313432836,0.461538461538,0.0462633451957,-0.455309396486,,,,,,,0.818181818182,6.18181818182,0.181818181818
2026,000409,WAT,STINT,Zach Currier,SSDM,11,186,5,13,6,9,68,2,10,8,2,2,0,8,1,459,61,281,0,0,0,0,0,0,10,2,2,0,0,0.29299719888,0.134328358209,0.0521961262773,0.496562261268,0.536676336511,0.2,0.8,0.2,0.0268817204301,4.70847948757,-0.881291023872,0.0217864923747,0.0327868852459,0.2,0,-0.537313432836,0.461538461538,0.0462633451957,-0.455309396486,,,,,,,0.818181818182,6.18181818182,0.181818181818
2026,000410,ALL,SEASON,Eli Gobrecht,SSDM,10,39,4,2,0,8,15,2,4,4,0,2,0,2,0,394,64,275,0,0,0,0,0,0,4,2,2,0,0,0.29299719888,0.134328358209,0.0521961262773,0.496562261268,0.536676336511,0.5,0.5,0.5,0.102564102564,-1.96435107519,0.828011204482,0.010152284264,0,0,,,0,0.00727272727273,-0.993124522536,,,,,,,0.8,1.5,0.2
2026,000410,ATL,STINT,Eli Gobrecht,SSDM,10,39,4,2,0,8,15,2,4,4,0,2,0,2,0,394,64,275,0,0,0,0,0,0,4,2,2,0,0,0.29299719888,0.134328358209,0.0521961262773,0.496562261268,0.536676336511,0.5,0.5,0.5,0.102564102564,-1.96435107519,0.828011204482,0.010152284264,0,0,,,0,0.00727272727273,-0.993124522536,,,,,,,0.8,1.5,0.2
2026,000414,ALL,SEASON,Rob Pannell,A,13,378,26,0,0,2,22,2,74,73,1,16,0,41,3,538,38,339,0,0,0,0,0,0,74,16,16,0,0,0.29299719888,0.134328358209,0.0521961262773,0.496562261268,0.536676336511,0.216216216216,0.554054054054,0.216216216216,0.0687830687831,-6.2698642672,-5.65745223463,0.137546468401,0.0263157894737,0.0135135135135,0,-0.268656716418,,0,,,,,,,,0.153846153846,1.69230769231,0.153846153846
2026,000414,WHP,STINT,Rob Pannell,A,13,378,26,0,0,2,22,2,74,73,1,16,0,41,3,538,38,339,0,0,0,0,0,0,74,16,16,0,0,0.29299719888,0.134328358209,0.0521961262773,0.496562261268,0.536676336511,0.216216216216,0.554054054054,0.216216216216,0.0687830687831,-6.2698642672,-5.65745223463,0.137546468401,0.0263157894737,0.0135135135135,0,-0.268656716418,,0,,,,,,,,0.153846153846,1.69230769231,0.153846153846
2026,000418,ALL,SEASON,Dillon Ward,G,13,143,3,0,0,2,13,1,1,0,1,0,0,1,0,567,69,365,121,24,124,10,17,37,1,0,0,145,279,0.29299719888,0.134328358209,0.0521961262773,0.496562261268,0.536676336511,0,1,0,0.020979020979,4.46404605765,-0.268656716418,0.00176366843034,0.0144927536232,1,0,-0.268656716418,,0,,0.519713261649,0.49387755102,0.705882352941,-4.73269788645,0.942567567568,0.125,0.153846153846,1,0.0769230769231
2026,000418,RED,STINT,Dillon Ward,G,13,143,3,0,0,2,13,1,1,0,1,0,0,1,0,567,69,365,121,24,124,10,17,37,1,0,0,145,279,0.29299719888,0.134328358209,0.0521961262773,0.496562261268,0.536676336511,0,1,0,0.020979020979,4.46404605765,-0.268656716418,0.00176366843034,0.0144927536232,1,0,-0.268656716418,,0,,0.519713261649,0.49387755102,0.705882352941,-4.73269788645,0.942567567568,0.125,0.153846153846,1,0.0769230769231
2026,000419,ALL,SEASON,Zed Williams,M,2,43,3,0,0,0,1,0,5,3,2,0,1,4,0,84,17,51,0,0,0,0,0,0,5,1,2,0,0,0.29299719888,0.134328358209,0.0521961262773,0.496562261268,0.536676336511,0.2,0.8,0.4,0.0697674418605,-0.755566570078,0.583694970526,0.0595238095238,0.117647058824,0.4,0.5,1.46268656716,,0,,,,,,,,0,0.5,0
2026,000419,WAT,STINT,Zed Williams,M,2,43,3,0,0,0,1,0,5,3,2,0,1,4,0,84,17,51,0,0,0,0,0,0,5,1,2,0,0,0.29299719888,0.134328358209,0.0521961262773,0.496562261268,0.536676336511,0.2,0.8,0.4,0.0697674418605,-0.755566570078,0.583694970526,0.0595238095238,0.117647058824,0.4,0.5,1.46268656716,,0,,,,,,,,0,0.5,0
2026,000815,ALL,SEASON,Austin Kaut,G,4,33,2,0,0,0,3,0,2,0,2,0,0,1,0,172,19,107,18,6,15,4,3,10,2,0,0,24,43,0.29299719888,0.134328358209,0.0521961262773,0.496562261268,0.536676336511,0,0.5,0,0.0606060606061,-0.27752783285,-0.537313432836,0.0116279069767,0.105263157895,1,0,-0.537313432836,,0,,0.558139534884,0.545454545455,0.6,0.922917530046,0.934782608696,0.217391304348,0,0.75,0
2026,000815,CHA,STINT,Austin Kaut,G,4,33,2,0,0,0,3,0,2,0,2,0,0,1,0,172,19,107,18,6,15,4,3,10,2,0,0,24,43,0.29299719888,0.134328358209,0.0521961262773,0.496562261268,0.536676336511,0,0.5,0,0.0606060606061,-0.27752783285,-0.537313432836,0.0116279069767,0.105263157895,1,0,-0.537313432836,,0,,0.558139534884,0.545454545455,0.6,0.922917530046,0.934782608696,0.217391304348,0,0.75,0
2026,000925,ALL,SEASON,Liam Byrnes,D,5,38,2,0,0,6,9,0,0,0,0,0,0,0,0,194,25,128,0,0,0,0,0,0,0,0,0,0,0,0.29299719888,0.134328358209,0.0521961262773,0.496562261268,0.536676336511,,,,0.0526315789474,-0.0165472014641,,0,0,,,,,0,,,,,,,,1.2,1.8,0
2026,000925,CHA,STINT,Liam Byrnes,D,5,38,2,0,0,6,9,0,0,0,0,0,0,0,0,194,25,128,0,0,0,0,0,0,0,0,0,0,0,0.29299719888,0.134328358209,0.0521961262773,0.496562261268,0.536676336511,,,,0.0526315789474,-0.0165472014641,,0,0,,,,,0,,,,,,,,1.2,1.8,0
2026,000978,ALL,SEASON,Kyle Jackson,M,1,10,2,0,0,0,0,0,1,1,0,0,0,1,0,38,8,29,0,0,0,0,0,0,1,0,0,0,0,0.29299719888,0.134328358209,0.0521961262773,0.496562261268,0.536676336511,0,1,0,0.2,-1.47803873723,-0.29299719888,0.0263157894737,0,0,,,,0,,,,,,,,0,0,0
2026,000978,ATL,STINT,Kyle Jackson,M,1,10,2,0,0,0,0,0,1,1,0,0,0,1,0,38,8,29,0,0,0,0,0,0,1,0,0,0,0,0.29299719888,0.134328358209,0.0521961262773,0.496562261268,0.536676336511,0,1,0,0.2,-1.47803873723,-0.29299719888,0.0263157894737,0,0,,,,0,,,,,,,,0,0,0
2026,001001,ALL,SEASON,Dylan Molloy,A,13,336,31,0,0,5,19,1,98,94,4,31,0,60,4,567,69,365,0,0,0,0,0,0,98,31,31,0,0,0.29299719888,0.134328358209,0.0521961262773,0.496562261268,0.536676336511,0.316326530612,0.612244897959,0.316326530612,0.0922619047619,-13.4621015708,2.38363643965,0.172839506173,0.0579710144928,0.0408163265306,0,-1.07462686567,,0,,,,,,,,0.384615384615,1.46153846154,0.0769230769231
2026,001001,RED,STINT,Dylan Molloy,A,13,336,31,0,0,5,19,1,98,94,4,31,0,60,4,567,69,365,0,0,0,0,0,0,98,31,31,0,0,0.29299719888,0.134328358209,0.0521961262773,0.496562261268,0.536676336511,0.316326530612,0.612244897959,0.316326530612,0.0922619047619,-13.4621015708,2.38363643965,0.172839506173,0.0579710144928,0.0408163265306,0,-1.07462686567,,0,,,,,,,,0.384615384615,1.46153846154,0.0769230769231
2026,001009,ALL,SEASON,Colin Heacock,M,13,169,6,0,0,2,5,1,38,35,3,10,0,24,5,538,38,339,0,0,0,0,0,0,38,10,10,0,0,0.29299719888,0.134328358209,0.0521961262773,0.496562261268,0.536676336511,0.263157894737,0.631578947368,0.263157894737,0.0355029585799,2.82114534086,-1.06087211004,0.0706319702602,0.0789473684211,0.0789473684211,0,-0.805970149254,,0,,,,,,,,0.153846153846,0.384615384615,0.0769230769231
2026,001009,WHP,STINT,Colin Heacock,M,13,169,6,0,0,2,5,1,38,35,3,10,0,24,5,538,38,339,0,0,0,0,0,0,38,10,10,0,0,0.29299719888,0.134328358209,0.0521961262773,0.496562261268,0.536676336511,0.263157894737,0.631578947368,0.263157894737,0.0355029585799,2.82114534086,-1.06087211004,0.0706319702602,0.0789473684211,0.0789473684211,0,-0.805970149254,,0,,,,,,,,0.153846153846,0.384615384615,0.0769230769231
2026,001391,ALL,SEASON,Mikie Schlosser,M,1,4,0,0,0,0,0,0,1,1,0,0,0,0,0,29,5,20,0,0,0,0,0,0,1,0,0,0,0,0.29299719888,0.134328358209,0.0521961262773,0.496562261268,0.536676336511,0,0,0,0,0.208784505109,-0.29299719888,0.0344827586207,0,0,,,,0,,,,,,,,0,0,0
2026,001391,OUT,STINT,Mikie Schlosser,M,1,4,0,0,0,0,0,0,1,1,0,0,0,0,0,29,5,20,0,0,0,0,0,0,1,0,0,0,0,0.29299719888,0.134328358209,0.0521961262773,0.496562261268,0.536676336511,0,0,0,0,0.208784505109,-0.29299719888,0.0344827586207,0,0,,,,0,,,,,,,,0,0,0
2026,001397,ALL,SEASON,Michael Rexrode,D,12,73,2,0,0,16,12,5,2,0,2,0,0,0,0,474,77,326,0,0,0,0,0,0,2,0,0,0,0,0.29299719888,0.134328358209,0.0521961262773,0.496562261268,0.536676336511,0,0,0,0.027397260274,1.81031721824,-0.537313432836,0.0042194092827,0.025974025974,1,0,-0.537313432836,,0,,,,,,,,1.33333333333,1,0.416666666667
2026,001397,ATL,STINT,Michael Rexrode,D,12,73,2,0,0,16,12,5,2,0,2,0,0,0,0,474,77,326,0,0,0,0,0,0,2,0,0,0,0,0.29299719888,0.134328358209,0.0521961262773,0.496562261268,0.536676336511,0,0,0,0.027397260274,1.81031721824,-0.537313432836,0.0042194092827,0.025974025974,1,0,-0.537313432836,,0,,,,,,,,1.33333333333,1,0.416666666667
2026,001406,ALL,SEASON,Ben Randall,D,11,65,6,0,0,13,26,3,1,1,0,0,0,1,0,437,63,284,0,0,0,0,0,0,1,0,0,0,0,0.29299719888,0.134328358209,0.0521961262773,0.496562261268,0.536676336511,0,1,0,0.0923076923077,-2.60725179198,-0.29299719888,0.00228832951945,0,0,,,,0,,,,,,,,1.18181818182,2.36363636364,0.272727272727
2026,001406,OUT,STINT,Ben Randall,D,11,65,6,0,0,13,26,3,1,1,0,0,0,1,0,437,63,284,0,0,0,0,0,0,1,0,0,0,0,0.29299719888,0.134328358209,0.0521961262773,0.496562261268,0.536676336511,0,1,0,0.0923076923077,-2.60725179198,-0.29299719888,0.00228832951945,0,0,,,,0,,,,,,,,1.18181818182,2.36363636364,0.272727272727
2026,001415,ALL,SEASON,Greg Weyl,LSM,10,26,1,0,0,8,14,2,4,2,2,0,0,0,0,398,59,248,0,0,0,0,0,0,4,0,0,0,0,0.29299719888,0.134328358209,0.0521961262773,0.496562261268,0.536676336511,0,0,0,0.0384615384615,0.357099283209,-1.12330783059,0.0100502512563,0.0338983050847,0.5,0,-0.537313432836,,0,,,,,,,,0.8,1.4,0.2
2026,001415,OUT,STINT,Greg Weyl,LSM,10,26,1,0,0,8,14,2,4,2,2,0,0,0,0,398,59,248,0,0,0,0,0,0,4,0,0,0,0,0.29299719888,0.134328358209,0.0521961262773,0.496562261268,0.536676336511,0,0,0,0.0384615384615,0.357099283209,-1.12330783059,0.0100502512563,0.0338983050847,0.5,0,-0.537313432836,,0,,,,,,,,0.8,1.4,0.2
2026,001661,ALL,SEASON,Warren Jeffrey,D,10,49,1,0,0,2,12,6,0,0,0,0,0,0,0,423,57,250,0,0,0,0,0,0,0,0,0,0,0,0.29299719888,0.134328358209,0.0521961262773,0.496562261268,0.536676336511,,,,0.0204081632653,1.55761018759,,0,0,,,,,0,,,,,,,,0.2,1.2,0.6
2026,001661,ARC,STINT,Warren Jeffrey,D,10,49,1,0,0,2,12,6,0,0,0,0,0,0,0,423,57,250,0,0,0,0,0,0,0,0,0,0,0,0.29299719888,0.134328358209,0.0521961262773,0.496562261268,0.536676336511,,,,0.0204081632653,1.55761018759,,0,0,,,,,0,,,,,,,,0.2,1.2,0.6
2026,001671,ALL,SEASON,Zach Goodrich,SSDM,13,42,3,0,0,8,3,9,0,0,0,0,0,0,0,561,83,343,0,0,0,0,0,0,0,0,0,0,0,0.29299719888,0.134328358209,0.0521961262773,0.496562261268,0.536676336511,,,,0.0714285714286,-0.807762696355,,0,0,,,,,0,,,,,,,,0.615384615385,0.230769230769,0.692307692308
2026,001671,CAN,STINT,Zach Goodrich,SSDM,13,42,3,0,0,8,3,9,0,0,0,0,0,0,0,561,83,343,0,0,0,0,0,0,0,0,0,0,0,0.29299719888,0.134328358209,0.0521961262773,0.496562261268,0.536676336511,,,,0.0714285714286,-0.807762696355,,0,0,,,,,0,,,,,,,,0.615384615385,0.230769230769,0.692307692308
2026,001707,ALL,SEASON,Matt Whitcher,SSDM,11,82,3,1,0,6,14,4,9,7,2,2,0,6,1,457,60,286,0,0,0,0,0,0,9,2,2,0,0,0.29299719888,0.134328358209,0.0521961262773,0.496562261268,0.536676336511,0.222222222222,0.666666666667,0.222222222222,0.0365853658537,1.28008235474,-0.588293824993,0.019693654267,0.0333333333333,0.222222222222,0,-0.537313432836,0,0.0034965034965,-0.496562261268,,,,,,,0.545454545455,1.27272727273,0.363636363636
2026,001707,WAT,STINT,Matt Whitcher,SSDM,11,82,3,1,0,6,14,4,9,7,2,2,0,6,1,457,60,286,0,0,0,0,0,0,9,2,2,0,0,0.29299719888,0.134328358209,0.0521961262773,0.496562261268,0.536676336511,0.222222222222,0.666666666667,0.222222222222,0.0365853658537,1.28008235474,-0.588293824993,0.019693654267,0.0333333333333,0.222222222222,0,-0.537313432836,0,0.0034965034965,-0.496562261268,,,,,,,0.545454545455,1.27272727273,0.363636363636
2026,001729,ALL,SEASON,Chris Aslanian,M,5,83,3,0,0,0,2,0,14,8,6,2,1,10,0,180,28,124,0,0,0,0,0,0,14,3,4,0,0,0.29299719888,0.134328358209,0.0521961262773,0.496562261268,0.536676336511,0.214285714286,0.714285714286,0.285714285714,0.0361445783133,1.33227848101,0.0440821104561,0.0777777777778,0.214285714286,0.428571428571,0.166666666667,0.388059701493,,0,,,,,,,,0,0.4,0
2026,001729,CHA,STINT,Chris Aslanian,M,5,83,3,0,0,0,2,0,14,8,6,2,1,10,0,180,28,124,0,0,0,0,0,0,14,3,4,0,0,0.29299719888,0.134328358209,0.0521961262773,0.496562261268,0.536676336511,0.214285714286,0.714285714286,0.285714285714,0.0361445783133,1.33227848101,0.0440821104561,0.0777777777778,0.214285714286,0.428571428571,0.166666666667,0.388059701493,,0,,,,,,,,0,0.4,0
2026,001733,ALL,SEASON,Charlie Hayes,SSDM,10,43,3,0,0,3,9,1,0,0,0,0,0,0,0,414,57,260,0,0,0,0,0,0,0,0,0,0,0,0.29299719888,0.134328358209,0.0521961262773,0.496562261268,0.536676336511,,,,0.0697674418605,-0.755566570078,,0,0,,,,,0,,,,,,,,0.3,0.9,0.1
2026,001733,WAT,STINT,Charlie Hayes,SSDM,10,43,3,0,0,3,9,1,0,0,0,0,0,0,0,414,57,260,0,0,0,0,0,0,0,0,0,0,0,0.29299719888,0.134328358209,0.0521961262773,0.496562261268,0.536676336511,,,,0.0697674418605,-0.755566570078,,0,0,,,,,0,,,,,,,,0.3,0.9,0.1
2026,001773,ALL,SEASON,Nick Washuta,G,3,39,0,0,0,1,5,0,0,0,0,0,0,0,0,112,18,59,19,7,15,1,3,9,0,0,0,26,42,0.29299719888,0.134328358209,0.0521961262773,0.496562261268,0.536676336511,,,,0,2.03564892481,,0,0,,,,,0,,0.619047619048,0.558823529412,0.875,3.45959386656,0.933333333333,0.2,0.333333333333,1.66666666667,0
2026,001773,ARC,STINT,Nick Washuta,G,3,39,0,0,0,1,5,0,0,0,0,0,0,0,0,112,18,59,19,7,15,1,3,9,0,0,0,26,42,0.29299719888,0.134328358209,0.0521961262773,0.496562261268,0.536676336511,,,,0,2.03564892481,,0,0,,,,,0,,0.619047619048,0.558823529412,0.875,3.45959386656,0.933333333333,0.2,0.333333333333,1.66666666667,0
2026,001795,ALL,SEASON,Christian Scarpello,SSDM,11,58,4,12,1,2,8,1,4,4,0,1,0,2,0,420,53,282,0,0,0,0,0,0,4,1,1,0,0,0.29299719888,0.134328358209,0.0521961262773,0.496562261268,0.536676336511,0.25,0.5,0.25,0.0689655172414,-0.972624675919,-0.171988795518,0.00952380952381,0,0,,,0.0833333333333,0.0425531914894,-4.95874713522,,,,,,,0.181818181818,0.727272727273,0.0909090909091
2026,001795,CHA,STINT,Christian Scarpello,SSDM,11,58,4,12,1,2,8,1,4,4,0,1,0,2,0,420,53,282,0,0,0,0,0,0,4,1,1,0,0,0.29299719888,0.134328358209,0.0521961262773,0.496562261268,0.536676336511,0.25,0.5,0.25,0.0689655172414,-0.972624675919,-0.171988795518,0.00952380952381,0,0,,,0.0833333333333,0.0425531914894,-4.95874713522,,,,,,,0.181818181818,0.727272727273,0.0909090909091
2026,001810,ALL,SEASON,Michael Sowers,A,12,448,22,0,0,2,13,0,78,78,0,29,0,62,9,500,69,309,0,0,0,0,0,0,78,29,29,0,0,0.29299719888,0.134328358209,0.0521961262773,0.496562261268,0.536676336511,0.371794871795,0.794871794872,0.371794871795,0.0491071428571,1.38386457221,6.14621848739,0.156,0,0,,,,0,,,,,,,,0.166666666667,1.08333333333,0
2026,001810,WAT,STINT,Michael Sowers,A,12,448,22,0,0,2,13,0,78,78,0,29,0,62,9,500,69,309,0,0,0,0,0,0,78,29,29,0,0,0.29299719888,0.134328358209,0.0521961262773,0.496562261268,0.536676336511,0.371794871795,0.794871794872,0.371794871795,0.0491071428571,1.38386457221,6.14621848739,0.156,0,0,,,,0,,,,,,,,0.166666666667,1.08333333333,0
2026,001811,ALL,SEASON,JT Giles-Harris,D,12,80,2,0,0,6,19,2,1,0,1,0,0,0,0,473,68,308,0,0,0,0,0,0,1,0,0,0,0,0.29299719888,0.134328358209,0.0521961262773,0.496562261268,0.536676336511,0,0,0,0.025,2.17569010218,-0.268656716418,0.00211416490486,0.0147058823529,1,0,-0.268656716418,,0,,,,,,,,0.5,1.58333333333,0.166666666667
2026,001811,OUT,STINT,JT Giles-Harris,D,12,80,2,0,0,6,19,2,1,0,1,0,0,0,0,473,68,308,0,0,0,0,0,0,1,0,0,0,0,0.29299719888,0.134328358209,0.0521961262773,0.496562261268,0.536676336511,0,0,0,0.025,2.17569010218,-0.268656716418,0.00211416490486,0.0147058823529,1,0,-0.268656716418,,0,,,,,,,,0.5,1.58333333333,0.166666666667
2026,001812,ALL,SEASON,TD Ierlan,FO,13,126,3,353,206,2,119,2,14,12,2,2,0,7,0,567,69,365,0,0,0,0,0,0,14,2,2,0,0,0.29299719888,0.134328358209,0.0521961262773,0.496562261268,0.536676336511,0.142857142857,0.5,0.142857142857,0.0238095238095,3.57671191093,-2.05327981939,0.0246913580247,0.0289855072464,0.142857142857,0,-0.537313432836,0.583569405099,0.967123287671,30.7135217723,,,,,,,0.153846153846,9.15384615385,0.153846153846
2026,001812,RED,STINT,TD Ierlan,FO,13,126,3,353,206,2,119,2,14,12,2,2,0,7,0,567,69,365,0,0,0,0,0,0,14,2,2,0,0,0.29299719888,0.134328358209,0.0521961262773,0.496562261268,0.536676336511,0.142857142857,0.5,0.142857142857,0.0238095238095,3.57671191093,-2.05327981939,0.0246913580247,0.0289855072464,0.142857142857,0,-0.537313432836,0.583569405099,0.967123287671,30.7135217723,,,,,,,0.153846153846,9.15384615385,0.153846153846
2026,001813,ALL,SEASON,Jared Conners,LSM,13,108,7,0,0,11,35,0,20,6,14,2,1,8,0,567,69,365,0,0,0,0,0,0,20,3,4,0,0,0.29299719888,0.134328358209,0.0521961262773,0.496562261268,0.536676336511,0.15,0.4,0.2,0.0648148148148,-1.36281836206,-1.51917722313,0.0352733686067,0.202898550725,0.7,0.0714285714286,-1.76119402985,,0,,,,,,,,0.846153846154,2.69230769231,0
2026,001813,RED,STINT,Jared Conners,LSM,13,108,7,0,0,11,35,0,20,6,14,2,1,8,0,567,69,365,0,0,0,0,0,0,20,3,4,0,0,0.29299719888,0.134328358209,0.0521961262773,0.496562261268,0.536676336511,0.15,0.4,0.2,0.0648148148148,-1.36281836206,-1.51917722313,0.0352733686067,0.202898550725,0.7,0.0714285714286,-1.76119402985,,0,,,,,,,,0.846153846154,2.69230769231,0
2026,001814,ALL,SEASON,Mac O'Keefe,A,12,314,12,0,0,2,12,3,69,57,12,19,3,41,2,493,67,288,0,0,0,0,0,0,69,22,25,0,0,0.29299719888,0.134328358209,0.0521961262773,0.496562261268,0.536676336511,0.31884057971,0.594202898551,0.36231884058,0.0382165605096,4.38958365106,5.07527906685,0.139959432049,0.179104477612,0.173913043478,0.25,2.77611940299,,0,,,,,,,,0.166666666667,1,0.25
2026,001814,ARC,STINT,Mac O'Keefe,A,12,314,12,0,0,2,12,3,69,57,12,19,3,41,2,493,67,288,0,0,0,0,0,0,69,22,25,0,0,0.29299719888,0.134328358209,0.0521961262773,0.496562261268,0.536676336511,0.31884057971,0.594202898551,0.36231884058,0.0382165605096,4.38958365106,5.07527906685,0.139959432049,0.179104477612,0.173913043478,0.25,2.77611940299,,0,,,,,,,,0.166666666667,1,0.25
2026,001815,ALL,SEASON,Connor Kirst,M,12,84,4,19,8,5,23,2,18,12,6,5,0,9,0,520,73,318,0,0,0,0,0,0,18,5,5,0,0,0.29299719888,0.134328358209,0.0521961262773,0.496562261268,0.536676336511,0.277777777778,0.5,0.277777777778,0.047619047619,0.38447460729,-0.127906685062,0.0346153846154,0.0821917808219,0.333333333333,0,-1.61194029851,0.421052631579,0.059748427673,-1.43468296409,,,,,,,0.416666666667,1.91666666667,0.166666666667
2026,001815,CAN,STINT,Connor Kirst,M,12,84,4,19,8,5,23,2,18,12,6,5,0,9,0,520,73,318,0,0,0,0,0,0,18,5,5,0,0,0.29299719888,0.134328358209,0.0521961262773,0.496562261268,0.536676336511,0.277777777778,0.5,0.277777777778,0.047619047619,0.38447460729,-0.127906685062,0.0346153846154,0.0821917808219,0.333333333333,0,-1.61194029851,0.421052631579,0.059748427673,-1.43468296409,,,,,,,0.416666666667,1.91666666667,0.166666666667
2026,001816,ALL,SEASON,Dox Aitken,M,1,6,0,0,0,0,0,0,2,2,0,1,0,2,0,42,5,24,0,0,0,0,0,0,2,1,1,0,0,0.29299719888,0.134328358209,0.0521961262773,0.496562261268,0.536676336511,0.5,1,0.5,0,0.313176757664,0.414005602241,0.047619047619,0,0,,,,0,,,,,,,,0,0,0
2026,001816,WAT,STINT,Dox Aitken,M,1,6,0,0,0,0,0,0,2,2,0,1,0,2,0,42,5,24,0,0,0,0,0,0,2,1,1,0,0,0.29299719888,0.134328358209,0.0521961262773,0.496562261268,0.536676336511,0.5,1,0.5,0,0.313176757664,0.414005602241,0.047619047619,0,0,,,,0,,,,,,,,0,0,0
2026,001817,ALL,SEASON,Jack Kielty,D,13,70,5,0,0,15,25,1,0,0,0,0,0,0,0,561,83,343,0,0,0,0,0,0,0,0,0,0,0,0.29299719888,0.134328358209,0.0521961262773,0.496562261268,0.536676336511,,,,0.0714285714286,-1.34627116059,,0,0,,,,,0,,,,,,,,1.15384615385,1.92307692308,0.0769230769231
2026,001817,CAN,STINT,Jack Kielty,D,13,70,5,0,0,15,25,1,0,0,0,0,0,0,0,561,83,343,0,0,0,0,0,0,0,0,0,0,0,0.29299719888,0.134328358209,0.0521961262773,0.496562261268,0.536676336511,,,,0.0714285714286,-1.34627116059,,0,0,,,,,0,,,,,,,,1.15384615385,1.92307692308,0.0769230769231
2026,001819,ALL,SEASON,Danny Logan,SSDM,9,78,4,14,1,5,19,1,5,3,2,1,0,4,1,346,56,243,0,0,0,0,0,0,5,1,1,0,0,0.29299719888,0.134328358209,0.0521961262773,0.496562261268,0.536676336511,0.2,0.8,0.2,0.0512820512821,0.0712978496264,-0.416305029474,0.014450867052,0.0357142857143,0.4,0,-0.537313432836,0.0714285714286,0.0576131687243,-5.95187165775,,,,,,,0.555555555556,2.11111111111,0.111111111111
2026,001819,ATL,STINT,Danny Logan,SSDM,9,78,4,14,1,5,19,1,5,3,2,1,0,4,1,346,56,243,0,0,0,0,0,0,5,1,1,0,0,0.29299719888,0.134328358209,0.0521961262773,0.496562261268,0.536676336511,0.2,0.8,0.2,0.0512820512821,0.0712978496264,-0.416305029474,0.014450867052,0.0357142857143,0.4,0,-0.537313432836,0.0714285714286,0.0576131687243,-5.95187165775,,,,,,,0.555555555556,2.11111111111,0.111111111111
2026,001820,ALL,SEASON,Ryan Terefenko,SSDM,11,146,7,1,0,2,21,2,15,12,3,3,1,12,0,429,66,294,0,0,0,0,0,0,15,4,5,0,0,0.29299719888,0.134328358209,0.0521961262773,0.496562261268,0.536676336511,0.266666666667,0.8,0.333333333333,0.0479452054795,0.62063443648,0.678063464192,0.034965034965,0.0454545454545,0.2,0.333333333333,1.19402985075,0,0.00340136054422,-0.496562261268,,,,,,,0.181818181818,1.90909090909,0.181818181818
2026,001820,OUT,STINT,Ryan Terefenko,SSDM,11,146,7,1,0,2,21,2,15,12,3,3,1,12,0,429,66,294,0,0,0,0,0,0,15,4,5,0,0,0.29299719888,0.134328358209,0.0521961262773,0.496562261268,0.536676336511,0.266666666667,0.8,0.333333333333,0.0479452054795,0.62063443648,0.678063464192,0.034965034965,0.0454545454545,0.2,0.333333333333,1.19402985075,0,0.00340136054422,-0.496562261268,,,,,,,0.181818181818,1.90909090909,0.181818181818
2026,001821,ALL,SEASON,Tre Leclaire,M,10,236,7,0,0,0,6,2,48,31,17,13,3,29,1,423,57,250,0,0,0,0,0,0,48,16,19,0,0,0.29299719888,0.134328358209,0.0521961262773,0.496562261268,0.536676336511,0.333333333333,0.604166666667,0.395833333333,0.0296610169492,5.31828580143,5.34992265563,0.113475177305,0.298245614035,0.354166666667,0.176470588235,1.4328358209,,0,,,,,,,,0,0.6,0.2
2026,001821,ARC,STINT,Tre Leclaire,M,10,236,7,0,0,0,6,2,48,31,17,13,3,29,1,423,57,250,0,0,0,0,0,0,48,16,19,0,0,0.29299719888,0.134328358209,0.0521961262773,0.496562261268,0.536676336511,0.333333333333,0.604166666667,0.395833333333,0.0296610169492,5.31828580143,5.34992265563,0.113475177305,0.298245614035,0.354166666667,0.176470588235,1.4328358209,,0,,,,,,,,0,0.6,0.2
2026,001826,ALL,SEASON,Jeff Trainor,SSDM,11,73,3,0,0,4,14,5,11,8,3,3,1,7,0,463,77,286,0,0,0,0,0,0,11,4,5,0,0,0.29299719888,0.134328358209,0.0521961262773,0.496562261268,0.536676336511,0.363636363636,0.636363636364,0.454545454545,0.041095890411,0.81031721824,1.85005225971,0.0237580993521,0.038961038961,0.272727272727,0.333333333333,1.19402985075,,0,,,,,,,,0.363636363636,1.27272727273,0.454545454545
2026,001826,CAN,STINT,Jeff Trainor,SSDM,11,73,3,0,0,4,14,5,11,8,3,3,1,7,0,463,77,286,0,0,0,0,0,0,11,4,5,0,0,0.29299719888,0.134328358209,0.0521961262773,0.496562261268,0.536676336511,0.363636363636,0.636363636364,0.454545454545,0.041095890411,0.81031721824,1.85005225971,0.0237580993521,0.038961038961,0.272727272727,0.333333333333,1.19402985075,,0,,,,,,,,0.363636363636,1.27272727273,0.454545454545
2026,001827,ALL,SEASON,Jared Bernhardt,A,9,241,17,0,0,4,7,0,54,52,2,16,0,35,2,352,50,229,0,0,0,0,0,0,54,16,16,0,0,0.29299719888,0.134328358209,0.0521961262773,0.496562261268,0.536676336511,0.296296296296,0.648148148148,0.296296296296,0.0705394190871,-4.42073356718,0.226832225427,0.153409090909,0.04,0.037037037037,0,-0.537313432836,,0,,,,,,,,0.444444444444,0.777777777778,0
2026,001827,OUT,STINT,Jared Bernhardt,A,9,241,17,0,0,4,7,0,54,52,2,16,0,35,2,352,50,229,0,0,0,0,0,0,54,16,16,0,0,0.29299719888,0.134328358209,0.0521961262773,0.496562261268,0.536676336511,0.296296296296,0.648148148148,0.296296296296,0.0705394190871,-4.42073356718,0.226832225427,0.153409090909,0.04,0.037037037037,0,-0.537313432836,,0,,,,,,,,0.444444444444,0.777777777778,0
2026,001828,ALL,SEASON,Justin Anderson,M,13,163,9,0,0,2,9,2,33,30,3,10,1,25,1,507,76,337,0,0,0,0,0,0,33,11,12,0,0,0.29299719888,0.134328358209,0.0521961262773,0.496562261268,0.536676336511,0.333333333333,0.757575757576,0.363636363636,0.0552147239264,-0.492031416806,2.40411388436,0.0650887573964,0.0394736842105,0.0909090909091,0.333333333333,1.19402985075,,0,,,,,,,,0.153846153846,0.692307692308,0.153846153846
2026,001828,OUT,STINT,Justin Anderson,M,13,163,9,0,0,2,9,2,33,30,3,10,1,25,1,507,76,337,0,0,0,0,0,0,33,11,12,0,0,0.29299719888,0.134328358209,0.0521961262773,0.496562261268,0.536676336511,0.333333333333,0.757575757576,0.363636363636,0.0552147239264,-0.492031416806,2.40411388436,0.0650887573964,0.0394736842105,0.0909090909091,0.333333333333,1.19402985075,,0,,,,,,,,0.153846153846,0.692307692308,0.153846153846
2026,001839,ALL,SEASON,Nick Grill,LSM,1,4,0,0,0,0,0,0,0,0,0,0,0,0,0,34,8,29,0,0,0,0,0,0,0,0,0,0,0,0.29299719888,0.134328358209,0.0521961262773,0.496562261268,0.536676336511,,,,0,0.208784505109,,0,0,,,,,0,,,,,,,,0,0,0
2026,001839,OUT,STINT,Nick Grill,LSM,1,4,0,0,0,0,0,0,0,0,0,0,0,0,0,34,8,29,0,0,0,0,0,0,0,0,0,0,0,0.29299719888,0.134328358209,0.0521961262773,0.496562261268,0.536676336511,,,,0,0.208784505109,,0,0,,,,,0,,,,,,,,0,0,0
2026,001843,ALL,SEASON,Cole Williams,M,2,33,5,0,0,0,3,0,7,7,0,1,0,3,0,77,14,54,0,0,0,0,0,0,7,1,1,0,0,0.29299719888,0.134328358209,0.0521961262773,0.496562261268,0.536676336511,0.142857142857,0.428571428571,0.142857142857,0.151515151515,-3.27752783285,-1.05098039216,0.0909090909091,0,0,,,,0,,,,,,,,0,1.5,0
2026,001843,ATL,STINT,Cole Williams,M,1,23,3,0,0,0,2,0,6,6,0,1,0,3,0,43,7,29,0,0,0,0,0,0,6,1,1,0,0,0.29299719888,0.134328358209,0.0521961262773,0.496562261268,0.536676336511,0.166666666667,0.5,0.166666666667,0.130434782609,-1.79948909562,-0.757983193277,0.139534883721,0,0,,,,0,,,,,,,,0,2,0
2026,001843,CHA,STINT,Cole Williams,M,1,10,2,0,0,0,1,0,1,1,0,0,0,0,0,34,7,25,0,0,0,0,0,0,1,0,0,0,0,0.29299719888,0.134328358209,0.0521961262773,0.496562261268,0.536676336511,0,0,0,0.2,-1.47803873723,-0.29299719888,0.0294117647059,0,0,,,,0,,,,,,,,0,1,0
2026,001846,ALL,SEASON,Adam Charalambides,A,1,27,1,0,0,1,2,0,5,5,0,0,0,5,0,46,4,29,0,0,0,0,0,0,5,0,0,0,0,0.29299719888,0.134328358209,0.0521961262773,0.496562261268,0.536676336511,0,1,0,0.037037037037,0.409295409486,-1.4649859944,0.108695652174,0,0,,,,0,,,,,,,,1,2,0
2026,001846,CHA,STINT,Adam Charalambides,A,1,27,1,0,0,1,2,0,5,5,0,0,0,5,0,46,4,29,0,0,0,0,0,0,5,0,0,0,0,0.29299719888,0.134328358209,0.0521961262773,0.496562261268,0.536676336511,0,1,0,0.037037037037,0.409295409486,-1.4649859944,0.108695652174,0,0,,,,0,,,,,,,,1,2,0
2026,002006,ALL,SEASON,Reid Bowering,A,11,144,14,1,0,3,16,1,42,42,0,15,0,33,3,443,71,301,0,0,0,0,0,0,42,15,15,0,0,0.29299719888,0.134328358209,0.0521961262773,0.496562261268,0.536676336511,0.357142857143,0.785714285714,0.357142857143,0.0972222222222,-6.48375781607,2.69411764706,0.0948081264108,0,0,,,0,0.00332225913621,-0.496562261268,,,,,,,0.272727272727,1.45454545455,0.0909090909091
2026,002006,ATL,STINT,Reid Bowering,A,11,144,14,1,0,3,16,1,42,42,0,15,0,33,3,443,71,301,0,0,0,0,0,0,42,15,15,0,0,0.29299719888,0.134328358209,0.0521961262773,0.496562261268,0.536676336511,0.357142857143,0.785714285714,0.357142857143,0.0972222222222,-6.48375781607,2.69411764706,0.0948081264108,0,0,,,0,0.00332225913621,-0.496562261268,,,,,,,0.272727272727,1.45454545455,0.0909090909091
2026,002015,ALL,SEASON,Logan Wisnauskas,A,13,313,14,0,0,0,7,0,43,42,1,25,0,34,1,507,76,337,0,0,0,0,0,0,43,25,25,0,0,0.29299719888,0.134328358209,0.0521961262773,0.496562261268,0.536676336511,0.581395348837,0.790697674419,0.581395348837,0.0447284345048,2.33738752478,12.4254609306,0.0848126232742,0.0131578947368,0.0232558139535,0,-0.268656716418,,0,,,,,,,,0,0.538461538462,0
2026,002015,OUT,STINT,Logan Wisnauskas,A,13,313,14,0,0,0,7,0,43,42,1,25,0,34,1,507,76,337,0,0,0,0,0,0,43,25,25,0,0,0.29299719888,0.134328358209,0.0521961262773,0.496562261268,0.536676336511,0.581395348837,0.790697674419,0.581395348837,0.0447284345048,2.33738752478,12.4254609306,0.0848126232742,0.0131578947368,0.0232558139535,0,-0.268656716418,,0,,,,,,,,0,0.538461538462,0
2026,002017,ALL,SEASON,Arden Cohen,LSM,1,2,0,0,0,0,1,0,0,0,0,0,0,0,0,45,7,23,0,0,0,0,0,0,0,0,0,0,0,0.29299719888,0.134328358209,0.0521961262773,0.496562261268,0.536676336511,,,,0,0.104392252555,,0,0,,,,,0,,,,,,,,0,1,0
2026,002017,RED,STINT,Arden Cohen,LSM,1,2,0,0,0,0,1,0,0,0,0,0,0,0,0,45,7,23,0,0,0,0,0,0,0,0,0,0,0,0.29299719888,0.134328358209,0.0521961262773,0.496562261268,0.536676336511,,,,0,0.104392252555,,0,0,,,,,0,,,,,,,,0,1,0
2026,002022,ALL,SEASON,Zach Geddes,SSDM,13,111,3,6,1,5,11,1,15,11,4,4,1,8,1,507,76,337,0,0,0,0,0,0,15,5,6,0,0,0.29299719888,0.134328358209,0.0521961262773,0.496562261268,0.536676336511,0.333333333333,0.533333333333,0.4,0.027027027027,2.79377001678,1.70240394665,0.0295857988166,0.0526315789474,0.266666666667,0.25,0.925373134328,0.166666666667,0.0178041543027,-1.97937356761,,,,,,,0.384615384615,0.846153846154,0.0769230769231
2026,002022,OUT,STINT,Zach Geddes,SSDM,13,111,3,6,1,5,11,1,15,11,4,4,1,8,1,507,76,337,0,0,0,0,0,0,15,5,6,0,0,0.29299719888,0.134328358209,0.0521961262773,0.496562261268,0.536676336511,0.333333333333,0.533333333333,0.4,0.027027027027,2.79377001678,1.70240394665,0.0295857988166,0.0526315789474,0.266666666667,0.25,0.925373134328,0.166666666667,0.0178041543027,-1.97937356761,,,,,,,0.384615384615,0.846153846154,0.0769230769231
2026,002023,ALL,SEASON,Brendan Nichtern,A,6,155,10,0,0,1,9,2,24,24,0,8,0,16,1,237,34,158,0,0,0,0,0,0,24,8,8,0,0,0.29299719888,0.134328358209,0.0521961262773,0.496562261268,0.536676336511,0.333333333333,0.666666666667,0.333333333333,0.0645161290323,-1.90960042702,0.968067226891,0.101265822785,0,0,,,,0,,,,,,,,0.166666666667,1.5,0.333333333333
2026,002023,CHA,STINT,Brendan Nichtern,A,6,155,10,0,0,1,9,2,24,24,0,8,0,16,1,237,34,158,0,0,0,0,0,0,24,8,8,0,0,0.29299719888,0.134328358209,0.0521961262773,0.496562261268,0.536676336511,0.333333333333,0.666666666667,0.333333333333,0.0645161290323,-1.90960042702,0.968067226891,0.101265822785,0,0,,,,0,,,,,,,,0.166666666667,1.5,0.333333333333
2026,002024,ALL,SEASON,Asher Nolting,A,1,38,5,0,0,0,3,0,0,0,0,0,0,0,0,41,10,25,0,0,0,0,0,0,0,0,0,0,0,0.29299719888,0.134328358209,0.0521961262773,0.496562261268,0.536676336511,,,,0.131578947368,-3.01654720146,,0,0,,,,,0,,,,,,,,0,3,0
2026,002024,CAN,STINT,Asher Nolting,A,1,38,5,0,0,0,3,0,0,0,0,0,0,0,0,41,10,25,0,0,0,0,0,0,0,0,0,0,0,0.29299719888,0.134328358209,0.0521961262773,0.496562261268,0.536676336511,,,,0.131578947368,-3.01654720146,,0,0,,,,,0,,,,,,,,0,3,0
2026,002026,ALL,SEASON,Brett Dobson,G,10,171,3,0,0,4,17,3,5,0,5,0,0,1,0,423,57,250,108,23,86,5,12,29,5,0,0,131,222,0.29299719888,0.134328358209,0.0521961262773,0.496562261268,0.536676336511,0,0.2,0,0.0175438596491,5.92553759341,-1.34328358209,0.0118203309693,0.0877192982456,1,0,-1.34328358209,,0,,0.59009009009,0.556701030928,0.821428571429,11.8578532947,0.948717948718,0.123931623932,0.4,1.7,0.3
2026,002026,ARC,STINT,Brett Dobson,G,10,171,3,0,0,4,17,3,5,0,5,0,0,1,0,423,57,250,108,23,86,5,12,29,5,0,0,131,222,0.29299719888,0.134328358209,0.0521961262773,0.496562261268,0.536676336511,0,0.2,0,0.0175438596491,5.92553759341,-1.34328358209,0.0118203309693,0.0877192982456,1,0,-1.34328358209,,0,,0.59009009009,0.556701030928,0.821428571429,11.8578532947,0.948717948718,0.123931623932,0.4,1.7,0.3
2026,002028,ALL,SEASON,Jack Hannah,M,10,227,9,0,0,0,12,3,57,53,4,11,0,26,2,425,59,256,0,0,0,0,0,0,57,11,11,0,0,0.29299719888,0.134328358209,0.0521961262773,0.496562261268,0.536676336511,0.19298245614,0.456140350877,0.19298245614,0.0396475770925,2.84852066494,-5.60347840629,0.134117647059,0.0677966101695,0.0701754385965,0,-1.07462686567,,0,,,,,,,,0,1.2,0.3
2026,002028,WAT,STINT,Jack Hannah,M,10,227,9,0,0,0,12,3,57,53,4,11,0,26,2,425,59,256,0,0,0,0,0,0,57,11,11,0,0,0.29299719888,0.134328358209,0.0521961262773,0.496562261268,0.536676336511,0.19298245614,0.456140350877,0.19298245614,0.0396475770925,2.84852066494,-5.60347840629,0.134117647059,0.0677966101695,0.0701754385965,0,-1.07462686567,,0,,,,,,,,0,1.2,0.3
2026,002030,ALL,SEASON,Jonathan Donville,M,3,49,2,0,0,1,1,0,3,3,0,1,0,2,0,119,18,69,0,0,0,0,0,0,3,1,1,0,0,0.29299719888,0.134328358209,0.0521961262773,0.496562261268,0.536676336511,0.333333333333,0.666666666667,0.333333333333,0.0408163265306,0.557610187586,0.121008403361,0.0252100840336,0,0,,,,0,,,,,,,,0.333333333333,0.333333333333,0
2026,002030,OUT,STINT,Jonathan Donville,M,3,49,2,0,0,1,1,0,3,3,0,1,0,2,0,119,18,69,0,0,0,0,0,0,3,1,1,0,0,0.29299719888,0.134328358209,0.0521961262773,0.496562261268,0.536676336511,0.333333333333,0.666666666667,0.333333333333,0.0408163265306,0.557610187586,0.121008403361,0.0252100840336,0,0,,,,0,,,,,,,,0.333333333333,0.333333333333,0
2026,002032,ALL,SEASON,Justin Inacio,FO,9,51,8,194,92,2,47,1,6,5,1,0,0,1,0,368,43,239,0,0,0,0,0,0,6,0,0,0,0,0.29299719888,0.134328358209,0.0521961262773,0.496562261268,0.536676336511,0,0.166666666667,0,0.156862745098,-5.33799755986,-1.73364271082,0.0163043478261,0.0232558139535,0.166666666667,0,-0.268656716418,0.474226804124,0.811715481172,-4.33307868602,,,,,,,0.222222222222,5.22222222222,0.111111111111
2026,002032,CHA,STINT,Justin Inacio,FO,9,51,8,194,92,2,47,1,6,5,1,0,0,1,0,368,43,239,0,0,0,0,0,0,6,0,0,0,0,0.29299719888,0.134328358209,0.0521961262773,0.496562261268,0.536676336511,0,0.166666666667,0,0.156862745098,-5.33799755986,-1.73364271082,0.0163043478261,0.0232558139535,0.166666666667,0,-0.268656716418,0.474226804124,0.811715481172,-4.33307868602,,,,,,,0.222222222222,5.22222222222,0.111111111111
2026,002033,ALL,SEASON,Nakeie Montgomery,SSDM,1,11,0,0,0,0,2,0,1,1,0,0,0,1,0,43,9,23,0,0,0,0,0,0,1,0,0,0,0,0.29299719888,0.134328358209,0.0521961262773,0.496562261268,0.536676336511,0,1,0,0,0.57415738905,-0.29299719888,0.0232558139535,0,0,,,,0,,,,,,,,0,2,0
2026,002033,WAT,STINT,Nakeie Montgomery,SSDM,1,11,0,0,0,0,2,0,1,1,0,0,0,1,0,43,9,23,0,0,0,0,0,0,1,0,0,0,0,0.29299719888,0.134328358209,0.0521961262773,0.496562261268,0.536676336511,0,1,0,0,0.57415738905,-0.29299719888,0.0232558139535,0,0,,,,0,,,,,,,,0,2,0
2026,002038,ALL,SEASON,Colin Kirst,G,11,105,5,0,0,3,14,1,1,0,1,0,0,1,0,488,72,302,87,13,101,6,9,19,1,0,0,100,207,0.29299719888,0.134328358209,0.0521961262773,0.496562261268,0.536676336511,0,1,0,0.047619047619,0.480593259112,-0.268656716418,0.00204918032787,0.0138888888889,1,0,-0.268656716418,,0,,0.48309178744,0.462765957447,0.684210526316,-11.0920016577,0.958333333333,0.087962962963,0.272727272727,1.27272727273,0.0909090909091
2026,002038,CAN,STINT,Colin Kirst,G,11,105,5,0,0,3,14,1,1,0,1,0,0,1,0,488,72,302,87,13,101,6,9,19,1,0,0,100,207,0.29299719888,0.134328358209,0.0521961262773,0.496562261268,0.536676336511,0,1,0,0.047619047619,0.480593259112,-0.268656716418,0.00204918032787,0.0138888888889,1,0,-0.268656716418,,0,,0.48309178744,0.462765957447,0.684210526316,-11.0920016577,0.958333333333,0.087962962963,0.272727272727,1.27272727273,0.0909090909091
2026,002039,ALL,SEASON,Owen McElroy,G,4,40,2,0,0,0,5,0,0,0,0,0,0,0,0,144,25,109,30,4,20,3,3,8,0,0,0,34,57,0.29299719888,0.134328358209,0.0521961262773,0.496562261268,0.536676336511,,,,0.05,0.0878450510904,,0,0,,,,,0,,0.59649122807,0.6,0.571428571429,3.4094488189,0.95,0.133333333333,0,1.25,0
2026,002039,OUT,STINT,Owen McElroy,G,4,40,2,0,0,0,5,0,0,0,0,0,0,0,0,144,25,109,30,4,20,3,3,8,0,0,0,34,57,0.29299719888,0.134328358209,0.0521961262773,0.496562261268,0.536676336511,,,,0.05,0.0878450510904,,0,0,,,,,0,,0.59649122807,0.6,0.571428571429,3.4094488189,0.95,0.133333333333,0,1.25,0
2026,002042,ALL,SEASON,Jon Robbins,LSM,10,20,3,0,0,9,9,1,2,1,1,0,0,1,0,401,61,268,0,0,0,0,0,0,2,0,0,0,0,0.29299719888,0.134328358209,0.0521961262773,0.496562261268,0.536676336511,0,0.5,0,0.15,-1.95607747445,-0.561653915297,0.00498753117207,0.016393442623,0.5,0,-0.268656716418,,0,,,,,,,,0.9,0.9,0.1
2026,002042,ATL,STINT,Jon Robbins,LSM,10,20,3,0,0,9,9,1,2,1,1,0,0,1,0,401,61,268,0,0,0,0,0,0,2,0,0,0,0,0.29299719888,0.134328358209,0.0521961262773,0.496562261268,0.536676336511,0,0.5,0,0.15,-1.95607747445,-0.561653915297,0.00498753117207,0.016393442623,0.5,0,-0.268656716418,,0,,,,,,,,0.9,0.9,0.1
2026,002054,ALL,SEASON,Chris Merle,SSDM,10,35,1,1,1,5,14,3,5,5,0,1,0,3,0,443,50,281,0,0,0,0,0,0,5,1,1,0,0,0.29299719888,0.134328358209,0.0521961262773,0.496562261268,0.536676336511,0.2,0.6,0.2,0.0285714285714,0.826864419704,-0.464985994398,0.0112866817156,0,0,,,1,0.00355871886121,0.503437738732,,,,,,,0.5,1.4,0.3
2026,002054,RED,STINT,Chris Merle,SSDM,10,35,1,1,1,5,14,3,5,5,0,1,0,3,0,443,50,281,0,0,0,0,0,0,5,1,1,0,0,0.29299719888,0.134328358209,0.0521961262773,0.496562261268,0.536676336511,0.2,0.6,0.2,0.0285714285714,0.826864419704,-0.464985994398,0.0112866817156,0,0,,,1,0.00355871886121,0.503437738732,,,,,,,0.5,1.4,0.3
2026,002067,ALL,SEASON,Zac Tucci,FO,4,17,4,91,44,0,17,1,2,1,1,0,1,2,0,148,33,103,0,0,0,0,0,0,2,1,2,0,0,0.29299719888,0.134328358209,0.0521961262773,0.496562261268,0.536676336511,0.5,1,1,0.235294117647,-3.11266585329,1.4383460847,0.0135135135135,0.030303030303,0.5,1,1.73134328358,0.483516483516,0.883495145631,-1.1871657754,,,,,,,0,4.25,0.25
2026,002067,ATL,STINT,Zac Tucci,FO,1,1,0,16,6,0,1,0,0,0,0,0,0,0,0,31,6,25,0,0,0,0,0,0,0,0,0,0,0,0.29299719888,0.134328358209,0.0521961262773,0.496562261268,0.536676336511,,,,0,0.0521961262773,,0,0,,,,0.375,0.64,-1.94499618029,,,,,,,0,1,0
2026,002067,CAN,STINT,Zac Tucci,FO,3,16,4,75,38,0,16,1,2,1,1,0,1,2,0,117,27,78,0,0,0,0,0,0,2,1,2,0,0,0.29299719888,0.134328358209,0.0521961262773,0.496562261268,0.536676336511,0.5,1,1,0.25,-3.16486197956,1.4383460847,0.017094017094,0.037037037037,0.5,1,1.73134328358,0.506666666667,0.961538461538,0.757830404889,,,,,,,0,5.33333333333,0.333333333333
2026,002074,ALL,SEASON,Alexander Smith,SSDM,6,23,0,3,0,3,6,3,0,0,0,0,0,0,0,250,38,155,0,0,0,0,0,0,0,0,0,0,0,0.29299719888,0.134328358209,0.0521961262773,0.496562261268,0.536676336511,,,,0,1.20051090438,,0,0,,,,0,0.0193548387097,-1.4896867838,,,,,,,0.5,1,0.5
2026,002074,OUT,STINT,Alexander Smith,SSDM,6,23,0,3,0,3,6,3,0,0,0,0,0,0,0,250,38,155,0,0,0,0,0,0,0,0,0,0,0,0.29299719888,0.134328358209,0.0521961262773,0.496562261268,0.536676336511,,,,0,1.20051090438,,0,0,,,,0,0.0193548387097,-1.4896867838,,,,,,,0.5,1,0.5
2026,003004,ALL,SEASON,Mike Sisselberger,FO,12,97,13,268,159,0,110,1,9,9,0,1,0,3,0,493,67,288,0,0,0,0,0,0,9,1,1,0,0,0.29299719888,0.134328358209,0.0521961262773,0.496562261268,0.536676336511,0.111111111111,0.333333333333,0.111111111111,0.134020618557,-7.93697575111,-1.63697478992,0.0182555780933,0,0,,,0.59328358209,0.930555555556,25.9213139801,,,,,,,0,9.16666666667,0.0833333333333
2026,003004,ARC,STINT,Mike Sisselberger,FO,12,97,13,268,159,0,110,1,9,9,0,1,0,3,0,493,67,288,0,0,0,0,0,0,9,1,1,0,0,0.29299719888,0.134328358209,0.0521961262773,0.496562261268,0.536676336511,0.111111111111,0.333333333333,0.111111111111,0.134020618557,-7.93697575111,-1.63697478992,0.0182555780933,0,0,,,0.59328358209,0.930555555556,25.9213139801,,,,,,,0,9.16666666667,0.0833333333333
2026,003005,ALL,SEASON,Connor Maher,SSDM,12,64,2,4,1,5,7,2,6,6,0,1,0,3,0,493,67,288,0,0,0,0,0,0,6,1,1,0,0,0.29299719888,0.134328358209,0.0521961262773,0.496562261268,0.536676336511,0.166666666667,0.5,0.166666666667,0.03125,1.34055208174,-0.757983193277,0.0121703853955,0,0,,,0.25,0.0138888888889,-0.986249045073,,,,,,,0.416666666667,0.583333333333,0.166666666667
2026,003005,ARC,STINT,Connor Maher,SSDM,12,64,2,4,1,5,7,2,6,6,0,1,0,3,0,493,67,288,0,0,0,0,0,0,6,1,1,0,0,0.29299719888,0.134328358209,0.0521961262773,0.496562261268,0.536676336511,0.166666666667,0.5,0.166666666667,0.03125,1.34055208174,-0.757983193277,0.0121703853955,0,0,,,0.25,0.0138888888889,-0.986249045073,,,,,,,0.416666666667,0.583333333333,0.166666666667
2026,003006,ALL,SEASON,Piper Bond,SSDM,12,95,3,2,0,7,20,6,8,7,1,3,1,6,0,493,67,288,0,0,0,0,0,0,8,4,5,0,0,0.29299719888,0.134328358209,0.0521961262773,0.496562261268,0.536676336511,0.5,0.75,0.625,0.0315789473684,1.95863199634,2.68036289143,0.0162271805274,0.0149253731343,0.125,1,1.73134328358,0,0.00694444444444,-0.993124522536,,,,,,,0.583333333333,1.66666666667,0.5
2026,003006,ARC,STINT,Piper Bond,SSDM,12,95,3,2,0,7,20,6,8,7,1,3,1,6,0,493,67,288,0,0,0,0,0,0,8,4,5,0,0,0.29299719888,0.134328358209,0.0521961262773,0.496562261268,0.536676336511,0.5,0.75,0.625,0.0315789473684,1.95863199634,2.68036289143,0.0162271805274,0.0149253731343,0.125,1,1.73134328358,0,0.00694444444444,-0.993124522536,,,,,,,0.583333333333,1.66666666667,0.5
2026,003007,ALL,SEASON,Cam Wyers,D,11,35,4,0,0,4,11,7,1,0,1,0,0,0,0,440,66,262,0,0,0,0,0,0,1,0,0,0,0,0.29299719888,0.134328358209,0.0521961262773,0.496562261268,0.536676336511,0,0,0,0.114285714286,-2.1731355803,-0.268656716418,0.00227272727273,0.0151515151515,1,0,-0.268656716418,,0,,,,,,,,0.363636363636,1,0.636363636364
2026,003007,ARC,STINT,Cam Wyers,D,11,35,4,0,0,4,11,7,1,0,1,0,0,0,0,440,66,262,0,0,0,0,0,0,1,0,0,0,0,0.29299719888,0.134328358209,0.0521961262773,0.496562261268,0.536676336511,0,0,0,0.114285714286,-2.1731355803,-0.268656716418,0.00227272727273,0.0151515151515,1,0,-0.268656716418,,0,,,,,,,,0.363636363636,1,0.636363636364
2026,003008,ALL,SEASON,Gavin Adler,D,11,42,2,0,0,10,8,0,1,0,1,0,0,0,0,454,62,280,0,0,0,0,0,0,1,0,0,0,0,0.29299719888,0.134328358209,0.0521961262773,0.496562261268,0.536676336511,0,0,0,0.047619047619,0.192237303645,-0.268656716418,0.00220264317181,0.0161290322581,1,0,-0.268656716418,,0,,,,,,,,0.909090909091,0.727272727273,0
2026,003008,WAT,STINT,Gavin Adler,D,11,42,2,0,0,10,8,0,1,0,1,0,0,0,0,454,62,280,0,0,0,0,0,0,1,0,0,0,0,0.29299719888,0.134328358209,0.0521961262773,0.496562261268,0.536676336511,0,0,0,0.047619047619,0.192237303645,-0.268656716418,0.00220264317181,0.0161290322581,1,0,-0.268656716418,,0,,,,,,,,0.909090909091,0.727272727273,0
2026,003009,ALL,SEASON,Brett Makar,D,12,157,12,0,0,24,52,0,8,1,7,0,2,4,0,474,77,326,0,0,0,0,0,0,8,2,4,0,0,0.29299719888,0.134328358209,0.0521961262773,0.496562261268,0.536676336511,0.25,0.5,0.5,0.0764331210191,-3.80520817447,1.8264057862,0.0168776371308,0.0909090909091,0.875,0.285714285714,2.11940298507,,0,,,,,,,,2,4.33333333333,0
2026,003009,ATL,STINT,Brett Makar,D,12,157,12,0,0,24,52,0,8,1,7,0,2,4,0,474,77,326,0,0,0,0,0,0,8,2,4,0,0,0.29299719888,0.134328358209,0.0521961262773,0.496562261268,0.536676336511,0.25,0.5,0.5,0.0764331210191,-3.80520817447,1.8264057862,0.0168776371308,0.0909090909091,0.875,0.285714285714,2.11940298507,,0,,,,,,,,2,4.33333333333,0
2026,003010,ALL,SEASON,Xander Dickson,A,12,251,12,0,0,1,23,3,65,64,1,20,0,47,2,474,77,326,0,0,0,0,0,0,65,20,20,0,0,0.29299719888,0.134328358209,0.0521961262773,0.496562261268,0.536676336511,0.307692307692,0.723076923077,0.307692307692,0.0478087649402,1.10122769559,0.979522555291,0.137130801688,0.012987012987,0.0153846153846,0,-0.268656716418,,0,,,,,,,,0.0833333333333,1.91666666667,0.25
2026,003010,ATL,STINT,Xander Dickson,A,12,251,12,0,0,1,23,3,65,64,1,20,0,47,2,474,77,326,0,0,0,0,0,0,65,20,20,0,0,0.29299719888,0.134328358209,0.0521961262773,0.496562261268,0.536676336511,0.307692307692,0.723076923077,0.307692307692,0.0478087649402,1.10122769559,0.979522555291,0.137130801688,0.012987012987,0.0153846153846,0,-0.268656716418,,0,,,,,,,,0.0833333333333,1.91666666667,0.25
2026,003013,ALL,SEASON,Matt Campbell,M,5,154,2,0,0,0,2,0,25,19,6,4,1,14,0,196,42,127,0,0,0,0,0,0,25,5,6,0,0,0.29299719888,0.134328358209,0.0521961262773,0.496562261268,0.536676336511,0.2,0.56,0.24,0.012987012987,6.0382034467,-1.17888707722,0.127551020408,0.142857142857,0.24,0.166666666667,0.388059701493,,0,,,,,,,,0,0.4,0
2026,003013,CAN,STINT,Matt Campbell,M,5,154,2,0,0,0,2,0,25,19,6,4,1,14,0,196,42,127,0,0,0,0,0,0,25,5,6,0,0,0.29299719888,0.134328358209,0.0521961262773,0.496562261268,0.536676336511,0.2,0.56,0.24,0.012987012987,6.0382034467,-1.17888707722,0.127551020408,0.142857142857,0.24,0.166666666667,0.388059701493,,0,,,,,,,,0,0.4,0
2026,003017,ALL,SEASON,Tye Kurtz,M,2,23,3,0,0,1,1,0,5,5,0,1,0,2,0,93,13,51,0,0,0,0,0,0,5,1,1,0,0,0.29299719888,0.134328358209,0.0521961262773,0.496562261268,0.536676336511,0.2,0.4,0.2,0.130434782609,-1.79948909562,-0.464985994398,0.0537634408602,0,0,,,,0,,,,,,,,0.5,0.5,0
2026,003017,CAN,STINT,Tye Kurtz,M,2,23,3,0,0,1,1,0,5,5,0,1,0,2,0,93,13,51,0,0,0,0,0,0,5,1,1,0,0,0.29299719888,0.134328358209,0.0521961262773,0.496562261268,0.536676336511,0.2,0.4,0.2,0.130434782609,-1.79948909562,-0.464985994398,0.0537634408602,0,0,,,,0,,,,,,,,0.5,0.5,0
2026,003018,ALL,SEASON,Nick Rowlett,FO,1,4,0,27,8,1,3,0,0,0,0,0,0,0,0,36,4,28,0,0,0,0,0,0,0,0,0,0,0,0.29299719888,0.134328358209,0.0521961262773,0.496562261268,0.536676336511,,,,0,0.208784505109,,0,0,,,,0.296296296296,0.964285714286,-5.40718105424,,,,,,,1,3,0
2026,003018,CHA,STINT,Nick Rowlett,FO,1,4,0,27,8,1,3,0,0,0,0,0,0,0,0,36,4,28,0,0,0,0,0,0,0,0,0,0,0,0.29299719888,0.134328358209,0.0521961262773,0.496562261268,0.536676336511,,,,0,0.208784505109,,0,0,,,,0.296296296296,0.964285714286,-5.40718105424,,,,,,,1,3,0
2026,003023,ALL,SEASON,Owen Grant,D,13,113,5,0,0,12,19,3,11,3,8,1,0,4,0,561,83,343,0,0,0,0,0,0,11,1,1,0,0,0.29299719888,0.134328358209,0.0521961262773,0.496562261268,0.536676336511,0.0909090909091,0.363636363636,0.0909090909091,0.0442477876106,0.89816226933,-2.02824532798,0.0196078431373,0.0963855421687,0.727272727273,0,-2.14925373134,,0,,,,,,,,0.923076923077,1.46153846154,0.230769230769
2026,003023,CAN,STINT,Owen Grant,D,13,113,5,0,0,12,19,3,11,3,8,1,0,4,0,561,83,343,0,0,0,0,0,0,11,1,1,0,0,0.29299719888,0.134328358209,0.0521961262773,0.496562261268,0.536676336511,0.0909090909091,0.363636363636,0.0909090909091,0.0442477876106,0.89816226933,-2.02824532798,0.0196078431373,0.0963855421687,0.727272727273,0,-2.14925373134,,0,,,,,,,,0.923076923077,1.46153846154,0.230769230769
2026,003024,ALL,SEASON,Brian Tevlin,SSDM,13,125,6,3,1,10,29,2,18,13,5,8,0,14,0,567,69,365,0,0,0,0,0,0,18,8,8,0,0,0.29299719888,0.134328358209,0.0521961262773,0.496562261268,0.536676336511,0.444444444444,0.777777777778,0.444444444444,0.048,0.524515784658,2.84775283248,0.031746031746,0.0724637681159,0.277777777778,0,-1.34328358209,0.333333333333,0.00821917808219,-0.489686783804,,,,,,,0.769230769231,2.23076923077,0.153846153846
2026,003024,RED,STINT,Brian Tevlin,SSDM,13,125,6,3,1,10,29,2,18,13,5,8,0,14,0,567,69,365,0,0,0,0,0,0,18,8,8,0,0,0.29299719888,0.134328358209,0.0521961262773,0.496562261268,0.536676336511,0.444444444444,0.777777777778,0.444444444444,0.048,0.524515784658,2.84775283248,0.031746031746,0.0724637681159,0.277777777778,0,-1.34328358209,0.333333333333,0.00821917808219,-0.489686783804,,,,,,,0.769230769231,2.23076923077,0.153846153846
2026,003027,ALL,SEASON,Thomas McConvey,M,4,86,1,0,0,2,1,0,12,12,0,3,0,7,0,175,30,102,0,0,0,0,0,0,12,3,3,0,0,0.29299719888,0.134328358209,0.0521961262773,0.496562261268,0.536676336511,0.25,0.583333333333,0.25,0.0116279069767,3.48886685984,-0.515966386555,0.0685714285714,0,0,,,,0,,,,,,,,0.5,0.25,0
2026,003027,WAT,STINT,Thomas McConvey,M,4,86,1,0,0,2,1,0,12,12,0,3,0,7,0,175,30,102,0,0,0,0,0,0,12,3,3,0,0,0.29299719888,0.134328358209,0.0521961262773,0.496562261268,0.536676336511,0.25,0.583333333333,0.25,0.0116279069767,3.48886685984,-0.515966386555,0.0685714285714,0,0,,,,0,,,,,,,,0.5,0.25,0
2026,003029,ALL,SEASON,Chris Fake,D,9,71,5,0,0,7,9,0,1,1,0,0,0,0,0,383,50,240,0,0,0,0,0,0,1,0,0,0,0,0.29299719888,0.134328358209,0.0521961262773,0.496562261268,0.536676336511,0,0,0,0.0704225352113,-1.29407503431,-0.29299719888,0.00261096605744,0,0,,,,0,,,,,,,,0.777777777778,1,0
2026,003029,RED,STINT,Chris Fake,D,9,71,5,0,0,7,9,0,1,1,0,0,0,0,0,383,50,240,0,0,0,0,0,0,1,0,0,0,0,0.29299719888,0.134328358209,0.0521961262773,0.496562261268,0.536676336511,0,0,0,0.0704225352113,-1.29407503431,-0.29299719888,0.00261096605744,0,0,,,,0,,,,,,,,0.777777777778,1,0
2026,003032,ALL,SEASON,Petey LaSalla,FO,10,62,11,239,117,2,59,0,9,9,0,6,0,7,0,420,30,266,0,0,0,0,0,0,9,6,6,0,0,0.29299719888,0.134328358209,0.0521961262773,0.496562261268,0.536676336511,0.666666666667,0.777777777778,0.666666666667,0.177419354839,-7.76384017081,3.36302521008,0.0214285714286,0,0,,,0.489539748954,0.898496240602,-1.67838044309,,,,,,,0.2,5.9,0
2026,003032,WHP,STINT,Petey LaSalla,FO,10,62,11,239,117,2,59,0,9,9,0,6,0,7,0,420,30,266,0,0,0,0,0,0,9,6,6,0,0,0.29299719888,0.134328358209,0.0521961262773,0.496562261268,0.536676336511,0.666666666667,0.777777777778,0.666666666667,0.177419354839,-7.76384017081,3.36302521008,0.0214285714286,0,0,,,0.489539748954,0.898496240602,-1.67838044309,,,,,,,0.2,5.9,0
2026,003039,ALL,SEASON,Chet Comizio,SSDM,1,7,0,1,0,0,0,1,0,0,0,0,0,0,0,38,8,29,0,0,0,0,0,0,0,0,0,0,0,0.29299719888,0.134328358209,0.0521961262773,0.496562261268,0.536676336511,,,,0,0.365372883941,,0,0,,,,0,0.0344827586207,-0.496562261268,,,,,,,0,0,1
2026,003039,ATL,STINT,Chet Comizio,SSDM,1,7,0,1,0,0,0,1,0,0,0,0,0,0,0,38,8,29,0,0,0,0,0,0,0,0,0,0,0,0.29299719888,0.134328358209,0.0521961262773,0.496562261268,0.536676336511,,,,0,0.365372883941,,0,0,,,,0,0.0344827586207,-0.496562261268,,,,,,,0,0,1
2026,003041,ALL,SEASON,Ethan Rall,LSM,13,74,5,0,0,16,50,1,7,3,4,2,0,6,0,561,83,343,0,0,0,0,0,0,7,2,2,0,0,0.29299719888,0.134328358209,0.0521961262773,0.496562261268,0.536676336511,0.285714285714,0.857142857143,0.285714285714,0.0675675675676,-1.13748665548,0.0463815376897,0.0124777183601,0.0481927710843,0.571428571429,0,-1.07462686567,,0,,,,,,,,1.23076923077,3.84615384615,0.0769230769231
2026,003041,CAN,STINT,Ethan Rall,LSM,13,74,5,0,0,16,50,1,7,3,4,2,0,6,0,561,83,343,0,0,0,0,0,0,7,2,2,0,0,0.29299719888,0.134328358209,0.0521961262773,0.496562261268,0.536676336511,0.285714285714,0.857142857143,0.285714285714,0.0675675675676,-1.13748665548,0.0463815376897,0.0124777183601,0.0481927710843,0.571428571429,0,-1.07462686567,,0,,,,,,,,1.23076923077,3.84615384615,0.0769230769231
2026,003044,ALL,SEASON,Tate Gallagher,,1,7,0,0,0,1,1,0,0,0,0,0,0,0,0,43,9,23,0,0,0,0,0,0,0,0,0,0,0,0.29299719888,0.134328358209,0.0521961262773,0.496562261268,0.536676336511,,,,0,0.365372883941,,0,0,,,,,0,,,,,,,,1,1,0
2026,003044,WAT,STINT,Tate Gallagher,,1,7,0,0,0,1,1,0,0,0,0,0,0,0,0,43,9,23,0,0,0,0,0,0,0,0,0,0,0,0.29299719888,0.134328358209,0.0521961262773,0.496562261268,0.536676336511,,,,0,0.365372883941,,0,0,,,,,0,,,,,,,,1,1,0
2026,003048,ALL,SEASON,TJ Malone,A,13,396,15,0,0,2,21,0,82,81,1,24,0,61,2,538,38,339,0,0,0,0,0,0,82,24,24,0,0,0.29299719888,0.134328358209,0.0521961262773,0.496562261268,0.536676336511,0.292682926829,0.743902439024,0.292682926829,0.0378787878788,5.6696660058,-0.00142982566161,0.152416356877,0.0263157894737,0.0121951219512,0,-0.268656716418,,0,,,,,,,,0.153846153846,1.61538461538,0
2026,003048,WHP,STINT,TJ Malone,A,13,396,15,0,0,2,21,0,82,81,1,24,0,61,2,538,38,339,0,0,0,0,0,0,82,24,24,0,0,0.29299719888,0.134328358209,0.0521961262773,0.496562261268,0.536676336511,0.292682926829,0.743902439024,0.292682926829,0.0378787878788,5.6696660058,-0.00142982566161,0.152416356877,0.0263157894737,0.0121951219512,0,-0.268656716418,,0,,,,,,,,0.153846153846,1.61538461538,0
2026,003059,ALL,SEASON,BJ Farrare,LSM,12,49,1,0,0,8,15,1,0,0,0,0,0,0,0,518,66,341,0,0,0,0,0,0,0,0,0,0,0,0.29299719888,0.134328358209,0.0521961262773,0.496562261268,0.536676336511,,,,0.0204081632653,1.55761018759,,0,0,,,,,0,,,,,,,,0.666666666667,1.25,0.0833333333333
2026,003059,RED,STINT,BJ Farrare,LSM,12,49,1,0,0,8,15,1,0,0,0,0,0,0,0,518,66,341,0,0,0,0,0,0,0,0,0,0,0,0.29299719888,0.134328358209,0.0521961262773,0.496562261268,0.536676336511,,,,0.0204081632653,1.55761018759,,0,0,,,,,0,,,,,,,,0.666666666667,1.25,0.0833333333333
2026,003075,ALL,SEASON,Brennan O'Neill,A,12,413,29,0,0,0,13,0,92,80,12,13,3,48,3,477,69,310,0,0,0,0,0,0,92,16,19,0,0,0.29299719888,0.134328358209,0.0521961262773,0.496562261268,0.536676336511,0.173913043478,0.521739130435,0.20652173913,0.0702179176755,-7.44299984749,-7.66365650738,0.1928721174,0.173913043478,0.130434782609,0.25,2.77611940299,,0,,,,,,,,0,1.08333333333,0
2026,003075,OUT,STINT,Brennan O'Neill,A,12,413,29,0,0,0,13,0,92,80,12,13,3,48,3,477,69,310,0,0,0,0,0,0,92,16,19,0,0,0.29299719888,0.134328358209,0.0521961262773,0.496562261268,0.536676336511,0.173913043478,0.521739130435,0.20652173913,0.0702179176755,-7.44299984749,-7.66365650738,0.1928721174,0.173913043478,0.130434782609,0.25,2.77611940299,,0,,,,,,,,0,1.08333333333,0
2026,003076,ALL,SEASON,Connor Shellenberger,A,10,310,15,0,0,1,13,0,32,31,1,9,0,25,3,385,59,267,0,0,0,0,0,0,32,9,9,0,0,0.29299719888,0.134328358209,0.0521961262773,0.496562261268,0.536676336511,0.28125,0.78125,0.28125,0.0483870967742,1.18079914595,-0.351569881684,0.0831168831169,0.0169491525424,0.03125,0,-0.268656716418,,0,,,,,,,,0.1,1.3,0
2026,003076,ATL,STINT,Connor Shellenberger,A,10,310,15,0,0,1,13,0,32,31,1,9,0,25,3,385,59,267,0,0,0,0,0,0,32,9,9,0,0,0.29299719888,0.134328358209,0.0521961262773,0.496562261268,0.536676336511,0.28125,0.78125,0.28125,0.0483870967742,1.18079914595,-0.351569881684,0.0831168831169,0.0169491525424,0.03125,0,-0.268656716418,,0,,,,,,,,0.1,1.3,0
2026,003077,ALL,SEASON,Ajax Zappitello,D,13,130,6,0,0,21,28,1,7,3,4,0,1,4,1,538,38,339,0,0,0,0,0,0,7,1,2,0,0,0.29299719888,0.134328358209,0.0521961262773,0.496562261268,0.536676336511,0.142857142857,0.571428571429,0.285714285714,0.0461538461538,0.785496416044,0.0463815376897,0.0130111524164,0.105263157895,0.571428571429,0.25,0.925373134328,,0,,,,,,,,1.61538461538,2.15384615385,0.0769230769231
2026,003077,WHP,STINT,Ajax Zappitello,D,13,130,6,0,0,21,28,1,7,3,4,0,1,4,1,538,38,339,0,0,0,0,0,0,7,1,2,0,0,0.29299719888,0.134328358209,0.0521961262773,0.496562261268,0.536676336511,0.142857142857,0.571428571429,0.285714285714,0.0461538461538,0.785496416044,0.0463815376897,0.0130111524164,0.105263157895,0.571428571429,0.25,0.925373134328,,0,,,,,,,,1.61538461538,2.15384615385,0.0769230769231
2026,003078,ALL,SEASON,Shane Knobloch,M,12,301,19,1,0,2,8,1,72,63,9,14,0,44,3,466,57,311,0,0,0,0,0,0,72,14,14,0,0,0.29299719888,0.134328358209,0.0521961262773,0.496562261268,0.536676336511,0.194444444444,0.611111111111,0.194444444444,0.063122923588,-3.28896599054,-6.87673397717,0.154506437768,0.157894736842,0.125,0,-2.41791044776,0,0.0032154340836,-0.496562261268,,,,,,,0.166666666667,0.666666666667,0.0833333333333
2026,003078,CHA,STINT,Shane Knobloch,M,12,301,19,1,0,2,8,1,72,63,9,14,0,44,3,466,57,311,0,0,0,0,0,0,72,14,14,0,0,0.29299719888,0.134328358209,0.0521961262773,0.496562261268,0.536676336511,0.194444444444,0.611111111111,0.194444444444,0.063122923588,-3.28896599054,-6.87673397717,0.154506437768,0.157894736842,0.125,0,-2.41791044776,0,0.0032154340836,-0.496562261268,,,,,,,0.166666666667,0.666666666667,0.0833333333333
2026,003079,ALL,SEASON,Liam Entenmann,G,12,203,5,0,0,0,20,0,1,0,1,0,0,0,0,474,77,326,118,21,153,8,15,30,1,0,0,139,300,0.29299719888,0.134328358209,0.0521961262773,0.496562261268,0.536676336511,0,0,0,0.0246305418719,5.59581363428,-0.268656716418,0.00210970464135,0.012987012987,1,0,-0.268656716418,,0,,0.463333333333,0.435424354244,0.724137931034,-22.0029009532,0.952380952381,0.0952380952381,0,1.66666666667,0
2026,003079,ATL,STINT,Liam Entenmann,G,12,203,5,0,0,0,20,0,1,0,1,0,0,0,0,474,77,326,118,21,153,8,15,30,1,0,0,139,300,0.29299719888,0.134328358209,0.0521961262773,0.496562261268,0.536676336511,0,0,0,0.0246305418719,5.59581363428,-0.268656716418,0.00210970464135,0.012987012987,1,0,-0.268656716418,,0,,0.463333333333,0.435424354244,0.724137931034,-22.0029009532,0.952380952381,0.0952380952381,0,1.66666666667,0
2026,003080,ALL,SEASON,Pat Kavanagh,A,7,268,10,0,0,1,8,1,40,34,6,13,1,27,0,256,41,185,0,0,0,0,0,0,40,14,15,0,0,0.29299719888,0.134328358209,0.0521961262773,0.496562261268,0.536676336511,0.35,0.675,0.375,0.0373134328358,3.98856184231,3.42615493959,0.15625,0.146341463415,0.15,0.166666666667,0.388059701493,,0,,,,,,,,0.142857142857,1.14285714286,0.142857142857
2026,003080,OUT,STINT,Pat Kavanagh,A,7,268,10,0,0,1,8,1,40,34,6,13,1,27,0,256,41,185,0,0,0,0,0,0,40,14,15,0,0,0.29299719888,0.134328358209,0.0521961262773,0.496562261268,0.536676336511,0.35,0.675,0.375,0.0373134328358,3.98856184231,3.42615493959,0.15625,0.146341463415,0.15,0.166666666667,0.388059701493,,0,,,,,,,,0.142857142857,1.14285714286,0.142857142857
2026,003081,ALL,SEASON,Matt Brandau,M,12,320,13,0,0,0,11,1,58,55,3,12,0,43,6,504,35,310,0,0,0,0,0,0,58,12,12,0,0,0.29299719888,0.134328358209,0.0521961262773,0.496562261268,0.536676336511,0.206896551724,0.741379310345,0.206896551724,0.040625,3.70276040872,-4.92081608763,0.115079365079,0.0857142857143,0.051724137931,0,-0.805970149254,,0,,,,,,,,0,0.916666666667,0.0833333333333
2026,003081,WHP,STINT,Matt Brandau,M,12,320,13,0,0,0,11,1,58,55,3,12,0,43,6,504,35,310,0,0,0,0,0,0,58,12,12,0,0,0.29299719888,0.134328358209,0.0521961262773,0.496562261268,0.536676336511,0.206896551724,0.741379310345,0.206896551724,0.040625,3.70276040872,-4.92081608763,0.115079365079,0.0857142857143,0.051724137931,0,-0.805970149254,,0,,,,,,,,0,0.916666666667,0.0833333333333
2026,003082,ALL,SEASON,Mason Woodward,D,12,129,4,0,0,10,26,1,15,1,14,0,0,6,2,493,67,288,0,0,0,0,0,0,15,0,0,0,0,0.29299719888,0.134328358209,0.0521961262773,0.496562261268,0.536676336511,0,0.4,0,0.031007751938,2.73330028977,-4.05419122873,0.0304259634888,0.208955223881,0.933333333333,0,-3.76119402985,,0,,,,,,,,0.833333333333,2.16666666667,0.0833333333333
2026,003082,ARC,STINT,Mason Woodward,D,12,129,4,0,0,10,26,1,15,1,14,0,0,6,2,493,67,288,0,0,0,0,0,0,15,0,0,0,0,0.29299719888,0.134328358209,0.0521961262773,0.496562261268,0.536676336511,0,0.4,0,0.031007751938,2.73330028977,-4.05419122873,0.0304259634888,0.208955223881,0.933333333333,0,-3.76119402985,,0,,,,,,,,0.833333333333,2.16666666667,0.0833333333333
2026,003083,ALL,SEASON,Jake Piseno,LSM,13,116,5,0,0,16,39,1,18,6,12,2,2,9,1,507,76,337,0,0,0,0,0,0,18,4,6,0,0,0.29299719888,0.134328358209,0.0521961262773,0.496562261268,0.536676336511,0.222222222222,0.5,0.333333333333,0.0431034482759,1.05475064816,1.01813620971,0.0355029585799,0.157894736842,0.666666666667,0.166666666667,0.776119402985,,0,,,,,,,,1.23076923077,3,0.0769230769231
2026,003083,OUT,STINT,Jake Piseno,LSM,13,116,5,0,0,16,39,1,18,6,12,2,2,9,1,507,76,337,0,0,0,0,0,0,18,4,6,0,0,0.29299719888,0.134328358209,0.0521961262773,0.496562261268,0.536676336511,0.222222222222,0.5,0.333333333333,0.0431034482759,1.05475064816,1.01813620971,0.0355029585799,0.157894736842,0.666666666667,0.166666666667,0.776119402985,,0,,,,,,,,1.23076923077,3,0.0769230769231
2026,003084,ALL,SEASON,Jake Stevens,M,7,77,3,0,0,1,6,1,15,14,1,1,0,9,0,293,51,198,0,0,0,0,0,0,15,1,1,0,0,0.29299719888,0.134328358209,0.0521961262773,0.496562261268,0.536676336511,0.0666666666667,0.6,0.0666666666667,0.038961038961,1.01910172335,-3.37061750073,0.0511945392491,0.0196078431373,0.0666666666667,0,-0.268656716418,,0,,,,,,,,0.142857142857,0.857142857143,0.142857142857
2026,003084,ATL,STINT,Jake Stevens,M,7,77,3,0,0,1,6,1,15,14,1,1,0,9,0,293,51,198,0,0,0,0,0,0,15,1,1,0,0,0.29299719888,0.134328358209,0.0521961262773,0.496562261268,0.536676336511,0.0666666666667,0.6,0.0666666666667,0.038961038961,1.01910172335,-3.37061750073,0.0511945392491,0.0196078431373,0.0666666666667,0,-0.268656716418,,0,,,,,,,,0.142857142857,0.857142857143,0.142857142857
2026,003085,ALL,SEASON,Graham Bundy,M,13,267,8,0,0,0,7,2,43,24,19,5,5,30,2,507,76,337,0,0,0,0,0,0,43,10,15,0,0,0.29299719888,0.134328358209,0.0521961262773,0.496562261268,0.536676336511,0.232558139535,0.697674418605,0.348837209302,0.0299625468165,5.93636571603,2.86358961495,0.0848126232742,0.25,0.441860465116,0.263157894737,4.89552238806,,0,,,,,,,,0,0.538461538462,0.153846153846
2026,003085,OUT,STINT,Graham Bundy,M,13,267,8,0,0,0,7,2,43,24,19,5,5,30,2,507,76,337,0,0,0,0,0,0,43,10,15,0,0,0.29299719888,0.134328358209,0.0521961262773,0.496562261268,0.536676336511,0.232558139535,0.697674418605,0.348837209302,0.0299625468165,5.93636571603,2.86358961495,0.0848126232742,0.25,0.441860465116,0.263157894737,4.89552238806,,0,,,,,,,,0,0.538461538462,0.153846153846
2026,003087,ALL,SEASON,Beau Pederson,SSDM,12,76,7,14,2,7,15,4,6,5,1,4,0,5,0,493,67,288,0,0,0,0,0,0,6,4,4,0,0,0.29299719888,0.134328358209,0.0521961262773,0.496562261268,0.536676336511,0.666666666667,0.833333333333,0.666666666667,0.0921052631579,-3.03309440293,2.26635728918,0.0121703853955,0.0149253731343,0.166666666667,0,-0.268656716418,0.142857142857,0.0486111111111,-4.95187165775,,,,,,,0.583333333333,1.25,0.333333333333
2026,003087,ARC,STINT,Beau Pederson,SSDM,12,76,7,14,2,7,15,4,6,5,1,4,0,5,0,493,67,288,0,0,0,0,0,0,6,4,4,0,0,0.29299719888,0.134328358209,0.0521961262773,0.496562261268,0.536676336511,0.666666666667,0.833333333333,0.666666666667,0.0921052631579,-3.03309440293,2.26635728918,0.0121703853955,0.0149253731343,0.166666666667,0,-0.268656716418,0.142857142857,0.0486111111111,-4.95187165775,,,,,,,0.583333333333,1.25,0.333333333333
2026,003089,ALL,SEASON,Kenny Brower,D,12,64,2,0,0,13,17,7,2,1,1,0,0,1,0,500,69,309,0,0,0,0,0,0,2,0,0,0,0,0.29299719888,0.134328358209,0.0521961262773,0.496562261268,0.536676336511,0,0.5,0,0.03125,1.34055208174,-0.561653915297,0.004,0.0144927536232,0.5,0,-0.268656716418,,0,,,,,,,,1.08333333333,1.41666666667,0.583333333333
2026,003089,WAT,STINT,Kenny Brower,D,12,64,2,0,0,13,17,7,2,1,1,0,0,1,0,500,69,309,0,0,0,0,0,0,2,0,0,0,0,0.29299719888,0.134328358209,0.0521961262773,0.496562261268,0.536676336511,0,0.5,0,0.03125,1.34055208174,-0.561653915297,0.004,0.0144927536232,0.5,0,-0.268656716418,,0,,,,,,,,1.08333333333,1.41666666667,0.583333333333
2026,003090,ALL,SEASON,Dyson Williams,M,1,9,0,0,0,0,1,0,4,4,0,0,0,3,0,33,6,18,0,0,0,0,0,0,4,0,0,0,0,0.29299719888,0.134328358209,0.0521961262773,0.496562261268,0.536676336511,0,0.75,0,0,0.469765136495,-1.17198879552,0.121212121212,0,0,,,,0,,,,,,,,0,1,0
2026,003090,ARC,STINT,Dyson Williams,M,1,9,0,0,0,0,1,0,4,4,0,0,0,3,0,33,6,18,0,0,0,0,0,0,4,0,0,0,0,0.29299719888,0.134328358209,0.0521961262773,0.496562261268,0.536676336511,0,0.75,0,0,0.469765136495,-1.17198879552,0.121212121212,0,0,,,,0,,,,,,,,0,1,0
2026,003091,ALL,SEASON,Garrett Degnon,M,1,17,1,0,0,0,1,0,4,2,2,0,0,2,0,42,4,29,0,0,0,0,0,0,4,0,0,0,0,0.29299719888,0.134328358209,0.0521961262773,0.496562261268,0.536676336511,0,0.5,0,0.0588235294118,-0.112665853287,-1.12330783059,0.0952380952381,0.5,0.5,0,-0.537313432836,,0,,,,,,,,0,1,0
2026,003091,WHP,STINT,Garrett Degnon,M,1,17,1,0,0,0,1,0,4,2,2,0,0,2,0,42,4,29,0,0,0,0,0,0,4,0,0,0,0,0.29299719888,0.134328358209,0.0521961262773,0.496562261268,0.536676336511,0,0.5,0,0.0588235294118,-0.112665853287,-1.12330783059,0.0952380952381,0.5,0.5,0,-0.537313432836,,0,,,,,,,,0,1,0
2026,003093,ALL,SEASON,Ross Scott,M,12,268,18,0,0,1,10,0,40,40,0,17,0,30,1,466,57,311,0,0,0,0,0,0,40,17,17,0,0,0.29299719888,0.134328358209,0.0521961262773,0.496562261268,0.536676336511,0.425,0.75,0.425,0.0671641791045,-4.01143815769,5.28011204482,0.0858369098712,0,0,,,,0,,,,,,,,0.0833333333333,0.833333333333,0
2026,003093,CHA,STINT,Ross Scott,M,12,268,18,0,0,1,10,0,40,40,0,17,0,30,1,466,57,311,0,0,0,0,0,0,40,17,17,0,0,0.29299719888,0.134328358209,0.0521961262773,0.496562261268,0.536676336511,0.425,0.75,0.425,0.0671641791045,-4.01143815769,5.28011204482,0.0858369098712,0,0,,,,0,,,,,,,,0.0833333333333,0.833333333333,0
2026,003094,ALL,SEASON,Levi Anderson,M,9,120,8,0,0,0,9,2,35,32,3,6,2,19,2,342,57,245,0,0,0,0,0,0,35,8,10,0,0,0.29299719888,0.134328358209,0.0521961262773,0.496562261268,0.536676336511,0.228571428571,0.542857142857,0.285714285714,0.0666666666667,-1.73646484673,-0.181880513399,0.102339181287,0.0526315789474,0.0857142857143,0.666666666667,3.19402985075,,0,,,,,,,,0,1,0.222222222222
2026,003094,ATL,STINT,Levi Anderson,M,9,120,8,0,0,0,9,2,35,32,3,6,2,19,2,342,57,245,0,0,0,0,0,0,35,8,10,0,0,0.29299719888,0.134328358209,0.0521961262773,0.496562261268,0.536676336511,0.228571428571,0.542857142857,0.285714285714,0.0666666666667,-1.73646484673,-0.181880513399,0.102339181287,0.0526315789474,0.0857142857143,0.666666666667,3.19402985075,,0,,,,,,,,0,1,0.222222222222
2026,003096,ALL,SEASON,Marcus Hudgins,D,12,49,4,0,0,11,20,1,1,1,0,0,0,1,0,500,69,309,0,0,0,0,0,0,1,0,0,0,0,0.29299719888,0.134328358209,0.0521961262773,0.496562261268,0.536676336511,0,1,0,0.0816326530612,-1.44238981241,-0.29299719888,0.002,0,0,,,,0,,,,,,,,0.916666666667,1.66666666667,0.0833333333333
2026,003096,WAT,STINT,Marcus Hudgins,D,12,49,4,0,0,11,20,1,1,1,0,0,0,1,0,500,69,309,0,0,0,0,0,0,1,0,0,0,0,0.29299719888,0.134328358209,0.0521961262773,0.496562261268,0.536676336511,0,1,0,0.0816326530612,-1.44238981241,-0.29299719888,0.002,0,0,,,,0,,,,,,,,0.916666666667,1.66666666667,0.0833333333333
2026,003098,ALL,SEASON,Luke Wierman,FO,13,108,12,319,162,3,87,1,19,15,4,3,0,9,0,507,76,337,0,0,0,0,0,0,19,3,3,0,0,0.29299719888,0.134328358209,0.0521961262773,0.496562261268,0.536676336511,0.157894736842,0.473684210526,0.157894736842,0.111111111111,-6.36281836206,-2.46958484886,0.0374753451677,0.0526315789474,0.210526315789,0,-1.07462686567,0.507836990596,0.946587537092,3.59663865546,,,,,,,0.230769230769,6.69230769231,0.0769230769231
2026,003098,OUT,STINT,Luke Wierman,FO,13,108,12,319,162,3,87,1,19,15,4,3,0,9,0,507,76,337,0,0,0,0,0,0,19,3,3,0,0,0.29299719888,0.134328358209,0.0521961262773,0.496562261268,0.536676336511,0.157894736842,0.473684210526,0.157894736842,0.111111111111,-6.36281836206,-2.46958484886,0.0374753451677,0.0526315789474,0.210526315789,0,-1.07462686567,0.507836990596,0.946587537092,3.59663865546,,,,,,,0.230769230769,6.69230769231,0.0769230769231
2026,003099,ALL,SEASON,Tyler Carpenter,LSM,12,63,3,0,0,7,26,1,4,2,2,1,0,3,0,474,77,326,0,0,0,0,0,0,4,1,1,0,0,0.29299719888,0.134328358209,0.0521961262773,0.496562261268,0.536676336511,0.25,0.75,0.25,0.047619047619,0.288355955467,-0.123307830595,0.0084388185654,0.025974025974,0.5,0,-0.537313432836,,0,,,,,,,,0.583333333333,2.16666666667,0.0833333333333
2026,003099,ATL,STINT,Tyler Carpenter,LSM,12,63,3,0,0,7,26,1,4,2,2,1,0,3,0,474,77,326,0,0,0,0,0,0,4,1,1,0,0,0.29299719888,0.134328358209,0.0521961262773,0.496562261268,0.536676336511,0.25,0.75,0.25,0.047619047619,0.288355955467,-0.123307830595,0.0084388185654,0.025974025974,0.5,0,-0.537313432836,,0,,,,,,,,0.583333333333,2.16666666667,0.0833333333333
2026,003100,ALL,SEASON,Adam Poitras,M,13,299,5,0,0,2,34,2,54,53,1,24,0,42,0,538,38,339,0,0,0,0,0,0,54,24,24,0,0,0.29299719888,0.134328358209,0.0521961262773,0.496562261268,0.536676336511,0.444444444444,0.777777777778,0.444444444444,0.0167224080268,10.6066417569,8.20249174297,0.100371747212,0.0263157894737,0.0185185185185,0,-0.268656716418,,0,,,,,,,,0.153846153846,2.61538461538,0.153846153846
2026,003100,WHP,STINT,Adam Poitras,M,13,299,5,0,0,2,34,2,54,53,1,24,0,42,0,538,38,339,0,0,0,0,0,0,54,24,24,0,0,0.29299719888,0.134328358209,0.0521961262773,0.496562261268,0.536676336511,0.444444444444,0.777777777778,0.444444444444,0.0167224080268,10.6066417569,8.20249174297,0.100371747212,0.0263157894737,0.0185185185185,0,-0.268656716418,,0,,,,,,,,0.153846153846,2.61538461538,0.153846153846
2026,003101,ALL,SEASON,Dylan Hess,SSDM,1,9,0,0,0,0,3,0,1,1,0,1,0,1,0,41,8,28,0,0,0,0,0,0,1,1,1,0,0,0.29299719888,0.134328358209,0.0521961262773,0.496562261268,0.536676336511,1,1,1,0,0.469765136495,0.70700280112,0.0243902439024,0,0,,,,0,,,,,,,,0,3,0
2026,003101,WAT,STINT,Dylan Hess,SSDM,1,9,0,0,0,0,3,0,1,1,0,1,0,1,0,41,8,28,0,0,0,0,0,0,1,1,1,0,0,0.29299719888,0.134328358209,0.0521961262773,0.496562261268,0.536676336511,1,1,1,0,0.469765136495,0.70700280112,0.0243902439024,0,0,,,,0,,,,,,,,0,3,0
2026,003103,ALL,SEASON,Scott Smith,D,12,66,5,0,0,11,27,5,6,3,3,1,0,3,0,466,57,311,0,0,0,0,0,0,6,1,1,0,0,0.29299719888,0.134328358209,0.0521961262773,0.496562261268,0.536676336511,0.166666666667,0.5,0.166666666667,0.0757575757576,-1.5550556657,-0.684961745892,0.0128755364807,0.0526315789474,0.5,0,-0.805970149254,,0,,,,,,,,0.916666666667,2.25,0.416666666667
2026,003103,CHA,STINT,Scott Smith,D,12,66,5,0,0,11,27,5,6,3,3,1,0,3,0,466,57,311,0,0,0,0,0,0,6,1,1,0,0,0.29299719888,0.134328358209,0.0521961262773,0.496562261268,0.536676336511,0.166666666667,0.5,0.166666666667,0.0757575757576,-1.5550556657,-0.684961745892,0.0128755364807,0.0526315789474,0.5,0,-0.805970149254,,0,,,,,,,,0.916666666667,2.25,0.416666666667
2026,003104,ALL,SEASON,Michael Boehm,A,7,226,10,0,0,1,10,2,27,25,2,5,0,15,0,300,33,174,0,0,0,0,0,0,27,5,5,0,0,0.29299719888,0.134328358209,0.0521961262773,0.496562261268,0.536676336511,0.185185185185,0.555555555556,0.185185185185,0.0442477876106,1.79632453866,-2.86224340482,0.09,0.0606060606061,0.0740740740741,0,-0.537313432836,,0,,,,,,,,0.142857142857,1.42857142857,0.285714285714
2026,003104,RED,STINT,Michael Boehm,A,5,179,10,0,0,0,7,0,22,20,2,5,0,12,0,216,28,130,0,0,0,0,0,0,22,5,5,0,0,0.29299719888,0.134328358209,0.0521961262773,0.496562261268,0.536676336511,0.227272727273,0.545454545455,0.227272727273,0.0558659217877,-0.65689339637,-1.39725741043,0.101851851852,0.0714285714286,0.0909090909091,0,-0.537313432836,,0,,,,,,,,0,1.4,0
2026,003104,WHP,STINT,Michael Boehm,A,2,47,0,0,0,1,3,2,5,5,0,0,0,3,0,84,5,44,0,0,0,0,0,0,5,0,0,0,0,0.29299719888,0.134328358209,0.0521961262773,0.496562261268,0.536676336511,0,0.6,0,0,2.45321793503,-1.4649859944,0.0595238095238,0,0,,,,0,,,,,,,,0.5,1.5,1
2026,003105,ALL,SEASON,Cole Kastner,D,5,31,1,0,0,5,3,0,0,0,0,0,0,0,0,215,29,137,0,0,0,0,0,0,0,0,0,0,0,0.29299719888,0.134328358209,0.0521961262773,0.496562261268,0.536676336511,,,,0.0322580645161,0.618079914595,,0,0,,,,,0,,,,,,,,1,0.6,0
2026,003105,RED,STINT,Cole Kastner,D,5,31,1,0,0,5,3,0,0,0,0,0,0,0,0,215,29,137,0,0,0,0,0,0,0,0,0,0,0,0.29299719888,0.134328358209,0.0521961262773,0.496562261268,0.536676336511,,,,0.0322580645161,0.618079914595,,0,0,,,,,0,,,,,,,,1,0.6,0
2026,003106,ALL,SEASON,Dalton Young,M,13,296,27,0,0,1,11,1,48,48,0,17,0,36,3,507,76,337,0,0,0,0,0,0,48,17,17,0,0,0.29299719888,0.134328358209,0.0521961262773,0.496562261268,0.536676336511,0.354166666667,0.75,0.354166666667,0.0912162162162,-11.5499466219,2.93613445378,0.094674556213,0,0,,,,0,,,,,,,,0.0769230769231,0.846153846154,0.0769230769231
2026,003106,OUT,STINT,Dalton Young,M,13,296,27,0,0,1,11,1,48,48,0,17,0,36,3,507,76,337,0,0,0,0,0,0,48,17,17,0,0,0.29299719888,0.134328358209,0.0521961262773,0.496562261268,0.536676336511,0.354166666667,0.75,0.354166666667,0.0912162162162,-11.5499466219,2.93613445378,0.094674556213,0,0,,,,0,,,,,,,,0.0769230769231,0.846153846154,0.0769230769231
2026,003108,ALL,SEASON,Will Mark,G,2,5,0,0,0,1,3,0,0,0,0,0,0,0,0,89,18,59,7,0,3,0,1,0,0,0,0,7,10,0.29299719888,0.134328358209,0.0521961262773,0.496562261268,0.536676336511,,,,0,0.260980631386,,0,0,,,,,0,,0.7,0.7,,1.63323663489,0.909090909091,0,0.5,1.5,0
2026,003108,ATL,STINT,Will Mark,G,2,5,0,0,0,1,3,0,0,0,0,0,0,0,0,89,18,59,7,0,3,0,1,0,0,0,0,7,10,0.29299719888,0.134328358209,0.0521961262773,0.496562261268,0.536676336511,,,,0,0.260980631386,,0,0,,,,,0,,0.7,0.7,,1.63323663489,0.909090909091,0,0.5,1.5,0
2026,003109,ALL,SEASON,Chris Conlin,D,13,95,5,0,0,14,27,0,0,0,0,0,0,0,0,567,69,365,0,0,0,0,0,0,0,0,0,0,0,0.29299719888,0.134328358209,0.0521961262773,0.496562261268,0.536676336511,,,,0.0526315789474,-0.0413680036602,,0,0,,,,,0,,,,,,,,1.07692307692,2.07692307692,0
2026,003109,RED,STINT,Chris Conlin,D,13,95,5,0,0,14,27,0,0,0,0,0,0,0,0,567,69,365,0,0,0,0,0,0,0,0,0,0,0,0.29299719888,0.134328358209,0.0521961262773,0.496562261268,0.536676336511,,,,0.0526315789474,-0.0413680036602,,0,0,,,,,0,,,,,,,,1.07692307692,2.07692307692,0
2026,003111,ALL,SEASON,AJ Mercurio,D,1,4,1,0,0,1,0,0,0,0,0,0,0,0,0,43,5,28,0,0,0,0,0,0,0,0,0,0,0,0.29299719888,0.134328358209,0.0521961262773,0.496562261268,0.536676336511,,,,0.25,-0.791215494891,,0,0,,,,,0,,,,,,,,1,0,0
2026,003111,WHP,STINT,AJ Mercurio,D,1,4,1,0,0,1,0,0,0,0,0,0,0,0,0,43,5,28,0,0,0,0,0,0,0,0,0,0,0,0.29299719888,0.134328358209,0.0521961262773,0.496562261268,0.536676336511,,,,0.25,-0.791215494891,,0,0,,,,,0,,,,,,,,1,0,0
2026,003119,ALL,SEASON,Alec Stathakis,FO,7,57,5,176,101,0,47,0,9,6,3,1,0,3,0,283,35,183,0,0,0,0,0,0,9,1,1,0,0,0.29299719888,0.134328358209,0.0521961262773,0.496562261268,0.536676336511,0.111111111111,0.333333333333,0.111111111111,0.0877192982456,-2.0248208022,-1.56395334253,0.0318021201413,0.0857142857143,0.333333333333,0,-0.805970149254,0.573863636364,0.96174863388,13.6050420168,,,,,,,0,6.71428571429,0
2026,003119,WAT,STINT,Alec Stathakis,FO,7,57,5,176,101,0,47,0,9,6,3,1,0,3,0,283,35,183,0,0,0,0,0,0,9,1,1,0,0,0.29299719888,0.134328358209,0.0521961262773,0.496562261268,0.536676336511,0.111111111111,0.333333333333,0.111111111111,0.0877192982456,-2.0248208022,-1.56395334253,0.0318021201413,0.0857142857143,0.333333333333,0,-0.805970149254,0.573863636364,0.96174863388,13.6050420168,,,,,,,0,6.71428571429,0
2026,003121,ALL,SEASON,Brayden Mayea,A,3,59,1,0,0,1,8,2,10,10,0,5,0,7,0,129,23,73,0,0,0,0,0,0,10,5,5,0,0,0.29299719888,0.134328358209,0.0521961262773,0.496562261268,0.536676336511,0.5,0.7,0.5,0.0169491525424,2.07957145036,2.0700280112,0.077519379845,0,0,,,,0,,,,,,,,0.333333333333,2.66666666667,0.666666666667
2026,003121,RED,STINT,Brayden Mayea,A,3,59,1,0,0,1,8,2,10,10,0,5,0,7,0,129,23,73,0,0,0,0,0,0,10,5,5,0,0,0.29299719888,0.134328358209,0.0521961262773,0.496562261268,0.536676336511,0.5,0.7,0.5,0.0169491525424,2.07957145036,2.0700280112,0.077519379845,0,0,,,,0,,,,,,,,0.333333333333,2.66666666667,0.666666666667
2026,003125,ALL,SEASON,Matt Knote,G,1,1,0,0,0,0,0,0,0,0,0,0,0,0,0,41,5,23,0,0,0,0,0,0,0,0,0,0,0,0.29299719888,0.134328358209,0.0521961262773,0.496562261268,0.536676336511,,,,0,0.0521961262773,,0,0,,,,,0,,,,,,,,0,0,0
2026,003125,WHP,STINT,Matt Knote,G,1,1,0,0,0,0,0,0,0,0,0,0,0,0,0,41,5,23,0,0,0,0,0,0,0,0,0,0,0,0.29299719888,0.134328358209,0.0521961262773,0.496562261268,0.536676336511,,,,0,0.0521961262773,,0,0,,,,,0,,,,,,,,0,0,0
2026,003128,ALL,SEASON,Jack Posey,D,8,20,4,0,0,7,11,3,2,0,2,0,0,2,0,340,24,202,0,0,0,0,0,0,2,0,0,0,0,0.29299719888,0.134328358209,0.0521961262773,0.496562261268,0.536676336511,0,1,0,0.2,-2.95607747445,-0.537313432836,0.00588235294118,0.0833333333333,1,0,-0.537313432836,,0,,,,,,,,0.875,1.375,0.375
2026,003128,WHP,STINT,Jack Posey,D,8,20,4,0,0,7,11,3,2,0,2,0,0,2,0,340,24,202,0,0,0,0,0,0,2,0,0,0,0,0.29299719888,0.134328358209,0.0521961262773,0.496562261268,0.536676336511,0,1,0,0.2,-2.95607747445,-0.537313432836,0.00588235294118,0.0833333333333,1,0,-0.537313432836,,0,,,,,,,,0.875,1.375,0.375
2026,003145,ALL,SEASON,JC Higginbotham,G,7,52,2,0,0,0,9,0,1,0,1,0,0,0,0,306,43,181,41,13,38,0,9,14,1,0,0,54,92,0.29299719888,0.134328358209,0.0521961262773,0.496562261268,0.536676336511,0,0,0,0.0384615384615,0.714198566418,-0.268656716418,0.00326797385621,0.0232558139535,1,0,-0.268656716418,,0,,0.586956521739,0.518987341772,1,4.62577704103,0.910891089109,0.138613861386,0,1.28571428571,0
2026,003145,CAN,STINT,JC Higginbotham,G,7,52,2,0,0,0,9,0,1,0,1,0,0,0,0,306,43,181,41,13,38,0,9,14,1,0,0,54,92,0.29299719888,0.134328358209,0.0521961262773,0.496562261268,0.536676336511,0,0,0,0.0384615384615,0.714198566418,-0.268656716418,0.00326797385621,0.0232558139535,1,0,-0.268656716418,,0,,0.586956521739,0.518987341772,1,4.62577704103,0.910891089109,0.138613861386,0,1.28571428571,0
2026,003151,ALL,SEASON,Nathan Laliberte,FO,4,21,5,105,48,2,21,2,7,5,2,1,0,2,0,155,25,109,0,0,0,0,0,0,7,1,1,0,0,0.29299719888,0.134328358209,0.0521961262773,0.496562261268,0.536676336511,0.142857142857,0.285714285714,0.142857142857,0.238095238095,-3.90388134818,-1.00229942723,0.0451612903226,0.08,0.285714285714,0,-0.537313432836,0.457142857143,0.963302752294,-4.13903743316,,,,,,,0.5,5.25,0.5
2026,003151,ATL,STINT,Nathan Laliberte,FO,4,21,5,105,48,2,21,2,7,5,2,1,0,2,0,155,25,109,0,0,0,0,0,0,7,1,1,0,0,0.29299719888,0.134328358209,0.0521961262773,0.496562261268,0.536676336511,0.142857142857,0.285714285714,0.142857142857,0.238095238095,-3.90388134818,-1.00229942723,0.0451612903226,0.08,0.285714285714,0,-0.537313432836,0.457142857143,0.963302752294,-4.13903743316,,,,,,,0.5,5.25,0.5
2026,003152,ALL,SEASON,James Shipley,SSDM,2,21,2,2,0,1,3,0,0,0,0,0,0,0,0,89,7,59,0,0,0,0,0,0,0,0,0,0,0,0.29299719888,0.134328358209,0.0521961262773,0.496562261268,0.536676336511,,,,0.0952380952381,-0.903881348178,,0,0,,,,0,0.0338983050847,-0.993124522536,,,,,,,0.5,1.5,0
2026,003152,WHP,STINT,James Shipley,SSDM,2,21,2,2,0,1,3,0,0,0,0,0,0,0,0,89,7,59,0,0,0,0,0,0,0,0,0,0,0,0.29299719888,0.134328358209,0.0521961262773,0.496562261268,0.536676336511,,,,0.0952380952381,-0.903881348178,,0,0,,,,0,0.0338983050847,-0.993124522536,,,,,,,0.5,1.5,0
2026,003153,ALL,SEASON,Richie Connell,A,5,84,6,0,0,0,2,0,19,19,0,5,0,8,1,211,15,143,0,0,0,0,0,0,19,5,5,0,0,0.29299719888,0.134328358209,0.0521961262773,0.496562261268,0.536676336511,0.263157894737,0.421052631579,0.263157894737,0.0714285714286,-1.61552539271,-0.566946778711,0.0900473933649,0,0,,,,0,,,,,,,,0,0.4,0
2026,003153,WHP,STINT,Richie Connell,A,5,84,6,0,0,0,2,0,19,19,0,5,0,8,1,211,15,143,0,0,0,0,0,0,19,5,5,0,0,0.29299719888,0.134328358209,0.0521961262773,0.496562261268,0.536676336511,0.263157894737,0.421052631579,0.263157894737,0.0714285714286,-1.61552539271,-0.566946778711,0.0900473933649,0,0,,,,0,,,,,,,,0,0.4,0
2026,003156,ALL,SEASON,Aidan Danenza,M,13,324,13,0,0,5,12,1,56,47,9,8,0,37,1,567,69,365,0,0,0,0,0,0,56,8,8,0,0,0.29299719888,0.134328358209,0.0521961262773,0.496562261268,0.536676336511,0.142857142857,0.660714285714,0.142857142857,0.0401234567901,3.91154491383,-8.1887787951,0.0987654320988,0.130434782609,0.160714285714,0,-2.41791044776,,0,,,,,,,,0.384615384615,0.923076923077,0.0769230769231
2026,003156,RED,STINT,Aidan Danenza,M,13,324,13,0,0,5,12,1,56,47,9,8,0,37,1,567,69,365,0,0,0,0,0,0,56,8,8,0,0,0.29299719888,0.134328358209,0.0521961262773,0.496562261268,0.536676336511,0.142857142857,0.660714285714,0.142857142857,0.0401234567901,3.91154491383,-8.1887787951,0.0987654320988,0.130434782609,0.160714285714,0,-2.41791044776,,0,,,,,,,,0.384615384615,0.923076923077,0.0769230769231
2026,003157,ALL,SEASON,Graydon Hogg,M,12,231,5,0,0,0,10,1,42,42,0,11,0,28,3,517,72,314,0,0,0,0,0,0,42,11,11,0,0,0.29299719888,0.134328358209,0.0521961262773,0.496562261268,0.536676336511,0.261904761905,0.666666666667,0.261904761905,0.021645021645,7.05730517005,-1.30588235294,0.0812379110251,0,0,,,,0,,,,,,,,0,0.833333333333,0.0833333333333
2026,003157,CAN,STINT,Graydon Hogg,M,12,231,5,0,0,0,10,1,42,42,0,11,0,28,3,517,72,314,0,0,0,0,0,0,42,11,11,0,0,0.29299719888,0.134328358209,0.0521961262773,0.496562261268,0.536676336511,0.261904761905,0.666666666667,0.261904761905,0.021645021645,7.05730517005,-1.30588235294,0.0812379110251,0,0,,,,0,,,,,,,,0,0.833333333333,0.0833333333333
2026,003159,ALL,SEASON,CJ Kirst,A,10,351,14,0,0,4,16,1,84,83,1,34,0,60,5,416,52,258,0,0,0,0,0,0,84,34,34,0,0,0.29299719888,0.134328358209,0.0521961262773,0.496562261268,0.536676336511,0.404761904762,0.714285714286,0.404761904762,0.039886039886,4.32084032332,9.41257577658,0.201923076923,0.0192307692308,0.0119047619048,0,-0.268656716418,,0,,,,,,,,0.4,1.6,0.1
2026,003159,WAT,STINT,CJ Kirst,A,10,351,14,0,0,4,16,1,84,83,1,34,0,60,5,416,52,258,0,0,0,0,0,0,84,34,34,0,0,0.29299719888,0.134328358209,0.0521961262773,0.496562261268,0.536676336511,0.404761904762,0.714285714286,0.404761904762,0.039886039886,4.32084032332,9.41257577658,0.201923076923,0.0192307692308,0.0119047619048,0,-0.268656716418,,0,,,,,,,,0.4,1.6,0.1
2026,003160,ALL,SEASON,Andrew McAdorey,M,13,395,14,6,1,0,17,1,63,55,8,16,1,32,0,567,69,365,0,0,0,0,0,0,63,17,18,0,0,0.29299719888,0.134328358209,0.0521961262773,0.496562261268,0.536676336511,0.269841269841,0.507936507937,0.285714285714,0.0354430379747,6.61746987952,-0.264099669719,0.111111111111,0.115942028986,0.126984126984,0.125,-0.149253731343,0.166666666667,0.0164383561644,-1.97937356761,,,,,,,0,1.30769230769,0.0769230769231
2026,003160,RED,STINT,Andrew McAdorey,M,13,395,14,6,1,0,17,1,63,55,8,16,1,32,0,567,69,365,0,0,0,0,0,0,63,17,18,0,0,0.29299719888,0.134328358209,0.0521961262773,0.496562261268,0.536676336511,0.269841269841,0.507936507937,0.285714285714,0.0354430379747,6.61746987952,-0.264099669719,0.111111111111,0.115942028986,0.126984126984,0.125,-0.149253731343,0.166666666667,0.0164383561644,-1.97937356761,,,,,,,0,1.30769230769,0.0769230769231
2026,003161,ALL,SEASON,Sam English,M,11,190,15,2,0,2,30,0,43,41,2,11,0,27,0,480,53,324,0,0,0,0,0,0,43,11,11,0,0,0.29299719888,0.134328358209,0.0521961262773,0.496562261268,0.536676336511,0.255813953488,0.627906976744,0.255813953488,0.0789473684211,-5.08273600732,-1.5501985869,0.0895833333333,0.0377358490566,0.046511627907,0,-0.537313432836,0,0.00617283950617,-0.993124522536,,,,,,,0.181818181818,2.72727272727,0
2026,003161,RED,STINT,Sam English,M,11,190,15,2,0,2,30,0,43,41,2,11,0,27,0,480,53,324,0,0,0,0,0,0,43,11,11,0,0,0.29299719888,0.134328358209,0.0521961262773,0.496562261268,0.536676336511,0.255813953488,0.627906976744,0.255813953488,0.0789473684211,-5.08273600732,-1.5501985869,0.0895833333333,0.0377358490566,0.046511627907,0,-0.537313432836,0,0.00617283950617,-0.993124522536,,,,,,,0.181818181818,2.72727272727,0
2026,003162,ALL,SEASON,Coulter Mackesy,A,13,524,18,0,0,3,25,4,96,84,12,19,3,62,3,561,83,343,0,0,0,0,0,0,96,22,25,0,0,0.29299719888,0.134328358209,0.0521961262773,0.496562261268,0.536676336511,0.229166666667,0.645833333333,0.260416666667,0.0343511450382,9.35077016928,-2.8356453029,0.171122994652,0.144578313253,0.125,0.25,2.77611940299,,0,,,,,,,,0.230769230769,1.92307692308,0.307692307692
2026,003162,CAN,STINT,Coulter Mackesy,A,13,524,18,0,0,3,25,4,96,84,12,19,3,62,3,561,83,343,0,0,0,0,0,0,96,22,25,0,0,0.29299719888,0.134328358209,0.0521961262773,0.496562261268,0.536676336511,0.229166666667,0.645833333333,0.260416666667,0.0343511450382,9.35077016928,-2.8356453029,0.171122994652,0.144578313253,0.125,0.25,2.77611940299,,0,,,,,,,,0.230769230769,1.92307692308,0.307692307692
2026,003163,ALL,SEASON,Brendan Lavelle,D,12,73,4,0,0,15,33,3,2,0,2,0,0,1,0,493,67,288,0,0,0,0,0,0,2,0,0,0,0,0.29299719888,0.134328358209,0.0521961262773,0.496562261268,0.536676336511,0,0.5,0,0.0547945205479,-0.18968278176,-0.537313432836,0.00405679513185,0.0298507462687,1,0,-0.537313432836,,0,,,,,,,,1.25,2.75,0.25
2026,003163,ARC,STINT,Brendan Lavelle,D,12,73,4,0,0,15,33,3,2,0,2,0,0,1,0,493,67,288,0,0,0,0,0,0,2,0,0,0,0,0.29299719888,0.134328358209,0.0521961262773,0.496562261268,0.536676336511,0,0.5,0,0.0547945205479,-0.18968278176,-0.537313432836,0.00405679513185,0.0298507462687,1,0,-0.537313432836,,0,,,,,,,,1.25,2.75,0.25
2026,003164,ALL,SEASON,Matt Traynor,M,11,262,24,0,0,1,11,1,70,67,3,20,0,50,4,424,72,300,0,0,0,0,0,0,70,20,20,0,0,0.29299719888,0.134328358209,0.0521961262773,0.496562261268,0.536676336511,0.285714285714,0.714285714286,0.285714285714,0.0916030534351,-10.3246149154,-0.436782474184,0.165094339623,0.0416666666667,0.0428571428571,0,-0.805970149254,,0,,,,,,,,0.0909090909091,1,0.0909090909091
2026,003164,ATL,STINT,Matt Traynor,M,11,262,24,0,0,1,11,1,70,67,3,20,0,50,4,424,72,300,0,0,0,0,0,0,70,20,20,0,0,0.29299719888,0.134328358209,0.0521961262773,0.496562261268,0.536676336511,0.285714285714,0.714285714286,0.285714285714,0.0916030534351,-10.3246149154,-0.436782474184,0.165094339623,0.0416666666667,0.0428571428571,0,-0.805970149254,,0,,,,,,,,0.0909090909091,1,0.0909090909091
2026,003165,ALL,SEASON,Aidan Carroll,M,13,412,15,0,0,1,11,0,81,75,6,29,0,50,3,538,38,339,0,0,0,0,0,0,81,29,29,0,0,0.29299719888,0.134328358209,0.0521961262773,0.496562261268,0.536676336511,0.358024691358,0.617283950617,0.358024691358,0.0364077669903,6.50480402623,5.41326978553,0.150557620818,0.157894736842,0.0740740740741,0,-1.61194029851,,0,,,,,,,,0.0769230769231,0.846153846154,0
2026,003165,WHP,STINT,Aidan Carroll,M,13,412,15,0,0,1,11,0,81,75,6,29,0,50,3,538,38,339,0,0,0,0,0,0,81,29,29,0,0,0.29299719888,0.134328358209,0.0521961262773,0.496562261268,0.536676336511,0.358024691358,0.617283950617,0.358024691358,0.0364077669903,6.50480402623,5.41326978553,0.150557620818,0.157894736842,0.0740740740741,0,-1.61194029851,,0,,,,,,,,0.0769230769231,0.846153846154,0
2026,003166,ALL,SEASON,Owen Hiltz,A,10,251,13,0,0,2,11,1,49,48,1,12,0,25,0,386,46,257,0,0,0,0,0,0,49,12,12,0,0,0.29299719888,0.134328358209,0.0521961262773,0.496562261268,0.536676336511,0.244897959184,0.510204081633,0.244897959184,0.0517928286853,0.101227695592,-2.33252226264,0.126943005181,0.0217391304348,0.0204081632653,0,-0.268656716418,,0,,,,,,,,0.2,1.1,0.1
2026,003166,CHA,STINT,Owen Hiltz,A,10,251,13,0,0,2,11,1,49,48,1,12,0,25,0,386,46,257,0,0,0,0,0,0,49,12,12,0,0,0.29299719888,0.134328358209,0.0521961262773,0.496562261268,0.536676336511,0.244897959184,0.510204081633,0.244897959184,0.0517928286853,0.101227695592,-2.33252226264,0.126943005181,0.0217391304348,0.0204081632653,0,-0.268656716418,,0,,,,,,,,0.2,1.1,0.1
2026,003167,ALL,SEASON,Jake Taylor,A,5,67,4,0,0,1,8,0,21,21,0,8,0,14,1,195,35,136,0,0,0,0,0,0,21,8,8,0,0,0.29299719888,0.134328358209,0.0521961262773,0.496562261268,0.536676336511,0.380952380952,0.666666666667,0.380952380952,0.0597014925373,-0.502859539424,1.84705882353,0.107692307692,0,0,,,,0,,,,,,,,0.2,1.6,0
2026,003167,OUT,STINT,Jake Taylor,A,3,41,4,0,0,0,3,0,13,13,0,6,0,9,1,111,18,85,0,0,0,0,0,0,13,6,6,0,0,0.29299719888,0.134328358209,0.0521961262773,0.496562261268,0.536676336511,0.461538461538,0.692307692308,0.461538461538,0.0975609756098,-1.85995882263,2.19103641457,0.117117117117,0,0,,,,0,,,,,,,,0,1,0
2026,003167,WAT,STINT,Jake Taylor,A,2,26,0,0,0,1,5,0,8,8,0,2,0,5,0,84,17,51,0,0,0,0,0,0,8,2,2,0,0,0.29299719888,0.134328358209,0.0521961262773,0.496562261268,0.536676336511,0.25,0.625,0.25,0,1.35709928321,-0.343977591036,0.0952380952381,0,0,,,,0,,,,,,,,0.5,2.5,0
2026,003168,ALL,SEASON,Chris Kavanagh,A,11,390,17,0,0,2,13,2,77,67,10,24,1,56,4,480,53,324,0,0,0,0,0,0,77,25,26,0,0,0.29299719888,0.134328358209,0.0521961262773,0.496562261268,0.536676336511,0.324675324675,0.727272727273,0.337662337662,0.0435897435897,3.35648924813,3.68262051089,0.160416666667,0.188679245283,0.12987012987,0.1,-0.686567164179,,0,,,,,,,,0.181818181818,1.18181818182,0.181818181818
2026,003168,RED,STINT,Chris Kavanagh,A,11,390,17,0,0,2,13,2,77,67,10,24,1,56,4,480,53,324,0,0,0,0,0,0,77,25,26,0,0,0.29299719888,0.134328358209,0.0521961262773,0.496562261268,0.536676336511,0.324675324675,0.727272727273,0.337662337662,0.0435897435897,3.35648924813,3.68262051089,0.160416666667,0.188679245283,0.12987012987,0.1,-0.686567164179,,0,,,,,,,,0.181818181818,1.18181818182,0.181818181818
2026,003169,ALL,SEASON,Logan McNaney,G,12,199,6,0,0,6,25,0,2,0,2,0,0,2,0,471,71,313,101,21,116,8,16,30,2,0,0,122,246,0.29299719888,0.134328358209,0.0521961262773,0.496562261268,0.536676336511,0,1,0,0.0301507537688,4.38702912917,-0.537313432836,0.00424628450106,0.0281690140845,1,0,-0.537313432836,,0,,0.49593495935,0.465437788018,0.724137931034,-10.0223787816,0.93893129771,0.114503816794,0.5,2.08333333333,0
2026,003169,OUT,STINT,Logan McNaney,G,12,199,6,0,0,6,25,0,2,0,2,0,0,2,0,471,71,313,101,21,116,8,16,30,2,0,0,122,246,0.29299719888,0.134328358209,0.0521961262773,0.496562261268,0.536676336511,0,1,0,0.0301507537688,4.38702912917,-0.537313432836,0.00424628450106,0.0281690140845,1,0,-0.537313432836,,0,,0.49593495935,0.465437788018,0.724137931034,-10.0223787816,0.93893129771,0.114503816794,0.5,2.08333333333,0
2026,003170,ALL,SEASON,Mic Kelly,M,11,306,9,0,0,3,7,3,59,52,7,10,1,40,3,471,74,295,0,0,0,0,0,0,59,11,12,0,0,0.29299719888,0.134328358209,0.0521961262773,0.496562261268,0.536676336511,0.186440677966,0.677966101695,0.203389830508,0.0294117647059,6.97201464084,-5.11645135666,0.125265392781,0.0945945945946,0.118644067797,0.142857142857,0.119402985075,,0,,,,,,,,0.272727272727,0.636363636364,0.272727272727
2026,003170,CAN,STINT,Mic Kelly,M,11,306,9,0,0,3,7,3,59,52,7,10,1,40,3,471,74,295,0,0,0,0,0,0,59,11,12,0,0,0.29299719888,0.134328358209,0.0521961262773,0.496562261268,0.536676336511,0.186440677966,0.677966101695,0.203389830508,0.0294117647059,6.97201464084,-5.11645135666,0.125265392781,0.0945945945946,0.118644067797,0.142857142857,0.119402985075,,0,,,,,,,,0.272727272727,0.636363636364,0.272727272727
2026,003172,ALL,SEASON,Max Krevsky,SSDM,9,73,4,9,0,8,13,3,14,12,2,1,0,5,1,366,60,241,0,0,0,0,0,0,14,1,1,0,0,0.29299719888,0.134328358209,0.0521961262773,0.496562261268,0.536676336511,0.0714285714286,0.357142857143,0.0714285714286,0.0547945205479,-0.18968278176,-3.05327981939,0.0382513661202,0.0333333333333,0.142857142857,0,-0.537313432836,0,0.0373443983402,-4.46906035141,,,,,,,0.888888888889,1.44444444444,0.333333333333
2026,003172,ATL,STINT,Max Krevsky,SSDM,9,73,4,9,0,8,13,3,14,12,2,1,0,5,1,366,60,241,0,0,0,0,0,0,14,1,1,0,0,0.29299719888,0.134328358209,0.0521961262773,0.496562261268,0.536676336511,0.0714285714286,0.357142857143,0.0714285714286,0.0547945205479,-0.18968278176,-3.05327981939,0.0382513661202,0.0333333333333,0.142857142857,0,-0.537313432836,0,0.0373443983402,-4.46906035141,,,,,,,0.888888888889,1.44444444444,0.333333333333
2026,003173,ALL,SEASON,Jack McDonald,LSM,10,34,1,0,0,5,10,2,2,2,0,0,0,2,0,400,28,261,0,0,0,0,0,0,2,0,0,0,0,0.29299719888,0.134328358209,0.0521961262773,0.496562261268,0.536676336511,0,1,0,0.0294117647059,0.774668293427,-0.585994397759,0.005,0,0,,,,0,,,,,,,,0.5,1,0.2
2026,003173,WHP,STINT,Jack McDonald,LSM,10,34,1,0,0,5,10,2,2,2,0,0,0,2,0,400,28,261,0,0,0,0,0,0,2,0,0,0,0,0.29299719888,0.134328358209,0.0521961262773,0.496562261268,0.536676336511,0,1,0,0.0294117647059,0.774668293427,-0.585994397759,0.005,0,0,,,,0,,,,,,,,0.5,1,0.2
2026,003174,ALL,SEASON,Sam King,M,12,399,24,0,0,1,22,2,78,77,1,23,0,44,2,493,67,288,0,0,0,0,0,0,78,23,23,0,0,0.29299719888,0.134328358209,0.0521961262773,0.496562261268,0.536676336511,0.294871794872,0.564102564103,0.294871794872,0.0601503759398,-3.17374561537,0.170558969857,0.158215010142,0.0149253731343,0.0128205128205,0,-0.268656716418,,0,,,,,,,,0.0833333333333,1.83333333333,0.166666666667
2026,003174,ARC,STINT,Sam King,M,12,399,24,0,0,1,22,2,78,77,1,23,0,44,2,493,67,288,0,0,0,0,0,0,78,23,23,0,0,0.29299719888,0.134328358209,0.0521961262773,0.496562261268,0.536676336511,0.294871794872,0.564102564103,0.294871794872,0.0601503759398,-3.17374561537,0.170558969857,0.158215010142,0.0149253731343,0.0128205128205,0,-0.268656716418,,0,,,,,,,,0.0833333333333,1.83333333333,0.166666666667
2026,003176,ALL,SEASON,Emmet Carroll,G,13,251,5,0,0,2,26,0,2,0,2,0,0,0,0,538,38,339,146,28,126,9,23,38,2,0,0,174,309,0.29299719888,0.134328358209,0.0521961262773,0.496562261268,0.536676336511,0,0,0,0.0199203187251,8.10122769559,-0.537313432836,0.00371747211896,0.0526315789474,1,0,-0.537313432836,,0,,0.563106796117,0.536764705882,0.756756756757,8.16701201823,0.930722891566,0.114457831325,0.153846153846,2,0
2026,003176,WHP,STINT,Emmet Carroll,G,13,251,5,0,0,2,26,0,2,0,2,0,0,0,0,538,38,339,146,28,126,9,23,38,2,0,0,174,309,0.29299719888,0.134328358209,0.0521961262773,0.496562261268,0.536676336511,0,0,0,0.0199203187251,8.10122769559,-0.537313432836,0.00371747211896,0.0526315789474,1,0,-0.537313432836,,0,,0.563106796117,0.536764705882,0.756756756757,8.16701201823,0.930722891566,0.114457831325,0.153846153846,2,0
2026,003177,ALL,SEASON,Mitchell Dunham,D,12,53,1,0,0,12,27,5,1,0,1,0,0,0,0,493,67,288,0,0,0,0,0,0,1,0,0,0,0,0.29299719888,0.134328358209,0.0521961262773,0.496562261268,0.536676336511,0,0,0,0.0188679245283,1.76639469269,-0.268656716418,0.00202839756592,0.0149253731343,1,0,-0.268656716418,,0,,,,,,,,1,2.25,0.416666666667
2026,003177,ARC,STINT,Mitchell Dunham,D,12,53,1,0,0,12,27,5,1,0,1,0,0,0,0,493,67,288,0,0,0,0,0,0,1,0,0,0,0,0.29299719888,0.134328358209,0.0521961262773,0.496562261268,0.536676336511,0,0,0,0.0188679245283,1.76639469269,-0.268656716418,0.00202839756592,0.0149253731343,1,0,-0.268656716418,,0,,,,,,,,1,2.25,0.416666666667
2026,003179,ALL,SEASON,Ben Wayer,LSM,3,23,1,0,0,2,5,1,5,0,5,0,0,2,0,130,24,80,0,0,0,0,0,0,5,0,0,0,0,0.29299719888,0.134328358209,0.0521961262773,0.496562261268,0.536676336511,0,0.4,0,0.0434782608696,0.200510904377,-1.34328358209,0.0384615384615,0.208333333333,1,0,-1.34328358209,,0,,,,,,,,0.666666666667,1.66666666667,0.333333333333
2026,003179,WAT,STINT,Ben Wayer,LSM,3,23,1,0,0,2,5,1,5,0,5,0,0,2,0,130,24,80,0,0,0,0,0,0,5,0,0,0,0,0.29299719888,0.134328358209,0.0521961262773,0.496562261268,0.536676336511,0,0.4,0,0.0434782608696,0.200510904377,-1.34328358209,0.0384615384615,0.208333333333,1,0,-1.34328358209,,0,,,,,,,,0.666666666667,1.66666666667,0.333333333333
2026,003180,ALL,SEASON,Christian Mazur,SSDM,2,18,0,1,0,0,1,1,3,3,0,2,0,2,0,84,5,44,0,0,0,0,0,0,3,2,2,0,0,0.29299719888,0.134328358209,0.0521961262773,0.496562261268,0.536676336511,0.666666666667,0.666666666667,0.666666666667,0,0.939530272991,1.12100840336,0.0357142857143,0,0,,,0,0.0227272727273,-0.496562261268,,,,,,,0,0.5,0.5
2026,003180,WHP,STINT,Christian Mazur,SSDM,2,18,0,1,0,0,1,1,3,3,0,2,0,2,0,84,5,44,0,0,0,0,0,0,3,2,2,0,0,0.29299719888,0.134328358209,0.0521961262773,0.496562261268,0.536676336511,0.666666666667,0.666666666667,0.666666666667,0,0.939530272991,1.12100840336,0.0357142857143,0,0,,,0,0.0227272727273,-0.496562261268,,,,,,,0,0.5,0.5
2026,003181,ALL,SEASON,Jimmy Freehill,D,12,56,4,0,0,6,12,4,12,0,12,0,2,7,0,500,69,309,0,0,0,0,0,0,12,2,4,0,0,0.29299719888,0.134328358209,0.0521961262773,0.496562261268,0.536676336511,0.166666666667,0.583333333333,0.333333333333,0.0714285714286,-1.07701692847,0.776119402985,0.024,0.173913043478,1,0.166666666667,0.776119402985,,0,,,,,,,,0.5,1,0.333333333333
2026,003181,WAT,STINT,Jimmy Freehill,D,12,56,4,0,0,6,12,4,12,0,12,0,2,7,0,500,69,309,0,0,0,0,0,0,12,2,4,0,0,0.29299719888,0.134328358209,0.0521961262773,0.496562261268,0.536676336511,0.166666666667,0.583333333333,0.333333333333,0.0714285714286,-1.07701692847,0.776119402985,0.024,0.173913043478,1,0.166666666667,0.776119402985,,0,,,,,,,,0.5,1,0.333333333333
2026,003182,ALL,SEASON,Kevin Parnham,D,4,37,0,0,0,3,5,1,1,0,1,0,0,0,0,129,25,100,0,0,0,0,0,0,1,0,0,0,0,0.29299719888,0.134328358209,0.0521961262773,0.496562261268,0.536676336511,0,0,0,0,1.93125667226,-0.268656716418,0.0077519379845,0.04,1,0,-0.268656716418,,0,,,,,,,,0.75,1.25,0.25
2026,003182,OUT,STINT,Kevin Parnham,D,4,37,0,0,0,3,5,1,1,0,1,0,0,0,0,129,25,100,0,0,0,0,0,0,1,0,0,0,0,0.29299719888,0.134328358209,0.0521961262773,0.496562261268,0.536676336511,0,0,0,0,1.93125667226,-0.268656716418,0.0077519379845,0.04,1,0,-0.268656716418,,0,,,,,,,,0.75,1.25,0.25
2026,003183,ALL,SEASON,Jack Gray,SSDM,11,30,4,7,1,3,6,8,2,2,0,0,0,1,0,428,63,281,0,0,0,0,0,0,2,0,0,0,0,0.29299719888,0.134328358209,0.0521961262773,0.496562261268,0.536676336511,0,0.5,0,0.133333333333,-2.43411621168,-0.585994397759,0.00467289719626,0,0,,,0.142857142857,0.0249110320285,-2.47593582888,,,,,,,0.272727272727,0.545454545455,0.727272727273
2026,003183,OUT,STINT,Jack Gray,SSDM,11,30,4,7,1,3,6,8,2,2,0,0,0,1,0,428,63,281,0,0,0,0,0,0,2,0,0,0,0,0.29299719888,0.134328358209,0.0521961262773,0.496562261268,0.536676336511,0,0.5,0,0.133333333333,-2.43411621168,-0.585994397759,0.00467289719626,0,0,,,0.142857142857,0.0249110320285,-2.47593582888,,,,,,,0.272727272727,0.545454545455,0.727272727273
2026,003184,ALL,SEASON,Ben Ramsey,SSDM,13,107,6,0,0,4,20,3,6,4,2,1,0,5,0,561,83,343,0,0,0,0,0,0,6,1,1,0,0,0.29299719888,0.134328358209,0.0521961262773,0.496562261268,0.536676336511,0.166666666667,0.833333333333,0.166666666667,0.0560747663551,-0.415014488333,-0.709302228354,0.0106951871658,0.0240963855422,0.333333333333,0,-0.537313432836,,0,,,,,,,,0.307692307692,1.53846153846,0.230769230769
2026,003184,CAN,STINT,Ben Ramsey,SSDM,13,107,6,0,0,4,20,3,6,4,2,1,0,5,0,561,83,343,0,0,0,0,0,0,6,1,1,0,0,0.29299719888,0.134328358209,0.0521961262773,0.496562261268,0.536676336511,0.166666666667,0.833333333333,0.166666666667,0.0560747663551,-0.415014488333,-0.709302228354,0.0106951871658,0.0240963855422,0.333333333333,0,-0.537313432836,,0,,,,,,,,0.307692307692,1.53846153846,0.230769230769
2026,003185,ALL,SEASON,Carter Rice,SSDM,11,56,3,0,0,2,6,0,0,0,0,0,0,0,0,483,58,304,0,0,0,0,0,0,0,0,0,0,0,0.29299719888,0.134328358209,0.0521961262773,0.496562261268,0.536676336511,,,,0.0535714285714,-0.0770169284734,,0,0,,,,,0,,,,,,,,0.181818181818,0.545454545455,0
2026,003185,RED,STINT,Carter Rice,SSDM,11,56,3,0,0,2,6,0,0,0,0,0,0,0,0,483,58,304,0,0,0,0,0,0,0,0,0,0,0,0.29299719888,0.134328358209,0.0521961262773,0.496562261268,0.536676336511,,,,0.0535714285714,-0.0770169284734,,0,0,,,,,0,,,,,,,,0.181818181818,0.545454545455,0
2026,003186,ALL,SEASON,Hugh Kelleher,M,10,169,8,0,0,1,12,1,41,33,8,10,1,30,2,394,64,275,0,0,0,0,0,0,41,11,12,0,0,0.29299719888,0.134328358209,0.0521961262773,0.496562261268,0.536676336511,0.268292682927,0.731707317073,0.292682926829,0.0473372781065,0.821145340857,0.181838705632,0.104060913706,0.125,0.19512195122,0.125,-0.149253731343,,0,,,,,,,,0.1,1.2,0.1
2026,003186,ATL,STINT,Hugh Kelleher,M,10,169,8,0,0,1,12,1,41,33,8,10,1,30,2,394,64,275,0,0,0,0,0,0,41,11,12,0,0,0.29299719888,0.134328358209,0.0521961262773,0.496562261268,0.536676336511,0.268292682927,0.731707317073,0.292682926829,0.0473372781065,0.821145340857,0.181838705632,0.104060913706,0.125,0.19512195122,0.125,-0.149253731343,,0,,,,,,,,0.1,1.2,0.1
2026,003188,ALL,SEASON,Bryce Ford,M,1,18,2,0,0,0,0,0,3,3,0,0,0,0,0,37,4,20,0,0,0,0,0,0,3,0,0,0,0,0.29299719888,0.134328358209,0.0521961262773,0.496562261268,0.536676336511,0,0,0,0.111111111111,-1.06046972701,-0.878991596639,0.0810810810811,0,0,,,,0,,,,,,,,0,0,0
2026,003188,ARC,STINT,Bryce Ford,M,1,18,2,0,0,0,0,0,3,3,0,0,0,0,0,37,4,20,0,0,0,0,0,0,3,0,0,0,0,0.29299719888,0.134328358209,0.0521961262773,0.496562261268,0.536676336511,0,0,0,0.111111111111,-1.06046972701,-0.878991596639,0.0810810810811,0,0,,,,0,,,,,,,,0,0,0
2026,003192,ALL,SEASON,Jackson Eicher,A,12,250,17,0,0,2,12,1,64,51,13,15,0,35,1,466,57,311,0,0,0,0,0,0,64,15,15,0,0,0.29299719888,0.134328358209,0.0521961262773,0.496562261268,0.536676336511,0.234375,0.546875,0.234375,0.068,-3.95096843068,-3.43539445629,0.137339055794,0.228070175439,0.203125,0,-3.49253731343,,0,,,,,,,,0.166666666667,1,0.0833333333333
2026,003192,CHA,STINT,Jackson Eicher,A,12,250,17,0,0,2,12,1,64,51,13,15,0,35,1,466,57,311,0,0,0,0,0,0,64,15,15,0,0,0.29299719888,0.134328358209,0.0521961262773,0.496562261268,0.536676336511,0.234375,0.546875,0.234375,0.068,-3.95096843068,-3.43539445629,0.137339055794,0.228070175439,0.203125,0,-3.49253731343,,0,,,,,,,,0.166666666667,1,0.0833333333333
2026,003194,ALL,SEASON,Colin Sharkey,SSDM,2,8,0,0,0,0,1,0,1,1,0,0,0,1,0,70,10,38,0,0,0,0,0,0,1,0,0,0,0,0.29299719888,0.134328358209,0.0521961262773,0.496562261268,0.536676336511,0,1,0,0,0.417569010218,-0.29299719888,0.0142857142857,0,0,,,,0,,,,,,,,0,0.5,0
2026,003194,ARC,STINT,Colin Sharkey,SSDM,2,8,0,0,0,0,1,0,1,1,0,0,0,1,0,70,10,38,0,0,0,0,0,0,1,0,0,0,0,0.29299719888,0.134328358209,0.0521961262773,0.496562261268,0.536676336511,0,1,0,0,0.417569010218,-0.29299719888,0.0142857142857,0,0,,,,0,,,,,,,,0,0.5,0
2026,003195,ALL,SEASON,Brian Kelly,A,12,371,25,0,0,1,17,2,55,54,1,24,0,39,5,520,73,318,0,0,0,0,0,0,55,24,24,0,0,0.29299719888,0.134328358209,0.0521961262773,0.496562261268,0.536676336511,0.436363636364,0.709090909091,0.436363636364,0.0673854447439,-5.63523715114,7.90949454409,0.105769230769,0.013698630137,0.0181818181818,0,-0.268656716418,,0,,,,,,,,0.0833333333333,1.41666666667,0.166666666667
2026,003195,CAN,STINT,Brian Kelly,A,12,371,25,0,0,1,17,2,55,54,1,24,0,39,5,520,73,318,0,0,0,0,0,0,55,24,24,0,0,0.29299719888,0.134328358209,0.0521961262773,0.496562261268,0.536676336511,0.436363636364,0.709090909091,0.436363636364,0.0673854447439,-5.63523715114,7.90949454409,0.105769230769,0.013698630137,0.0181818181818,0,-0.268656716418,,0,,,,,,,,0.0833333333333,1.41666666667,0.166666666667
2026,003203,ALL,SEASON,CK Giancola,M,3,87,3,0,0,0,5,1,16,10,6,4,0,10,1,101,16,55,0,0,0,0,0,0,16,4,4,0,0,0.29299719888,0.134328358209,0.0521961262773,0.496562261268,0.536676336511,0.25,0.625,0.25,0.0344827586207,1.54106298612,-0.541912287303,0.158415841584,0.375,0.375,0,-1.61194029851,,0,,,,,,,,0,1.66666666667,0.333333333333
2026,003203,ARC,STINT,CK Giancola,M,3,87,3,0,0,0,5,1,16,10,6,4,0,10,1,101,16,55,0,0,0,0,0,0,16,4,4,0,0,0.29299719888,0.134328358209,0.0521961262773,0.496562261268,0.536676336511,0.25,0.625,0.25,0.0344827586207,1.54106298612,-0.541912287303,0.158415841584,0.375,0.375,0,-1.61194029851,,0,,,,,,,,0,1.66666666667,0.333333333333
2026,003206,ALL,SEASON,Greg Langermeier,SSDM,2,9,2,0,0,0,5,1,0,0,0,0,0,0,0,62,10,44,0,0,0,0,0,0,0,0,0,0,0,0.29299719888,0.134328358209,0.0521961262773,0.496562261268,0.536676336511,,,,0.222222222222,-1.5302348635,,0,0,,,,,0,,,,,,,,0,2.5,0.5
2026,003206,CHA,STINT,Greg Langermeier,SSDM,2,9,2,0,0,0,5,1,0,0,0,0,0,0,0,62,10,44,0,0,0,0,0,0,0,0,0,0,0,0.29299719888,0.134328358209,0.0521961262773,0.496562261268,0.536676336511,,,,0.222222222222,-1.5302348635,,0,0,,,,,0,,,,,,,,0,2.5,0.5
2026,003209,ALL,SEASON,Michael Lampert,A,1,7,0,0,0,0,0,0,1,1,0,0,0,0,0,41,8,28,0,0,0,0,0,0,1,0,0,0,0,0.29299719888,0.134328358209,0.0521961262773,0.496562261268,0.536676336511,0,0,0,0,0.365372883941,-0.29299719888,0.0243902439024,0,0,,,,0,,,,,,,,0,0,0
2026,003209,WAT,STINT,Michael Lampert,A,1,7,0,0,0,0,0,0,1,1,0,0,0,0,0,41,8,28,0,0,0,0,0,0,1,0,0,0,0,0.29299719888,0.134328358209,0.0521961262773,0.496562261268,0.536676336511,0,0,0,0,0.365372883941,-0.29299719888,0.0243902439024,0,0,,,,0,,,,,,,,0,0,0
2026,003211,ALL,SEASON,Josh Balcarcel,M,10,132,8,0,0,0,4,0,32,30,2,13,0,20,0,438,57,276,0,0,0,0,0,0,32,13,13,0,0,0.29299719888,0.134328358209,0.0521961262773,0.496562261268,0.536676336511,0.40625,0.625,0.40625,0.0606060606061,-1.1101113314,3.67277060078,0.0730593607306,0.0350877192982,0.0625,0,-0.537313432836,,0,,,,,,,,0,0.4,0
2026,003211,RED,STINT,Josh Balcarcel,M,10,132,8,0,0,0,4,0,32,30,2,13,0,20,0,438,57,276,0,0,0,0,0,0,32,13,13,0,0,0.29299719888,0.134328358209,0.0521961262773,0.496562261268,0.536676336511,0.40625,0.625,0.40625,0.0606060606061,-1.1101113314,3.67277060078,0.0730593607306,0.0350877192982,0.0625,0,-0.537313432836,,0,,,,,,,,0,0.4,0
2026,003212,ALL,SEASON,Ray Dearth,SSDM,12,67,1,37,4,7,11,1,3,2,1,1,0,2,0,466,57,311,0,0,0,0,0,0,3,1,1,0,0,0.29299719888,0.134328358209,0.0521961262773,0.496562261268,0.536676336511,0.333333333333,0.666666666667,0.333333333333,0.0149253731343,2.49714046058,0.145348885823,0.00643776824034,0.0175438596491,0.333333333333,0,-0.268656716418,0.108108108108,0.118971061093,-14.3728036669,,,,,,,0.583333333333,0.916666666667,0.0833333333333
2026,003212,CHA,STINT,Ray Dearth,SSDM,12,67,1,37,4,7,11,1,3,2,1,1,0,2,0,466,57,311,0,0,0,0,0,0,3,1,1,0,0,0.29299719888,0.134328358209,0.0521961262773,0.496562261268,0.536676336511,0.333333333333,0.666666666667,0.333333333333,0.0149253731343,2.49714046058,0.145348885823,0.00643776824034,0.0175438596491,0.333333333333,0,-0.268656716418,0.108108108108,0.118971061093,-14.3728036669,,,,,,,0.583333333333,0.916666666667,0.0833333333333
2026,003215,ALL,SEASON,Tommy Stull,LSM,2,6,0,0,0,1,4,0,0,0,0,0,0,0,0,86,7,44,0,0,0,0,0,0,0,0,0,0,0,0.29299719888,0.134328358209,0.0521961262773,0.496562261268,0.536676336511,,,,0,0.313176757664,,0,0,,,,,0,,,,,,,,0.5,2,0
2026,003215,ARC,STINT,Tommy Stull,LSM,2,6,0,0,0,1,4,0,0,0,0,0,0,0,0,86,7,44,0,0,0,0,0,0,0,0,0,0,0,0.29299719888,0.134328358209,0.0521961262773,0.496562261268,0.536676336511,,,,0,0.313176757664,,0,0,,,,,0,,,,,,,,0.5,2,0
2026,003228,ALL,SEASON,Remington Reynolds,D,4,18,1,0,0,2,8,3,1,1,0,0,0,0,0,163,30,109,0,0,0,0,0,0,1,0,0,0,0,0.29299719888,0.134328358209,0.0521961262773,0.496562261268,0.536676336511,0,0,0,0.0555555555556,-0.0604697270093,-0.29299719888,0.00613496932515,0,0,,,,0,,,,,,,,0.5,2,0.75
2026,003228,CAN,STINT,Remington Reynolds,D,4,18,1,0,0,2,8,3,1,1,0,0,0,0,0,163,30,109,0,0,0,0,0,0,1,0,0,0,0,0.29299719888,0.134328358209,0.0521961262773,0.496562261268,0.536676336511,0,0,0,0.0555555555556,-0.0604697270093,-0.29299719888,0.00613496932515,0,0,,,,0,,,,,,,,0.5,2,0.75
2026,003229,ALL,SEASON,Matt Wright,LSM,2,11,0,0,0,0,3,0,0,0,0,0,0,0,0,92,10,63,0,0,0,0,0,0,0,0,0,0,0,0.29299719888,0.134328358209,0.0521961262773,0.496562261268,0.536676336511,,,,0,0.57415738905,,0,0,,,,,0,,,,,,,,0,1.5,0
2026,003229,RED,STINT,Matt Wright,LSM,2,11,0,0,0,0,3,0,0,0,0,0,0,0,0,92,10,63,0,0,0,0,0,0,0,0,0,0,0,0.29299719888,0.134328358209,0.0521961262773,0.496562261268,0.536676336511,,,,0,0.57415738905,,0,0,,,,,0,,,,,,,,0,1.5,0
2026,003232,ALL,SEASON,Casey Wilson,M,4,26,2,0,0,0,4,1,2,2,0,2,0,2,0,161,22,102,0,0,0,0,0,0,2,2,2,0,0,0.29299719888,0.134328358209,0.0521961262773,0.496562261268,0.536676336511,1,1,1,0.0769230769231,-0.642900716791,1.41400560224,0.0124223602484,0,0,,,,0,,,,,,,,0,1,0.25
2026,003232,WAT,STINT,Casey Wilson,M,4,26,2,0,0,0,4,1,2,2,0,2,0,2,0,161,22,102,0,0,0,0,0,0,2,2,2,0,0,0.29299719888,0.134328358209,0.0521961262773,0.496562261268,0.536676336511,1,1,1,0.0769230769231,-0.642900716791,1.41400560224,0.0124223602484,0,0,,,,0,,,,,,,,0,1,0.25
2026,003233,ALL,SEASON,Christian Fournier,,2,3,2,0,0,0,2,0,0,0,0,0,0,0,0,81,18,48,0,0,0,0,0,0,0,0,0,0,0,0.29299719888,0.134328358209,0.0521961262773,0.496562261268,0.536676336511,,,,0.666666666667,-1.84341162117,,0,0,,,,,0,,,,,,,,0,1,0
2026,003233,CAN,STINT,Christian Fournier,,2,3,2,0,0,0,2,0,0,0,0,0,0,0,0,81,18,48,0,0,0,0,0,0,0,0,0,0,0,0.29299719888,0.134328358209,0.0521961262773,0.496562261268,0.536676336511,,,,0.666666666667,-1.84341162117,,0,0,,,,,0,,,,,,,,0,1,0
2026,003238,ALL,SEASON,Aidan McLane,M,1,8,0,0,0,0,0,0,3,3,0,0,0,0,0,42,5,22,0,0,0,0,0,0,3,0,0,0,0,0.29299719888,0.134328358209,0.0521961262773,0.496562261268,0.536676336511,0,0,0,0,0.417569010218,-0.878991596639,0.0714285714286,0,0,,,,0,,,,,,,,0,0,0
2026,003238,ATL,STINT,Aidan McLane,M,1,8,0,0,0,0,0,0,3,3,0,0,0,0,0,42,5,22,0,0,0,0,0,0,3,0,0,0,0,0.29299719888,0.134328358209,0.0521961262773,0.496562261268,0.536676336511,0,0,0,0,0.417569010218,-0.878991596639,0.0714285714286,0,0,,,,0,,,,,,,,0,0,0
2026,003242,ALL,SEASON,Cooper Frankenheimer,SSDM,1,4,0,0,0,0,1,0,1,1,0,0,0,0,0,42,5,22,0,0,0,0,0,0,1,0,0,0,0,0.29299719888,0.134328358209,0.0521961262773,0.496562261268,0.536676336511,0,0,0,0,0.208784505109,-0.29299719888,0.0238095238095,0,0,,,,0,,,,,,,,0,1,0
2026,003242,ATL,STINT,Cooper Frankenheimer,SSDM,1,4,0,0,0,0,1,0,1,1,0,0,0,0,0,42,5,22,0,0,0,0,0,0,1,0,0,0,0,0.29299719888,0.134328358209,0.0521961262773,0.496562261268,0.536676336511,0,0,0,0,0.208784505109,-0.29299719888,0.0238095238095,0,0,,,,0,,,,,,,,0,1,0
2026,003246,ALL,SEASON,Nathan Kapp,FO,2,11,2,43,23,0,11,0,0,0,0,0,0,0,0,84,5,44,0,0,0,0,0,0,0,0,0,0,0,0.29299719888,0.134328358209,0.0521961262773,0.496562261268,0.536676336511,,,,0.181818181818,-1.42584261095,,0,0,,,,0.53488372093,0.977272727273,1.64782276547,,,,,,,0,5.5,0
2026,003246,WHP,STINT,Nathan Kapp,FO,2,11,2,43,23,0,11,0,0,0,0,0,0,0,0,84,5,44,0,0,0,0,0,0,0,0,0,0,0,0.29299719888,0.134328358209,0.0521961262773,0.496562261268,0.536676336511,,,,0.181818181818,-1.42584261095,,0,0,,,,0.53488372093,0.977272727273,1.64782276547,,,,,,,0,5.5,0
2026,003248,ALL,SEASON,Ryan Stines,A,12,334,18,0,0,1,12,1,60,58,2,18,0,39,2,493,67,288,0,0,0,0,0,0,60,18,18,0,0,0.29299719888,0.134328358209,0.0521961262773,0.496562261268,0.536676336511,0.3,0.65,0.3,0.0538922155689,-0.566493823395,0.46884903215,0.121703853955,0.0298507462687,0.0333333333333,0,-0.537313432836,,0,,,,,,,,0.0833333333333,1,0.0833333333333
2026,003248,ARC,STINT,Ryan Stines,A,12,334,18,0,0,1,12,1,60,58,2,18,0,39,2,493,67,288,0,0,0,0,0,0,60,18,18,0,0,0.29299719888,0.134328358209,0.0521961262773,0.496562261268,0.536676336511,0.3,0.65,0.3,0.0538922155689,-0.566493823395,0.46884903215,0.121703853955,0.0298507462687,0.0333333333333,0,-0.537313432836,,0,,,,,,,,0.0833333333333,1,0.0833333333333
2026,003249,ALL,SEASON,Logan Ip,M,3,41,1,0,0,0,0,0,10,10,0,1,0,7,0,145,19,88,0,0,0,0,0,0,10,1,1,0,0,0.29299719888,0.134328358209,0.0521961262773,0.496562261268,0.536676336511,0.1,0.7,0.1,0.0243902439024,1.14004117737,-1.9299719888,0.0689655172414,0,0,,,,0,,,,,,,,0,0,0
2026,003249,CAN,STINT,Logan Ip,M,3,41,1,0,0,0,0,0,10,10,0,1,0,7,0,145,19,88,0,0,0,0,0,0,10,1,1,0,0,0.29299719888,0.134328358209,0.0521961262773,0.496562261268,0.536676336511,0.1,0.7,0.1,0.0243902439024,1.14004117737,-1.9299719888,0.0689655172414,0,0,,,,0,,,,,,,,0,0,0
2026,003250,ALL,SEASON,Eric Spanos,M,9,152,9,0,0,0,9,0,38,36,2,11,0,31,3,368,43,239,0,0,0,0,0,0,38,11,11,0,0,0.29299719888,0.134328358209,0.0521961262773,0.496562261268,0.536676336511,0.289473684211,0.815789473684,0.289473684211,0.0592105263158,-1.06618880586,-0.0852125924997,0.103260869565,0.046511627907,0.0526315789474,0,-0.537313432836,,0,,,,,,,,0,1,0
2026,003250,CHA,STINT,Eric Spanos,M,9,152,9,0,0,0,9,0,38,36,2,11,0,31,3,368,43,239,0,0,0,0,0,0,38,11,11,0,0,0.29299719888,0.134328358209,0.0521961262773,0.496562261268,0.536676336511,0.289473684211,0.815789473684,0.289473684211,0.0592105263158,-1.06618880586,-0.0852125924997,0.103260869565,0.046511627907,0.0526315789474,0,-0.537313432836,,0,,,,,,,,0,1,0
2026,003251,ALL,SEASON,Nikko DiPonio,D,2,15,0,0,0,1,6,0,1,1,0,0,0,0,0,80,13,51,0,0,0,0,0,0,1,0,0,0,0,0.29299719888,0.134328358209,0.0521961262773,0.496562261268,0.536676336511,0,0,0,0,0.782941894159,-0.29299719888,0.0125,0,0,,,,0,,,,,,,,0.5,3,0
2026,003251,ATL,STINT,Nikko DiPonio,D,2,15,0,0,0,1,6,0,1,1,0,0,0,0,0,80,13,51,0,0,0,0,0,0,1,0,0,0,0,0.29299719888,0.134328358209,0.0521961262773,0.496562261268,0.536676336511,0,0,0,0,0.782941894159,-0.29299719888,0.0125,0,0,,,,0,,,,,,,,0.5,3,0
2026,003252,ALL,SEASON,Leo Johnson,M,9,154,12,0,0,0,7,0,44,44,0,8,0,22,0,392,51,233,0,0,0,0,0,0,44,8,8,0,0,0.29299719888,0.134328358209,0.0521961262773,0.496562261268,0.536676336511,0.181818181818,0.5,0.181818181818,0.0779220779221,-3.9617965533,-4.8918767507,0.112244897959,0,0,,,,0,,,,,,,,0,0.777777777778,0
2026,003252,ARC,STINT,Leo Johnson,M,9,154,12,0,0,0,7,0,44,44,0,8,0,22,0,392,51,233,0,0,0,0,0,0,44,8,8,0,0,0.29299719888,0.134328358209,0.0521961262773,0.496562261268,0.536676336511,0.181818181818,0.5,0.181818181818,0.0779220779221,-3.9617965533,-4.8918767507,0.112244897959,0,0,,,,0,,,,,,,,0,0.777777777778,0
2026,003253,ALL,SEASON,Marcus Wertheim,M,2,48,2,0,0,0,1,0,7,7,0,0,0,3,0,87,16,41,0,0,0,0,0,0,7,0,0,0,0,0.29299719888,0.134328358209,0.0521961262773,0.496562261268,0.536676336511,0,0.428571428571,0,0.0416666666667,0.505414061309,-2.05098039216,0.0804597701149,0,0,,,,0,,,,,,,,0,0.5,0
2026,003253,RED,STINT,Marcus Wertheim,M,2,48,2,0,0,0,1,0,7,7,0,0,0,3,0,87,16,41,0,0,0,0,0,0,7,0,0,0,0,0.29299719888,0.134328358209,0.0521961262773,0.496562261268,0.536676336511,0,0.428571428571,0,0.0416666666667,0.505414061309,-2.05098039216,0.0804597701149,0,0,,,,0,,,,,,,,0,0.5,0
2026,003254,ALL,SEASON,Peter Detwiler,SSDM,12,88,3,8,2,2,16,3,5,5,0,2,0,5,0,466,57,311,0,0,0,0,0,0,5,2,2,0,0,0.29299719888,0.134328358209,0.0521961262773,0.496562261268,0.536676336511,0.4,1,0.4,0.0340909090909,1.5932591124,0.535014005602,0.0107296137339,0,0,,,0.25,0.0257234726688,-1.97249809015,,,,,,,0.166666666667,1.33333333333,0.25
2026,003254,CHA,STINT,Peter Detwiler,SSDM,12,88,3,8,2,2,16,3,5,5,0,2,0,5,0,466,57,311,0,0,0,0,0,0,5,2,2,0,0,0.29299719888,0.134328358209,0.0521961262773,0.496562261268,0.536676336511,0.4,1,0.4,0.0340909090909,1.5932591124,0.535014005602,0.0107296137339,0,0,,,0.25,0.0257234726688,-1.97249809015,,,,,,,0.166666666667,1.33333333333,0.25
2026,003255,ALL,SEASON,Joe Juengerkes,SSDM,8,51,2,19,1,1,4,1,1,1,0,0,0,0,0,329,23,211,0,0,0,0,0,0,1,0,0,0,0,0.29299719888,0.134328358209,0.0521961262773,0.496562261268,0.536676336511,0,0,0,0.0392156862745,0.66200244014,-0.29299719888,0.00303951367781,0,0,,,0.0526315789474,0.0900473933649,-8.43468296409,,,,,,,0.125,0.5,0.125
2026,003255,WHP,STINT,Joe Juengerkes,SSDM,8,51,2,19,1,1,4,1,1,1,0,0,0,0,0,329,23,211,0,0,0,0,0,0,1,0,0,0,0,0.29299719888,0.134328358209,0.0521961262773,0.496562261268,0.536676336511,0,0,0,0.0392156862745,0.66200244014,-0.29299719888,0.00303951367781,0,0,,,0.0526315789474,0.0900473933649,-8.43468296409,,,,,,,0.125,0.5,0.125
2026,003256,ALL,SEASON,Nolan Byrne,M,3,41,6,0,0,0,2,0,11,11,0,3,0,8,1,110,17,80,0,0,0,0,0,0,11,3,3,0,0,0.29299719888,0.134328358209,0.0521961262773,0.496562261268,0.536676336511,0.272727272727,0.727272727273,0.272727272727,0.146341463415,-3.85995882263,-0.222969187675,0.1,0,0,,,,0,,,,,,,,0,0.666666666667,0
2026,003256,OUT,STINT,Nolan Byrne,M,3,41,6,0,0,0,2,0,11,11,0,3,0,8,1,110,17,80,0,0,0,0,0,0,11,3,3,0,0,0.29299719888,0.134328358209,0.0521961262773,0.496562261268,0.536676336511,0.272727272727,0.727272727273,0.272727272727,0.146341463415,-3.85995882263,-0.222969187675,0.1,0,0,,,,0,,,,,,,,0,0.666666666667,0
2026,003257,ALL,SEASON,Teddy Malone,M,10,216,11,0,0,1,5,0,40,40,0,16,0,26,3,385,41,255,0,0,0,0,0,0,40,16,16,0,0,0.29299719888,0.134328358209,0.0521961262773,0.496562261268,0.536676336511,0.4,0.65,0.4,0.0509259259259,0.274363275888,4.28011204482,0.103896103896,0,0,,,,0,,,,,,,,0.1,0.5,0
2026,003257,CHA,STINT,Teddy Malone,M,10,216,11,0,0,1,5,0,40,40,0,16,0,26,3,385,41,255,0,0,0,0,0,0,40,16,16,0,0,0.29299719888,0.134328358209,0.0521961262773,0.496562261268,0.536676336511,0.4,0.65,0.4,0.0509259259259,0.274363275888,4.28011204482,0.103896103896,0,0,,,,0,,,,,,,,0.1,0.5,0
2026,003259,ALL,SEASON,Liam Kammar,SSDM,6,25,0,0,0,1,4,0,1,1,0,0,0,1,0,234,36,160,0,0,0,0,0,0,1,0,0,0,0,0.29299719888,0.134328358209,0.0521961262773,0.496562261268,0.536676336511,0,1,0,0,1.30490315693,-0.29299719888,0.0042735042735,0,0,,,,0,,,,,,,,0.166666666667,0.666666666667,0
2026,003259,ATL,STINT,Liam Kammar,SSDM,6,25,0,0,0,1,4,0,1,1,0,0,0,1,0,234,36,160,0,0,0,0,0,0,1,0,0,0,0,0.29299719888,0.134328358209,0.0521961262773,0.496562261268,0.536676336511,0,1,0,0,1.30490315693,-0.29299719888,0.0042735042735,0,0,,,,0,,,,,,,,0.166666666667,0.666666666667,0
2026,003260,ALL,SEASON,Jack Pilling,SSDM,7,50,1,8,0,4,13,1,1,1,0,0,0,0,0,292,21,187,0,0,0,0,0,0,1,0,0,0,0,0.29299719888,0.134328358209,0.0521961262773,0.496562261268,0.536676336511,0,0,0,0.02,1.60980631386,-0.29299719888,0.00342465753425,0,0,,,0,0.0427807486631,-3.97249809015,,,,,,,0.571428571429,1.85714285714,0.142857142857
2026,003260,WHP,STINT,Jack Pilling,SSDM,7,50,1,8,0,4,13,1,1,1,0,0,0,0,0,292,21,187,0,0,0,0,0,0,1,0,0,0,0,0.29299719888,0.134328358209,0.0521961262773,0.496562261268,0.536676336511,0,0,0,0.02,1.60980631386,-0.29299719888,0.00342465753425,0,0,,,0,0.0427807486631,-3.97249809015,,,,,,,0.571428571429,1.85714285714,0.142857142857
2026,003261,ALL,SEASON,Truitt Sunderland,M,6,78,3,0,0,0,0,0,13,13,0,4,0,10,0,234,16,153,0,0,0,0,0,0,13,4,4,0,0,0.29299719888,0.134328358209,0.0521961262773,0.496562261268,0.536676336511,0.307692307692,0.769230769231,0.307692307692,0.0384615384615,1.07129784963,0.191036414566,0.0555555555556,0,0,,,,0,,,,,,,,0,0,0
2026,003261,WHP,STINT,Truitt Sunderland,M,6,78,3,0,0,0,0,0,13,13,0,4,0,10,0,234,16,153,0,0,0,0,0,0,13,4,4,0,0,0.29299719888,0.134328358209,0.0521961262773,0.496562261268,0.536676336511,0.307692307692,0.769230769231,0.307692307692,0.0384615384615,1.07129784963,0.191036414566,0.0555555555556,0,0,,,,0,,,,,,,,0,0,0
2026,003264,ALL,SEASON,Sean Byrne,G,7,111,3,0,0,2,11,0,0,0,0,0,0,0,0,282,40,174,70,16,47,5,14,22,0,0,0,86,138,0.29299719888,0.134328358209,0.0521961262773,0.496562261268,0.536676336511,,,,0.027027027027,2.79377001678,,0,0,,,,,0,,0.623188405797,0.598290598291,0.761904761905,11.9386655615,0.907894736842,0.144736842105,0.285714285714,1.57142857143,0
2026,003264,WAT,STINT,Sean Byrne,G,7,111,3,0,0,2,11,0,0,0,0,0,0,0,0,282,40,174,70,16,47,5,14,22,0,0,0,86,138,0.29299719888,0.134328358209,0.0521961262773,0.496562261268,0.536676336511,,,,0.027027027027,2.79377001678,,0,0,,,,,0,,0.623188405797,0.598290598291,0.761904761905,11.9386655615,0.907894736842,0.144736842105,0.285714285714,1.57142857143,0
2026,003266,ALL,SEASON,Silas Richmond,A,7,133,4,0,0,3,11,1,27,25,2,5,1,16,2,288,37,179,0,0,0,0,0,0,27,6,7,0,0,0.29299719888,0.134328358209,0.0521961262773,0.496562261268,0.536676336511,0.222222222222,0.592592592593,0.259259259259,0.0300751879699,2.94208479488,-0.862243404825,0.09375,0.0540540540541,0.0740740740741,0.5,1.46268656716,,0,,,,,,,,0.428571428571,1.57142857143,0.142857142857
2026,003266,WAT,STINT,Silas Richmond,A,7,133,4,0,0,3,11,1,27,25,2,5,1,16,2,288,37,179,0,0,0,0,0,0,27,6,7,0,0,0.29299719888,0.134328358209,0.0521961262773,0.496562261268,0.536676336511,0.222222222222,0.592592592593,0.259259259259,0.0300751879699,2.94208479488,-0.862243404825,0.09375,0.0540540540541,0.0740740740741,0.5,1.46268656716,,0,,,,,,,,0.428571428571,1.57142857143,0.142857142857
2026,003267,ALL,SEASON,Mikey Weisshaar,M,13,308,18,0,0,4,15,0,57,55,2,19,0,36,3,561,83,343,0,0,0,0,0,0,57,19,19,0,0,0.29299719888,0.134328358209,0.0521961262773,0.496562261268,0.536676336511,0.333333333333,0.631578947368,0.333333333333,0.0584415584416,-1.9235931066,2.34784062879,0.101604278075,0.0240963855422,0.0350877192982,0,-0.537313432836,,0,,,,,,,,0.307692307692,1.15384615385,0
2026,003267,CAN,STINT,Mikey Weisshaar,M,13,308,18,0,0,4,15,0,57,55,2,19,0,36,3,561,83,343,0,0,0,0,0,0,57,19,19,0,0,0.29299719888,0.134328358209,0.0521961262773,0.496562261268,0.536676336511,0.333333333333,0.631578947368,0.333333333333,0.0584415584416,-1.9235931066,2.34784062879,0.101604278075,0.0240963855422,0.0350877192982,0,-0.537313432836,,0,,,,,,,,0.307692307692,1.15384615385,0
2026,003268,ALL,SEASON,Jack Taylor,M,1,27,2,0,0,0,1,0,6,5,1,1,0,2,0,36,4,28,0,0,0,0,0,0,6,1,1,0,0,0.29299719888,0.134328358209,0.0521961262773,0.496562261268,0.536676336511,0.166666666667,0.333333333333,0.166666666667,0.0740740740741,-0.590704590514,-0.733642710816,0.166666666667,0.25,0.166666666667,0,-0.268656716418,,0,,,,,,,,0,1,0
2026,003268,CHA,STINT,Jack Taylor,M,1,27,2,0,0,0,1,0,6,5,1,1,0,2,0,36,4,28,0,0,0,0,0,0,6,1,1,0,0,0.29299719888,0.134328358209,0.0521961262773,0.496562261268,0.536676336511,0.166666666667,0.333333333333,0.166666666667,0.0740740740741,-0.590704590514,-0.733642710816,0.166666666667,0.25,0.166666666667,0,-0.268656716418,,0,,,,,,,,0,1,0
2026,003269,ALL,SEASON,Brendan Staub,LSM,10,77,1,0,0,6,14,2,11,4,7,1,0,7,1,416,52,258,0,0,0,0,0,0,11,1,1,0,0,0.29299719888,0.134328358209,0.0521961262773,0.496562261268,0.536676336511,0.0909090909091,0.636363636364,0.0909090909091,0.012987012987,3.01910172335,-2.05258581044,0.0264423076923,0.134615384615,0.636363636364,0,-1.88059701493,,0,,,,,,,,0.6,1.4,0.2
2026,003269,WAT,STINT,Brendan Staub,LSM,10,77,1,0,0,6,14,2,11,4,7,1,0,7,1,416,52,258,0,0,0,0,0,0,11,1,1,0,0,0.29299719888,0.134328358209,0.0521961262773,0.496562261268,0.536676336511,0.0909090909091,0.636363636364,0.0909090909091,0.012987012987,3.01910172335,-2.05258581044,0.0264423076923,0.134615384615,0.636363636364,0,-1.88059701493,,0,,,,,,,,0.6,1.4,0.2
2026,003270,ALL,SEASON,Evan Plunkett,M,9,168,8,0,0,1,5,0,37,36,1,3,0,15,0,373,50,233,0,0,0,0,0,0,37,3,3,0,0,0.29299719888,0.134328358209,0.0521961262773,0.496562261268,0.536676336511,0.0810810810811,0.405405405405,0.0810810810811,0.047619047619,0.76894921458,-7.81655587608,0.0991957104558,0.02,0.027027027027,0,-0.268656716418,,0,,,,,,,,0.111111111111,0.555555555556,0
2026,003270,OUT,STINT,Evan Plunkett,M,9,168,8,0,0,1,5,0,37,36,1,3,0,15,0,373,50,233,0,0,0,0,0,0,37,3,3,0,0,0.29299719888,0.134328358209,0.0521961262773,0.496562261268,0.536676336511,0.0810810810811,0.405405405405,0.0810810810811,0.047619047619,0.76894921458,-7.81655587608,0.0991957104558,0.02,0.027027027027,0,-0.268656716418,,0,,,,,,,,0.111111111111,0.555555555556,0
2026,003271,ALL,SEASON,Hunter Smith,LSM,10,37,1,0,0,10,18,2,1,1,0,0,0,1,0,434,62,264,0,0,0,0,0,0,1,0,0,0,0,0.29299719888,0.134328358209,0.0521961262773,0.496562261268,0.536676336511,0,1,0,0.027027027027,0.931256672259,-0.29299719888,0.00230414746544,0,0,,,,0,,,,,,,,1,1.8,0.2
2026,003271,CAN,STINT,Hunter Smith,LSM,10,37,1,0,0,10,18,2,1,1,0,0,0,1,0,434,62,264,0,0,0,0,0,0,1,0,0,0,0,0.29299719888,0.134328358209,0.0521961262773,0.496562261268,0.536676336511,0,1,0,0.027027027027,0.931256672259,-0.29299719888,0.00230414746544,0,0,,,,0,,,,,,,,1,1.8,0.2
2026,003273,ALL,SEASON,Matt Collison,M,8,167,7,0,0,1,2,1,29,22,7,5,4,18,1,325,39,207,0,0,0,0,0,0,29,9,13,0,0,0.29299719888,0.134328358209,0.0521961262773,0.496562261268,0.536676336511,0.310344827586,0.620689655172,0.448275862069,0.0419161676647,1.7167530883,4.67346460972,0.0892307692308,0.179487179487,0.241379310345,0.571428571429,6.11940298507,,0,,,,,,,,0.125,0.25,0.125
2026,003273,WAT,STINT,Matt Collison,M,8,167,7,0,0,1,2,1,29,22,7,5,4,18,1,325,39,207,0,0,0,0,0,0,29,9,13,0,0,0.29299719888,0.134328358209,0.0521961262773,0.496562261268,0.536676336511,0.310344827586,0.620689655172,0.448275862069,0.0419161676647,1.7167530883,4.67346460972,0.0892307692308,0.179487179487,0.241379310345,0.571428571429,6.11940298507,,0,,,,,,,,0.125,0.25,0.125
2026,003274,ALL,SEASON,Patty Eldredge,SSDM,1,5,0,0,0,1,2,0,0,0,0,0,0,0,0,45,6,22,0,0,0,0,0,0,0,0,0,0,0,0.29299719888,0.134328358209,0.0521961262773,0.496562261268,0.536676336511,,,,0,0.260980631386,,0,0,,,,,0,,,,,,,,1,2,0
2026,003274,WAT,STINT,Patty Eldredge,SSDM,1,5,0,0,0,1,2,0,0,0,0,0,0,0,0,45,6,22,0,0,0,0,0,0,0,0,0,0,0,0.29299719888,0.134328358209,0.0521961262773,0.496562261268,0.536676336511,,,,0,0.260980631386,,0,0,,,,,0,,,,,,,,1,2,0
2026,003275,ALL,SEASON,Andrew McMeekin,FO,10,89,5,249,153,4,82,1,19,16,3,2,0,8,1,444,56,265,0,0,0,0,0,0,19,2,2,0,0,0.29299719888,0.134328358209,0.0521961262773,0.496562261268,0.536676336511,0.105263157895,0.421052631579,0.105263157895,0.0561797752809,-0.354544761324,-3.49392533133,0.0427927927928,0.0535714285714,0.157894736842,0,-0.805970149254,0.614457831325,0.939622641509,29.3559969442,,,,,,,0.4,8.2,0.1
2026,003275,CAN,STINT,Andrew McMeekin,FO,10,89,5,249,153,4,82,1,19,16,3,2,0,8,1,444,56,265,0,0,0,0,0,0,19,2,2,0,0,0.29299719888,0.134328358209,0.0521961262773,0.496562261268,0.536676336511,0.105263157895,0.421052631579,0.105263157895,0.0561797752809,-0.354544761324,-3.49392533133,0.0427927927928,0.0535714285714,0.157894736842,0,-0.805970149254,0.614457831325,0.939622641509,29.3559969442,,,,,,,0.4,8.2,0.1
2026,003276,ALL,SEASON,Richard Checo,LSM,6,16,4,0,0,8,2,0,0,0,0,0,0,0,0,219,24,153,0,0,0,0,0,0,0,0,0,0,0,0.29299719888,0.134328358209,0.0521961262773,0.496562261268,0.536676336511,,,,0.25,-3.16486197956,,0,0,,,,,0,,,,,,,,1.33333333333,0.333333333333,0
2026,003276,CHA,STINT,Richard Checo,LSM,6,16,4,0,0,8,2,0,0,0,0,0,0,0,0,219,24,153,0,0,0,0,0,0,0,0,0,0,0,0.29299719888,0.134328358209,0.0521961262773,0.496562261268,0.536676336511,,,,0.25,-3.16486197956,,0,0,,,,,0,,,,,,,,1.33333333333,0.333333333333,0
2026,003277,ALL,SEASON,Joey Spallina,A,11,422,16,0,0,1,16,3,63,58,5,14,2,33,1,458,32,289,0,0,0,0,0,0,63,16,18,0,0,0.29299719888,0.134328358209,0.0521961262773,0.496562261268,0.536676336511,0.253968253968,0.52380952381,0.285714285714,0.0379146919431,6.026765289,-0.337121117104,0.137554585153,0.15625,0.0793650793651,0.4,2.65671641791,,0,,,,,,,,0.0909090909091,1.45454545455,0.272727272727
2026,003277,WHP,STINT,Joey Spallina,A,11,422,16,0,0,1,16,3,63,58,5,14,2,33,1,458,32,289,0,0,0,0,0,0,63,16,18,0,0,0.29299719888,0.134328358209,0.0521961262773,0.496562261268,0.536676336511,0.253968253968,0.52380952381,0.285714285714,0.0379146919431,6.026765289,-0.337121117104,0.137554585153,0.15625,0.0793650793651,0.4,2.65671641791,,0,,,,,,,,0.0909090909091,1.45454545455,0.272727272727
2026,003278,ALL,SEASON,Aidan Maguire,SSDM,10,79,4,0,0,2,12,3,12,9,3,4,1,10,0,423,57,250,0,0,0,0,0,0,12,5,6,0,0,0.29299719888,0.134328358209,0.0521961262773,0.496562261268,0.536676336511,0.416666666667,0.833333333333,0.5,0.0506329113924,0.123493975904,2.55705506083,0.0283687943262,0.0526315789474,0.25,0.333333333333,1.19402985075,,0,,,,,,,,0.2,1.2,0.3
2026,003278,ARC,STINT,Aidan Maguire,SSDM,10,79,4,0,0,2,12,3,12,9,3,4,1,10,0,423,57,250,0,0,0,0,0,0,12,5,6,0,0,0.29299719888,0.134328358209,0.0521961262773,0.496562261268,0.536676336511,0.416666666667,0.833333333333,0.5,0.0506329113924,0.123493975904,2.55705506083,0.0283687943262,0.0526315789474,0.25,0.333333333333,1.19402985075,,0,,,,,,,,0.2,1.2,0.3
2026,003279,ALL,SEASON,Luke Rhoa,M,2,28,1,0,0,1,1,0,8,7,1,0,0,3,1,93,12,54,0,0,0,0,0,0,8,0,0,0,0,0.29299719888,0.134328358209,0.0521961262773,0.496562261268,0.536676336511,0,0.375,0,0.0357142857143,0.461491535763,-2.31963710857,0.0860215053763,0.0833333333333,0.125,0,-0.268656716418,,0,,,,,,,,0.5,0.5,0
2026,003279,ATL,STINT,Luke Rhoa,M,2,28,1,0,0,1,1,0,8,7,1,0,0,3,1,93,12,54,0,0,0,0,0,0,8,0,0,0,0,0.29299719888,0.134328358209,0.0521961262773,0.496562261268,0.536676336511,0,0.375,0,0.0357142857143,0.461491535763,-2.31963710857,0.0860215053763,0.0833333333333,0.125,0,-0.268656716418,,0,,,,,,,,0.5,0.5,0
2026,003280,ALL,SEASON,Chad Palumbo,M,10,201,22,0,0,4,8,1,64,60,4,19,1,39,0,386,46,257,0,0,0,0,0,0,64,20,21,0,0,0.29299719888,0.134328358209,0.0521961262773,0.496562261268,0.536676336511,0.3125,0.609375,0.328125,0.109452736318,-11.5085786183,2.34554120156,0.165803108808,0.0869565217391,0.0625,0.25,0.925373134328,,0,,,,,,,,0.4,0.8,0.1
2026,003280,CHA,STINT,Chad Palumbo,M,10,201,22,0,0,4,8,1,64,60,4,19,1,39,0,386,46,257,0,0,0,0,0,0,64,20,21,0,0,0.29299719888,0.134328358209,0.0521961262773,0.496562261268,0.536676336511,0.3125,0.609375,0.328125,0.109452736318,-11.5085786183,2.34554120156,0.165803108808,0.0869565217391,0.0625,0.25,0.925373134328,,0,,,,,,,,0.4,0.8,0.1
2026,003281,ALL,SEASON,Kyle Lewis,M,9,109,5,0,0,2,5,1,23,23,0,7,0,12,0,371,46,236,0,0,0,0,0,0,23,7,7,0,0,0.29299719888,0.134328358209,0.0521961262773,0.496562261268,0.536676336511,0.304347826087,0.521739130435,0.304347826087,0.045871559633,0.689377764221,0.26106442577,0.0619946091644,0,0,,,,0,,,,,,,,0.222222222222,0.555555555556,0.111111111111
2026,003281,WAT,STINT,Kyle Lewis,M,9,109,5,0,0,2,5,1,23,23,0,7,0,12,0,371,46,236,0,0,0,0,0,0,23,7,7,0,0,0.29299719888,0.134328358209,0.0521961262773,0.496562261268,0.536676336511,0.304347826087,0.521739130435,0.304347826087,0.045871559633,0.689377764221,0.26106442577,0.0619946091644,0,0,,,,0,,,,,,,,0.222222222222,0.555555555556,0.111111111111
2026,003282,ALL,SEASON,Billy Dwan,D,9,32,2,0,0,3,11,2,4,3,1,1,0,3,0,369,26,235,0,0,0,0,0,0,4,1,1,0,0,0.29299719888,0.134328358209,0.0521961262773,0.496562261268,0.536676336511,0.25,0.75,0.25,0.0625,-0.329723959128,-0.147648313057,0.0108401084011,0.0384615384615,0.25,0,-0.268656716418,,0,,,,,,,,0.333333333333,1.22222222222,0.222222222222
2026,003282,WHP,STINT,Billy Dwan,D,9,32,2,0,0,3,11,2,4,3,1,1,0,3,0,369,26,235,0,0,0,0,0,0,4,1,1,0,0,0.29299719888,0.134328358209,0.0521961262773,0.496562261268,0.536676336511,0.25,0.75,0.25,0.0625,-0.329723959128,-0.147648313057,0.0108401084011,0.0384615384615,0.25,0,-0.268656716418,,0,,,,,,,,0.333333333333,1.22222222222,0.222222222222
2026,003283,ALL,SEASON,Blake Eiland,SSDM,10,48,3,20,2,3,11,1,3,3,0,1,0,3,0,416,28,260,0,0,0,0,0,0,3,1,1,0,0,0.29299719888,0.134328358209,0.0521961262773,0.496562261268,0.536676336511,0.333333333333,1,0.333333333333,0.0625,-0.494585938691,0.121008403361,0.00721153846154,0,0,,,0.1,0.0769230769231,-7.93124522536,,,,,,,0.3,1.1,0.1
2026,003283,WHP,STINT,Blake Eiland,SSDM,10,48,3,20,2,3,11,1,3,3,0,1,0,3,0,416,28,260,0,0,0,0,0,0,3,1,1,0,0,0.29299719888,0.134328358209,0.0521961262773,0.496562261268,0.536676336511,0.333333333333,1,0.333333333333,0.0625,-0.494585938691,0.121008403361,0.00721153846154,0,0,,,0.1,0.0769230769231,-7.93124522536,,,,,,,0.3,1.1,0.1
2026,003284,ALL,SEASON,Eric Kolar,SSDM,7,44,1,4,0,2,8,0,2,2,0,1,0,1,0,283,21,186,0,0,0,0,0,0,2,1,1,0,0,0.29299719888,0.134328358209,0.0521961262773,0.496562261268,0.536676336511,0.5,0.5,0.5,0.0227272727273,1.2966295562,0.414005602241,0.00706713780919,0,0,,,0,0.0215053763441,-1.98624904507,,,,,,,0.285714285714,1.14285714286,0
2026,003284,WHP,STINT,Eric Kolar,SSDM,7,44,1,4,0,2,8,0,2,2,0,1,0,1,0,283,21,186,0,0,0,0,0,0,2,1,1,0,0,0.29299719888,0.134328358209,0.0521961262773,0.496562261268,0.536676336511,0.5,0.5,0.5,0.0227272727273,1.2966295562,0.414005602241,0.00706713780919,0,0,,,0,0.0215053763441,-1.98624904507,,,,,,,0.285714285714,1.14285714286,0
2026,003285,ALL,SEASON,Jack Regnery,A,9,194,10,0,0,1,4,0,50,48,2,12,0,24,3,400,45,236,0,0,0,0,0,0,50,12,12,0,0,0.29299719888,0.134328358209,0.0521961262773,0.496562261268,0.536676336511,0.24,0.48,0.24,0.0515463917526,0.126048497789,-2.60117897905,0.125,0.0444444444444,0.04,0,-0.537313432836,,0,,,,,,,,0.111111111111,0.444444444444,0
2026,003285,CAN,STINT,Jack Regnery,A,9,194,10,0,0,1,4,0,50,48,2,12,0,24,3,400,45,236,0,0,0,0,0,0,50,12,12,0,0,0.29299719888,0.134328358209,0.0521961262773,0.496562261268,0.536676336511,0.24,0.48,0.24,0.0515463917526,0.126048497789,-2.60117897905,0.125,0.0444444444444,0.04,0,-0.537313432836,,0,,,,,,,,0.111111111111,0.444444444444,0
2026,003286,ALL,SEASON,Will Donovan,D,10,47,2,0,0,12,26,2,1,0,1,0,0,1,0,444,56,265,0,0,0,0,0,0,1,0,0,0,0,0.29299719888,0.134328358209,0.0521961262773,0.496562261268,0.536676336511,0,1,0,0.0425531914894,0.453217935031,-0.268656716418,0.00225225225225,0.0178571428571,1,0,-0.268656716418,,0,,,,,,,,1.2,2.6,0.2
2026,003286,CAN,STINT,Will Donovan,D,10,47,2,0,0,12,26,2,1,0,1,0,0,1,0,444,56,265,0,0,0,0,0,0,1,0,0,0,0,0.29299719888,0.134328358209,0.0521961262773,0.496562261268,0.536676336511,0,1,0,0.0425531914894,0.453217935031,-0.268656716418,0.00225225225225,0.0178571428571,1,0,-0.268656716418,,0,,,,,,,,1.2,2.6,0.2
2026,003287,ALL,SEASON,Dante Bowen,SSDM,2,7,1,0,0,2,2,0,1,1,0,0,0,0,0,84,11,61,0,0,0,0,0,0,1,0,0,0,0,0.29299719888,0.134328358209,0.0521961262773,0.496562261268,0.536676336511,0,0,0,0.142857142857,-0.634627116059,-0.29299719888,0.0119047619048,0,0,,,,0,,,,,,,,1,1,0
2026,003287,RED,STINT,Dante Bowen,SSDM,2,7,1,0,0,2,2,0,1,1,0,0,0,0,0,84,11,61,0,0,0,0,0,0,1,0,0,0,0,0.29299719888,0.134328358209,0.0521961262773,0.496562261268,0.536676336511,0,0,0,0.142857142857,-0.634627116059,-0.29299719888,0.0119047619048,0,0,,,,0,,,,,,,,1,1,0
2026,003288,ALL,SEASON,Josh Yago,M,10,237,4,0,0,0,10,1,35,32,3,9,1,20,2,416,52,258,0,0,0,0,0,0,35,10,11,0,0,0.29299719888,0.134328358209,0.0521961262773,0.496562261268,0.536676336511,0.285714285714,0.571428571429,0.314285714286,0.0168776371308,8.37048192771,0.818119486601,0.0841346153846,0.0576923076923,0.0857142857143,0.333333333333,1.19402985075,,0,,,,,,,,0,1,0.1
2026,003288,WAT,STINT,Josh Yago,M,10,237,4,0,0,0,10,1,35,32,3,9,1,20,2,416,52,258,0,0,0,0,0,0,35,10,11,0,0,0.29299719888,0.134328358209,0.0521961262773,0.496562261268,0.536676336511,0.285714285714,0.571428571429,0.314285714286,0.0168776371308,8.37048192771,0.818119486601,0.0841346153846,0.0576923076923,0.0857142857143,0.333333333333,1.19402985075,,0,,,,,,,,0,1,0.1
2026,003289,ALL,SEASON,Alex Ross,D,10,106,6,0,0,4,20,2,11,1,10,0,2,3,0,394,64,275,0,0,0,0,0,0,11,2,4,0,0,0.29299719888,0.134328358209,0.0521961262773,0.496562261268,0.536676336511,0.181818181818,0.272727272727,0.363636363636,0.0566037735849,-0.46721061461,1.02043563694,0.0279187817259,0.15625,0.909090909091,0.2,1.31343283582,,0,,,,,,,,0.4,2,0.2
2026,003289,ATL,STINT,Alex Ross,D,10,106,6,0,0,4,20,2,11,1,10,0,2,3,0,394,64,275,0,0,0,0,0,0,11,2,4,0,0,0.29299719888,0.134328358209,0.0521961262773,0.496562261268,0.536676336511,0.181818181818,0.272727272727,0.363636363636,0.0566037735849,-0.46721061461,1.02043563694,0.0279187817259,0.15625,0.909090909091,0.2,1.31343283582,,0,,,,,,,,0.4,2,0.2
2026,003290,ALL,SEASON,John Dunphey,M,4,51,10,1,1,0,2,0,6,6,0,1,0,4,0,142,29,110,0,0,0,0,0,0,6,1,1,0,0,0.29299719888,0.134328358209,0.0521961262773,0.496562261268,0.536676336511,0.166666666667,0.666666666667,0.166666666667,0.196078431373,-7.33799755986,-0.757983193277,0.0422535211268,0,0,,,1,0.00909090909091,0.503437738732,,,,,,,0,0.5,0
2026,003290,OUT,STINT,John Dunphey,M,4,51,10,1,1,0,2,0,6,6,0,1,0,4,0,142,29,110,0,0,0,0,0,0,6,1,1,0,0,0.29299719888,0.134328358209,0.0521961262773,0.496562261268,0.536676336511,0.166666666667,0.666666666667,0.166666666667,0.196078431373,-7.33799755986,-0.757983193277,0.0422535211268,0,0,,,1,0.00909090909091,0.503437738732,,,,,,,0,0.5,0
2026,003291,ALL,SEASON,Ryan Croddick,G,5,35,4,0,0,1,4,0,0,0,0,0,0,0,0,210,29,149,19,7,18,2,0,9,0,0,0,26,46,0.29299719888,0.134328358209,0.0521961262773,0.496562261268,0.536676336511,,,,0.114285714286,-2.1731355803,,0,0,,,,,0,,0.565217391304,0.513513513514,0.777777777778,1.31288852051,1,0.195652173913,0.2,0.8,0
2026,003291,RED,STINT,Ryan Croddick,G,5,35,4,0,0,1,4,0,0,0,0,0,0,0,0,210,29,149,19,7,18,2,0,9,0,0,0,26,46,0.29299719888,0.134328358209,0.0521961262773,0.496562261268,0.536676336511,,,,0.114285714286,-2.1731355803,,0,0,,,,,0,,0.565217391304,0.513513513514,0.777777777778,1.31288852051,1,0.195652173913,0.2,0.8,0
2026,003292,ALL,SEASON,Henry Bard,D,5,30,2,0,0,3,8,0,1,0,1,0,1,1,0,201,22,135,0,0,0,0,0,0,1,1,2,0,0,0.29299719888,0.134328358209,0.0521961262773,0.496562261268,0.536676336511,1,1,2,0.0666666666667,-0.434116211682,1.73134328358,0.00497512437811,0.0454545454545,1,1,1.73134328358,,0,,,,,,,,0.6,1.6,0
2026,003292,CHA,STINT,Henry Bard,D,5,30,2,0,0,3,8,0,1,0,1,0,1,1,0,201,22,135,0,0,0,0,0,0,1,1,2,0,0,0.29299719888,0.134328358209,0.0521961262773,0.496562261268,0.536676336511,1,1,2,0.0666666666667,-0.434116211682,1.73134328358,0.00497512437811,0.0454545454545,1,1,1.73134328358,,0,,,,,,,,0.6,1.6,0
2026,003293,ALL,SEASON,Hunter Drouin,A,2,34,5,0,0,0,1,1,4,4,0,0,0,1,0,80,9,49,0,0,0,0,0,0,4,0,0,0,0,0.29299719888,0.134328358209,0.0521961262773,0.496562261268,0.536676336511,0,0.25,0,0.147058823529,-3.22533170657,-1.17198879552,0.05,0,0,,,,0,,,,,,,,0,0.5,0.5
2026,003293,ATL,STINT,Hunter Drouin,A,2,34,5,0,0,0,1,1,4,4,0,0,0,1,0,80,9,49,0,0,0,0,0,0,4,0,0,0,0,0.29299719888,0.134328358209,0.0521961262773,0.496562261268,0.536676336511,0,0.25,0,0.147058823529,-3.22533170657,-1.17198879552,0.05,0,0,,,,0,,,,,,,,0,0.5,0.5
2026,003296,ALL,SEASON,Cullen Brown,D,11,65,3,0,0,13,23,0,4,2,2,1,0,1,0,480,53,324,0,0,0,0,0,0,4,1,1,0,0,0.29299719888,0.134328358209,0.0521961262773,0.496562261268,0.536676336511,0.25,0.25,0.25,0.0461538461538,0.392748208022,-0.123307830595,0.00833333333333,0.0377358490566,0.5,0,-0.537313432836,,0,,,,,,,,1.18181818182,2.09090909091,0
2026,003296,RED,STINT,Cullen Brown,D,11,65,3,0,0,13,23,0,4,2,2,1,0,1,0,480,53,324,0,0,0,0,0,0,4,1,1,0,0,0.29299719888,0.134328358209,0.0521961262773,0.496562261268,0.536676336511,0.25,0.25,0.25,0.0461538461538,0.392748208022,-0.123307830595,0.00833333333333,0.0377358490566,0.5,0,-0.537313432836,,0,,,,,,,,1.18181818182,2.09090909091,0
2026,003297,ALL,SEASON,Michael Leo,M,5,66,4,0,0,0,1,0,18,18,0,3,0,13,0,216,23,149,0,0,0,0,0,0,18,3,3,0,0,0.29299719888,0.134328358209,0.0521961262773,0.496562261268,0.536676336511,0.166666666667,0.722222222222,0.166666666667,0.0606060606061,-0.555055665701,-2.27394957983,0.0833333333333,0,0,,,,0,,,,,,,,0,0.2,0
2026,003297,RED,STINT,Michael Leo,M,5,66,4,0,0,0,1,0,18,18,0,3,0,13,0,216,23,149,0,0,0,0,0,0,18,3,3,0,0,0.29299719888,0.134328358209,0.0521961262773,0.496562261268,0.536676336511,0.166666666667,0.722222222222,0.166666666667,0.0606060606061,-0.555055665701,-2.27394957983,0.0833333333333,0,0,,,,0,,,,,,,,0,0.2,0
2026,003298,ALL,SEASON,Finn Thomson,A,5,76,3,0,0,2,6,1,17,17,0,10,0,14,1,222,23,143,0,0,0,0,0,0,17,10,10,0,0,0.29299719888,0.134328358209,0.0521961262773,0.496562261268,0.536676336511,0.588235294118,0.823529411765,0.588235294118,0.0394736842105,0.966905597072,5.01904761905,0.0765765765766,0,0,,,,0,,,,,,,,0.4,1.2,0.2
2026,003298,RED,STINT,Finn Thomson,A,5,76,3,0,0,2,6,1,17,17,0,10,0,14,1,222,23,143,0,0,0,0,0,0,17,10,10,0,0,0.29299719888,0.134328358209,0.0521961262773,0.496562261268,0.536676336511,0.588235294118,0.823529411765,0.588235294118,0.0394736842105,0.966905597072,5.01904761905,0.0765765765766,0,0,,,,0,,,,,,,,0.4,1.2,0.2
2026,003300,ALL,SEASON,Ty English,M,7,100,2,29,1,10,15,4,10,8,2,1,1,6,0,272,32,183,0,0,0,0,0,0,10,2,3,0,0,0.29299719888,0.134328358209,0.0521961262773,0.496562261268,0.536676336511,0.2,0.6,0.3,0.02,3.21961262773,0.118708976128,0.0367647058824,0.0625,0.2,0.5,1.46268656716,0.0344827586207,0.158469945355,-13.4003055768,,,,,,,1.42857142857,2.14285714286,0.571428571429
2026,003300,CHA,STINT,Ty English,M,7,100,2,29,1,10,15,4,10,8,2,1,1,6,0,272,32,183,0,0,0,0,0,0,10,2,3,0,0,0.29299719888,0.134328358209,0.0521961262773,0.496562261268,0.536676336511,0.2,0.6,0.3,0.02,3.21961262773,0.118708976128,0.0367647058824,0.0625,0.2,0.5,1.46268656716,0.0344827586207,0.158469945355,-13.4003055768,,,,,,,1.42857142857,2.14285714286,0.571428571429
2026,003301,ALL,SEASON,Carson Billig,SSDM,2,3,0,0,0,0,0,0,0,0,0,0,0,0,0,73,16,58,0,0,0,0,0,0,0,0,0,0,0,0.29299719888,0.134328358209,0.0521961262773,0.496562261268,0.536676336511,,,,0,0.156588378832,,0,0,,,,,0,,,,,,,,0,0,0
2026,003301,ATL,STINT,Carson Billig,SSDM,2,3,0,0,0,0,0,0,0,0,0,0,0,0,0,73,16,58,0,0,0,0,0,0,0,0,0,0,0,0.29299719888,0.134328358209,0.0521961262773,0.496562261268,0.536676336511,,,,0,0.156588378832,,0,0,,,,,0,,,,,,,,0,0,0
2026,003302,ALL,SEASON,Vinny Butrico,A,2,40,2,0,0,0,2,0,6,6,0,1,0,5,0,89,18,59,0,0,0,0,0,0,6,1,1,0,0,0.29299719888,0.134328358209,0.0521961262773,0.496562261268,0.536676336511,0.166666666667,0.833333333333,0.166666666667,0.05,0.0878450510904,-0.757983193277,0.0674157303371,0,0,,,,0,,,,,,,,0,1,0
2026,003302,ATL,STINT,Vinny Butrico,A,2,40,2,0,0,0,2,0,6,6,0,1,0,5,0,89,18,59,0,0,0,0,0,0,6,1,1,0,0,0.29299719888,0.134328358209,0.0521961262773,0.496562261268,0.536676336511,0.166666666667,0.833333333333,0.166666666667,0.05,0.0878450510904,-0.757983193277,0.0674157303371,0,0,,,,0,,,,,,,,0,1,0
2026,003303,ALL,SEASON,Leif Hagerup,SSDM,2,5,1,0,0,1,1,0,0,0,0,0,0,0,0,71,10,48,0,0,0,0,0,0,0,0,0,0,0,0.29299719888,0.134328358209,0.0521961262773,0.496562261268,0.536676336511,,,,0.2,-0.739019368614,,0,0,,,,,0,,,,,,,,0.5,0.5,0
2026,003303,CHA,STINT,Leif Hagerup,SSDM,2,5,1,0,0,1,1,0,0,0,0,0,0,0,0,71,10,48,0,0,0,0,0,0,0,0,0,0,0,0.29299719888,0.134328358209,0.0521961262773,0.496562261268,0.536676336511,,,,0.2,-0.739019368614,,0,0,,,,,0,,,,,,,,0.5,0.5,0
