game_id,game_slug,start_date_utc,week,game_type,is_playoff,team_id,team_name,opponent_team_id,is_home,team_score_official,opponent_score_official,result,offensive_possessions,defensive_possessions,total_game_possessions,points_scored,points_allowed,points_per_possession,points_allowed_per_possession,offensive_efficiency,defensive_efficiency,net_efficiency,offensive_efficiency_per_100,defensive_efficiency_per_100,net_efficiency_per_100,shots,shots_on_goal,goals,points,shooting_pct,shots_on_goal_pct,goals_per_shot_on_goal,points_per_shot,goals_per_possession,shots_per_possession,shots_on_goal_per_possession,two_point_attempts,two_point_shots_on_goal,two_point_goals,two_point_points,one_point_attempts,one_point_goals,one_point_points,two_point_attempt_rate,two_point_conversion_pct,one_point_conversion_pct,two_point_points_share,points_per_two_point_attempt,possessions_with_two_point_attempt,two_point_possession_rate,turnovers,turnovers_pbp,turnovers_pbp_minus_official,possession_ending_turnovers,caused_turnovers_official,turnovers_forced,turnovers_per_possession,turnover_rate,possession_ending_turnover_rate,turnovers_forced_per_defensive_possession,faceoffs,faceoff_wins,faceoff_losses,faceoff_win_pct,faceoff_wins_pbp,faceoff_wins_pbp_minus_official,faceoff_start_possessions,faceoff_start_possession_share,man_up_opportunities,man_up_shots,man_up_goals,man_up_shooting_pct,man_up_goals_per_opportunity,man_up_goals_pbp,man_up_points,man_up_points_per_opportunity,man_up_goals_pbp_minus_official,man_down_opportunities,man_down_goals_allowed,man_down_goals_allowed_per_opportunity,ground_balls,ground_balls_pbp,ground_balls_pbp_minus_official,ground_balls_per_possession,shots_allowed,shots_on_goal_allowed,goals_allowed,points_allowed_boxscore,two_point_goals_allowed,two_point_attempts_allowed,saves,saves_pbp,saves_pbp_minus_official,save_pct_official,save_pct_vs_shots_on_goal,opponent_shooting_pct_on_goal,penalties,penalties_pbp,penalty_minutes,shot_clock_expirations,shot_clock_expirations_pbp,shot_clock_expirations_pbp_minus_official,shot_clock_expiration_rate,clears,clear_attempts,ride_attempts,observed_possession_seconds,complete_possession_seconds,truncated_possessions,complete_possessions,measurable_span_possessions,mean_complete_possession_duration,median_complete_possession_duration,mean_measurable_span_seconds,median_measurable_span_seconds,time_of_possession_official_seconds,time_of_possession_official_pct,possession_span_coverage_ratio,ambiguous_offensive_possessions,ambiguous_defensive_possessions,ambiguous_offensive_possession_share,turnover_validation_status,ground_ball_validation_status,shot_clock_validation_status,save_validation_status,penalty_validation_status,has_turnover_validation_issue,has_ground_ball_validation_issue,has_shot_clock_validation_issue,has_save_validation_issue,has_penalty_validation_issue,has_unresolved_validation_issue
465,2026-ev-1,2026-05-08 17:00:00-07:00,1,regular_season,False,ARC,Archers,RED,True,5,9,L,40,43,83,5.0,9.0,0.125,0.20930232558139536,0.125,0.20930232558139536,-0.08430232558139536,12.5,20.930232558139537,-8.430232558139537,33,17,5,5.0,0.15151515151515152,0.5151515151515151,0.29411764705882354,0.15151515151515152,0.125,0.825,0.425,6,2,0,0,27,5,5,0.18181818181818182,0.0,0.18518518518518517,0.0,0.0,5,0.125,18,18,0,11.0,6,17,0.45,0.45,0.275,0.3953488372093023,18,7,11,0.3888888888888889,7,0,7.0,0.175,4,4,2,0.5,0.5,2,2.0,0.5,0,3,0,0.0,29,30,1,0.3493975903614458,42,24,9,9,0,9,14,14.0,0.0,0.6087,0.5833333333333334,0.375,3,3,2.0,7,7,0,0.175,24,26,31,868.0,858.0,2,38,20,22.57894736842105,21.0,21.65,20.0,1235,0.42882,0.702834008097166,11,13,0.275,UNRESOLVED,KNOWN_DATA_ISSUE,PASS,PASS,PASS,True,True,False,False,False,True
465,2026-ev-1,2026-05-08 17:00:00-07:00,1,regular_season,False,RED,Redwoods,ARC,False,9,5,W,43,40,83,9.0,5.0,0.20930232558139536,0.125,0.20930232558139536,0.125,0.08430232558139536,20.930232558139537,12.5,8.430232558139537,42,24,9,9.0,0.21428571428571427,0.5714285714285714,0.375,0.21428571428571427,0.20930232558139536,0.9767441860465116,0.5581395348837209,9,4,0,0,33,9,9,0.21428571428571427,0.0,0.2727272727272727,0.0,0.0,8,0.18604651162790697,17,18,1,11.0,6,18,0.3953488372093023,0.3953488372093023,0.2558139534883721,0.45,18,11,7,0.6111111111111112,11,0,11.0,0.2558139534883721,3,3,0,0.0,0.0,0,0.0,0.0,0,4,2,0.5,36,36,0,0.43373493975903615,33,17,5,5,0,6,12,12.0,0.0,0.70588,0.7058823529411765,0.29411764705882354,4,4,2.0,7,7,0,0.16279069767441862,30,31,26,1105.0,1041.0,2,41,22,25.390243902439025,14.0,27.545454545454547,28.0,1493,0.5184,0.7401205626255861,13,11,0.3023255813953488,UNRESOLVED,KNOWN_DATA_ISSUE,PASS,PASS,PASS,True,True,False,False,False,True
466,2026-ev-2,2026-05-08 19:30:00-07:00,1,regular_season,False,ATL,Atlas,CHA,False,16,12,W,47,49,96,16.0,12.0,0.3404255319148936,0.24489795918367346,0.3404255319148936,0.24489795918367346,0.09552757273122015,34.04255319148936,24.489795918367346,9.552757273122015,38,29,13,16.0,0.34210526315789475,0.7631578947368421,0.4482758620689655,0.42105263157894735,0.2765957446808511,0.8085106382978723,0.6170212765957447,8,6,3,6,30,10,10,0.21052631578947367,0.375,0.3333333333333333,0.375,0.75,8,0.1702127659574468,19,19,0,16.0,7,14,0.40425531914893614,0.40425531914893614,0.3404255319148936,0.2857142857142857,29,12,17,0.41379310344827586,12,0,12.0,0.2553191489361702,3,2,1,0.5,0.3333333333333333,1,2.0,0.6666666666666666,0,3,0,0.0,26,26,0,0.2708333333333333,46,31,12,12,0,4,18,18.0,0.0,0.6,0.5806451612903226,0.3870967741935484,3,3,2.0,2,3,1,0.0425531914893617,31,34,38,925.0,922.0,2,45,16,20.488888888888887,19.0,28.3125,24.0,1250,0.43403,0.74,21,18,0.44680851063829785,KNOWN_DATA_ISSUE,PASS,UNRESOLVED,PASS,PASS,True,False,True,False,False,True
466,2026-ev-2,2026-05-08 19:30:00-07:00,1,regular_season,False,CHA,Chaos,ATL,True,12,16,L,49,47,96,12.0,16.0,0.24489795918367346,0.3404255319148936,0.24489795918367346,0.3404255319148936,-0.09552757273122015,24.489795918367346,34.04255319148936,-9.552757273122015,46,31,12,12.0,0.2608695652173913,0.6739130434782609,0.3870967741935484,0.2608695652173913,0.24489795918367346,0.9387755102040817,0.6326530612244898,4,4,0,0,42,12,12,0.08695652173913043,0.0,0.2857142857142857,0.0,0.0,4,0.08163265306122448,14,15,1,13.0,7,19,0.2857142857142857,0.2857142857142857,0.2653061224489796,0.40425531914893614,29,17,12,0.5862068965517241,17,0,17.0,0.3469387755102041,3,4,0,0.0,0.0,0,0.0,0.0,0,3,1,0.3333333333333333,33,33,0,0.34375,38,29,13,16,3,8,15,15.0,0.0,0.53571,0.5172413793103449,0.4482758620689655,3,3,2.5,1,1,0,0.02040816326530612,36,38,34,1199.0,1195.0,1,48,25,24.895833333333332,21.5,22.32,18.0,1400,0.48611,0.8564285714285714,18,21,0.3673469387755102,KNOWN_DATA_ISSUE,PASS,UNRESOLVED,PASS,PASS,True,False,True,False,False,True
467,2026-ev-3,2026-05-09 16:00:00-07:00,1,regular_season,False,ARC,Archers,OUT,True,10,7,W,44,39,83,10.0,7.0,0.22727272727272727,0.1794871794871795,0.22727272727272727,0.1794871794871795,0.04778554778554778,22.727272727272727,17.94871794871795,4.778554778554778,37,20,10,10.0,0.2702702702702703,0.5405405405405406,0.5,0.2702702702702703,0.22727272727272727,0.8409090909090909,0.45454545454545453,4,2,0,0,33,10,10,0.10810810810810811,0.0,0.30303030303030304,0.0,0.0,3,0.06818181818181818,20,20,0,15.0,11,20,0.45454545454545453,0.45454545454545453,0.3409090909090909,0.5128205128205128,20,11,9,0.55,11,0,11.0,0.25,5,6,1,0.16666666666666666,0.2,1,1.0,0.2,0,4,2,0.5,33,33,0,0.39759036144578314,29,19,6,7,1,5,12,12.0,0.0,0.66667,0.631578947368421,0.3157894736842105,4,4,3.5,5,5,0,0.11363636363636363,34,34,23,908.0,885.0,3,41,23,21.585365853658537,17.0,32.608695652173914,31.0,1291,0.44826,0.7033307513555384,14,11,0.3181818181818182,KNOWN_DATA_ISSUE,PASS,PASS,PASS,PASS,True,False,False,False,False,False
467,2026-ev-3,2026-05-09 16:00:00-07:00,1,regular_season,False,OUT,Outlaws,ARC,False,7,10,L,39,44,83,7.0,10.0,0.1794871794871795,0.22727272727272727,0.1794871794871795,0.22727272727272727,-0.04778554778554778,17.94871794871795,22.727272727272727,-4.778554778554778,29,19,6,7.0,0.20689655172413793,0.6551724137931034,0.3157894736842105,0.2413793103448276,0.15384615384615385,0.7435897435897436,0.48717948717948717,5,4,1,2,24,5,5,0.1724137931034483,0.2,0.20833333333333334,0.2857142857142857,0.4,5,0.1282051282051282,20,19,-1,15.0,11,20,0.5128205128205128,0.5128205128205128,0.38461538461538464,0.45454545454545453,20,9,11,0.45,9,0,9.0,0.23076923076923078,4,3,2,0.6666666666666666,0.5,2,3.0,0.75,0,5,1,0.2,29,29,0,0.3493975903614458,37,20,10,10,0,4,10,10.0,0.0,0.5,0.5,0.5,5,5,3.0,3,3,0,0.07692307692307693,23,23,34,1053.0,1042.0,1,38,18,27.42105263157895,24.5,30.77777777777778,31.0,1455,0.50521,0.7237113402061855,11,14,0.28205128205128205,KNOWN_DATA_ISSUE,PASS,PASS,PASS,PASS,True,False,False,False,False,False
468,2026-ev-4,2026-05-09 13:30:00-07:00,1,regular_season,False,WAT,Waterdogs,WHP,False,16,14,W,43,42,85,16.0,14.0,0.37209302325581395,0.3333333333333333,0.37209302325581395,0.3333333333333333,0.038759689922480633,37.2093023255814,33.333333333333336,3.8759689922480636,41,26,13,16.0,0.3170731707317073,0.6341463414634146,0.5,0.3902439024390244,0.3023255813953488,0.9534883720930233,0.6046511627906976,8,3,3,6,33,10,10,0.1951219512195122,0.375,0.30303030303030304,0.375,0.75,7,0.16279069767441862,16,16,0,12.0,7,18,0.37209302325581395,0.37209302325581395,0.27906976744186046,0.42857142857142855,28,18,10,0.6428571428571429,18,0,18.0,0.4186046511627907,3,3,1,0.3333333333333333,0.3333333333333333,1,2.0,0.6666666666666666,0,4,3,0.75,38,38,0,0.4470588235294118,43,29,13,14,1,5,15,15.0,0.0,0.53571,0.5172413793103449,0.4482758620689655,5,5,3.5,4,4,0,0.09302325581395349,27,28,24,1309.0,1309.0,1,42,19,31.166666666666668,30.5,27.210526315789473,28.0,1556,0.54028,0.8412596401028277,16,18,0.37209302325581395,KNOWN_DATA_ISSUE,PASS,PASS,PASS,PASS,True,False,False,False,False,False
468,2026-ev-4,2026-05-09 13:30:00-07:00,1,regular_season,False,WHP,Whipsnakes,WAT,True,14,16,L,42,43,85,14.0,16.0,0.3333333333333333,0.37209302325581395,0.3333333333333333,0.37209302325581395,-0.038759689922480633,33.333333333333336,37.2093023255814,-3.8759689922480636,43,29,13,14.0,0.3023255813953488,0.6744186046511628,0.4482758620689655,0.32558139534883723,0.30952380952380953,1.0238095238095237,0.6904761904761905,5,1,1,2,38,12,12,0.11627906976744186,0.2,0.3157894736842105,0.14285714285714285,0.4,4,0.09523809523809523,18,19,1,15.0,8,16,0.42857142857142855,0.42857142857142855,0.35714285714285715,0.37209302325581395,28,10,18,0.35714285714285715,10,0,10.0,0.23809523809523808,4,6,3,0.5,0.75,3,3.0,0.75,0,3,1,0.3333333333333333,26,26,0,0.3058823529411765,41,26,13,16,3,8,11,11.0,0.0,0.45833,0.4230769230769231,0.5,3,3,2.5,4,4,0,0.09523809523809523,24,24,28,845.0,843.0,2,40,13,21.075,19.0,23.53846153846154,21.0,1096,0.38056,0.7709854014598541,18,16,0.42857142857142855,KNOWN_DATA_ISSUE,PASS,PASS,PASS,PASS,True,False,False,False,False,False
470,2026-ev-5,2026-05-15 15:00:00-07:00,2,regular_season,False,CAN,Cannons,CHA,True,10,14,L,48,44,92,10.0,14.0,0.20833333333333334,0.3181818181818182,0.20833333333333334,0.3181818181818182,-0.10984848484848483,20.833333333333332,31.818181818181817,-10.984848484848483,41,24,8,10.0,0.1951219512195122,0.5853658536585366,0.3333333333333333,0.24390243902439024,0.16666666666666666,0.8541666666666666,0.5,10,4,2,4,31,6,6,0.24390243902439024,0.2,0.1935483870967742,0.4,0.4,9,0.1875,18,18,0,14.0,11,20,0.375,0.375,0.2916666666666667,0.45454545454545453,25,17,8,0.68,17,0,17.0,0.3541666666666667,2,3,1,0.3333333333333333,0.5,1,1.0,0.5,0,3,2,0.6666666666666666,39,39,0,0.42391304347826086,34,21,13,14,1,7,7,7.0,0.0,0.35,0.3333333333333333,0.6190476190476191,3,3,2.0,4,4,0,0.08333333333333333,27,28,32,1313.0,1311.0,2,46,22,28.5,31.0,24.227272727272727,25.5,1451,0.50382,0.9048931771192281,19,19,0.3958333333333333,UNRESOLVED,UNRESOLVED,PASS,PASS,PASS,True,True,False,False,False,True
470,2026-ev-5,2026-05-15 15:00:00-07:00,2,regular_season,False,CHA,Chaos,CAN,False,14,10,W,44,48,92,14.0,10.0,0.3181818181818182,0.20833333333333334,0.3181818181818182,0.20833333333333334,0.10984848484848483,31.818181818181817,20.833333333333332,10.984848484848483,34,21,13,14.0,0.38235294117647056,0.6176470588235294,0.6190476190476191,0.4117647058823529,0.29545454545454547,0.7727272727272727,0.4772727272727273,7,2,1,2,27,12,12,0.20588235294117646,0.14285714285714285,0.4444444444444444,0.14285714285714285,0.2857142857142857,7,0.1590909090909091,20,21,1,16.0,6,18,0.45454545454545453,0.45454545454545453,0.36363636363636365,0.375,25,8,17,0.32,8,0,8.0,0.18181818181818182,3,2,2,1.0,0.6666666666666666,2,3.0,1.0,0,2,1,0.5,26,27,1,0.2826086956521739,41,24,8,10,2,10,15,15.0,0.0,0.65217,0.625,0.3333333333333333,2,2,2.0,5,5,0,0.11363636363636363,29,32,28,754.0,754.0,1,43,19,17.53488372093023,13.0,21.42105263157895,24.0,1289,0.44757,0.5849495733126454,19,19,0.4318181818181818,UNRESOLVED,UNRESOLVED,PASS,PASS,PASS,True,True,False,False,False,True
471,2026-ev-6,2026-05-15 17:30:00-07:00,2,regular_season,False,ATL,Atlas,WHP,False,6,12,L,44,44,88,6.0,12.0,0.13636363636363635,0.2727272727272727,0.13636363636363635,0.2727272727272727,-0.13636363636363635,13.636363636363637,27.272727272727273,-13.636363636363635,42,26,6,6.0,0.14285714285714285,0.6190476190476191,0.23076923076923078,0.14285714285714285,0.13636363636363635,0.9545454545454546,0.5909090909090909,5,3,0,0,37,6,6,0.11904761904761904,0.0,0.16216216216216217,0.0,0.0,5,0.11363636363636363,17,18,1,15.0,7,17,0.38636363636363635,0.38636363636363635,0.3409090909090909,0.38636363636363635,22,14,8,0.6363636363636364,14,0,14.0,0.3181818181818182,1,2,0,0.0,0.0,0,0.0,0.0,0,3,1,0.3333333333333333,32,32,0,0.36363636363636365,37,27,12,12,0,1,15,15.0,0.0,0.55556,0.5555555555555556,0.4444444444444444,3,3,2.0,3,3,0,0.06818181818181818,30,30,32,1095.0,1094.0,2,42,17,26.047619047619047,26.5,23.941176470588236,28.0,1158,0.40208,0.9455958549222798,19,19,0.4318181818181818,KNOWN_DATA_ISSUE,PASS,PASS,PASS,PASS,True,False,False,False,False,False
471,2026-ev-6,2026-05-15 17:30:00-07:00,2,regular_season,False,WHP,Whipsnakes,ATL,True,12,6,W,44,44,88,12.0,6.0,0.2727272727272727,0.13636363636363635,0.2727272727272727,0.13636363636363635,0.13636363636363635,27.272727272727273,13.636363636363637,13.636363636363635,37,27,12,12.0,0.32432432432432434,0.7297297297297297,0.4444444444444444,0.32432432432432434,0.2727272727272727,0.8409090909090909,0.6136363636363636,1,1,0,0,36,12,12,0.02702702702702703,0.0,0.3333333333333333,0.0,0.0,1,0.022727272727272728,17,19,2,14.0,6,17,0.38636363636363635,0.38636363636363635,0.3181818181818182,0.38636363636363635,22,8,14,0.36363636363636365,8,0,8.0,0.18181818181818182,3,1,1,1.0,0.3333333333333333,1,1.0,0.3333333333333333,0,1,0,0.0,25,25,0,0.2840909090909091,42,26,6,6,0,5,18,18.0,0.0,0.75,0.6923076923076923,0.23076923076923078,1,1,1.0,5,5,0,0.11363636363636363,32,32,30,875.0,875.0,1,43,21,20.348837209302324,12.0,27.0,30.0,1527,0.53021,0.573018991486575,19,19,0.4318181818181818,KNOWN_DATA_ISSUE,PASS,PASS,PASS,PASS,True,False,False,False,False,False
472,2026-ev-7,2026-05-16 10:00:00-07:00,2,regular_season,False,OUT,Outlaws,RED,True,10,9,W,41,39,80,10.0,9.0,0.24390243902439024,0.23076923076923078,0.24390243902439024,0.23076923076923078,0.013133208255159456,24.390243902439025,23.076923076923077,1.3133208255159456,49,25,10,10.0,0.20408163265306123,0.5102040816326531,0.4,0.20408163265306123,0.24390243902439024,1.1951219512195121,0.6097560975609756,5,3,0,0,44,10,10,0.10204081632653061,0.0,0.22727272727272727,0.0,0.0,4,0.0975609756097561,13,13,0,12.0,3,15,0.3170731707317073,0.3170731707317073,0.2926829268292683,0.38461538461538464,23,11,12,0.4782608695652174,11,0,11.0,0.2682926829268293,1,1,0,0.0,0.0,0,0.0,0.0,0,2,1,0.5,17,17,0,0.2125,45,24,9,9,0,7,15,15.0,0.0,0.625,0.625,0.375,2,2,1.0,1,1,0,0.024390243902439025,29,30,29,861.0,852.0,2,39,15,21.846153846153847,11.0,21.933333333333334,11.0,1368,0.475,0.6293859649122807,19,18,0.4634146341463415,PASS,PASS,PASS,PASS,PASS,False,False,False,False,False,False
472,2026-ev-7,2026-05-16 10:00:00-07:00,2,regular_season,False,RED,Redwoods,OUT,False,9,10,L,39,41,80,9.0,10.0,0.23076923076923078,0.24390243902439024,0.23076923076923078,0.24390243902439024,-0.013133208255159456,23.076923076923077,24.390243902439025,-1.3133208255159456,45,24,9,9.0,0.2,0.5333333333333333,0.375,0.2,0.23076923076923078,1.1538461538461537,0.6153846153846154,7,3,0,0,38,9,9,0.15555555555555556,0.0,0.23684210526315788,0.0,0.0,7,0.1794871794871795,15,15,0,11.0,9,13,0.38461538461538464,0.38461538461538464,0.28205128205128205,0.3170731707317073,23,12,11,0.5217391304347826,12,0,12.0,0.3076923076923077,2,2,1,0.5,0.5,1,1.0,0.5,0,1,0,0.0,36,36,0,0.45,49,25,10,10,0,5,15,15.0,0.0,0.6,0.6,0.4,1,1,0.5,4,4,0,0.10256410256410256,28,29,30,1266.0,1248.0,2,37,13,33.729729729729726,32.0,31.692307692307693,36.0,1348,0.46806,0.9391691394658753,18,19,0.46153846153846156,PASS,PASS,PASS,PASS,PASS,False,False,False,False,False,False
473,2026-ev-8,2026-05-16 17:00:00-07:00,2,regular_season,False,CAN,Cannons,WAT,True,19,5,W,43,40,83,19.0,5.0,0.4418604651162791,0.125,0.4418604651162791,0.125,0.3168604651162791,44.18604651162791,12.5,31.686046511627907,40,27,16,19.0,0.4,0.675,0.5925925925925926,0.475,0.37209302325581395,0.9302325581395349,0.627906976744186,8,7,3,6,32,13,13,0.2,0.375,0.40625,0.3157894736842105,0.75,8,0.18604651162790697,15,15,0,14.0,7,16,0.3488372093023256,0.3488372093023256,0.32558139534883723,0.4,23,8,14,0.34782608695652173,8,0,8.0,0.18604651162790697,1,1,0,0.0,0.0,0,0.0,0.0,0,6,0,0.0,24,24,0,0.2891566265060241,43,22,4,5,1,9,16,17.0,1.0,0.8,0.7272727272727273,0.18181818181818182,6,6,5.5,2,2,0,0.046511627906976744,26,28,26,751.0,751.0,2,41,20,18.317073170731707,8.0,20.15,13.0,1311,0.45521,0.5728451563691839,16,16,0.37209302325581395,PASS,PASS,PASS,UNRESOLVED,PASS,False,False,False,True,False,True
473,2026-ev-8,2026-05-16 17:00:00-07:00,2,regular_season,False,WAT,Waterdogs,CAN,False,5,19,L,40,43,83,5.0,19.0,0.125,0.4418604651162791,0.125,0.4418604651162791,-0.3168604651162791,12.5,44.18604651162791,-31.686046511627907,43,22,4,5.0,0.09302325581395349,0.5116279069767442,0.18181818181818182,0.11627906976744186,0.1,1.075,0.55,9,4,1,2,34,3,3,0.20930232558139536,0.1111111111111111,0.08823529411764706,0.4,0.2222222222222222,9,0.225,16,16,0,12.0,8,15,0.4,0.4,0.3,0.3488372093023256,23,14,8,0.6086956521739131,14,0,14.0,0.35,6,7,0,0.0,0.0,0,0.0,0.0,0,1,0,0.0,35,35,0,0.42168674698795183,40,27,16,19,3,8,10,10.0,0.0,0.38462,0.37037037037037035,0.5925925925925926,1,1,0.5,4,4,0,0.1,26,26,28,1287.0,1287.0,0,40,19,32.175,29.0,29.842105263157894,29.0,1371,0.47604,0.9387308533916849,16,16,0.4,PASS,PASS,PASS,UNRESOLVED,PASS,False,False,False,True,False,True
474,2026-ev-9,2026-05-29 15:00:00-07:00,3,regular_season,False,CAN,Cannons,WHP,False,10,17,L,41,46,87,10.0,17.0,0.24390243902439024,0.3695652173913043,0.24390243902439024,0.3695652173913043,-0.12566277836691409,24.390243902439025,36.95652173913044,-12.566277836691409,36,21,9,10.0,0.25,0.5833333333333334,0.42857142857142855,0.2777777777777778,0.21951219512195122,0.8780487804878049,0.5121951219512195,9,6,1,2,27,8,8,0.25,0.1111111111111111,0.2962962962962963,0.2,0.2222222222222222,9,0.21951219512195122,17,17,0,14.0,5,12,0.4146341463414634,0.4146341463414634,0.34146341463414637,0.2608695652173913,30,14,16,0.4666666666666667,14,0,14.0,0.34146341463414637,1,1,0,0.0,0.0,0,0.0,0.0,0,2,2,1.0,34,34,0,0.39080459770114945,49,34,17,17,0,2,15,15.0,0.0,0.46875,0.4411764705882353,0.5,2,2,1.5,2,2,0,0.04878048780487805,26,26,29,901.0,899.0,2,39,18,23.05128205128205,23.0,21.61111111111111,25.5,1239,0.43021,0.7271993543179984,17,18,0.4146341463414634,UNRESOLVED,PASS,PASS,PASS,PASS,True,False,False,False,False,True
474,2026-ev-9,2026-05-29 15:00:00-07:00,3,regular_season,False,WHP,Whipsnakes,CAN,True,17,10,W,46,41,87,17.0,10.0,0.3695652173913043,0.24390243902439024,0.3695652173913043,0.24390243902439024,0.12566277836691409,36.95652173913044,24.390243902439025,12.566277836691409,49,34,17,17.0,0.3469387755102041,0.6938775510204082,0.5,0.3469387755102041,0.3695652173913043,1.065217391304348,0.7391304347826086,2,1,0,0,47,17,17,0.04081632653061224,0.0,0.3617021276595745,0.0,0.0,2,0.043478260869565216,12,13,1,8.0,7,17,0.2608695652173913,0.2608695652173913,0.17391304347826086,0.4146341463414634,30,16,14,0.5333333333333333,16,0,16.0,0.34782608695652173,2,3,2,0.6666666666666666,1.0,2,2.0,1.0,0,1,0,0.0,33,33,0,0.3793103448275862,36,21,9,10,1,9,10,10.0,0.0,0.52632,0.47619047619047616,0.42857142857142855,1,1,0.5,5,5,0,0.10869565217391304,27,29,26,1051.0,1051.0,1,45,25,23.355555555555554,20.0,26.92,27.0,1409,0.48924,0.7459190915542938,18,17,0.391304347826087,UNRESOLVED,PASS,PASS,PASS,PASS,True,False,False,False,False,True
476,2026-ev-10,2026-05-30 10:00:00-07:00,3,regular_season,False,ATL,Atlas,OUT,False,9,16,L,45,45,90,9.0,16.0,0.2,0.35555555555555557,0.2,0.35555555555555557,-0.15555555555555556,20.0,35.55555555555556,-15.555555555555555,33,21,8,9.0,0.24242424242424243,0.6363636363636364,0.38095238095238093,0.2727272727272727,0.17777777777777778,0.7333333333333333,0.4666666666666667,5,4,1,2,28,7,7,0.15151515151515152,0.2,0.25,0.2222222222222222,0.4,5,0.1111111111111111,20,20,0,19.0,5,10,0.4444444444444444,0.4444444444444444,0.4222222222222222,0.2222222222222222,27,17,10,0.6296296296296297,17,0,17.0,0.37777777777777777,2,2,0,0.0,0.0,0,0.0,0.0,0,3,0,0.0,32,32,0,0.35555555555555557,59,38,15,16,1,7,20,20.0,0.0,0.57143,0.5263157894736842,0.39473684210526316,3,3,2.0,1,1,0,0.022222222222222223,31,31,33,942.0,920.0,2,43,19,21.3953488372093,19.0,19.842105263157894,20.0,1258,0.43469,0.7488076311605724,21,24,0.4666666666666667,PASS,PASS,PASS,PASS,PASS,False,False,False,False,False,False
476,2026-ev-10,2026-05-30 10:00:00-07:00,3,regular_season,False,OUT,Outlaws,ATL,True,16,9,W,45,45,90,16.0,9.0,0.35555555555555557,0.2,0.35555555555555557,0.2,0.15555555555555556,35.55555555555556,20.0,15.555555555555555,59,38,15,16.0,0.2542372881355932,0.6440677966101694,0.39473684210526316,0.2711864406779661,0.3333333333333333,1.3111111111111111,0.8444444444444444,7,4,1,2,52,14,14,0.11864406779661017,0.14285714285714285,0.2692307692307692,0.125,0.2857142857142857,7,0.15555555555555556,10,10,0,8.0,7,20,0.2222222222222222,0.2222222222222222,0.17777777777777778,0.4444444444444444,27,10,17,0.37037037037037035,10,0,10.0,0.2222222222222222,3,4,0,0.0,0.0,0,0.0,0.0,0,2,0,0.0,22,22,0,0.24444444444444444,33,21,8,9,1,5,11,11.0,0.0,0.57895,0.5238095238095238,0.38095238095238093,2,2,2.5,2,2,0,0.044444444444444446,33,33,31,1210.0,1210.0,0,45,19,26.88888888888889,24.0,25.0,24.0,1303,0.45024,0.9286262471220261,24,21,0.5333333333333333,PASS,PASS,PASS,PASS,PASS,False,False,False,False,False,False
477,2026-ev-11,2026-05-30 14:30:00-07:00,3,regular_season,False,ARC,Archers,WHP,False,5,8,L,40,40,80,5.0,8.0,0.125,0.2,0.125,0.2,-0.07500000000000001,12.5,20.0,-7.500000000000001,31,20,5,5.0,0.16129032258064516,0.6451612903225806,0.25,0.16129032258064516,0.125,0.775,0.5,6,3,0,0,25,5,5,0.1935483870967742,0.0,0.2,0.0,0.0,6,0.15,22,22,0,15.0,6,16,0.55,0.55,0.375,0.4,17,11,6,0.6470588235294118,11,0,11.0,0.275,3,4,1,0.25,0.3333333333333333,1,1.0,0.3333333333333333,0,3,1,0.3333333333333333,35,35,0,0.4375,40,21,8,8,0,3,12,12.0,0.0,0.6,0.5714285714285714,0.38095238095238093,8,8,7.0,7,7,0,0.175,27,28,30,1054.0,1054.0,1,39,20,27.025641025641026,25.0,31.9,32.0,1236,0.42917,0.8527508090614887,13,13,0.325,UNRESOLVED,PASS,PASS,PASS,PASS,True,False,False,False,False,True
477,2026-ev-11,2026-05-30 14:30:00-07:00,3,regular_season,False,WHP,Whipsnakes,ARC,True,8,5,W,40,40,80,8.0,5.0,0.2,0.125,0.2,0.125,0.07500000000000001,20.0,12.5,7.500000000000001,40,21,8,8.0,0.2,0.525,0.38095238095238093,0.2,0.2,1.0,0.525,3,2,0,0,37,8,8,0.075,0.0,0.21621621621621623,0.0,0.0,3,0.075,16,17,1,13.0,3,22,0.4,0.4,0.325,0.55,17,6,11,0.35294117647058826,6,0,6.0,0.15,3,3,1,0.3333333333333333,0.3333333333333333,2,2.0,0.6666666666666666,1,3,1,0.3333333333333333,20,20,0,0.25,31,20,5,5,0,6,13,13.0,0.0,0.72222,0.65,0.25,5,5,5.0,4,4,0,0.1,29,30,28,851.0,830.0,3,37,18,22.43243243243243,11.0,27.11111111111111,31.0,1482,0.51458,0.5742240215924427,13,13,0.325,UNRESOLVED,PASS,PASS,PASS,PASS,True,False,False,False,False,True
478,2026-ev-12,2026-05-30 17:00:00-07:00,3,regular_season,False,CHA,Chaos,WAT,False,10,8,W,41,38,79,10.0,8.0,0.24390243902439024,0.21052631578947367,0.24390243902439024,0.21052631578947367,0.033376123234916566,24.390243902439025,21.05263157894737,3.3376123234916566,38,25,10,10.0,0.2631578947368421,0.6578947368421053,0.4,0.2631578947368421,0.24390243902439024,0.926829268292683,0.6097560975609756,5,3,0,0,33,10,10,0.13157894736842105,0.0,0.30303030303030304,0.0,0.0,5,0.12195121951219512,12,12,0,9.0,2,14,0.2926829268292683,0.2926829268292683,0.21951219512195122,0.3684210526315789,22,12,10,0.5454545454545454,12,0,12.0,0.2926829268292683,1,0,0,,0.0,0,0.0,0.0,0,3,1,0.3333333333333333,25,25,0,0.31645569620253167,45,27,8,8,0,6,14,14.0,0.0,0.63636,0.5185185185185185,0.2962962962962963,5,5,5.5,3,3,0,0.07317073170731707,31,32,27,1079.0,984.0,2,39,18,25.23076923076923,21.0,26.72222222222222,25.0,1345,0.46701,0.8022304832713755,17,17,0.4146341463414634,PASS,PASS,PASS,PASS,PASS,False,False,False,False,False,False
478,2026-ev-12,2026-05-30 17:00:00-07:00,3,regular_season,False,WAT,Waterdogs,CHA,True,8,10,L,38,41,79,8.0,10.0,0.21052631578947367,0.24390243902439024,0.21052631578947367,0.24390243902439024,-0.033376123234916566,21.05263157894737,24.390243902439025,-3.3376123234916566,45,27,8,8.0,0.17777777777777778,0.6,0.2962962962962963,0.17777777777777778,0.21052631578947367,1.1842105263157894,0.7105263157894737,6,2,0,0,39,8,8,0.13333333333333333,0.0,0.20512820512820512,0.0,0.0,6,0.15789473684210525,14,14,0,12.0,5,12,0.3684210526315789,0.3684210526315789,0.3157894736842105,0.2926829268292683,22,10,12,0.45454545454545453,10,0,10.0,0.2631578947368421,3,4,1,0.25,0.3333333333333333,2,2.0,0.6666666666666666,1,1,0,0.0,30,30,0,0.379746835443038,38,25,10,10,0,5,14,14.0,0.0,0.58333,0.56,0.4,1,1,1.0,2,2,0,0.05263157894736842,27,27,32,1265.0,1265.0,2,36,19,35.138888888888886,36.5,35.8421052631579,36.0,1335,0.46354,0.947565543071161,17,17,0.4473684210526316,PASS,PASS,PASS,PASS,PASS,False,False,False,False,False,False
479,2026-ev-13,2026-06-05 15:00:00-07:00,4,regular_season,False,ARC,Archers,CHA,False,15,7,W,46,36,82,15.0,7.0,0.32608695652173914,0.19444444444444445,0.32608695652173914,0.19444444444444445,0.1316425120772947,32.608695652173914,19.444444444444443,13.16425120772947,53,32,15,15.0,0.2830188679245283,0.6037735849056604,0.46875,0.2830188679245283,0.32608695652173914,1.1521739130434783,0.6956521739130435,1,0,0,0,52,15,15,0.018867924528301886,0.0,0.28846153846153844,0.0,0.0,1,0.021739130434782608,19,19,0,12.0,4,11,0.41304347826086957,0.41304347826086957,0.2608695652173913,0.3055555555555556,26,17,8,0.6538461538461539,17,0,17.0,0.3695652173913043,2,1,1,1.0,0.5,1,1.0,0.5,0,3,1,0.3333333333333333,31,31,0,0.3780487804878049,38,24,7,7,0,7,15,15.0,0.0,0.68182,0.625,0.2916666666666667,3,3,2.0,7,7,0,0.15217391304347827,31,31,29,1148.0,1148.0,1,45,26,25.511111111111113,27.0,30.692307692307693,31.5,1449,0.50312,0.7922705314009661,17,16,0.3695652173913043,PASS,PASS,PASS,PASS,PASS,False,False,False,False,False,False
479,2026-ev-13,2026-06-05 15:00:00-07:00,4,regular_season,False,CHA,Chaos,ARC,True,7,15,L,36,46,82,7.0,15.0,0.19444444444444445,0.32608695652173914,0.19444444444444445,0.32608695652173914,-0.1316425120772947,19.444444444444443,32.608695652173914,-13.16425120772947,38,24,7,7.0,0.18421052631578946,0.631578947368421,0.2916666666666667,0.18421052631578946,0.19444444444444445,1.0555555555555556,0.6666666666666666,7,3,0,0,31,7,7,0.18421052631578946,0.0,0.22580645161290322,0.0,0.0,7,0.19444444444444445,11,11,0,10.0,9,19,0.3055555555555556,0.3055555555555556,0.2777777777777778,0.41304347826086957,26,8,17,0.3076923076923077,8,0,8.0,0.2222222222222222,3,1,1,1.0,0.3333333333333333,1,1.0,0.3333333333333333,0,2,1,0.5,21,21,0,0.25609756097560976,53,32,15,15,0,1,17,17.0,0.0,0.53125,0.53125,0.46875,2,2,1.5,1,1,0,0.027777777777777776,29,29,31,996.0,996.0,0,36,17,27.666666666666668,27.0,24.647058823529413,26.0,1216,0.42222,0.819078947368421,16,17,0.4444444444444444,PASS,PASS,PASS,PASS,PASS,False,False,False,False,False,False
481,2026-ev-14,2026-06-05 17:30:00-07:00,4,regular_season,False,ATL,Atlas,RED,True,11,12,L,46,46,92,11.0,12.0,0.2391304347826087,0.2608695652173913,0.2391304347826087,0.2608695652173913,-0.021739130434782594,23.91304347826087,26.08695652173913,-2.1739130434782594,50,29,10,11.0,0.2,0.58,0.3448275862068966,0.22,0.21739130434782608,1.0869565217391304,0.6304347826086957,5,3,1,2,45,9,9,0.1,0.2,0.2,0.18181818181818182,0.4,5,0.10869565217391304,20,20,0,15.0,11,23,0.43478260869565216,0.43478260869565216,0.32608695652173914,0.5,26,14,12,0.5384615384615384,14,0,14.0,0.30434782608695654,2,2,0,0.0,0.0,0,0.0,0.0,0,1,0,0.0,45,45,0,0.4891304347826087,37,19,12,12,0,2,7,7.0,0.0,0.36842,0.3684210526315789,0.631578947368421,1,1,0.5,4,4,0,0.08695652173913043,30,31,32,1208.0,1203.0,3,43,28,27.976744186046513,29.0,28.714285714285715,27.0,1256,0.43611,0.9617834394904459,9,11,0.1956521739130435,KNOWN_DATA_ISSUE,PASS,PASS,PASS,PASS,True,False,False,False,False,False
481,2026-ev-14,2026-06-05 17:30:00-07:00,4,regular_season,False,RED,Redwoods,ATL,False,12,11,W,46,46,92,12.0,11.0,0.2608695652173913,0.2391304347826087,0.2608695652173913,0.2391304347826087,0.021739130434782594,26.08695652173913,23.91304347826087,2.1739130434782594,37,19,12,12.0,0.32432432432432434,0.5135135135135135,0.631578947368421,0.32432432432432434,0.2608695652173913,0.8043478260869565,0.41304347826086957,2,1,0,0,35,12,12,0.05405405405405406,0.0,0.34285714285714286,0.0,0.0,2,0.043478260869565216,23,22,-1,21.0,6,20,0.5,0.5,0.45652173913043476,0.43478260869565216,26,12,14,0.46153846153846156,12,0,12.0,0.2608695652173913,1,0,0,,0.0,0,0.0,0.0,0,2,0,0.0,29,29,0,0.31521739130434784,50,29,10,11,1,5,15,15.0,0.0,0.6,0.5172413793103449,0.3448275862068966,2,2,1.5,1,1,0,0.021739130434782608,32,32,31,796.0,791.0,1,45,25,17.57777777777778,13.0,16.72,15.0,1415,0.49132,0.5625441696113074,11,9,0.2391304347826087,KNOWN_DATA_ISSUE,PASS,PASS,PASS,PASS,True,False,False,False,False,False
482,2026-ev-15,2026-06-06 14:30:00-07:00,4,regular_season,False,CHA,Chaos,OUT,True,12,11,W,42,42,84,12.0,11.0,0.2857142857142857,0.2619047619047619,0.2857142857142857,0.2619047619047619,0.02380952380952378,28.571428571428573,26.19047619047619,2.380952380952378,38,25,12,12.0,0.3157894736842105,0.6578947368421053,0.48,0.3157894736842105,0.2857142857142857,0.9047619047619048,0.5952380952380952,2,1,0,0,36,12,12,0.05263157894736842,0.0,0.3333333333333333,0.0,0.0,2,0.047619047619047616,16,16,0,14.0,6,18,0.38095238095238093,0.38095238095238093,0.3333333333333333,0.42857142857142855,26,10,16,0.38461538461538464,10,0,10.0,0.23809523809523808,1,1,0,0.0,0.0,0,0.0,0.0,0,2,1,0.5,21,22,1,0.25,41,28,10,11,1,8,14,14.0,0.0,0.58333,0.5,0.35714285714285715,2,2,1.0,2,2,0,0.047619047619047616,32,33,31,781.0,672.0,3,39,18,17.23076923076923,7.0,15.944444444444445,6.5,1421,0.4934,0.5496129486277269,15,16,0.35714285714285715,UNRESOLVED,UNRESOLVED,PASS,PASS,PASS,True,True,False,False,False,True
482,2026-ev-15,2026-06-06 14:30:00-07:00,4,regular_season,False,OUT,Outlaws,CHA,False,11,12,L,42,42,84,11.0,12.0,0.2619047619047619,0.2857142857142857,0.2619047619047619,0.2857142857142857,-0.02380952380952378,26.19047619047619,28.571428571428573,-2.380952380952378,41,28,10,11.0,0.24390243902439024,0.6829268292682927,0.35714285714285715,0.2682926829268293,0.23809523809523808,0.9761904761904762,0.6666666666666666,8,5,1,2,33,9,9,0.1951219512195122,0.125,0.2727272727272727,0.18181818181818182,0.25,7,0.16666666666666666,18,19,1,14.0,8,16,0.42857142857142855,0.42857142857142855,0.3333333333333333,0.38095238095238093,26,16,10,0.6153846153846154,16,0,16.0,0.38095238095238093,2,2,1,0.5,0.5,1,1.0,0.5,0,1,0,0.0,32,32,0,0.38095238095238093,38,25,12,12,0,2,13,13.0,0.0,0.52,0.52,0.48,1,1,0.5,5,5,0,0.11904761904761904,30,31,33,1052.0,1051.0,1,41,22,25.634146341463413,27.0,25.954545454545453,28.0,1289,0.44757,0.8161365399534523,16,15,0.38095238095238093,UNRESOLVED,UNRESOLVED,PASS,PASS,PASS,True,True,False,False,False,True
483,2026-ev-16,2026-06-06 17:00:00-07:00,4,regular_season,False,CAN,Cannons,WAT,False,10,17,L,42,41,83,10.0,17.0,0.23809523809523808,0.4146341463414634,0.23809523809523808,0.4146341463414634,-0.1765389082462253,23.80952380952381,41.46341463414634,-17.653890824622533,44,32,9,10.0,0.20454545454545456,0.7272727272727273,0.28125,0.22727272727272727,0.21428571428571427,1.0476190476190477,0.7619047619047619,11,7,1,2,33,8,8,0.25,0.09090909090909091,0.24242424242424243,0.2,0.18181818181818182,9,0.21428571428571427,15,15,0,12.0,7,12,0.35714285714285715,0.35714285714285715,0.2857142857142857,0.2926829268292683,29,19,10,0.6551724137931034,19,0,19.0,0.4523809523809524,4,3,1,0.3333333333333333,0.25,1,2.0,0.5,0,4,2,0.5,36,36,0,0.43373493975903615,46,30,16,17,1,7,13,13.0,0.0,0.44828,0.43333333333333335,0.5333333333333333,4,4,2.5,3,3,0,0.07142857142857142,29,29,30,1238.0,1229.0,2,40,25,30.725,29.0,29.44,26.0,1391,0.48299,0.8900071890726097,11,15,0.2619047619047619,UNRESOLVED,PASS,PASS,PASS,PASS,True,False,False,False,False,True
483,2026-ev-16,2026-06-06 17:00:00-07:00,4,regular_season,False,WAT,Waterdogs,CAN,True,17,10,W,41,42,83,17.0,10.0,0.4146341463414634,0.23809523809523808,0.4146341463414634,0.23809523809523808,0.1765389082462253,41.46341463414634,23.80952380952381,17.653890824622533,46,30,16,17.0,0.34782608695652173,0.6521739130434783,0.5333333333333333,0.3695652173913043,0.3902439024390244,1.1219512195121952,0.7317073170731707,7,5,1,2,39,15,15,0.15217391304347827,0.14285714285714285,0.38461538461538464,0.11764705882352941,0.2857142857142857,6,0.14634146341463414,12,13,1,12.0,9,15,0.2926829268292683,0.2926829268292683,0.2926829268292683,0.35714285714285715,29,10,19,0.3448275862068966,10,0,10.0,0.24390243902439024,4,3,2,0.6666666666666666,0.5,2,2.0,0.5,0,4,1,0.25,31,31,0,0.37349397590361444,44,32,9,10,1,11,20,20.0,0.0,0.68966,0.625,0.28125,4,4,5.0,1,1,0,0.024390243902439025,30,30,29,975.0,960.0,2,39,21,24.615384615384617,19.0,25.80952380952381,28.0,1296,0.45,0.7523148148148148,15,11,0.36585365853658536,UNRESOLVED,PASS,PASS,PASS,PASS,True,False,False,False,False,True
484,2026-ev-17,2026-06-19 15:00:00-07:00,5,regular_season,False,ATL,Atlas,CAN,True,12,11,W,46,48,94,12.0,11.0,0.2608695652173913,0.22916666666666666,0.2608695652173913,0.22916666666666666,0.03170289855072464,26.08695652173913,22.916666666666668,3.170289855072464,27,18,11,12.0,0.4074074074074074,0.6666666666666666,0.6111111111111112,0.4444444444444444,0.2391304347826087,0.5869565217391305,0.391304347826087,4,2,1,2,23,10,10,0.14814814814814814,0.25,0.43478260869565216,0.16666666666666666,0.5,4,0.08695652173913043,24,23,-1,22.0,12,16,0.5217391304347826,0.5217391304347826,0.4782608695652174,0.3333333333333333,26,10,16,0.38461538461538464,10,0,10.0,0.21739130434782608,1,1,0,0.0,0.0,0,0.0,0.0,0,3,0,0.0,29,29,0,0.30851063829787234,52,30,11,11,0,3,17,17.0,0.0,0.60714,0.5666666666666667,0.36666666666666664,3,3,2.5,2,2,0,0.043478260869565216,30,32,30,566.0,566.0,0,46,18,12.304347826086957,3.0,17.88888888888889,10.0,1049,0.36424,0.5395614871306006,19,18,0.41304347826086957,KNOWN_DATA_ISSUE,PASS,PASS,PASS,PASS,True,False,False,False,False,False
484,2026-ev-17,2026-06-19 15:00:00-07:00,5,regular_season,False,CAN,Cannons,ATL,False,11,12,L,48,46,94,11.0,12.0,0.22916666666666666,0.2608695652173913,0.22916666666666666,0.2608695652173913,-0.03170289855072464,22.916666666666668,26.08695652173913,-3.170289855072464,52,30,11,11.0,0.21153846153846154,0.5769230769230769,0.36666666666666664,0.21153846153846154,0.22916666666666666,1.0833333333333333,0.625,3,3,0,0,49,11,11,0.057692307692307696,0.0,0.22448979591836735,0.0,0.0,3,0.0625,16,16,0,14.0,14,24,0.3333333333333333,0.3333333333333333,0.2916666666666667,0.5217391304347826,26,16,10,0.6153846153846154,16,0,16.0,0.3333333333333333,3,4,0,0.0,0.0,0,0.0,0.0,0,1,0,0.0,37,37,0,0.39361702127659576,27,18,11,12,1,4,6,6.0,0.0,0.35294,0.3333333333333333,0.6111111111111112,1,1,0.5,2,2,0,0.041666666666666664,29,30,32,1494.0,1494.0,0,48,22,31.125,26.0,24.454545454545453,22.5,1611,0.55938,0.9273743016759777,18,19,0.375,KNOWN_DATA_ISSUE,PASS,PASS,PASS,PASS,True,False,False,False,False,False
486,2026-ev-18,2026-06-19 17:30:00-07:00,5,regular_season,False,ARC,Archers,RED,False,14,16,L,43,46,89,14.0,16.0,0.32558139534883723,0.34782608695652173,0.32558139534883723,0.34782608695652173,-0.022244691607684497,32.55813953488372,34.78260869565217,-2.2244691607684497,50,29,13,14.0,0.26,0.58,0.4482758620689655,0.28,0.3023255813953488,1.1627906976744187,0.6744186046511628,9,4,1,2,41,12,12,0.18,0.1111111111111111,0.2926829268292683,0.14285714285714285,0.2222222222222222,8,0.18604651162790697,15,14,-1,12.0,4,15,0.3488372093023256,0.3488372093023256,0.27906976744186046,0.32608695652173914,32,12,19,0.375,12,0,12.0,0.27906976744186046,0,0,0,,,0,0.0,,0,1,0,0.0,33,33,0,0.3707865168539326,50,33,15,16,1,8,18,18.0,0.0,0.54545,0.5454545454545454,0.45454545454545453,1,1,1.0,1,1,0,0.023255813953488372,32,33,31,938.0,914.0,2,41,18,22.29268292682927,19.0,21.61111111111111,20.0,1109,0.38507,0.8458070333633905,19,19,0.4418604651162791,KNOWN_DATA_ISSUE,PASS,PASS,PASS,PASS,True,False,False,False,False,False
486,2026-ev-18,2026-06-19 17:30:00-07:00,5,regular_season,False,RED,Redwoods,ARC,True,16,14,W,46,43,89,16.0,14.0,0.34782608695652173,0.32558139534883723,0.34782608695652173,0.32558139534883723,0.022244691607684497,34.78260869565217,32.55813953488372,2.2244691607684497,50,33,15,16.0,0.3,0.66,0.45454545454545453,0.32,0.32608695652173914,1.0869565217391304,0.717391304347826,8,5,1,2,42,14,14,0.16,0.125,0.3333333333333333,0.125,0.25,6,0.13043478260869565,15,15,0,12.0,7,15,0.32608695652173914,0.32608695652173914,0.2608695652173913,0.3488372093023256,32,19,12,0.59375,19,0,19.0,0.41304347826086957,1,1,0,0.0,0.0,0,0.0,0.0,0,0,0,,38,38,0,0.42696629213483145,50,29,13,14,1,9,15,15.0,0.0,0.53571,0.5172413793103449,0.4482758620689655,0,0,0.0,3,3,0,0.06521739130434782,31,31,33,1206.0,1206.0,0,46,23,26.217391304347824,22.0,29.782608695652176,30.0,1490,0.51736,0.8093959731543624,19,19,0.41304347826086957,KNOWN_DATA_ISSUE,PASS,PASS,PASS,PASS,True,False,False,False,False,False
487,2026-ev-19,2026-06-20 18:00:00-07:00,5,regular_season,False,ATL,Atlas,WHP,True,16,14,W,41,44,85,16.0,14.0,0.3902439024390244,0.3181818181818182,0.3902439024390244,0.3181818181818182,0.07206208425720623,39.02439024390244,31.818181818181817,7.2062084257206225,48,31,15,16.0,0.3125,0.6458333333333334,0.4838709677419355,0.3333333333333333,0.36585365853658536,1.170731707317073,0.7560975609756098,8,2,1,2,40,14,14,0.16666666666666666,0.125,0.35,0.125,0.25,8,0.1951219512195122,12,12,0,9.0,8,20,0.2926829268292683,0.2926829268292683,0.21951219512195122,0.45454545454545453,32,12,20,0.375,12,0,12.0,0.2926829268292683,3,3,2,0.6666666666666666,0.6666666666666666,2,3.0,1.0,0,1,0,0.0,29,29,0,0.3411764705882353,33,21,13,14,1,2,7,7.0,0.0,0.35,0.3333333333333333,0.6190476190476191,1,1,1.0,3,3,0,0.07317073170731707,24,24,29,1164.0,1163.0,2,39,21,29.82051282051282,25.0,24.904761904761905,25.0,1579,0.54826,0.7371754274857505,13,12,0.3170731707317073,PASS,PASS,PASS,PASS,PASS,False,False,False,False,False,False
487,2026-ev-19,2026-06-20 18:00:00-07:00,5,regular_season,False,WHP,Whipsnakes,ATL,False,14,16,L,44,41,85,14.0,16.0,0.3181818181818182,0.3902439024390244,0.3181818181818182,0.3902439024390244,-0.07206208425720623,31.818181818181817,39.02439024390244,-7.2062084257206225,33,21,13,14.0,0.3939393939393939,0.6363636363636364,0.6190476190476191,0.42424242424242425,0.29545454545454547,0.75,0.4772727272727273,2,1,1,2,31,12,12,0.06060606060606061,0.5,0.3870967741935484,0.14285714285714285,1.0,2,0.045454545454545456,20,20,0,13.0,5,12,0.45454545454545453,0.45454545454545453,0.29545454545454547,0.2926829268292683,32,20,12,0.625,20,0,20.0,0.45454545454545453,1,0,0,,0.0,0,0.0,0.0,0,3,2,0.6666666666666666,37,37,0,0.43529411764705883,48,31,15,16,1,8,12,12.0,0.0,0.44444,0.3870967741935484,0.4838709677419355,3,3,2.0,7,7,0,0.1590909090909091,27,29,24,970.0,942.0,2,42,23,22.428571428571427,20.0,23.782608695652176,26.0,972,0.3375,0.9979423868312757,12,13,0.2727272727272727,PASS,PASS,PASS,PASS,PASS,False,False,False,False,False,False
488,2026-ev-20,2026-07-25 18:00:00-07:00,10,regular_season,False,OUT,Outlaws,WAT,True,8,18,L,42,48,90,8.0,18.0,0.19047619047619047,0.375,0.19047619047619047,0.375,-0.18452380952380953,19.047619047619047,37.5,-18.452380952380953,30,23,7,8.0,0.23333333333333334,0.7666666666666667,0.30434782608695654,0.26666666666666666,0.16666666666666666,0.7142857142857143,0.5476190476190477,7,4,1,2,23,6,6,0.23333333333333334,0.14285714285714285,0.2608695652173913,0.25,0.2857142857142857,7,0.16666666666666666,17,17,0,16.0,5,20,0.40476190476190477,0.40476190476190477,0.38095238095238093,0.4166666666666667,27,11,15,0.4074074074074074,11,0,11.0,0.2619047619047619,1,1,1,1.0,1.0,1,2.0,2.0,0,1,0,0.0,26,25,-1,0.28888888888888886,41,26,16,18,2,6,9,9.0,0.0,0.36,0.34615384615384615,0.6153846153846154,1,1,1.0,1,1,0,0.023809523809523808,27,29,32,1025.0,968.0,1,41,14,23.609756097560975,22.0,28.642857142857142,32.5,1224,0.425,0.8374183006535948,15,15,0.35714285714285715,PASS,KNOWN_DATA_ISSUE,PASS,PASS,PASS,False,True,False,False,False,False
488,2026-ev-20,2026-07-25 18:00:00-07:00,10,regular_season,False,WAT,Waterdogs,OUT,False,18,8,W,48,42,90,18.0,8.0,0.375,0.19047619047619047,0.375,0.19047619047619047,0.18452380952380953,37.5,19.047619047619047,18.452380952380953,41,26,16,18.0,0.3902439024390244,0.6341463414634146,0.6153846153846154,0.43902439024390244,0.3333333333333333,0.8541666666666666,0.5416666666666666,6,5,2,4,35,14,14,0.14634146341463414,0.3333333333333333,0.4,0.2222222222222222,0.6666666666666666,6,0.125,20,20,0,12.0,7,17,0.4166666666666667,0.4166666666666667,0.25,0.40476190476190477,27,15,11,0.5555555555555556,15,0,15.0,0.3125,1,2,0,0.0,0.0,0,0.0,0.0,0,1,1,1.0,42,42,0,0.4666666666666667,30,23,7,8,1,7,15,15.0,0.0,0.68182,0.6521739130434783,0.30434782608695654,1,1,1.0,8,8,0,0.16666666666666666,31,32,29,998.0,996.0,2,46,24,21.652173913043477,19.5,23.291666666666668,22.0,1422,0.49375,0.7018284106891702,15,15,0.3125,PASS,KNOWN_DATA_ISSUE,PASS,PASS,PASS,False,True,False,False,False,False
489,2026-ev-21,2026-06-27 13:00:00-07:00,6,regular_season,False,OUT,Outlaws,WHP,True,13,7,W,46,44,90,13.0,7.0,0.2826086956521739,0.1590909090909091,0.2826086956521739,0.1590909090909091,0.1235177865612648,28.26086956521739,15.909090909090908,12.35177865612648,32,25,12,13.0,0.375,0.78125,0.48,0.40625,0.2608695652173913,0.6956521739130435,0.5434782608695652,4,4,1,2,28,11,11,0.125,0.25,0.39285714285714285,0.15384615384615385,0.5,4,0.08695652173913043,18,18,0,15.0,9,20,0.391304347826087,0.391304347826087,0.32608695652173914,0.45454545454545453,23,10,13,0.43478260869565216,10,0,10.0,0.21739130434782608,0,0,0,,,0,0.0,,0,1,0,0.0,35,35,0,0.3888888888888889,41,24,7,7,0,5,15,15.0,0.0,0.68182,0.625,0.2916666666666667,1,1,2.0,3,3,0,0.06521739130434782,31,33,33,942.0,877.0,2,44,21,19.931818181818183,17.5,20.285714285714285,22.0,1284,0.44583,0.7336448598130841,12,12,0.2608695652173913,PASS,PASS,UNRESOLVED,PASS,PASS,False,False,True,False,False,True
489,2026-ev-21,2026-06-27 13:00:00-07:00,6,regular_season,False,WHP,Whipsnakes,OUT,False,7,13,L,44,46,90,7.0,13.0,0.1590909090909091,0.2826086956521739,0.1590909090909091,0.2826086956521739,-0.1235177865612648,15.909090909090908,28.26086956521739,-12.35177865612648,41,24,7,7.0,0.17073170731707318,0.5853658536585366,0.2916666666666667,0.17073170731707318,0.1590909090909091,0.9318181818181818,0.5454545454545454,5,3,0,0,36,7,7,0.12195121951219512,0.0,0.19444444444444445,0.0,0.0,5,0.11363636363636363,20,20,0,14.0,8,18,0.45454545454545453,0.45454545454545453,0.3181818181818182,0.391304347826087,23,13,10,0.5652173913043478,13,0,13.0,0.29545454545454547,1,1,0,0.0,0.0,0,0.0,0.0,0,0,0,,33,33,0,0.36666666666666664,32,25,12,13,1,4,11,11.0,0.0,0.47826,0.44,0.48,0,0,0.0,5,6,1,0.11363636363636363,31,33,33,1052.0,1011.0,1,43,23,23.511627906976745,18.0,22.347826086956523,18.0,1385,0.4809,0.7595667870036101,12,12,0.2727272727272727,PASS,PASS,UNRESOLVED,PASS,PASS,False,False,True,False,False,True
490,2026-ev-22,2026-06-27 17:30:00-07:00,6,regular_season,False,CAN,Cannons,RED,False,15,12,W,47,46,93,15.0,12.0,0.3191489361702128,0.2608695652173913,0.3191489361702128,0.2608695652173913,0.058279370952821485,31.914893617021278,26.08695652173913,5.827937095282149,46,33,15,15.0,0.32608695652173914,0.717391304347826,0.45454545454545453,0.32608695652173914,0.3191489361702128,0.9787234042553191,0.7021276595744681,3,1,0,0,43,15,15,0.06521739130434782,0.0,0.3488372093023256,0.0,0.0,3,0.06382978723404255,12,13,1,11.0,10,18,0.2553191489361702,0.2553191489361702,0.23404255319148937,0.391304347826087,31,13,18,0.41935483870967744,13,0,13.0,0.2765957446808511,2,1,1,1.0,0.5,1,1.0,0.5,0,2,1,0.5,27,27,0,0.2903225806451613,42,28,12,12,0,2,15,15.0,0.0,0.55556,0.5357142857142857,0.42857142857142855,2,2,2.0,2,2,0,0.0425531914893617,26,27,34,1039.0,1010.0,3,44,20,22.954545454545453,17.0,26.85,21.5,1401,0.48646,0.7416131334760885,19,15,0.40425531914893614,UNRESOLVED,PASS,PASS,PASS,PASS,True,False,False,False,False,True
490,2026-ev-22,2026-06-27 17:30:00-07:00,6,regular_season,False,RED,Redwoods,CAN,True,12,15,L,46,47,93,12.0,15.0,0.2608695652173913,0.3191489361702128,0.2608695652173913,0.3191489361702128,-0.058279370952821485,26.08695652173913,31.914893617021278,-5.827937095282149,42,28,12,12.0,0.2857142857142857,0.6666666666666666,0.42857142857142855,0.2857142857142857,0.2608695652173913,0.9130434782608695,0.6086956521739131,2,0,0,0,40,12,12,0.047619047619047616,0.0,0.3,0.0,0.0,2,0.043478260869565216,18,18,0,15.0,6,12,0.391304347826087,0.391304347826087,0.32608695652173914,0.2553191489361702,31,18,13,0.5806451612903226,18,0,18.0,0.391304347826087,2,3,1,0.3333333333333333,0.5,1,1.0,0.5,0,2,1,0.5,34,34,0,0.3655913978494624,46,33,15,15,0,3,18,18.0,0.0,0.54545,0.5454545454545454,0.45454545454545453,2,2,1.0,3,3,0,0.06521739130434782,33,34,27,1061.0,1061.0,1,45,23,23.57777777777778,19.0,24.347826086956523,21.0,1284,0.44583,0.8263239875389408,15,19,0.32608695652173914,UNRESOLVED,PASS,PASS,PASS,PASS,True,False,False,False,False,True
492,2026-ev-23,2026-06-28 13:00:00-07:00,6,regular_season,False,ARC,Archers,WAT,True,10,11,L,42,39,81,10.0,11.0,0.23809523809523808,0.28205128205128205,0.23809523809523808,0.28205128205128205,-0.043956043956043966,23.80952380952381,28.205128205128204,-4.395604395604397,38,23,10,10.0,0.2631578947368421,0.6052631578947368,0.43478260869565216,0.2631578947368421,0.23809523809523808,0.9047619047619048,0.5476190476190477,7,1,0,0,31,10,10,0.18421052631578946,0.0,0.3225806451612903,0.0,0.0,6,0.14285714285714285,16,17,1,15.0,2,13,0.38095238095238093,0.38095238095238093,0.35714285714285715,0.3333333333333333,24,15,9,0.625,15,0,15.0,0.35714285714285715,4,6,2,0.3333333333333333,0.5,2,2.0,0.5,0,8,3,0.375,30,30,0,0.37037037037037035,42,25,10,11,1,4,13,13.0,0.0,0.56522,0.52,0.4,7,7,8.0,2,2,0,0.047619047619047616,21,22,24,951.0,938.0,1,41,18,22.878048780487806,23.0,28.61111111111111,31.0,1218,0.42292,0.7807881773399015,16,14,0.38095238095238093,UNRESOLVED,PASS,PASS,PASS,PASS,True,False,False,False,False,True
492,2026-ev-23,2026-06-28 13:00:00-07:00,6,regular_season,False,WAT,Waterdogs,ARC,False,11,10,W,39,42,81,11.0,10.0,0.28205128205128205,0.23809523809523808,0.28205128205128205,0.23809523809523808,0.043956043956043966,28.205128205128204,23.80952380952381,4.395604395604397,42,25,10,11.0,0.23809523809523808,0.5952380952380952,0.4,0.2619047619047619,0.2564102564102564,1.0769230769230769,0.6410256410256411,4,2,1,2,38,9,9,0.09523809523809523,0.25,0.23684210526315788,0.18181818181818182,0.5,4,0.10256410256410256,13,13,0,9.0,9,16,0.3333333333333333,0.3333333333333333,0.23076923076923078,0.38095238095238093,24,9,15,0.375,9,0,9.0,0.23076923076923078,8,11,3,0.2727272727272727,0.375,3,4.0,0.5,0,4,2,0.5,34,34,0,0.41975308641975306,38,23,10,10,0,7,11,11.0,0.0,0.52381,0.4782608695652174,0.43478260869565216,4,4,2.5,4,4,0,0.10256410256410256,24,24,22,1169.0,1155.0,2,37,22,31.216216216216218,33.0,39.09090909090909,38.5,1414,0.49097,0.8267326732673267,14,16,0.358974358974359,UNRESOLVED,PASS,PASS,PASS,PASS,True,False,False,False,False,True
493,2026-ev-24,2026-06-28 15:30:00-07:00,6,regular_season,False,CHA,Chaos,RED,False,13,14,L,52,53,105,13.0,14.0,0.25,0.2641509433962264,0.25,0.2641509433962264,-0.014150943396226412,25.0,26.41509433962264,-1.4150943396226412,43,28,12,13.0,0.27906976744186046,0.6511627906976745,0.42857142857142855,0.3023255813953488,0.23076923076923078,0.8269230769230769,0.5384615384615384,9,5,1,2,34,11,11,0.20930232558139536,0.1111111111111111,0.3235294117647059,0.15384615384615385,0.2222222222222222,9,0.17307692307692307,21,21,0,21.0,8,21,0.40384615384615385,0.40384615384615385,0.40384615384615385,0.39622641509433965,30,13,17,0.43333333333333335,13,0,13.0,0.25,0,0,0,,,0,0.0,,0,3,1,0.3333333333333333,32,32,0,0.3047619047619048,50,29,14,14,0,2,15,15.0,0.0,0.51724,0.5172413793103449,0.4827586206896552,4,4,3.0,0,0,0,0.0,31,32,39,940.0,940.0,3,49,19,19.183673469387756,13.0,19.42105263157895,19.0,1234,0.39249,0.7617504051863857,20,19,0.38461538461538464,UNRESOLVED,PASS,PASS,PASS,PASS,True,False,False,False,False,True
493,2026-ev-24,2026-06-28 15:30:00-07:00,6,regular_season,False,RED,Redwoods,CHA,True,14,13,W,53,52,105,14.0,13.0,0.2641509433962264,0.25,0.2641509433962264,0.25,0.014150943396226412,26.41509433962264,25.0,1.4150943396226412,50,29,14,14.0,0.28,0.58,0.4827586206896552,0.28,0.2641509433962264,0.9433962264150944,0.5471698113207547,2,0,0,0,48,14,14,0.04,0.0,0.2916666666666667,0.0,0.0,2,0.03773584905660377,21,22,1,17.0,12,21,0.39622641509433965,0.39622641509433965,0.32075471698113206,0.40384615384615385,30,17,13,0.5666666666666667,17,0,17.0,0.32075471698113206,3,4,1,0.25,0.3333333333333333,1,1.0,0.3333333333333333,0,0,0,,39,39,0,0.37142857142857144,43,28,12,13,1,9,15,15.0,0.0,0.55556,0.5357142857142857,0.42857142857142855,0,0,0.0,5,5,0,0.09433962264150944,38,39,32,1299.0,1299.0,1,52,23,24.98076923076923,23.5,33.47826086956522,36.0,1695,0.53912,0.7663716814159292,19,20,0.3584905660377358,UNRESOLVED,PASS,PASS,PASS,PASS,True,False,False,False,False,True
496,2026-ev-25,2026-07-10 15:30:00-07:00,8,regular_season,False,RED,Redwoods,WAT,True,13,15,L,38,44,82,13.0,15.0,0.34210526315789475,0.3409090909090909,0.34210526315789475,0.3409090909090909,0.0011961722488038617,34.21052631578947,34.09090909090909,0.11961722488038617,42,28,13,13.0,0.30952380952380953,0.6666666666666666,0.4642857142857143,0.30952380952380953,0.34210526315789475,1.105263157894737,0.7368421052631579,7,4,0,0,35,13,13,0.16666666666666666,0.0,0.37142857142857144,0.0,0.0,7,0.18421052631578946,11,11,0,6.0,6,16,0.2894736842105263,0.2894736842105263,0.15789473684210525,0.36363636363636365,32,14,18,0.4375,14,0,14.0,0.3684210526315789,3,1,0,0.0,0.0,0,0.0,0.0,0,1,1,1.0,27,27,0,0.32926829268292684,44,29,15,15,0,4,10,10.0,0.0,0.4,0.3448275862068966,0.5172413793103449,1,1,1.0,5,5,0,0.13157894736842105,30,30,33,894.0,865.0,1,37,22,23.37837837837838,22.0,20.5,19.0,1050,0.36458,0.8514285714285714,13,15,0.34210526315789475,PASS,UNRESOLVED,PASS,PASS,PASS,False,True,False,False,False,True
496,2026-ev-25,2026-07-10 15:30:00-07:00,8,regular_season,False,WAT,Waterdogs,RED,False,15,13,W,44,38,82,15.0,13.0,0.3409090909090909,0.34210526315789475,0.3409090909090909,0.34210526315789475,-0.0011961722488038617,34.09090909090909,34.21052631578947,-0.11961722488038617,44,29,15,15.0,0.3409090909090909,0.6590909090909091,0.5172413793103449,0.3409090909090909,0.3409090909090909,1.0,0.6590909090909091,4,1,0,0,40,15,15,0.09090909090909091,0.0,0.375,0.0,0.0,4,0.09090909090909091,16,16,0,11.0,4,11,0.36363636363636365,0.36363636363636365,0.25,0.2894736842105263,32,18,14,0.5625,18,0,18.0,0.4090909090909091,1,1,1,1.0,1.0,1,1.0,1.0,0,3,0,0.0,32,33,1,0.3902439024390244,42,28,13,13,0,7,15,15.0,0.0,0.53571,0.5357142857142857,0.4642857142857143,3,3,1.5,5,5,0,0.11363636363636363,31,33,30,1004.0,1003.0,2,42,23,23.88095238095238,20.5,29.347826086956523,30.0,1430,0.49653,0.7020979020979021,15,13,0.3409090909090909,PASS,UNRESOLVED,PASS,PASS,PASS,False,True,False,False,False,True
497,2026-ev-26,2026-07-11 18:30:00-07:00,8,regular_season,False,CHA,Chaos,WHP,True,10,17,L,44,47,91,10.0,17.0,0.22727272727272727,0.3617021276595745,0.22727272727272727,0.3617021276595745,-0.13442940038684723,22.727272727272727,36.170212765957444,-13.442940038684723,44,23,10,10.0,0.22727272727272727,0.5227272727272727,0.43478260869565216,0.22727272727272727,0.22727272727272727,1.0,0.5227272727272727,4,2,0,0,40,10,10,0.09090909090909091,0.0,0.25,0.0,0.0,4,0.09090909090909091,17,17,0,13.0,7,14,0.38636363636363635,0.38636363636363635,0.29545454545454547,0.2978723404255319,31,15,16,0.4838709677419355,15,0,15.0,0.3409090909090909,1,1,1,1.0,1.0,1,1.0,1.0,0,3,2,0.6666666666666666,37,38,1,0.4065934065934066,46,28,17,17,0,2,10,10.0,0.0,0.37037,0.35714285714285715,0.6071428571428571,2,2,1.5,4,4,0,0.09090909090909091,33,33,34,1044.0,1044.0,2,42,24,24.857142857142858,20.5,28.75,26.5,1272,0.44167,0.8207547169811321,14,13,0.3181818181818182,PASS,UNRESOLVED,PASS,PASS,PASS,False,True,False,False,False,True
497,2026-ev-26,2026-07-11 18:30:00-07:00,8,regular_season,False,WHP,Whipsnakes,CHA,False,17,10,W,47,44,91,17.0,10.0,0.3617021276595745,0.22727272727272727,0.3617021276595745,0.22727272727272727,0.13442940038684723,36.170212765957444,22.727272727272727,13.442940038684723,46,28,17,17.0,0.3695652173913043,0.6086956521739131,0.6071428571428571,0.3695652173913043,0.3617021276595745,0.9787234042553191,0.5957446808510638,2,2,0,0,44,17,17,0.043478260869565216,0.0,0.38636363636363635,0.0,0.0,2,0.0425531914893617,14,14,0,10.0,7,17,0.2978723404255319,0.2978723404255319,0.2127659574468085,0.38636363636363635,31,16,15,0.5161290322580645,16,0,16.0,0.3404255319148936,3,4,2,0.5,0.6666666666666666,2,2.0,0.6666666666666666,0,1,1,1.0,33,33,0,0.3626373626373626,44,23,10,10,0,4,13,13.0,0.0,0.56522,0.5652173913043478,0.43478260869565216,1,1,1.0,4,4,0,0.0851063829787234,34,34,33,998.0,977.0,1,46,30,21.23913043478261,16.5,24.1,20.5,1367,0.47465,0.7300658376005852,13,14,0.2765957446808511,PASS,UNRESOLVED,PASS,PASS,PASS,False,True,False,False,False,True
498,2026-ev-27,2026-07-10 18:00:00-07:00,8,regular_season,False,ARC,Archers,ATL,False,16,5,W,55,40,95,16.0,5.0,0.2909090909090909,0.125,0.2909090909090909,0.125,0.1659090909090909,29.09090909090909,12.5,16.59090909090909,46,27,16,16.0,0.34782608695652173,0.5869565217391305,0.5925925925925926,0.34782608695652173,0.2909090909090909,0.8363636363636363,0.4909090909090909,4,2,0,0,42,16,16,0.08695652173913043,0.0,0.38095238095238093,0.0,0.0,4,0.07272727272727272,28,28,0,25.0,9,19,0.509090909090909,0.509090909090909,0.45454545454545453,0.475,25,19,6,0.76,19,0,19.0,0.34545454545454546,5,3,2,0.6666666666666666,0.4,2,2.0,0.4,0,3,1,0.3333333333333333,43,43,0,0.45263157894736844,31,15,5,5,0,6,10,10.0,0.0,0.66667,0.6666666666666666,0.3333333333333333,3,3,2.5,3,3,0,0.05454545454545454,38,38,25,915.0,896.0,2,53,31,16.90566037735849,15.0,21.29032258064516,18.0,1406,0.48819,0.6507823613086771,17,12,0.3090909090909091,PASS,UNRESOLVED,PASS,PASS,PASS,False,True,False,False,False,True
498,2026-ev-27,2026-07-10 18:00:00-07:00,8,regular_season,False,ATL,Atlas,ARC,True,5,16,L,40,55,95,5.0,16.0,0.125,0.2909090909090909,0.125,0.2909090909090909,-0.1659090909090909,12.5,29.09090909090909,-16.59090909090909,31,15,5,5.0,0.16129032258064516,0.4838709677419355,0.3333333333333333,0.16129032258064516,0.125,0.775,0.375,6,2,0,0,25,5,5,0.1935483870967742,0.0,0.2,0.0,0.0,5,0.125,19,19,0,16.0,13,28,0.475,0.475,0.4,0.509090909090909,25,6,19,0.24,6,0,6.0,0.15,3,1,1,1.0,0.3333333333333333,1,1.0,0.3333333333333333,0,5,2,0.4,27,28,1,0.28421052631578947,46,27,16,16,0,4,9,9.0,0.0,0.36,0.3333333333333333,0.5925925925925926,5,5,4.5,4,4,0,0.1,25,25,38,833.0,816.0,2,38,18,21.473684210526315,17.5,24.38888888888889,25.0,1325,0.46007,0.6286792452830189,12,17,0.3,PASS,UNRESOLVED,PASS,PASS,PASS,False,True,False,False,False,True
500,2026-ev-28,2026-07-11 11:00:00-07:00,8,regular_season,False,CAN,Cannons,OUT,True,15,13,W,46,44,90,15.0,13.0,0.32608695652173914,0.29545454545454547,0.32608695652173914,0.29545454545454547,0.030632411067193666,32.608695652173914,29.545454545454547,3.0632411067193663,39,29,14,15.0,0.358974358974359,0.7435897435897436,0.4827586206896552,0.38461538461538464,0.30434782608695654,0.8478260869565217,0.6304347826086957,3,2,1,2,36,13,13,0.07692307692307693,0.3333333333333333,0.3611111111111111,0.13333333333333333,0.6666666666666666,3,0.06521739130434782,14,15,1,8.0,7,16,0.30434782608695654,0.30434782608695654,0.17391304347826086,0.36363636363636365,30,19,11,0.6333333333333333,19,0,19.0,0.41304347826086957,2,2,0,0.0,0.0,0,0.0,0.0,0,4,2,0.5,32,32,0,0.35555555555555557,38,20,12,13,1,5,8,8.0,0.0,0.4,0.4,0.6,4,4,3.0,6,6,0,0.13043478260869565,36,36,32,998.0,998.0,0,46,29,21.695652173913043,25.0,23.103448275862068,26.0,1391,0.48299,0.7174694464414091,12,15,0.2608695652173913,UNRESOLVED,PASS,PASS,PASS,PASS,True,False,False,False,False,True
500,2026-ev-28,2026-07-11 11:00:00-07:00,8,regular_season,False,OUT,Outlaws,CAN,False,13,15,L,44,46,90,13.0,15.0,0.29545454545454547,0.32608695652173914,0.29545454545454547,0.32608695652173914,-0.030632411067193666,29.545454545454547,32.608695652173914,-3.0632411067193663,38,20,12,13.0,0.3157894736842105,0.5263157894736842,0.6,0.34210526315789475,0.2727272727272727,0.8636363636363636,0.45454545454545453,5,2,1,2,33,11,11,0.13157894736842105,0.2,0.3333333333333333,0.15384615384615385,0.4,5,0.11363636363636363,16,17,1,15.0,4,14,0.36363636363636365,0.36363636363636365,0.3409090909090909,0.30434782608695654,30,11,19,0.36666666666666664,11,0,11.0,0.25,4,4,2,0.5,0.5,2,2.0,0.5,0,2,0,0.0,28,28,0,0.3111111111111111,39,29,14,15,1,3,11,11.0,0.0,0.44,0.3793103448275862,0.4827586206896552,2,2,2.0,2,2,0,0.045454545454545456,32,32,36,1063.0,985.0,4,40,17,24.625,15.0,25.0,18.0,1300,0.45139,0.8176923076923077,15,12,0.3409090909090909,UNRESOLVED,PASS,PASS,PASS,PASS,True,False,False,False,False,True
501,2026-ev-29,2026-07-17 15:00:00-07:00,9,regular_season,False,RED,Redwoods,WHP,False,7,20,L,43,46,89,7.0,20.0,0.16279069767441862,0.43478260869565216,0.16279069767441862,0.43478260869565216,-0.27199191102123355,16.27906976744186,43.47826086956522,-27.199191102123354,37,27,7,7.0,0.1891891891891892,0.7297297297297297,0.25925925925925924,0.1891891891891892,0.16279069767441862,0.8604651162790697,0.627906976744186,9,5,0,0,28,7,7,0.24324324324324326,0.0,0.25,0.0,0.0,8,0.18604651162790697,18,18,0,14.0,5,16,0.4186046511627907,0.4186046511627907,0.32558139534883723,0.34782608695652173,30,17,13,0.5666666666666667,17,0,17.0,0.3953488372093023,2,1,0,0.0,0.0,0,0.0,0.0,0,1,0,0.0,33,32,-1,0.3707865168539326,45,33,19,20,1,2,12,12.0,0.0,0.3871,0.36363636363636365,0.5757575757575758,1,1,0.5,4,4,0,0.09302325581395349,28,28,34,1141.0,1089.0,3,40,22,27.225,22.5,19.954545454545453,22.5,1328,0.46111,0.8591867469879518,14,13,0.32558139534883723,UNRESOLVED,KNOWN_DATA_ISSUE,PASS,PASS,PASS,True,True,False,False,False,True
501,2026-ev-29,2026-07-17 15:00:00-07:00,9,regular_season,False,WHP,Whipsnakes,RED,True,20,7,W,46,43,89,20.0,7.0,0.43478260869565216,0.16279069767441862,0.43478260869565216,0.16279069767441862,0.27199191102123355,43.47826086956522,16.27906976744186,27.199191102123354,45,33,19,20.0,0.4222222222222222,0.7333333333333333,0.5757575757575758,0.4444444444444444,0.41304347826086957,0.9782608695652174,0.717391304347826,2,2,1,2,43,18,18,0.044444444444444446,0.5,0.4186046511627907,0.1,1.0,2,0.043478260869565216,16,17,1,16.0,6,18,0.34782608695652173,0.34782608695652173,0.34782608695652173,0.4186046511627907,30,13,17,0.43333333333333335,13,0,13.0,0.2826086956521739,1,0,0,,0.0,0,0.0,0.0,0,2,0,0.0,32,32,0,0.3595505617977528,37,27,7,7,0,9,18,18.0,0.0,0.72,0.6666666666666666,0.25925925925925924,2,2,1.0,1,1,0,0.021739130434782608,33,34,28,934.0,916.0,1,45,26,20.355555555555554,16.0,22.576923076923077,21.5,1334,0.46319,0.7001499250374813,13,14,0.2826086956521739,UNRESOLVED,KNOWN_DATA_ISSUE,PASS,PASS,PASS,True,True,False,False,False,True
503,2026-ev-30,2026-07-18 11:00:00-07:00,9,regular_season,False,CHA,Chaos,OUT,False,8,10,L,38,41,79,8.0,10.0,0.21052631578947367,0.24390243902439024,0.21052631578947367,0.24390243902439024,-0.033376123234916566,21.05263157894737,24.390243902439025,-3.3376123234916566,48,25,8,8.0,0.16666666666666666,0.5208333333333334,0.32,0.16666666666666666,0.21052631578947367,1.263157894736842,0.6578947368421053,4,3,0,0,44,8,8,0.08333333333333333,0.0,0.18181818181818182,0.0,0.0,4,0.10526315789473684,15,15,0,11.0,8,19,0.39473684210526316,0.39473684210526316,0.2894736842105263,0.4634146341463415,22,9,13,0.4090909090909091,9,0,9.0,0.23684210526315788,2,2,1,0.5,0.5,1,1.0,0.5,0,4,0,0.0,30,31,1,0.379746835443038,40,19,10,10,0,3,9,9.0,0.0,0.47368,0.47368421052631576,0.5263157894736842,4,4,2.5,4,4,0,0.10526315789473684,29,29,29,1187.0,1154.0,1,37,18,31.18918918918919,27.0,32.22222222222222,31.0,1602,0.55625,0.7409488139825219,15,15,0.39473684210526316,PASS,UNRESOLVED,PASS,PASS,PASS,False,True,False,False,False,True
503,2026-ev-30,2026-07-18 11:00:00-07:00,9,regular_season,False,OUT,Outlaws,CHA,True,10,8,W,41,38,79,10.0,8.0,0.24390243902439024,0.21052631578947367,0.24390243902439024,0.21052631578947367,0.033376123234916566,24.390243902439025,21.05263157894737,3.3376123234916566,40,19,10,10.0,0.25,0.475,0.5263157894736842,0.25,0.24390243902439024,0.975609756097561,0.4634146341463415,3,2,0,0,37,10,10,0.075,0.0,0.2702702702702703,0.0,0.0,3,0.07317073170731707,19,19,0,14.0,6,15,0.4634146341463415,0.4634146341463415,0.34146341463414637,0.39473684210526316,22,13,9,0.5909090909090909,13,0,13.0,0.3170731707317073,4,1,0,0.0,0.0,0,0.0,0.0,0,2,1,0.5,23,23,0,0.2911392405063291,48,25,8,8,0,4,14,14.0,0.0,0.63636,0.56,0.32,2,2,1.0,5,5,0,0.12195121951219512,28,29,29,807.0,807.0,3,38,20,21.236842105263158,19.0,25.6,24.5,1105,0.38368,0.7303167420814479,15,15,0.36585365853658536,PASS,UNRESOLVED,PASS,PASS,PASS,False,True,False,False,False,True
504,2026-ev-31,2026-07-18 13:30:00-07:00,9,regular_season,False,ARC,Archers,WAT,False,18,8,W,39,35,74,18.0,8.0,0.46153846153846156,0.22857142857142856,0.46153846153846156,0.22857142857142856,0.232967032967033,46.15384615384615,22.857142857142858,23.2967032967033,36,27,16,18.0,0.4444444444444444,0.75,0.5925925925925926,0.5,0.41025641025641024,0.9230769230769231,0.6923076923076923,8,5,2,4,28,14,14,0.2222222222222222,0.25,0.5,0.2222222222222222,0.5,7,0.1794871794871795,12,12,0,7.0,5,17,0.3076923076923077,0.3076923076923077,0.1794871794871795,0.4857142857142857,28,15,13,0.5357142857142857,15,0,15.0,0.38461538461538464,3,4,2,0.5,0.6666666666666666,2,3.0,1.0,0,3,1,0.3333333333333333,26,26,0,0.35135135135135137,37,21,8,8,0,2,10,10.0,0.0,0.55556,0.47619047619047616,0.38095238095238093,3,3,2.5,5,5,0,0.1282051282051282,30,30,26,1098.0,1097.0,3,36,23,30.47222222222222,30.5,27.304347826086957,28.0,1400,0.48611,0.7842857142857143,10,12,0.2564102564102564,KNOWN_DATA_ISSUE,UNRESOLVED,PASS,PASS,PASS,True,True,False,False,False,True
504,2026-ev-31,2026-07-18 13:30:00-07:00,9,regular_season,False,WAT,Waterdogs,ARC,True,8,18,L,35,39,74,8.0,18.0,0.22857142857142856,0.46153846153846156,0.22857142857142856,0.46153846153846156,-0.232967032967033,22.857142857142858,46.15384615384615,-23.2967032967033,37,21,8,8.0,0.21621621621621623,0.5675675675675675,0.38095238095238093,0.21621621621621623,0.22857142857142856,1.0571428571428572,0.6,2,0,0,0,35,8,8,0.05405405405405406,0.0,0.22857142857142856,0.0,0.0,2,0.05714285714285714,17,18,1,14.0,2,12,0.4857142857142857,0.4857142857142857,0.4,0.3076923076923077,28,13,15,0.4642857142857143,13,0,13.0,0.37142857142857144,3,5,1,0.2,0.3333333333333333,1,1.0,0.3333333333333333,0,3,2,0.6666666666666666,19,20,1,0.25675675675675674,36,27,16,18,2,8,9,9.0,0.0,0.36,0.3333333333333333,0.5925925925925926,3,3,2.5,4,4,0,0.11428571428571428,26,26,30,899.0,899.0,1,34,19,26.441176470588236,16.0,31.263157894736842,21.0,1267,0.43993,0.7095501183898973,12,10,0.34285714285714286,KNOWN_DATA_ISSUE,UNRESOLVED,PASS,PASS,PASS,True,True,False,False,False,True
505,2026-ev-32,2026-07-19 12:00:00-07:00,9,regular_season,False,ATL,Atlas,CAN,False,13,15,L,40,43,83,13.0,15.0,0.325,0.3488372093023256,0.325,0.3488372093023256,-0.02383720930232558,32.5,34.883720930232556,-2.383720930232558,43,25,12,13.0,0.27906976744186046,0.5813953488372093,0.48,0.3023255813953488,0.3,1.075,0.625,7,3,1,2,36,11,11,0.16279069767441862,0.14285714285714285,0.3055555555555556,0.15384615384615385,0.2857142857142857,6,0.15,13,14,1,8.0,6,15,0.325,0.325,0.2,0.3488372093023256,28,15,13,0.5357142857142857,15,0,15.0,0.375,3,2,1,0.5,0.3333333333333333,1,2.0,0.6666666666666666,0,3,1,0.3333333333333333,24,24,0,0.2891566265060241,47,26,14,15,1,7,10,10.0,0.0,0.41667,0.38461538461538464,0.5384615384615384,3,3,2.0,6,6,0,0.15,31,32,26,1112.0,1105.0,1,39,21,28.333333333333332,28.0,26.761904761904763,29.0,1453,0.50451,0.7653131452167928,11,14,0.275,UNRESOLVED,PASS,PASS,PASS,PASS,True,False,False,False,False,True
505,2026-ev-32,2026-07-19 12:00:00-07:00,9,regular_season,False,CAN,Cannons,ATL,True,15,13,W,43,40,83,15.0,13.0,0.3488372093023256,0.325,0.3488372093023256,0.325,0.02383720930232558,34.883720930232556,32.5,2.383720930232558,47,26,14,15.0,0.2978723404255319,0.5531914893617021,0.5384615384615384,0.3191489361702128,0.32558139534883723,1.0930232558139534,0.6046511627906976,7,4,1,2,40,13,13,0.14893617021276595,0.14285714285714285,0.325,0.13333333333333333,0.2857142857142857,7,0.16279069767441862,15,15,0,9.0,4,13,0.3488372093023256,0.3488372093023256,0.20930232558139536,0.325,28,13,15,0.4642857142857143,13,0,13.0,0.3023255813953488,3,4,1,0.25,0.3333333333333333,1,1.0,0.3333333333333333,0,3,1,0.3333333333333333,29,29,0,0.3493975903614458,43,25,12,13,1,7,11,11.0,0.0,0.47826,0.44,0.48,3,3,2.5,6,6,0,0.13953488372093023,26,26,32,989.0,958.0,2,41,24,23.365853658536587,23.0,31.083333333333332,29.5,1191,0.41354,0.8303946263643996,14,11,0.32558139534883723,UNRESOLVED,PASS,PASS,PASS,PASS,True,False,False,False,False,True
506,2026-ev-33,2026-07-24 17:00:00-07:00,10,regular_season,False,ARC,Archers,OUT,False,16,11,W,43,41,84,16.0,11.0,0.37209302325581395,0.2682926829268293,0.37209302325581395,0.2682926829268293,0.10380034032898466,37.2093023255814,26.829268292682926,10.380034032898466,40,21,13,16.0,0.325,0.525,0.6190476190476191,0.4,0.3023255813953488,0.9302325581395349,0.4883720930232558,8,4,3,6,32,10,10,0.2,0.375,0.3125,0.375,0.75,8,0.18604651162790697,17,17,0,10.0,10,20,0.3953488372093023,0.3953488372093023,0.23255813953488372,0.4878048780487805,25,12,13,0.48,12,0,12.0,0.27906976744186046,2,1,1,1.0,0.5,1,1.0,0.5,0,2,1,0.5,37,37,0,0.44047619047619047,34,21,9,11,2,9,11,11.0,0.0,0.55,0.5238095238095238,0.42857142857142855,3,3,3.5,7,7,0,0.16279069767441862,37,37,31,1270.0,1248.0,2,41,23,30.4390243902439,28.0,31.08695652173913,34.0,1404,0.4875,0.9045584045584045,9,9,0.20930232558139536,KNOWN_DATA_ISSUE,UNRESOLVED,PASS,PASS,PASS,True,True,False,False,False,True
506,2026-ev-33,2026-07-24 17:00:00-07:00,10,regular_season,False,OUT,Outlaws,ARC,True,11,16,L,41,43,84,11.0,16.0,0.2682926829268293,0.37209302325581395,0.2682926829268293,0.37209302325581395,-0.10380034032898466,26.829268292682926,37.2093023255814,-10.380034032898466,34,21,9,11.0,0.2647058823529412,0.6176470588235294,0.42857142857142855,0.3235294117647059,0.21951219512195122,0.8292682926829268,0.5121951219512195,9,5,2,4,25,7,7,0.2647058823529412,0.2222222222222222,0.28,0.36363636363636365,0.4444444444444444,8,0.1951219512195122,20,19,-1,15.0,4,17,0.4878048780487805,0.4878048780487805,0.36585365853658536,0.3953488372093023,25,13,12,0.52,13,0,13.0,0.3170731707317073,2,1,1,1.0,0.5,1,2.0,1.0,0,2,1,0.5,23,24,1,0.27380952380952384,40,21,13,16,3,8,7,7.0,0.0,0.35,0.3333333333333333,0.6190476190476191,3,3,2.0,4,4,0,0.0975609756097561,30,31,37,825.0,825.0,1,40,24,20.625,16.0,24.791666666666668,17.5,1327,0.46076,0.6217030896759608,9,9,0.21951219512195122,KNOWN_DATA_ISSUE,UNRESOLVED,PASS,PASS,PASS,True,True,False,False,False,True
507,2026-ev-34,2026-07-24 19:30:00-07:00,10,regular_season,False,ATL,Atlas,WAT,True,10,11,L,32,39,71,10.0,11.0,0.3125,0.28205128205128205,0.3125,0.28205128205128205,0.03044871794871795,31.25,28.205128205128204,3.044871794871795,30,21,9,10.0,0.3,0.7,0.42857142857142855,0.3333333333333333,0.28125,0.9375,0.65625,4,2,1,2,26,8,8,0.13333333333333333,0.25,0.3076923076923077,0.2,0.5,4,0.125,14,14,0,10.0,3,12,0.4375,0.4375,0.3125,0.3076923076923077,23,7,16,0.30434782608695654,7,0,7.0,0.21875,2,2,0,0.0,0.0,0,0.0,0.0,0,2,1,0.5,19,19,0,0.2676056338028169,52,29,10,11,1,9,17,17.0,0.0,0.62963,0.5862068965517241,0.3448275862068966,3,3,2.0,4,4,0,0.125,23,25,23,719.0,719.0,0,32,12,22.46875,10.5,31.333333333333332,30.5,1025,0.3559,0.7014634146341463,15,13,0.46875,PASS,UNRESOLVED,PASS,PASS,PASS,False,True,False,False,False,True
507,2026-ev-34,2026-07-24 19:30:00-07:00,10,regular_season,False,WAT,Waterdogs,ATL,False,11,10,W,39,32,71,11.0,10.0,0.28205128205128205,0.3125,0.28205128205128205,0.3125,-0.03044871794871795,28.205128205128204,31.25,-3.044871794871795,52,29,10,11.0,0.19230769230769232,0.5576923076923077,0.3448275862068966,0.21153846153846154,0.2564102564102564,1.3333333333333333,0.7435897435897436,9,4,1,2,43,9,9,0.17307692307692307,0.1111111111111111,0.20930232558139536,0.18181818181818182,0.2222222222222222,9,0.23076923076923078,12,12,0,7.0,6,14,0.3076923076923077,0.3076923076923077,0.1794871794871795,0.4375,23,16,7,0.6956521739130435,16,0,16.0,0.41025641025641024,2,2,1,0.5,0.5,1,2.0,1.0,0,2,0,0.0,23,24,1,0.323943661971831,30,21,9,10,1,4,9,9.0,0.0,0.5,0.42857142857142855,0.42857142857142855,3,3,2.5,5,5,0,0.1282051282051282,23,23,25,1294.0,1250.0,2,37,21,33.78378378378378,30.0,31.142857142857142,30.0,1487,0.51632,0.8702084734364492,13,15,0.3333333333333333,PASS,UNRESOLVED,PASS,PASS,PASS,False,True,False,False,False,True
508,2026-ev-35,2026-07-25 11:00:00-07:00,10,regular_season,False,CAN,Cannons,CHA,False,12,13,L,58,45,103,12.0,13.0,0.20689655172413793,0.28888888888888886,0.20689655172413793,0.28888888888888886,-0.08199233716475093,20.689655172413794,28.88888888888889,-8.199233716475094,55,35,11,12.0,0.2,0.6363636363636364,0.3142857142857143,0.21818181818181817,0.1896551724137931,0.9482758620689655,0.603448275862069,5,4,1,2,50,10,10,0.09090909090909091,0.2,0.2,0.16666666666666666,0.4,5,0.08620689655172414,23,24,1,21.0,13,20,0.39655172413793105,0.39655172413793105,0.3620689655172414,0.4444444444444444,28,23,5,0.8214285714285714,23,0,23.0,0.39655172413793105,1,1,0,0.0,0.0,0,0.0,0.0,0,1,0,0.0,49,51,2,0.47572815533980584,39,26,13,13,0,1,12,12.0,0.0,0.48,0.46153846153846156,0.5,1,1,0.5,3,3,0,0.05172413793103448,38,40,35,1243.0,1239.0,3,55,31,22.527272727272727,16.0,28.93548387096774,24.0,1414,0.4886,0.879066478076379,17,15,0.29310344827586204,KNOWN_DATA_ISSUE,UNRESOLVED,PASS,PASS,PASS,True,True,False,False,False,True
508,2026-ev-35,2026-07-25 11:00:00-07:00,10,regular_season,False,CHA,Chaos,CAN,True,13,12,W,45,58,103,13.0,12.0,0.28888888888888886,0.20689655172413793,0.28888888888888886,0.20689655172413793,0.08199233716475093,28.88888888888889,20.689655172413794,8.199233716475094,39,26,13,13.0,0.3333333333333333,0.6666666666666666,0.5,0.3333333333333333,0.28888888888888886,0.8666666666666667,0.5777777777777777,1,1,0,0,38,13,13,0.02564102564102564,0.0,0.34210526315789475,0.0,0.0,1,0.022222222222222223,20,21,1,20.0,10,23,0.4444444444444444,0.4444444444444444,0.4444444444444444,0.39655172413793105,28,5,23,0.17857142857142858,5,0,5.0,0.1111111111111111,1,0,0,,0.0,0,0.0,0.0,0,1,0,0.0,32,32,0,0.3106796116504854,55,35,11,12,1,5,20,20.0,0.0,0.64516,0.5714285714285714,0.3142857142857143,1,1,1.0,1,1,0,0.022222222222222223,33,35,40,857.0,857.0,1,44,20,19.477272727272727,15.0,24.7,23.0,1275,0.44057,0.672156862745098,15,17,0.3333333333333333,KNOWN_DATA_ISSUE,UNRESOLVED,PASS,PASS,PASS,True,True,False,False,False,True
509,2026-ev-36,2026-07-25 15:30:00-07:00,10,regular_season,False,ARC,Archers,WHP,True,13,8,W,51,39,90,13.0,8.0,0.2549019607843137,0.20512820512820512,0.2549019607843137,0.20512820512820512,0.04977375565610859,25.49019607843137,20.512820512820515,4.977375565610859,44,25,12,13.0,0.2727272727272727,0.5681818181818182,0.48,0.29545454545454547,0.23529411764705882,0.8627450980392157,0.49019607843137253,1,1,1,2,43,11,11,0.022727272727272728,1.0,0.2558139534883721,0.15384615384615385,2.0,1,0.0196078431372549,17,17,0,11.0,7,12,0.3333333333333333,0.3333333333333333,0.21568627450980393,0.3076923076923077,24,18,6,0.75,18,0,18.0,0.35294117647058826,2,2,1,0.5,0.5,1,1.0,0.5,0,3,0,0.0,32,32,0,0.35555555555555557,44,28,8,8,0,4,18,18.0,0.0,0.69231,0.6428571428571429,0.2857142857142857,3,3,2.5,6,6,0,0.11764705882352941,34,34,32,1142.0,1117.0,4,47,22,23.76595744680851,20.0,24.59090909090909,24.5,1310,0.45486,0.8717557251908397,24,21,0.47058823529411764,UNRESOLVED,PASS,UNRESOLVED,PASS,PASS,True,False,True,False,False,True
509,2026-ev-36,2026-07-25 15:30:00-07:00,10,regular_season,False,WHP,Whipsnakes,ARC,False,8,13,L,39,51,90,8.0,13.0,0.20512820512820512,0.2549019607843137,0.20512820512820512,0.2549019607843137,-0.04977375565610859,20.512820512820515,25.49019607843137,-4.977375565610859,44,28,8,8.0,0.18181818181818182,0.6363636363636364,0.2857142857142857,0.18181818181818182,0.20512820512820512,1.1282051282051282,0.717948717948718,4,4,0,0,40,8,8,0.09090909090909091,0.0,0.2,0.0,0.0,4,0.10256410256410256,12,13,1,9.0,9,17,0.3076923076923077,0.3076923076923077,0.23076923076923078,0.3333333333333333,24,6,18,0.25,6,0,6.0,0.15384615384615385,3,3,0,0.0,0.0,0,0.0,0.0,0,2,1,0.5,20,20,0,0.2222222222222222,44,25,12,13,1,1,13,13.0,0.0,0.52,0.52,0.48,2,2,1.0,2,3,1,0.05128205128205128,30,32,34,951.0,951.0,0,39,16,24.384615384615383,22.0,28.9375,30.5,1412,0.49028,0.6735127478753541,21,24,0.5384615384615384,UNRESOLVED,PASS,UNRESOLVED,PASS,PASS,True,False,True,False,False,True
510,2026-ev-37,2026-07-31 15:00:00-07:00,11,regular_season,False,CHA,Chaos,RED,True,12,10,W,41,51,92,12.0,10.0,0.2926829268292683,0.19607843137254902,0.2926829268292683,0.19607843137254902,0.09660449545671926,29.26829268292683,19.607843137254903,9.660449545671925,27,20,11,12.0,0.4074074074074074,0.7407407407407407,0.55,0.4444444444444444,0.2682926829268293,0.6585365853658537,0.4878048780487805,4,4,1,2,23,10,10,0.14814814814814814,0.25,0.43478260869565216,0.16666666666666666,0.5,4,0.0975609756097561,17,18,1,17.0,10,24,0.4146341463414634,0.4146341463414634,0.4146341463414634,0.47058823529411764,24,0,24,0.0,0,0,0.0,0.0,3,1,1,1.0,0.3333333333333333,1,1.0,0.3333333333333333,0,3,1,0.3333333333333333,21,20,-1,0.22826086956521738,49,29,10,10,0,3,17,17.0,0.0,0.62963,0.5862068965517241,0.3448275862068966,2,2,2.5,1,1,0,0.024390243902439025,32,32,39,695.0,603.0,2,39,14,15.461538461538462,6.0,25.785714285714285,20.0,1128,0.39167,0.6161347517730497,16,16,0.3902439024390244,UNRESOLVED,KNOWN_DATA_ISSUE,PASS,PASS,PASS,True,True,False,False,False,True
510,2026-ev-37,2026-07-31 15:00:00-07:00,11,regular_season,False,RED,Redwoods,CHA,False,10,12,L,51,41,92,10.0,12.0,0.19607843137254902,0.2926829268292683,0.19607843137254902,0.2926829268292683,-0.09660449545671926,19.607843137254903,29.26829268292683,-9.660449545671925,49,29,10,10.0,0.20408163265306123,0.5918367346938775,0.3448275862068966,0.20408163265306123,0.19607843137254902,0.9607843137254902,0.5686274509803921,3,2,0,0,46,10,10,0.061224489795918366,0.0,0.21739130434782608,0.0,0.0,3,0.058823529411764705,24,24,0,19.0,5,17,0.47058823529411764,0.47058823529411764,0.37254901960784315,0.4146341463414634,24,24,0,1.0,24,0,24.0,0.47058823529411764,3,4,1,0.25,0.3333333333333333,1,1.0,0.3333333333333333,0,3,1,0.3333333333333333,40,40,0,0.43478260869565216,27,20,11,12,1,4,8,8.0,0.0,0.42105,0.4,0.55,4,4,4.0,5,5,0,0.09803921568627451,39,39,32,1229.0,1229.0,0,51,29,24.098039215686274,20.0,25.310344827586206,24.0,1645,0.57118,0.7471124620060791,16,16,0.3137254901960784,UNRESOLVED,KNOWN_DATA_ISSUE,PASS,PASS,PASS,True,True,False,False,False,True
511,2026-ev-38,2026-07-31 17:30:00-07:00,11,regular_season,False,ARC,Archers,CAN,True,7,11,L,36,43,79,7.0,11.0,0.19444444444444445,0.2558139534883721,0.19444444444444445,0.2558139534883721,-0.061369509043927656,19.444444444444443,25.58139534883721,-6.136950904392766,42,20,7,7.0,0.16666666666666666,0.47619047619047616,0.35,0.16666666666666666,0.19444444444444445,1.1666666666666667,0.5555555555555556,8,3,0,0,34,7,7,0.19047619047619047,0.0,0.20588235294117646,0.0,0.0,7,0.19444444444444445,13,13,0,9.0,6,18,0.3611111111111111,0.3611111111111111,0.25,0.4186046511627907,21,6,15,0.2857142857142857,6,0,6.0,0.16666666666666666,7,5,1,0.2,0.14285714285714285,1,1.0,0.14285714285714285,0,4,1,0.25,26,26,0,0.3291139240506329,38,24,10,11,1,7,12,12.0,0.0,0.54545,0.5,0.4166666666666667,11,14,9.5,4,4,0,0.1111111111111111,23,23,31,981.0,953.0,2,34,16,28.029411764705884,25.5,31.25,27.5,1250,0.43403,0.7848,16,15,0.4444444444444444,UNRESOLVED,PASS,PASS,PASS,KNOWN_DATA_ISSUE,True,False,False,False,True,True
511,2026-ev-38,2026-07-31 17:30:00-07:00,11,regular_season,False,CAN,Cannons,ARC,False,11,7,W,43,36,79,11.0,7.0,0.2558139534883721,0.19444444444444445,0.2558139534883721,0.19444444444444445,0.061369509043927656,25.58139534883721,19.444444444444443,6.136950904392766,38,24,10,11.0,0.2631578947368421,0.631578947368421,0.4166666666666667,0.2894736842105263,0.23255813953488372,0.8837209302325582,0.5581395348837209,7,5,1,2,31,9,9,0.18421052631578946,0.14285714285714285,0.2903225806451613,0.18181818181818182,0.2857142857142857,7,0.16279069767441862,18,19,1,14.0,5,13,0.4186046511627907,0.4186046511627907,0.32558139534883723,0.3611111111111111,21,15,6,0.7142857142857143,15,0,15.0,0.3488372093023256,4,3,1,0.3333333333333333,0.25,2,2.0,0.5,1,7,1,0.14285714285714285,29,29,0,0.3670886075949367,42,20,7,7,0,8,11,11.0,0.0,0.61111,0.55,0.35,9,9,7.0,5,5,0,0.11627906976744186,30,31,23,1050.0,1050.0,1,42,19,25.0,15.0,32.578947368421055,35.0,1447,0.50243,0.7256392536281963,15,16,0.3488372093023256,UNRESOLVED,PASS,PASS,PASS,KNOWN_DATA_ISSUE,True,False,False,False,True,True
512,2026-ev-39,2026-08-01 09:30:00-07:00,11,regular_season,False,OUT,Outlaws,WHP,False,14,13,W,48,36,84,14.0,13.0,0.2916666666666667,0.3611111111111111,0.2916666666666667,0.3611111111111111,-0.06944444444444442,29.166666666666668,36.111111111111114,-6.944444444444442,44,29,13,14.0,0.29545454545454547,0.6590909090909091,0.4482758620689655,0.3181818181818182,0.2708333333333333,0.9166666666666666,0.6041666666666666,5,3,1,2,39,12,12,0.11363636363636363,0.2,0.3076923076923077,0.14285714285714285,0.4,5,0.10416666666666667,20,20,0,18.0,6,10,0.4166666666666667,0.4166666666666667,0.375,0.2777777777777778,29,26,3,0.896551724137931,26,0,26.0,0.5416666666666666,1,0,0,,0.0,0,0.0,0.0,0,3,2,0.6666666666666666,44,44,0,0.5238095238095238,34,20,12,13,1,3,6,6.0,0.0,0.33333,0.3,0.6,2,2,1.5,2,2,0,0.041666666666666664,36,36,31,1187.0,1187.0,2,46,29,25.804347826086957,22.5,22.620689655172413,23.0,1486,0.51597,0.7987886944818304,13,13,0.2708333333333333,PASS,PASS,PASS,PASS,PASS,False,False,False,False,False,False
512,2026-ev-39,2026-08-01 09:30:00-07:00,11,regular_season,False,WHP,Whipsnakes,OUT,True,13,14,L,36,48,84,13.0,14.0,0.3611111111111111,0.2916666666666667,0.3611111111111111,0.2916666666666667,0.06944444444444442,36.111111111111114,29.166666666666668,6.944444444444442,34,20,12,13.0,0.35294117647058826,0.5882352941176471,0.6,0.38235294117647056,0.3333333333333333,0.9444444444444444,0.5555555555555556,3,2,1,2,31,11,11,0.08823529411764706,0.3333333333333333,0.3548387096774194,0.15384615384615385,0.6666666666666666,3,0.08333333333333333,10,10,0,7.0,12,20,0.2777777777777778,0.2777777777777778,0.19444444444444445,0.4166666666666667,29,3,26,0.10344827586206896,3,0,3.0,0.08333333333333333,3,4,2,0.5,0.6666666666666666,2,2.0,0.6666666666666666,0,1,0,0.0,24,24,0,0.2857142857142857,44,29,13,14,1,5,15,15.0,0.0,0.53571,0.5172413793103449,0.4482758620689655,1,1,0.5,3,3,0,0.08333333333333333,31,31,36,875.0,874.0,2,34,17,25.705882352941178,18.0,24.470588235294116,27.0,1228,0.42639,0.7125407166123778,13,13,0.3611111111111111,PASS,PASS,PASS,PASS,PASS,False,False,False,False,False,False
513,2026-ev-40,2026-08-01 12:00:00-07:00,11,regular_season,False,CHA,Chaos,WAT,False,6,13,L,37,47,84,6.0,13.0,0.16216216216216217,0.2765957446808511,0.16216216216216217,0.2765957446808511,-0.1144335825186889,16.216216216216218,27.659574468085108,-11.44335825186889,35,18,5,6.0,0.14285714285714285,0.5142857142857142,0.2777777777777778,0.17142857142857143,0.13513513513513514,0.9459459459459459,0.4864864864864865,6,4,1,2,29,4,4,0.17142857142857143,0.16666666666666666,0.13793103448275862,0.3333333333333333,0.3333333333333333,6,0.16216216216216217,17,17,0,15.0,6,21,0.4594594594594595,0.4594594594594595,0.40540540540540543,0.44680851063829785,20,4,15,0.2,4,0,4.0,0.10810810810810811,0,0,0,,,0,0.0,,0,2,1,0.5,21,21,0,0.25,34,23,12,13,1,4,9,9.0,0.0,0.42857,0.391304347826087,0.5217391304347826,2,2,1.5,2,2,0,0.05405405405405406,29,29,35,915.0,915.0,1,36,19,25.416666666666668,23.0,28.842105263157894,29.0,1387,0.4816,0.6596971881759193,11,12,0.2972972972972973,PASS,UNRESOLVED,PASS,PASS,PASS,False,True,False,False,False,True
513,2026-ev-40,2026-08-01 12:00:00-07:00,11,regular_season,False,WAT,Waterdogs,CHA,True,13,6,W,47,37,84,13.0,6.0,0.2765957446808511,0.16216216216216217,0.2765957446808511,0.16216216216216217,0.1144335825186889,27.659574468085108,16.216216216216218,11.44335825186889,34,23,12,13.0,0.35294117647058826,0.6764705882352942,0.5217391304347826,0.38235294117647056,0.2553191489361702,0.723404255319149,0.48936170212765956,4,2,1,2,30,11,11,0.11764705882352941,0.25,0.36666666666666664,0.15384615384615385,0.5,4,0.0851063829787234,21,21,0,15.0,10,17,0.44680851063829785,0.44680851063829785,0.3191489361702128,0.4594594594594595,20,15,4,0.75,15,0,15.0,0.3191489361702128,2,2,1,0.5,0.5,1,2.0,1.0,0,0,0,,32,33,1,0.38095238095238093,35,18,5,6,1,6,11,11.0,0.0,0.6875,0.6111111111111112,0.2777777777777778,0,0,0.0,6,6,0,0.1276595744680851,35,35,29,937.0,917.0,2,45,24,20.377777777777776,18.0,29.625,32.0,1278,0.44375,0.7331768388106417,12,11,0.2553191489361702,PASS,UNRESOLVED,PASS,PASS,PASS,False,True,False,False,False,True
514,2026-ev-41,2026-08-02 12:00:00-07:00,11,regular_season,False,ATL,Atlas,RED,False,13,21,L,46,49,95,13.0,21.0,0.2826086956521739,0.42857142857142855,0.2826086956521739,0.42857142857142855,-0.14596273291925466,28.26086956521739,42.857142857142854,-14.596273291925465,43,27,10,13.0,0.23255813953488372,0.627906976744186,0.37037037037037035,0.3023255813953488,0.21739130434782608,0.9347826086956522,0.5869565217391305,12,8,3,6,31,7,7,0.27906976744186046,0.25,0.22580645161290322,0.46153846153846156,0.5,9,0.1956521739130435,20,20,0,17.0,9,17,0.43478260869565216,0.43478260869565216,0.3695652173913043,0.3469387755102041,35,15,20,0.42857142857142855,15,0,15.0,0.32608695652173914,1,4,0,0.0,0.0,0,0.0,0.0,0,0,0,,41,42,1,0.43157894736842106,49,29,21,21,0,1,7,7.0,0.0,0.25,0.2413793103448276,0.7241379310344828,0,0,0.0,2,2,0,0.043478260869565216,30,31,38,957.0,956.0,2,44,23,21.727272727272727,15.0,19.17391304347826,20.0,1163,0.40382,0.822871883061049,16,13,0.34782608695652173,PASS,UNRESOLVED,UNRESOLVED,PASS,PASS,False,True,True,False,False,True
514,2026-ev-41,2026-08-02 12:00:00-07:00,11,regular_season,False,RED,Redwoods,ATL,True,21,13,W,49,46,95,21.0,13.0,0.42857142857142855,0.2826086956521739,0.42857142857142855,0.2826086956521739,0.14596273291925466,42.857142857142854,28.26086956521739,14.596273291925465,49,29,21,21.0,0.42857142857142855,0.5918367346938775,0.7241379310344828,0.42857142857142855,0.42857142857142855,1.0,0.5918367346938775,1,0,0,0,48,21,21,0.02040816326530612,0.0,0.4375,0.0,0.0,1,0.02040816326530612,17,17,0,11.0,10,20,0.3469387755102041,0.3469387755102041,0.22448979591836735,0.43478260869565216,35,20,15,0.5714285714285714,20,0,20.0,0.40816326530612246,0,0,0,,,0,0.0,,0,1,0,0.0,35,35,0,0.3684210526315789,43,27,10,13,3,12,15,15.0,0.0,0.6,0.5555555555555556,0.37037037037037035,1,1,2.0,4,5,1,0.08163265306122448,35,38,31,929.0,929.0,0,49,32,18.959183673469386,15.0,20.4375,19.5,1357,0.47118,0.6845983787767134,13,16,0.2653061224489796,PASS,UNRESOLVED,UNRESOLVED,PASS,PASS,False,True,True,False,False,True
515,2026-ev-42,2026-08-07 15:00:00-07:00,12,regular_season,False,CAN,Cannons,WHP,True,14,12,W,54,44,98,14.0,12.0,0.25925925925925924,0.2727272727272727,0.25925925925925924,0.2727272727272727,-0.013468013468013462,25.925925925925927,27.272727272727273,-1.3468013468013462,46,30,13,14.0,0.2826086956521739,0.6521739130434783,0.43333333333333335,0.30434782608695654,0.24074074074074073,0.8518518518518519,0.5555555555555556,2,1,1,2,44,12,12,0.043478260869565216,0.5,0.2727272727272727,0.14285714285714285,1.0,2,0.037037037037037035,12,13,1,8.0,5,13,0.2222222222222222,0.2222222222222222,0.14814814814814814,0.29545454545454547,29,20,9,0.6896551724137931,21,1,21.0,0.3888888888888889,1,1,1,1.0,1.0,1,1.0,1.0,0,5,2,0.4,30,31,1,0.30612244897959184,42,27,12,12,0,4,12,12.0,0.0,0.5,0.4444444444444444,0.4444444444444444,5,6,3.5,6,6,0,0.1111111111111111,24,24,27,1105.0,1105.0,3,51,22,21.666666666666668,13.0,19.227272727272727,13.5,1557,0.53358,0.7096981374438022,29,28,0.5370370370370371,UNRESOLVED,UNRESOLVED,PASS,PASS,KNOWN_DATA_ISSUE,True,True,False,False,True,True
515,2026-ev-42,2026-08-07 15:00:00-07:00,12,regular_season,False,WHP,Whipsnakes,CAN,False,12,14,L,44,54,98,12.0,14.0,0.2727272727272727,0.25925925925925924,0.2727272727272727,0.25925925925925924,0.013468013468013462,27.272727272727273,25.925925925925927,1.3468013468013462,42,27,12,12.0,0.2857142857142857,0.6428571428571429,0.4444444444444444,0.2857142857142857,0.2727272727272727,0.9545454545454546,0.6136363636363636,4,3,0,0,38,12,12,0.09523809523809523,0.0,0.3157894736842105,0.0,0.0,4,0.09090909090909091,13,13,0,11.0,2,12,0.29545454545454547,0.29545454545454547,0.25,0.2222222222222222,29,9,20,0.3103448275862069,9,0,9.0,0.20454545454545456,5,2,2,1.0,0.4,2,2.0,0.4,0,1,1,1.0,21,22,1,0.21428571428571427,46,30,13,14,1,2,15,15.0,0.0,0.53571,0.5,0.43333333333333335,1,1,1.0,2,2,0,0.045454545454545456,27,27,24,813.0,802.0,1,43,14,18.651162790697676,13.0,25.642857142857142,25.5,1118,0.38314,0.7271914132379249,28,29,0.6363636363636364,UNRESOLVED,UNRESOLVED,PASS,PASS,KNOWN_DATA_ISSUE,True,True,False,False,True,True
516,2026-ev-43,2026-08-07 17:30:00-07:00,12,regular_season,False,ARC,Archers,CHA,True,13,12,W,48,40,88,13.0,12.0,0.2708333333333333,0.3,0.2708333333333333,0.3,-0.029166666666666674,27.083333333333332,30.0,-2.9166666666666674,43,27,12,13.0,0.27906976744186046,0.627906976744186,0.4444444444444444,0.3023255813953488,0.25,0.8958333333333334,0.5625,5,1,1,2,38,11,11,0.11627906976744186,0.2,0.2894736842105263,0.15384615384615385,0.4,5,0.10416666666666667,21,22,1,20.0,7,15,0.4375,0.4375,0.4166666666666667,0.375,28,19,8,0.6785714285714286,19,0,19.0,0.3958333333333333,4,3,1,0.3333333333333333,0.25,1,1.0,0.25,0,4,1,0.25,42,42,0,0.4772727272727273,36,24,12,12,0,4,12,12.0,0.0,0.5,0.5,0.5,4,4,3.0,2,2,0,0.041666666666666664,35,36,28,1189.0,1174.0,2,46,24,25.52173913043478,19.0,27.375,25.5,1452,0.50417,0.818870523415978,15,14,0.3125,UNRESOLVED,PASS,PASS,PASS,PASS,True,False,False,False,False,True
516,2026-ev-43,2026-08-07 17:30:00-07:00,12,regular_season,False,CHA,Chaos,ARC,False,12,13,L,40,48,88,12.0,13.0,0.3,0.2708333333333333,0.3,0.2708333333333333,0.029166666666666674,30.0,27.083333333333332,2.9166666666666674,36,24,12,12.0,0.3333333333333333,0.6666666666666666,0.5,0.3333333333333333,0.3,0.9,0.6,4,2,0,0,32,12,12,0.1111111111111111,0.0,0.375,0.0,0.0,4,0.1,15,16,1,13.0,13,21,0.375,0.375,0.325,0.4375,28,8,19,0.2857142857142857,8,0,8.0,0.2,4,3,1,0.3333333333333333,0.25,1,1.0,0.25,0,4,1,0.25,18,18,0,0.20454545454545456,43,27,12,13,1,5,11,11.0,0.0,0.47826,0.4074074074074074,0.4444444444444444,4,4,3.0,3,3,0,0.075,27,28,36,677.0,672.0,1,39,19,17.23076923076923,14.0,25.0,25.0,1243,0.4316,0.5446500402252614,14,15,0.35,UNRESOLVED,PASS,PASS,PASS,PASS,True,False,False,False,False,True
517,2026-ev-44,2026-08-08 10:00:00-07:00,12,regular_season,False,ATL,Atlas,OUT,True,9,14,L,49,47,96,9.0,14.0,0.1836734693877551,0.2978723404255319,0.1836734693877551,0.2978723404255319,-0.11419887103777679,18.367346938775512,29.78723404255319,-11.419887103777679,46,28,8,9.0,0.17391304347826086,0.6086956521739131,0.2857142857142857,0.1956521739130435,0.16326530612244897,0.9387755102040817,0.5714285714285714,6,2,1,2,40,7,7,0.13043478260869565,0.16666666666666666,0.175,0.2222222222222222,0.3333333333333333,5,0.10204081632653061,18,18,0,16.0,12,19,0.3673469387755102,0.3673469387755102,0.32653061224489793,0.40425531914893614,24,13,9,0.5416666666666666,13,0,13.0,0.2653061224489796,4,4,2,0.5,0.5,2,2.0,0.5,0,4,2,0.5,47,47,0,0.4895833333333333,36,24,12,14,2,5,10,10.0,0.0,0.45455,0.4166666666666667,0.5,4,4,4.0,2,2,0,0.04081632653061224,33,33,37,1176.0,1110.0,1,48,17,23.125,16.0,22.11764705882353,14.0,1471,0.51076,0.7994561522773623,22,22,0.4489795918367347,PASS,UNRESOLVED,PASS,PASS,PASS,False,True,False,False,False,True
517,2026-ev-44,2026-08-08 10:00:00-07:00,12,regular_season,False,OUT,Outlaws,ATL,False,14,9,W,47,49,96,14.0,9.0,0.2978723404255319,0.1836734693877551,0.2978723404255319,0.1836734693877551,0.11419887103777679,29.78723404255319,18.367346938775512,11.419887103777679,36,24,12,14.0,0.3333333333333333,0.6666666666666666,0.5,0.3888888888888889,0.2553191489361702,0.7659574468085106,0.5106382978723404,5,2,2,4,31,10,10,0.1388888888888889,0.4,0.3225806451612903,0.2857142857142857,0.8,5,0.10638297872340426,19,19,0,19.0,8,18,0.40425531914893614,0.40425531914893614,0.40425531914893614,0.3673469387755102,24,9,13,0.375,9,0,9.0,0.19148936170212766,4,3,2,0.6666666666666666,0.5,2,2.0,0.5,0,4,2,0.5,22,23,1,0.22916666666666666,46,28,8,9,1,6,19,19.0,0.0,0.7037,0.6785714285714286,0.2857142857142857,4,4,3.5,0,0,0,0.0,37,37,33,763.0,763.0,1,46,18,16.58695652173913,5.5,21.833333333333332,22.5,1114,0.38681,0.6849192100538599,22,22,0.46808510638297873,PASS,UNRESOLVED,PASS,PASS,PASS,False,True,False,False,False,True
519,2026-ev-45,2026-08-08 17:00:00-07:00,12,regular_season,False,CAN,Cannons,RED,True,12,9,W,49,48,97,12.0,9.0,0.24489795918367346,0.1875,0.24489795918367346,0.1875,0.057397959183673464,24.489795918367346,18.75,5.739795918367347,42,26,11,12.0,0.2619047619047619,0.6190476190476191,0.4230769230769231,0.2857142857142857,0.22448979591836735,0.8571428571428571,0.5306122448979592,11,7,1,2,31,10,10,0.2619047619047619,0.09090909090909091,0.3225806451612903,0.16666666666666666,0.18181818181818182,11,0.22448979591836735,16,16,0,13.0,11,21,0.32653061224489793,0.32653061224489793,0.2653061224489796,0.4375,23,12,11,0.5217391304347826,12,0,12.0,0.24489795918367346,3,0,0,,0.0,0,0.0,0.0,0,5,3,0.6,35,35,0,0.36082474226804123,40,26,9,9,0,8,15,15.0,0.0,0.625,0.5769230769230769,0.34615384615384615,5,6,5.5,3,3,0,0.061224489795918366,24,25,30,1083.0,1074.0,2,47,21,22.851063829787233,19.0,28.714285714285715,36.0,1289,0.44757,0.8401861908456167,19,19,0.3877551020408163,UNRESOLVED,PASS,PASS,PASS,UNRESOLVED,True,False,False,False,True,True
519,2026-ev-45,2026-08-08 17:00:00-07:00,12,regular_season,False,RED,Redwoods,CAN,False,9,12,L,48,49,97,9.0,12.0,0.1875,0.24489795918367346,0.1875,0.24489795918367346,-0.057397959183673464,18.75,24.489795918367346,-5.739795918367347,40,26,9,9.0,0.225,0.65,0.34615384615384615,0.225,0.1875,0.8333333333333334,0.5416666666666666,8,5,0,0,32,9,9,0.2,0.0,0.28125,0.0,0.0,8,0.16666666666666666,21,22,1,17.0,6,16,0.4375,0.4375,0.3541666666666667,0.32653061224489793,23,11,12,0.4782608695652174,11,0,11.0,0.22916666666666666,5,5,3,0.6,0.6,3,3.0,0.6,0,3,0,0.0,34,34,0,0.35051546391752575,42,26,11,12,1,11,14,14.0,0.0,0.56,0.5384615384615384,0.4230769230769231,3,3,2.0,5,5,0,0.10416666666666667,29,30,25,791.0,791.0,2,46,22,17.195652173913043,6.5,24.40909090909091,21.5,1404,0.4875,0.5633903133903134,19,19,0.3958333333333333,UNRESOLVED,PASS,PASS,PASS,UNRESOLVED,True,False,False,False,True,True
520,2026-ev-46,2026-08-16 10:00:00-07:00,13,regular_season,False,WAT,Waterdogs,WHP,True,11,9,W,44,44,88,11.0,9.0,0.25,0.20454545454545456,0.25,0.20454545454545456,0.04545454545454544,25.0,20.454545454545453,4.545454545454544,42,30,11,11.0,0.2619047619047619,0.7142857142857143,0.36666666666666664,0.2619047619047619,0.25,0.9545454545454546,0.6818181818181818,5,3,0,0,37,11,11,0.11904761904761904,0.0,0.2972972972972973,0.0,0.0,5,0.11363636363636363,16,16,0,13.0,10,15,0.36363636363636365,0.36363636363636365,0.29545454545454547,0.3409090909090909,24,11,13,0.4583333333333333,11,0,11.0,0.25,2,2,0,0.0,0.0,0,0.0,0.0,0,5,2,0.4,28,28,0,0.3181818181818182,51,34,9,9,0,3,21,21.0,0.0,0.7,0.6176470588235294,0.2647058823529412,5,5,4.0,3,3,0,0.06818181818181818,33,33,28,1125.0,1125.0,0,44,19,25.568181818181817,23.0,31.210526315789473,31.0,1259,0.43715,0.8935663224781573,23,21,0.5227272727272727,KNOWN_DATA_ISSUE,KNOWN_DATA_ISSUE,PASS,PASS,PASS,True,True,False,False,False,False
520,2026-ev-46,2026-08-16 10:00:00-07:00,13,regular_season,False,WHP,Whipsnakes,WAT,False,9,11,L,44,44,88,9.0,11.0,0.20454545454545456,0.25,0.20454545454545456,0.25,-0.04545454545454544,20.454545454545453,25.0,-4.545454545454544,51,34,9,9.0,0.17647058823529413,0.6666666666666666,0.2647058823529412,0.17647058823529413,0.20454545454545456,1.1590909090909092,0.7727272727272727,3,1,0,0,48,9,9,0.058823529411764705,0.0,0.1875,0.0,0.0,3,0.06818181818181818,15,14,-1,11.0,6,16,0.3409090909090909,0.3409090909090909,0.25,0.36363636363636365,24,13,11,0.5416666666666666,13,0,13.0,0.29545454545454547,5,5,2,0.4,0.4,2,2.0,0.4,0,2,0,0.0,27,28,1,0.3068181818181818,42,30,11,11,0,5,16,16.0,0.0,0.59259,0.5333333333333333,0.36666666666666664,2,2,2.5,1,1,0,0.022727272727272728,24,28,33,1052.0,991.0,3,41,15,24.170731707317074,18.0,20.8,19.0,1390,0.48264,0.7568345323741007,21,23,0.4772727272727273,KNOWN_DATA_ISSUE,KNOWN_DATA_ISSUE,PASS,PASS,PASS,True,True,False,False,False,False
522,2026-ev-47,2026-08-15 11:00:00-07:00,13,regular_season,False,ATL,Atlas,WAT,False,10,18,L,42,46,88,10.0,18.0,0.23809523809523808,0.391304347826087,0.23809523809523808,0.391304347826087,-0.1532091097308489,23.80952380952381,39.130434782608695,-15.320910973084889,43,32,9,10.0,0.20930232558139536,0.7441860465116279,0.28125,0.23255813953488372,0.21428571428571427,1.0238095238095237,0.7619047619047619,7,7,1,2,36,8,8,0.16279069767441862,0.14285714285714285,0.2222222222222222,0.2,0.2857142857142857,7,0.16666666666666666,15,15,0,12.0,5,18,0.35714285714285715,0.35714285714285715,0.2857142857142857,0.391304347826087,29,14,15,0.4827586206896552,14,0,14.0,0.3333333333333333,3,3,1,0.3333333333333333,0.3333333333333333,1,1.0,0.3333333333333333,0,3,2,0.6666666666666666,39,39,0,0.4431818181818182,33,25,16,18,2,5,9,9.0,0.0,0.36,0.36,0.64,4,4,3.0,2,3,1,0.047619047619047616,29,30,33,1211.0,1199.0,2,40,20,29.975,28.5,29.2,30.0,1437,0.49896,0.8427279053583855,14,14,0.3333333333333333,PASS,PASS,UNRESOLVED,PASS,PASS,False,False,True,False,False,True
522,2026-ev-47,2026-08-15 11:00:00-07:00,13,regular_season,False,WAT,Waterdogs,ATL,True,18,10,W,46,42,88,18.0,10.0,0.391304347826087,0.23809523809523808,0.391304347826087,0.23809523809523808,0.1532091097308489,39.130434782608695,23.80952380952381,15.320910973084889,33,25,16,18.0,0.48484848484848486,0.7575757575757576,0.64,0.5454545454545454,0.34782608695652173,0.717391304347826,0.5434782608695652,5,4,2,4,28,14,14,0.15151515151515152,0.4,0.5,0.2222222222222222,0.8,5,0.10869565217391304,18,18,0,12.0,10,15,0.391304347826087,0.391304347826087,0.2608695652173913,0.35714285714285715,29,15,14,0.5172413793103449,15,0,15.0,0.32608695652173914,3,5,2,0.4,0.6666666666666666,2,2.0,0.6666666666666666,0,3,1,0.3333333333333333,29,29,0,0.32954545454545453,43,32,9,10,1,7,21,21.0,0.0,0.7,0.65625,0.28125,4,4,3.5,6,6,0,0.13043478260869565,33,33,30,820.0,820.0,0,46,26,17.82608695652174,10.0,25.73076923076923,22.0,1216,0.42222,0.6743421052631579,14,14,0.30434782608695654,PASS,PASS,UNRESOLVED,PASS,PASS,False,False,True,False,False,True
523,2026-ev-48,2026-08-16 12:30:00-07:00,13,regular_season,False,OUT,Outlaws,RED,False,11,18,L,42,47,89,11.0,18.0,0.2619047619047619,0.3829787234042553,0.2619047619047619,0.3829787234042553,-0.1210739614994934,26.19047619047619,38.297872340425535,-12.10739614994934,34,22,9,11.0,0.2647058823529412,0.6470588235294118,0.4090909090909091,0.3235294117647059,0.21428571428571427,0.8095238095238095,0.5238095238095238,8,5,2,4,26,7,7,0.23529411764705882,0.25,0.2692307692307692,0.36363636363636365,0.5,7,0.16666666666666666,20,20,0,17.0,6,18,0.47619047619047616,0.47619047619047616,0.40476190476190477,0.3829787234042553,29,12,17,0.41379310344827586,12,0,12.0,0.2857142857142857,0,0,0,,,0,0.0,,0,1,1,1.0,27,28,1,0.30337078651685395,40,29,16,18,2,5,11,11.0,0.0,0.40741,0.3793103448275862,0.5517241379310345,1,1,0.5,3,3,0,0.07142857142857142,30,31,37,771.0,748.0,2,40,19,18.7,13.5,18.94736842105263,11.0,1147,0.39826,0.6721883173496077,14,13,0.3333333333333333,PASS,UNRESOLVED,PASS,PASS,PASS,False,True,False,False,False,True
523,2026-ev-48,2026-08-16 12:30:00-07:00,13,regular_season,False,RED,Redwoods,OUT,True,18,11,W,47,42,89,18.0,11.0,0.3829787234042553,0.2619047619047619,0.3829787234042553,0.2619047619047619,0.1210739614994934,38.297872340425535,26.19047619047619,12.10739614994934,40,29,16,18.0,0.4,0.725,0.5517241379310345,0.45,0.3404255319148936,0.851063829787234,0.6170212765957447,5,4,2,4,35,14,14,0.125,0.4,0.4,0.2222222222222222,0.8,5,0.10638297872340426,18,18,0,13.0,9,20,0.3829787234042553,0.3829787234042553,0.2765957446808511,0.47619047619047616,29,17,12,0.5862068965517241,17,0,17.0,0.3617021276595745,1,1,1,1.0,1.0,1,1.0,1.0,0,0,0,,34,34,0,0.38202247191011235,34,22,9,11,2,8,12,12.0,0.0,0.57143,0.5454545454545454,0.4090909090909091,0,0,0.0,5,5,0,0.10638297872340426,37,37,31,1121.0,1098.0,2,45,26,24.4,21.0,25.653846153846153,25.0,1555,0.53993,0.7209003215434083,13,14,0.2765957446808511,PASS,UNRESOLVED,PASS,PASS,PASS,False,True,False,False,False,True
524,2026-quarterfinals-1,2026-08-29 15:00:00-07:00,14,playoffs,True,OUT,Outlaws,RED,False,15,14,W,47,49,96,15.0,14.0,0.3191489361702128,0.2857142857142857,0.3191489361702128,0.2857142857142857,0.033434650455927084,31.914893617021278,28.571428571428573,3.3434650455927084,41,24,14,15.0,0.34146341463414637,0.5853658536585366,0.5833333333333334,0.36585365853658536,0.2978723404255319,0.8723404255319149,0.5106382978723404,5,1,1,2,36,13,13,0.12195121951219512,0.2,0.3611111111111111,0.13333333333333333,0.4,4,0.0851063829787234,21,21,0,18.0,10,19,0.44680851063829785,0.44680851063829785,0.3829787234042553,0.3877551020408163,32,14,17,0.4375,14,0,14.0,0.2978723404255319,0,0,0,,,0,0.0,,0,7,5,0.7142857142857143,31,31,0,0.3229166666666667,44,30,14,14,0,6,15,15.0,0.0,0.51724,0.5,0.4666666666666667,5,5,3.0,2,2,0,0.0425531914893617,25,26,41,906.0,906.0,2,45,20,20.133333333333333,18.0,21.05,20.0,1125,0.39062,0.8053333333333333,20,19,0.425531914893617,PASS,PASS,PASS,PASS,PASS,False,False,False,False,False,False
524,2026-quarterfinals-1,2026-08-29 15:00:00-07:00,14,playoffs,True,RED,Redwoods,OUT,True,14,15,L,49,47,96,14.0,15.0,0.2857142857142857,0.3191489361702128,0.2857142857142857,0.3191489361702128,-0.033434650455927084,28.571428571428573,31.914893617021278,-3.3434650455927084,44,30,14,14.0,0.3181818181818182,0.6818181818181818,0.4666666666666667,0.3181818181818182,0.2857142857142857,0.8979591836734694,0.6122448979591837,6,3,0,0,38,14,14,0.13636363636363635,0.0,0.3684210526315789,0.0,0.0,6,0.12244897959183673,19,19,0,14.0,15,21,0.3877551020408163,0.3877551020408163,0.2857142857142857,0.44680851063829785,32,17,14,0.53125,17,0,17.0,0.3469387755102041,7,7,5,0.7142857142857143,0.7142857142857143,5,5.0,0.7142857142857143,0,0,0,,32,32,0,0.3333333333333333,41,24,14,15,1,5,10,10.0,0.0,0.41667,0.4166666666666667,0.5833333333333334,0,0,0.0,4,4,0,0.08163265306122448,39,41,26,1073.0,1073.0,0,49,26,21.897959183673468,20.0,24.923076923076923,26.0,1560,0.54167,0.6878205128205128,19,20,0.3877551020408163,PASS,PASS,PASS,PASS,PASS,False,False,False,False,False,False
525,2026-quarterfinals-2,2026-08-29 17:30:00-07:00,14,playoffs,True,CAN,Cannons,WHP,True,9,7,W,44,45,89,9.0,7.0,0.20454545454545456,0.15555555555555556,0.20454545454545456,0.15555555555555556,0.048989898989899,20.454545454545453,15.555555555555555,4.8989898989899,35,19,9,9.0,0.2571428571428571,0.5428571428571428,0.47368421052631576,0.2571428571428571,0.20454545454545456,0.7954545454545454,0.4318181818181818,4,2,0,0,31,9,9,0.11428571428571428,0.0,0.2903225806451613,0.0,0.0,4,0.09090909090909091,20,20,0,13.0,13,22,0.45454545454545453,0.45454545454545453,0.29545454545454547,0.4888888888888889,20,10,10,0.5,10,0,10.0,0.22727272727272727,2,1,0,0.0,0.0,0,0.0,0.0,0,3,1,0.3333333333333333,34,34,0,0.38202247191011235,33,20,7,7,0,2,12,12.0,0.0,0.63158,0.6,0.35,3,3,2.5,6,6,0,0.13636363636363635,30,32,26,1032.0,1031.0,1,43,22,23.976744186046513,16.0,32.18181818181818,31.0,1254,0.43542,0.8229665071770335,14,16,0.3181818181818182,PASS,PASS,PASS,PASS,PASS,False,False,False,False,False,False
525,2026-quarterfinals-2,2026-08-29 17:30:00-07:00,14,playoffs,True,WHP,Whipsnakes,CAN,False,7,9,L,45,44,89,7.0,9.0,0.15555555555555556,0.20454545454545456,0.15555555555555556,0.20454545454545456,-0.048989898989899,15.555555555555555,20.454545454545453,-4.8989898989899,33,20,7,7.0,0.21212121212121213,0.6060606060606061,0.35,0.21212121212121213,0.15555555555555556,0.7333333333333333,0.4444444444444444,2,2,0,0,31,7,7,0.06060606060606061,0.0,0.22580645161290322,0.0,0.0,2,0.044444444444444446,22,22,0,19.0,7,20,0.4888888888888889,0.4888888888888889,0.4222222222222222,0.45454545454545453,20,10,10,0.5,10,0,10.0,0.2222222222222222,3,1,1,1.0,0.3333333333333333,1,1.0,0.3333333333333333,0,2,0,0.0,26,26,0,0.29213483146067415,35,19,9,9,0,4,9,9.0,0.0,0.5,0.47368421052631576,0.47368421052631576,3,3,2.0,3,3,0,0.06666666666666667,25,26,32,789.0,786.0,3,42,16,18.714285714285715,7.5,22.5625,27.0,1473,0.51146,0.5356415478615071,16,14,0.35555555555555557,PASS,PASS,PASS,PASS,PASS,False,False,False,False,False,False
