player_id,player_name,team_id,n_teams,position_code,position_name,baseline_group,games_played,shots,one_point_attempts,two_point_attempts,shots_on_goal,goals,one_point_goals,two_point_goals,pll_points,touches,turnovers,ground_balls,caused_turnovers,faceoffs,faceoff_wins,saves,shots_on_goal_faced,one_point_shots_on_goal_faced,two_point_shots_on_goal_faced,pll_points_allowed,official_assists,play_shares,penalties,expected_points_from_shots,shooting_value,shooting_value_one_point,shooting_value_two_point,shooting_value_per_shot,expected_turnovers,turnovers_above_expected,turnover_value,turnover_value_per_touch,expected_faceoff_wins,faceoff_wins_above_expected,faceoff_value,faceoff_value_per_faceoff,expected_caused_turnovers,caused_turnovers_above_expected,caused_turnover_value,caused_turnover_value_per_game,defensive_value_scope,expected_points_allowed,goalie_value,goalie_value_per_shot_on_goal_faced,ground_ball_value,ground_ball_value_status,ground_ball_event_value_descriptive,assist_value,assist_value_status,total_offensive_value,total_defensive_value,total_faceoff_value,total_goalie_value,total_player_value,total_player_value_per_game,total_player_value_per_play_share,components_supported
000254,Trevor Baptiste,ATL,1,FO,faceoff,faceoff,10,19.0,17.0,2.0,12.0,5.0,4.0,1.0,6.0,121.0,5.0,90.0,1.0,251.0,169.0,0.0,0,0,0,0.0,4.0,462,5.0,5.7236404494001185,0.2763595505998815,-1.1090851933354289,1.38544474393531,0.014545239505256921,12.283333333333333,-7.283333333333333,1.9347122153338998,0.015989357151519834,124.87197664720601,44.12802335279399,15.969761716651105,0.06362454867191675,1.368421052631579,-0.368421052631579,-0.09786572689873997,-0.009786572689873997,"partial: caused turnovers only, relative to positional per-game average",,,,,deferred: no opportunity denominator; contexts not separable; overlaps faceoff value,13.091165616561145,,deferred: goal value already credited to the shooter,2.2110717659337813,-0.09786572689873997,15.969761716651105,0.0,18.082967755686145,1.8082967755686146,0.039140622847805506,shooting+turnover+defense+faceoff
000350,Joseph Nardella,WHP,1,FO,faceoff,faceoff,11,8.0,8.0,0.0,5.0,3.0,3.0,0.0,3.0,114.0,13.0,83.0,0.0,253.0,163.0,0.0,0,0,0,0.0,3.0,441,2.0,2.4042753850990253,0.5957246149009747,0.5957246149009747,0.0,0.07446557686262184,11.572727272727272,1.4272727272727277,-0.37913436797265115,-0.0033257400699355363,125.86697247706422,37.13302752293578,13.438299663190898,0.05311580894541857,1.5052631578947369,-1.5052631578947369,-0.3998513984719947,-0.036350127133817696,"partial: caused turnovers only, relative to positional per-game average",,,,,deferred: no opportunity denominator; contexts not separable; overlaps faceoff value,12.072963846384168,,deferred: goal value already credited to the shooter,0.21659024692832357,-0.3998513984719947,13.438299663190898,0.0,13.255038511647227,1.2050035010588387,0.030056776670401873,shooting+turnover+defense+faceoff
000258,Blaze Riorden,CHA,1,G,goalie,goalie,13,3.0,0.0,3.0,1.0,0.0,0.0,0.0,0.0,203.0,4.0,24.0,6.0,0.0,0.0,182.0,338,307,31,147.0,3.0,579,0.0,0.9218328840970351,-0.9218328840970351,0.0,-0.9218328840970351,-0.30727762803234504,5.745283018867925,-1.7452830188679247,0.46360920491788543,0.0022837891867876128,,,,,4.633663366336633,1.3663366336633667,0.36294757557071605,0.027919044274670464,"partial: caused turnovers only, relative to positional per-game average",159.82065931658877,12.820659316588774,0.037930944723635424,,deferred: no opportunity denominator; contexts not separable; overlaps faceoff value,3.490977497749639,,deferred: goal value already credited to the shooter,-0.4582236791791497,0.36294757557071605,0.0,12.820659316588774,12.72538321298034,0.9788756317677184,0.021978209348843418,shooting+turnover+defense+goalie
001809,Jeff Teat,ATL,1,A,attack,offensive_field,11,59.0,58.0,1.0,39.0,25.0,24.0,1.0,26.0,401.0,22.0,18.0,2.0,0.0,0.0,0.0,0,0,0,0.0,19.0,154,0.0,17.738274170000278,8.261725829999722,6.569003458032068,1.692722371967655,0.1400292513559275,23.796177967104487,-1.7961779671044873,0.4771287122019217,0.0011898471625983085,,,,,1.3674863387978142,0.6325136612021858,0.16801811075882425,0.01527437370534766,"partial: caused turnovers only, relative to positional per-game average",,,,,deferred: no opportunity denominator; contexts not separable; overlaps faceoff value,2.618233123312229,,deferred: goal value already credited to the shooter,8.738854542201643,0.16801811075882425,0.0,0.0,8.906872652960468,0.8097156957236789,0.057836835408834206,shooting+turnover+defense
000216,Marcus Holman,ARC,1,A,attack,offensive_field,12,66.0,59.0,7.0,46.0,24.0,22.0,2.0,26.0,406.0,16.0,25.0,1.0,0.0,0.0,0.0,0,0,0,0.0,8.0,123,1.0,19.882474361331724,6.117525638668276,4.268469034894689,1.849056603773585,0.0926897824040648,24.092888415572123,-8.092888415572123,2.1497588203581137,0.00529497246393624,,,,,1.4918032786885247,-0.4918032786885247,-0.13064043169152645,-0.010886702640960538,"partial: caused turnovers only, relative to positional per-game average",,,,,deferred: no opportunity denominator; contexts not separable; overlaps faceoff value,3.636434893489207,,deferred: goal value already credited to the shooter,8.26728445902639,-0.13064043169152645,0.0,0.0,8.136644027334864,0.678053668944572,0.06615157745800702,shooting+turnover+defense
000353,Kyle Bernlohr,WHP,1,G,goalie,goalie,11,2.0,0.0,2.0,1.0,0.0,0.0,0.0,0.0,172.0,4.0,27.0,6.0,0.0,0.0,133.0,246,217,29,109.0,0.0,431,0.0,0.6145552560646901,-0.6145552560646901,0.0,-0.6145552560646901,-0.30727762803234504,4.867924528301887,-0.867924528301887,0.23055160460781335,0.00134041630585938,,,,,3.9207920792079207,2.0792079207920793,0.5523115280423939,0.0502101389129449,"partial: caused turnovers only, relative to positional per-game average",116.74352000584112,7.74352000584112,0.03147772360098016,,deferred: no opportunity denominator; contexts not separable; overlaps faceoff value,3.927349684968344,,deferred: goal value already credited to the shooter,-0.38400365145687676,0.5523115280423939,0.0,7.74352000584112,7.911827882426637,0.7192570802206034,0.018356909239968997,shooting+turnover+defense+goalie
002015,Logan Wisnauskas,CHR,1,A,attack,offensive_field,10,72.0,71.0,1.0,48.0,26.0,26.0,0.0,26.0,331.0,8.0,10.0,0.0,0.0,0.0,0.0,0,0,0,0.0,11.0,117,0.0,21.645221670786196,4.354778329213804,4.6620559572461495,-0.30727762803234504,0.06048303235019173,19.64223168855757,-11.642231688557569,3.0925905530800564,0.009343173876374792,,,,,1.2431693989071038,-1.2431693989071038,-0.3302299801091362,-0.033022998010913615,"partial: caused turnovers only, relative to positional per-game average",,,,,deferred: no opportunity denominator; contexts not separable; overlaps faceoff value,1.4545739573956828,,deferred: goal value already credited to the shooter,7.44736888229386,-0.3302299801091362,0.0,0.0,7.117138902184724,0.7117138902184724,0.06083024702721986,shooting+turnover+defense
001724,Sean Sconone,CHR,1,G,goalie,goalie,11,0.0,0.0,0.0,0.0,0.0,0.0,0.0,0.0,149.0,3.0,20.0,3.0,0.0,0.0,127.0,253,230,23,113.0,1.0,416,0.0,0.0,0.0,0.0,0.0,,4.216981132075472,-1.216981132075472,0.32327344559139043,0.002169620440210674,,,,,3.9207920792079207,-0.9207920792079207,-0.24459510527591727,-0.022235918661447026,"partial: caused turnovers only, relative to positional per-game average",119.61561769859813,6.615617698598129,0.02614868655572383,,deferred: no opportunity denominator; contexts not separable; overlaps faceoff value,2.9091479147913657,,deferred: goal value already credited to the shooter,0.32327344559139043,-0.24459510527591727,0.0,6.615617698598129,6.694296038913603,0.6085723671739639,0.016092057785850006,shooting+turnover+defense+goalie
000234,Eric Law,ATL,1,A,attack,offensive_field,11,36.0,36.0,0.0,29.0,18.0,18.0,0.0,18.0,376.0,25.0,12.0,1.0,0.0,0.0,0.0,0,0,0,0.0,12.0,88,3.0,10.819239232945614,7.180760767054386,7.180760767054386,0.0,0.1994655768626218,22.3126257247663,2.687374275233701,-0.7138621287142417,-0.0018985694912612811,,,,,1.3674863387978142,-0.3674863387978142,-0.09761743368061279,-0.008874312152782981,"partial: caused turnovers only, relative to positional per-game average",,,,,deferred: no opportunity denominator; contexts not separable; overlaps faceoff value,1.7454887488748194,,deferred: goal value already credited to the shooter,6.466898638340144,-0.09761743368061279,0.0,0.0,6.369281204659531,0.5790255640599574,0.07237819550749468,shooting+turnover+defense
001810,Michael Sowers,WAT,1,A,attack,offensive_field,12,77.0,75.0,2.0,55.0,29.0,29.0,0.0,29.0,333.0,18.0,10.0,0.0,0.0,0.0,0.0,0,0,0,0.0,15.0,155,1.0,23.15463699136805,5.845363008631949,6.45991826469664,-0.6145552560646901,0.07591380530690843,19.76091586794462,-1.7609158679446217,0.46776184529351345,0.001404690226106647,,,,,1.4918032786885247,-1.4918032786885247,-0.3962759761309635,-0.03302299801091362,"partial: caused turnovers only, relative to positional per-game average",,,,,deferred: no opportunity denominator; contexts not separable; overlaps faceoff value,1.4545739573956828,,deferred: goal value already credited to the shooter,6.313124853925463,-0.3962759761309635,0.0,0.0,5.916848877794499,0.49307073981620825,0.038173218566416124,shooting+turnover+defense
000363,Ryan Conrad,WAT,1,M,midfield,offensive_field,11,40.0,38.0,2.0,30.0,17.0,16.0,1.0,18.0,205.0,13.0,5.0,2.0,0.0,0.0,0.0,0,0,0,0.0,9.0,72,2.0,12.03486333528506,5.96513666471494,4.579691920779631,1.38544474393531,0.14912841661787352,12.165128387173116,0.834871612826884,-0.22177157541030024,-0.0010818125629770744,,,,,1.3674863387978142,0.6325136612021858,0.16801811075882425,0.01527437370534766,"partial: caused turnovers only, relative to positional per-game average",,,,,deferred: no opportunity denominator; contexts not separable; overlaps faceoff value,0.7272869786978414,,deferred: goal value already credited to the shooter,5.74336508930464,0.16801811075882425,0.0,0.0,5.911383200063464,0.5373984727330422,0.08210254444532589,shooting+turnover+defense
000886,Lyle Thompson,CAN,1,A,attack,offensive_field,9,66.0,66.0,0.0,42.0,26.0,26.0,0.0,26.0,283.0,25.0,22.0,5.0,0.0,0.0,0.0,0,0,0,0.0,18.0,145,1.0,19.83527192706696,6.164728072933041,6.164728072933041,0.0,0.09340497080201578,16.793811383268253,8.206188616731747,-2.1798553809782484,-0.00770266919073586,,,,,1.1188524590163935,3.8811475409836067,1.0309707400989627,0.1145523044554403,"partial: caused turnovers only, relative to positional per-game average",,,,,deferred: no opportunity denominator; contexts not separable; overlaps faceoff value,3.2000627062705025,,deferred: goal value already credited to the shooter,3.9848726919547928,1.0309707400989627,0.0,0.0,5.015843432053756,0.5573159368948617,0.034592023669336246,shooting+turnover+defense
001835,Ethan Walker,WAT,1,A,attack,offensive_field,12,38.0,38.0,0.0,22.0,15.0,15.0,0.0,15.0,314.0,14.0,17.0,1.0,0.0,0.0,0.0,0,0,0,0.0,6.0,100,1.0,11.42030807922037,3.5796919207796307,3.5796919207796307,0.0,0.09420241896788502,18.633416163767603,-4.633416163767603,1.230800025276895,0.003919745303429601,,,,,1.4918032786885247,-0.4918032786885247,-0.13064043169152645,-0.010886702640960538,"partial: caused turnovers only, relative to positional per-game average",,,,,deferred: no opportunity denominator; contexts not separable; overlaps faceoff value,2.4727757275726607,,deferred: goal value already credited to the shooter,4.810491946056525,-0.13064043169152645,0.0,0.0,4.679851514364999,0.3899876261970832,0.04679851514364999,shooting+turnover+defense
000201,Adam Ghitelman,ARC,1,G,goalie,goalie,11,2.0,0.0,2.0,1.0,0.0,0.0,0.0,0.0,153.0,2.0,36.0,3.0,0.0,0.0,116.0,249,225,24,113.0,0.0,451,1.0,0.6145552560646901,-0.6145552560646901,0.0,-0.6145552560646901,-0.30727762803234504,4.330188679245283,-2.330188679245283,0.6189809384579334,0.004045627048744663,,,,,3.9207920792079207,-0.9207920792079207,-0.24459510527591727,-0.022235918661447026,"partial: caused turnovers only, relative to positional per-game average",117.81434360397196,4.814343603971963,0.01933471326896371,,deferred: no opportunity denominator; contexts not separable; overlaps faceoff value,5.236466246624458,,deferred: goal value already credited to the shooter,0.004425682393243369,-0.24459510527591727,0.0,4.814343603971963,4.5741741810892895,0.41583401646266266,0.010142293084455188,shooting+turnover+defense+goalie
001812,TD Ierlan,RED,1,FO,faceoff,faceoff,11,7.0,7.0,0.0,3.0,1.0,1.0,0.0,1.0,89.0,9.0,85.0,5.0,276.0,150.0,0.0,0,0,0,0.0,1.0,457,2.0,2.103740961961647,-1.103740961961647,-1.103740961961647,0.0,-0.15767728028023528,9.034848484848485,-0.03484848484848513,0.00925699624561682,0.0001040111937709755,137.3094245204337,12.690575479566292,4.5926703953082715,0.01664011012792852,1.5052631578947369,3.4947368421052634,0.9283263237251905,0.0843933021568355,"partial: caused turnovers only, relative to positional per-game average",,,,,deferred: no opportunity denominator; contexts not separable; overlaps faceoff value,12.363878637863305,,deferred: goal value already credited to the shooter,-1.0944839657160301,0.9283263237251905,4.5926703953082715,0.0,4.426512753317432,0.4024102503015847,0.009686023530235082,shooting+turnover+defense+faceoff
000366,Connor Farrell,CHR,1,FO,faceoff,faceoff,11,11.0,9.0,2.0,5.0,2.0,2.0,0.0,2.0,84.0,11.0,96.0,1.0,250.0,142.0,0.0,0,0,0,0.0,0.0,451,1.0,3.3193650643010937,-1.3193650643010937,-0.7048098082364036,-0.6145552560646901,-0.1199422785728267,8.527272727272727,2.4727272727272727,-0.6568442553411534,-0.007819574468347065,124.3744787322769,17.6255212677231,6.378608271822411,0.025514433087289644,1.5052631578947369,-0.5052631578947369,-0.13421585403255767,-0.012201441275687062,"partial: caused turnovers only, relative to positional per-game average",,,,,deferred: no opportunity denominator; contexts not separable; overlaps faceoff value,13.963909990998555,,deferred: goal value already credited to the shooter,-1.9762093196422472,-0.13421585403255767,6.378608271822411,0.0,4.268183098147606,0.388016645286146,0.009463820616735268,shooting+turnover+defense+faceoff
001828,Justin Anderson,CHR,1,M,midfield,offensive_field,11,47.0,43.0,4.0,31.0,16.0,15.0,1.0,17.0,258.0,10.0,13.0,1.0,0.0,0.0,0.0,0,0,0,0.0,5.0,85,2.0,14.152090707036642,2.847909292963358,2.077019805092739,0.7708894878706198,0.060593814743901235,15.310259140930068,-5.310259140930068,1.410593578015456,0.005467416969052155,,,,,1.3674863387978142,-0.3674863387978142,-0.09761743368061279,-0.008874312152782981,"partial: caused turnovers only, relative to positional per-game average",,,,,deferred: no opportunity denominator; contexts not separable; overlaps faceoff value,1.8909461446143876,,deferred: goal value already credited to the shooter,4.258502870978814,-0.09761743368061279,0.0,0.0,4.160885437298202,0.3782623124816547,0.04895159337997884,shooting+turnover+defense
000358,Ryan Drenner,CAN,1,M,midfield,offensive_field,10,51.0,48.0,3.0,34.0,17.0,17.0,0.0,17.0,243.0,5.0,8.0,1.0,0.0,0.0,0.0,0,0,0,0.0,3.0,80,0.0,15.347485194691188,1.6525148053088117,2.5743476894058475,-0.9218328840970351,0.0324022510844865,14.420127795527158,-9.420127795527158,2.5023207756539305,0.010297616360715764,,,,,1.2431693989071038,-0.24316939890710376,-0.06459443566969915,-0.006459443566969915,"partial: caused turnovers only, relative to positional per-game average",,,,,deferred: no opportunity denominator; contexts not separable; overlaps faceoff value,1.1636591659165463,,deferred: goal value already credited to the shooter,4.154835580962742,-0.06459443566969915,0.0,0.0,4.090241145293043,0.4090241145293043,0.05112801431616304,shooting+turnover+defense
000373,Ryder Garnsey,RED,1,A,attack,offensive_field,11,55.0,54.0,1.0,37.0,21.0,21.0,0.0,21.0,268.0,17.0,18.0,0.0,0.0,0.0,0.0,0,0,0,0.0,6.0,96,3.0,16.536136477450764,4.463863522549236,4.771141150581581,-0.30727762803234504,0.08116115495544066,15.903680037865342,1.0963199621346575,-0.29122155002146277,-0.0010866475747069507,,,,,1.3674863387978142,-1.3674863387978142,-0.36325297812004986,-0.03302299801091362,"partial: caused turnovers only, relative to positional per-game average",,,,,deferred: no opportunity denominator; contexts not separable; overlaps faceoff value,2.618233123312229,,deferred: goal value already credited to the shooter,4.172641972527773,-0.36325297812004986,0.0,0.0,3.8093889944077226,0.34630809040070204,0.03968113535841378,shooting+turnover+defense
001832,Charlie Bertrand,RED,1,M,midfield,offensive_field,11,50.0,48.0,2.0,36.0,20.0,20.0,0.0,20.0,180.0,16.0,4.0,2.0,0.0,0.0,0.0,0,0,0,0.0,1.0,69,1.0,15.040207566658843,4.959792433341157,5.5743476894058475,-0.6145552560646901,0.09919584866682314,10.681576144834931,5.318423855165069,-1.4127624163264627,-0.00784868009070257,,,,,1.3674863387978142,0.6325136612021858,0.16801811075882425,0.01527437370534766,"partial: caused turnovers only, relative to positional per-game average",,,,,deferred: no opportunity denominator; contexts not separable; overlaps faceoff value,0.5818295829582731,,deferred: goal value already credited to the shooter,3.547030017014694,0.16801811075882425,0.0,0.0,3.7150481277735183,0.33773164797941074,0.05384127721410896,shooting+turnover+defense
000225,Tom Schreiber,ARC,1,M,midfield,offensive_field,12,68.0,61.0,7.0,43.0,22.0,20.0,2.0,24.0,446.0,25.0,14.0,0.0,0.0,0.0,0.0,0,0,0,0.0,15.0,151,0.0,20.48354320760648,3.5164567923935195,1.6674001886199328,1.849056603773585,0.05171259988813999,26.466572003313217,-1.4665720033132175,0.3895736525597424,0.000873483525918705,,,,,1.4918032786885247,-1.4918032786885247,-0.3962759761309635,-0.03302299801091362,"partial: caused turnovers only, relative to positional per-game average",,,,,deferred: no opportunity denominator; contexts not separable; overlaps faceoff value,2.036403540353956,,deferred: goal value already credited to the shooter,3.906030444953262,-0.3962759761309635,0.0,0.0,3.509754468822299,0.2924795390685249,0.02324340707829337,shooting+turnover+defense
000314,Eddy Glazener,RED,1,D,defense,defensive_field,9,6.0,1.0,5.0,6.0,2.0,0.0,2.0,4.0,56.0,2.0,15.0,10.0,0.0,0.0,0.0,0,0,0,0.0,0.0,23,0.0,1.8369225632991033,2.1630774367008967,-0.30053442313737816,2.4636118598382746,0.36051290611681613,2.9718911625815156,-0.9718911625815156,0.25816883810821833,0.004610157823361042,,,,,5.925925925925926,4.074074074074074,1.0822188847532621,0.12024654275036245,"partial: caused turnovers only, relative to positional per-game average",,,,,deferred: no opportunity denominator; contexts not separable; overlaps faceoff value,2.1818609360935244,,deferred: goal value already credited to the shooter,2.421246274809115,1.0822188847532621,0.0,0.0,3.503465159562377,0.3892739066180419,0.15232457215488596,shooting+turnover+defense
002051,Connor DeSimone,ARC,1,A,attack,offensive_field,5,12.0,11.0,1.0,10.0,7.0,7.0,0.0,7.0,130.0,9.0,3.0,2.0,0.0,0.0,0.0,0,0,0,0.0,5.0,22,0.0,3.613156282543505,3.386843717456495,3.69412134548884,-0.30727762803234504,0.2822369764547079,7.714471660158561,1.2855283398414388,-0.34148202044610626,-0.002626784772662356,,,,,0.6215846994535519,1.3784153005464481,0.366156098824306,0.0732312197648612,"partial: caused turnovers only, relative to positional per-game average",,,,,deferred: no opportunity denominator; contexts not separable; overlaps faceoff value,0.43637218721870485,,deferred: goal value already credited to the shooter,3.0453616970103887,0.366156098824306,0.0,0.0,3.411517795834695,0.682303559166939,0.15506899071975885,shooting+turnover+defense
001814,Mac O'Keefe,CHA,1,M,midfield,offensive_field,13,46.0,37.0,9.0,29.0,14.0,12.0,2.0,16.0,242.0,8.0,6.0,0.0,0.0,0.0,0.0,0,0,0,0.0,3.0,67,0.0,13.885272308374098,2.1147276916259017,0.8802263439170073,1.2345013477088944,0.04597234112230221,14.36078570583363,-6.36078570583363,1.689650774031705,0.00698202799186655,,,,,1.616120218579235,-1.616120218579235,-0.42929897414187707,-0.03302299801091362,"partial: caused turnovers only, relative to positional per-game average",,,,,deferred: no opportunity denominator; contexts not separable; overlaps faceoff value,0.8727443744374097,,deferred: goal value already credited to the shooter,3.8043784656576065,-0.42929897414187707,0.0,0.0,3.3750794915157294,0.2596214993473638,0.050374320768891485,shooting+turnover+defense
001819,Danny Logan,ATL,1,SSDM,defensive_midfield,defensive_field,11,11.0,3.0,8.0,7.0,5.0,2.0,3.0,8.0,106.0,4.0,22.0,6.0,13.0,2.0,0.0,0,0,0,0.0,3.0,72,3.0,3.359824293670895,4.640175706329105,1.0983967305878655,3.5417789757412397,0.4218341551208277,5.62536541488644,-1.6253654148864403,0.43175482689639105,0.004073158744305576,6.467472894078399,-4.467472894078399,-1.6167612363609873,-0.12436624895084518,7.242798353909465,-1.242798353909465,-0.3301314173691769,-0.030011947033561536,"partial: caused turnovers only, relative to positional per-game average",,,,,deferred: no opportunity denominator; contexts not separable; overlaps faceoff value,3.2000627062705025,,deferred: goal value already credited to the shooter,5.071930533225496,-0.3301314173691769,-1.6167612363609873,0.0,3.1250378794953315,0.28409435268139377,0.0434033038818796,shooting+turnover+defense+faceoff
001838,Ryan Smith,CHA,1,M,midfield,offensive_field,11,18.0,18.0,0.0,13.0,8.0,8.0,0.0,8.0,173.0,7.0,2.0,0.0,0.0,0.0,0.0,0,0,0,0.0,7.0,44,0.0,5.409619616472807,2.590380383527193,2.590380383527193,0.0,0.14391002130706626,10.26618151698024,-3.2661815169802395,0.8676139055010723,0.005015109280353019,,,,,1.3674863387978142,-1.3674863387978142,-0.36325297812004986,-0.03302299801091362,"partial: caused turnovers only, relative to positional per-game average",,,,,deferred: no opportunity denominator; contexts not separable; overlaps faceoff value,0.29091479147913657,,deferred: goal value already credited to the shooter,3.457994289028265,-0.36325297812004986,0.0,0.0,3.094741310908215,0.2813401191734741,0.07033502979336853,shooting+turnover+defense
000262,Connor Fields,ARC,1,M,midfield,offensive_field,8,42.0,41.0,1.0,32.0,15.0,15.0,0.0,15.0,196.0,10.0,13.0,2.0,0.0,0.0,0.0,0,0,0,0.0,7.0,81,0.0,12.62918897666485,2.3708110233351505,2.6780886513674957,-0.30727762803234504,0.056447881507979775,11.63104957993137,-1.6310495799313696,0.43326474317278446,0.0022105344039427778,,,,,0.994535519125683,1.005464480874317,0.2670871047915651,0.03338588809894564,"partial: caused turnovers only, relative to positional per-game average",,,,,deferred: no opportunity denominator; contexts not separable; overlaps faceoff value,1.8909461446143876,,deferred: goal value already credited to the shooter,2.804075766507935,0.2670871047915651,0.0,0.0,3.0711628712995003,0.38389535891243753,0.037915591003697534,shooting+turnover+defense
001826,Jeff Trainor,ARC,1,M,midfield,offensive_field,5,8.0,6.0,2.0,5.0,3.0,2.0,1.0,4.0,48.0,0.0,5.0,3.0,0.0,0.0,0.0,0,0,0,0.0,0.0,19,1.0,2.417761794888959,1.5822382051110409,0.19679346117573093,1.38544474393531,0.1977797756388801,2.848420305289315,-2.848420305289315,0.7566416785878747,0.015763368303914057,,,,,0.6215846994535519,2.378415300546448,0.631791643263743,0.1263583286527486,"partial: caused turnovers only, relative to positional per-game average",,,,,deferred: no opportunity denominator; contexts not separable; overlaps faceoff value,0.7272869786978414,,deferred: goal value already credited to the shooter,2.3388798836989153,0.631791643263743,0.0,0.0,2.9706715269626582,0.5941343053925316,0.15635113299803463,shooting+turnover+defense
000315,Garrett Epple,RED,1,D,defense,defensive_field,11,1.0,0.0,1.0,0.0,0.0,0.0,0.0,0.0,77.0,4.0,19.0,19.0,0.0,0.0,0.0,0,0,0,0.0,0.0,29,5.0,0.30727762803234504,-0.30727762803234504,0.0,-0.30727762803234504,-0.30727762803234504,4.086350348549584,-0.08635034854958423,0.02293772184950396,0.0002978924915519995,,,,,7.242798353909465,11.757201646090536,3.123130660343505,0.2839209691221368,"partial: caused turnovers only, relative to positional per-game average",,,,,deferred: no opportunity denominator; contexts not separable; overlaps faceoff value,2.7636905190517975,,deferred: goal value already credited to the shooter,-0.2843399061828411,3.123130660343505,0.0,0.0,2.838790754160664,0.25807188674187853,0.09788933635036773,shooting+turnover+defense
000921,Challen Rogers,CHA,1,M,midfield,offensive_field,10,27.0,27.0,0.0,17.0,13.0,13.0,0.0,13.0,194.0,20.0,14.0,2.0,0.0,0.0,0.0,0,0,0,0.0,5.0,77,1.0,8.11442942470921,4.8855705752907905,4.8855705752907905,0.0,0.18094705834410335,11.512365400544315,8.487634599455685,-2.254617437829414,-0.011621739370254711,,,,,1.2431693989071038,0.7568306010928962,0.20104110876973788,0.020104110876973787,"partial: caused turnovers only, relative to positional per-game average",,,,,deferred: no opportunity denominator; contexts not separable; overlaps faceoff value,2.036403540353956,,deferred: goal value already credited to the shooter,2.6309531374613764,0.20104110876973788,0.0,0.0,2.831994246231114,0.28319942462311143,0.03677914605494954,shooting+turnover+defense
000376,Cade van Raaphorst,ATL,1,D,defense,defensive_field,11,13.0,2.0,11.0,8.0,3.0,0.0,3.0,6.0,81.0,6.0,28.0,12.0,0.0,0.0,0.0,0,0,0,0.0,1.0,47,3.0,3.9811227546305514,2.0188772453694486,-0.6010688462747563,2.6199460916442048,0.15529824964380373,4.298628288733978,1.701371711266022,-0.45194480081600646,-0.00557956544217292,,,,,7.242798353909465,4.757201646090535,1.2636818492674453,0.1148801681152223,"partial: caused turnovers only, relative to positional per-game average",,,,,deferred: no opportunity denominator; contexts not separable; overlaps faceoff value,4.072807080707912,,deferred: goal value already credited to the shooter,1.566932444553442,1.2636818492674453,0.0,0.0,2.8306142938208874,0.25732857216553523,0.060225836038742285,shooting+turnover+defense
000414,Rob Pannell,RED,1,A,attack,offensive_field,11,55.0,52.0,3.0,33.0,19.0,19.0,0.0,19.0,361.0,21.0,13.0,2.0,0.0,0.0,0.0,0,0,0,0.0,22.0,130,0.0,16.549622887240698,2.450377112759302,3.372209996856336,-0.9218328840970351,0.044552311141078216,21.42249437936339,-0.42249437936338907,0.11222952448479591,0.00031088510937616595,,,,,1.3674863387978142,0.6325136612021858,0.16801811075882425,0.01527437370534766,"partial: caused turnovers only, relative to positional per-game average",,,,,deferred: no opportunity denominator; contexts not separable; overlaps faceoff value,1.8909461446143876,,deferred: goal value already credited to the shooter,2.5626066372440977,0.16801811075882425,0.0,0.0,2.730624748002922,0.2482386134548111,0.021004805753868632,shooting+turnover+defense
000416,Ryland Rees,WAT,1,LSM,long_stick_midfield,defensive_field,12,16.0,5.0,11.0,10.0,5.0,3.0,2.0,7.0,65.0,3.0,28.0,9.0,0.0,0.0,0.0,0,0,0,0.0,1.0,70,2.0,4.882726024042686,2.117273975957314,1.4973278843131093,0.6199460916442048,0.13232962349733213,3.449516527996402,-0.4495165279964022,0.11940756764884974,0.001837039502289996,,,,,7.901234567901234,1.0987654320987659,0.29187115376678896,0.024322596147232412,"partial: caused turnovers only, relative to positional per-game average",,,,,deferred: no opportunity denominator; contexts not separable; overlaps faceoff value,4.072807080707912,,deferred: goal value already credited to the shooter,2.2366815436061636,0.29187115376678896,0.0,0.0,2.5285526973729526,0.21071272478107939,0.03612218139104218,shooting+turnover+defense
000221,Ryan Ambler,ARC,1,M,midfield,offensive_field,12,49.0,48.0,1.0,30.0,16.0,16.0,0.0,16.0,253.0,11.0,6.0,2.0,0.0,0.0,0.0,0,0,0,0.0,2.0,72,0.0,14.732929938626498,1.2670700613735022,1.5743476894058475,-0.30727762803234504,0.02585857268109188,15.01354869246243,-4.013548692462431,1.0661411920564485,0.004213996806547228,,,,,1.4918032786885247,0.5081967213114753,0.1349951127479106,0.01124959272899255,"partial: caused turnovers only, relative to positional per-game average",,,,,deferred: no opportunity denominator; contexts not separable; overlaps faceoff value,0.8727443744374097,,deferred: goal value already credited to the shooter,2.3332112534299507,0.1349951127479106,0.0,0.0,2.4682063661778613,0.2056838638481551,0.03428064397469252,shooting+turnover+defense
000978,Kyle Jackson,CHA,1,M,midfield,offensive_field,12,32.0,32.0,0.0,19.0,11.0,11.0,0.0,11.0,248.0,10.0,12.0,0.0,0.0,0.0,0.0,0,0,0,0.0,4.0,64,0.0,9.617101540396101,1.382898459603899,1.382898459603899,0.0,0.04321557686262184,14.716838243994793,-4.716838243994793,1.2529598949763152,0.005052257641033529,,,,,1.4918032786885247,-1.4918032786885247,-0.3962759761309635,-0.03302299801091362,"partial: caused turnovers only, relative to positional per-game average",,,,,deferred: no opportunity denominator; contexts not separable; overlaps faceoff value,1.7454887488748194,,deferred: goal value already credited to the shooter,2.635858354580214,-0.3962759761309635,0.0,0.0,2.2395823784492506,0.18663186487077088,0.03499347466326954,shooting+turnover+defense
000207,Dominique Alexander,ARC,1,SSDM,defensive_midfield,defensive_field,11,1.0,1.0,0.0,1.0,1.0,1.0,0.0,1.0,81.0,1.0,19.0,9.0,0.0,0.0,0.0,0,0,0,0.0,1.0,26,4.0,0.30053442313737816,0.6994655768626219,0.6994655768626219,0.0,0.6994655768626219,4.298628288733978,-3.298628288733978,0.8762329213811788,0.01081769038742196,,,,,7.242798353909465,1.757201646090535,0.46677521594913424,0.042434110540830385,"partial: caused turnovers only, relative to positional per-game average",,,,,deferred: no opportunity denominator; contexts not separable; overlaps faceoff value,2.7636905190517975,,deferred: goal value already credited to the shooter,1.5756984982438007,0.46677521594913424,0.0,0.0,2.0424737141929348,0.18567942856299408,0.07855668131511287,shooting+turnover+defense
002016,Chris Gray,ATL,1,A,attack,offensive_field,11,71.0,65.0,6.0,40.0,21.0,20.0,1.0,22.0,399.0,19.0,8.0,1.0,0.0,0.0,0.0,0,0,0,0.0,17.0,131,3.0,21.378403272123652,0.6215967278763479,0.4652624960704195,0.15633423180592976,0.008754883491216168,23.67749378771743,-4.677493787717431,1.2425086089124042,0.003114056663940863,,,,,1.3674863387978142,-0.3674863387978142,-0.09761743368061279,-0.008874312152782981,"partial: caused turnovers only, relative to positional per-game average",,,,,deferred: no opportunity denominator; contexts not separable; overlaps faceoff value,1.1636591659165463,,deferred: goal value already credited to the shooter,1.8641053367887521,-0.09761743368061279,0.0,0.0,1.7664879031081393,0.1605898093734672,0.01348464048174152,shooting+turnover+defense
001796,Latrell Harris,ARC,1,SSDM,defensive_midfield,defensive_field,12,3.0,3.0,0.0,2.0,2.0,2.0,0.0,2.0,78.0,3.0,22.0,9.0,0.0,0.0,0.0,0,0,0,0.0,1.0,43,3.0,0.9016032694121345,1.0983967305878655,1.0983967305878655,0.0,0.36613224352928847,4.139419833595682,-1.1394198335956824,0.3026704078422819,0.003880389844131819,,,,,7.901234567901234,1.0987654320987659,0.29187115376678896,0.024322596147232412,"partial: caused turnovers only, relative to positional per-game average",,,,,deferred: no opportunity denominator; contexts not separable; overlaps faceoff value,3.2000627062705025,,deferred: goal value already credited to the shooter,1.4010671384301474,0.29187115376678896,0.0,0.0,1.6929382921969363,0.14107819101641136,0.03937065795806829,shooting+turnover+defense
001843,Cole Williams,CHR,1,M,midfield,offensive_field,5,12.0,12.0,0.0,9.0,5.0,5.0,0.0,5.0,73.0,3.0,3.0,0.0,0.0,0.0,0.0,0,0,0,0.0,2.0,26,1.0,3.606413077648538,1.3935869223514619,1.3935869223514619,0.0,0.11613224352928848,4.3319725476275,-1.3319725476275002,0.353819252867415,0.004846839080375548,,,,,0.6215846994535519,-0.6215846994535519,-0.1651149900545681,-0.033022998010913615,"partial: caused turnovers only, relative to positional per-game average",,,,,deferred: no opportunity denominator; contexts not separable; overlaps faceoff value,0.43637218721870485,,deferred: goal value already credited to the shooter,1.747406175218877,-0.1651149900545681,0.0,0.0,1.5822911851643089,0.3164582370328618,0.06085735327555034,shooting+turnover+defense
002026,Brett Dobson,ARC,1,G,goalie,goalie,1,0.0,0.0,0.0,0.0,0.0,0.0,0.0,0.0,12.0,0.0,4.0,0.0,0.0,0.0,14.0,31,31,0,13.0,0.0,51,0.0,0.0,0.0,0.0,0.0,,0.339622641509434,-0.339622641509434,0.09021584528131825,0.007517987106776521,,,,,0.3564356435643564,-0.3564356435643564,-0.09468197623583895,-0.09468197623583895,"partial: caused turnovers only, relative to positional per-game average",14.470703125,1.470703125,0.04744203629032258,,deferred: no opportunity denominator; contexts not separable; overlaps faceoff value,0.5818295829582731,,deferred: goal value already credited to the shooter,0.09021584528131825,-0.09468197623583895,0.0,1.470703125,1.4662369940454794,1.4662369940454794,0.02874974498128391,shooting+turnover+defense+goalie
002019,Koby Smith,ATL,1,LSM,long_stick_midfield,defensive_field,11,5.0,2.0,3.0,4.0,3.0,1.0,2.0,5.0,30.0,5.0,12.0,3.0,0.0,0.0,0.0,0,0,0,0.0,0.0,27,1.0,1.5229017303717916,3.4770982696282084,0.3989311537252437,3.078167115902965,0.6954196539256416,1.5920845513829547,3.4079154486170453,-0.9052634755969572,-0.03017544918656524,,,,,7.242798353909465,-4.242798353909465,-1.127038050687488,-0.10245800460795346,"partial: caused turnovers only, relative to positional per-game average",,,,,deferred: no opportunity denominator; contexts not separable; overlaps faceoff value,1.7454887488748194,,deferred: goal value already credited to the shooter,2.5718347940312514,-1.127038050687488,0.0,0.0,1.4447967433437634,0.13134515848579667,0.053510990494213456,shooting+turnover+defense
000346,Jay Carlson,WHP,1,A,attack,offensive_field,8,32.0,32.0,0.0,24.0,11.0,11.0,0.0,11.0,102.0,11.0,10.0,6.0,0.0,0.0,0.0,0,0,0,0.0,4.0,52,1.0,9.617101540396101,1.382898459603899,1.382898459603899,0.0,0.04321557686262184,6.052893148739795,4.947106851260205,-1.3141274218345738,-0.012883602174848763,,,,,0.994535519125683,5.005464480874317,1.3296292825493135,0.16620366031866418,"partial: caused turnovers only, relative to positional per-game average",,,,,deferred: no opportunity denominator; contexts not separable; overlaps faceoff value,1.4545739573956828,,deferred: goal value already credited to the shooter,0.06877103776932514,1.3296292825493135,0.0,0.0,1.3984003203186386,0.17480004003982982,0.02689231385228151,shooting+turnover+defense
001815,Connor Kirst,WHP,1,SSDM,defensive_midfield,defensive_field,11,25.0,19.0,6.0,17.0,8.0,7.0,1.0,9.0,113.0,5.0,18.0,6.0,0.0,0.0,0.0,0,0,0,0.0,1.0,54,1.0,7.553819807804254,1.4461801921957456,1.2898459603898154,0.15633423180592976,0.057847207687829826,5.9968518102091295,-0.9968518102091295,0.2647992733303405,0.0023433564011534555,,,,,7.242798353909465,-1.242798353909465,-0.3301314173691769,-0.030011947033561536,"partial: caused turnovers only, relative to positional per-game average",,,,,deferred: no opportunity denominator; contexts not separable; overlaps faceoff value,2.618233123312229,,deferred: goal value already credited to the shooter,1.7109794655260862,-0.3301314173691769,0.0,0.0,1.3808480481569092,0.1255316407415372,0.025571260151053873,shooting+turnover+defense
000361,Tyler Warner,WHP,1,SSDM,defensive_midfield,defensive_field,10,1.0,1.0,0.0,1.0,1.0,1.0,0.0,1.0,78.0,1.0,21.0,6.0,0.0,0.0,0.0,0,0,0,0.0,0.0,36,0.0,0.30053442313737816,0.6994655768626219,0.6994655768626219,0.0,0.6994655768626219,4.139419833595682,-3.1394198335956824,0.8339414967211559,0.01069155765027123,,,,,6.584362139917696,-0.5843621399176957,-0.1552273551868316,-0.015522735518683158,"partial: caused turnovers only, relative to positional per-game average",,,,,deferred: no opportunity denominator; contexts not separable; overlaps faceoff value,3.054605310530934,,deferred: goal value already credited to the shooter,1.5334070735837777,-0.1552273551868316,0.0,0.0,1.3781797183969462,0.13781797183969463,0.038282769955470725,shooting+turnover+defense
002030,Jonathan Donville,CAN,2,M,midfield,offensive_field,7,24.0,24.0,0.0,18.0,8.0,8.0,0.0,8.0,133.0,6.0,5.0,1.0,0.0,0.0,0.0,0,0,0,0.0,2.0,49,0.0,7.212826155297076,0.7871738447029237,0.7871738447029237,0.0,0.032798910195955155,7.892497929239144,-1.892497929239144,0.5027147177839472,0.0037798099081499787,,,,,0.8702185792349727,0.1297814207650273,0.03447455836304169,0.004924936909005956,"partial: caused turnovers only, relative to positional per-game average",,,,,deferred: no opportunity denominator; contexts not separable; overlaps faceoff value,0.7272869786978414,,deferred: goal value already credited to the shooter,1.2898885624868708,0.03447455836304169,0.0,0.0,1.3243631208499125,0.1891947315499875,0.027027818792855356,shooting+turnover+defense
000242,Kyle Hartzell,RED,1,LSM,long_stick_midfield,defensive_field,9,4.0,1.0,3.0,3.0,2.0,1.0,1.0,3.0,35.0,2.0,10.0,5.0,1.0,0.0,0.0,0,0,0,0.0,0.0,24,1.0,1.2223673072344132,1.7776326927655868,0.6994655768626219,1.0781671159029649,0.4444081731913967,1.8574319766134473,0.14256802338655272,-0.03787113451194132,-0.001082032414626895,0.4974979149291076,-0.4974979149291076,-0.18004257957422365,-0.18004257957422365,5.925925925925926,-0.9259259259259256,-0.2459588374439231,-0.027328759715991455,"partial: caused turnovers only, relative to positional per-game average",,,,,deferred: no opportunity denominator; contexts not separable; overlaps faceoff value,1.4545739573956828,,deferred: goal value already credited to the shooter,1.7397615582536454,-0.2459588374439231,-0.18004257957422365,0.0,1.3137601412354987,0.14597334902616652,0.05474000588481245,shooting+turnover+defense+faceoff
000295,Jordan MacIntosh,CHR,1,M,midfield,offensive_field,10,41.0,40.0,1.0,29.0,14.0,13.0,1.0,15.0,184.0,17.0,8.0,2.0,0.0,0.0,0.0,0,0,0,0.0,1.0,64,0.0,12.328654553527471,2.671345446472529,0.9786230745048741,1.692722371967655,0.06515476698713485,10.91894450360904,6.0810554963909595,-1.6153444875502436,-0.008779046127990454,,,,,1.2431693989071038,0.7568306010928962,0.20104110876973788,0.020104110876973787,"partial: caused turnovers only, relative to positional per-game average",,,,,deferred: no opportunity denominator; contexts not separable; overlaps faceoff value,1.1636591659165463,,deferred: goal value already credited to the shooter,1.0560009589222852,0.20104110876973788,0.0,0.0,1.257042067692023,0.1257042067692023,0.01964128230768786,shooting+turnover+defense
002043,Ryan Aughavin,ARC,1,M,midfield,offensive_field,2,4.0,3.0,1.0,4.0,1.0,0.0,1.0,2.0,14.0,0.0,1.0,1.0,0.0,0.0,0.0,0,0,0,0.0,0.0,4,0.0,1.2088808974444796,0.7911191025555204,-0.9016032694121345,1.692722371967655,0.1977797756388801,0.8307892557093836,-0.8307892557093836,0.2206871562547968,0.015763368303914057,,,,,0.24863387978142076,0.7513661202185793,0.1995895484176098,0.0997947742088049,"partial: caused turnovers only, relative to positional per-game average",,,,,deferred: no opportunity denominator; contexts not separable; overlaps faceoff value,0.14545739573956828,,deferred: goal value already credited to the shooter,1.0118062588103172,0.1995895484176098,0.0,0.0,1.211395807227927,0.6056979036139635,0.30284895180698174,shooting+turnover+defense
001821,Tre Leclaire,ARC,1,M,midfield,offensive_field,11,28.0,27.0,1.0,17.0,8.0,8.0,0.0,8.0,142.0,2.0,7.0,1.0,0.0,0.0,0.0,0,0,0,0.0,2.0,41,0.0,8.421707052741555,-0.42170705274155473,-0.11442942470920947,-0.30727762803234504,-0.015060966169341241,8.42657673648089,-6.4265767364808895,1.7071272102769215,0.012022022607583954,,,,,1.3674863387978142,-0.3674863387978142,-0.09761743368061279,-0.008874312152782981,"partial: caused turnovers only, relative to positional per-game average",,,,,deferred: no opportunity denominator; contexts not separable; overlaps faceoff value,1.018201770176978,,deferred: goal value already credited to the shooter,1.2854201575353668,-0.09761743368061279,0.0,0.0,1.187802723854754,0.10798206580497763,0.028970798142798876,shooting+turnover+defense
002033,Nakeie Montgomery,RED,1,M,midfield,offensive_field,11,24.0,19.0,5.0,15.0,6.0,5.0,1.0,7.0,113.0,3.0,6.0,3.0,0.0,0.0,0.0,0,0,0,0.0,2.0,43,1.0,7.24654217977191,-0.24654217977191006,-0.7101540396101846,0.4636118598382748,-0.010272590823829586,6.705656135368596,-3.7056561353685957,0.9843539850239772,0.008711097212601568,,,,,1.3674863387978142,1.6325136612021858,0.43365365519826127,0.039423059563478295,"partial: caused turnovers only, relative to positional per-game average",,,,,deferred: no opportunity denominator; contexts not separable; overlaps faceoff value,0.8727443744374097,,deferred: goal value already credited to the shooter,0.7378118052520671,0.43365365519826127,0.0,0.0,1.1714654604503285,0.10649686004093896,0.027243382801170432,shooting+turnover+defense
002042,Jon Robbins,ARC,1,LSM,long_stick_midfield,defensive_field,11,2.0,2.0,0.0,1.0,1.0,1.0,0.0,1.0,21.0,1.0,9.0,10.0,0.0,0.0,0.0,0,0,0,0.0,0.0,19,3.0,0.6010688462747563,0.3989311537252437,0.3989311537252437,0.0,0.19946557686262184,1.1144591859680684,-0.11445918596806837,0.030404428180722615,0.0014478299133677435,,,,,7.242798353909465,2.757201646090535,0.7324107603885713,0.06658279639896103,"partial: caused turnovers only, relative to positional per-game average",,,,,deferred: no opportunity denominator; contexts not separable; overlaps faceoff value,1.3091165616561145,,deferred: goal value already credited to the shooter,0.4293355819059663,0.7324107603885713,0.0,0.0,1.1617463422945375,0.10561330384495796,0.06114454433129145,shooting+turnover+defense
000407,TJ Comizio,CHA,1,UNK,unknown,unknown,1,1.0,1.0,0.0,1.0,1.0,1.0,0.0,1.0,6.0,0.0,1.0,0.0,0.0,0.0,0.0,0,0,0,0.0,0.0,4,0.0,0.30053442313737816,0.6994655768626219,0.6994655768626219,0.0,0.6994655768626219,0.9130434782608696,-0.9130434782608696,0.2425368014447034,0.0404228002407839,,,,,0.0,0.0,0.0,0.0,"partial: caused turnovers only, relative to positional per-game average",,,,,deferred: no opportunity denominator; contexts not separable; overlaps faceoff value,0.14545739573956828,,deferred: goal value already credited to the shooter,0.9420023783073252,0.0,0.0,0.0,0.9420023783073252,0.9420023783073252,0.2355005945768313,shooting+turnover+defense
001766,Holden Garlent,CAN,1,D,defense,defensive_field,10,3.0,0.0,3.0,2.0,1.0,0.0,1.0,2.0,52.0,6.0,23.0,9.0,0.0,0.0,0.0,0,0,0,0.0,0.0,35,4.0,0.9218328840970351,1.0781671159029649,0.0,1.0781671159029649,0.35938903863432164,2.7596132223971215,3.2403867776028785,-0.8607619058628936,-0.016553113574286415,,,,,6.584362139917696,2.4156378600823043,0.6416792781314795,0.06416792781314795,"partial: caused turnovers only, relative to positional per-game average",,,,,deferred: no opportunity denominator; contexts not separable; overlaps faceoff value,3.3455201020100707,,deferred: goal value already credited to the shooter,0.2174052100400713,0.6416792781314795,0.0,0.0,0.8590844881715508,0.08590844881715508,0.024545271090615738,shooting+turnover+defense
000345,Jake Bernhardt,WHP,1,SSDM,defensive_midfield,defensive_field,9,3.0,3.0,0.0,3.0,2.0,2.0,0.0,2.0,57.0,0.0,5.0,2.0,0.0,0.0,0.0,0,0,0,0.0,0.0,14,1.0,0.9016032694121345,1.0983967305878655,1.0983967305878655,0.0,0.36613224352928847,3.0249606476276143,-3.0249606476276143,0.8035370685404334,0.014097141553340936,,,,,5.925925925925926,-3.9259259259259256,-1.0428654707622342,-0.1158739411958038,"partial: caused turnovers only, relative to positional per-game average",,,,,deferred: no opportunity denominator; contexts not separable; overlaps faceoff value,0.7272869786978414,,deferred: goal value already credited to the shooter,1.9019337991282987,-1.0428654707622342,0.0,0.0,0.8590683283660645,0.09545203648511828,0.061362023454718896,shooting+turnover+defense
000276,Matt Rees,CHA,1,D,defense,defensive_field,8,6.0,2.0,4.0,4.0,2.0,1.0,1.0,3.0,39.0,3.0,11.0,5.0,0.0,0.0,0.0,0,0,0,0.0,0.0,22,2.0,1.8301793584041364,1.1698206415958636,0.3989311537252437,0.7708894878706198,0.19497010693264394,2.069709916797841,0.9302900832021588,-0.24711811273801462,-0.006336361865077298,,,,,5.267489711934156,-0.2674897119341564,-0.07105477526157782,-0.008881846907697227,"partial: caused turnovers only, relative to positional per-game average",,,,,deferred: no opportunity denominator; contexts not separable; overlaps faceoff value,1.6000313531352512,,deferred: goal value already credited to the shooter,0.922702528857849,-0.07105477526157782,0.0,0.0,0.8516477535962712,0.1064559691995339,0.03871126152710324,shooting+turnover+defense
000302,Michael Manley,CHR,1,D,defense,defensive_field,11,8.0,4.0,4.0,6.0,1.0,1.0,0.0,1.0,91.0,2.0,21.0,13.0,0.0,0.0,0.0,0,0,0,0.0,2.0,37,4.0,2.4312482046788926,-1.4312482046788926,-0.20213769254951264,-1.2291105121293802,-0.17890602558486157,4.829323139194963,-2.8293231391949627,0.7515687924751511,0.008258997719507154,,,,,7.242798353909465,5.757201646090535,1.5293173937068825,0.13902885397335296,"partial: caused turnovers only, relative to positional per-game average",,,,,deferred: no opportunity denominator; contexts not separable; overlaps faceoff value,3.054605310530934,,deferred: goal value already credited to the shooter,-0.6796794122037415,1.5293173937068825,0.0,0.0,0.849637981503141,0.07723981650028554,0.02296318868927408,shooting+turnover+defense
000410,Eli Gobrecht,WAT,1,D,defense,defensive_field,13,3.0,2.0,1.0,2.0,1.0,1.0,0.0,1.0,78.0,2.0,28.0,9.0,0.0,0.0,0.0,0,0,0,0.0,1.0,36,3.0,0.9083464743071014,0.09165352569289864,0.3989311537252437,-0.30727762803234504,0.030551175230966215,4.139419833595682,-2.1394198335956824,0.5683059522817189,0.007285973747201524,,,,,8.559670781893004,0.44032921810699577,0.11696709158444345,0.008997468583418726,"partial: caused turnovers only, relative to positional per-game average",,,,,deferred: no opportunity denominator; contexts not separable; overlaps faceoff value,4.072807080707912,,deferred: goal value already credited to the shooter,0.6599594779746175,0.11696709158444345,0.0,0.0,0.7769265695590609,0.059763582273773916,0.021581293598862804,shooting+turnover+defense
001816,Dox Aitken,ATL,1,M,midfield,offensive_field,9,26.0,25.0,1.0,20.0,9.0,9.0,0.0,9.0,160.0,11.0,9.0,1.0,0.0,0.0,0.0,0,0,0,0.0,2.0,52,0.0,7.820638206466799,1.179361793533201,1.4866394215655463,-0.30727762803234504,0.04536006898204619,9.494734350964384,1.505265649035616,-0.3998520602075584,-0.0024990753762972402,,,,,1.1188524590163935,-0.11885245901639352,-0.03157143765878557,-0.003507937517642841,"partial: caused turnovers only, relative to positional per-game average",,,,,deferred: no opportunity denominator; contexts not separable; overlaps faceoff value,1.3091165616561145,,deferred: goal value already credited to the shooter,0.7795097333256427,-0.03157143765878557,0.0,0.0,0.7479382956668571,0.08310425507409523,0.014383428762824176,shooting+turnover+defense
000369,Clarke Petterson,ATL,1,A,attack,offensive_field,2,4.0,4.0,0.0,2.0,2.0,2.0,0.0,2.0,17.0,1.0,1.0,0.0,0.0,0.0,0.0,0,0,0,0.0,2.0,7,0.0,1.2021376925495126,0.7978623074504874,0.7978623074504874,0.0,0.19946557686262184,1.0088155247899657,-0.008815524789965723,0.002341716727101899,0.00013774804277069994,,,,,0.24863387978142076,-0.24863387978142076,-0.06604599602182724,-0.03302299801091362,"partial: caused turnovers only, relative to positional per-game average",,,,,deferred: no opportunity denominator; contexts not separable; overlaps faceoff value,0.14545739573956828,,deferred: goal value already credited to the shooter,0.8002040241775893,-0.06604599602182724,0.0,0.0,0.734158028155762,0.367079014077881,0.10487971830796601,shooting+turnover+defense
000281,Troy Reh,CHA,1,LSM,long_stick_midfield,defensive_field,13,4.0,2.0,2.0,4.0,1.0,1.0,0.0,1.0,102.0,1.0,33.0,9.0,2.0,0.0,0.0,0,0,0,0.0,0.0,63,4.0,1.2156241023394463,-0.2156241023394463,0.3989311537252437,-0.6145552560646901,-0.05390602558486157,5.4130874747020465,-4.4130874747020465,1.1722728940013385,0.011492871509817044,0.9949958298582152,-0.9949958298582152,-0.3600851591484473,-0.18004257957422365,8.559670781893004,0.44032921810699577,0.11696709158444345,0.008997468583418726,"partial: caused turnovers only, relative to positional per-game average",,,,,deferred: no opportunity denominator; contexts not separable; overlaps faceoff value,4.800094059405754,,deferred: goal value already credited to the shooter,0.9566487916618922,0.11696709158444345,-0.3600851591484473,0.0,0.7135307240978883,0.05488697877676064,0.01132588450949029,shooting+turnover+defense+faceoff
000251,Steven DeNapoli,WAT,1,SSDM,defensive_midfield,defensive_field,7,4.0,4.0,0.0,4.0,3.0,3.0,0.0,3.0,27.0,2.0,5.0,1.0,0.0,0.0,0.0,0,0,0,0.0,1.0,12,0.0,1.2021376925495126,1.7978623074504874,1.7978623074504874,0.0,0.44946557686262184,1.4328760962446594,0.5671239037553406,-0.15064826693866878,-0.005579565442172918,,,,,4.609053497942387,-3.609053497942387,-0.9586928908369807,-0.13695612726242581,"partial: caused turnovers only, relative to positional per-game average",,,,,deferred: no opportunity denominator; contexts not separable; overlaps faceoff value,0.7272869786978414,,deferred: goal value already credited to the shooter,1.6472140405118185,-0.9586928908369807,0.0,0.0,0.6885211496748378,0.09836016423926254,0.05737676247290315,shooting+turnover+defense
001406,Ben Randall,WAT,1,D,defense,defensive_field,13,5.0,4.0,1.0,5.0,2.0,2.0,0.0,2.0,78.0,7.0,24.0,12.0,0.0,0.0,0.0,0,0,0,0.0,1.0,34,0.0,1.5094153205818577,0.4905846794181423,0.7978623074504874,-0.30727762803234504,0.09811693588362846,4.139419833595682,2.8605801664043176,-0.7598717699154663,-0.009741945768147004,,,,,8.559670781893004,3.4403292181069958,0.9138737249027545,0.07029797883867342,"partial: caused turnovers only, relative to positional per-game average",,,,,deferred: no opportunity denominator; contexts not separable; overlaps faceoff value,3.490977497749639,,deferred: goal value already credited to the shooter,-0.269287090497324,0.9138737249027545,0.0,0.0,0.6445866344054305,0.04958358726195619,0.018958430423689134,shooting+turnover+defense
000925,Liam Byrnes,WAT,1,D,defense,defensive_field,13,5.0,3.0,2.0,2.0,0.0,0.0,0.0,0.0,106.0,8.0,37.0,19.0,0.0,0.0,0.0,0,0,0,0.0,0.0,53,3.0,1.5161585254768246,-1.5161585254768246,-0.9016032694121345,-0.6145552560646901,-0.3032317050953649,5.62536541488644,2.3746345851135597,-0.6307873508613572,-0.005950824064729784,,,,,8.559670781893004,10.440329218106996,2.773322535978814,0.21333250276760107,"partial: caused turnovers only, relative to positional per-game average",,,,,deferred: no opportunity denominator; contexts not separable; overlaps faceoff value,5.381923642364026,,deferred: goal value already credited to the shooter,-2.1469458763381817,2.773322535978814,0.0,0.0,0.6263766596406324,0.048182819972356336,0.01181842754038929,shooting+turnover+defense
000727,CJ Costabile,CHA,1,LSM,long_stick_midfield,defensive_field,13,22.0,11.0,11.0,13.0,7.0,5.0,2.0,9.0,83.0,6.0,32.0,3.0,27.0,14.0,0.0,0,0,0,0.0,1.0,112,6.0,6.685932562866955,2.314067437133045,1.6941213454888402,0.6199460916442048,0.1051848835060475,4.404767258826175,1.5952327411738247,-0.4237505177093245,-0.005105427924208729,13.432443703085905,0.5675562969140948,0.20539643822340173,0.00760727548975562,8.559670781893004,-5.559670781893004,-1.4768461750521789,-0.11360355192709068,"partial: caused turnovers only, relative to positional per-game average",,,,,deferred: no opportunity denominator; contexts not separable; overlaps faceoff value,4.654636663666185,,deferred: goal value already credited to the shooter,1.8903169194237206,-1.4768461750521789,0.20539643822340173,0.0,0.6188671825949434,0.04760516789191872,0.0055255998445977094,shooting+turnover+defense+faceoff
000222,Stephen Kelly,CAN,1,FO,faceoff,faceoff,9,7.0,7.0,0.0,6.0,4.0,4.0,0.0,4.0,68.0,8.0,65.0,0.0,217.0,106.0,0.0,0,0,0,0.0,1.0,353,0.0,2.103740961961647,1.896259038038353,1.896259038038353,0.0,0.2708941482911933,6.903030303030303,1.0969696969696967,-0.29139414268810965,-0.0042852079807074945,107.95704753961635,-1.9570475396163545,-0.7082479680987718,-0.0032638155211924965,1.231578947368421,-1.231578947368421,-0.3271511442043593,-0.0363501271338177,"partial: caused turnovers only, relative to positional per-game average",,,,,deferred: no opportunity denominator; contexts not separable; overlaps faceoff value,9.454730723071938,,deferred: goal value already credited to the shooter,1.6048648953502433,-0.3271511442043593,-0.7082479680987718,0.0,0.5694657830471123,0.06327397589412359,0.0016132175157141991,shooting+turnover+defense+faceoff
000422,Eli Salama,CHR,1,LSM,long_stick_midfield,defensive_field,11,11.0,6.0,5.0,8.0,4.0,3.0,1.0,5.0,59.0,3.0,20.0,3.0,0.0,0.0,0.0,0,0,0,0.0,2.0,44,3.0,3.3395946789859945,1.6604053210140055,1.196793461175731,0.4636118598382748,0.1509459382740005,3.131099617719811,-0.13109961771981116,0.034824718328804107,0.0005902494632000696,,,,,7.242798353909465,-4.242798353909465,-1.127038050687488,-0.10245800460795346,"partial: caused turnovers only, relative to positional per-game average",,,,,deferred: no opportunity denominator; contexts not separable; overlaps faceoff value,2.9091479147913657,,deferred: goal value already credited to the shooter,1.6952300393428097,-1.127038050687488,0.0,0.0,0.5681919886553217,0.05165381715048379,0.012913454287620947,shooting+turnover+defense
000356,Michael Ehrhardt,WHP,1,LSM,long_stick_midfield,defensive_field,10,19.0,3.0,16.0,11.0,3.0,0.0,3.0,6.0,94.0,9.0,42.0,12.0,0.0,0.0,0.0,0,0,0,0.0,2.0,92,1.0,5.818045317929656,0.18195468207034438,-0.9016032694121345,1.0835579514824794,0.00957656221422865,4.988531594333258,4.011468405666742,-1.0655885939408856,-0.011336048871711548,,,,,6.584362139917696,5.415637860082304,1.4385859114497908,0.14385859114497906,"partial: caused turnovers only, relative to positional per-game average",,,,,deferred: no opportunity denominator; contexts not separable; overlaps faceoff value,6.109210621061868,,deferred: goal value already credited to the shooter,-0.8836339118705412,1.4385859114497908,0.0,0.0,0.5549519995792496,0.05549519995792496,0.006032086951948365,shooting+turnover+defense
001811,JT Giles-Harris,CHR,1,D,defense,defensive_field,11,1.0,1.0,0.0,0.0,0.0,0.0,0.0,0.0,83.0,5.0,24.0,11.0,0.0,0.0,0.0,0,0,0,0.0,0.0,27,2.0,0.30053442313737816,-0.30053442313737816,-0.30053442313737816,0.0,-0.30053442313737816,4.404767258826175,0.5952327411738247,-0.15811497326988744,-0.001904999677950451,,,,,7.242798353909465,3.757201646090535,0.9980463048280084,0.09073148225709167,"partial: caused turnovers only, relative to positional per-game average",,,,,deferred: no opportunity denominator; contexts not separable; overlaps faceoff value,3.490977497749639,,deferred: goal value already credited to the shooter,-0.4586493964072656,0.9980463048280084,0.0,0.0,0.5393969084207428,0.04903608258370389,0.019977663274842326,shooting+turnover+defense
000359,Tim Muller,WHP,1,D,defense,defensive_field,11,0.0,0.0,0.0,0.0,0.0,0.0,0.0,0.0,73.0,2.0,17.0,7.0,0.0,0.0,0.0,0,0,0,0.0,0.0,21,0.0,0.0,0.0,0.0,0.0,,3.87407240836519,-1.87407240836519,0.4978202445150143,0.006819455404315264,,,,,7.242798353909465,-0.24279835390946491,-0.06449587292973984,-0.0058632611754308945,"partial: caused turnovers only, relative to positional per-game average",,,,,deferred: no opportunity denominator; contexts not separable; overlaps faceoff value,2.4727757275726607,,deferred: goal value already credited to the shooter,0.4978202445150143,-0.06449587292973984,0.0,0.0,0.4333243715852744,0.0393931246895704,0.020634493885013067,shooting+turnover+defense
000305,Romar Dennis,ATL,1,M,midfield,offensive_field,9,31.0,14.0,17.0,16.0,6.0,3.0,3.0,9.0,106.0,3.0,1.0,1.0,0.0,0.0,0.0,0,0,0,0.0,3.0,45,1.0,9.431201600473159,-0.4312016004731589,-1.207481923923294,0.7762803234501341,-0.013909729047521255,6.290261507513904,-3.290261507513904,0.8740104068965787,0.008245381197137535,,,,,1.1188524590163935,-0.11885245901639352,-0.03157143765878557,-0.003507937517642841,"partial: caused turnovers only, relative to positional per-game average",,,,,deferred: no opportunity denominator; contexts not separable; overlaps faceoff value,0.14545739573956828,,deferred: goal value already credited to the shooter,0.4428088064234198,-0.03157143765878557,0.0,0.0,0.41123736876463424,0.04569304097384825,0.00913860819476965,shooting+turnover+defense
000218,Matt McMahon,ARC,1,D,defense,defensive_field,12,0.0,0.0,0.0,0.0,0.0,0.0,0.0,0.0,27.0,2.0,9.0,10.0,0.0,0.0,0.0,0,0,0,0.0,0.0,11,2.0,0.0,0.0,0.0,0.0,,1.4328760962446594,0.5671239037553406,-0.15064826693866878,-0.005579565442172918,,,,,7.901234567901234,2.098765432098766,0.557506698206226,0.0464588915171855,"partial: caused turnovers only, relative to positional per-game average",,,,,deferred: no opportunity denominator; contexts not separable; overlaps faceoff value,1.3091165616561145,,deferred: goal value already credited to the shooter,-0.15064826693866878,0.557506698206226,0.0,0.0,0.4068584312675572,0.03390486927229643,0.036987130115232476,shooting+turnover+defense
001414,Scott Hooper,CAN,1,D,defense,defensive_field,1,0.0,0.0,0.0,0.0,0.0,0.0,0.0,0.0,2.0,0.0,1.0,2.0,0.0,0.0,0.0,0,0,0,0.0,0.0,2,0.0,0.0,0.0,0.0,0.0,,0.10613897009219699,-0.10613897009219699,0.028194283106681872,0.014097141553340936,,,,,0.6584362139917695,1.3415637860082303,0.3563670266965287,0.3563670266965287,"partial: caused turnovers only, relative to positional per-game average",,,,,deferred: no opportunity denominator; contexts not separable; overlaps faceoff value,0.14545739573956828,,deferred: goal value already credited to the shooter,0.028194283106681872,0.3563670266965287,0.0,0.0,0.38456130980321057,0.38456130980321057,0.19228065490160529,shooting+turnover+defense
000204,Christian Cuccinello,CAN,1,A,attack,offensive_field,2,6.0,6.0,0.0,4.0,2.0,2.0,0.0,2.0,16.0,0.0,1.0,0.0,0.0,0.0,0.0,0,0,0,0.0,0.0,7,0.0,1.803206538824269,0.19679346117573093,0.19679346117573093,0.0,0.032798910195955155,0.9494734350964383,-0.9494734350964383,0.2522138928626249,0.015763368303914057,,,,,0.24863387978142076,-0.24863387978142076,-0.06604599602182724,-0.03302299801091362,"partial: caused turnovers only, relative to positional per-game average",,,,,deferred: no opportunity denominator; contexts not separable; overlaps faceoff value,0.14545739573956828,,deferred: goal value already credited to the shooter,0.44900735403835584,-0.06604599602182724,0.0,0.0,0.3829613580165286,0.1914806790082643,0.05470876543093266,shooting+turnover+defense
002072,Brennan Kamish,WHP,1,SSDM,defensive_midfield,defensive_field,5,1.0,1.0,0.0,0.0,0.0,0.0,0.0,0.0,32.0,0.0,8.0,4.0,0.0,0.0,0.0,0,0,0,0.0,0.0,14,0.0,0.30053442313737816,-0.30053442313737816,-0.30053442313737816,0.0,-0.30053442313737816,1.6982235214751518,-1.6982235214751518,0.45110852970690996,0.014097141553340936,,,,,3.292181069958848,0.7078189300411522,0.18802186684602126,0.037604373369204254,"partial: caused turnovers only, relative to positional per-game average",,,,,deferred: no opportunity denominator; contexts not separable; overlaps faceoff value,1.1636591659165463,,deferred: goal value already credited to the shooter,0.1505741065695318,0.18802186684602126,0.0,0.0,0.33859597341555303,0.0677191946831106,0.024185426672539503,shooting+turnover+defense
001020,Mike Messenger,CHR,1,SSDM,defensive_midfield,defensive_field,11,10.0,9.0,1.0,7.0,6.0,6.0,0.0,6.0,58.0,6.0,13.0,8.0,20.0,4.0,0.0,0,0,0,0.0,0.0,57,5.0,3.0120874362687484,2.9879125637312516,3.2951901917635964,-0.30727762803234504,0.29879125637312515,3.0780301326737125,2.9219698673262875,-0.776179056542848,-0.013382397526600828,9.949958298582152,-5.9499582985821515,-2.1532669952766326,-0.10766334976383163,7.242798353909465,0.7572016460905351,0.20113967150969722,0.01828542468269975,"partial: caused turnovers only, relative to positional per-game average",,,,,deferred: no opportunity denominator; contexts not separable; overlaps faceoff value,1.8909461446143876,,deferred: goal value already credited to the shooter,2.2117335071884034,0.20113967150969722,-2.1532669952766326,0.0,0.259606183421468,0.023600562129224366,0.004554494445990667,shooting+turnover+defense+faceoff
000279,Patrick Resch,CHA,1,SSDM,defensive_midfield,defensive_field,13,4.0,2.0,2.0,3.0,1.0,1.0,0.0,1.0,99.0,4.0,19.0,9.0,0.0,0.0,0.0,0,0,0,0.0,1.0,34,0.0,1.2156241023394463,-0.2156241023394463,0.3989311537252437,-0.6145552560646901,-0.05390602558486157,5.253879019563751,-1.253879019563751,0.33307483602300453,0.0033643922830606516,,,,,8.559670781893004,0.44032921810699577,0.11696709158444345,0.008997468583418726,"partial: caused turnovers only, relative to positional per-game average",,,,,deferred: no opportunity denominator; contexts not separable; overlaps faceoff value,2.7636905190517975,,deferred: goal value already credited to the shooter,0.11745073368355824,0.11696709158444345,0.0,0.0,0.2344178252680017,0.0180321404052309,0.006894641919647108,shooting+turnover+defense
000260,Brodie Merrill,CAN,1,LSM,long_stick_midfield,defensive_field,6,0.0,0.0,0.0,0.0,0.0,0.0,0.0,0.0,34.0,3.0,15.0,6.0,0.0,0.0,0.0,0,0,0,0.0,1.0,23,2.0,0.0,0.0,0.0,0.0,,1.8043624915673488,1.1956375084326512,-0.3176038205047193,-0.009341288838374097,,,,,3.950617283950617,2.049382716049383,0.54438889354255,0.09073148225709167,"partial: caused turnovers only, relative to positional per-game average",,,,,deferred: no opportunity denominator; contexts not separable; overlaps faceoff value,2.1818609360935244,,deferred: goal value already credited to the shooter,-0.3176038205047193,0.54438889354255,0.0,0.0,0.22678507303783074,0.03779751217297179,0.009860220566862206,shooting+turnover+defense
001397,Michael Rexrode,ATL,1,D,defense,defensive_field,11,0.0,0.0,0.0,0.0,0.0,0.0,0.0,0.0,56.0,3.0,23.0,8.0,0.0,0.0,0.0,0,0,0,0.0,0.0,24,1.0,0.0,0.0,0.0,0.0,,2.9718911625815156,0.028108837418484356,-0.007466706331218712,-0.00013333404162890557,,,,,7.242798353909465,0.7572016460905351,0.20113967150969722,0.01828542468269975,"partial: caused turnovers only, relative to positional per-game average",,,,,deferred: no opportunity denominator; contexts not separable; overlaps faceoff value,3.3455201020100707,,deferred: goal value already credited to the shooter,-0.007466706331218712,0.20113967150969722,0.0,0.0,0.1936729651784785,0.017606633198043502,0.008069706882436604,shooting+turnover+defense
002007,Charlie Kitchen,WAT,1,A,attack,offensive_field,1,3.0,3.0,0.0,2.0,1.0,1.0,0.0,1.0,8.0,0.0,0.0,0.0,0.0,0.0,0.0,0,0,0,0.0,0.0,5,0.0,0.9016032694121345,0.09839673058786547,0.09839673058786547,0.0,0.032798910195955155,0.47473671754821917,-0.47473671754821917,0.12610694643131246,0.015763368303914057,,,,,0.12431693989071038,-0.12431693989071038,-0.03302299801091362,-0.03302299801091362,"partial: caused turnovers only, relative to positional per-game average",,,,,deferred: no opportunity denominator; contexts not separable; overlaps faceoff value,0.0,,deferred: goal value already credited to the shooter,0.22450367701917792,-0.03302299801091362,0.0,0.0,0.1914806790082643,0.1914806790082643,0.03829613580165286,shooting+turnover+defense
000337,Bryce Young,WHP,1,D,defense,defensive_field,11,0.0,0.0,0.0,0.0,0.0,0.0,0.0,0.0,54.0,3.0,18.0,8.0,0.0,0.0,0.0,0,0,0,0.0,0.0,26,5.0,0.0,0.0,0.0,0.0,,2.865752192489319,0.13424780751068122,-0.03566098943790055,-0.0006603886932944546,,,,,7.242798353909465,0.7572016460905351,0.20113967150969722,0.01828542468269975,"partial: caused turnovers only, relative to positional per-game average",,,,,deferred: no opportunity denominator; contexts not separable; overlaps faceoff value,2.618233123312229,,deferred: goal value already credited to the shooter,-0.03566098943790055,0.20113967150969722,0.0,0.0,0.16547868207179667,0.015043516551981516,0.006364564695069103,shooting+turnover+defense
000223,Scott Ratliff,ARC,1,D,defense,defensive_field,12,10.0,2.0,8.0,8.0,1.0,1.0,0.0,1.0,136.0,4.0,34.0,13.0,0.0,0.0,0.0,0,0,0,0.0,1.0,58,3.0,3.0592898705335165,-2.0592898705335165,0.3989311537252437,-2.4582210242587603,-0.20592898705335166,7.217449966269395,-3.2174499662693954,0.8546690734966192,0.0062843314227692595,,,,,7.901234567901234,5.098765432098766,1.3544133315245372,0.11286777762704477,"partial: caused turnovers only, relative to positional per-game average",,,,,deferred: no opportunity denominator; contexts not separable; overlaps faceoff value,4.9455514551453215,,deferred: goal value already credited to the shooter,-1.2046207970368972,1.3544133315245372,0.0,0.0,0.14979253448764007,0.01248271120730334,0.0025826299049593114,shooting+turnover+defense
000339,Connor Kelly,WAT,1,M,midfield,offensive_field,13,71.0,55.0,16.0,35.0,18.0,14.0,4.0,22.0,321.0,20.0,16.0,1.0,0.0,0.0,0.0,0,0,0,0.0,8.0,116,2.0,21.445835321073318,0.5541646789266821,-2.5293932725557973,3.0835579514824794,0.0078051363229110155,19.048810791622294,0.9511892083777056,-0.252669663232329,-0.0007871329072658223,,,,,1.616120218579235,-0.6161202185792349,-0.16366342970244002,-0.012589494592495386,"partial: caused turnovers only, relative to positional per-game average",,,,,deferred: no opportunity denominator; contexts not separable; overlaps faceoff value,2.3273183318330926,,deferred: goal value already credited to the shooter,0.3014950156943531,-0.16366342970244002,0.0,0.0,0.13783158599191309,0.010602429691685622,0.001188203327516492,shooting+turnover+defense
000418,Dillon Ward,WAT,1,G,goalie,goalie,9,0.0,0.0,0.0,0.0,0.0,0.0,0.0,0.0,104.0,5.0,19.0,6.0,0.0,0.0,116.0,225,196,29,107.0,1.0,371,0.0,0.0,0.0,0.0,0.0,,2.9433962264150946,2.0566037735849054,-0.546307063092427,-0.005252952529734876,,,,,3.2079207920792077,2.7920792079207923,0.7416754805140718,0.08240838672378575,"partial: caused turnovers only, relative to positional per-game average",106.94078563084112,-0.05921436915888023,-0.0002631749740394677,,deferred: no opportunity denominator; contexts not separable; overlaps faceoff value,2.7636905190517975,,deferred: goal value already credited to the shooter,-0.546307063092427,0.7416754805140718,0.0,-0.05921436915888023,0.13615404826276456,0.015128227584751618,0.0003669920438349449,shooting+turnover+defense+goalie
002018,Matt Moore,ARC,1,M,midfield,offensive_field,12,56.0,51.0,5.0,38.0,18.0,18.0,0.0,18.0,213.0,15.0,4.0,0.0,0.0,0.0,0.0,0,0,0,0.0,6.0,83,1.0,16.86364372016801,1.1363562798319897,2.6727444199937143,-1.5363881401617252,0.020292076425571244,12.639865104721336,2.360134895278664,-0.6269357178578616,-0.0029433601777364396,,,,,1.4918032786885247,-1.4918032786885247,-0.3962759761309635,-0.03302299801091362,"partial: caused turnovers only, relative to positional per-game average",,,,,deferred: no opportunity denominator; contexts not separable; overlaps faceoff value,0.5818295829582731,,deferred: goal value already credited to the shooter,0.5094205619741281,-0.3962759761309635,0.0,0.0,0.11314458584316461,0.009428715486930384,0.0013631877812429471,shooting+turnover+defense
000405,Jesse Bernhardt,CHR,1,D,defense,defensive_field,11,1.0,0.0,1.0,1.0,0.0,0.0,0.0,0.0,89.0,4.0,23.0,8.0,0.0,0.0,0.0,0,0,0,0.0,0.0,29,1.0,0.30727762803234504,-0.30727762803234504,0.0,-0.30727762803234504,-0.30727762803234504,4.723184169102766,-0.7231841691027663,0.19210342048959522,0.002158465398759497,,,,,7.242798353909465,0.7572016460905351,0.20113967150969722,0.01828542468269975,"partial: caused turnovers only, relative to positional per-game average",,,,,deferred: no opportunity denominator; contexts not separable; overlaps faceoff value,3.3455201020100707,,deferred: goal value already credited to the shooter,-0.11517420754274982,0.20113967150969722,0.0,0.0,0.0859654639669474,0.007815042178813401,0.0029643263436878414,shooting+turnover+defense
000240,Kieran McArdle,WAT,1,A,attack,offensive_field,13,78.0,76.0,2.0,54.0,26.0,26.0,0.0,26.0,461.0,35.0,26.0,0.0,0.0,0.0,0.0,0,0,0,0.0,27.0,184,1.0,23.45517141450543,2.544828585494571,3.1593838415592614,-0.6145552560646901,0.032626007506340655,27.35670334871613,7.643296651283869,-2.0303312672759164,-0.004404189299947758,,,,,1.616120218579235,-1.616120218579235,-0.42929897414187707,-0.03302299801091362,"partial: caused turnovers only, relative to positional per-game average",,,,,deferred: no opportunity denominator; contexts not separable; overlaps faceoff value,3.781892289228775,,deferred: goal value already credited to the shooter,0.5144973182186545,-0.42929897414187707,0.0,0.0,0.08519834407677745,0.006553718775136727,0.00046303447867813833,shooting+turnover+defense
000411,Christian Mazzone,WAT,1,M,midfield,offensive_field,1,0.0,0.0,0.0,0.0,0.0,0.0,0.0,0.0,6.0,0.0,3.0,0.0,0.0,0.0,0.0,0,0,0,0.0,0.0,6,0.0,0.0,0.0,0.0,0.0,,0.3560525381611644,-0.3560525381611644,0.09458020982348433,0.015763368303914057,,,,,0.12431693989071038,-0.12431693989071038,-0.03302299801091362,-0.03302299801091362,"partial: caused turnovers only, relative to positional per-game average",,,,,deferred: no opportunity denominator; contexts not separable; overlaps faceoff value,0.43637218721870485,,deferred: goal value already credited to the shooter,0.09458020982348433,-0.03302299801091362,0.0,0.0,0.06155721181257071,0.06155721181257071,0.010259535302095118,shooting+turnover+defense
002065,Anthony DeMaio,RED,1,M,midfield,offensive_field,1,0.0,0.0,0.0,0.0,0.0,0.0,0.0,0.0,5.0,0.0,1.0,0.0,0.0,0.0,0.0,0,0,0,0.0,0.0,2,0.0,0.0,0.0,0.0,0.0,,0.296710448467637,-0.296710448467637,0.07881684151957029,0.015763368303914057,,,,,0.12431693989071038,-0.12431693989071038,-0.03302299801091362,-0.03302299801091362,"partial: caused turnovers only, relative to positional per-game average",,,,,deferred: no opportunity denominator; contexts not separable; overlaps faceoff value,0.14545739573956828,,deferred: goal value already credited to the shooter,0.07881684151957029,-0.03302299801091362,0.0,0.0,0.045793843508656666,0.045793843508656666,0.022896921754328333,shooting+turnover+defense
001820,Ryan Terefenko,CHR,1,SSDM,defensive_midfield,defensive_field,11,5.0,5.0,0.0,3.0,2.0,2.0,0.0,2.0,123.0,7.0,23.0,6.0,0.0,0.0,0.0,0,0,0,0.0,3.0,44,2.0,1.5026721156868907,0.49732788431310926,0.49732788431310926,0.0,0.09946557686262185,6.527546660670114,0.47245333932988576,-0.1255004000151243,-0.0010203284554075147,,,,,7.242798353909465,-1.242798353909465,-0.3301314173691769,-0.030011947033561536,"partial: caused turnovers only, relative to positional per-game average",,,,,deferred: no opportunity denominator; contexts not separable; overlaps faceoff value,3.3455201020100707,,deferred: goal value already credited to the shooter,0.37182748429798496,-0.3301314173691769,0.0,0.0,0.04169606692880806,0.003790551538982551,0.0009476378847456377,shooting+turnover+defense
000406,Craig Chick,ATL,1,LSM,long_stick_midfield,defensive_field,11,5.0,5.0,0.0,3.0,1.0,1.0,0.0,1.0,62.0,4.0,44.0,12.0,3.0,0.0,0.0,0,0,0,0.0,1.0,81,1.0,1.5026721156868907,-0.5026721156868907,-0.5026721156868907,0.0,-0.10053442313737815,3.2903080728581067,0.7096919271418933,-0.18851940145061014,-0.0030406355072679055,1.4924937447873228,-1.4924937447873228,-0.540127738722671,-0.18004257957422365,7.242798353909465,4.757201646090535,1.2636818492674453,0.1148801681152223,"partial: caused turnovers only, relative to positional per-game average",,,,,deferred: no opportunity denominator; contexts not separable; overlaps faceoff value,6.400125412541005,,deferred: goal value already credited to the shooter,-0.6911915171375009,1.2636818492674453,-0.540127738722671,0.0,0.03236259340727343,0.0029420539461157665,0.0003995381902132523,shooting+turnover+defense+faceoff
000417,Finn Sullivan,RED,1,D,defense,defensive_field,7,0.0,0.0,0.0,0.0,0.0,0.0,0.0,0.0,32.0,4.0,7.0,7.0,0.0,0.0,0.0,0,0,0,0.0,0.0,10,2.0,0.0,0.0,0.0,0.0,,1.6982235214751518,2.3017764785248485,-0.6114336480508383,-0.019107301501588698,,,,,4.609053497942387,2.390946502057613,0.6351203757996415,0.09073148225709164,"partial: caused turnovers only, relative to positional per-game average",,,,,deferred: no opportunity denominator; contexts not separable; overlaps faceoff value,1.018201770176978,,deferred: goal value already credited to the shooter,-0.6114336480508383,0.6351203757996415,0.0,0.0,0.023686727748803205,0.0033838182498290292,0.0023686727748803206,shooting+turnover+defense
000213,Jerry Ragonese,CHA,1,FO,faceoff,faceoff,1,1.0,1.0,0.0,1.0,1.0,1.0,0.0,1.0,2.0,0.0,2.0,0.0,8.0,2.0,0.0,0,0,0,0.0,0.0,13,0.0,0.30053442313737816,0.6994655768626219,0.6994655768626219,0.0,0.6994655768626219,0.20303030303030303,-0.20303030303030303,0.05393206508315843,0.026966032541579216,3.979983319432861,-1.9799833194328609,-0.7165483384898691,-0.08956854231123364,0.1368421052631579,-0.1368421052631579,-0.0363501271338177,-0.0363501271338177,"partial: caused turnovers only, relative to positional per-game average",,,,,deferred: no opportunity denominator; contexts not separable; overlaps faceoff value,0.29091479147913657,,deferred: goal value already credited to the shooter,0.7533976419457803,-0.0363501271338177,-0.7165483384898691,0.0,0.0004991763220935086,0.0004991763220935086,3.8398178622577586e-05,shooting+turnover+defense+faceoff
001817,Jack Kielty,CAN,1,D,defense,defensive_field,10,0.0,0.0,0.0,0.0,0.0,0.0,0.0,0.0,67.0,4.0,12.0,7.0,0.0,0.0,0.0,0,0,0,0.0,0.0,13,1.0,0.0,0.0,0.0,0.0,,3.555655498088599,0.44434450191140096,-0.11803369368390547,-0.0017616969206553056,,,,,6.584362139917696,0.4156378600823043,0.11040818925260545,0.011040818925260546,"partial: caused turnovers only, relative to positional per-game average",,,,,deferred: no opportunity denominator; contexts not separable; overlaps faceoff value,1.7454887488748194,,deferred: goal value already credited to the shooter,-0.11803369368390547,0.11040818925260545,0.0,0.0,-0.007625504431300015,-0.0007625504431300015,-0.000586577263946155,shooting+turnover+defense
000351,Jules Heningburg,RED,1,M,midfield,offensive_field,9,39.0,39.0,0.0,28.0,12.0,12.0,0.0,12.0,219.0,14.0,10.0,1.0,0.0,0.0,0.0,0,0,0,0.0,9.0,79,0.0,11.720842502357748,0.2791574976422524,0.2791574976422524,0.0,0.007157884554929548,12.9959176428825,1.0040823571175004,-0.2667199635949405,-0.001217899377145847,,,,,1.1188524590163935,-0.11885245901639352,-0.03157143765878557,-0.003507937517642841,"partial: caused turnovers only, relative to positional per-game average",,,,,deferred: no opportunity denominator; contexts not separable; overlaps faceoff value,1.4545739573956828,,deferred: goal value already credited to the shooter,0.012437534047311904,-0.03157143765878557,0.0,0.0,-0.019133903611473664,-0.0021259892901637403,-0.00024220131153764133,shooting+turnover+defense
001727,Bradley Voigt,CHA,1,A,attack,offensive_field,1,3.0,3.0,0.0,2.0,1.0,1.0,0.0,1.0,9.0,1.0,0.0,0.0,0.0,0.0,0.0,0,0,0,0.0,0.0,3,0.0,0.9016032694121345,0.09839673058786547,0.09839673058786547,0.0,0.032798910195955155,0.5340788072417466,0.4659211927582534,-0.12376522970421053,-0.013751692189356726,,,,,0.12431693989071038,-0.12431693989071038,-0.03302299801091362,-0.03302299801091362,"partial: caused turnovers only, relative to positional per-game average",,,,,deferred: no opportunity denominator; contexts not separable; overlaps faceoff value,0.0,,deferred: goal value already credited to the shooter,-0.02536849911634506,-0.03302299801091362,0.0,0.0,-0.05839149712725868,-0.05839149712725868,-0.019463832375752894,shooting+turnover+defense
000308,Will Haus,CHR,1,SSDM,defensive_midfield,defensive_field,11,8.0,7.0,1.0,6.0,2.0,2.0,0.0,2.0,101.0,3.0,17.0,6.0,0.0,0.0,0.0,0,0,0,0.0,2.0,36,1.0,2.4110185899939918,-0.41101858999399177,-0.10374096196164695,-0.30727762803234504,-0.05137732374924897,5.3600179896559474,-2.3600179896559474,0.6269046635691233,0.006206976867021023,,,,,7.242798353909465,-1.242798353909465,-0.3301314173691769,-0.030011947033561536,"partial: caused turnovers only, relative to positional per-game average",,,,,deferred: no opportunity denominator; contexts not separable; overlaps faceoff value,2.4727757275726607,,deferred: goal value already credited to the shooter,0.21588607357513157,-0.3301314173691769,0.0,0.0,-0.11424534379404533,-0.010385940344913212,-0.003173481772056815,shooting+turnover+defense
001707,Matt Whitcher,WAT,1,SSDM,defensive_midfield,defensive_field,13,8.0,7.0,1.0,6.0,2.0,2.0,0.0,2.0,87.0,2.0,15.0,7.0,0.0,0.0,0.0,0,0,0,0.0,0.0,29,2.0,2.4110185899939918,-0.41101858999399177,-0.10374096196164695,-0.30727762803234504,-0.05137732374924897,4.617045199010569,-2.617045199010569,0.6951802262617873,0.007990577313353878,,,,,8.559670781893004,-1.5596707818930042,-0.4143039972944306,-0.03186953825341774,"partial: caused turnovers only, relative to positional per-game average",,,,,deferred: no opportunity denominator; contexts not separable; overlaps faceoff value,2.1818609360935244,,deferred: goal value already credited to the shooter,0.28416163626779556,-0.4143039972944306,0.0,0.0,-0.13014236102663507,-0.010010950848202697,-0.004487667621608106,shooting+turnover+defense
001824,Ryan Tierney,CAN,1,M,midfield,offensive_field,7,14.0,13.0,1.0,10.0,5.0,5.0,0.0,5.0,87.0,8.0,6.0,0.0,0.0,0.0,0.0,0,0,0,0.0,0.0,27,1.0,4.214225128818261,0.7857748711817392,1.093052499214084,-0.30727762803234504,0.05612677651298137,5.162761803336884,2.837238196663116,-0.7536713130749734,-0.008662888656034177,,,,,0.8702185792349727,-0.8702185792349727,-0.23116098607639535,-0.03302299801091362,"partial: caused turnovers only, relative to positional per-game average",,,,,deferred: no opportunity denominator; contexts not separable; overlaps faceoff value,0.8727443744374097,,deferred: goal value already credited to the shooter,0.032103558106765795,-0.23116098607639535,0.0,0.0,-0.19905742796962955,-0.028436775424232792,-0.007372497332208502,shooting+turnover+defense
000365,Jack Rowlett,CHA,1,D,defense,defensive_field,13,3.0,1.0,2.0,2.0,1.0,1.0,0.0,1.0,79.0,2.0,21.0,10.0,11.0,2.0,0.0,0,0,0,0.0,0.0,44,4.0,0.9150896792020682,0.08491032079793182,0.6994655768626219,-0.6145552560646901,0.02830344026597727,4.192489318641781,-2.1924893186417806,0.5824030938350597,0.007372191061203287,5.472477064220183,-3.4724770642201834,-1.25667607721254,-0.11424327974659455,8.559670781893004,1.4403292181069958,0.3826026360238805,0.02943097200183696,"partial: caused turnovers only, relative to positional per-game average",,,,,deferred: no opportunity denominator; contexts not separable; overlaps faceoff value,3.054605310530934,,deferred: goal value already credited to the shooter,0.6673134146329915,0.3826026360238805,-1.25667607721254,0.0,-0.20676002655566794,-0.01590461742735907,-0.004699091512628817,shooting+turnover+defense+faceoff
001836,Jackson Morrill,CHR,1,M,midfield,offensive_field,11,14.0,14.0,0.0,10.0,5.0,5.0,0.0,5.0,145.0,11.0,3.0,0.0,0.0,0.0,0.0,0,0,0,0.0,3.0,38,2.0,4.207481923923294,0.7925180760767061,0.7925180760767061,0.0,0.056608434005479005,8.604603005561472,2.395396994438528,-0.6363025847662694,-0.0043882936880432375,,,,,1.3674863387978142,-1.3674863387978142,-0.36325297812004986,-0.03302299801091362,"partial: caused turnovers only, relative to positional per-game average",,,,,deferred: no opportunity denominator; contexts not separable; overlaps faceoff value,0.43637218721870485,,deferred: goal value already credited to the shooter,0.15621549131043666,-0.36325297812004986,0.0,0.0,-0.2070374868096132,-0.018821589709964837,-0.005448354916042453,shooting+turnover+defense
000427,Jake Withers,WAT,1,FO,faceoff,faceoff,9,6.0,6.0,0.0,3.0,1.0,1.0,0.0,1.0,46.0,3.0,47.0,5.0,226.0,110.0,0.0,0,0,0,0.0,0.0,323,2.0,1.803206538824269,-0.8032065388242691,-0.8032065388242691,0.0,-0.1338677564707115,4.66969696969697,-1.66969696969697,0.4435308635943328,0.009641975295528973,112.43452877397831,-2.4345287739783146,-0.8810465880589415,-0.003898436230349299,1.231578947368421,3.768421052631579,1.001026577992826,0.11122517533253623,"partial: caused turnovers only, relative to positional per-game average",,,,,deferred: no opportunity denominator; contexts not separable; overlaps faceoff value,6.836497599759709,,deferred: goal value already credited to the shooter,-0.35967567522993626,1.001026577992826,-0.8810465880589415,0.0,-0.23969568529605179,-0.026632853921783533,-0.0007420919049413368,shooting+turnover+defense+faceoff
000294,John Ranagan,CHR,1,M,midfield,offensive_field,3,4.0,4.0,0.0,3.0,1.0,1.0,0.0,1.0,36.0,2.0,1.0,0.0,0.0,0.0,0.0,0,0,0,0.0,0.0,10,0.0,1.2021376925495126,-0.20213769254951264,-0.20213769254951264,0.0,-0.05053442313737816,2.1363152289669864,-0.13631522896698645,0.03621017006203196,0.0010058380572786655,,,,,0.3729508196721312,-0.3729508196721312,-0.09906899403274087,-0.03302299801091362,"partial: caused turnovers only, relative to positional per-game average",,,,,deferred: no opportunity denominator; contexts not separable; overlaps faceoff value,0.14545739573956828,,deferred: goal value already credited to the shooter,-0.16592752248748066,-0.09906899403274087,0.0,0.0,-0.26499651652022155,-0.08833217217340718,-0.026499651652022154,shooting+turnover+defense
002041,Mitch Bartolo,RED,1,M,midfield,offensive_field,1,0.0,0.0,0.0,0.0,0.0,0.0,0.0,0.0,2.0,1.0,1.0,0.0,0.0,0.0,0.0,0,0,0,0.0,0.0,1,0.0,0.0,0.0,0.0,0.0,,0.11868417938705479,0.8813158206129452,-0.23410880783160892,-0.11705440391580446,,,,,0.12431693989071038,-0.12431693989071038,-0.03302299801091362,-0.03302299801091362,"partial: caused turnovers only, relative to positional per-game average",,,,,deferred: no opportunity denominator; contexts not separable; overlaps faceoff value,0.14545739573956828,,deferred: goal value already credited to the shooter,-0.23410880783160892,-0.03302299801091362,0.0,0.0,-0.26713180584252255,-0.26713180584252255,-0.26713180584252255,shooting+turnover+defense
001795,Christian Scarpello,WAT,1,SSDM,defensive_midfield,defensive_field,9,0.0,0.0,0.0,0.0,0.0,0.0,0.0,0.0,55.0,2.0,4.0,4.0,0.0,0.0,0.0,0,0,0,0.0,2.0,8,1.0,0.0,0.0,0.0,0.0,,2.918821677535417,-0.918821677535417,0.24407169655487734,0.004437667210088679,,,,,5.925925925925926,-1.9259259259259256,-0.5115943818833601,-0.056843820209262236,"partial: caused turnovers only, relative to positional per-game average",,,,,deferred: no opportunity denominator; contexts not separable; overlaps faceoff value,0.5818295829582731,,deferred: goal value already credited to the shooter,0.24407169655487734,-0.5115943818833601,0.0,0.0,-0.2675226853284828,-0.029724742814275864,-0.03344033566606035,shooting+turnover+defense
000385,Wes Berg,CHA,1,A,attack,offensive_field,4,10.0,10.0,0.0,7.0,3.0,3.0,0.0,3.0,58.0,5.0,2.0,1.0,0.0,0.0,0.0,0,0,0,0.0,3.0,17,0.0,3.0053442313737815,-0.005344231373781483,-0.005344231373781483,0.0,-0.0005344231373781483,3.441841202224589,1.5581587977754112,-0.41390236057017005,-0.007136247596037415,,,,,0.4972677595628415,0.5027322404371585,0.13354355239578256,0.03338588809894564,"partial: caused turnovers only, relative to positional per-game average",,,,,deferred: no opportunity denominator; contexts not separable; overlaps faceoff value,0.29091479147913657,,deferred: goal value already credited to the shooter,-0.41924659194395153,0.13354355239578256,0.0,0.0,-0.285703039548169,-0.07142575988704225,-0.016806061149892294,shooting+turnover+defense
000255,Tucker Durkin,ATL,1,D,defense,defensive_field,11,0.0,0.0,0.0,0.0,0.0,0.0,0.0,0.0,37.0,2.0,11.0,6.0,0.0,0.0,0.0,0,0,0,0.0,0.0,13,2.0,0.0,0.0,0.0,0.0,,1.9635709467056441,0.03642905329435586,-0.009676851405259488,-0.0002615365244664726,,,,,7.242798353909465,-1.242798353909465,-0.3301314173691769,-0.030011947033561536,"partial: caused turnovers only, relative to positional per-game average",,,,,deferred: no opportunity denominator; contexts not separable; overlaps faceoff value,1.6000313531352512,,deferred: goal value already credited to the shooter,-0.009676851405259488,-0.3301314173691769,0.0,0.0,-0.3398082687744364,-0.030891660797676034,-0.026139097598033567,shooting+turnover+defense
001671,Zach Goodrich,CAN,1,SSDM,defensive_midfield,defensive_field,10,6.0,5.0,1.0,3.0,1.0,1.0,0.0,1.0,82.0,2.0,9.0,6.0,0.0,0.0,0.0,0,0,0,0.0,0.0,28,5.0,1.8099497437192358,-0.8099497437192358,-0.5026721156868907,-0.30727762803234504,-0.13499162395320596,4.351697773780076,-2.351697773780076,0.6246945184950826,0.007618225835305885,,,,,6.584362139917696,-0.5843621399176957,-0.1552273551868316,-0.015522735518683158,"partial: caused turnovers only, relative to positional per-game average",,,,,deferred: no opportunity denominator; contexts not separable; overlaps faceoff value,1.3091165616561145,,deferred: goal value already credited to the shooter,-0.18525522522415316,-0.1552273551868316,0.0,0.0,-0.3404825804109848,-0.03404825804109848,-0.012160092157535171,shooting+turnover+defense
002037,Bryan McIntosh,CAN,1,D,defense,defensive_field,3,0.0,0.0,0.0,0.0,0.0,0.0,0.0,0.0,13.0,0.0,5.0,0.0,0.0,0.0,0.0,0,0,0,0.0,0.0,5,0.0,0.0,0.0,0.0,0.0,,0.6899033055992804,-0.6899033055992804,0.18326284019343217,0.014097141553340936,,,,,1.9753086419753085,-1.9753086419753085,-0.5247121865470361,-0.17490406218234536,"partial: caused turnovers only, relative to positional per-game average",,,,,deferred: no opportunity denominator; contexts not separable; overlaps faceoff value,0.7272869786978414,,deferred: goal value already credited to the shooter,0.18326284019343217,-0.5247121865470361,0.0,0.0,-0.3414493463536039,-0.11381644878453463,-0.06828986927072078,shooting+turnover+defense
002036,Jake Higgins,WAT,1,SSDM,defensive_midfield,defensive_field,9,1.0,1.0,0.0,0.0,0.0,0.0,0.0,0.0,51.0,2.0,8.0,5.0,0.0,0.0,0.0,0,0,0,0.0,1.0,14,1.0,0.30053442313737816,-0.30053442313737816,-0.30053442313737816,0.0,-0.30053442313737816,2.7065437373510233,-0.7065437373510233,0.18768313034151368,0.003680061379245366,,,,,5.925925925925926,-0.9259259259259256,-0.2459588374439231,-0.027328759715991455,"partial: caused turnovers only, relative to positional per-game average",,,,,deferred: no opportunity denominator; contexts not separable; overlaps faceoff value,1.1636591659165463,,deferred: goal value already credited to the shooter,-0.11285129279586448,-0.2459588374439231,0.0,0.0,-0.3588101302397876,-0.03986779224886529,-0.025629295017127685,shooting+turnover+defense
001839,Nick Grill,CHR,1,LSM,long_stick_midfield,defensive_field,11,0.0,0.0,0.0,0.0,0.0,0.0,0.0,0.0,34.0,2.0,12.0,6.0,0.0,0.0,0.0,0,0,0,0.0,0.0,17,1.0,0.0,0.0,0.0,0.0,,1.8043624915673488,0.19563750843265115,-0.051968276065282246,-0.0015284787078024189,,,,,7.242798353909465,-1.242798353909465,-0.3301314173691769,-0.030011947033561536,"partial: caused turnovers only, relative to positional per-game average",,,,,deferred: no opportunity denominator; contexts not separable; overlaps faceoff value,1.7454887488748194,,deferred: goal value already credited to the shooter,-0.051968276065282246,-0.3301314173691769,0.0,0.0,-0.38209969343445915,-0.034736335766769016,-0.022476452554968187,shooting+turnover+defense
001760,Pat Aslanian,CAN,1,SSDM,defensive_midfield,defensive_field,3,1.0,1.0,0.0,0.0,0.0,0.0,0.0,0.0,12.0,1.0,0.0,2.0,0.0,0.0,0.0,0,0,0,0.0,0.0,2,0.0,0.30053442313737816,-0.30053442313737816,-0.30053442313737816,0.0,-0.30053442313737816,0.6368338205531819,0.36316617944681806,-0.09646984579934581,-0.008039153816612151,,,,,1.9753086419753085,0.024691358024691468,0.006558902331837981,0.002186300777279327,"partial: caused turnovers only, relative to positional per-game average",,,,,deferred: no opportunity denominator; contexts not separable; overlaps faceoff value,0.0,,deferred: goal value already credited to the shooter,-0.39700426893672397,0.006558902331837981,0.0,0.0,-0.390445366604886,-0.130148455534962,-0.195222683302443,shooting+turnover+defense
000268,James Barclay,WHP,1,D,defense,defensive_field,1,1.0,1.0,0.0,1.0,0.0,0.0,0.0,0.0,4.0,0.0,2.0,0.0,0.0,0.0,0.0,0,0,0,0.0,0.0,4,0.0,0.30053442313737816,-0.30053442313737816,-0.30053442313737816,0.0,-0.30053442313737816,0.21227794018439397,-0.21227794018439397,0.056388566213363744,0.014097141553340936,,,,,0.6584362139917695,-0.6584362139917695,-0.1749040621823454,-0.1749040621823454,"partial: caused turnovers only, relative to positional per-game average",,,,,deferred: no opportunity denominator; contexts not separable; overlaps faceoff value,0.29091479147913657,,deferred: goal value already credited to the shooter,-0.24414585692401441,-0.1749040621823454,0.0,0.0,-0.4190499191063598,-0.4190499191063598,-0.10476247977658995,shooting+turnover+defense
002025,Bubba Fairman,CAN,1,SSDM,defensive_midfield,defensive_field,9,12.0,11.0,1.0,9.0,4.0,4.0,0.0,4.0,90.0,3.0,17.0,1.0,0.0,0.0,0.0,0,0,0,0.0,1.0,43,1.0,3.613156282543505,0.38684371745649493,0.6941213454888402,-0.30727762803234504,0.03223697645470791,4.7762536541488645,-1.7762536541488645,0.4718361064823731,0.005242623405359702,,,,,5.925925925925926,-4.925925925925926,-1.3085010152016712,-0.14538900168907457,"partial: caused turnovers only, relative to positional per-game average",,,,,deferred: no opportunity denominator; contexts not separable; overlaps faceoff value,2.4727757275726607,,deferred: goal value already credited to the shooter,0.858679823938868,-1.3085010152016712,0.0,0.0,-0.4498211912628032,-0.04998013236253369,-0.01046095793634426,shooting+turnover+defense
000235,Jake Richard,ATL,1,SSDM,defensive_midfield,defensive_field,11,7.0,4.0,3.0,5.0,1.0,1.0,0.0,1.0,90.0,3.0,9.0,8.0,0.0,0.0,0.0,0,0,0,0.0,1.0,24,5.0,2.1239705766465478,-1.1239705766465478,-0.20213769254951264,-0.9218328840970351,-0.1605672252352211,4.7762536541488645,-1.7762536541488645,0.4718361064823731,0.005242623405359702,,,,,7.242798353909465,0.7572016460905351,0.20113967150969722,0.01828542468269975,"partial: caused turnovers only, relative to positional per-game average",,,,,deferred: no opportunity denominator; contexts not separable; overlaps faceoff value,1.3091165616561145,,deferred: goal value already credited to the shooter,-0.6521344701641747,0.20113967150969722,0.0,0.0,-0.45099479865447745,-0.04099952715040704,-0.01879144994393656,shooting+turnover+defense
001823,Tanner Cook,CHA,1,M,midfield,offensive_field,5,7.0,7.0,0.0,6.0,2.0,2.0,0.0,2.0,72.0,5.0,3.0,0.0,0.0,0.0,0.0,0,0,0,0.0,1.0,18,1.0,2.103740961961647,-0.10374096196164695,-0.10374096196164695,0.0,-0.014820137423092421,4.272630457933973,0.7273695420660271,-0.19321520431537312,-0.002683544504380182,,,,,0.6215846994535519,-0.6215846994535519,-0.1651149900545681,-0.033022998010913615,"partial: caused turnovers only, relative to positional per-game average",,,,,deferred: no opportunity denominator; contexts not separable; overlaps faceoff value,0.43637218721870485,,deferred: goal value already credited to the shooter,-0.29695616627702004,-0.1651149900545681,0.0,0.0,-0.46207115633158813,-0.09241423126631762,-0.02567061979619934,shooting+turnover+defense
000275,Mark Glicini,CHA,1,SSDM,defensive_midfield,defensive_field,11,2.0,1.0,1.0,2.0,1.0,1.0,0.0,1.0,56.0,2.0,10.0,3.0,0.0,0.0,0.0,0,0,0,0.0,0.0,20,1.0,0.6078120511697231,0.39218794883027686,0.6994655768626219,-0.30727762803234504,0.19609397441513843,2.9718911625815156,-0.9718911625815156,0.25816883810821833,0.004610157823361042,,,,,7.242798353909465,-4.242798353909465,-1.127038050687488,-0.10245800460795346,"partial: caused turnovers only, relative to positional per-game average",,,,,deferred: no opportunity denominator; contexts not separable; overlaps faceoff value,1.4545739573956828,,deferred: goal value already credited to the shooter,0.6503567869384952,-1.127038050687488,0.0,0.0,-0.4766812637489928,-0.043334660340817524,-0.023834063187449638,shooting+turnover+defense
001391,Mikie Schlosser,WAT,1,M,midfield,offensive_field,8,23.0,19.0,4.0,14.0,5.0,3.0,2.0,7.0,117.0,8.0,5.0,0.0,0.0,0.0,0.0,0,0,0,0.0,0.0,35,0.0,6.939264551739565,0.0607354482604352,-2.7101540396101846,2.77088948787062,0.0026406716634971824,6.943024494142706,1.0569755058572943,-0.2807702639575517,-0.0023997458457910405,,,,,0.994535519125683,-0.994535519125683,-0.264183984087309,-0.03302299801091362,"partial: caused turnovers only, relative to positional per-game average",,,,,deferred: no opportunity denominator; contexts not separable; overlaps faceoff value,0.7272869786978414,,deferred: goal value already credited to the shooter,-0.22003481569711653,-0.264183984087309,0.0,0.0,-0.4842187997844255,-0.06052734997305319,-0.013834822850983586,shooting+turnover+defense
000331,Patrick Harbeson,RED,1,SSDM,defensive_midfield,defensive_field,3,1.0,1.0,0.0,1.0,0.0,0.0,0.0,0.0,23.0,0.0,2.0,0.0,0.0,0.0,0.0,0,0,0,0.0,1.0,4,0.0,0.30053442313737816,-0.30053442313737816,-0.30053442313737816,0.0,-0.30053442313737816,1.2205981560602652,-1.2205981560602652,0.3242342557268415,0.014097141553340934,,,,,1.9753086419753085,-1.9753086419753085,-0.5247121865470361,-0.17490406218234536,"partial: caused turnovers only, relative to positional per-game average",,,,,deferred: no opportunity denominator; contexts not separable; overlaps faceoff value,0.29091479147913657,,deferred: goal value already credited to the shooter,0.023699832589463343,-0.5247121865470361,0.0,0.0,-0.5010123539575728,-0.1670041179858576,-0.1252530884893932,shooting+turnover+defense
000409,Zach Currier,WAT,1,M,midfield,offensive_field,13,38.0,36.0,2.0,23.0,14.0,14.0,0.0,14.0,325.0,20.0,69.0,9.0,33.0,3.0,0.0,0,0,0,0.0,10.0,223,4.0,11.433794489010305,2.566205510989695,3.1807607670543856,-0.6145552560646901,0.06753172397341303,19.286179150396404,0.7138208496035965,-0.18961619001667285,-0.0005834344308205319,16.41743119266055,-13.417431192660551,-4.8557166787935,-0.1471429296604091,1.616120218579235,7.383879781420765,1.9614209258130562,0.15087853275485047,"partial: caused turnovers only, relative to positional per-game average",,,,,deferred: no opportunity denominator; contexts not separable; overlaps faceoff value,10.036560306030212,,deferred: goal value already credited to the shooter,2.3765893209730224,1.9614209258130562,-4.8557166787935,0.0,-0.5177064320074214,-0.03982357169287857,-0.002321553506759737,shooting+turnover+defense+faceoff
000310,Brent Adams,ATL,1,M,midfield,offensive_field,1,2.0,2.0,0.0,0.0,0.0,0.0,0.0,0.0,7.0,0.0,0.0,0.0,0.0,0.0,0.0,0,0,0,0.0,0.0,2,0.0,0.6010688462747563,-0.6010688462747563,-0.6010688462747563,0.0,-0.30053442313737816,0.4153946278546918,-0.4153946278546918,0.1103435781273984,0.015763368303914057,,,,,0.12431693989071038,-0.12431693989071038,-0.03302299801091362,-0.03302299801091362,"partial: caused turnovers only, relative to positional per-game average",,,,,deferred: no opportunity denominator; contexts not separable; overlaps faceoff value,0.0,,deferred: goal value already credited to the shooter,-0.49072526814735795,-0.03302299801091362,0.0,0.0,-0.5237482661582715,-0.5237482661582715,-0.26187413307913576,shooting+turnover+defense
000368,Chris Sabia,WAT,1,LSM,long_stick_midfield,defensive_field,12,3.0,2.0,1.0,3.0,0.0,0.0,0.0,0.0,41.0,2.0,18.0,9.0,0.0,0.0,0.0,0,0,0,0.0,4.0,29,3.0,0.9083464743071014,-0.9083464743071014,-0.6010688462747563,-0.30727762803234504,-0.30278215810236714,2.175848886890038,-0.17584888689003808,0.04671171480810425,0.0011393101172708353,,,,,7.901234567901234,1.0987654320987659,0.29187115376678896,0.024322596147232412,"partial: caused turnovers only, relative to positional per-game average",,,,,deferred: no opportunity denominator; contexts not separable; overlaps faceoff value,2.618233123312229,,deferred: goal value already credited to the shooter,-0.8616347594989971,0.29187115376678896,0.0,0.0,-0.5697636057322082,-0.04748030047768401,-0.019647020887317523,shooting+turnover+defense
002020,Brett Kennedy,CHA,1,D,defense,defensive_field,5,0.0,0.0,0.0,0.0,0.0,0.0,0.0,0.0,21.0,1.0,8.0,1.0,0.0,0.0,0.0,0,0,0,0.0,0.0,10,1.0,0.0,0.0,0.0,0.0,,1.1144591859680684,-0.11445918596806837,0.030404428180722615,0.0014478299133677435,,,,,3.292181069958848,-2.292181069958848,-0.6088847664722898,-0.12177695329445797,"partial: caused turnovers only, relative to positional per-game average",,,,,deferred: no opportunity denominator; contexts not separable; overlaps faceoff value,1.1636591659165463,,deferred: goal value already credited to the shooter,0.030404428180722615,-0.6088847664722898,0.0,0.0,-0.5784803382915672,-0.11569606765831345,-0.05784803382915672,shooting+turnover+defense
000929,Matthew Hossack,WAT,1,LSM,long_stick_midfield,defensive_field,2,1.0,0.0,1.0,1.0,0.0,0.0,0.0,0.0,6.0,0.0,2.0,2.0,3.0,0.0,0.0,0,0,0,0.0,0.0,7,0.0,0.30727762803234504,-0.30727762803234504,0.0,-0.30727762803234504,-0.30727762803234504,0.31841691027659097,-0.31841691027659097,0.08458284932004562,0.014097141553340936,1.4924937447873228,-1.4924937447873228,-0.540127738722671,-0.18004257957422365,1.316872427983539,0.6831275720164609,0.18146296451418334,0.09073148225709167,"partial: caused turnovers only, relative to positional per-game average",,,,,deferred: no opportunity denominator; contexts not separable; overlaps faceoff value,0.29091479147913657,,deferred: goal value already credited to the shooter,-0.22269477871229942,0.18146296451418334,-0.540127738722671,0.0,-0.581359552920787,-0.2906797764603935,-0.08305136470296957,shooting+turnover+defense+faceoff
002063,Ryan Kennedy,RED,1,D,defense,defensive_field,3,0.0,0.0,0.0,0.0,0.0,0.0,0.0,0.0,8.0,2.0,8.0,1.0,0.0,0.0,0.0,0,0,0,0.0,0.0,13,0.0,0.0,0.0,0.0,0.0,,0.42455588036878794,1.5754441196312121,-0.4184939564521466,-0.052311744556518325,,,,,1.9753086419753085,-0.9753086419753085,-0.25907664210759906,-0.08635888070253302,"partial: caused turnovers only, relative to positional per-game average",,,,,deferred: no opportunity denominator; contexts not separable; overlaps faceoff value,1.1636591659165463,,deferred: goal value already credited to the shooter,-0.4184939564521466,-0.25907664210759906,0.0,0.0,-0.6775705985597457,-0.22585686618658188,-0.05212081527382659,shooting+turnover+defense
000282,Tyson Bell,CAN,1,LSM,long_stick_midfield,defensive_field,5,3.0,3.0,0.0,1.0,1.0,1.0,0.0,1.0,25.0,2.0,5.0,1.0,0.0,0.0,0.0,0,0,0,0.0,0.0,15,5.0,0.9016032694121345,0.09839673058786547,0.09839673058786547,0.0,0.032798910195955155,1.3267371261524623,0.6732628738475377,-0.17884255004535068,-0.007153702001814028,,,,,3.292181069958848,-2.292181069958848,-0.6088847664722898,-0.12177695329445797,"partial: caused turnovers only, relative to positional per-game average",,,,,deferred: no opportunity denominator; contexts not separable; overlaps faceoff value,0.7272869786978414,,deferred: goal value already credited to the shooter,-0.08044581945748522,-0.6088847664722898,0.0,0.0,-0.689330585929775,-0.137866117185955,-0.045955372395318335,shooting+turnover+defense
002034,Keegan Khan,WHP,1,M,midfield,offensive_field,7,18.0,18.0,0.0,9.0,6.0,6.0,0.0,6.0,101.0,10.0,1.0,0.0,0.0,0.0,0.0,0,0,0,0.0,3.0,34,1.0,5.409619616472807,0.5903803835271928,0.5903803835271928,0.0,0.032798910195955155,5.993551059046267,4.006448940953733,-1.0642552456990508,-0.010537180650485652,,,,,0.8702185792349727,-0.8702185792349727,-0.23116098607639535,-0.03302299801091362,"partial: caused turnovers only, relative to positional per-game average",,,,,deferred: no opportunity denominator; contexts not separable; overlaps faceoff value,0.14545739573956828,,deferred: goal value already credited to the shooter,-0.47387486217185804,-0.23116098607639535,0.0,0.0,-0.7050358482482534,-0.10071940689260762,-0.020736348477889806,shooting+turnover+defense
001740,Andrew Newbold,CAN,1,LSM,long_stick_midfield,defensive_field,4,3.0,2.0,1.0,2.0,1.0,1.0,0.0,1.0,9.0,0.0,0.0,1.0,3.0,0.0,0.0,0,0,0,0.0,0.0,8,0.0,0.9083464743071014,0.09165352569289864,0.3989311537252437,-0.30727762803234504,0.030551175230966215,0.4776253654148864,-0.4776253654148864,0.12687427398006842,0.014097141553340936,1.4924937447873228,-1.4924937447873228,-0.540127738722671,-0.18004257957422365,2.633744855967078,-1.6337448559670782,-0.43398070428994445,-0.10849517607248611,"partial: caused turnovers only, relative to positional per-game average",,,,,deferred: no opportunity denominator; contexts not separable; overlaps faceoff value,0.0,,deferred: goal value already credited to the shooter,0.21852779967296707,-0.43398070428994445,-0.540127738722671,0.0,-0.7555806433396484,-0.1888951608349121,-0.09444758041745605,shooting+turnover+defense+faceoff
002062,Ryan Hallenbeck,RED,1,SSDM,defensive_midfield,defensive_field,4,2.0,1.0,1.0,2.0,0.0,0.0,0.0,0.0,20.0,0.0,2.0,1.0,0.0,0.0,0.0,0,0,0,0.0,0.0,6,2.0,0.6078120511697231,-0.6078120511697231,-0.30053442313737816,-0.30727762803234504,-0.30390602558486157,1.06138970092197,-1.06138970092197,0.2819428310668187,0.014097141553340936,,,,,2.633744855967078,-1.6337448559670782,-0.43398070428994445,-0.10849517607248611,"partial: caused turnovers only, relative to positional per-game average",,,,,deferred: no opportunity denominator; contexts not separable; overlaps faceoff value,0.29091479147913657,,deferred: goal value already credited to the shooter,-0.3258692201029044,-0.43398070428994445,0.0,0.0,-0.7598499243928489,-0.18996248109821223,-0.1266416540654748,shooting+turnover+defense
000355,Matthew Dunn,WHP,1,D,defense,defensive_field,11,1.0,1.0,0.0,1.0,0.0,0.0,0.0,0.0,62.0,3.0,11.0,5.0,0.0,0.0,0.0,0,0,0,0.0,0.0,16,1.0,0.30053442313737816,-0.30053442313737816,-0.30053442313737816,0.0,-0.30053442313737816,3.2903080728581067,-0.29030807285810667,0.07711614298882692,0.0012438087578843051,,,,,7.242798353909465,-2.242798353909465,-0.5957669618086139,-0.05416063289169217,"partial: caused turnovers only, relative to positional per-game average",,,,,deferred: no opportunity denominator; contexts not separable; overlaps faceoff value,1.6000313531352512,,deferred: goal value already credited to the shooter,-0.22341828014855125,-0.5957669618086139,0.0,0.0,-0.8191852419571651,-0.07447138563246956,-0.05119907762232282,shooting+turnover+defense
000357,Mike Chanenchuk,WHP,1,M,midfield,offensive_field,11,71.0,55.0,16.0,42.0,17.0,15.0,2.0,19.0,307.0,11.0,6.0,0.0,0.0,0.0,0.0,0,0,0,0.0,5.0,98,0.0,21.445835321073318,-2.445835321073318,-1.5293932725557973,-0.9164420485175206,-0.03444838480384955,18.21802153591291,-7.218021535912911,1.9173630804678077,0.006245482346800677,,,,,1.3674863387978142,-1.3674863387978142,-0.36325297812004986,-0.03302299801091362,"partial: caused turnovers only, relative to positional per-game average",,,,,deferred: no opportunity denominator; contexts not separable; overlaps faceoff value,0.8727443744374097,,deferred: goal value already credited to the shooter,-0.5284722406055102,-0.36325297812004986,0.0,0.0,-0.8917252187255601,-0.08106592897505092,-0.00909923692577102,shooting+turnover+defense
000319,Jack Near,RED,1,SSDM,defensive_midfield,defensive_field,8,0.0,0.0,0.0,0.0,0.0,0.0,0.0,0.0,52.0,1.0,11.0,0.0,0.0,0.0,0.0,0,0,0,0.0,0.0,13,0.0,0.0,0.0,0.0,0.0,,2.7596132223971215,-1.7596132223971215,0.4674158163342916,0.008988765698736377,,,,,5.267489711934156,-5.267489711934156,-1.399232497458763,-0.1749040621823454,"partial: caused turnovers only, relative to positional per-game average",,,,,deferred: no opportunity denominator; contexts not separable; overlaps faceoff value,1.6000313531352512,,deferred: goal value already credited to the shooter,0.4674158163342916,-1.399232497458763,0.0,0.0,-0.9318166811244715,-0.11647708514055893,-0.07167820624034396,shooting+turnover+defense
000231,Chris Cloutier,CHA,1,A,attack,offensive_field,9,40.0,39.0,1.0,31.0,13.0,13.0,0.0,13.0,218.0,19.0,14.0,0.0,0.0,0.0,0.0,0,0,0,0.0,6.0,81,0.0,12.028120130390093,0.9718798696099071,1.2791574976422524,-0.30727762803234504,0.024296996740247677,12.936575553188971,6.0634244468110285,-1.61066105409604,-0.0073883534591561465,,,,,1.1188524590163935,-1.1188524590163935,-0.2972069820982226,-0.03302299801091362,"partial: caused turnovers only, relative to positional per-game average",,,,,deferred: no opportunity denominator; contexts not separable; overlaps faceoff value,2.036403540353956,,deferred: goal value already credited to the shooter,-0.6387811844861329,-0.2972069820982226,0.0,0.0,-0.9359881665843555,-0.1039986851760395,-0.011555409464004388,shooting+turnover+defense
001417,Bryce Wasserman,CHA,1,A,attack,offensive_field,2,2.0,2.0,0.0,1.0,0.0,0.0,0.0,0.0,33.0,3.0,0.0,0.0,0.0,0.0,0.0,0,0,0,0.0,1.0,4,0.0,0.6010688462747563,-0.6010688462747563,-0.6010688462747563,0.0,-0.30053442313737816,1.9582889598864042,1.0417110401135958,-0.27671547928914725,-0.008385317554216584,,,,,0.24863387978142076,-0.24863387978142076,-0.06604599602182724,-0.03302299801091362,"partial: caused turnovers only, relative to positional per-game average",,,,,deferred: no opportunity denominator; contexts not separable; overlaps faceoff value,0.0,,deferred: goal value already credited to the shooter,-0.8777843255639035,-0.06604599602182724,0.0,0.0,-0.9438303215857308,-0.4719151607928654,-0.2359575803964327,shooting+turnover+defense
001818,Jake Carraway,ATL,1,A,attack,offensive_field,2,8.0,6.0,2.0,5.0,1.0,1.0,0.0,1.0,33.0,0.0,1.0,0.0,0.0,0.0,0.0,0,0,0,0.0,0.0,12,0.0,2.417761794888959,-1.4177617948889591,-0.8032065388242691,-0.6145552560646901,-0.1772202243611199,1.9582889598864042,-1.9582889598864042,0.5201911540291638,0.015763368303914057,,,,,0.24863387978142076,-0.24863387978142076,-0.06604599602182724,-0.03302299801091362,"partial: caused turnovers only, relative to positional per-game average",,,,,deferred: no opportunity denominator; contexts not separable; overlaps faceoff value,0.14545739573956828,,deferred: goal value already credited to the shooter,-0.8975706408597953,-0.06604599602182724,0.0,0.0,-0.9636166368816226,-0.4818083184408113,-0.08030138640680189,shooting+turnover+defense
001773,Nick Washuta,ARC,1,G,goalie,goalie,2,0.0,0.0,0.0,0.0,0.0,0.0,0.0,0.0,2.0,1.0,0.0,0.0,0.0,0.0,0.0,1,1,0,1.0,0.0,1,0.0,0.0,0.0,0.0,0.0,,0.05660377358490566,0.9433962264150944,-0.250599570225884,-0.125299785112942,,,,,0.7128712871287128,-0.7128712871287128,-0.1893639524716779,-0.09468197623583895,"partial: caused turnovers only, relative to positional per-game average",0.466796875,-0.533203125,-0.533203125,,deferred: no opportunity denominator; contexts not separable; overlaps faceoff value,0.0,,deferred: goal value already credited to the shooter,-0.250599570225884,-0.1893639524716779,0.0,-0.533203125,-0.9731666476975619,-0.48658332384878095,-0.9731666476975619,shooting+turnover+defense+goalie
000298,Justin Guterding,WHP,1,M,midfield,offensive_field,7,25.0,25.0,0.0,17.0,6.0,6.0,0.0,6.0,166.0,9.0,5.0,2.0,0.0,0.0,0.0,0,0,0,0.0,10.0,59,1.0,7.513360578434454,-1.5133605784344537,-1.5133605784344537,0.0,-0.06053442313737815,9.850786889125548,-0.8507868891255477,0.2259992384947998,0.001361441195751806,,,,,0.8702185792349727,1.1297814207650272,0.3001101028024787,0.042872871828925525,"partial: caused turnovers only, relative to positional per-game average",,,,,deferred: no opportunity denominator; contexts not separable; overlaps faceoff value,0.7272869786978414,,deferred: goal value already credited to the shooter,-1.287361339939654,0.3001101028024787,0.0,0.0,-0.9872512371371753,-0.1410358910195965,-0.016733071815884328,shooting+turnover+defense
002040,Jackson Reid,WHP,1,A,attack,offensive_field,5,16.0,16.0,0.0,8.0,4.0,4.0,0.0,4.0,61.0,3.0,2.0,0.0,1.0,0.0,0.0,0,0,0,0.0,0.0,24,0.0,4.8085507701980506,-0.8085507701980506,-0.8085507701980506,0.0,-0.05053442313737816,3.619867471305171,-0.6198674713051711,0.16465883322044622,0.0026993251347614136,0.4974979149291076,-0.4974979149291076,-0.18004257957422365,-0.18004257957422365,0.6215846994535519,-0.6215846994535519,-0.1651149900545681,-0.033022998010913615,"partial: caused turnovers only, relative to positional per-game average",,,,,deferred: no opportunity denominator; contexts not separable; overlaps faceoff value,0.29091479147913657,,deferred: goal value already credited to the shooter,-0.6438919369776044,-0.1651149900545681,-0.18004257957422365,0.0,-0.9890495066063961,-0.19780990132127924,-0.04121039610859984,shooting+turnover+defense+faceoff
001763,Alex Woodall,CAN,1,FO,faceoff,faceoff,4,0.0,0.0,0.0,0.0,0.0,0.0,0.0,0.0,12.0,2.0,12.0,0.0,50.0,23.0,0.0,0,0,0,0.0,1.0,75,0.0,0.0,0.0,0.0,0.0,,1.2181818181818183,0.7818181818181817,-0.20767869837992348,-0.017306558198326955,24.87489574645538,-1.8748957464553797,-0.6785175505161019,-0.013570351010322036,0.5473684210526316,-0.5473684210526316,-0.1454005085352708,-0.0363501271338177,"partial: caused turnovers only, relative to positional per-game average",,,,,deferred: no opportunity denominator; contexts not separable; overlaps faceoff value,1.7454887488748194,,deferred: goal value already credited to the shooter,-0.20767869837992348,-0.1454005085352708,-0.6785175505161019,0.0,-1.031596757431296,-0.257899189357824,-0.013754623432417281,shooting+turnover+defense+faceoff
002056,Matt Rahill,CAN,1,D,defense,defensive_field,5,1.0,0.0,1.0,1.0,0.0,0.0,0.0,0.0,27.0,2.0,9.0,1.0,0.0,0.0,0.0,0,0,0,0.0,0.0,15,1.0,0.30727762803234504,-0.30727762803234504,0.0,-0.30727762803234504,-0.30727762803234504,1.4328760962446594,0.5671239037553406,-0.15064826693866878,-0.005579565442172918,,,,,3.292181069958848,-2.292181069958848,-0.6088847664722898,-0.12177695329445797,"partial: caused turnovers only, relative to positional per-game average",,,,,deferred: no opportunity denominator; contexts not separable; overlaps faceoff value,1.3091165616561145,,deferred: goal value already credited to the shooter,-0.4579258949710138,-0.6088847664722898,0.0,0.0,-1.0668106614433037,-0.21336213228866074,-0.07112071076288691,shooting+turnover+defense
000333,Sergio Perkovic,RED,1,M,midfield,offensive_field,10,44.0,31.0,13.0,25.0,8.0,6.0,2.0,10.0,206.0,7.0,7.0,4.0,0.0,0.0,0.0,0,0,0,0.0,1.0,69,3.0,13.31117628167921,-3.3111762816792094,-3.3165671172587228,0.005390835579514253,-0.07525400640180022,12.224470476866644,-5.224470476866644,1.3878050595302363,0.006736917764709885,,,,,1.2431693989071038,2.7568306010928962,0.732312197648612,0.0732312197648612,"partial: caused turnovers only, relative to positional per-game average",,,,,deferred: no opportunity denominator; contexts not separable; overlaps faceoff value,1.018201770176978,,deferred: goal value already credited to the shooter,-1.9233712221489732,0.732312197648612,0.0,0.0,-1.1910590245003612,-0.11910590245003612,-0.017261724992758857,shooting+turnover+defense
000246,Ryan Brown,WAT,1,A,attack,offensive_field,8,43.0,41.0,2.0,27.0,10.0,9.0,1.0,11.0,80.0,2.0,3.0,1.0,0.0,0.0,0.0,0,0,0,0.0,0.0,48,2.0,12.936466604697195,-1.9364666046971948,-3.3219113486325043,1.38544474393531,-0.045034107085981274,4.747367175482192,-2.747367175482192,0.7297983754342504,0.00912247969292813,,,,,0.994535519125683,0.005464480874316946,0.001451560352128073,0.00018144504401600912,"partial: caused turnovers only, relative to positional per-game average",,,,,deferred: no opportunity denominator; contexts not separable; overlaps faceoff value,0.43637218721870485,,deferred: goal value already credited to the shooter,-1.2066682292629443,0.001451560352128073,0.0,0.0,-1.2052166689108161,-0.15065208361385202,-0.02510868060230867,shooting+turnover+defense
000700,Tommy Palasek,CHA,1,A,attack,offensive_field,2,3.0,3.0,0.0,2.0,0.0,0.0,0.0,0.0,52.0,4.0,1.0,0.0,0.0,0.0,0.0,0,0,0,0.0,2.0,8,0.0,0.9016032694121345,-0.9016032694121345,-0.9016032694121345,0.0,-0.30053442313737816,3.0857886640634247,0.9142113359365753,-0.24284702595421725,-0.004670135114504178,,,,,0.24863387978142076,-0.24863387978142076,-0.06604599602182724,-0.03302299801091362,"partial: caused turnovers only, relative to positional per-game average",,,,,deferred: no opportunity denominator; contexts not separable; overlaps faceoff value,0.14545739573956828,,deferred: goal value already credited to the shooter,-1.1444502953663518,-0.06604599602182724,0.0,0.0,-1.210496291388179,-0.6052481456940895,-0.15131203642352237,shooting+turnover+defense
001662,Andrew Kew,CHA,1,A,attack,offensive_field,1,4.0,3.0,1.0,0.0,0.0,0.0,0.0,0.0,15.0,1.0,2.0,0.0,0.0,0.0,0.0,0,0,0,0.0,0.0,7,0.0,1.2088808974444796,-1.2088808974444796,-0.9016032694121345,-0.30727762803234504,-0.3022202243611199,0.890131345402911,0.10986865459708905,-0.02918501988072621,-0.001945667992048414,,,,,0.12431693989071038,-0.12431693989071038,-0.03302299801091362,-0.03302299801091362,"partial: caused turnovers only, relative to positional per-game average",,,,,deferred: no opportunity denominator; contexts not separable; overlaps faceoff value,0.29091479147913657,,deferred: goal value already credited to the shooter,-1.2380659173252058,-0.03302299801091362,0.0,0.0,-1.2710889153361193,-1.2710889153361193,-0.18158413076230276,shooting+turnover+defense
000434,Matt Abbott,CAN,1,SSDM,defensive_midfield,defensive_field,5,3.0,2.0,1.0,1.0,0.0,0.0,0.0,0.0,32.0,1.0,9.0,1.0,0.0,0.0,0.0,0,0,0,0.0,0.0,18,1.0,0.9083464743071014,-0.9083464743071014,-0.6010688462747563,-0.30727762803234504,-0.30278215810236714,1.6982235214751518,-0.6982235214751518,0.1854729852674729,0.0057960307896085285,,,,,3.292181069958848,-2.292181069958848,-0.6088847664722898,-0.12177695329445797,"partial: caused turnovers only, relative to positional per-game average",,,,,deferred: no opportunity denominator; contexts not separable; overlaps faceoff value,1.3091165616561145,,deferred: goal value already credited to the shooter,-0.7228734890396284,-0.6088847664722898,0.0,0.0,-1.3317582555119183,-0.2663516511023837,-0.07398656975066213,shooting+turnover+defense
000391,Grant Ament,ARC,1,A,attack,offensive_field,7,28.0,25.0,3.0,19.0,5.0,4.0,1.0,6.0,268.0,11.0,7.0,0.0,0.0,0.0,0.0,0,0,0,0.0,13.0,80,0.0,8.435193462531489,-2.4351934625314886,-3.5133605784344537,1.0781671159029649,-0.0869711950904103,15.903680037865342,-4.9036800378653425,1.3025917166151595,0.00486041685304164,,,,,0.8702185792349727,-0.8702185792349727,-0.23116098607639535,-0.03302299801091362,"partial: caused turnovers only, relative to positional per-game average",,,,,deferred: no opportunity denominator; contexts not separable; overlaps faceoff value,1.018201770176978,,deferred: goal value already credited to the shooter,-1.1326017459163291,-0.23116098607639535,0.0,0.0,-1.3637627319927246,-0.19482324742753207,-0.017047034149909056,shooting+turnover+defense
002022,Zach Geddes,CHA,1,SSDM,defensive_midfield,defensive_field,6,2.0,1.0,1.0,2.0,0.0,0.0,0.0,0.0,39.0,2.0,8.0,1.0,0.0,0.0,0.0,0,0,0,0.0,0.0,13,0.0,0.6078120511697231,-0.6078120511697231,-0.30053442313737816,-0.30727762803234504,-0.30390602558486157,2.069709916797841,-0.06970991679784122,0.01851743170142241,0.0004748059410621131,,,,,3.950617283950617,-2.950617283950617,-0.7837888286546352,-0.1306314714424392,"partial: caused turnovers only, relative to positional per-game average",,,,,deferred: no opportunity denominator; contexts not separable; overlaps faceoff value,1.1636591659165463,,deferred: goal value already credited to the shooter,-0.5892946194683008,-0.7837888286546352,0.0,0.0,-1.373083448122936,-0.22884724135382264,-0.1056218037017643,shooting+turnover+defense
002017,Arden Cohen,RED,1,D,defense,defensive_field,11,0.0,0.0,0.0,0.0,0.0,0.0,0.0,0.0,38.0,4.0,18.0,4.0,0.0,0.0,0.0,0,0,0,0.0,0.0,23,1.0,0.0,0.0,0.0,0.0,,2.0166404317517426,1.9833595682482574,-0.5268507987307927,-0.013864494703441912,,,,,7.242798353909465,-3.242798353909465,-0.8614025062480509,-0.07830931874982282,"partial: caused turnovers only, relative to positional per-game average",,,,,deferred: no opportunity denominator; contexts not separable; overlaps faceoff value,2.618233123312229,,deferred: goal value already credited to the shooter,-0.5268507987307927,-0.8614025062480509,0.0,0.0,-1.3882533049788437,-0.1262048459071676,-0.060358839346906244,shooting+turnover+defense
002055,Jakob Phaup,ATL,1,FO,faceoff,faceoff,1,0.0,0.0,0.0,0.0,0.0,0.0,0.0,0.0,5.0,1.0,5.0,0.0,29.0,11.0,0.0,0,0,0,0.0,0.0,39,0.0,0.0,0.0,0.0,0.0,,0.5075757575757576,0.49242424242424243,-0.13080538173154097,-0.026161076346308192,14.42743953294412,-3.4274395329441205,-1.2403771680809257,-0.04277162648554916,0.1368421052631579,-0.1368421052631579,-0.0363501271338177,-0.0363501271338177,"partial: caused turnovers only, relative to positional per-game average",,,,,deferred: no opportunity denominator; contexts not separable; overlaps faceoff value,0.7272869786978414,,deferred: goal value already credited to the shooter,-0.13080538173154097,-0.0363501271338177,-1.2403771680809257,0.0,-1.4075326769462844,-1.4075326769462844,-0.036090581460161135,shooting+turnover+defense+faceoff
000922,Graeme Hossack,ARC,1,D,defense,defensive_field,12,3.0,1.0,2.0,3.0,0.0,0.0,0.0,0.0,89.0,3.0,43.0,17.0,33.0,7.0,0.0,0,0,0,0.0,0.0,98,5.0,0.9150896792020682,-0.9150896792020682,-0.30053442313737816,-0.6145552560646901,-0.30502989306735606,4.723184169102766,-1.7231841691027663,0.45773896492903227,0.005143134437404857,16.41743119266055,-9.417431192660551,-3.4081320825856602,-0.10327672977532304,7.901234567901234,9.098765432098766,2.4169555092822854,0.2014129591068571,"partial: caused turnovers only, relative to positional per-game average",,,,,deferred: no opportunity denominator; contexts not separable; overlaps faceoff value,6.254668016801436,,deferred: goal value already credited to the shooter,-0.4573507142730359,2.4169555092822854,-3.4081320825856602,0.0,-1.4485272875764108,-0.12071060729803423,-0.014780890689555213,shooting+turnover+defense+faceoff
002001,Kevin Rogers,CHR,1,M,midfield,offensive_field,5,11.0,10.0,1.0,5.0,1.0,1.0,0.0,1.0,74.0,2.0,5.0,1.0,0.0,0.0,0.0,0,0,0,0.0,3.0,26,0.0,3.3126218594061267,-2.3126218594061267,-2.0053442313737815,-0.30727762803234504,-0.21023835085510242,4.3913146373210274,-2.3913146373210274,0.635218165610766,0.008584029265010352,,,,,0.6215846994535519,0.3784153005464481,0.10052055438486894,0.020104110876973787,"partial: caused turnovers only, relative to positional per-game average",,,,,deferred: no opportunity denominator; contexts not separable; overlaps faceoff value,0.7272869786978414,,deferred: goal value already credited to the shooter,-1.6774036937953607,0.10052055438486894,0.0,0.0,-1.5768831394104919,-0.31537662788209836,-0.060649351515788145,shooting+turnover+defense
000424,Jake Pulver,CAN,1,D,defense,defensive_field,10,5.0,2.0,3.0,3.0,1.0,1.0,0.0,1.0,57.0,9.0,14.0,14.0,8.0,0.0,0.0,0,0,0,0.0,0.0,31,0.0,1.5229017303717916,-0.5229017303717916,0.3989311537252437,-0.9218328840970351,-0.10458034607435832,3.0249606476276143,5.975039352372386,-1.5871828314145,-0.027845312831833332,3.979983319432861,-3.979983319432861,-1.4403406365937892,-0.18004257957422365,6.584362139917696,7.415637860082304,1.9698570003286648,0.19698570003286647,"partial: caused turnovers only, relative to positional per-game average",,,,,deferred: no opportunity denominator; contexts not separable; overlaps faceoff value,2.036403540353956,,deferred: goal value already credited to the shooter,-2.110084561786292,1.9698570003286648,-1.4403406365937892,0.0,-1.5805681980514161,-0.1580568198051416,-0.05098607090488439,shooting+turnover+defense+faceoff
000217,Mark McNeill,ARC,1,SSDM,defensive_midfield,defensive_field,11,0.0,0.0,0.0,0.0,0.0,0.0,0.0,0.0,41.0,3.0,9.0,2.0,0.0,0.0,0.0,0,0,0,0.0,1.0,15,1.0,0.0,0.0,0.0,0.0,,2.175848886890038,0.8241511131099619,-0.2189238296313328,-0.005339605600764215,,,,,7.242798353909465,-5.242798353909465,-1.3926735951269251,-0.1266066904660841,"partial: caused turnovers only, relative to positional per-game average",,,,,deferred: no opportunity denominator; contexts not separable; overlaps faceoff value,1.3091165616561145,,deferred: goal value already credited to the shooter,-0.2189238296313328,-1.3926735951269251,0.0,0.0,-1.6115974247582578,-0.14650885679620526,-0.10743982831721718,shooting+turnover+defense
002038,Colin Kirst,CAN,1,G,goalie,goalie,2,0.0,0.0,0.0,0.0,0.0,0.0,0.0,0.0,13.0,0.0,1.0,0.0,0.0,0.0,9.0,20,18,2,11.0,0.0,45,0.0,0.0,0.0,0.0,0.0,,0.3679245283018868,-0.3679245283018868,0.09773383238809477,0.007517987106776521,,,,,0.7128712871287128,-0.7128712871287128,-0.1893639524716779,-0.09468197623583895,"partial: caused turnovers only, relative to positional per-game average",9.467764310747663,-1.532235689252337,-0.07661178446261685,,deferred: no opportunity denominator; contexts not separable; overlaps faceoff value,0.14545739573956828,,deferred: goal value already credited to the shooter,0.09773383238809477,-0.1893639524716779,0.0,-1.532235689252337,-1.6238658093359202,-0.8119329046679601,-0.03608590687413156,shooting+turnover+defense+goalie
001657,Brendan Bomberry,CAN,1,A,attack,offensive_field,3,8.0,8.0,0.0,3.0,1.0,1.0,0.0,1.0,26.0,2.0,1.0,0.0,0.0,0.0,0.0,0,0,0,0.0,0.0,9,0.0,2.4042753850990253,-1.4042753850990253,-1.4042753850990253,0.0,-0.17553442313737816,1.5428943320317123,0.45710566796828767,-0.12142351297710863,-0.004670135114504178,,,,,0.3729508196721312,-0.3729508196721312,-0.09906899403274087,-0.03302299801091362,"partial: caused turnovers only, relative to positional per-game average",,,,,deferred: no opportunity denominator; contexts not separable; overlaps faceoff value,0.14545739573956828,,deferred: goal value already credited to the shooter,-1.525698898076134,-0.09906899403274087,0.0,0.0,-1.6247678921088748,-0.5415892973696249,-0.18052976578987498,shooting+turnover+defense
000256,Austin Staats,CHA,1,UNK,unknown,unknown,2,8.0,8.0,0.0,5.0,1.0,1.0,0.0,1.0,40.0,7.0,0.0,0.0,0.0,0.0,0.0,0,0,0,0.0,2.0,13,0.0,2.4042753850990253,-1.4042753850990253,-1.4042753850990253,0.0,-0.17553442313737816,6.086956521739131,0.9130434782608692,-0.2425368014447033,-0.006063420036117583,,,,,0.0,0.0,0.0,0.0,"partial: caused turnovers only, relative to positional per-game average",,,,,deferred: no opportunity denominator; contexts not separable; overlaps faceoff value,0.0,,deferred: goal value already credited to the shooter,-1.6468121865437286,0.0,0.0,0.0,-1.6468121865437286,-0.8234060932718643,-0.12667786050336374,shooting+turnover+defense
001729,Chris Aslanian,CAN,2,M,midfield,offensive_field,5,20.0,16.0,4.0,12.0,4.0,4.0,0.0,4.0,101.0,4.0,6.0,0.0,0.0,0.0,0.0,0,0,0,0.0,5.0,37,0.0,6.037661282327431,-2.0376612823274307,-0.8085507701980506,-1.2291105121293802,-0.10188306411637153,5.993551059046267,-1.9935510590462666,0.5295580209375713,0.005243148722154171,,,,,0.6215846994535519,-0.6215846994535519,-0.1651149900545681,-0.033022998010913615,"partial: caused turnovers only, relative to positional per-game average",,,,,deferred: no opportunity denominator; contexts not separable; overlaps faceoff value,0.8727443744374097,,deferred: goal value already credited to the shooter,-1.5081032613898593,-0.1651149900545681,0.0,0.0,-1.6732182514444274,-0.3346436502888855,-0.045222114903903446,shooting+turnover+defense
000280,Thomas Kelly,CHA,1,FO,faceoff,faceoff,5,1.0,1.0,0.0,1.0,1.0,1.0,0.0,1.0,18.0,3.0,23.0,0.0,115.0,52.0,0.0,0,0,0,0.0,0.0,161,0.0,0.30053442313737816,0.6994655768626219,0.6994655768626219,0.0,0.6994655768626219,1.8272727272727274,1.1727272727272726,-0.3115180475698852,-0.017306558198326955,57.212260216847376,-5.212260216847376,-1.8862969003337993,-0.01640258174203304,0.6842105263157895,-0.6842105263157895,-0.1817506356690885,-0.0363501271338177,"partial: caused turnovers only, relative to positional per-game average",,,,,deferred: no opportunity denominator; contexts not separable; overlaps faceoff value,3.3455201020100707,,deferred: goal value already credited to the shooter,0.3879475292927367,-0.1817506356690885,-1.8862969003337993,0.0,-1.680100006710151,-0.3360200013420302,-0.010435403768386031,shooting+turnover+defense+faceoff
000278,Myles Jones,RED,1,M,midfield,offensive_field,11,59.0,44.0,15.0,30.0,13.0,10.0,3.0,16.0,249.0,14.0,8.0,1.0,0.0,0.0,0.0,0,0,0,0.0,7.0,100,2.0,17.832679038529815,-1.8326790385298146,-3.2235146180446392,1.3908355795148246,-0.031062356585251097,14.776180333688322,-0.7761803336883215,0.2061810855224812,0.0008280364880420933,,,,,1.3674863387978142,-0.3674863387978142,-0.09761743368061279,-0.008874312152782981,"partial: caused turnovers only, relative to positional per-game average",,,,,deferred: no opportunity denominator; contexts not separable; overlaps faceoff value,1.1636591659165463,,deferred: goal value already credited to the shooter,-1.6264979530073334,-0.09761743368061279,0.0,0.0,-1.7241153866879462,-0.15673776242617693,-0.017241153866879463,shooting+turnover+defense
000272,Josh Byrne,CHA,1,A,attack,offensive_field,10,77.0,76.0,1.0,44.0,21.0,21.0,0.0,21.0,315.0,18.0,14.0,2.0,0.0,0.0,0.0,0,0,0,0.0,9.0,128,3.0,23.147893786473084,-2.147893786473084,-1.8406161584407386,-0.30727762803234504,-0.02789472449965044,18.69275825346113,-0.692758253461129,0.18402121582306052,0.0005841943359462239,,,,,1.2431693989071038,0.7568306010928962,0.20104110876973788,0.020104110876973787,"partial: caused turnovers only, relative to positional per-game average",,,,,deferred: no opportunity denominator; contexts not separable; overlaps faceoff value,2.036403540353956,,deferred: goal value already credited to the shooter,-1.9638725706500233,0.20104110876973788,0.0,0.0,-1.7628314618802854,-0.17628314618802854,-0.01377212079593973,shooting+turnover+defense
000823,Mark Cockerton,CAN,1,A,attack,offensive_field,3,26.0,26.0,0.0,12.0,6.0,6.0,0.0,6.0,59.0,3.0,0.0,0.0,0.0,0.0,0.0,0,0,0,0.0,0.0,27,0.0,7.813895001571832,-1.813895001571832,-1.813895001571832,0.0,-0.06976519236814739,3.5011832919181165,-0.5011832919181165,0.13313209661261818,0.0022564762137731896,,,,,0.3729508196721312,-0.3729508196721312,-0.09906899403274087,-0.03302299801091362,"partial: caused turnovers only, relative to positional per-game average",,,,,deferred: no opportunity denominator; contexts not separable; overlaps faceoff value,0.0,,deferred: goal value already credited to the shooter,-1.6807629049592139,-0.09906899403274087,0.0,0.0,-1.7798318989919548,-0.5932772996639849,-0.06591969996266499,shooting+turnover+defense
001825,Peter Dearth,ATL,1,SSDM,defensive_midfield,defensive_field,10,5.0,5.0,0.0,4.0,1.0,1.0,0.0,1.0,46.0,5.0,10.0,4.0,0.0,0.0,0.0,0,0,0,0.0,2.0,25,2.0,1.5026721156868907,-0.5026721156868907,-0.5026721156868907,0.0,-0.10053442313737815,2.4411963121205305,2.5588036878794695,-0.6797092107435022,-0.014776287190076134,,,,,6.584362139917696,-2.5843621399176957,-0.6864984440657057,-0.06864984440657057,"partial: caused turnovers only, relative to positional per-game average",,,,,deferred: no opportunity denominator; contexts not separable; overlaps faceoff value,1.4545739573956828,,deferred: goal value already credited to the shooter,-1.1823813264303928,-0.6864984440657057,0.0,0.0,-1.8688797704960987,-0.18688797704960985,-0.07475519081984394,shooting+turnover+defense
000390,Brad Smith,WHP,1,M,midfield,offensive_field,11,61.0,56.0,5.0,41.0,15.0,14.0,1.0,16.0,262.0,14.0,12.0,1.0,0.0,0.0,0.0,0,0,0,0.0,9.0,108,0.0,18.366315835854902,-2.366315835854902,-2.8299276956931756,0.4636118598382748,-0.03879206288286725,15.547627499704177,-1.547627499704177,0.4111048734733638,0.0015691025705090221,,,,,1.3674863387978142,-0.3674863387978142,-0.09761743368061279,-0.008874312152782981,"partial: caused turnovers only, relative to positional per-game average",,,,,deferred: no opportunity denominator; contexts not separable; overlaps faceoff value,1.7454887488748194,,deferred: goal value already credited to the shooter,-1.9552109623815381,-0.09761743368061279,0.0,0.0,-2.052828396062151,-0.18662076327837737,-0.019007670333908804,shooting+turnover+defense
002047,Frankie Labetti,ARC,1,FO,faceoff,faceoff,2,3.0,3.0,0.0,1.0,1.0,1.0,0.0,1.0,8.0,1.0,9.0,1.0,51.0,19.0,0.0,0,0,0,0.0,0.0,75,1.0,0.9016032694121345,0.09839673058786547,0.09839673058786547,0.0,0.032798910195955155,0.8121212121212121,0.18787878787878787,-0.04990728410680332,-0.006238410513350415,25.37239366138449,-6.372393661384489,-2.3061447262981662,-0.04521852404506208,0.2736842105263158,0.7263157894736842,0.19293529017180167,0.09646764508590083,"partial: caused turnovers only, relative to positional per-game average",,,,,deferred: no opportunity denominator; contexts not separable; overlaps faceoff value,1.3091165616561145,,deferred: goal value already credited to the shooter,0.04848944648106215,0.19293529017180167,-2.3061447262981662,0.0,-2.0647199896453023,-1.0323599948226512,-0.027529599861937364,shooting+turnover+defense+faceoff
001831,Colin Squires,WHP,1,LSM,long_stick_midfield,defensive_field,11,0.0,0.0,0.0,0.0,0.0,0.0,0.0,0.0,32.0,3.0,23.0,6.0,12.0,2.0,0.0,0,0,0,0.0,0.0,42,0.0,0.0,0.0,0.0,0.0,,1.6982235214751518,1.3017764785248482,-0.3457981036114012,-0.010806190737856287,5.969974979149291,-3.969974979149291,-1.4367186567867636,-0.1197265547322303,7.242798353909465,-1.242798353909465,-0.3301314173691769,-0.030011947033561536,"partial: caused turnovers only, relative to positional per-game average",,,,,deferred: no opportunity denominator; contexts not separable; overlaps faceoff value,3.3455201020100707,,deferred: goal value already credited to the shooter,-0.3457981036114012,-0.3301314173691769,-1.4367186567867636,0.0,-2.1126481777673414,-0.1920589252515765,-0.05030114708969861,shooting+turnover+defense+faceoff
001793,Chase Fraser,CHA,1,A,attack,offensive_field,10,49.0,49.0,0.0,29.0,14.0,14.0,0.0,14.0,270.0,24.0,16.0,4.0,0.0,0.0,0.0,0,0,0,0.0,1.0,79,3.0,14.726186733731529,-0.7261867337315291,-0.7261867337315291,0.0,-0.01482013742309243,16.022364217252395,7.977635782747605,-2.1191436244896944,-0.007848680090702572,,,,,1.2431693989071038,2.7568306010928962,0.732312197648612,0.0732312197648612,"partial: caused turnovers only, relative to positional per-game average",,,,,deferred: no opportunity denominator; contexts not separable; overlaps faceoff value,2.3273183318330926,,deferred: goal value already credited to the shooter,-2.8453303582212235,0.732312197648612,0.0,0.0,-2.1130181605726115,-0.21130181605726114,-0.026747065323703943,shooting+turnover+defense
000946,Bryan Cole,WHP,1,M,midfield,offensive_field,9,27.0,27.0,0.0,15.0,6.0,6.0,0.0,6.0,199.0,11.0,6.0,0.0,0.0,0.0,0.0,0,0,0,0.0,7.0,57,1.0,8.11442942470921,-2.1144294247092095,-2.1144294247092095,0.0,-0.07831220091515591,11.809075849011952,-0.8090758490119523,0.2149193036450897,0.001079996500729094,,,,,1.1188524590163935,-1.1188524590163935,-0.2972069820982226,-0.03302299801091362,"partial: caused turnovers only, relative to positional per-game average",,,,,deferred: no opportunity denominator; contexts not separable; overlaps faceoff value,0.8727443744374097,,deferred: goal value already credited to the shooter,-1.8995101210641199,-0.2972069820982226,0.0,0.0,-2.1967171031623423,-0.24407967812914913,-0.03853889654670776,shooting+turnover+defense
001846,Adam Charalambides,CAN,1,A,attack,offensive_field,3,17.0,17.0,0.0,11.0,3.0,3.0,0.0,3.0,62.0,4.0,4.0,0.0,0.0,0.0,0.0,0,0,0,0.0,0.0,24,0.0,5.109085193335429,-2.109085193335429,-2.109085193335429,0.0,-0.12406383490208406,3.6792095609986983,0.32079043900130166,-0.08521334291507679,-0.0013744087566947868,,,,,0.3729508196721312,-0.3729508196721312,-0.09906899403274087,-0.03302299801091362,"partial: caused turnovers only, relative to positional per-game average",,,,,deferred: no opportunity denominator; contexts not separable; overlaps faceoff value,0.5818295829582731,,deferred: goal value already credited to the shooter,-2.1942985362505056,-0.09906899403274087,0.0,0.0,-2.2933675302832466,-0.7644558434277489,-0.09555698042846861,shooting+turnover+defense
002029,Wheaton Jackoboice,WHP,1,M,midfield,offensive_field,7,11.0,10.0,1.0,2.0,1.0,1.0,0.0,1.0,64.0,3.0,2.0,0.0,0.0,0.0,0.0,0,0,0,0.0,0.0,26,0.0,3.3126218594061267,-2.3126218594061267,-2.0053442313737815,-0.30727762803234504,-0.21023835085510242,3.7978937403857533,-0.7978937403857533,0.21194893813218843,0.0033117021583154442,,,,,0.8702185792349727,-0.8702185792349727,-0.23116098607639535,-0.03302299801091362,"partial: caused turnovers only, relative to positional per-game average",,,,,deferred: no opportunity denominator; contexts not separable; overlaps faceoff value,0.29091479147913657,,deferred: goal value already credited to the shooter,-2.1006729212739383,-0.23116098607639535,0.0,0.0,-2.3318339073503336,-0.3331191296214762,-0.08968591951347436,shooting+turnover+defense
000322,John Sexton,RED,1,LSM,long_stick_midfield,defensive_field,8,3.0,0.0,3.0,2.0,0.0,0.0,0.0,0.0,27.0,4.0,10.0,3.0,1.0,0.0,0.0,0,0,0,0.0,1.0,22,0.0,0.9218328840970351,-0.9218328840970351,0.0,-0.9218328840970351,-0.30727762803234504,1.4328760962446594,2.5671239037553404,-0.6819193558175428,-0.025256272437686772,0.4974979149291076,-0.4974979149291076,-0.18004257957422365,-0.18004257957422365,5.267489711934156,-2.2674897119341564,-0.6023258641404519,-0.07529073301755648,"partial: caused turnovers only, relative to positional per-game average",,,,,deferred: no opportunity denominator; contexts not separable; overlaps faceoff value,1.4545739573956828,,deferred: goal value already credited to the shooter,-1.603752239914578,-0.6023258641404519,-0.18004257957422365,0.0,-2.3861206836292537,-0.2982650854536567,-0.10846003107405698,shooting+turnover+defense+faceoff
002064,Joe Robertson,RED,1,A,attack,offensive_field,4,9.0,9.0,0.0,6.0,1.0,1.0,0.0,1.0,27.0,4.0,2.0,0.0,0.0,0.0,0.0,0,0,0,0.0,1.0,12,0.0,2.7048098082364036,-1.7048098082364036,-1.7048098082364036,0.0,-0.18942331202626705,1.6022364217252396,2.3977635782747604,-0.6369312335520687,-0.023590045687113655,,,,,0.4972677595628415,-0.4972677595628415,-0.1320919920436545,-0.03302299801091362,"partial: caused turnovers only, relative to positional per-game average",,,,,deferred: no opportunity denominator; contexts not separable; overlaps faceoff value,0.29091479147913657,,deferred: goal value already credited to the shooter,-2.341741041788472,-0.1320919920436545,0.0,0.0,-2.4738330338321264,-0.6184582584580316,-0.20615275281934387,shooting+turnover+defense
000419,Zed Williams,WHP,1,A,attack,offensive_field,8,54.0,53.0,1.0,33.0,15.0,15.0,0.0,15.0,238.0,18.0,18.0,0.0,0.0,0.0,0.0,0,0,0,0.0,8.0,105,1.0,16.235602054313386,-1.2356020543133859,-0.9283244262810424,-0.30727762803234504,-0.02288151952432196,14.12341734705952,3.8765826529404794,-1.0297581435783214,-0.004326714888984544,,,,,0.994535519125683,-0.994535519125683,-0.264183984087309,-0.03302299801091362,"partial: caused turnovers only, relative to positional per-game average",,,,,deferred: no opportunity denominator; contexts not separable; overlaps faceoff value,2.618233123312229,,deferred: goal value already credited to the shooter,-2.2653601978917073,-0.264183984087309,0.0,0.0,-2.5295441819790163,-0.31619302274737704,-0.024090896971228726,shooting+turnover+defense
002023,Brendan Nichtern,CHR,1,A,attack,offensive_field,11,60.0,58.0,2.0,39.0,16.0,16.0,0.0,16.0,522.0,35.0,12.0,3.0,0.0,0.0,0.0,0,0,0,0.0,24.0,135,0.0,18.045551798032623,-2.0455517980326228,-1.4309965419679322,-0.6145552560646901,-0.03409252996721038,30.9765708200213,4.023429179978699,-1.0687658007371594,-0.002047444062714865,,,,,1.3674863387978142,1.6325136612021858,0.43365365519826127,0.039423059563478295,"partial: caused turnovers only, relative to positional per-game average",,,,,deferred: no opportunity denominator; contexts not separable; overlaps faceoff value,1.7454887488748194,,deferred: goal value already credited to the shooter,-3.114317598769782,0.43365365519826127,0.0,0.0,-2.6806639435715205,-0.2436967221428655,-0.01985676995238163,shooting+turnover+defense
002027,Brendan Curry,ATL,1,M,midfield,offensive_field,3,12.0,12.0,0.0,7.0,1.0,1.0,0.0,1.0,35.0,2.0,1.0,0.0,0.0,0.0,0.0,0,0,0,0.0,0.0,14,0.0,3.606413077648538,-2.606413077648538,-2.606413077648538,0.0,-0.21720108980404484,2.0769731392734587,-0.07697313927345872,0.020446801758117823,0.0005841943359462235,,,,,0.3729508196721312,-0.3729508196721312,-0.09906899403274087,-0.03302299801091362,"partial: caused turnovers only, relative to positional per-game average",,,,,deferred: no opportunity denominator; contexts not separable; overlaps faceoff value,0.14545739573956828,,deferred: goal value already credited to the shooter,-2.5859662758904203,-0.09906899403274087,0.0,0.0,-2.685035269923161,-0.8950117566410537,-0.19178823356594007,shooting+turnover+defense
001746,Daniel Bucaro,ATL,1,M,midfield,offensive_field,10,36.0,36.0,0.0,20.0,9.0,9.0,0.0,9.0,117.0,10.0,5.0,1.0,0.0,0.0,0.0,0,0,0,0.0,3.0,50,0.0,10.819239232945614,-1.8192392329456144,-1.8192392329456144,0.0,-0.05053442313737818,6.943024494142706,3.0569755058572943,-0.8120413528364259,-0.0069405243832173155,,,,,1.2431693989071038,-0.24316939890710376,-0.06459443566969915,-0.006459443566969915,"partial: caused turnovers only, relative to positional per-game average",,,,,deferred: no opportunity denominator; contexts not separable; overlaps faceoff value,0.7272869786978414,,deferred: goal value already credited to the shooter,-2.63128058578204,-0.06459443566969915,0.0,0.0,-2.695875021451739,-0.2695875021451739,-0.05391750042903478,shooting+turnover+defense
001001,Dylan Molloy,CHR,1,A,attack,offensive_field,11,58.0,57.0,1.0,40.0,14.0,14.0,0.0,14.0,372.0,20.0,16.0,2.0,0.0,0.0,0.0,0,0,0,0.0,11.0,106,0.0,17.4377397468629,-3.437739746862899,-3.130462118830554,-0.30727762803234504,-0.05927137494591205,22.07525736599219,-2.07525736599219,0.5512621202672875,0.0014818874200733536,,,,,1.3674863387978142,0.6325136612021858,0.16801811075882425,0.01527437370534766,"partial: caused turnovers only, relative to positional per-game average",,,,,deferred: no opportunity denominator; contexts not separable; overlaps faceoff value,2.3273183318330926,,deferred: goal value already credited to the shooter,-2.8864776265956116,0.16801811075882425,0.0,0.0,-2.7184595158367872,-0.24713268325788976,-0.025645844489026296,shooting+turnover+defense
000241,Jack Concannon,ATL,1,G,goalie,goalie,11,0.0,0.0,0.0,0.0,0.0,0.0,0.0,0.0,102.0,6.0,21.0,2.0,0.0,0.0,130.0,263,236,27,126.0,0.0,424,1.0,0.0,0.0,0.0,0.0,,2.8867924528301887,3.1132075471698113,-0.8269785817454172,-0.008107633154366835,,,,,3.9207920792079207,-1.9207920792079207,-0.5102306497153543,-0.04638460451957766,"partial: caused turnovers only, relative to positional per-game average",124.54724007009345,-1.4527599299065486,-0.0055238020148537965,,deferred: no opportunity denominator; contexts not separable; overlaps faceoff value,3.054605310530934,,deferred: goal value already credited to the shooter,-0.8269785817454172,-0.5102306497153543,0.0,-1.4527599299065486,-2.78996916136732,-0.2536335601243018,-0.006580115946621038,shooting+turnover+defense+goalie
001833,Stephen Rehfuss,CAN,1,M,midfield,offensive_field,10,29.0,29.0,0.0,17.0,6.0,6.0,0.0,6.0,277.0,16.0,9.0,0.0,0.0,0.0,0.0,0,0,0,0.0,8.0,81,0.0,8.715498270983966,-2.715498270983966,-2.715498270983966,0.0,-0.09363787141324022,16.437758845107087,-0.43775884510708707,0.11628430915320026,0.0004197989500115533,,,,,1.2431693989071038,-1.2431693989071038,-0.3302299801091362,-0.033022998010913615,"partial: caused turnovers only, relative to positional per-game average",,,,,deferred: no opportunity denominator; contexts not separable; overlaps faceoff value,1.3091165616561145,,deferred: goal value already credited to the shooter,-2.599213961830766,-0.3302299801091362,0.0,0.0,-2.929443941939902,-0.2929443941939902,-0.03616597459185064,shooting+turnover+defense
000211,Ian MacKay,CHA,1,SSDM,defensive_midfield,defensive_field,8,5.0,1.0,4.0,3.0,0.0,0.0,0.0,0.0,40.0,3.0,2.0,1.0,1.0,0.0,0.0,0,0,0,0.0,0.0,14,2.0,1.5296449352667583,-1.5296449352667583,-0.30053442313737816,-1.2291105121293802,-0.30592898705335164,2.12277940184394,0.8772205981560601,-0.23302097118467366,-0.005825524279616841,0.4974979149291076,-0.4974979149291076,-0.18004257957422365,-0.18004257957422365,5.267489711934156,-4.267489711934156,-1.133596953019326,-0.14169961912741574,"partial: caused turnovers only, relative to positional per-game average",,,,,deferred: no opportunity denominator; contexts not separable; overlaps faceoff value,0.29091479147913657,,deferred: goal value already credited to the shooter,-1.7626659064514318,-1.133596953019326,-0.18004257957422365,0.0,-3.0763054390449813,-0.38453817988062267,-0.21973610278892725,shooting+turnover+defense+faceoff
000960,Shayne Jackson,CAN,1,A,attack,offensive_field,3,18.0,18.0,0.0,14.0,3.0,3.0,0.0,3.0,44.0,5.0,2.0,0.0,0.0,0.0,0.0,0,0,0,0.0,1.0,23,1.0,5.409619616472807,-2.409619616472807,-2.409619616472807,0.0,-0.1338677564707115,2.6110519465152056,2.3889480534847944,-0.6345895168249668,-0.014422489018749245,,,,,0.3729508196721312,-0.3729508196721312,-0.09906899403274087,-0.03302299801091362,"partial: caused turnovers only, relative to positional per-game average",,,,,deferred: no opportunity denominator; contexts not separable; overlaps faceoff value,0.29091479147913657,,deferred: goal value already credited to the shooter,-3.044209133297774,-0.09906899403274087,0.0,0.0,-3.143278127330515,-1.0477593757768384,-0.13666426640567456,shooting+turnover+defense
000227,Will Manny,ARC,1,A,attack,offensive_field,12,65.0,62.0,3.0,44.0,16.0,16.0,0.0,16.0,394.0,21.0,4.0,0.0,0.0,0.0,0.0,0,0,0,0.0,19.0,116,2.0,19.55496711861448,-3.5549671186144813,-2.6331342345174455,-0.9218328840970351,-0.054691801824838175,23.380783339249795,-2.3807833392497955,0.6324206785139603,0.00160512862566995,,,,,1.4918032786885247,-1.4918032786885247,-0.3962759761309635,-0.03302299801091362,"partial: caused turnovers only, relative to positional per-game average",,,,,deferred: no opportunity denominator; contexts not separable; overlaps faceoff value,0.5818295829582731,,deferred: goal value already credited to the shooter,-2.922546440100521,-0.3962759761309635,0.0,0.0,-3.3188224162314843,-0.27656853468595705,-0.02861053807096107,shooting+turnover+defense
000269,Jarrod Neumann,CHA,1,D,defense,defensive_field,13,7.0,0.0,7.0,2.0,0.0,0.0,0.0,0.0,59.0,6.0,17.0,7.0,0.0,0.0,0.0,0,0,0,0.0,1.0,28,2.0,2.150943396226415,-2.150943396226415,0.0,-2.150943396226415,-0.307277628032345,3.131099617719811,2.868900382280189,-0.7620819149895071,-0.012916642626940797,,,,,8.559670781893004,-1.5596707818930042,-0.4143039972944306,-0.03186953825341774,"partial: caused turnovers only, relative to positional per-game average",,,,,deferred: no opportunity denominator; contexts not separable; overlaps faceoff value,2.4727757275726607,,deferred: goal value already credited to the shooter,-2.913025311215922,-0.4143039972944306,0.0,0.0,-3.3273293085103526,-0.2559484083469502,-0.11883318958965546,shooting+turnover+defense
000238,John Crawley,ATL,1,M,midfield,offensive_field,9,22.0,21.0,1.0,13.0,4.0,4.0,0.0,4.0,99.0,8.0,3.0,0.0,0.0,0.0,0.0,0,0,0,0.0,1.0,30,0.0,6.6185005139172866,-2.6185005139172866,-2.3112228858849413,-0.30727762803234504,-0.11902275063260394,5.874866879659212,2.125133120340788,-0.5645108934280049,-0.005702130236646514,,,,,1.1188524590163935,-1.1188524590163935,-0.2972069820982226,-0.03302299801091362,"partial: caused turnovers only, relative to positional per-game average",,,,,deferred: no opportunity denominator; contexts not separable; overlaps faceoff value,0.43637218721870485,,deferred: goal value already credited to the shooter,-3.1830114073452913,-0.2972069820982226,0.0,0.0,-3.4802183894435137,-0.3866909321603904,-0.11600727964811712,shooting+turnover+defense
000267,Jake Froccaro,CAN,1,M,midfield,offensive_field,5,20.0,12.0,8.0,11.0,1.0,0.0,1.0,2.0,113.0,3.0,8.0,1.0,3.0,0.0,0.0,0,0,0,0.0,6.0,51,1.0,6.0646341019072985,-4.0646341019072985,-3.606413077648538,-0.4582210242587603,-0.20323170509536492,6.705656135368596,-3.7056561353685957,0.9843539850239772,0.008711097212601568,1.4924937447873228,-1.4924937447873228,-0.540127738722671,-0.18004257957422365,0.6215846994535519,0.3784153005464481,0.10052055438486894,0.020104110876973787,"partial: caused turnovers only, relative to positional per-game average",,,,,deferred: no opportunity denominator; contexts not separable; overlaps faceoff value,1.1636591659165463,,deferred: goal value already credited to the shooter,-3.0802801168833214,0.10052055438486894,-0.540127738722671,0.0,-3.5198873012211234,-0.7039774602442247,-0.06901739806315928,shooting+turnover+defense+faceoff
001010,Isaiah Davis-Allen,RED,1,SSDM,defensive_midfield,defensive_field,11,1.0,1.0,0.0,1.0,0.0,0.0,0.0,0.0,81.0,4.0,7.0,0.0,10.0,1.0,0.0,0,0,0,0.0,0.0,25,1.0,0.30053442313737816,-0.30053442313737816,-0.30053442313737816,0.0,-0.30053442313737816,4.298628288733978,-0.29862828873397795,0.07932628806286764,0.0009793368896650325,4.974979149291076,-3.9749791492910758,-1.4385296466902764,-0.14385296466902764,7.242798353909465,-7.242798353909465,-1.9239446840057992,-0.1749040621823454,"partial: caused turnovers only, relative to positional per-game average",,,,,deferred: no opportunity denominator; contexts not separable; overlaps faceoff value,1.018201770176978,,deferred: goal value already credited to the shooter,-0.22120813507451054,-1.9239446840057992,-1.4385296466902764,0.0,-3.583682465770586,-0.32578931507005326,-0.14334729863082343,shooting+turnover+defense+faceoff
001402,Max Adler,CHA,1,FO,faceoff,faceoff,7,3.0,3.0,0.0,2.0,0.0,0.0,0.0,0.0,33.0,9.0,37.0,0.0,151.0,72.0,0.0,0,0,0,0.0,1.0,231,2.0,0.9016032694121345,-0.9016032694121345,-0.9016032694121345,0.0,-0.30053442313737816,3.35,5.65,-1.5008408260828194,-0.04548002503281271,75.12218515429525,-3.122185154295252,-1.1299067839666512,-0.0074828263838851074,0.9578947368421054,-0.9578947368421054,-0.25445088993672393,-0.0363501271338177,"partial: caused turnovers only, relative to positional per-game average",,,,,deferred: no opportunity denominator; contexts not separable; overlaps faceoff value,5.381923642364026,,deferred: goal value already credited to the shooter,-2.402444095494954,-0.25445088993672393,-1.1299067839666512,0.0,-3.786801769398329,-0.5409716813426184,-0.01639308125280662,shooting+turnover+defense+faceoff
001813,Jared Conners,ARC,1,LSM,long_stick_midfield,defensive_field,12,6.0,3.0,3.0,4.0,0.0,0.0,0.0,0.0,67.0,9.0,25.0,7.0,2.0,0.0,0.0,0,0,0,0.0,4.0,62,3.0,1.8234361535091697,-1.8234361535091697,-0.9016032694121345,-0.9218328840970351,-0.3039060255848616,3.555655498088599,5.4443445019114005,-1.4462114158810906,-0.021585245013150605,0.9949958298582152,-0.9949958298582152,-0.3600851591484473,-0.18004257957422365,7.901234567901234,-0.9012345679012341,-0.23939993511208513,-0.01994999459267376,"partial: caused turnovers only, relative to positional per-game average",,,,,deferred: no opportunity denominator; contexts not separable; overlaps faceoff value,3.636434893489207,,deferred: goal value already credited to the shooter,-3.2696475693902602,-0.23939993511208513,-0.3600851591484473,0.0,-3.8691326636507926,-0.32242772197089936,-0.06240536554275472,shooting+turnover+defense+faceoff
002067,Zac Tucci,WAT,1,FO,faceoff,faceoff,4,5.0,4.0,1.0,2.0,0.0,0.0,0.0,0.0,18.0,1.0,19.0,0.0,109.0,47.0,0.0,0,0,0,0.0,1.0,151,0.0,1.5094153205818577,-1.5094153205818577,-1.2021376925495126,-0.30727762803234504,-0.30188306411637156,1.8272727272727274,-0.8272727272727274,0.21975304130898884,0.012208502294943824,54.22727272727273,-7.227272727272727,-2.615522168148256,-0.023995616221543635,0.5473684210526316,-0.5473684210526316,-0.1454005085352708,-0.0363501271338177,"partial: caused turnovers only, relative to positional per-game average",,,,,deferred: no opportunity denominator; contexts not separable; overlaps faceoff value,2.7636905190517975,,deferred: goal value already credited to the shooter,-1.289662279272869,-0.1454005085352708,-2.615522168148256,0.0,-4.050584955956396,-1.012646238989099,-0.026825065933486065,shooting+turnover+defense+faceoff
002024,Asher Nolting,CAN,1,A,attack,offensive_field,10,49.0,49.0,0.0,38.0,14.0,14.0,0.0,14.0,282.0,31.0,13.0,2.0,0.0,0.0,0.0,0,0,0,0.0,9.0,108,1.0,14.726186733731529,-0.7261867337315291,-0.7261867337315291,0.0,-0.01482013742309243,16.734469293574726,14.265530706425274,-3.7894320159187846,-0.013437702184109165,,,,,1.2431693989071038,0.7568306010928962,0.20104110876973788,0.020104110876973787,"partial: caused turnovers only, relative to positional per-game average",,,,,deferred: no opportunity denominator; contexts not separable; overlaps faceoff value,1.8909461446143876,,deferred: goal value already credited to the shooter,-4.515618749650313,0.20104110876973788,0.0,0.0,-4.314577640880575,-0.4314577640880575,-0.039949792971116435,shooting+turnover+defense
001797,JD Colarusso,ATL,1,G,goalie,goalie,3,0.0,0.0,0.0,0.0,0.0,0.0,0.0,0.0,10.0,1.0,4.0,0.0,0.0,0.0,7.0,17,14,3,12.0,0.0,29,0.0,0.0,0.0,0.0,0.0,,0.2830188679245283,0.7169811320754718,-0.19045567337167185,-0.019045567337167186,,,,,1.0693069306930694,-1.0693069306930694,-0.2840459287075169,-0.09468197623583896,"partial: caused turnovers only, relative to positional per-game average",8.133287091121495,-3.8667129088785046,-0.227453700522265,,deferred: no opportunity denominator; contexts not separable; overlaps faceoff value,0.5818295829582731,,deferred: goal value already credited to the shooter,-0.19045567337167185,-0.2840459287075169,0.0,-3.8667129088785046,-4.341214510957693,-1.4470715036525643,-0.14969705210198941,shooting+turnover+defense+goalie
000266,Dhane Smith,CHA,1,M,midfield,offensive_field,10,41.0,40.0,1.0,26.0,8.0,8.0,0.0,8.0,357.0,23.0,7.0,2.0,0.0,0.0,0.0,0,0,0,0.0,20.0,109,1.0,12.328654553527471,-4.328654553527471,-4.021376925495126,-0.30727762803234504,-0.10557694032993832,21.18512602058928,1.81487397941072,-0.48209503760973427,-0.0013504062678143817,,,,,1.2431693989071038,0.7568306010928962,0.20104110876973788,0.020104110876973787,"partial: caused turnovers only, relative to positional per-game average",,,,,deferred: no opportunity denominator; contexts not separable; overlaps faceoff value,1.018201770176978,,deferred: goal value already credited to the shooter,-4.810749591137205,0.20104110876973788,0.0,0.0,-4.609708482367467,-0.4609708482367467,-0.042290903507958416,shooting+turnover+defense
001009,Colin Heacock,CHR,1,M,midfield,offensive_field,11,32.0,31.0,1.0,14.0,5.0,5.0,0.0,5.0,210.0,13.0,11.0,0.0,0.0,0.0,0.0,0,0,0,0.0,2.0,59,1.0,9.623844745291068,-4.623844745291068,-4.316567117258723,-0.30727762803234504,-0.14449514829034588,12.461838835640753,0.5381611643592468,-0.14295473389072988,-0.0006807368280510946,,,,,1.3674863387978142,-1.3674863387978142,-0.36325297812004986,-0.03302299801091362,"partial: caused turnovers only, relative to positional per-game average",,,,,deferred: no opportunity denominator; contexts not separable; overlaps faceoff value,1.6000313531352512,,deferred: goal value already credited to the shooter,-4.766799479181798,-0.36325297812004986,0.0,0.0,-5.130052457301848,-0.46636840520925893,-0.08695004164918387,shooting+turnover+defense
000354,Matt Rambo,WHP,1,A,attack,offensive_field,11,84.0,84.0,0.0,50.0,23.0,23.0,0.0,23.0,336.0,32.0,15.0,0.0,0.0,0.0,0.0,0,0,0,0.0,11.0,163,0.0,25.244891543539765,-2.244891543539765,-2.244891543539765,0.0,-0.026724899327854348,19.938942137025204,12.061057862974796,-3.203845671946863,-0.00953525497603233,,,,,1.3674863387978142,-1.3674863387978142,-0.36325297812004986,-0.03302299801091362,"partial: caused turnovers only, relative to positional per-game average",,,,,deferred: no opportunity denominator; contexts not separable; overlaps faceoff value,2.1818609360935244,,deferred: goal value already credited to the shooter,-5.448737215486628,-0.36325297812004986,0.0,0.0,-5.811990193606678,-0.5283627448733343,-0.03565638155586919,shooting+turnover+defense
000370,Tim Troutner,RED,1,G,goalie,goalie,4,0.0,0.0,0.0,0.0,0.0,0.0,0.0,0.0,47.0,1.0,11.0,2.0,0.0,0.0,20.0,64,57,7,37.0,0.0,113,0.0,0.0,0.0,0.0,0.0,,1.330188679245283,-0.33018867924528306,0.08770984957905942,0.001866167012320413,,,,,1.4257425742574257,0.5742574257425743,0.15254318393551833,0.03813579598387958,"partial: caused turnovers only, relative to positional per-game average",30.33639383761682,-6.663606162383179,-0.10411884628723717,,deferred: no opportunity denominator; contexts not separable; overlaps faceoff value,1.6000313531352512,,deferred: goal value already credited to the shooter,0.08770984957905942,0.15254318393551833,0.0,-6.663606162383179,-6.423353128868601,-1.6058382822171502,-0.05684383299883718,shooting+turnover+defense+goalie
002032,Justin Inacio,ARC,1,FO,faceoff,faceoff,10,7.0,7.0,0.0,4.0,2.0,2.0,0.0,2.0,42.0,1.0,44.0,0.0,225.0,92.0,0.0,0,0,0,0.0,0.0,318,1.0,2.103740961961647,-0.10374096196164695,-0.10374096196164695,0.0,-0.014820137423092421,4.263636363636364,-3.2636363636363637,0.86693782230689,0.02064137672159262,111.93703085904922,-19.937030859049216,-7.215134691420001,-0.03206726529520001,1.368421052631579,-1.368421052631579,-0.363501271338177,-0.0363501271338177,"partial: caused turnovers only, relative to positional per-game average",,,,,deferred: no opportunity denominator; contexts not separable; overlaps faceoff value,6.400125412541005,,deferred: goal value already credited to the shooter,0.763196860345243,-0.363501271338177,-7.215134691420001,0.0,-6.8154391024129355,-0.6815439102412936,-0.021432198435260803,shooting+turnover+defense+faceoff
000408,Matt DeLuca,WAT,1,G,goalie,goalie,6,0.0,0.0,0.0,0.0,0.0,0.0,0.0,0.0,45.0,1.0,9.0,0.0,0.0,0.0,46.0,110,102,8,59.0,0.0,181,0.0,0.0,0.0,0.0,0.0,,1.2735849056603774,-0.2735849056603774,0.07267387536550637,0.001614975008122364,,,,,2.1386138613861387,-2.1386138613861387,-0.5680918574150338,-0.09468197623583896,"partial: caused turnovers only, relative to positional per-game average",51.87496349299065,-7.125036507009348,-0.06477305915463044,,deferred: no opportunity denominator; contexts not separable; overlaps faceoff value,1.3091165616561145,,deferred: goal value already credited to the shooter,0.07267387536550637,-0.5680918574150338,0.0,-7.125036507009348,-7.620454489058876,-1.2700757481764793,-0.04210195850308771,shooting+turnover+defense+goalie
000327,Matt Kavanagh,RED,1,A,attack,offensive_field,11,51.0,51.0,0.0,28.0,8.0,8.0,0.0,8.0,308.0,21.0,19.0,2.0,0.0,0.0,0.0,0,0,0,0.0,5.0,100,1.0,15.327255580006286,-7.327255580006286,-7.327255580006286,0.0,-0.14367167803933895,18.277363625606437,2.722636374393563,-0.723228995622649,-0.0023481460896839254,,,,,1.3674863387978142,0.6325136612021858,0.16801811075882425,0.01527437370534766,"partial: caused turnovers only, relative to positional per-game average",,,,,deferred: no opportunity denominator; contexts not separable; overlaps faceoff value,2.7636905190517975,,deferred: goal value already credited to the shooter,-8.050484575628936,0.16801811075882425,0.0,0.0,-7.882466464870111,-0.7165878604427374,-0.07882466464870111,shooting+turnover+defense
001427,Nick Marrocco,CAN,1,G,goalie,goalie,9,2.0,0.0,2.0,2.0,0.0,0.0,0.0,0.0,151.0,0.0,23.0,3.0,0.0,0.0,123.0,254,236,18,129.0,0.0,411,1.0,0.6145552560646901,-0.6145552560646901,0.0,-0.6145552560646901,-0.30727762803234504,4.273584905660377,-4.273584905660377,1.1352160531232545,0.007517987106776519,,,,,3.2079207920792077,-0.20792079207920766,-0.05523115280423932,-0.006136794756026591,"partial: caused turnovers only, relative to positional per-game average",119.75284754672897,-9.247152453271028,-0.03640611202075208,,deferred: no opportunity denominator; contexts not separable; overlaps faceoff value,3.3455201020100707,,deferred: goal value already credited to the shooter,0.5206607970585644,-0.05523115280423932,0.0,-9.247152453271028,-8.781722809016703,-0.9757469787796337,-0.02136672216305767,shooting+turnover+defense+goalie
000395,Bryan Costabile,ATL,1,M,midfield,offensive_field,11,72.0,58.0,14.0,42.0,12.0,11.0,1.0,13.0,322.0,22.0,19.0,3.0,0.0,0.0,0.0,0,0,0,0.0,8.0,120,0.0,21.732883334420762,-8.732883334420762,-6.430996541967932,-2.30188679245283,-0.12129004631139947,19.10815288131582,2.891847118684179,-0.7681773838072893,-0.0023856440490909606,,,,,1.3674863387978142,1.6325136612021858,0.43365365519826127,0.039423059563478295,"partial: caused turnovers only, relative to positional per-game average",,,,,deferred: no opportunity denominator; contexts not separable; overlaps faceoff value,2.7636905190517975,,deferred: goal value already credited to the shooter,-9.501060718228052,0.43365365519826127,0.0,0.0,-9.06740706302979,-0.8243097330027083,-0.07556172552524826,shooting+turnover+defense
002028,Jack Hannah,WAT,1,M,midfield,offensive_field,13,77.0,74.0,3.0,47.0,12.0,12.0,0.0,12.0,189.0,9.0,6.0,1.0,0.0,0.0,0.0,0,0,0,0.0,5.0,104,2.0,23.16138019626302,-11.161380196263021,-10.239547312165985,-0.9218328840970351,-0.14495298956185743,11.215654952076678,-2.2156549520766777,0.5885567094848231,0.003114056663940863,,,,,1.616120218579235,-0.6161202185792349,-0.16366342970244002,-0.012589494592495386,"partial: caused turnovers only, relative to positional per-game average",,,,,deferred: no opportunity denominator; contexts not separable; overlaps faceoff value,0.8727443744374097,,deferred: goal value already credited to the shooter,-10.572823486778198,-0.16366342970244002,0.0,0.0,-10.736486916480638,-0.8258836089600491,-0.10323545112000614,shooting+turnover+defense
000318,Jack Kelly,RED,1,G,goalie,goalie,8,1.0,0.0,1.0,1.0,0.0,0.0,0.0,0.0,109.0,8.0,15.0,5.0,0.0,0.0,82.0,191,178,13,100.0,0.0,308,0.0,0.30727762803234504,-0.30727762803234504,0.0,-0.30727762803234504,-0.30727762803234504,3.0849056603773586,4.915094339622641,-1.3056237608768555,-0.011978199641072069,,,,,2.8514851485148514,2.1485148514851486,0.5707219123104736,0.0713402390388092,"partial: caused turnovers only, relative to positional per-game average",90.01507739485982,-9.984922605140184,-0.05227708170230463,,deferred: no opportunity denominator; contexts not separable; overlaps faceoff value,2.1818609360935244,,deferred: goal value already credited to the shooter,-1.6129013889092005,0.5707219123104736,0.0,-9.984922605140184,-11.027102081738912,-1.378387760217364,-0.035802279486165295,shooting+turnover+defense+goalie
