player_id,player_name,team_id,n_teams,roster_position_code,canonical_position,position_group,value_role,baseline_group,games_played,goals,one_point_goals,two_point_goals,scoring_points,official_assists,shots,shots_on_goal,one_point_attempts,two_point_attempts,shooting_pct,shots_on_goal_pct,one_point_conversion_pct,two_point_conversion_pct,points_per_shot,turnovers,touches,turnovers_per_touch,caused_turnovers,ground_balls,penalties,faceoffs,faceoff_wins,faceoff_losses,faceoff_win_pct,saves,goals_allowed,two_point_goals_allowed,pll_points_allowed,shots_on_goal_faced,one_point_shots_on_goal_faced,two_point_shots_on_goal_faced,save_pct,points_allowed_per_sog_faced,recorded_offensive_opportunities,offensive_opportunities_per_game,offensive_play_share,offensive_play_share_season,shot_share,touch_share,faceoff_team_share,caused_turnover_team_share,event_log_play_shares,event_log_play_share,shooting_value_raw,shooting_value_one_point_raw,shooting_value_two_point_raw,turnover_value_raw,faceoff_value_raw,goalie_value_raw,defensive_value_partial_raw,offensive_EPA_points_raw,EPA_points_raw,components_supported,ground_ball_value_status,assist_value_status,defensive_value_scope,EPA_per_recorded_opportunity,shooting_EPA_per_shot,faceoff_EPA_per_faceoff,goalie_EPA_per_SOG,defensive_EPA_partial_per_game,EPA_points_per_game,expected_EPA_given_usage,EPA_vs_usage_expectation,EPA_vs_usage_expectation_z,EPA_points_null_sd,EPA_points_null_z,shooting_value_null_z,faceoff_value_null_z,goalie_value_null_z,shooting_rate_raw,shooting_rate_shrunk,one_point_rate_raw,one_point_rate_shrunk,two_point_rate_raw,two_point_rate_shrunk,faceoff_rate_raw,faceoff_rate_shrunk,save_rate_raw,save_rate_shrunk,shooting_reliability,one_point_reliability,two_point_reliability,faceoff_reliability,save_reliability,shooting_posterior_ci_width,faceoff_posterior_ci_width,save_posterior_ci_width,role_rate_name,role_rate_reliability,position_n_players,position_EPA_mean,position_EPA_sd,EPA_position_percentile,EPA_position_robust_z,EPA_position_z,usage_position_percentile,efficiency_position_percentile,faceoff_share_of_absolute_value,offensive_share_of_absolute_value,defensive_partial_share_of_absolute_value,descriptive_eligible,rate_ranking_eligible,offensive_rate_ranking_eligible,reliability_adjusted_eligible,future_award_input_eligible,small_sample,chance_variation_exceeds_peer_spread,defense_partial,usage_proxy_only,unsupported_components,role_interpretation_caveat,mapping_reason
000201,Adam Ghitelman,ARC,1,G,goalie,goalie,goalie,goalie,11,0.0,0.0,0.0,0.0,0.0,2.0,1.0,0.0,2.0,0.0,0.5,,0.0,0.0,2.0,153.0,0.013071895424836602,3.0,36.0,1.0,0.0,0.0,0.0,,116.0,108.0,5.0,113.0,249,225,24,0.5178571428571429,0.4538152610441767,4.0,0.36363636363636365,0.007017543859649123,0.006514657980456026,0.004640371229698376,0.05084745762711865,0.0,0.03409090909090909,451.0,0.2429956896551724,-0.6145552560646901,0.0,-0.6145552560646901,0.6189809384579334,,4.814343603971963,-0.24459510527591727,0.004425682393243369,4.5741741810892895,shooting+turnover+defense+goalie,deferred: no opportunity denominator; contexts not separable; overlaps faceoff value,deferred: goal value already credited to the shooter,"partial: caused turnovers only, relative to positional per-game average",0.0011064205983108422,-0.30727762803234504,,0.01933471326896371,-0.022235918661447026,0.41583401646266266,,,,8.73928764238789,0.5234035505254819,-0.6025423842691603,,0.5567992114331658,0.0,0.2829858160983368,,,0.0,0.1559136666672903,,,0.5178571428571429,0.5194039836593058,0.012743301050454155,,1.999996000008e-06,,0.3521569282659069,0.14023533527506515,,0.07756740675540641,save_pct,0.3521569282659069,14,-0.7194840200231043,6.869390003298461,75.0,0.720357459073466,0.7706154692877459,53.57142857142857,60.71428571428571,0.0,0.19603355013517468,0.038871049788272306,True,False,False,True,True,True,True,True,True,"ground_ball_value,assist_value,possession_participation,penalty_value",goalie metrics are standardized only against other goalies; a goalie total is not comparable with a field player total,measured_opportunity: faced 249 shots on goal as goalie of record
000204,Christian Cuccinello,CAN,1,A,attack,attack,offensive_field,offensive_field,2,2.0,2.0,0.0,2.0,0.0,6.0,4.0,6.0,0.0,0.3333333333333333,0.6666666666666666,0.3333333333333333,,0.3333333333333333,0.0,16.0,0.0,0.0,1.0,0.0,0.0,0.0,0.0,,0.0,0.0,0.0,0.0,0,0,0,,,6.0,3.0,0.0625,0.011009174311926606,0.09375,0.03747072599531616,0.0,0.0,7.0,0.021212121212121213,0.19679346117573093,0.19679346117573093,0.0,0.2522138928626249,,,-0.06604599602182724,0.44900735403835584,0.3829613580165286,shooting+turnover+defense,deferred: no opportunity denominator; contexts not separable; overlaps faceoff value,deferred: goal value already credited to the shooter,"partial: caused turnovers only, relative to positional per-game average",0.07483455900639265,0.032798910195955155,,,-0.03302299801091362,0.1914806790082643,0.0660228100530122,0.3829845439853436,0.3328033642247681,1.1583808960154978,0.33060054713765324,0.17522850440466628,,,0.3333333333333333,0.2883793084599374,0.3333333333333333,0.3030304534299634,,,,,,,0.03727976852456296,0.035459332675734916,,,,0.13929005223326385,,,shooting_pct,0.03727976852456296,40,0.17445256360862804,3.749635821874049,66.25000000000001,0.5524900943831472,0.05560774547531629,11.249999999999998,80.0,0.0,0.8717686313192413,0.12823136868075877,True,False,False,True,True,True,False,True,True,"ground_ball_value,assist_value,possession_participation,penalty_value","offensive value covers finishing and possession security only; shot creation, assists and off-ball work are not measured","roster_position: measurable opportunities cannot separate offensive from defensive field roles (the feed attributes one defensive act, caused turnovers, 741 league-wide)"
000207,Dominique Alexander,ARC,1,SSDM,short_stick_defensive_midfield,defensive_field,defensive_field,defensive_field,11,1.0,1.0,0.0,1.0,1.0,1.0,1.0,1.0,0.0,1.0,1.0,1.0,,1.0,1.0,81.0,0.012345679012345678,9.0,19.0,4.0,0.0,0.0,0.0,,0.0,0.0,0.0,0.0,0,0,0,,,2.0,0.18181818181818182,0.0035087719298245615,0.003257328990228013,0.002320185614849188,0.026919242273180457,0.0,0.10227272727272728,26.0,0.014008620689655173,0.6994655768626219,0.6994655768626219,0.0,0.8762329213811788,,,0.46677521594913424,1.5756984982438007,2.0424737141929348,shooting+turnover+defense,deferred: no opportunity denominator; contexts not separable; overlaps faceoff value,deferred: goal value already credited to the shooter,"partial: caused turnovers only, relative to positional per-game average",0.7878492491219004,0.6994655768626219,,,0.042434110540830385,0.18567942856299408,0.0660228100530122,1.5096756881907885,2.140496429123411,1.0042436693614833,2.0338427579947576,1.5255837760479056,,,1.0,0.2912129739218057,1.0,0.30616764839997607,,,,,,,0.006412508790228359,0.006089840169722695,,,,0.14189549279399216,,,shooting_pct,0.006412508790228359,78,-0.0537921633482268,1.3971671517707076,92.94871794871796,2.0837730634912934,1.5003687102752505,10.897435897435898,98.07692307692308,0.0,0.7714657414166154,0.22853425858338466,True,False,False,True,True,True,False,True,True,"ground_ball_value,assist_value,possession_participation,penalty_value","defensive value is PARTIAL (caused turnovers only, on a games-played denominator); a value near zero does NOT mean an average defender","roster_position: measurable opportunities cannot separate offensive from defensive field roles (the feed attributes one defensive act, caused turnovers, 741 league-wide)"
000211,Ian MacKay,CHA,1,SSDM,short_stick_defensive_midfield,defensive_field,defensive_field,defensive_field,8,0.0,0.0,0.0,0.0,0.0,5.0,3.0,1.0,4.0,0.0,0.6,0.0,0.0,0.0,3.0,40.0,0.075,1.0,2.0,2.0,1.0,0.0,1.0,0.0,0.0,0.0,0.0,0.0,0,0,0,,,8.0,1.0,0.019656019656019656,0.01263823064770932,0.017361111111111112,0.020865936358894107,0.005235602094240838,0.024390243902439025,14.0,0.010471204188481676,-1.5296449352667583,-0.30053442313737816,-1.2291105121293802,-0.23302097118467366,-0.18004257957422365,,-1.133596953019326,-1.7626659064514318,-3.0763054390449813,shooting+turnover+defense+faceoff,deferred: no opportunity denominator; contexts not separable; overlaps faceoff value,deferred: goal value already credited to the shooter,"partial: caused turnovers only, relative to positional per-game average",-0.22033323830642898,-0.30592898705335164,-0.18004257957422365,,-0.14169961912741574,-0.38453817988062267,0.0660228100530122,-1.8286887165044443,-1.172478421233651,1.6843463171289068,-1.826409098746849,-1.0106509393274004,-0.9950082882950945,,0.0,0.27767801430133543,0.0,0.3000778082302534,0.0,0.15591335484120428,0.0,0.4696833445710784,,,0.03126070574951185,0.006089840169722695,3.9999840000639995e-06,0.055908918456457665,,0.13812220795080066,0.4442092343233526,,shooting_pct,0.03126070574951185,78,-0.0537921633482268,1.3971671517707076,4.487179487179488,-3.1591231886539664,-2.1633154428703505,80.12820512820514,7.051282051282048,0.05852558633778467,0.5729814354840655,0.36849297817814985,True,False,False,True,True,True,True,True,True,"ground_ball_value,assist_value,possession_participation,penalty_value","defensive value is PARTIAL (caused turnovers only, on a games-played denominator); a value near zero does NOT mean an average defender","roster_position: measurable opportunities cannot separate offensive from defensive field roles (the feed attributes one defensive act, caused turnovers, 741 league-wide)"
000213,Jerry Ragonese,CHA,1,FO,faceoff,faceoff,unclassified_field,faceoff,1,1.0,1.0,0.0,1.0,0.0,1.0,1.0,1.0,0.0,1.0,1.0,1.0,,1.0,0.0,2.0,0.0,0.0,2.0,0.0,8.0,2.0,6.0,0.25,0.0,0.0,0.0,0.0,0,0,0,,,1.0,1.0,0.022727272727272728,0.001579778830963665,0.03125,0.00909090909090909,0.2857142857142857,0.0,13.0,0.07738095238095238,0.6994655768626219,0.6994655768626219,0.0,0.05393206508315843,-0.7165483384898691,,-0.0363501271338177,0.7533976419457803,0.0004991763220935086,shooting+turnover+defense+faceoff,deferred: no opportunity denominator; contexts not separable; overlaps faceoff value,deferred: goal value already credited to the shooter,"partial: caused turnovers only, relative to positional per-game average",0.7533976419457803,0.6994655768626219,-0.08956854231123364,,-0.0363501271338177,0.0004991763220935086,,,,0.7033295068002995,0.0007097332292575672,1.5255837760479056,-1.4000771620862746,,1.0,0.2912129739218057,1.0,0.30616764839997607,,,0.25,0.41793652702002854,,,0.006412508790228359,0.006089840169722695,,0.3214628613411485,,0.14189549279399216,0.376370117533952,,shooting_pct,0.006412508790228359,14,1.394728295312205,6.799194744589167,60.71428571428571,0.18735926207640452,-0.2050579769169939,39.285714285714285,96.42857142857143,0.47570217760575567,0.500165696611571,0.024132125782673385,True,False,False,True,True,True,False,True,True,"ground_ball_value,assist_value,possession_participation,penalty_value","offensive value covers finishing and possession security only; shot creation, assists and off-ball work are not measured",unlabelled: no position in any game played and no role-defining opportunity
000216,Marcus Holman,ARC,1,A,attack,attack,offensive_field,offensive_field,12,24.0,22.0,2.0,26.0,8.0,66.0,46.0,59.0,7.0,0.36363636363636365,0.696969696969697,0.3728813559322034,0.2857142857142857,0.3939393939393939,16.0,406.0,0.03940886699507389,1.0,25.0,1.0,0.0,0.0,0.0,,0.0,0.0,0.0,0.0,0,0,0,,,82.0,6.833333333333333,0.13355048859934854,0.13355048859934854,0.14254859611231102,0.12427303336394245,0.0,0.010752688172043012,123.0,0.06089108910891089,6.117525638668276,4.268469034894689,1.849056603773585,2.1497588203581137,,,-0.13064043169152645,8.26728445902639,8.136644027334864,shooting+turnover+defense,deferred: no opportunity denominator; contexts not separable; overlaps faceoff value,deferred: goal value already credited to the shooter,"partial: caused turnovers only, relative to positional per-game average",0.10082054218324867,0.0926897824040648,,,-0.010886702640960538,0.678053668944572,0.0660228100530122,8.201261648973379,1.9525314041883775,4.212834478927344,1.9313941879355738,1.5273044686650852,,,0.36363636363636365,0.3096390659880411,0.3728813559322034,0.32075883112027787,0.2857142857142857,0.155914887090414,,,,,0.2987165976294744,0.2655170862080601,6.9999510003429975e-06,,,0.12150307331467047,,,shooting_pct,0.2987165976294744,40,0.17445256360862804,3.749635821874049,96.25,3.757309024326437,2.123457274777894,61.25000000000001,88.75,0.0,0.9844437246829962,0.015556275317003739,True,False,False,True,True,True,True,True,True,"ground_ball_value,assist_value,possession_participation,penalty_value","offensive value covers finishing and possession security only; shot creation, assists and off-ball work are not measured","roster_position: measurable opportunities cannot separate offensive from defensive field roles (the feed attributes one defensive act, caused turnovers, 741 league-wide)"
000217,Mark McNeill,ARC,1,SSDM,short_stick_defensive_midfield,defensive_field,defensive_field,defensive_field,11,0.0,0.0,0.0,0.0,1.0,0.0,0.0,0.0,0.0,,,,,,3.0,41.0,0.07317073170731707,2.0,9.0,1.0,0.0,0.0,0.0,,0.0,0.0,0.0,0.0,0,0,0,,,3.0,0.2727272727272727,0.005309734513274336,0.004885993485342019,0.0,0.013540290620871863,0.0,0.024390243902439025,15.0,0.007974481658692184,0.0,0.0,0.0,-0.2189238296313328,,,-1.3926735951269251,-0.2189238296313328,-1.6115974247582578,shooting+turnover+defense,deferred: no opportunity denominator; contexts not separable; overlaps faceoff value,deferred: goal value already credited to the shooter,"partial: caused turnovers only, relative to positional per-game average",-0.07297460987711094,,,,-0.1266066904660841,-0.14650885679620526,0.0660228100530122,-0.28494663968434497,-0.7473153994469666,0.8102178502984807,-1.9890914822038943,,,,,,,,,,,,,,,,,,,,,,shooting_pct,,78,-0.0537921633482268,1.3971671517707076,9.61538461538462,-1.6588998094653193,-1.1149741528318482,19.87179487179487,33.97435897435897,0.0,0.13584275220852485,0.8641572477914752,True,False,False,False,False,True,False,True,True,"ground_ball_value,assist_value,possession_participation,penalty_value","defensive value is PARTIAL (caused turnovers only, on a games-played denominator); a value near zero does NOT mean an average defender","roster_position: measurable opportunities cannot separate offensive from defensive field roles (the feed attributes one defensive act, caused turnovers, 741 league-wide)"
000218,Matt McMahon,ARC,1,D,defense,defensive_field,defensive_field,defensive_field,12,0.0,0.0,0.0,0.0,0.0,0.0,0.0,0.0,0.0,,,,,,2.0,27.0,0.07407407407407407,10.0,9.0,2.0,0.0,0.0,0.0,,0.0,0.0,0.0,0.0,0,0,0,,,2.0,0.16666666666666666,0.003257328990228013,0.003257328990228013,0.0,0.008264462809917356,0.0,0.10752688172043011,11.0,0.005445544554455445,0.0,0.0,0.0,-0.15064826693866878,,,0.557506698206226,-0.15064826693866878,0.4068584312675572,shooting+turnover+defense,deferred: no opportunity denominator; contexts not separable; overlaps faceoff value,deferred: goal value already credited to the shooter,"partial: caused turnovers only, relative to positional per-game average",-0.07532413346933439,,,,0.0464588915171855,0.03390486927229643,0.0660228100530122,-0.2166710769916809,-0.700247198664824,0.8082512518533796,0.5033811334465624,,,,,,,,,,,,,,,,,,,,,,shooting_pct,,78,-0.0537921633482268,1.3971671517707076,66.02564102564101,0.4084983583154368,0.32970328140908256,5.769230769230771,32.69230769230769,0.0,0.21273347551527058,0.7872665244847293,True,False,False,False,False,True,False,True,True,"ground_ball_value,assist_value,possession_participation,penalty_value","defensive value is PARTIAL (caused turnovers only, on a games-played denominator); a value near zero does NOT mean an average defender","roster_position: measurable opportunities cannot separate offensive from defensive field roles (the feed attributes one defensive act, caused turnovers, 741 league-wide)"
000221,Ryan Ambler,ARC,1,M,midfield,midfield,offensive_field,offensive_field,12,16.0,16.0,0.0,16.0,2.0,49.0,30.0,48.0,1.0,0.32653061224489793,0.6122448979591837,0.3333333333333333,0.0,0.32653061224489793,11.0,253.0,0.043478260869565216,2.0,6.0,0.0,0.0,0.0,0.0,,0.0,0.0,0.0,0.0,0,0,0,,,60.0,5.0,0.09771986970684039,0.09771986970684039,0.10583153347732181,0.07744107744107744,0.0,0.021505376344086023,72.0,0.03564356435643564,1.2670700613735022,1.5743476894058475,-0.30727762803234504,1.0661411920564485,,,0.1349951127479106,2.3332112534299507,2.4682063661778613,shooting+turnover+defense,deferred: no opportunity denominator; contexts not separable; overlaps faceoff value,deferred: goal value already credited to the shooter,"partial: caused turnovers only, relative to positional per-game average",0.038886854223832513,0.02585857268109188,,,0.01124959272899255,0.2056838638481551,0.0660228100530122,2.2671884433769383,0.6654713790490989,3.4223049516148953,0.721211698277554,0.38898701170668587,,,0.32653061224489793,0.29622303164823566,0.3333333333333333,0.3090563682890103,0.0,0.15591382258080105,,,,,0.24026061274491384,0.22726420263919692,9.99999000001e-07,,,0.1248491108417511,,,shooting_pct,0.24026061274491384,52,-0.2392167369865673,3.0729473621539043,79.8076923076923,1.182055911339255,0.881050920854931,70.1923076923077,66.34615384615384,0.0,0.9453063914761077,0.054693608523892254,True,False,False,True,True,True,True,True,True,"ground_ball_value,assist_value,possession_participation,penalty_value","offensive value covers finishing and possession security only; shot creation, assists and off-ball work are not measured","roster_position: measurable opportunities cannot separate offensive from defensive field roles (the feed attributes one defensive act, caused turnovers, 741 league-wide)"
000222,Stephen Kelly,CAN,1,FO,faceoff,faceoff,faceoff,faceoff,9,4.0,4.0,0.0,4.0,1.0,7.0,6.0,7.0,0.0,0.5714285714285714,0.8571428571428571,0.5714285714285714,,0.5714285714285714,8.0,68.0,0.11764705882352941,0.0,65.0,0.0,217.0,106.0,111.0,0.48847926267281105,0.0,0.0,0.0,0.0,0,0,0,,,15.0,1.6666666666666667,0.030364372469635626,0.027522935779816515,0.019444444444444445,0.030493273542600896,0.8714859437751004,0.0,353.0,0.21993769470404984,1.896259038038353,1.896259038038353,0.0,-0.29139414268810965,-0.7082479680987718,,-0.3271511442043593,1.6048648953502433,0.5694657830471123,shooting+turnover+defense+faceoff,deferred: no opportunity denominator; contexts not separable; overlaps faceoff value,deferred: goal value already credited to the shooter,"partial: caused turnovers only, relative to positional per-game average",0.10699099302334955,0.2708941482911933,-0.0032638155211924965,,-0.0363501271338177,0.06327397589412359,,,,3.016773775810991,0.18876648544653446,1.5632137234366266,-0.26570941424438327,,0.5714285714285714,0.298948443174405,0.5714285714285714,0.31300043324022264,,,0.48847926267281105,0.489130395790094,,,0.043224496739814953,0.041126170362264985,,0.9278015052827548,,0.1403390618506819,0.12773848453070968,,faceoff_win_pct,0.9278015052827548,14,1.394728295312205,6.799194744589167,67.85714285714286,0.3549328450495188,-0.12137650755213929,60.71428571428571,89.28571428571429,0.21974448557055065,0.6787519971232362,0.10150351730621314,True,True,False,True,True,False,False,True,True,"ground_ball_value,assist_value,possession_participation,penalty_value",faceoff value dominates this role's total; see the faceoff share-of-total column before comparing across roles,measured_opportunity: took 87.1% of team faceoffs in games played (threshold 50%)
000223,Scott Ratliff,ARC,1,D,defense,defensive_field,defensive_field,defensive_field,12,1.0,1.0,0.0,1.0,1.0,10.0,8.0,2.0,8.0,0.1,0.8,0.5,0.0,0.1,4.0,136.0,0.029411764705882353,13.0,34.0,3.0,0.0,0.0,0.0,,0.0,0.0,0.0,0.0,0,0,0,,,14.0,1.1666666666666667,0.02280130293159609,0.02280130293159609,0.02159827213822894,0.0416284052647689,0.0,0.13978494623655913,58.0,0.028712871287128714,-2.0592898705335165,0.3989311537252437,-2.4582210242587603,0.8546690734966192,,,1.3544133315245372,-1.2046207970368972,0.14979253448764007,shooting+turnover+defense,deferred: no opportunity denominator; contexts not separable; overlaps faceoff value,deferred: goal value already credited to the shooter,"partial: caused turnovers only, relative to positional per-game average",-0.08604434264549266,-0.20592898705335166,,,0.11286777762704477,0.01248271120730334,0.0660228100530122,-1.2706436070899094,-0.5646599517950056,2.3709267757194152,0.0631788952833384,-0.9620840978537882,,,0.1,0.27532335312328193,0.5,0.3043144222073915,0.0,0.1559127311927741,,,,,0.06062619389108174,0.012105956996236773,7.999936000511995e-06,,,0.135673942102585,,,shooting_pct,0.06062619389108174,78,-0.0537921633482268,1.3971671517707076,55.769230769230774,0.1451992812436613,0.14571248513669438,85.25641025641026,27.564102564102562,0.0,0.6826862222675898,0.3173137777324101,True,False,False,True,True,True,True,True,True,"ground_ball_value,assist_value,possession_participation,penalty_value","defensive value is PARTIAL (caused turnovers only, on a games-played denominator); a value near zero does NOT mean an average defender","roster_position: measurable opportunities cannot separate offensive from defensive field roles (the feed attributes one defensive act, caused turnovers, 741 league-wide)"
000225,Tom Schreiber,ARC,1,M,midfield,midfield,offensive_field,offensive_field,12,22.0,20.0,2.0,24.0,15.0,68.0,43.0,61.0,7.0,0.3235294117647059,0.6323529411764706,0.32786885245901637,0.2857142857142857,0.35294117647058826,25.0,446.0,0.05605381165919283,0.0,14.0,0.0,0.0,0.0,0.0,,0.0,0.0,0.0,0.0,0,0,0,,,93.0,7.75,0.15146579804560262,0.15146579804560262,0.1468682505399568,0.13651668197122743,0.0,0.0,151.0,0.07475247524752475,3.5164567923935195,1.6674001886199328,1.849056603773585,0.3895736525597424,,,-0.3962759761309635,3.906030444953262,3.509754468822299,shooting+turnover+defense,deferred: no opportunity denominator; contexts not separable; overlaps faceoff value,deferred: goal value already credited to the shooter,"partial: caused turnovers only, relative to positional per-game average",0.04200032736508884,0.05171259988813999,,,-0.03302299801091362,0.2924795390685249,0.0660228100530122,3.84000763490025,0.8996004938863614,4.28088243237136,0.8198670541106402,0.8666384818506527,,,0.3235294117647059,0.29789053733926907,0.32786885245901637,0.30897727747190834,0.2857142857142857,0.155914887090414,,,,,0.3050076806901668,0.27206888783054906,6.9999510003429975e-06,,,0.11964413145324215,,,shooting_pct,0.3050076806901668,52,-0.2392167369865673,3.0729473621539043,91.34615384615384,1.6429511212263606,1.219992002460179,97.11538461538461,70.1923076923077,0.0,0.9078922007533118,0.0921077992466882,True,False,False,True,True,True,True,True,True,"ground_ball_value,assist_value,possession_participation,penalty_value","offensive value covers finishing and possession security only; shot creation, assists and off-ball work are not measured","roster_position: measurable opportunities cannot separate offensive from defensive field roles (the feed attributes one defensive act, caused turnovers, 741 league-wide)"
000227,Will Manny,ARC,1,A,attack,attack,offensive_field,offensive_field,12,16.0,16.0,0.0,16.0,19.0,65.0,44.0,62.0,3.0,0.24615384615384617,0.676923076923077,0.25806451612903225,0.0,0.24615384615384617,21.0,394.0,0.0532994923857868,0.0,4.0,2.0,0.0,0.0,0.0,,0.0,0.0,0.0,0.0,0,0,0,,,86.0,7.166666666666667,0.14006514657980457,0.14006514657980457,0.14038876889848811,0.12059993878175697,0.0,0.0,116.0,0.05742574257425743,-3.5549671186144813,-2.6331342345174455,-0.9218328840970351,0.6324206785139603,,,-0.3962759761309635,-2.922546440100521,-3.3188224162314843,shooting+turnover+defense,deferred: no opportunity denominator; contexts not separable; overlaps faceoff value,deferred: goal value already credited to the shooter,"partial: caused turnovers only, relative to positional per-game average",-0.03398309814070373,-0.054691801824838175,,,-0.03302299801091362,-0.27656853468595705,0.0660228100530122,-2.988569250153533,-0.7437672003899176,4.031228846218196,-0.8232780977802737,-0.9305800271656895,,,0.24615384615384617,0.27467417133473826,0.25806451612903225,0.28984394842249983,0.0,0.15591351075409138,,,,,0.29552815166492286,0.2753011502904271,2.999991000027e-06,,,0.11754829494748265,,,shooting_pct,0.29552815166492286,40,0.17445256360862804,3.749635821874049,8.750000000000002,-0.9775630713482191,-0.9316304691409182,66.25000000000001,36.25,0.0,0.9135460200107184,0.08645397998928157,True,False,False,True,True,True,True,True,True,"ground_ball_value,assist_value,possession_participation,penalty_value","offensive value covers finishing and possession security only; shot creation, assists and off-ball work are not measured","roster_position: measurable opportunities cannot separate offensive from defensive field roles (the feed attributes one defensive act, caused turnovers, 741 league-wide)"
000231,Chris Cloutier,CHA,1,A,attack,attack,offensive_field,offensive_field,9,13.0,13.0,0.0,13.0,6.0,40.0,31.0,39.0,1.0,0.325,0.775,0.3333333333333333,0.0,0.325,19.0,218.0,0.0871559633027523,0.0,14.0,0.0,0.0,0.0,0.0,,0.0,0.0,0.0,0.0,0,0,0,,,59.0,6.555555555555555,0.13024282560706402,0.09320695102685624,0.12539184952978055,0.10027598896044158,0.0,0.0,81.0,0.05480378890392422,0.9718798696099071,1.2791574976422524,-0.30727762803234504,-1.61066105409604,,,-0.2972069820982226,-0.6387811844861329,-0.9359881665843555,shooting+turnover+defense,deferred: no opportunity denominator; contexts not separable; overlaps faceoff value,deferred: goal value already credited to the shooter,"partial: caused turnovers only, relative to positional per-game average",-0.010826799737053099,0.024296996740247677,,,-0.03302299801091362,-0.1039986851760395,0.0660228100530122,-0.7048039945391449,-0.2277460003151929,3.1074225063407064,-0.3012104612985419,0.329149089272022,,,0.325,0.294509767069129,0.3333333333333333,0.30797583354455654,0.0,0.15591382258080105,,,,,0.20518586200369304,0.19287078172323427,9.99999000001e-07,,,0.12746013794094324,,,shooting_pct,0.20518586200369304,40,0.17445256360862804,3.749635821874049,53.75000000000001,0.007330512239423455,-0.29614628805151294,53.75000000000001,56.25,0.0,0.8967940973238672,0.10320590267613289,True,False,False,True,True,True,False,True,True,"ground_ball_value,assist_value,possession_participation,penalty_value","offensive value covers finishing and possession security only; shot creation, assists and off-ball work are not measured","roster_position: measurable opportunities cannot separate offensive from defensive field roles (the feed attributes one defensive act, caused turnovers, 741 league-wide)"
000234,Eric Law,ATL,1,A,attack,attack,offensive_field,offensive_field,11,18.0,18.0,0.0,18.0,12.0,36.0,29.0,36.0,0.0,0.5,0.8055555555555556,0.5,,0.5,25.0,376.0,0.06648936170212766,1.0,12.0,3.0,0.0,0.0,0.0,,0.0,0.0,0.0,0.0,0,0,0,,,61.0,5.545454545454546,0.09967320261437909,0.09967320261437909,0.08108108108108109,0.1334279630943932,0.0,0.013888888888888888,88.0,0.04462474645030426,7.180760767054386,7.180760767054386,0.0,-0.7138621287142417,,,-0.09761743368061279,6.466898638340144,6.369281204659531,shooting+turnover+defense,deferred: no opportunity denominator; contexts not separable; overlaps faceoff value,deferred: goal value already credited to the shooter,"partial: caused turnovers only, relative to positional per-game average",0.10601473177606793,0.1994655768626218,,,-0.008874312152782981,0.5790255640599574,0.0660228100530122,6.400875828287131,2.1278777888438043,3.024099422809587,2.1061745379859405,2.610290982208708,,,0.5,0.32686480346536145,0.5,0.3377132427756711,,,,,,,0.18853576311056017,0.1807157046073926,,,,0.13253559992881492,,,shooting_pct,0.18853576311056017,40,0.17445256360862804,3.749635821874049,91.25,3.0268073941009805,1.6521147480276523,36.25,91.25,0.0,0.9877859736873879,0.012214026312612121,True,False,False,True,True,True,False,True,True,"ground_ball_value,assist_value,possession_participation,penalty_value","offensive value covers finishing and possession security only; shot creation, assists and off-ball work are not measured","roster_position: measurable opportunities cannot separate offensive from defensive field roles (the feed attributes one defensive act, caused turnovers, 741 league-wide)"
000235,Jake Richard,ATL,1,SSDM,short_stick_defensive_midfield,defensive_field,defensive_field,defensive_field,11,1.0,1.0,0.0,1.0,1.0,7.0,5.0,4.0,3.0,0.14285714285714285,0.7142857142857143,0.25,0.0,0.14285714285714285,3.0,90.0,0.03333333333333333,8.0,9.0,5.0,0.0,0.0,0.0,,0.0,0.0,0.0,0.0,0,0,0,,,10.0,0.9090909090909091,0.016339869281045753,0.016339869281045753,0.015765765765765764,0.0319375443577005,0.0,0.1111111111111111,24.0,0.012170385395537525,-1.1239705766465478,-0.20213769254951264,-0.9218328840970351,0.4718361064823731,,,0.20113967150969722,-0.6521344701641747,-0.45099479865447745,shooting+turnover+defense,deferred: no opportunity denominator; contexts not separable; overlaps faceoff value,deferred: goal value already credited to the shooter,"partial: caused turnovers only, relative to positional per-game average",-0.06521344701641747,-0.1605672252352211,,,0.01828542468269975,-0.04099952715040704,0.0660228100530122,-0.7181572802171869,-0.435414909248922,1.7976280752046563,-0.25088326382704756,-0.7253293502612778,,,0.14285714285714285,0.2804236588573415,0.25,0.30067447000366093,0.0,0.15591351075409138,,,,,0.043224496739814953,0.023922311517986225,2.999991000027e-06,,,0.13769190112361684,,,shooting_pct,0.043224496739814953,78,-0.0537921633482268,1.3971671517707076,32.692307692307686,-0.4701555842372388,-0.2842914212539664,65.38461538461537,36.53846153846154,0.0,0.8880658451542098,0.11193415484579015,True,False,False,True,True,True,True,True,True,"ground_ball_value,assist_value,possession_participation,penalty_value","defensive value is PARTIAL (caused turnovers only, on a games-played denominator); a value near zero does NOT mean an average defender","roster_position: measurable opportunities cannot separate offensive from defensive field roles (the feed attributes one defensive act, caused turnovers, 741 league-wide)"
000238,John Crawley,ATL,1,M,midfield,midfield,offensive_field,offensive_field,9,4.0,4.0,0.0,4.0,1.0,22.0,13.0,21.0,1.0,0.18181818181818182,0.5909090909090909,0.19047619047619047,0.0,0.18181818181818182,8.0,99.0,0.08080808080808081,0.0,3.0,0.0,0.0,0.0,0.0,,0.0,0.0,0.0,0.0,0,0,0,,,30.0,3.3333333333333335,0.06097560975609756,0.049019607843137254,0.06179775280898876,0.04342105263157895,0.0,0.0,30.0,0.01890359168241966,-2.6185005139172866,-2.3112228858849413,-0.30727762803234504,-0.5645108934280049,,,-0.2972069820982226,-3.1830114073452913,-3.4802183894435137,shooting+turnover+defense,deferred: no opportunity denominator; contexts not separable; overlaps faceoff value,deferred: goal value already credited to the shooter,"partial: caused turnovers only, relative to positional per-game average",-0.10610038024484304,-0.11902275063260394,,,-0.03302299801091362,-0.3866909321603904,0.0660228100530122,-3.2490342173983033,-1.4080313029362375,2.3245454388872693,-1.4971608346401912,-1.1787612640482024,,,0.18181818181818182,0.27360598396990304,0.19047619047619047,0.2892120640096559,0.0,0.15591382258080105,,,,,0.12433227539813199,0.11400161167976534,9.99999000001e-07,,,0.13077985937707126,,,shooting_pct,0.12433227539813199,52,-0.2392167369865673,3.0729473621539043,10.576923076923078,-1.4501801508061074,-1.0546883075098459,29.807692307692307,16.346153846153843,0.0,0.9146010540603615,0.08539894593963857,True,False,False,True,True,True,False,True,True,"ground_ball_value,assist_value,possession_participation,penalty_value","offensive value covers finishing and possession security only; shot creation, assists and off-ball work are not measured","roster_position: measurable opportunities cannot separate offensive from defensive field roles (the feed attributes one defensive act, caused turnovers, 741 league-wide)"
000240,Kieran McArdle,WAT,1,A,attack,attack,offensive_field,offensive_field,13,26.0,26.0,0.0,26.0,27.0,78.0,54.0,76.0,2.0,0.3333333333333333,0.6923076923076923,0.34210526315789475,0.0,0.3333333333333333,35.0,461.0,0.07592190889370933,0.0,26.0,1.0,0.0,0.0,0.0,,0.0,0.0,0.0,0.0,0,0,0,,,113.0,8.692307692307692,0.15607734806629833,0.15607734806629833,0.14311926605504588,0.1456096020214782,0.0,0.0,184.0,0.07776838546069316,2.544828585494571,3.1593838415592614,-0.6145552560646901,-2.0303312672759164,,,-0.42929897414187707,0.5144973182186545,0.08519834407677745,shooting+turnover+defense,deferred: no opportunity denominator; contexts not separable; overlaps faceoff value,deferred: goal value already credited to the shooter,"partial: caused turnovers only, relative to positional per-game average",0.004553073612554465,0.032626007506340655,,,-0.03302299801091362,0.006553718775136727,0.0660228100530122,0.4484745081656423,0.10334420583307367,4.352738513486268,0.01957350385574597,0.6169123494031925,,,0.3333333333333333,0.3022739485588391,0.34210526315789475,0.31468503508342205,0.0,0.1559136666672903,,,,,0.3348426935341756,0.31771523009262026,1.999996000008e-06,,,0.11755668022669852,,,shooting_pct,0.3348426935341756,40,0.17445256360862804,3.749635821874049,61.25000000000001,0.42941611980753086,-0.023803436859433934,83.75,63.74999999999999,0.0,0.9142167037456187,0.08578329625438134,True,False,False,True,True,True,True,True,True,"ground_ball_value,assist_value,possession_participation,penalty_value","offensive value covers finishing and possession security only; shot creation, assists and off-ball work are not measured","roster_position: measurable opportunities cannot separate offensive from defensive field roles (the feed attributes one defensive act, caused turnovers, 741 league-wide)"
000241,Jack Concannon,ATL,1,G,goalie,goalie,goalie,goalie,11,0.0,0.0,0.0,0.0,0.0,0.0,0.0,0.0,0.0,,,,,,6.0,102.0,0.058823529411764705,2.0,21.0,1.0,0.0,0.0,0.0,,130.0,116.0,10.0,126.0,263,236,27,0.5284552845528455,0.4790874524714829,6.0,0.5454545454545454,0.00980392156862745,0.00980392156862745,0.0,0.0361958836053939,0.0,0.027777777777777776,424.0,0.2150101419878296,0.0,0.0,0.0,-0.8269785817454172,,-1.4527599299065486,-0.5102306497153543,-0.8269785817454172,-2.78996916136732,shooting+turnover+defense+goalie,deferred: no opportunity denominator; contexts not separable; overlaps faceoff value,deferred: goal value already credited to the shooter,"partial: caused turnovers only, relative to positional per-game average",-0.13782976362423618,,,-0.0055238020148537965,-0.04638460451957766,-0.2536335601243018,,,,8.962070316001729,-0.31130855516563455,,,-0.16258197982324504,,,,,,,,,0.5284552845528455,0.5233140130259003,,,,,0.373814699786729,,,0.07623713021166623,save_pct,0.373814699786729,14,-0.7194840200231043,6.869390003298461,39.285714285714285,-0.18294498264003545,-0.3014074234175138,82.14285714285715,32.14285714285713,0.0,0.29641137013146335,0.18288039050055244,True,False,False,True,True,True,True,True,True,"ground_ball_value,assist_value,possession_participation,penalty_value",goalie metrics are standardized only against other goalies; a goalie total is not comparable with a field player total,measured_opportunity: faced 263 shots on goal as goalie of record
000242,Kyle Hartzell,RED,1,LSM,long_stick_midfield,defensive_field,defensive_field,defensive_field,9,2.0,1.0,1.0,3.0,0.0,4.0,3.0,1.0,3.0,0.5,0.75,1.0,0.3333333333333333,0.75,2.0,35.0,0.05714285714285714,5.0,10.0,1.0,1.0,0.0,1.0,0.0,0.0,0.0,0.0,0.0,0,0,0,,,6.0,0.6666666666666666,0.012474012474012475,0.010434782608695653,0.011299435028248588,0.016025641025641024,0.004032258064516129,0.07462686567164178,24.0,0.015989340439706862,1.7776326927655868,0.6994655768626219,1.0781671159029649,-0.03787113451194132,-0.18004257957422365,,-0.2459588374439231,1.7397615582536454,1.3137601412354987,shooting+turnover+defense+faceoff,deferred: no opportunity denominator; contexts not separable; overlaps faceoff value,deferred: goal value already credited to the shooter,"partial: caused turnovers only, relative to positional per-game average",0.2899602597089409,0.4444081731913967,-0.18004257957422365,,-0.027328759715991455,0.14597334902616652,0.0660228100530122,1.6737387482006332,1.2159453127573736,1.531540947567106,0.857802818346086,1.3359163615781935,-0.9950082882950945,,0.5,0.2920079716568354,1.0,0.30616764839997607,0.3333333333333333,0.1559145107510914,0.0,0.4696833445710784,,,0.025165905392287146,0.006089840169722695,2.999991000027e-06,0.055908918456457665,,0.1406767552252859,0.4442092343233526,,shooting_pct,0.025165905392287146,78,-0.0537921633482268,1.3971671517707076,86.53846153846155,1.3373900791562106,0.9788036476885034,50.641025641025635,90.38461538461539,0.0803221763734024,0.809948507547657,0.10972931607894061,True,False,False,True,True,True,True,True,True,"ground_ball_value,assist_value,possession_participation,penalty_value","defensive value is PARTIAL (caused turnovers only, on a games-played denominator); a value near zero does NOT mean an average defender","roster_position: measurable opportunities cannot separate offensive from defensive field roles (the feed attributes one defensive act, caused turnovers, 741 league-wide)"
000246,Ryan Brown,WAT,1,A,attack,attack,offensive_field,offensive_field,8,10.0,9.0,1.0,11.0,0.0,43.0,27.0,41.0,2.0,0.23255813953488372,0.627906976744186,0.21951219512195122,0.5,0.2558139534883721,2.0,80.0,0.025,1.0,3.0,2.0,0.0,0.0,0.0,,0.0,0.0,0.0,0.0,0,0,0,,,45.0,5.625,0.10135135135135136,0.062154696132596686,0.12721893491124261,0.040983606557377046,0.0,0.016129032258064516,48.0,0.03347280334728033,-1.9364666046971948,-3.3219113486325043,1.38544474393531,0.7297983754342504,,,0.001451560352128073,-1.2066682292629443,-1.2052166689108161,shooting+turnover+defense,deferred: no opportunity denominator; contexts not separable; overlaps faceoff value,deferred: goal value already credited to the shooter,"partial: caused turnovers only, relative to positional per-game average",-0.02681484953917654,-0.045034107085981274,,,0.00018144504401600912,-0.15065208361385202,0.0660228100530122,-1.2726910393159565,-0.40298183004224924,3.169275483138618,-0.3802814477071769,-0.6230793860963755,,,0.23255813953488372,0.27489055328393436,0.21951219512195122,0.285371658249444,0.5,0.1559146666652903,,,,,0.2172318340693577,0.20077575632070027,1.999996000008e-06,,,0.12388880836078897,,,shooting_pct,0.2172318340693577,40,0.17445256360862804,3.749635821874049,43.75,-0.10394933213057805,-0.3679475282561954,38.74999999999999,51.24999999999999,0.0,0.9994558790898133,0.0005441209101867137,True,False,False,True,True,True,False,True,True,"ground_ball_value,assist_value,possession_participation,penalty_value","offensive value covers finishing and possession security only; shot creation, assists and off-ball work are not measured","roster_position: measurable opportunities cannot separate offensive from defensive field roles (the feed attributes one defensive act, caused turnovers, 741 league-wide)"
000251,Steven DeNapoli,WAT,1,SSDM,short_stick_defensive_midfield,defensive_field,defensive_field,defensive_field,7,3.0,3.0,0.0,3.0,1.0,4.0,4.0,4.0,0.0,0.75,1.0,0.75,,0.75,2.0,27.0,0.07407407407407407,1.0,5.0,0.0,0.0,0.0,0.0,,0.0,0.0,0.0,0.0,0,0,0,,,6.0,0.8571428571428571,0.015267175572519083,0.008287292817679558,0.01384083044982699,0.015780245470485097,0.0,0.017241379310344827,12.0,0.00904977375565611,1.7978623074504874,1.7978623074504874,0.0,-0.15064826693866878,,,-0.9586928908369807,1.6472140405118185,0.6885211496748378,shooting+turnover+defense,deferred: no opportunity denominator; contexts not separable; overlaps faceoff value,deferred: goal value already credited to the shooter,"partial: caused turnovers only, relative to positional per-game average",0.27453567341863644,0.44946557686262184,,,-0.13695612726242581,0.09836016423926254,0.0660228100530122,1.5811912304588065,1.6338359024724793,1.1233077680660892,0.6129407890236623,1.9606322730826904,,,0.75,0.2982994480049072,0.75,0.3126356257626541,,,,,,,0.025165905392287146,0.023922311517986225,,,,0.1415555941639468,,,shooting_pct,0.025165905392287146,78,-0.0537921633482268,1.3971671517707076,76.28205128205127,0.6969906660510544,0.5312988586099305,63.46153846153846,89.1025641025641,0.0,0.6702353645679875,0.3297646354320126,True,False,False,True,False,True,False,True,True,"ground_ball_value,assist_value,possession_participation,penalty_value","defensive value is PARTIAL (caused turnovers only, on a games-played denominator); a value near zero does NOT mean an average defender","roster_position: measurable opportunities cannot separate offensive from defensive field roles (the feed attributes one defensive act, caused turnovers, 741 league-wide)"
000254,Trevor Baptiste,ATL,1,FO,faceoff,faceoff,faceoff,faceoff,10,5.0,4.0,1.0,6.0,4.0,19.0,12.0,17.0,2.0,0.2631578947368421,0.631578947368421,0.23529411764705882,0.5,0.3157894736842105,5.0,121.0,0.04132231404958678,1.0,90.0,5.0,251.0,169.0,82.0,0.6733067729083665,0.0,0.0,0.0,0.0,0,0,0,,,24.0,2.4,0.04293381037567084,0.0392156862745098,0.04714640198511166,0.04648482520169036,0.9471698113207547,0.015625,462.0,0.25853385562395076,0.2763595505998815,-1.1090851933354289,1.38544474393531,1.9347122153338998,15.969761716651105,,-0.09786572689873997,2.2110717659337813,18.082967755686145,shooting+turnover+defense+faceoff,deferred: no opportunity denominator; contexts not separable; overlaps faceoff value,deferred: goal value already credited to the shooter,"partial: caused turnovers only, relative to positional per-game average",0.09212799024724089,0.014545239505256921,0.06362454867191675,,-0.009786572689873997,1.8082967755686146,,,,3.702337057018515,4.8842035387908,0.1286590553283611,5.570742022924863,,0.2631578947368421,0.28407375138212115,0.23529411764705882,0.2956315834334374,0.5,0.1559146666652903,0.6733067729083665,0.6622246449614093,,,0.10922980005966414,0.09433547540451316,1.999996000008e-06,0.9369649056689471,,0.13342759653460234,0.11295355123002082,,faceoff_win_pct,0.9369649056689471,14,1.394728295312205,6.799194744589167,96.42857142857143,5.513056786372871,2.4544435168082988,96.42857142857143,67.85714285714286,0.873681520420525,0.12096439361432242,0.005354085965152478,True,True,False,True,True,False,False,True,True,"ground_ball_value,assist_value,possession_participation,penalty_value",faceoff value dominates this role's total; see the faceoff share-of-total column before comparing across roles,measured_opportunity: took 94.7% of team faceoffs in games played (threshold 50%)
000255,Tucker Durkin,ATL,1,D,defense,defensive_field,defensive_field,defensive_field,11,0.0,0.0,0.0,0.0,0.0,0.0,0.0,0.0,0.0,,,,,,2.0,37.0,0.05405405405405406,6.0,11.0,2.0,0.0,0.0,0.0,,0.0,0.0,0.0,0.0,0,0,0,,,2.0,0.18181818181818182,0.0032679738562091504,0.0032679738562091504,0.0,0.01312987934705465,0.0,0.08333333333333333,13.0,0.006592292089249493,0.0,0.0,0.0,-0.009676851405259488,,,-0.3301314173691769,-0.009676851405259488,-0.3398082687744364,shooting+turnover+defense,deferred: no opportunity denominator; contexts not separable; overlaps faceoff value,deferred: goal value already credited to the shooter,"partial: caused turnovers only, relative to positional per-game average",-0.004838425702629744,,,,-0.030011947033561536,-0.030891660797676034,0.0660228100530122,-0.07569966145827159,-0.20898994677580987,0.8014169171261265,-0.42400935332509027,,,,,,,,,,,,,,,,,,,,,,shooting_pct,,78,-0.0537921633482268,1.3971671517707076,42.94871794871795,-0.35627306980440526,-0.20471144419887446,7.051282051282048,53.20512820512819,0.0,0.028477386498452016,0.971522613501548,True,False,False,False,False,True,False,True,True,"ground_ball_value,assist_value,possession_participation,penalty_value","defensive value is PARTIAL (caused turnovers only, on a games-played denominator); a value near zero does NOT mean an average defender","roster_position: measurable opportunities cannot separate offensive from defensive field roles (the feed attributes one defensive act, caused turnovers, 741 league-wide)"
000256,Austin Staats,CHA,1,UNK,unknown,unknown,unclassified_field,unknown,2,1.0,1.0,0.0,1.0,2.0,8.0,5.0,8.0,0.0,0.125,0.625,0.125,,0.125,7.0,40.0,0.175,0.0,0.0,0.0,0.0,0.0,0.0,,0.0,0.0,0.0,0.0,0,0,0,,,15.0,7.5,0.16483516483516483,0.023696682464454975,0.14285714285714285,0.07677543186180422,0.0,0.0,13.0,0.04406779661016949,-1.4042753850990253,-1.4042753850990253,0.0,-0.2425368014447033,,,0.0,-1.6468121865437286,-1.6468121865437286,shooting+turnover+defense,deferred: no opportunity denominator; contexts not separable; overlaps faceoff value,deferred: goal value already credited to the shooter,"partial: caused turnovers only, relative to positional per-game average",-0.10978747910291524,-0.17553442313737816,,,0.0,-0.8234060932718643,,,,1.4303345972155355,-1.151347516692678,-1.0828717031467763,,,0.125,0.2787026897850569,0.125,0.29364969062731405,,,,,,,0.049096258976067356,0.04672680973719754,,,,0.1370131951989606,,,shooting_pct,0.049096258976067356,2,-0.3524049041182017,,25.0,,,75.0,25.0,0.0,1.0,0.0,True,False,False,True,True,True,False,True,True,"ground_ball_value,assist_value,possession_participation,penalty_value","offensive value covers finishing and possession security only; shot creation, assists and off-ball work are not measured",unlabelled: no position in any game played and no role-defining opportunity
000258,Blaze Riorden,CHA,1,G,goalie,goalie,goalie,goalie,13,0.0,0.0,0.0,0.0,3.0,3.0,1.0,0.0,3.0,0.0,0.3333333333333333,,0.0,0.0,4.0,203.0,0.019704433497536946,6.0,24.0,0.0,0.0,0.0,0.0,,182.0,139.0,8.0,147.0,338,307,31,0.5669781931464174,0.4349112426035503,7.0,0.5384615384615384,0.011058451816745656,0.011058451816745656,0.0069605568445475635,0.06357657375508925,0.0,0.09090909090909091,579.0,0.27957508450024143,-0.9218328840970351,0.0,-0.9218328840970351,0.46360920491788543,,12.820659316588774,0.36294757557071605,-0.4582236791791497,12.72538321298034,shooting+turnover+defense+goalie,deferred: no opportunity denominator; contexts not separable; overlaps faceoff value,deferred: goal value already credited to the shooter,"partial: caused turnovers only, relative to positional per-game average",-0.06546052559702138,-0.30727762803234504,,0.037930944723635424,0.027919044274670464,0.9788756317677184,,,,10.145131530024896,1.2543339803253504,-0.7379606949297143,,1.2779676804823905,0.0,0.28119414527490516,,,0.0,0.15591351075409138,,,0.5669781931464174,0.5407083601399936,0.018993928898638098,,2.999991000027e-06,,0.43787850412353607,0.13952446065377444,,0.07207850500708446,save_pct,0.43787850412353607,14,-0.7194840200231043,6.869390003298461,96.42857142857143,1.720203154495264,1.957214137870706,89.28571428571429,46.42857142857143,0.0,0.09509488854112151,0.024912235248828084,True,False,False,True,True,True,True,True,True,"ground_ball_value,assist_value,possession_participation,penalty_value",goalie metrics are standardized only against other goalies; a goalie total is not comparable with a field player total,measured_opportunity: faced 338 shots on goal as goalie of record
000260,Brodie Merrill,CAN,1,LSM,long_stick_midfield,defensive_field,defensive_field,defensive_field,6,0.0,0.0,0.0,0.0,1.0,0.0,0.0,0.0,0.0,,,,,,3.0,34.0,0.08823529411764706,6.0,15.0,2.0,0.0,0.0,0.0,,0.0,0.0,0.0,0.0,0,0,0,,,3.0,0.5,0.009554140127388535,0.005504587155963303,0.0,0.02401129943502825,0.0,0.14285714285714285,23.0,0.021863117870722433,0.0,0.0,0.0,-0.3176038205047193,,,0.54438889354255,-0.3176038205047193,0.22678507303783074,shooting+turnover+defense,deferred: no opportunity denominator; contexts not separable; overlaps faceoff value,deferred: goal value already credited to the shooter,"partial: caused turnovers only, relative to positional per-game average",-0.10586794016823976,,,,0.09073148225709167,0.03779751217297179,0.0660228100530122,-0.3836266305577315,-1.1048456471002648,0.6319236336210277,0.35888050544701816,,,,,,,,,,,,,,,,,,,,,,shooting_pct,,78,-0.0537921633482268,1.3971671517707076,59.61538461538463,0.2240586888726472,0.2008186608384447,41.66666666666667,26.282051282051285,0.0,0.3684530220835518,0.6315469779164481,True,False,False,False,True,True,False,True,True,"ground_ball_value,assist_value,possession_participation,penalty_value","defensive value is PARTIAL (caused turnovers only, on a games-played denominator); a value near zero does NOT mean an average defender","roster_position: measurable opportunities cannot separate offensive from defensive field roles (the feed attributes one defensive act, caused turnovers, 741 league-wide)"
000262,Connor Fields,ARC,1,M,midfield,midfield,offensive_field,offensive_field,8,15.0,15.0,0.0,15.0,7.0,42.0,32.0,41.0,1.0,0.35714285714285715,0.7619047619047619,0.36585365853658536,0.0,0.35714285714285715,10.0,196.0,0.05102040816326531,2.0,13.0,0.0,0.0,0.0,0.0,,0.0,0.0,0.0,0.0,0,0,0,,,52.0,6.5,0.12839506172839507,0.08469055374592833,0.134185303514377,0.08793180798564379,0.0,0.03125,81.0,0.05873821609862219,2.3708110233351505,2.6780886513674957,-0.30727762803234504,0.43326474317278446,,,0.2670871047915651,2.804075766507935,3.0711628712995003,shooting+turnover+defense,deferred: no opportunity denominator; contexts not separable; overlaps faceoff value,deferred: goal value already credited to the shooter,"partial: caused turnovers only, relative to positional per-game average",0.05392453397130644,0.056447881507979775,,,0.03338588809894564,0.38389535891243753,0.0660228100530122,2.738052956454923,0.8697317524046667,3.1592839886660524,0.9721072503508115,0.7842422713519416,,,0.35714285714285715,0.3016740971855535,0.36585365853658536,0.3147534762475953,0.0,0.15591382258080105,,,,,0.21325728610002756,0.20077575632070027,9.99999000001e-07,,,0.12770004762569442,,,shooting_pct,0.21325728610002756,52,-0.2392167369865673,3.0729473621539043,85.57692307692308,1.448870054896581,1.077265315070591,93.26923076923077,77.88461538461539,0.0,0.9130338845629008,0.08696611543709912,True,False,False,True,True,True,True,True,True,"ground_ball_value,assist_value,possession_participation,penalty_value","offensive value covers finishing and possession security only; shot creation, assists and off-ball work are not measured","roster_position: measurable opportunities cannot separate offensive from defensive field roles (the feed attributes one defensive act, caused turnovers, 741 league-wide)"
000266,Dhane Smith,CHA,1,M,midfield,midfield,offensive_field,offensive_field,10,8.0,8.0,0.0,8.0,20.0,41.0,26.0,40.0,1.0,0.1951219512195122,0.6341463414634146,0.2,0.0,0.1951219512195122,23.0,357.0,0.06442577030812324,2.0,7.0,1.0,0.0,0.0,0.0,,0.0,0.0,0.0,0.0,0,0,0,,,64.0,6.4,0.12648221343873517,0.10110584518167456,0.11581920903954802,0.1466721446179129,0.0,0.03636363636363636,109.0,0.0662613981762918,-4.328654553527471,-4.021376925495126,-0.30727762803234504,-0.48209503760973427,,,0.20104110876973788,-4.810749591137205,-4.609708482367467,shooting+turnover+defense,deferred: no opportunity denominator; contexts not separable; overlaps faceoff value,deferred: goal value already credited to the shooter,"partial: caused turnovers only, relative to positional per-game average",-0.07516796236151883,-0.10557694032993832,,,0.020104110876973787,-0.4609708482367467,0.0660228100530122,-4.876772401190218,-1.516982900800322,3.2283985459139655,-1.4278622719000298,-1.4486364864084098,,,0.1951219512195122,0.26748940819871464,0.2,0.28185492359424025,0.0,0.15591382258080105,,,,,0.20924217017740102,0.19684271948068216,9.99999000001e-07,,,0.12344718753593042,,,shooting_pct,0.20924217017740102,52,-0.2392167369865673,3.0729473621539043,6.730769230769229,-1.9499905504620372,-1.422247513643551,89.42307692307692,22.11538461538461,0.0,0.9598863717965176,0.04011362820348238,True,False,False,True,True,True,True,True,True,"ground_ball_value,assist_value,possession_participation,penalty_value","offensive value covers finishing and possession security only; shot creation, assists and off-ball work are not measured","roster_position: measurable opportunities cannot separate offensive from defensive field roles (the feed attributes one defensive act, caused turnovers, 741 league-wide)"
000267,Jake Froccaro,CAN,1,M,midfield,midfield,offensive_field,offensive_field,5,1.0,0.0,1.0,2.0,6.0,20.0,11.0,12.0,8.0,0.05,0.55,0.0,0.125,0.1,3.0,113.0,0.02654867256637168,1.0,8.0,1.0,3.0,0.0,3.0,0.0,0.0,0.0,0.0,0.0,0,0,0,,,23.0,4.6,0.08098591549295775,0.04220183486238532,0.1,0.08982511923688394,0.02112676056338028,0.03571428571428571,51.0,0.058419243986254296,-4.0646341019072985,-3.606413077648538,-0.4582210242587603,0.9843539850239772,-0.540127738722671,,0.10052055438486894,-3.0802801168833214,-3.5198873012211234,shooting+turnover+defense+faceoff,deferred: no opportunity denominator; contexts not separable; overlaps faceoff value,deferred: goal value already credited to the shooter,"partial: caused turnovers only, relative to positional per-game average",-0.1339252224731879,-0.20323170509536492,-0.18004257957422365,,0.020104110876973787,-0.7039774602442247,0.0660228100530122,-3.1463029269363334,-1.1784042471522536,2.6964457274855342,-1.3053803625053702,-1.5722249620288355,-1.7234049092792447,,0.05,0.25958566242194425,0.0,0.2812381584498025,0.125,0.15591373118477417,0.0,0.4224463117764021,,,0.11432150976521628,0.06849005375055012,7.999936000511995e-06,0.15085812603536278,,0.1293238772195764,0.4185387146426365,,shooting_pct,0.11432150976521628,52,-0.2392167369865673,3.0729473621539043,8.653846153846157,-1.467734031777437,-1.0675973837492139,49.03846153846153,10.576923076923084,0.09493185550795886,0.8874008371861597,0.0176673073058815,True,False,False,True,True,True,False,True,True,"ground_ball_value,assist_value,possession_participation,penalty_value","offensive value covers finishing and possession security only; shot creation, assists and off-ball work are not measured","roster_position: measurable opportunities cannot separate offensive from defensive field roles (the feed attributes one defensive act, caused turnovers, 741 league-wide)"
000268,James Barclay,WHP,1,D,defense,defensive_field,defensive_field,defensive_field,1,0.0,0.0,0.0,0.0,0.0,1.0,1.0,1.0,0.0,0.0,1.0,0.0,,0.0,0.0,4.0,0.0,0.0,2.0,0.0,0.0,0.0,0.0,,0.0,0.0,0.0,0.0,0,0,0,,,1.0,1.0,0.017543859649122806,0.0015923566878980893,0.02,0.016260162601626018,0.0,0.0,4.0,0.02030456852791878,-0.30053442313737816,-0.30053442313737816,0.0,0.056388566213363744,,,-0.1749040621823454,-0.24414585692401441,-0.4190499191063598,shooting+turnover+defense,deferred: no opportunity denominator; contexts not separable; overlaps faceoff value,deferred: goal value already credited to the shooter,"partial: caused turnovers only, relative to positional per-game average",-0.24414585692401441,-0.30053442313737816,,,-0.1749040621823454,-0.4190499191063598,0.0660228100530122,-0.3101686669770266,-0.6547704010524663,0.5204403033160329,-0.805183450313792,-0.655486781978336,,,0.0,0.2848004651315773,0.0,0.3000778082302534,,,,,,,0.006412508790228359,0.006089840169722695,,,,0.1409528058138676,,,shooting_pct,0.006412508790228359,78,-0.0537921633482268,1.3971671517707076,35.256410256410255,-0.4374361243339697,-0.26142738561754875,73.71794871794873,1.9230769230769218,0.0,0.6711260518280278,0.3288739481719723,True,False,False,True,True,True,False,True,True,"ground_ball_value,assist_value,possession_participation,penalty_value","defensive value is PARTIAL (caused turnovers only, on a games-played denominator); a value near zero does NOT mean an average defender","roster_position: measurable opportunities cannot separate offensive from defensive field roles (the feed attributes one defensive act, caused turnovers, 741 league-wide)"
000269,Jarrod Neumann,CHA,1,D,defense,defensive_field,defensive_field,defensive_field,13,0.0,0.0,0.0,0.0,1.0,7.0,2.0,0.0,7.0,0.0,0.2857142857142857,,0.0,0.0,6.0,59.0,0.1016949152542373,7.0,17.0,2.0,0.0,0.0,0.0,,0.0,0.0,0.0,0.0,0,0,0,,,13.0,1.0,0.020537124802527645,0.020537124802527645,0.016241299303944315,0.018477920450986535,0.0,0.10606060606060606,28.0,0.013520038628681796,-2.150943396226415,0.0,-2.150943396226415,-0.7620819149895071,,,-0.4143039972944306,-2.913025311215922,-3.3273293085103526,shooting+turnover+defense,deferred: no opportunity denominator; contexts not separable; overlaps faceoff value,deferred: goal value already credited to the shooter,"partial: caused turnovers only, relative to positional per-game average",-0.22407887009353247,-0.307277628032345,,,-0.03186953825341774,-0.2559484083469502,0.0660228100530122,-2.979048121268934,-1.518231490880281,2.110486187735978,-1.576570047150956,-1.127253581472543,,,0.0,0.2742487307516536,,,0.0,0.15591288710441392,,,,,0.043224496739814953,,6.9999510003429975e-06,,,0.13674546871334314,,,shooting_pct,0.043224496739814953,78,-0.0537921633482268,1.3971671517707076,3.2051282051282106,-3.416233734942429,-2.34298175491271,81.41025641025641,4.487179487179493,0.0,0.8754845226065362,0.12451547739346389,True,False,False,True,True,True,True,True,True,"ground_ball_value,assist_value,possession_participation,penalty_value","defensive value is PARTIAL (caused turnovers only, on a games-played denominator); a value near zero does NOT mean an average defender","roster_position: measurable opportunities cannot separate offensive from defensive field roles (the feed attributes one defensive act, caused turnovers, 741 league-wide)"
000272,Josh Byrne,CHA,1,A,attack,attack,offensive_field,offensive_field,10,21.0,21.0,0.0,21.0,9.0,77.0,44.0,76.0,1.0,0.2727272727272727,0.5714285714285714,0.27631578947368424,0.0,0.2727272727272727,18.0,315.0,0.05714285714285714,2.0,14.0,3.0,0.0,0.0,0.0,,0.0,0.0,0.0,0.0,0,0,0,,,95.0,9.5,0.18774703557312253,0.1500789889415482,0.2175141242937853,0.12941659819227608,0.0,0.03636363636363636,128.0,0.07781155015197569,-2.147893786473084,-1.8406161584407386,-0.30727762803234504,0.18402121582306052,,,0.20104110876973788,-1.9638725706500233,-1.7628314618802854,shooting+turnover+defense,deferred: no opportunity denominator; contexts not separable; overlaps faceoff value,deferred: goal value already credited to the shooter,"partial: caused turnovers only, relative to positional per-game average",-0.020672342848947613,-0.02789472449965044,,,0.020104110876973787,-0.17628314618802854,0.0660228100530122,-2.0298953807030355,-0.48198381836122817,4.221944083311713,-0.41754022011999553,-0.5288332248357469,,,0.2727272727272727,0.2820203457966225,0.27631578947368424,0.2937827173141707,0.0,0.15591382258080105,,,,,0.3319749588659499,0.31771523009262026,9.99999000001e-07,,,0.11542413051938638,,,shooting_pct,0.3319749588659499,40,0.17445256360862804,3.749635821874049,31.25,-0.3344274830093104,-0.5166592483961999,98.75,53.75000000000001,0.0,0.9206298490955145,0.07937015090448554,True,False,False,True,True,True,True,True,True,"ground_ball_value,assist_value,possession_participation,penalty_value","offensive value covers finishing and possession security only; shot creation, assists and off-ball work are not measured","roster_position: measurable opportunities cannot separate offensive from defensive field roles (the feed attributes one defensive act, caused turnovers, 741 league-wide)"
000275,Mark Glicini,CHA,1,SSDM,short_stick_defensive_midfield,defensive_field,defensive_field,defensive_field,11,1.0,1.0,0.0,1.0,0.0,2.0,2.0,1.0,1.0,0.5,1.0,1.0,0.0,0.5,2.0,56.0,0.03571428571428571,3.0,10.0,1.0,0.0,0.0,0.0,,0.0,0.0,0.0,0.0,0,0,0,,,4.0,0.36363636363636365,0.007380073800738007,0.00631911532385466,0.00546448087431694,0.02058066887173833,0.0,0.05454545454545454,20.0,0.011487650775416428,0.39218794883027686,0.6994655768626219,-0.30727762803234504,0.25816883810821833,,,-1.127038050687488,0.6503567869384952,-0.4766812637489928,shooting+turnover+defense,deferred: no opportunity denominator; contexts not separable; overlaps faceoff value,deferred: goal value already credited to the shooter,"partial: caused turnovers only, relative to positional per-game average",0.1625891967346238,0.19609397441513843,,,-0.10245800460795346,-0.043334660340817524,0.0660228100530122,0.5843339768854829,0.6062770488658579,1.1999965629277682,-0.3972355242301521,0.4589115263275292,,,0.5,0.2893574666235639,1.0,0.30616764839997607,0.0,0.15591382258080105,,,,,0.012743301050454155,0.006089840169722695,9.99999000001e-07,,,0.14117891644127667,,,shooting_pct,0.012743301050454155,78,-0.0537921633482268,1.3971671517707076,31.41025641025641,-0.4964648793920624,-0.302676097033068,31.41025641025641,82.6923076923077,0.0,0.36590450988771783,0.6340954901122822,True,False,False,True,True,True,False,True,True,"ground_ball_value,assist_value,possession_participation,penalty_value","defensive value is PARTIAL (caused turnovers only, on a games-played denominator); a value near zero does NOT mean an average defender","roster_position: measurable opportunities cannot separate offensive from defensive field roles (the feed attributes one defensive act, caused turnovers, 741 league-wide)"
000276,Matt Rees,CHA,1,D,defense,defensive_field,defensive_field,defensive_field,8,2.0,1.0,1.0,3.0,0.0,6.0,4.0,2.0,4.0,0.3333333333333333,0.6666666666666666,0.5,0.25,0.5,3.0,39.0,0.07692307692307693,5.0,11.0,2.0,0.0,0.0,0.0,,0.0,0.0,0.0,0.0,0,0,0,,,9.0,1.125,0.022277227722772276,0.014218009478672985,0.021052631578947368,0.02016546018614271,0.0,0.10869565217391304,22.0,0.016819571865443424,1.1698206415958636,0.3989311537252437,0.7708894878706198,-0.24711811273801462,,,-0.07105477526157782,0.922702528857849,0.8516477535962712,shooting+turnover+defense,deferred: no opportunity denominator; contexts not separable; overlaps faceoff value,deferred: goal value already credited to the shooter,"partial: caused turnovers only, relative to positional per-game average",0.10252250320642767,0.19497010693264394,,,-0.008881846907697227,0.1064559691995339,0.0660228100530122,0.8566797188048367,0.527323554567767,1.7352085296722797,0.4908042687855607,0.7397160705876669,,,0.3333333333333333,0.2883793084599374,0.5,0.3043144222073915,0.25,0.1559143548372043,,,,,0.03727976852456296,0.012105956996236773,3.9999840000639995e-06,,,0.13929005223326385,,,shooting_pct,0.03727976852456296,78,-0.0537921633482268,1.3971671517707076,81.41025641025641,0.8640726664112126,0.6480541113473671,83.97435897435898,71.15384615384616,0.0,0.9522479272602109,0.047752072739789146,True,False,False,True,True,True,True,True,True,"ground_ball_value,assist_value,possession_participation,penalty_value","defensive value is PARTIAL (caused turnovers only, on a games-played denominator); a value near zero does NOT mean an average defender","roster_position: measurable opportunities cannot separate offensive from defensive field roles (the feed attributes one defensive act, caused turnovers, 741 league-wide)"
000278,Myles Jones,RED,1,M,midfield,midfield,offensive_field,offensive_field,11,13.0,10.0,3.0,16.0,7.0,59.0,30.0,44.0,15.0,0.22033898305084745,0.5084745762711864,0.22727272727272727,0.2,0.2711864406779661,14.0,249.0,0.05622489959839357,1.0,8.0,2.0,0.0,0.0,0.0,,0.0,0.0,0.0,0.0,0,0,0,,,73.0,6.636363636363637,0.12695652173913044,0.12695652173913044,0.14320388349514562,0.0946048632218845,0.0,0.012987012987012988,100.0,0.05646527385657821,-1.8326790385298146,-3.2235146180446392,1.3908355795148246,0.2061810855224812,,,-0.09761743368061279,-1.6264979530073334,-1.7241153866879462,shooting+turnover+defense,deferred: no opportunity denominator; contexts not separable; overlaps faceoff value,deferred: goal value already credited to the shooter,"partial: caused turnovers only, relative to positional per-game average",-0.022280793876812786,-0.031062356585251097,,,-0.008874312152782981,-0.15673776242617693,0.0660228100530122,-1.6925207630603454,-0.3985746595479576,4.257779922905423,-0.4049329504826648,-0.4438191342668465,,,0.22033898305084745,0.2683550067155582,0.22727272727272727,0.2860660574973841,0.2,0.155914639775027,,,,,0.2757715458395839,0.21234709349305128,1.499977500337495e-05,,,0.11830266425386071,,,shooting_pct,0.2757715458395839,52,-0.2392167369865673,3.0729473621539043,24.038461538461537,-0.6730874174187291,-0.4832164286278489,91.34615384615384,41.34615384615385,0.0,0.9543091696295662,0.0456908303704337,True,False,False,True,True,True,True,True,True,"ground_ball_value,assist_value,possession_participation,penalty_value","offensive value covers finishing and possession security only; shot creation, assists and off-ball work are not measured","roster_position: measurable opportunities cannot separate offensive from defensive field roles (the feed attributes one defensive act, caused turnovers, 741 league-wide)"
000279,Patrick Resch,CHA,1,SSDM,short_stick_defensive_midfield,defensive_field,defensive_field,defensive_field,13,1.0,1.0,0.0,1.0,1.0,4.0,3.0,2.0,2.0,0.25,0.75,0.5,0.0,0.25,4.0,99.0,0.04040404040404041,9.0,19.0,0.0,0.0,0.0,0.0,,0.0,0.0,0.0,0.0,0,0,0,,,8.0,0.6153846153846154,0.01263823064770932,0.01263823064770932,0.009280742459396751,0.031005324146570624,0.0,0.13636363636363635,34.0,0.016417189763399325,-0.2156241023394463,0.3989311537252437,-0.6145552560646901,0.33307483602300453,,,0.11696709158444345,0.11745073368355824,0.2344178252680017,shooting+turnover+defense,deferred: no opportunity denominator; contexts not separable; overlaps faceoff value,deferred: goal value already credited to the shooter,"partial: caused turnovers only, relative to positional per-game average",0.01468134171044478,-0.05390602558486157,,,0.008997468583418726,0.0180321404052309,0.0660228100530122,0.05142792363054599,0.03820761197249923,1.5542648544903797,0.15082231615207167,-0.17840911049309777,,,0.25,0.28571649530876364,0.5,0.3043144222073915,0.0,0.1559136666672903,,,,,0.025165905392287146,0.012105956996236773,1.999996000008e-06,,,0.139765142055694,,,shooting_pct,0.025165905392287146,78,-0.0537921633482268,1.3971671517707076,60.897435897435905,0.231876515519027,0.2062816809362888,51.92307692307692,55.769230769230774,0.0,0.8242856232369633,0.17571437676303672,True,False,False,True,True,True,True,True,True,"ground_ball_value,assist_value,possession_participation,penalty_value","defensive value is PARTIAL (caused turnovers only, on a games-played denominator); a value near zero does NOT mean an average defender","roster_position: measurable opportunities cannot separate offensive from defensive field roles (the feed attributes one defensive act, caused turnovers, 741 league-wide)"
000280,Thomas Kelly,CHA,1,FO,faceoff,faceoff,faceoff,faceoff,5,1.0,1.0,0.0,1.0,0.0,1.0,1.0,1.0,0.0,1.0,1.0,1.0,,1.0,3.0,18.0,0.16666666666666666,0.0,23.0,0.0,115.0,52.0,63.0,0.45217391304347826,0.0,0.0,0.0,0.0,0,0,0,,,4.0,0.8,0.017467248908296942,0.00631911532385466,0.00684931506849315,0.014297061159650517,0.905511811023622,0.0,161.0,0.21100917431192662,0.6994655768626219,0.6994655768626219,0.0,-0.3115180475698852,-1.8862969003337993,,-0.1817506356690885,0.3879475292927367,-1.680100006710151,shooting+turnover+defense+faceoff,deferred: no opportunity denominator; contexts not separable; overlaps faceoff value,deferred: goal value already credited to the shooter,"partial: caused turnovers only, relative to positional per-game average",0.09698688232318417,0.6994655768626219,-0.01640258174203304,,-0.0363501271338177,-0.3360200013420302,,,,2.0346006318697722,-0.8257640248377198,1.5255837760479056,-0.9721037144521109,,1.0,0.2912129739218057,1.0,0.30616764839997607,,,0.45217391304347826,0.45797703350357255,,,0.006412508790228359,0.006089840169722695,,0.8719636347483637,,0.14189549279399216,0.16914356203051284,,faceoff_win_pct,0.8719636347483637,14,1.394728295312205,6.799194744589167,32.142857142857146,-0.3076153520989941,-0.45223418618349176,17.857142857142854,82.14285714285715,0.6126267653839088,0.3283447200610816,0.0590285145550095,True,True,False,True,True,False,False,True,True,"ground_ball_value,assist_value,possession_participation,penalty_value",faceoff value dominates this role's total; see the faceoff share-of-total column before comparing across roles,measured_opportunity: took 90.6% of team faceoffs in games played (threshold 50%)
000281,Troy Reh,CHA,1,LSM,long_stick_midfield,defensive_field,defensive_field,defensive_field,13,1.0,1.0,0.0,1.0,0.0,4.0,4.0,2.0,2.0,0.25,1.0,0.5,0.0,0.25,1.0,102.0,0.00980392156862745,9.0,33.0,4.0,2.0,0.0,2.0,0.0,0.0,0.0,0.0,0.0,0,0,0,,,5.0,0.38461538461538464,0.007898894154818325,0.007898894154818325,0.009280742459396751,0.03194487942373943,0.006349206349206349,0.13636363636363635,63.0,0.03042008691453404,-0.2156241023394463,0.3989311537252437,-0.6145552560646901,1.1722728940013385,-0.3600851591484473,,0.11696709158444345,0.9566487916618922,0.7135307240978883,shooting+turnover+defense+faceoff,deferred: no opportunity denominator; contexts not separable; overlaps faceoff value,deferred: goal value already credited to the shooter,"partial: caused turnovers only, relative to positional per-game average",0.19132975833237845,-0.05390602558486157,-0.18004257957422365,,0.008997468583418726,0.05488697877676064,0.0660228100530122,0.89062598160888,0.659743295784567,1.5785626141607003,0.4520129374008155,-0.17840911049309777,-1.407154215980561,,0.25,0.28571649530876364,0.5,0.3043144222073915,0.0,0.1559136666672903,0.0,0.44481426036032357,,,0.025165905392287146,0.012105956996236773,1.999996000008e-06,0.10589723692870423,,0.139765142055694,0.4313178432639688,,shooting_pct,0.025165905392287146,78,-0.0537921633482268,1.3971671517707076,77.56410256410255,0.7226066576937915,0.5491990607377536,34.61538461538462,83.97435897435899,0.19308040672606144,0.7442009473011442,0.06271864597279446,True,False,False,True,True,True,True,True,True,"ground_ball_value,assist_value,possession_participation,penalty_value","defensive value is PARTIAL (caused turnovers only, on a games-played denominator); a value near zero does NOT mean an average defender","roster_position: measurable opportunities cannot separate offensive from defensive field roles (the feed attributes one defensive act, caused turnovers, 741 league-wide)"
000282,Tyson Bell,CAN,1,LSM,long_stick_midfield,defensive_field,defensive_field,defensive_field,5,1.0,1.0,0.0,1.0,0.0,3.0,1.0,3.0,0.0,0.3333333333333333,0.3333333333333333,0.3333333333333333,,0.3333333333333333,2.0,25.0,0.08,1.0,5.0,5.0,0.0,0.0,0.0,,0.0,0.0,0.0,0.0,0,0,0,,,5.0,1.0,0.017605633802816902,0.009174311926605505,0.015,0.01987281399046105,0.0,0.03571428571428571,15.0,0.01718213058419244,0.09839673058786547,0.09839673058786547,0.0,-0.17884255004535068,,,-0.6088847664722898,-0.08044581945748522,-0.689330585929775,shooting+turnover+defense,deferred: no opportunity denominator; contexts not separable; overlaps faceoff value,deferred: goal value already credited to the shooter,"partial: caused turnovers only, relative to positional per-game average",-0.016089163891497043,0.032798910195955155,,,-0.12177695329445797,-0.137866117185955,0.0660228100530122,-0.14646862951049738,-0.17270013549688287,0.9754965103180182,-0.7066458758576684,0.12390526372171633,,,0.3333333333333333,0.28752545490778453,0.3333333333333333,0.3024834961094056,,,,,,,0.018993928898638098,0.018049681162381374,,,,0.1404688223847188,,,shooting_pct,0.018993928898638098,78,-0.0537921633482268,1.3971671517707076,23.717948717948715,-0.7142703952986468,-0.4548764417887259,75.0,50.641025641025635,0.0,0.31286734801838273,0.6871326519816172,True,False,False,True,True,True,False,True,True,"ground_ball_value,assist_value,possession_participation,penalty_value","defensive value is PARTIAL (caused turnovers only, on a games-played denominator); a value near zero does NOT mean an average defender","roster_position: measurable opportunities cannot separate offensive from defensive field roles (the feed attributes one defensive act, caused turnovers, 741 league-wide)"
000294,John Ranagan,CHR,1,M,midfield,midfield,offensive_field,offensive_field,3,1.0,1.0,0.0,1.0,0.0,4.0,3.0,4.0,0.0,0.25,0.75,0.25,,0.25,2.0,36.0,0.05555555555555555,0.0,1.0,0.0,0.0,0.0,0.0,,0.0,0.0,0.0,0.0,0,0,0,,,6.0,2.0,0.03870967741935484,0.010471204188481676,0.034782608695652174,0.04326923076923077,0.0,0.0,10.0,0.02028397565922921,-0.20213769254951264,-0.20213769254951264,0.0,0.03621017006203196,,,-0.09906899403274087,-0.16592752248748066,-0.26499651652022155,shooting+turnover+defense,deferred: no opportunity denominator; contexts not separable; overlaps faceoff value,deferred: goal value already credited to the shooter,"partial: caused turnovers only, relative to positional per-game average",-0.027654587081246778,-0.05053442313737816,,,-0.03302299801091362,-0.08833217217340718,0.0660228100530122,-0.2319503325404929,-0.23398886563991578,1.00447397071407,-0.2638162105204561,-0.2204382849435512,,,0.25,0.28571649530876364,0.25,0.30067447000366093,,,,,,,0.025165905392287146,0.023922311517986225,,,,0.139765142055694,,,shooting_pct,0.025165905392287146,52,-0.2392167369865673,3.0729473621539043,47.11538461538462,-0.027413063820710768,-0.008389268183098507,14.423076923076916,35.57692307692308,0.0,0.7063899088563252,0.29361009114367465,True,False,False,True,True,True,False,True,True,"ground_ball_value,assist_value,possession_participation,penalty_value","offensive value covers finishing and possession security only; shot creation, assists and off-ball work are not measured","roster_position: measurable opportunities cannot separate offensive from defensive field roles (the feed attributes one defensive act, caused turnovers, 741 league-wide)"
000295,Jordan MacIntosh,CHR,1,M,midfield,midfield,offensive_field,offensive_field,10,14.0,13.0,1.0,15.0,1.0,41.0,29.0,40.0,1.0,0.34146341463414637,0.7073170731707317,0.325,1.0,0.36585365853658536,17.0,184.0,0.09239130434782608,2.0,8.0,0.0,0.0,0.0,0.0,,0.0,0.0,0.0,0.0,0,0,0,,,58.0,5.8,0.11132437619961612,0.1012216404886562,0.11171662125340599,0.0653177138800142,0.0,0.031746031746031744,64.0,0.038231780167264036,2.671345446472529,0.9786230745048741,1.692722371967655,-1.6153444875502436,,,0.20104110876973788,1.0560009589222852,1.257042067692023,shooting+turnover+defense,deferred: no opportunity denominator; contexts not separable; overlaps faceoff value,deferred: goal value already credited to the shooter,"partial: caused turnovers only, relative to positional per-game average",0.018206913084866987,0.06515476698713485,,,0.020104110876973787,0.1257042067692023,0.0660228100530122,0.9899781488692729,0.3186287975734738,3.1210799534472407,0.402758688159724,0.8939979926112415,,,0.34146341463414637,0.2981102135905294,0.325,0.30646026352932554,1.0,0.15591482257980108,,,,,0.20924217017740102,0.19684271948068216,9.99999000001e-07,,,0.12758695502998307,,,shooting_pct,0.20924217017740102,52,-0.2392167369865673,3.0729473621539043,72.11538461538463,0.6461038778795353,0.48691325569268,75.96153846153845,60.57692307692308,0.0,0.9552020593808493,0.04479794061915064,True,False,False,True,True,True,True,True,True,"ground_ball_value,assist_value,possession_participation,penalty_value","offensive value covers finishing and possession security only; shot creation, assists and off-ball work are not measured","roster_position: measurable opportunities cannot separate offensive from defensive field roles (the feed attributes one defensive act, caused turnovers, 741 league-wide)"
000298,Justin Guterding,WHP,1,M,midfield,midfield,offensive_field,offensive_field,7,6.0,6.0,0.0,6.0,10.0,25.0,17.0,25.0,0.0,0.24,0.68,0.24,,0.24,9.0,166.0,0.05421686746987952,2.0,5.0,1.0,0.0,0.0,0.0,,0.0,0.0,0.0,0.0,0,0,0,,,34.0,4.857142857142857,0.08762886597938144,0.054140127388535034,0.08896797153024912,0.09606481481481481,0.0,0.05555555555555555,59.0,0.04983108108108108,-1.5133605784344537,-1.5133605784344537,0.0,0.2259992384947998,,,0.3001101028024787,-1.287361339939654,-0.9872512371371753,shooting+turnover+defense,deferred: no opportunity denominator; contexts not separable; overlaps faceoff value,deferred: goal value already credited to the shooter,"partial: caused turnovers only, relative to positional per-game average",-0.037863568821754526,-0.06053442313737815,,,0.042872871828925525,-0.1410358910195965,0.0660228100530122,-1.3533841499926662,-0.5567463625407445,2.443478457245122,-0.404035171339404,-0.66014924026019,,,0.24,0.2801589901803202,0.24,0.2936919590889613,,,,,,,0.13893118159808085,0.132831815607044,,,,0.13065013190498576,,,shooting_pct,0.13893118159808085,52,-0.2392167369865673,3.0729473621539043,31.73076923076923,-0.3470178331112782,-0.2434257447307175,62.5,31.73076923076923,0.0,0.8528489683035116,0.14715103169648835,True,False,False,True,True,True,False,True,True,"ground_ball_value,assist_value,possession_participation,penalty_value","offensive value covers finishing and possession security only; shot creation, assists and off-ball work are not measured","roster_position: measurable opportunities cannot separate offensive from defensive field roles (the feed attributes one defensive act, caused turnovers, 741 league-wide)"
000302,Michael Manley,CHR,1,D,defense,defensive_field,defensive_field,defensive_field,11,1.0,1.0,0.0,1.0,2.0,8.0,6.0,4.0,4.0,0.125,0.75,0.25,0.0,0.125,2.0,91.0,0.02197802197802198,13.0,21.0,4.0,0.0,0.0,0.0,,0.0,0.0,0.0,0.0,0,0,0,,,10.0,0.9090909090909091,0.017452006980802792,0.017452006980802792,0.019704433497536946,0.029583875162548765,0.0,0.17567567567567569,37.0,0.020285087719298246,-1.4312482046788926,-0.20213769254951264,-1.2291105121293802,0.7515687924751511,,,1.5293173937068825,-0.6796794122037415,0.849637981503141,shooting+turnover+defense,deferred: no opportunity denominator; contexts not separable; overlaps faceoff value,deferred: goal value already credited to the shooter,"partial: caused turnovers only, relative to positional per-game average",-0.06796794122037415,-0.17890602558486157,,,0.13902885397335296,0.07723981650028554,0.0660228100530122,-0.7457022222567538,-0.4140183975472578,1.9378205243548974,0.4384502954864648,-0.8373744018929176,,,0.125,0.2787026897850569,0.25,0.30067447000366093,0.0,0.15591335484120428,,,,,0.049096258976067356,0.023922311517986225,3.9999840000639995e-06,,,0.1370131951989606,,,shooting_pct,0.049096258976067356,78,-0.0537921633482268,1.3971671517707076,80.12820512820514,0.8620141625650223,0.646615649177266,72.43589743589745,35.256410256410255,0.0,0.5880220830711358,0.4119779169288642,True,False,False,True,True,True,True,True,True,"ground_ball_value,assist_value,possession_participation,penalty_value","defensive value is PARTIAL (caused turnovers only, on a games-played denominator); a value near zero does NOT mean an average defender","roster_position: measurable opportunities cannot separate offensive from defensive field roles (the feed attributes one defensive act, caused turnovers, 741 league-wide)"
000305,Romar Dennis,ATL,1,M,midfield,midfield,offensive_field,offensive_field,9,6.0,3.0,3.0,9.0,3.0,31.0,16.0,14.0,17.0,0.1935483870967742,0.5161290322580645,0.21428571428571427,0.17647058823529413,0.2903225806451613,3.0,106.0,0.02830188679245283,1.0,1.0,1.0,0.0,0.0,0.0,,0.0,0.0,0.0,0.0,0,0,0,,,34.0,3.7777777777777777,0.06563706563706563,0.05555555555555555,0.08136482939632546,0.04543506215173596,0.0,0.016666666666666666,45.0,0.027339003645200487,-0.4312016004731589,-1.207481923923294,0.7762803234501341,0.8740104068965787,,,-0.03157143765878557,0.4428088064234198,0.41123736876463424,shooting+turnover+defense,deferred: no opportunity denominator; contexts not separable; overlaps faceoff value,deferred: goal value already credited to the shooter,"partial: caused turnovers only, relative to positional per-game average",0.01302378842421823,-0.013909729047521255,,,-0.003507937517642841,0.04569304097384825,0.0660228100530122,0.3767859963704076,0.107861088851383,3.504534255492582,0.11734437125849481,-0.12560592264678522,,,0.1935483870967742,0.2711189402470075,0.21428571428571427,0.2949933204913557,0.17647058823529413,0.15591432795104848,,,,,0.1667157802981325,0.07900324001644284,1.6999711004912916e-05,,,0.12723790487507358,,,shooting_pct,0.1667157802981325,52,-0.2392167369865673,3.0729473621539043,62.5,0.27182703627626476,0.2116710861247172,33.65384615384615,58.653846153846146,0.0,0.9763825339278405,0.023617466072159442,True,False,False,True,True,True,True,True,True,"ground_ball_value,assist_value,possession_participation,penalty_value","offensive value covers finishing and possession security only; shot creation, assists and off-ball work are not measured","roster_position: measurable opportunities cannot separate offensive from defensive field roles (the feed attributes one defensive act, caused turnovers, 741 league-wide)"
000308,Will Haus,CHR,1,SSDM,short_stick_defensive_midfield,defensive_field,defensive_field,defensive_field,11,2.0,2.0,0.0,2.0,2.0,8.0,6.0,7.0,1.0,0.25,0.75,0.2857142857142857,0.0,0.25,3.0,101.0,0.0297029702970297,6.0,17.0,1.0,0.0,0.0,0.0,,0.0,0.0,0.0,0.0,0,0,0,,,11.0,1.0,0.019197207678883072,0.019197207678883072,0.019704433497536946,0.03283485045513654,0.0,0.08108108108108109,36.0,0.019736842105263157,-0.41101858999399177,-0.10374096196164695,-0.30727762803234504,0.6269046635691233,,,-0.3301314173691769,0.21588607357513157,-0.11424534379404533,shooting+turnover+defense,deferred: no opportunity denominator; contexts not separable; overlaps faceoff value,deferred: goal value already credited to the shooter,"partial: caused turnovers only, relative to positional per-game average",0.019626006688648324,-0.05137732374924897,,,-0.030011947033561536,-0.010385940344913212,0.0660228100530122,0.14986326352211943,0.0977647291895798,1.6914022035403118,-0.06754475284170486,-0.29124409203077556,,,0.25,0.2848397221570653,0.2857142857142857,0.3012500988510041,0.0,0.15591382258080105,,,,,0.049096258976067356,0.041126170362264985,9.99999000001e-07,,,0.1379277746891603,,,shooting_pct,0.049096258976067356,78,-0.0537921633482268,1.3971671517707076,48.07692307692308,-0.1252408297722188,-0.04326839517319231,78.84615384615384,57.05128205128205,0.0,0.7586855084203606,0.24131449157963936,True,False,False,True,True,True,True,True,True,"ground_ball_value,assist_value,possession_participation,penalty_value","defensive value is PARTIAL (caused turnovers only, on a games-played denominator); a value near zero does NOT mean an average defender","roster_position: measurable opportunities cannot separate offensive from defensive field roles (the feed attributes one defensive act, caused turnovers, 741 league-wide)"
000310,Brent Adams,ATL,1,M,midfield,midfield,offensive_field,offensive_field,1,0.0,0.0,0.0,0.0,0.0,2.0,0.0,2.0,0.0,0.0,0.0,0.0,,0.0,0.0,7.0,0.0,0.0,0.0,0.0,0.0,0.0,0.0,,0.0,0.0,0.0,0.0,0,0,0,,,2.0,2.0,0.03389830508474576,0.0032679738562091504,0.0425531914893617,0.024822695035460994,0.0,0.0,2.0,0.010752688172043012,-0.6010688462747563,-0.6010688462747563,0.0,0.1103435781273984,,,-0.03302299801091362,-0.49072526814735795,-0.5237482661582715,shooting+turnover+defense,deferred: no opportunity denominator; contexts not separable; overlaps faceoff value,deferred: goal value already credited to the shooter,"partial: caused turnovers only, relative to positional per-game average",-0.24536263407367898,-0.30053442313737816,,,-0.03302299801091362,-0.5237482661582715,0.0660228100530122,-0.5567480782003702,-0.8318026927499272,0.6758482369131753,-0.7749495190671871,-0.9269982970300588,,,0.0,0.2829858160983368,0.0,0.29826144370927316,,,,,,,0.012743301050454155,0.012105956996236773,,,,0.14023533527506515,,,shooting_pct,0.012743301050454155,52,-0.2392167369865673,3.0729473621539043,37.5,-0.1419132406779258,-0.09259238627903768,8.653846153846157,2.8846153846153797,0.0,0.9556402113377808,0.04435978866221925,True,False,False,True,True,True,False,True,True,"ground_ball_value,assist_value,possession_participation,penalty_value","offensive value covers finishing and possession security only; shot creation, assists and off-ball work are not measured","roster_position: measurable opportunities cannot separate offensive from defensive field roles (the feed attributes one defensive act, caused turnovers, 741 league-wide)"
000314,Eddy Glazener,RED,1,D,defense,defensive_field,defensive_field,defensive_field,9,2.0,0.0,2.0,4.0,0.0,6.0,6.0,1.0,5.0,0.3333333333333333,1.0,0.0,0.4,0.6666666666666666,2.0,56.0,0.03571428571428571,10.0,15.0,0.0,0.0,0.0,0.0,,0.0,0.0,0.0,0.0,0,0,0,,,8.0,0.8888888888888888,0.016877637130801686,0.01391304347826087,0.01791044776119403,0.025385312783318223,0.0,0.15625,23.0,0.01591695501730104,2.1630774367008967,-0.30053442313737816,2.4636118598382746,0.25816883810821833,,,1.0822188847532621,2.421246274809115,3.503465159562377,shooting+turnover+defense,deferred: no opportunity denominator; contexts not separable; overlaps faceoff value,deferred: goal value already credited to the shooter,"partial: caused turnovers only, relative to positional per-game average",0.3026557843511394,0.36051290611681613,,,0.12024654275036245,0.3892739066180419,0.0660228100530122,2.355223464756103,1.3576485542279504,1.8513814142351996,1.8923519122663595,1.2901790417766703,,,0.3333333333333333,0.2883793084599374,0.0,0.3000778082302534,0.4,0.15591519891862907,,,,,0.03727976852456296,0.006089840169722695,4.9999750001249995e-06,,,0.13929005223326385,,,shooting_pct,0.03727976852456296,78,-0.0537921633482268,1.3971671517707076,99.35897435897436,3.5801897566198613,2.5460499256673006,71.15384615384616,91.66666666666666,0.0,0.6911004290139869,0.30889957098601306,True,False,False,True,True,True,True,True,True,"ground_ball_value,assist_value,possession_participation,penalty_value","defensive value is PARTIAL (caused turnovers only, on a games-played denominator); a value near zero does NOT mean an average defender","roster_position: measurable opportunities cannot separate offensive from defensive field roles (the feed attributes one defensive act, caused turnovers, 741 league-wide)"
000315,Garrett Epple,RED,1,D,defense,defensive_field,defensive_field,defensive_field,11,0.0,0.0,0.0,0.0,0.0,1.0,0.0,0.0,1.0,0.0,0.0,,0.0,0.0,4.0,77.0,0.05194805194805195,19.0,19.0,5.0,0.0,0.0,0.0,,0.0,0.0,0.0,0.0,0,0,0,,,5.0,0.45454545454545453,0.008695652173913044,0.008695652173913044,0.0024271844660194173,0.02925531914893617,0.0,0.24675324675324675,29.0,0.01637492941840768,-0.30727762803234504,0.0,-0.30727762803234504,0.02293772184950396,,,3.123130660343505,-0.2843399061828411,2.838790754160664,shooting+turnover+defense,deferred: no opportunity denominator; contexts not separable; overlaps faceoff value,deferred: goal value already credited to the shooter,"partial: caused turnovers only, relative to positional per-game average",-0.05686798123656822,-0.30727762803234504,,,0.2839209691221368,0.25807188674187853,0.0660228100530122,-0.3503627162358533,-0.3933989649144304,1.142034889701236,2.4857303220423597,-0.4260618058690338,,,0.0,0.2848004651315773,,,0.0,0.15591382258080105,,,,,0.006412508790228359,,9.99999000001e-07,,,0.1409528058138676,,,shooting_pct,0.006412508790228359,78,-0.0537921633482268,1.3971671517707076,96.7948717948718,2.899398723317873,2.0703198710640742,37.179487179487175,37.82051282051282,0.0,0.09562185454457263,0.9043781454554275,True,False,False,True,True,True,False,True,True,"ground_ball_value,assist_value,possession_participation,penalty_value","defensive value is PARTIAL (caused turnovers only, on a games-played denominator); a value near zero does NOT mean an average defender","roster_position: measurable opportunities cannot separate offensive from defensive field roles (the feed attributes one defensive act, caused turnovers, 741 league-wide)"
000318,Jack Kelly,RED,1,G,goalie,goalie,goalie,goalie,8,0.0,0.0,0.0,0.0,0.0,1.0,1.0,0.0,1.0,0.0,1.0,,0.0,0.0,8.0,109.0,0.07339449541284404,5.0,15.0,0.0,0.0,0.0,0.0,,82.0,96.0,4.0,100.0,191,178,13,0.4606741573033708,0.5235602094240838,9.0,1.125,0.02112676056338028,0.01565217391304348,0.0032258064516129032,0.056859676577986434,0.0,0.10416666666666667,308.0,0.22531089978054133,-0.30727762803234504,0.0,-0.30727762803234504,-1.3056237608768555,,-9.984922605140184,0.5707219123104736,-1.6129013889092005,-11.027102081738912,shooting+turnover+defense+goalie,deferred: no opportunity denominator; contexts not separable; overlaps faceoff value,deferred: goal value already credited to the shooter,"partial: caused turnovers only, relative to positional per-game average",-0.17921126543435562,-0.30727762803234504,,-0.05227708170230463,0.0713402390388092,-1.378387760217364,,,,7.442979816257455,-1.4815439990382315,-0.4260618058690338,,-1.3529619914333681,0.0,0.2848004651315773,,,0.0,0.15591382258080105,,,0.4606741573033708,0.5022750931243013,0.006412508790228359,,9.99999000001e-07,,0.30165398243091845,0.1409528058138676,,0.08058699883986264,save_pct,0.30165398243091845,14,-0.7194840200231043,6.869390003298461,3.57142857142857,-1.1933302961350605,-1.5005143188502064,96.42857142857143,24.999999999999993,0.0,0.13254676452888442,0.04690140602684396,True,False,False,True,True,True,True,True,True,"ground_ball_value,assist_value,possession_participation,penalty_value",goalie metrics are standardized only against other goalies; a goalie total is not comparable with a field player total,measured_opportunity: faced 191 shots on goal as goalie of record
000319,Jack Near,RED,1,SSDM,short_stick_defensive_midfield,defensive_field,defensive_field,defensive_field,8,0.0,0.0,0.0,0.0,0.0,0.0,0.0,0.0,0.0,,,,,,1.0,52.0,0.019230769230769232,0.0,11.0,0.0,0.0,0.0,0.0,,0.0,0.0,0.0,0.0,0,0,0,,,1.0,0.125,0.0024154589371980675,0.0017391304347826088,0.0,0.027807486631016044,0.0,0.0,13.0,0.01036682615629984,0.0,0.0,0.0,0.4674158163342916,,,-1.399232497458763,0.4674158163342916,-0.9318166811244715,shooting+turnover+defense,deferred: no opportunity denominator; contexts not separable; overlaps faceoff value,deferred: goal value already credited to the shooter,"partial: caused turnovers only, relative to positional per-game average",0.4674158163342916,,,,-0.1749040621823454,-0.11647708514055893,0.0660228100530122,0.4013930062812794,0.93476070953175,0.7457053404544682,-1.2495775885909282,,,,,,,,,,,,,,,,,,,,,,shooting_pct,,78,-0.0537921633482268,1.3971671517707076,18.58974358974359,-0.9626361484664554,-0.6284319787102606,3.2051282051282106,94.23076923076923,0.0,0.25040379212327163,0.7495962078767283,True,False,False,False,True,True,False,True,True,"ground_ball_value,assist_value,possession_participation,penalty_value","defensive value is PARTIAL (caused turnovers only, on a games-played denominator); a value near zero does NOT mean an average defender","roster_position: measurable opportunities cannot separate offensive from defensive field roles (the feed attributes one defensive act, caused turnovers, 741 league-wide)"
000322,John Sexton,RED,1,LSM,long_stick_midfield,defensive_field,defensive_field,defensive_field,8,0.0,0.0,0.0,0.0,1.0,3.0,2.0,0.0,3.0,0.0,0.6666666666666666,,0.0,0.0,4.0,27.0,0.14814814814814814,3.0,10.0,0.0,1.0,0.0,1.0,0.0,0.0,0.0,0.0,0.0,0,0,0,,,7.0,0.875,0.0166270783847981,0.01217391304347826,0.009708737864077669,0.013817809621289662,0.0045871559633027525,0.05454545454545454,22.0,0.016320474777448073,-0.9218328840970351,0.0,-0.9218328840970351,-0.6819193558175428,-0.18004257957422365,,-0.6023258641404519,-1.603752239914578,-2.3861206836292537,shooting+turnover+defense+faceoff,deferred: no opportunity denominator; contexts not separable; overlaps faceoff value,deferred: goal value already credited to the shooter,"partial: caused turnovers only, relative to positional per-game average",-0.2291074628449397,-0.30727762803234504,-0.18004257957422365,,-0.07529073301755648,-0.2982650854536567,0.0660228100530122,-1.6697750499675903,-1.2975029155883526,1.4354705412765247,-1.6622568105837559,-0.7379606949297143,-0.9950082882950945,,0.0,0.28119414527490516,,,0.0,0.15591351075409138,0.0,0.4696833445710784,,,0.018993928898638098,,2.999991000027e-06,0.055908918456457665,,0.13952446065377444,0.4442092343233526,,shooting_pct,0.018993928898638098,78,-0.0537921633482268,1.3971671517707076,5.769230769230771,-2.452203245610914,-1.6693267640347378,69.87179487179488,3.205128205128199,0.07545409618610807,0.6721169850785984,0.2524289187352935,True,False,False,True,True,True,True,True,True,"ground_ball_value,assist_value,possession_participation,penalty_value","defensive value is PARTIAL (caused turnovers only, on a games-played denominator); a value near zero does NOT mean an average defender","roster_position: measurable opportunities cannot separate offensive from defensive field roles (the feed attributes one defensive act, caused turnovers, 741 league-wide)"
000327,Matt Kavanagh,RED,1,A,attack,attack,offensive_field,offensive_field,11,8.0,8.0,0.0,8.0,5.0,51.0,28.0,51.0,0.0,0.1568627450980392,0.5490196078431373,0.1568627450980392,,0.1568627450980392,21.0,308.0,0.06818181818181818,2.0,19.0,1.0,0.0,0.0,0.0,,0.0,0.0,0.0,0.0,0,0,0,,,72.0,6.545454545454546,0.12521739130434784,0.12521739130434784,0.12378640776699029,0.11702127659574468,0.0,0.025974025974025976,100.0,0.05646527385657821,-7.327255580006286,-7.327255580006286,0.0,-0.723228995622649,,,0.16801811075882425,-8.050484575628936,-7.882466464870111,shooting+turnover+defense,deferred: no opportunity denominator; contexts not separable; overlaps faceoff value,deferred: goal value already credited to the shooter,"partial: caused turnovers only, relative to positional per-game average",-0.1118122857726241,-0.14367167803933895,,,0.01527437370534766,-0.7165878604427374,0.0660228100530122,-8.116507385681947,-2.349499336327003,3.4685067865192534,-2.2725821081008735,-2.2378242079429542,,,0.1568627450980392,0.25450103064631924,0.1568627450980392,0.26738111641850065,,,,,,,0.24763868582043833,0.2380864326001416,,,,0.11850511172087863,,,shooting_pct,0.24763868582043833,40,0.17445256360862804,3.749635821874049,1.2499999999999956,-2.863847751849068,-2.1487204121204315,49.99999999999999,18.75,0.0,0.9795561165859188,0.020443883414081168,True,False,False,True,True,True,False,True,True,"ground_ball_value,assist_value,possession_participation,penalty_value","offensive value covers finishing and possession security only; shot creation, assists and off-ball work are not measured","roster_position: measurable opportunities cannot separate offensive from defensive field roles (the feed attributes one defensive act, caused turnovers, 741 league-wide)"
000331,Patrick Harbeson,RED,1,SSDM,short_stick_defensive_midfield,defensive_field,defensive_field,defensive_field,3,0.0,0.0,0.0,0.0,1.0,1.0,1.0,1.0,0.0,0.0,1.0,0.0,,0.0,0.0,23.0,0.0,0.0,2.0,0.0,0.0,0.0,0.0,,0.0,0.0,0.0,0.0,0,0,0,,,1.0,0.3333333333333333,0.006211180124223602,0.0017391304347826088,0.008547008547008548,0.030183727034120734,0.0,0.0,4.0,0.007736943907156673,-0.30053442313737816,-0.30053442313737816,0.0,0.3242342557268415,,,-0.5247121865470361,0.023699832589463343,-0.5010123539575728,shooting+turnover+defense,deferred: no opportunity denominator; contexts not separable; overlaps faceoff value,deferred: goal value already credited to the shooter,"partial: caused turnovers only, relative to positional per-game average",0.023699832589463343,-0.30053442313737816,,,-0.17490406218234536,-0.1670041179858576,0.0660228100530122,-0.042322977463548794,-0.07835293378514557,0.6566224621811094,-0.7630143390059412,-0.655486781978336,,,0.0,0.2848004651315773,0.0,0.3000778082302534,,,,,,,0.006412508790228359,0.006089840169722695,,,,0.1409528058138676,,,shooting_pct,0.006412508790228359,78,-0.0537921633482268,1.3971671517707076,30.128205128205128,-0.5213859353404285,-0.320090684956742,25.0,58.33333333333333,0.0,0.5435224697200096,0.4564775302799904,True,False,False,True,False,True,False,True,True,"ground_ball_value,assist_value,possession_participation,penalty_value","defensive value is PARTIAL (caused turnovers only, on a games-played denominator); a value near zero does NOT mean an average defender","roster_position: measurable opportunities cannot separate offensive from defensive field roles (the feed attributes one defensive act, caused turnovers, 741 league-wide)"
000333,Sergio Perkovic,RED,1,M,midfield,midfield,offensive_field,offensive_field,10,8.0,6.0,2.0,10.0,1.0,44.0,25.0,31.0,13.0,0.18181818181818182,0.5681818181818182,0.1935483870967742,0.15384615384615385,0.22727272727272727,7.0,206.0,0.03398058252427184,4.0,7.0,3.0,0.0,0.0,0.0,,0.0,0.0,0.0,0.0,0,0,0,,,51.0,5.1,0.09586466165413533,0.08869565217391304,0.11311053984575835,0.08442622950819673,0.0,0.0547945205479452,69.0,0.04184354154032747,-3.3111762816792094,-3.3165671172587228,0.005390835579514253,1.3878050595302363,,,0.732312197648612,-1.9233712221489732,-1.1910590245003612,shooting+turnover+defense,deferred: no opportunity denominator; contexts not separable; overlaps faceoff value,deferred: goal value already credited to the shooter,"partial: caused turnovers only, relative to positional per-game average",-0.037713161218607315,-0.07525400640180022,,,0.0732312197648612,-0.11910590245003612,0.0660228100530122,-1.9893940322019852,-0.5299912434950521,3.765302312511399,-0.31632493904744213,-0.9086773827203569,,,0.18181818181818182,0.26345579390151247,0.1935483870967742,0.2846184273001221,0.15384615384615385,0.15591395161325267,,,,,0.22116642583102095,0.15962273665155277,1.2999831002196972e-05,,,0.12192489457083866,,,shooting_pct,0.22116642583102095,52,-0.2392167369865673,3.0729473621539043,29.807692307692307,-0.4372047699362682,-0.3097489723503185,68.26923076923077,33.65384615384615,0.0,0.8651679949887993,0.1348320050112008,True,False,False,True,True,True,True,True,True,"ground_ball_value,assist_value,possession_participation,penalty_value","offensive value covers finishing and possession security only; shot creation, assists and off-ball work are not measured","roster_position: measurable opportunities cannot separate offensive from defensive field roles (the feed attributes one defensive act, caused turnovers, 741 league-wide)"
000337,Bryce Young,WHP,1,D,defense,defensive_field,defensive_field,defensive_field,11,0.0,0.0,0.0,0.0,0.0,0.0,0.0,0.0,0.0,,,,,,3.0,54.0,0.05555555555555555,8.0,18.0,5.0,0.0,0.0,0.0,,0.0,0.0,0.0,0.0,0,0,0,,,3.0,0.2727272727272727,0.004777070063694267,0.004777070063694267,0.0,0.019765739385065886,0.0,0.11267605633802817,26.0,0.013541666666666667,0.0,0.0,0.0,-0.03566098943790055,,,0.20113967150969722,-0.03566098943790055,0.16547868207179667,shooting+turnover+defense,deferred: no opportunity denominator; contexts not separable; overlaps faceoff value,deferred: goal value already credited to the shooter,"partial: caused turnovers only, relative to positional per-game average",-0.011886996479300185,,,,0.01828542468269975,0.015043516551981516,0.0660228100530122,-0.10168379949091269,-0.23237382448653318,0.8381829198169793,0.19742550004231726,,,,,,,,,,,,,,,,,,,,,,shooting_pct,,78,-0.0537921633482268,1.3971671517707076,57.05128205128205,0.16126577716340618,0.15693959390766474,16.666666666666668,51.92307692307692,0.0,0.15059497425048177,0.8494050257495183,True,False,False,False,True,True,False,True,True,"ground_ball_value,assist_value,possession_participation,penalty_value","defensive value is PARTIAL (caused turnovers only, on a games-played denominator); a value near zero does NOT mean an average defender","roster_position: measurable opportunities cannot separate offensive from defensive field roles (the feed attributes one defensive act, caused turnovers, 741 league-wide)"
000339,Connor Kelly,WAT,1,M,midfield,midfield,offensive_field,offensive_field,13,18.0,14.0,4.0,22.0,8.0,71.0,35.0,55.0,16.0,0.2535211267605634,0.49295774647887325,0.2545454545454545,0.25,0.30985915492957744,20.0,321.0,0.06230529595015576,1.0,16.0,2.0,0.0,0.0,0.0,,0.0,0.0,0.0,0.0,0,0,0,,,91.0,7.0,0.12569060773480664,0.12569060773480664,0.13027522935779817,0.10138976626658244,0.0,0.009708737864077669,116.0,0.04902789518174133,0.5541646789266821,-2.5293932725557973,3.0835579514824794,-0.252669663232329,,,-0.16366342970244002,0.3014950156943531,0.13783158599191309,shooting+turnover+defense,deferred: no opportunity denominator; contexts not separable; overlaps faceoff value,deferred: goal value already credited to the shooter,"partial: caused turnovers only, relative to positional per-game average",0.0033131320405972867,0.0078051363229110155,,,-0.012589494592495386,0.010602429691685622,0.0660228100530122,0.23547220564134091,0.05120379630803413,4.6111076354466265,0.0298912098543028,0.1242761852637058,,,0.2535211267605634,0.27623187189081283,0.2545454545454545,0.2899764259177413,0.25,0.15591548384688209,,,,,0.3142354797702353,0.25205317698186686,1.5999744004095935e-05,,,0.11619249189971015,,,shooting_pct,0.3142354797702353,52,-0.2392167369865673,3.0729473621539043,60.57692307692308,0.15084230660756764,0.12269924555889496,87.5,52.88461538461537,0.0,0.8313613545051963,0.1686386454948036,True,False,False,True,True,True,True,True,True,"ground_ball_value,assist_value,possession_participation,penalty_value","offensive value covers finishing and possession security only; shot creation, assists and off-ball work are not measured","roster_position: measurable opportunities cannot separate offensive from defensive field roles (the feed attributes one defensive act, caused turnovers, 741 league-wide)"
000345,Jake Bernhardt,WHP,1,SSDM,short_stick_defensive_midfield,defensive_field,defensive_field,defensive_field,9,2.0,2.0,0.0,2.0,0.0,3.0,3.0,3.0,0.0,0.6666666666666666,1.0,0.6666666666666666,,0.6666666666666666,0.0,57.0,0.0,2.0,5.0,1.0,0.0,0.0,0.0,,0.0,0.0,0.0,0.0,0,0,0,,,3.0,0.3333333333333333,0.005836575875486381,0.004777070063694267,0.007792207792207792,0.02572202166064982,0.0,0.03278688524590164,14.0,0.008917197452229299,1.0983967305878655,1.0983967305878655,0.0,0.8035370685404334,,,-1.0428654707622342,1.9019337991282987,0.8590683283660645,shooting+turnover+defense,deferred: no opportunity denominator; contexts not separable; overlaps faceoff value,deferred: goal value already credited to the shooter,"partial: caused turnovers only, relative to positional per-game average",0.6339779330427663,0.36613224352928847,,,-0.1158739411958038,0.09545203648511828,0.0660228100530122,1.835910989075287,2.011830848654306,1.1184397631805247,0.7680953026232887,1.383146937519734,,,0.6666666666666666,0.2938567645406639,0.6666666666666666,0.30850005649686607,,,,,,,0.018993928898638098,0.018049681162381374,,,,0.1413794254185632,,,shooting_pct,0.018993928898638098,78,-0.0537921633482268,1.3971671517707076,82.6923076923077,0.871673170844912,0.6533652688279799,23.076923076923077,95.51282051282051,0.0,0.6458619501080627,0.35413804989193737,True,False,False,True,False,True,False,True,True,"ground_ball_value,assist_value,possession_participation,penalty_value","defensive value is PARTIAL (caused turnovers only, on a games-played denominator); a value near zero does NOT mean an average defender","roster_position: measurable opportunities cannot separate offensive from defensive field roles (the feed attributes one defensive act, caused turnovers, 741 league-wide)"
000346,Jay Carlson,WHP,1,A,attack,attack,offensive_field,offensive_field,8,11.0,11.0,0.0,11.0,4.0,32.0,24.0,32.0,0.0,0.34375,0.75,0.34375,,0.34375,11.0,102.0,0.10784313725490197,6.0,10.0,1.0,0.0,0.0,0.0,,0.0,0.0,0.0,0.0,0,0,0,,,43.0,5.375,0.09188034188034189,0.06847133757961783,0.09467455621301775,0.0517503805175038,0.0,0.1016949152542373,52.0,0.03762662807525326,1.382898459603899,1.382898459603899,0.0,-1.3141274218345738,,,1.3296292825493135,0.06877103776932514,1.3984003203186386,shooting+turnover+defense,deferred: no opportunity denominator; contexts not separable; overlaps faceoff value,deferred: goal value already credited to the shooter,"partial: caused turnovers only, relative to positional per-game average",0.0015993264597517474,0.04321557686262184,,,0.16620366031866418,0.17480004003982982,0.0660228100530122,0.0027482277163129454,0.001029321017186307,2.683052087000903,0.5211976044347916,0.5331937119031421,,,0.34375,0.296414486347253,0.34375,0.30877411484974426,,,,,,,0.17117315174134165,0.16392777332446587,,,,0.13038129452615976,,,shooting_pct,0.17117315174134165,40,0.17445256360862804,3.749635821874049,71.25,0.9722000757401575,0.32641776824563395,28.750000000000004,61.25000000000001,0.0,0.6697931090695834,0.33020689093041655,True,False,False,True,True,True,False,True,True,"ground_ball_value,assist_value,possession_participation,penalty_value","offensive value covers finishing and possession security only; shot creation, assists and off-ball work are not measured","roster_position: measurable opportunities cannot separate offensive from defensive field roles (the feed attributes one defensive act, caused turnovers, 741 league-wide)"
000350,Joseph Nardella,WHP,1,FO,faceoff,faceoff,faceoff,faceoff,11,3.0,3.0,0.0,3.0,3.0,8.0,5.0,8.0,0.0,0.375,0.625,0.375,,0.375,13.0,114.0,0.11403508771929824,0.0,83.0,2.0,253.0,163.0,89.0,0.6442687747035574,0.0,0.0,0.0,0.0,0,0,0,,,21.0,1.9090909090909092,0.03343949044585987,0.03343949044585987,0.01735357917570499,0.04172767203513909,0.9511278195488722,0.0,441.0,0.2296875,0.5957246149009747,0.5957246149009747,0.0,-0.37913436797265115,13.438299663190898,,-0.3998513984719947,0.21659024692832357,13.255038511647227,shooting+turnover+defense+faceoff,deferred: no opportunity denominator; contexts not separable; overlaps faceoff value,deferred: goal value already credited to the shooter,"partial: caused turnovers only, relative to positional per-game average",0.010313821282301123,0.07446557686262184,0.05311580894541857,,-0.036350127133817696,1.2050035010588387,,,,3.2871254568006445,4.0324102885164415,0.4593780786799064,4.6691253388685805,,0.375,0.29097675452907373,0.375,0.30533139306161344,,,0.6442687747035574,0.6350856198229554,,,0.049096258976067356,0.04672680973719754,,0.9374320291186264,,0.1388108614482917,0.11455408239271492,,faceoff_win_pct,0.9374320291186264,14,1.394728295312205,6.799194744589167,89.28571428571429,4.091122015154768,1.7443698352328436,75.0,53.57142857142857,0.9071957436596315,0.06581099857102865,0.026993257769339855,True,True,False,True,True,False,False,True,True,"ground_ball_value,assist_value,possession_participation,penalty_value",faceoff value dominates this role's total; see the faceoff share-of-total column before comparing across roles,measured_opportunity: took 95.1% of team faceoffs in games played (threshold 50%)
000351,Jules Heningburg,RED,1,M,midfield,midfield,offensive_field,offensive_field,9,12.0,12.0,0.0,12.0,9.0,39.0,28.0,39.0,0.0,0.3076923076923077,0.717948717948718,0.3076923076923077,,0.3076923076923077,14.0,219.0,0.0639269406392694,1.0,10.0,0.0,0.0,0.0,0.0,,0.0,0.0,0.0,0.0,0,0,0,,,53.0,5.888888888888889,0.11447084233261338,0.09217391304347826,0.1196319018404908,0.10458452722063037,0.0,0.015625,79.0,0.055909412597310686,0.2791574976422524,0.2791574976422524,0.0,-0.2667199635949405,,,-0.03157143765878557,0.012437534047311904,-0.019133903611473664,shooting+turnover+defense,deferred: no opportunity denominator; contexts not separable; overlaps faceoff value,deferred: goal value already credited to the shooter,"partial: caused turnovers only, relative to positional per-game average",0.0002346704537228661,0.007157884554929548,,,-0.003507937517642841,-0.0021259892901637403,0.0660228100530122,-0.05358527600570029,-0.01780160286603542,3.023223072265521,-0.006328975121619206,0.09749597987316351,,,0.3076923076923077,0.29087219205553216,0.3076923076923077,0.30303042888498644,,,,,,,0.2010877244053626,0.19287078172323427,,,,0.12731902685482055,,,shooting_pct,0.2010877244053626,52,-0.2392167369865673,3.0729473621539043,52.88461538461537,0.0813835441249652,0.0716194608751229,77.88461538461537,49.03846153846154,0.0,0.9453260059562901,0.05467399404370991,True,False,False,True,True,True,False,True,True,"ground_ball_value,assist_value,possession_participation,penalty_value","offensive value covers finishing and possession security only; shot creation, assists and off-ball work are not measured","roster_position: measurable opportunities cannot separate offensive from defensive field roles (the feed attributes one defensive act, caused turnovers, 741 league-wide)"
000353,Kyle Bernlohr,WHP,1,G,goalie,goalie,goalie,goalie,11,0.0,0.0,0.0,0.0,0.0,2.0,1.0,0.0,2.0,0.0,0.5,,0.0,0.0,4.0,172.0,0.023255813953488372,6.0,27.0,0.0,0.0,0.0,0.0,,133.0,101.0,8.0,109.0,246,217,29,0.5683760683760684,0.44308943089430897,6.0,0.5454545454545454,0.009554140127388535,0.009554140127388535,0.004338394793926247,0.0629575402635432,0.0,0.08450704225352113,431.0,0.22447916666666667,-0.6145552560646901,0.0,-0.6145552560646901,0.23055160460781335,,7.74352000584112,0.5523115280423939,-0.38400365145687676,7.911827882426637,shooting+turnover+defense+goalie,deferred: no opportunity denominator; contexts not separable; overlaps faceoff value,deferred: goal value already credited to the shooter,"partial: caused turnovers only, relative to positional per-game average",-0.06400060857614613,-0.30727762803234504,,0.03147772360098016,0.0502101389129449,0.7192570802206034,,,,8.850369462967263,0.893954530998081,-0.6025423842691603,,0.8843049965668446,0.0,0.2829858160983368,,,0.0,0.1559136666672903,,,0.5683760683760684,0.5376771991591953,0.012743301050454155,,1.999996000008e-06,,0.36218421609006907,0.14023533527506515,,0.07680496072862297,save_pct,0.36218421609006907,14,-0.7194840200231043,6.869390003298461,89.28571428571429,1.1297615944642345,1.2564888437408943,67.85714285714286,53.57142857142857,0.0,0.09245296535154594,0.06042175367589491,True,False,False,True,True,True,True,True,True,"ground_ball_value,assist_value,possession_participation,penalty_value",goalie metrics are standardized only against other goalies; a goalie total is not comparable with a field player total,measured_opportunity: faced 246 shots on goal as goalie of record
000354,Matt Rambo,WHP,1,A,attack,attack,offensive_field,offensive_field,11,23.0,23.0,0.0,23.0,11.0,84.0,50.0,84.0,0.0,0.27380952380952384,0.5952380952380952,0.27380952380952384,,0.27380952380952384,32.0,336.0,0.09523809523809523,0.0,15.0,0.0,0.0,0.0,0.0,,0.0,0.0,0.0,0.0,0,0,0,,,116.0,10.545454545454545,0.18471337579617833,0.18471337579617833,0.1822125813449024,0.12298682284040996,0.0,0.0,163.0,0.08489583333333334,-2.244891543539765,-2.244891543539765,0.0,-3.203845671946863,,,-0.36325297812004986,-5.448737215486628,-5.811990193606678,shooting+turnover+defense,deferred: no opportunity denominator; contexts not separable; overlaps faceoff value,deferred: goal value already credited to the shooter,"partial: caused turnovers only, relative to positional per-game average",-0.04697187254729852,-0.026724899327854348,,,-0.03302299801091362,-0.5283627448733343,0.0660228100530122,-5.5147600255396405,-1.2657931575223182,4.36782227756964,-1.3306379756917692,-0.5342265111917426,,,0.27380952380952384,0.28212856131568875,0.27380952380952384,0.29236584630298934,,,,,,,0.35154503260480807,0.3397949357654205,,,,0.1137455552816391,,,shooting_pct,0.35154503260480807,40,0.17445256360862804,3.749635821874049,3.7500000000000036,-2.0080606592974966,-1.596539781888288,96.25,28.750000000000004,0.0,0.9374993821359787,0.06250061786402125,True,False,False,True,True,True,True,True,True,"ground_ball_value,assist_value,possession_participation,penalty_value","offensive value covers finishing and possession security only; shot creation, assists and off-ball work are not measured","roster_position: measurable opportunities cannot separate offensive from defensive field roles (the feed attributes one defensive act, caused turnovers, 741 league-wide)"
000355,Matthew Dunn,WHP,1,D,defense,defensive_field,defensive_field,defensive_field,11,0.0,0.0,0.0,0.0,0.0,1.0,1.0,1.0,0.0,0.0,1.0,0.0,,0.0,3.0,62.0,0.04838709677419355,5.0,11.0,1.0,0.0,0.0,0.0,,0.0,0.0,0.0,0.0,0,0,0,,,4.0,0.36363636363636365,0.006369426751592357,0.006369426751592357,0.0021691973969631237,0.022693997071742314,0.0,0.07042253521126761,16.0,0.008333333333333333,-0.30053442313737816,-0.30053442313737816,0.0,0.07711614298882692,,,-0.5957669618086139,-0.22341828014855125,-0.8191852419571651,shooting+turnover+defense,deferred: no opportunity denominator; contexts not separable; overlaps faceoff value,deferred: goal value already credited to the shooter,"partial: caused turnovers only, relative to positional per-game average",-0.05585457003713781,-0.30053442313737816,,,-0.05416063289169217,-0.07447138563246956,0.0660228100530122,-0.2894410902015634,-0.44136079477633544,0.9701195135097898,-0.8444168275653374,-0.655486781978336,,,0.0,0.2848004651315773,0.0,0.3000778082302534,,,,,,,0.006412508790228359,0.006089840169722695,,,,0.1409528058138676,,,shooting_pct,0.006412508790228359,78,-0.0537921633482268,1.3971671517707076,19.87179487179487,-0.8472736894491596,-0.5478178309867313,26.282051282051277,39.1025641025641,0.0,0.3879635976223072,0.6120364023776929,True,False,False,True,False,True,False,True,True,"ground_ball_value,assist_value,possession_participation,penalty_value","defensive value is PARTIAL (caused turnovers only, on a games-played denominator); a value near zero does NOT mean an average defender","roster_position: measurable opportunities cannot separate offensive from defensive field roles (the feed attributes one defensive act, caused turnovers, 741 league-wide)"
000356,Michael Ehrhardt,WHP,1,LSM,long_stick_midfield,defensive_field,defensive_field,defensive_field,10,3.0,0.0,3.0,6.0,2.0,19.0,11.0,3.0,16.0,0.15789473684210525,0.5789473684210527,0.0,0.1875,0.3157894736842105,9.0,94.0,0.09574468085106383,12.0,42.0,1.0,0.0,0.0,0.0,,0.0,0.0,0.0,0.0,0,0,0,,,28.0,2.8,0.04903677758318739,0.044585987261146494,0.046228710462287104,0.03781174577634755,0.0,0.17647058823529413,92.0,0.053395240858966915,0.18195468207034438,-0.9016032694121345,1.0835579514824794,-1.0655885939408856,,,1.4385859114497908,-0.8836339118705412,0.5549519995792496,shooting+turnover+defense,deferred: no opportunity denominator; contexts not separable; overlaps faceoff value,deferred: goal value already credited to the shooter,"partial: caused turnovers only, relative to positional per-game average",-0.03155835399537647,0.00957656221422865,,,0.14385859114497906,0.05549519995792496,0.0660228100530122,-0.9496567219235534,-0.3116371253739022,3.1226175986025857,0.17772012808343815,0.06081119046708214,,,0.15789473684210525,0.2725758776916302,0.0,0.29646693572194516,0.1875,0.15591448386288184,,,,,0.10922980005966414,0.018049681162381374,1.5999744004095935e-05,,,0.13173651287797838,,,shooting_pct,0.10922980005966414,78,-0.0537921633482268,1.3971671517707076,69.87179487179488,0.5601828109992468,0.43569887980545563,99.35897435897436,42.94871794871795,0.0,0.46443904553616466,0.5355609544638353,True,False,False,True,True,True,True,True,True,"ground_ball_value,assist_value,possession_participation,penalty_value","defensive value is PARTIAL (caused turnovers only, on a games-played denominator); a value near zero does NOT mean an average defender","roster_position: measurable opportunities cannot separate offensive from defensive field roles (the feed attributes one defensive act, caused turnovers, 741 league-wide)"
000357,Mike Chanenchuk,WHP,1,M,midfield,midfield,offensive_field,offensive_field,11,17.0,15.0,2.0,19.0,5.0,71.0,42.0,55.0,16.0,0.23943661971830985,0.5915492957746479,0.2727272727272727,0.125,0.2676056338028169,11.0,307.0,0.035830618892508145,0.0,6.0,0.0,0.0,0.0,0.0,,0.0,0.0,0.0,0.0,0,0,0,,,82.0,7.454545454545454,0.1305732484076433,0.1305732484076433,0.1540130151843818,0.1123718887262079,0.0,0.0,98.0,0.051041666666666666,-2.445835321073318,-1.5293932725557973,-0.9164420485175206,1.9173630804678077,,,-0.36325297812004986,-0.5284722406055102,-0.8917252187255601,shooting+turnover+defense,deferred: no opportunity denominator; contexts not separable; overlaps faceoff value,deferred: goal value already credited to the shooter,"partial: caused turnovers only, relative to positional per-game average",-0.0064447834220184175,-0.03444838480384955,,,-0.03302299801091362,-0.08106592897505092,0.0660228100530122,-0.5944950506585225,-0.12944274020004723,4.603219078165228,-0.19371774481804327,-0.5484995616735037,,,0.23943661971830985,0.27180602006306304,0.2727272727272727,0.29455921095377524,0.125,0.1559134838788816,,,,,0.3142354797702353,0.25205317698186686,1.5999744004095935e-05,,,0.11560751777142286,,,shooting_pct,0.3142354797702353,52,-0.2392167369865673,3.0729473621539043,33.65384615384615,-0.30474663680866154,-0.2123396221410163,95.1923076923077,47.11538461538462,0.0,0.9231446705062498,0.07685532949375021,True,False,False,True,True,True,True,True,True,"ground_ball_value,assist_value,possession_participation,penalty_value","offensive value covers finishing and possession security only; shot creation, assists and off-ball work are not measured","roster_position: measurable opportunities cannot separate offensive from defensive field roles (the feed attributes one defensive act, caused turnovers, 741 league-wide)"
000358,Ryan Drenner,CAN,1,M,midfield,midfield,offensive_field,offensive_field,10,17.0,17.0,0.0,17.0,3.0,51.0,34.0,48.0,3.0,0.3333333333333333,0.6666666666666666,0.3541666666666667,0.0,0.3333333333333333,5.0,243.0,0.0205761316872428,1.0,8.0,0.0,0.0,0.0,0.0,,0.0,0.0,0.0,0.0,0,0,0,,,56.0,5.6,0.10275229357798166,0.10275229357798166,0.1297709923664122,0.09946786737617683,0.0,0.015625,80.0,0.044868199663488505,1.6525148053088117,2.5743476894058475,-0.9218328840970351,2.5023207756539305,,,-0.06459443566969915,4.154835580962742,4.090241145293043,shooting+turnover+defense,deferred: no opportunity denominator; contexts not separable; overlaps faceoff value,deferred: goal value already credited to the shooter,"partial: caused turnovers only, relative to positional per-game average",0.07419349251719183,0.0324022510844865,,,-0.006459443566969915,0.4090241145293043,0.0660228100530122,4.08881277090973,1.1515366167313141,3.5630759432089416,1.1479522778875522,0.4841391462436384,,,0.3333333333333333,0.2982019752028672,0.3541666666666667,0.3137910391773269,0.0,0.15591351075409138,,,,,0.24763868582043833,0.22726420263919692,2.999991000027e-06,,,0.12448593450244516,,,shooting_pct,0.24763868582043833,52,-0.2392167369865673,3.0729473621539043,95.1923076923077,1.8998221461068945,1.4088942542917453,74.03846153846155,85.57692307692308,0.0,0.9846911939728645,0.015308806027135498,True,False,False,True,True,True,True,True,True,"ground_ball_value,assist_value,possession_participation,penalty_value","offensive value covers finishing and possession security only; shot creation, assists and off-ball work are not measured","roster_position: measurable opportunities cannot separate offensive from defensive field roles (the feed attributes one defensive act, caused turnovers, 741 league-wide)"
000359,Tim Muller,WHP,1,D,defense,defensive_field,defensive_field,defensive_field,11,0.0,0.0,0.0,0.0,0.0,0.0,0.0,0.0,0.0,,,,,,2.0,73.0,0.0273972602739726,7.0,17.0,0.0,0.0,0.0,0.0,,0.0,0.0,0.0,0.0,0,0,0,,,2.0,0.18181818181818182,0.0031847133757961785,0.0031847133757961785,0.0,0.026720351390922402,0.0,0.09859154929577464,21.0,0.0109375,0.0,0.0,0.0,0.4978202445150143,,,-0.06449587292973984,0.4978202445150143,0.4333243715852744,shooting+turnover+defense,deferred: no opportunity denominator; contexts not separable; overlaps faceoff value,deferred: goal value already credited to the shooter,"partial: caused turnovers only, relative to positional per-game average",0.24891012225750714,,,,-0.0058632611754308945,0.0393931246895704,0.0660228100530122,0.4317974344620021,0.8486936401310569,0.8774531805361823,0.49384329693862916,,,,,,,,,,,,,,,,,,,,,,shooting_pct,,78,-0.0537921633482268,1.3971671517707076,67.3076923076923,0.43560602894300965,0.34864585408850424,4.487179487179488,86.53846153846155,0.0,0.8853031756891152,0.11469682431088482,True,False,False,False,True,True,False,True,True,"ground_ball_value,assist_value,possession_participation,penalty_value","defensive value is PARTIAL (caused turnovers only, on a games-played denominator); a value near zero does NOT mean an average defender","roster_position: measurable opportunities cannot separate offensive from defensive field roles (the feed attributes one defensive act, caused turnovers, 741 league-wide)"
000361,Tyler Warner,WHP,1,SSDM,short_stick_defensive_midfield,defensive_field,defensive_field,defensive_field,10,1.0,1.0,0.0,1.0,0.0,1.0,1.0,1.0,0.0,1.0,1.0,1.0,,1.0,1.0,78.0,0.01282051282051282,6.0,21.0,0.0,0.0,0.0,0.0,,0.0,0.0,0.0,0.0,0,0,0,,,2.0,0.2,0.003527336860670194,0.0031847133757961785,0.0024154589371980675,0.03173311635475997,0.0,0.08955223880597014,36.0,0.020845396641574986,0.6994655768626219,0.6994655768626219,0.0,0.8339414967211559,,,-0.1552273551868316,1.5334070735837777,1.3781797183969462,shooting+turnover+defense,deferred: no opportunity denominator; contexts not separable; overlaps faceoff value,deferred: goal value already credited to the shooter,"partial: caused turnovers only, relative to positional per-game average",0.7667035367918889,0.6994655768626219,,,-0.015522735518683158,0.13781797183969463,0.0660228100530122,1.4673842635307655,2.1031433179577452,0.9754007864746573,1.4129368537604248,1.5255837760479056,,,1.0,0.2912129739218057,1.0,0.30616764839997607,,,,,,,0.006412508790228359,0.006089840169722695,,,,0.14189549279399216,,,shooting_pct,0.006412508790228359,78,-0.0537921633482268,1.3971671517707076,87.82051282051282,1.4033716637398888,1.0249109277514543,12.17948717948718,96.79487179487181,0.0,0.9080752159602461,0.09192478403975399,True,False,False,True,True,True,False,True,True,"ground_ball_value,assist_value,possession_participation,penalty_value","defensive value is PARTIAL (caused turnovers only, on a games-played denominator); a value near zero does NOT mean an average defender","roster_position: measurable opportunities cannot separate offensive from defensive field roles (the feed attributes one defensive act, caused turnovers, 741 league-wide)"
000363,Ryan Conrad,WAT,1,M,midfield,midfield,offensive_field,offensive_field,11,17.0,16.0,1.0,18.0,9.0,40.0,30.0,38.0,2.0,0.425,0.75,0.42105263157894735,0.5,0.45,13.0,205.0,0.06341463414634146,2.0,5.0,2.0,0.0,0.0,0.0,,0.0,0.0,0.0,0.0,0,0,0,,,53.0,4.818181818181818,0.08576051779935275,0.07320441988950276,0.08583690987124463,0.07612328258447827,0.0,0.022988505747126436,72.0,0.035555555555555556,5.96513666471494,4.579691920779631,1.38544474393531,-0.22177157541030024,,,0.16801811075882425,5.74336508930464,5.911383200063464,shooting+turnover+defense,deferred: no opportunity denominator; contexts not separable; overlaps faceoff value,deferred: goal value already credited to the shooter,"partial: caused turnovers only, relative to positional per-game average",0.10836537904348377,0.14912841661787352,,,0.01527437370534766,0.5373984727330422,0.0660228100530122,5.6773422792516275,1.8102529998709576,3.151560926892495,1.8757001172407006,1.98525085357832,,,0.425,0.31502835326949835,0.42105263157894735,0.3244164179884279,0.5,0.1559146666652903,,,,,0.20518586200369304,0.18885936303763393,1.999996000008e-06,,,0.12990465766051784,,,shooting_pct,0.20518586200369304,52,-0.2392167369865673,3.0729473621539043,99.03846153846155,2.705695295351338,2.001531172580491,60.57692307692308,89.42307692307692,0.0,0.9735609664877626,0.02643903351223739,True,False,False,True,True,True,True,True,True,"ground_ball_value,assist_value,possession_participation,penalty_value","offensive value covers finishing and possession security only; shot creation, assists and off-ball work are not measured","roster_position: measurable opportunities cannot separate offensive from defensive field roles (the feed attributes one defensive act, caused turnovers, 741 league-wide)"
000365,Jack Rowlett,CHA,1,D,defense,defensive_field,defensive_field,defensive_field,13,1.0,1.0,0.0,1.0,0.0,3.0,2.0,1.0,2.0,0.3333333333333333,0.6666666666666666,1.0,0.0,0.3333333333333333,2.0,79.0,0.02531645569620253,10.0,21.0,4.0,11.0,2.0,9.0,0.18181818181818182,0.0,0.0,0.0,0.0,0,0,0,,,5.0,0.38461538461538464,0.007898894154818325,0.007898894154818325,0.0069605568445475635,0.02474162229877858,0.03492063492063492,0.15151515151515152,44.0,0.021245774987928536,0.08491032079793182,0.6994655768626219,-0.6145552560646901,0.5824030938350597,-1.25667607721254,,0.3826026360238805,0.6673134146329915,-0.20676002655566794,shooting+turnover+defense+faceoff,deferred: no opportunity denominator; contexts not separable; overlaps faceoff value,deferred: goal value already credited to the shooter,"partial: caused turnovers only, relative to positional per-game average",0.1334626829265983,0.02830344026597727,-0.11424327974659455,,0.02943097200183696,-0.01590461742735907,0.0660228100530122,0.6012906045799793,0.48601669577028694,1.579481417464124,-0.1309037411073969,0.07593137305987234,-2.0940086762493144,,0.3333333333333333,0.28752545490778453,1.0,0.30616764839997607,0.0,0.1559136666672903,0.18181818181818182,0.3729749312874592,,,0.018993928898638098,0.006089840169722695,1.999996000008e-06,0.3944598609942839,,0.1404688223847188,0.349554700369481,,shooting_pct,0.018993928898638098,78,-0.0537921633482268,1.3971671517707076,45.51282051282052,-0.21999875329242002,-0.10948429685995444,34.61538461538462,77.56410256410255,0.5448193731473997,0.28930707192232796,0.16587355493027225,True,False,False,True,True,True,True,True,True,"ground_ball_value,assist_value,possession_participation,penalty_value","defensive value is PARTIAL (caused turnovers only, on a games-played denominator); a value near zero does NOT mean an average defender","roster_position: measurable opportunities cannot separate offensive from defensive field roles (the feed attributes one defensive act, caused turnovers, 741 league-wide)"
000366,Connor Farrell,CHR,1,FO,faceoff,faceoff,faceoff,faceoff,11,2.0,2.0,0.0,2.0,0.0,11.0,5.0,9.0,2.0,0.18181818181818182,0.45454545454545453,0.2222222222222222,0.0,0.18181818181818182,11.0,84.0,0.13095238095238096,1.0,96.0,1.0,250.0,142.0,107.0,0.568,0.0,0.0,0.0,0.0,0,0,0,,,22.0,2.0,0.038394415357766144,0.038394415357766144,0.027093596059113302,0.027308192457737322,0.9259259259259259,0.013513513513513514,451.0,0.24725877192982457,-1.3193650643010937,-0.7048098082364036,-0.6145552560646901,-0.6568442553411534,6.378608271822411,,-0.13421585403255767,-1.9762093196422472,4.268183098147606,shooting+turnover+defense+faceoff,deferred: no opportunity denominator; contexts not separable; overlaps faceoff value,deferred: goal value already credited to the shooter,"partial: caused turnovers only, relative to positional per-game average",-0.08982769634737488,-0.1199422785728267,0.025514433087289644,,-0.012201441275687062,0.388016645286146,,,,3.4299235313849854,1.2443959928238213,-0.7704930397139612,2.2294996015755535,,0.18181818181818182,0.2796903165761696,0.2222222222222222,0.2977514200999648,0.0,0.1559136666672903,0.568,0.5635392427317093,,,0.06628694078772558,0.05226240402816813,1.999996000008e-06,0.9367287185364048,,0.13592904893448576,0.11868146067718044,,faceoff_win_pct,0.9367287185364048,14,1.394728295312205,6.799194744589167,75.0,1.4442890666100572,0.4226169290300312,89.28571428571429,32.142857142857146,0.7513939381645123,0.2327955629260096,0.015810498909478197,True,True,False,True,True,False,False,True,True,"ground_ball_value,assist_value,possession_participation,penalty_value",faceoff value dominates this role's total; see the faceoff share-of-total column before comparing across roles,measured_opportunity: took 92.6% of team faceoffs in games played (threshold 50%)
000368,Chris Sabia,WAT,1,LSM,long_stick_midfield,defensive_field,defensive_field,defensive_field,12,0.0,0.0,0.0,0.0,4.0,3.0,3.0,2.0,1.0,0.0,1.0,0.0,0.0,0.0,2.0,41.0,0.04878048780487805,9.0,18.0,3.0,0.0,0.0,0.0,,0.0,0.0,0.0,0.0,0,0,0,,,5.0,0.4166666666666667,0.007407407407407408,0.006906077348066298,0.005917159763313609,0.013767629281396911,0.0,0.09090909090909091,29.0,0.013163867453472538,-0.9083464743071014,-0.6010688462747563,-0.30727762803234504,0.04671171480810425,,,0.29187115376678896,-0.8616347594989971,-0.5697636057322082,shooting+turnover+defense,deferred: no opportunity denominator; contexts not separable; overlaps faceoff value,deferred: goal value already credited to the shooter,"partial: caused turnovers only, relative to positional per-game average",-0.17232695189979944,-0.30278215810236714,,,0.024322596147232412,-0.04748030047768401,0.0660228100530122,-0.9276575695520093,-0.890191139006032,1.2819814286462954,-0.44443982806665805,-0.9366075685204706,,,0.0,0.28119414527490516,0.0,0.29826144370927316,0.0,0.15591382258080105,,,,,0.018993928898638098,0.012105956996236773,9.99999000001e-07,,,0.13952446065377444,,,shooting_pct,0.018993928898638098,78,-0.0537921633482268,1.3971671517707076,28.84615384615385,-0.5918042263955374,-0.36929829171124023,32.692307692307686,13.461538461538463,0.0,0.7659280732842528,0.23407192671574714,True,False,False,True,True,True,False,True,True,"ground_ball_value,assist_value,possession_participation,penalty_value","defensive value is PARTIAL (caused turnovers only, on a games-played denominator); a value near zero does NOT mean an average defender","roster_position: measurable opportunities cannot separate offensive from defensive field roles (the feed attributes one defensive act, caused turnovers, 741 league-wide)"
000369,Clarke Petterson,ATL,1,A,attack,attack,offensive_field,offensive_field,2,2.0,2.0,0.0,2.0,2.0,4.0,2.0,4.0,0.0,0.5,0.5,0.5,,0.5,1.0,17.0,0.058823529411764705,0.0,1.0,0.0,0.0,0.0,0.0,,0.0,0.0,0.0,0.0,0,0,0,,,5.0,2.5,0.041666666666666664,0.008169934640522876,0.045454545454545456,0.031598513011152414,0.0,0.0,7.0,0.01818181818181818,0.7978623074504874,0.7978623074504874,0.0,0.002341716727101899,,,-0.06604599602182724,0.8002040241775893,0.734158028155762,shooting+turnover+defense,deferred: no opportunity denominator; contexts not separable; overlaps faceoff value,deferred: goal value already credited to the shooter,"partial: caused turnovers only, relative to positional per-game average",0.16004080483551786,0.19946557686262184,,,-0.03302299801091362,0.367079014077881,0.0660228100530122,0.7341812141245769,0.7705571076542405,0.9619553836333935,0.763193429390436,0.8700969940695696,,,0.5,0.2920079716568354,0.5,0.3066550478831575,,,,,,,0.025165905392287146,0.023922311517986225,,,,0.1406767552252859,,,shooting_pct,0.025165905392287146,40,0.17445256360862804,3.749635821874049,68.75,0.697649728146469,0.14926928670832787,1.2499999999999956,98.75,0.0,0.9237564277266938,0.07624357227330629,True,False,False,True,True,True,False,True,True,"ground_ball_value,assist_value,possession_participation,penalty_value","offensive value covers finishing and possession security only; shot creation, assists and off-ball work are not measured","roster_position: measurable opportunities cannot separate offensive from defensive field roles (the feed attributes one defensive act, caused turnovers, 741 league-wide)"
000370,Tim Troutner,RED,1,G,goalie,goalie,goalie,goalie,4,0.0,0.0,0.0,0.0,0.0,0.0,0.0,0.0,0.0,,,,,,1.0,47.0,0.02127659574468085,2.0,11.0,0.0,0.0,0.0,0.0,,20.0,36.0,1.0,37.0,64,57,7,0.35714285714285715,0.578125,1.0,0.25,0.004878048780487805,0.0017391304347826088,0.0,0.05136612021857923,0.0,0.05405405405405406,113.0,0.20035460992907803,0.0,0.0,0.0,0.08770984957905942,,-6.663606162383179,0.15254318393551833,0.08770984957905942,-6.423353128868601,shooting+turnover+defense+goalie,deferred: no opportunity denominator; contexts not separable; overlaps faceoff value,deferred: goal value already credited to the shooter,"partial: caused turnovers only, relative to positional per-game average",0.08770984957905942,,,-0.10411884628723717,0.03813579598387958,-1.6058382822171502,,,,4.455384490780574,-1.4417056804323622,,,-1.5029085539216633,,,,,,,,,0.35714285714285715,0.5007316848468761,,,,,0.11963765348315278,,,0.09045403893105686,save_pct,0.11963765348315278,14,-0.7194840200231043,6.869390003298461,24.999999999999993,-0.6286240598796885,-0.8303312384515482,32.142857142857146,75.00000000000001,0.0,0.012704466746827084,0.022095349804665605,True,False,False,True,True,True,False,True,True,"ground_ball_value,assist_value,possession_participation,penalty_value",goalie metrics are standardized only against other goalies; a goalie total is not comparable with a field player total,measured_opportunity: faced 64 shots on goal as goalie of record
000373,Ryder Garnsey,RED,1,A,attack,attack,offensive_field,offensive_field,11,21.0,21.0,0.0,21.0,6.0,55.0,37.0,54.0,1.0,0.38181818181818183,0.6727272727272727,0.3888888888888889,0.0,0.38181818181818183,17.0,268.0,0.06343283582089553,0.0,18.0,3.0,0.0,0.0,0.0,,0.0,0.0,0.0,0.0,0,0,0,,,72.0,6.545454545454546,0.12521739130434784,0.12521739130434784,0.13349514563106796,0.10182370820668693,0.0,0.0,96.0,0.05420666290231508,4.463863522549236,4.771141150581581,-0.30727762803234504,-0.29122155002146277,,,-0.36325297812004986,4.172641972527773,3.8093889944077226,shooting+turnover+defense,deferred: no opportunity denominator; contexts not separable; overlaps faceoff value,deferred: goal value already credited to the shooter,"partial: caused turnovers only, relative to positional per-game average",0.0579533607295524,0.08116115495544066,,,-0.03302299801091362,0.34630809040070204,0.0660228100530122,4.106619162474761,1.1421707336042108,3.6088450242138714,1.0555701253027723,1.2955527871037318,,,0.38181818181818183,0.31157304550056186,0.3888888888888889,0.32353862915826437,0.0,0.15591382258080105,,,,,0.26197311775912735,0.24860971683596136,9.99999000001e-07,,,0.12483688408974558,,,shooting_pct,0.26197311775912735,40,0.17445256360862804,3.749635821874049,81.25,1.9687306886287643,0.9694105250419685,49.99999999999999,73.75,0.0,0.929029115599149,0.07097088440085093,True,False,False,True,True,True,False,True,True,"ground_ball_value,assist_value,possession_participation,penalty_value","offensive value covers finishing and possession security only; shot creation, assists and off-ball work are not measured","roster_position: measurable opportunities cannot separate offensive from defensive field roles (the feed attributes one defensive act, caused turnovers, 741 league-wide)"
000376,Cade van Raaphorst,ATL,1,D,defense,defensive_field,defensive_field,defensive_field,11,3.0,0.0,3.0,6.0,1.0,13.0,8.0,2.0,11.0,0.23076923076923078,0.6153846153846154,0.0,0.2727272727272727,0.46153846153846156,6.0,81.0,0.07407407407407407,12.0,28.0,3.0,0.0,0.0,0.0,,0.0,0.0,0.0,0.0,0,0,0,,,19.0,1.7272727272727273,0.03104575163398693,0.03104575163398693,0.02927927927927928,0.028743789921930447,0.0,0.16666666666666666,47.0,0.02383367139959432,2.0188772453694486,-0.6010688462747563,2.6199460916442048,-0.45194480081600646,,,1.2636818492674453,1.566932444553442,2.8306142938208874,shooting+turnover+defense,deferred: no opportunity denominator; contexts not separable; overlaps faceoff value,deferred: goal value already credited to the shooter,"partial: caused turnovers only, relative to positional per-game average",0.08247012866070748,0.15529824964380373,,,0.1148801681152223,0.25732857216553523,0.0660228100530122,1.5009096345004302,0.59194040061314,2.634428154311679,1.0744701043329334,0.814625201196128,,,0.23076923076923078,0.2823139066094228,0.0,0.29826144370927316,0.2727272727272727,0.15591526342672596,,,,,0.07740619908811985,0.012105956996236773,1.0999879001330986e-05,,,0.13551176548935473,,,shooting_pct,0.07740619908811985,78,-0.0537921633482268,1.3971671517707076,95.51282051282051,2.8910240050524614,2.0644677005994208,95.51282051282051,69.87179487179486,0.0,0.6616198872342607,0.33838011276573937,True,False,False,True,True,True,True,True,True,"ground_ball_value,assist_value,possession_participation,penalty_value","defensive value is PARTIAL (caused turnovers only, on a games-played denominator); a value near zero does NOT mean an average defender","roster_position: measurable opportunities cannot separate offensive from defensive field roles (the feed attributes one defensive act, caused turnovers, 741 league-wide)"
000385,Wes Berg,CHA,1,A,attack,attack,offensive_field,offensive_field,4,3.0,3.0,0.0,3.0,3.0,10.0,7.0,10.0,0.0,0.3,0.7,0.3,,0.3,5.0,58.0,0.08620689655172414,1.0,2.0,0.0,0.0,0.0,0.0,,0.0,0.0,0.0,0.0,0,0,0,,,15.0,3.75,0.07853403141361257,0.023696682464454975,0.08196721311475409,0.057482656095143705,0.0,0.043478260869565216,17.0,0.028428093645484948,-0.005344231373781483,-0.005344231373781483,0.0,-0.41390236057017005,,,0.13354355239578256,-0.41924659194395153,-0.285703039548169,shooting+turnover+defense,deferred: no opportunity denominator; contexts not separable; overlaps faceoff value,deferred: goal value already credited to the shooter,"partial: caused turnovers only, relative to positional per-game average",-0.027949772796263435,-0.0005344231373781483,,,0.03338588809894564,-0.07142575988704225,0.0660228100530122,-0.4852694019969636,-0.31787053008750016,1.538075140845874,-0.1857536292999605,-0.0036859969165434644,,,0.3,0.2874485919014983,0.3,0.3018057876572521,,,,,,,0.06062619389108174,0.05773407983059779,,,,0.13747400167630985,,,shooting_pct,0.06062619389108174,40,0.17445256360862804,3.749635821874049,56.25,0.27611196408201816,-0.12272007870001989,23.75,48.75,0.0,0.7584190786265008,0.24158092137349918,True,False,False,True,True,True,False,True,True,"ground_ball_value,assist_value,possession_participation,penalty_value","offensive value covers finishing and possession security only; shot creation, assists and off-ball work are not measured","roster_position: measurable opportunities cannot separate offensive from defensive field roles (the feed attributes one defensive act, caused turnovers, 741 league-wide)"
000390,Brad Smith,WHP,1,M,midfield,midfield,offensive_field,offensive_field,11,15.0,14.0,1.0,16.0,9.0,61.0,41.0,56.0,5.0,0.2459016393442623,0.6721311475409836,0.25,0.2,0.26229508196721313,14.0,262.0,0.05343511450381679,1.0,12.0,0.0,0.0,0.0,0.0,,0.0,0.0,0.0,0.0,0,0,0,,,75.0,6.818181818181818,0.11942675159235669,0.11942675159235669,0.13232104121475055,0.095900439238653,0.0,0.014084507042253521,108.0,0.05625,-2.366315835854902,-2.8299276956931756,0.4636118598382748,0.4111048734733638,,,-0.09761743368061279,-1.9552109623815381,-2.052828396062151,shooting+turnover+defense,deferred: no opportunity denominator; contexts not separable; overlaps faceoff value,deferred: goal value already credited to the shooter,"partial: caused turnovers only, relative to positional per-game average",-0.02606947949842051,-0.03879206288286725,,,-0.008874312152782981,-0.18662076327837737,0.0660228100530122,-2.02123377243455,-0.5149810441422357,3.937143542562427,-0.5214004452390629,-0.6241723585633011,,,0.2459016393442623,0.2751312163762625,0.25,0.2886535885714386,0.2,0.15591419892362904,,,,,0.28247906641675385,0.2554652198312311,4.9999750001249995e-06,,,0.11868547601625323,,,shooting_pct,0.28247906641675385,52,-0.2392167369865673,3.0729473621539043,22.11538461538462,-0.8185461351327643,-0.590186373320882,85.57692307692308,37.5,0.0,0.9660465604889502,0.03395343951104976,True,False,False,True,True,True,True,True,True,"ground_ball_value,assist_value,possession_participation,penalty_value","offensive value covers finishing and possession security only; shot creation, assists and off-ball work are not measured","roster_position: measurable opportunities cannot separate offensive from defensive field roles (the feed attributes one defensive act, caused turnovers, 741 league-wide)"
000391,Grant Ament,ARC,1,A,attack,attack,offensive_field,offensive_field,7,5.0,4.0,1.0,6.0,13.0,28.0,19.0,25.0,3.0,0.17857142857142858,0.6785714285714286,0.16,0.3333333333333333,0.21428571428571427,11.0,268.0,0.041044776119402986,0.0,7.0,0.0,0.0,0.0,0.0,,0.0,0.0,0.0,0.0,0,0,0,,,39.0,5.571428571428571,0.11048158640226628,0.06351791530944625,0.10181818181818182,0.1370843989769821,0.0,0.0,80.0,0.06514657980456026,-2.4351934625314886,-3.5133605784344537,1.0781671159029649,1.3025917166151595,,,-0.23116098607639535,-1.1326017459163291,-1.3637627319927246,shooting+turnover+defense,deferred: no opportunity denominator; contexts not separable; overlaps faceoff value,deferred: goal value already credited to the shooter,"partial: caused turnovers only, relative to positional per-game average",-0.029041070408111002,-0.0869711950904103,,,-0.03302299801091362,-0.19482324742753207,0.0660228100530122,-1.1986245559693414,-0.4272268719040765,2.8165145988548757,-0.48420225925588894,-0.9327748474056321,,,0.17857142857142858,0.270098726686789,0.16,0.28306541384039774,0.3333333333333333,0.1559145107510914,,,,,0.15305129177252225,0.132831815607044,2.999991000027e-06,,,0.12811508809681982,,,shooting_pct,0.15305129177252225,40,0.17445256360862804,3.749635821874049,36.25,-0.16948095702457874,-0.41023058469517193,41.25,46.25,0.0,0.9417575909439415,0.05824240905605853,True,False,False,True,True,True,False,True,True,"ground_ball_value,assist_value,possession_participation,penalty_value","offensive value covers finishing and possession security only; shot creation, assists and off-ball work are not measured","roster_position: measurable opportunities cannot separate offensive from defensive field roles (the feed attributes one defensive act, caused turnovers, 741 league-wide)"
000395,Bryan Costabile,ATL,1,M,midfield,midfield,offensive_field,offensive_field,11,12.0,11.0,1.0,13.0,8.0,72.0,42.0,58.0,14.0,0.16666666666666666,0.5833333333333334,0.1896551724137931,0.07142857142857142,0.18055555555555555,22.0,322.0,0.06832298136645963,3.0,19.0,0.0,0.0,0.0,0.0,,0.0,0.0,0.0,0.0,0,0,0,,,94.0,8.545454545454545,0.15359477124183007,0.15359477124183007,0.16216216216216217,0.11426543647977289,0.0,0.041666666666666664,120.0,0.060851926977687626,-8.732883334420762,-6.430996541967932,-2.30188679245283,-0.7681773838072893,,,0.43365365519826127,-9.501060718228052,-9.06740706302979,shooting+turnover+defense,deferred: no opportunity denominator; contexts not separable; overlaps faceoff value,deferred: goal value already credited to the shooter,"partial: caused turnovers only, relative to positional per-game average",-0.10107511402370269,-0.12129004631139947,,,0.039423059563478295,-0.8243097330027083,0.0660228100530122,-9.567083528281064,-2.1006230792733103,4.564983823508444,-1.9862955518779875,-1.9789140424077492,,,0.16666666666666666,0.24857659773489324,0.1896551724137931,0.27248189298436265,0.07142857142857142,0.15591279571548364,,,,,0.31725719824725573,0.26219675795343184,1.3999804002743962e-05,,,0.11204776976956055,,,shooting_pct,0.31725719824725573,52,-0.2392167369865673,3.0729473621539043,2.8846153846153912,-3.9225657178800972,-2.872873917324548,99.03846153846155,20.192307692307693,0.0,0.9563496605037572,0.04365033949624276,True,False,False,True,True,True,True,True,True,"ground_ball_value,assist_value,possession_participation,penalty_value","offensive value covers finishing and possession security only; shot creation, assists and off-ball work are not measured","roster_position: measurable opportunities cannot separate offensive from defensive field roles (the feed attributes one defensive act, caused turnovers, 741 league-wide)"
000405,Jesse Bernhardt,CHR,1,D,defense,defensive_field,defensive_field,defensive_field,11,0.0,0.0,0.0,0.0,0.0,1.0,1.0,0.0,1.0,0.0,1.0,,0.0,0.0,4.0,89.0,0.0449438202247191,8.0,23.0,1.0,0.0,0.0,0.0,,0.0,0.0,0.0,0.0,0,0,0,,,5.0,0.45454545454545453,0.008726003490401396,0.008726003490401396,0.0024630541871921183,0.02893368010403121,0.0,0.10810810810810811,29.0,0.015899122807017545,-0.30727762803234504,0.0,-0.30727762803234504,0.19210342048959522,,,0.20113967150969722,-0.11517420754274982,0.0859654639669474,shooting+turnover+defense,deferred: no opportunity denominator; contexts not separable; overlaps faceoff value,deferred: goal value already credited to the shooter,"partial: caused turnovers only, relative to positional per-game average",-0.023034841508549963,-0.30727762803234504,,,0.01828542468269975,0.007815042178813401,0.0660228100530122,-0.18119701759576198,-0.19820689564997687,1.1605151265511162,0.0740752636481563,-0.4260618058690338,,,0.0,0.2848004651315773,,,0.0,0.15591382258080105,,,,,0.006412508790228359,,9.99999000001e-07,,,0.1409528058138676,,,shooting_pct,0.006412508790228359,78,-0.0537921633482268,1.3971671517707076,54.487179487179496,0.07982457004779481,0.10002928220725173,39.102564102564095,48.07692307692308,0.0,0.7128712031521164,0.28712879684788367,True,False,False,True,True,True,False,True,True,"ground_ball_value,assist_value,possession_participation,penalty_value","defensive value is PARTIAL (caused turnovers only, on a games-played denominator); a value near zero does NOT mean an average defender","roster_position: measurable opportunities cannot separate offensive from defensive field roles (the feed attributes one defensive act, caused turnovers, 741 league-wide)"
000406,Craig Chick,ATL,1,LSM,long_stick_midfield,defensive_field,defensive_field,defensive_field,11,1.0,1.0,0.0,1.0,1.0,5.0,3.0,5.0,0.0,0.2,0.6,0.2,,0.2,4.0,62.0,0.06451612903225806,12.0,44.0,1.0,3.0,0.0,3.0,0.0,0.0,0.0,0.0,0.0,0,0,0,,,9.0,0.8181818181818182,0.014705882352941176,0.014705882352941176,0.01126126126126126,0.0220014194464159,0.010135135135135136,0.16666666666666666,81.0,0.04107505070993915,-0.5026721156868907,-0.5026721156868907,0.0,-0.18851940145061014,-0.540127738722671,,1.2636818492674453,-0.6911915171375009,0.03236259340727343,shooting+turnover+defense+faceoff,deferred: no opportunity denominator; contexts not separable; overlaps faceoff value,deferred: goal value already credited to the shooter,"partial: caused turnovers only, relative to positional per-game average",-0.07679905745972232,-0.10053442313737815,-0.18004257957422365,,0.1148801681152223,0.0029420539461157665,0.0660228100530122,-0.757214327190513,-0.6716764268822791,1.3712074833301389,0.02360152916368066,-0.49030859656212816,-1.7234049092792447,,0.2,0.2839301554512378,0.2,0.2988869533022713,,,0.0,0.4224463117764021,,,0.03126070574951185,0.02972511602611155,,0.15085812603536278,,0.13906780700199306,0.4185387146426365,,shooting_pct,0.03126070574951185,78,-0.0537921633482268,1.3971671517707076,51.92307692307692,0.024921969105581435,0.061663886562399864,60.897435897435905,28.84615384615384,0.21648396772755893,0.2770305454843264,0.5064854867881147,True,False,False,True,True,True,False,True,True,"ground_ball_value,assist_value,possession_participation,penalty_value","defensive value is PARTIAL (caused turnovers only, on a games-played denominator); a value near zero does NOT mean an average defender","roster_position: measurable opportunities cannot separate offensive from defensive field roles (the feed attributes one defensive act, caused turnovers, 741 league-wide)"
000407,TJ Comizio,CHA,1,UNK,unknown,unknown,unclassified_field,unknown,1,1.0,1.0,0.0,1.0,0.0,1.0,1.0,1.0,0.0,1.0,1.0,1.0,,1.0,0.0,6.0,0.0,0.0,1.0,0.0,0.0,0.0,0.0,,0.0,0.0,0.0,0.0,0,0,0,,,1.0,1.0,0.0196078431372549,0.001579778830963665,0.027777777777777776,0.020066889632107024,0.0,0.0,4.0,0.023809523809523808,0.6994655768626219,0.6994655768626219,0.0,0.2425368014447034,,,0.0,0.9420023783073252,0.9420023783073252,shooting+turnover+defense,deferred: no opportunity denominator; contexts not separable; overlaps faceoff value,deferred: goal value already credited to the shooter,"partial: caused turnovers only, relative to positional per-game average",0.9420023783073252,0.6994655768626219,,,0.0,0.9420023783073252,,,,0.5146220576980615,1.8304741590769822,1.5255837760479056,,,1.0,0.2912129739218057,1.0,0.30616764839997607,,,,,,,0.006412508790228359,0.006089840169722695,,,,0.14189549279399216,,,shooting_pct,0.006412508790228359,2,-0.3524049041182017,,75.0,,,25.0,75.0,0.0,1.0,0.0,True,False,False,True,True,True,False,True,True,"ground_ball_value,assist_value,possession_participation,penalty_value","offensive value covers finishing and possession security only; shot creation, assists and off-ball work are not measured",unlabelled: no position in any game played and no role-defining opportunity
000408,Matt DeLuca,WAT,1,G,goalie,goalie,goalie,goalie,6,0.0,0.0,0.0,0.0,0.0,0.0,0.0,0.0,0.0,,,,,,1.0,45.0,0.022222222222222223,0.0,9.0,0.0,0.0,0.0,0.0,,46.0,58.0,1.0,59.0,110,102,8,0.4423076923076923,0.5363636363636364,1.0,0.16666666666666666,0.003003003003003003,0.0013812154696132596,0.0,0.03125,0.0,0.0,181.0,0.16884328358208955,0.0,0.0,0.0,0.07267387536550637,,-7.125036507009348,-0.5680918574150338,0.07267387536550637,-7.620454489058876,shooting+turnover+defense+goalie,deferred: no opportunity denominator; contexts not separable; overlaps faceoff value,deferred: goal value already credited to the shooter,"partial: caused turnovers only, relative to positional per-game average",0.07267387536550637,,,-0.06477305915463044,-0.09468197623583896,-1.2700757481764793,,,,5.646140441784655,-1.349674980215365,,,-1.2666721980602529,,,,,,,,,0.4423076923076923,0.5045389994096732,,,,,0.20151912095729635,,,0.08615360007388517,save_pct,0.20151912095729635,14,-0.7194840200231043,6.869390003298461,17.857142857142854,-0.7754632143274485,-1.004597273662166,17.857142857142854,67.85714285714286,0.0,0.009358192897720847,0.07315301624657443,True,False,False,True,True,True,False,True,True,"ground_ball_value,assist_value,possession_participation,penalty_value",goalie metrics are standardized only against other goalies; a goalie total is not comparable with a field player total,measured_opportunity: faced 110 shots on goal as goalie of record
000409,Zach Currier,WAT,1,M,midfield,midfield,offensive_field,offensive_field,13,14.0,14.0,0.0,14.0,10.0,38.0,23.0,36.0,2.0,0.3684210526315789,0.6052631578947368,0.3888888888888889,0.0,0.3684210526315789,20.0,325.0,0.06153846153846154,9.0,69.0,4.0,33.0,3.0,30.0,0.09090909090909091,0.0,0.0,0.0,0.0,0,0,0,,,58.0,4.461538461538462,0.08011049723756906,0.08011049723756906,0.06972477064220184,0.10265319014529374,0.0889487870619946,0.08737864077669903,223.0,0.09425190194420964,2.566205510989695,3.1807607670543856,-0.6145552560646901,-0.18961619001667285,-4.8557166787935,,1.9614209258130562,2.3765893209730224,-0.5177064320074214,shooting+turnover+defense+faceoff,deferred: no opportunity denominator; contexts not separable; overlaps faceoff value,deferred: goal value already credited to the shooter,"partial: caused turnovers only, relative to positional per-game average",0.040975677947810735,0.06753172397341303,-0.1471429296604091,,0.15087853275485047,-0.03982357169287857,0.0660228100530122,2.3105665109200104,0.7347888947485066,3.3290506844383194,-0.15551173024413395,0.8746642838509318,-4.671408432344801,,0.3684210526315789,0.30274536707476435,0.3888888888888889,0.31763372004151635,0.0,0.1559136666672903,0.09090909090909091,0.22853731982792047,,,0.19694710699944917,0.1807157046073926,1.999996000008e-06,0.661505135438612,,0.12913663720246404,0.2290728241787292,,shooting_pct,0.19694710699944917,52,-0.2392167369865673,3.0729473621539043,39.42307692307692,-0.13923967004591267,-0.0906262497206115,47.11538461538462,68.26923076923077,0.5072325624476897,0.287875631038204,0.20489180651410624,True,False,False,True,True,True,True,True,True,"ground_ball_value,assist_value,possession_participation,penalty_value","offensive value covers finishing and possession security only; shot creation, assists and off-ball work are not measured","roster_position: measurable opportunities cannot separate offensive from defensive field roles (the feed attributes one defensive act, caused turnovers, 741 league-wide)"
000410,Eli Gobrecht,WAT,1,D,defense,defensive_field,defensive_field,defensive_field,13,1.0,1.0,0.0,1.0,1.0,3.0,2.0,2.0,1.0,0.3333333333333333,0.6666666666666666,0.5,0.0,0.3333333333333333,2.0,78.0,0.02564102564102564,9.0,28.0,3.0,0.0,0.0,0.0,,0.0,0.0,0.0,0.0,0,0,0,,,5.0,0.38461538461538464,0.006906077348066298,0.006906077348066298,0.005504587155963303,0.024636765634870498,0.0,0.08737864077669903,36.0,0.015215553677092139,0.09165352569289864,0.3989311537252437,-0.30727762803234504,0.5683059522817189,,,0.11696709158444345,0.6599594779746175,0.7769265695590609,shooting+turnover+defense,deferred: no opportunity denominator; contexts not separable; overlaps faceoff value,deferred: goal value already credited to the shooter,"partial: caused turnovers only, relative to positional per-game average",0.1319918955949235,0.030551175230966215,,,0.008997468583418726,0.059763582273773916,0.0660228100530122,0.5939366679216054,0.5383545002099519,1.349495498556841,0.5757163105693284,0.09450511261249375,,,0.3333333333333333,0.28752545490778453,0.5,0.3043144222073915,0.0,0.15591382258080105,,,,,0.018993928898638098,0.012105956996236773,9.99999000001e-07,,,0.1404688223847188,,,shooting_pct,0.018993928898638098,78,-0.0537921633482268,1.3971671517707076,78.84615384615384,0.7875396877425122,0.594573621241003,27.564102564102562,76.28205128205127,0.0,0.8494489747585448,0.15055102524145528,True,False,False,True,True,True,False,True,True,"ground_ball_value,assist_value,possession_participation,penalty_value","defensive value is PARTIAL (caused turnovers only, on a games-played denominator); a value near zero does NOT mean an average defender","roster_position: measurable opportunities cannot separate offensive from defensive field roles (the feed attributes one defensive act, caused turnovers, 741 league-wide)"
000411,Christian Mazzone,WAT,1,M,midfield,midfield,offensive_field,offensive_field,1,0.0,0.0,0.0,0.0,0.0,0.0,0.0,0.0,0.0,,,,,,0.0,6.0,0.0,0.0,3.0,0.0,0.0,0.0,0.0,,0.0,0.0,0.0,0.0,0,0,0,,,0.0,0.0,0.0,0.0,0.0,0.026905829596412557,0.0,0.0,6.0,0.03296703296703297,0.0,0.0,0.0,0.09458020982348433,,,-0.03302299801091362,0.09458020982348433,0.06155721181257071,shooting+turnover+defense,deferred: no opportunity denominator; contexts not separable; overlaps faceoff value,deferred: goal value already credited to the shooter,"partial: caused turnovers only, relative to positional per-game average",,,,,-0.03302299801091362,0.06155721181257071,,,,0.1800140130756487,0.34195788850450237,,,,,,,,,,,,,,,,,,,,,,shooting_pct,,52,-0.2392167369865673,3.0729473621539043,56.730769230769226,0.1170901509393463,0.09787800224092293,1.9230769230769273,50.0,0.0,0.7412055811812309,0.2587944188187691,True,False,False,False,True,True,False,True,True,"ground_ball_value,assist_value,possession_participation,penalty_value","offensive value covers finishing and possession security only; shot creation, assists and off-ball work are not measured","roster_position: measurable opportunities cannot separate offensive from defensive field roles (the feed attributes one defensive act, caused turnovers, 741 league-wide)"
000414,Rob Pannell,RED,1,A,attack,attack,offensive_field,offensive_field,11,19.0,19.0,0.0,19.0,22.0,55.0,33.0,52.0,3.0,0.34545454545454546,0.6,0.36538461538461536,0.0,0.34545454545454546,21.0,361.0,0.05817174515235457,2.0,13.0,0.0,0.0,0.0,0.0,,0.0,0.0,0.0,0.0,0,0,0,,,76.0,6.909090909090909,0.13217391304347825,0.13217391304347825,0.13349514563106796,0.1371580547112462,0.0,0.025974025974025976,130.0,0.07340485601355166,2.450377112759302,3.372209996856336,-0.9218328840970351,0.11222952448479591,,,0.16801811075882425,2.5626066372440977,2.730624748002922,shooting+turnover+defense,deferred: no opportunity denominator; contexts not separable; overlaps faceoff value,deferred: goal value already credited to the shooter,"partial: caused turnovers only, relative to positional per-game average",0.033718508384790756,0.044552311141078216,,,0.01527437370534766,0.2482386134548111,0.0660228100530122,2.4965838271910856,0.6693127973331859,3.7429824734286035,0.729531801815157,0.6933068434334986,,,0.34545454545454546,0.3020467503093209,0.36538461538461536,0.31725204486954905,0.0,0.15591351075409138,,,,,0.26197311775912735,0.24162679282515703,2.999991000027e-06,,,0.1237569687073119,,,shooting_pct,0.26197311775912735,40,0.17445256360862804,3.749635821874049,76.25,1.5228465552085795,0.6817121197430667,56.25,68.75,0.0,0.9384689855749287,0.061531014425071216,True,False,False,True,True,True,False,True,True,"ground_ball_value,assist_value,possession_participation,penalty_value","offensive value covers finishing and possession security only; shot creation, assists and off-ball work are not measured","roster_position: measurable opportunities cannot separate offensive from defensive field roles (the feed attributes one defensive act, caused turnovers, 741 league-wide)"
000416,Ryland Rees,WAT,1,LSM,long_stick_midfield,defensive_field,defensive_field,defensive_field,12,5.0,3.0,2.0,7.0,1.0,16.0,10.0,5.0,11.0,0.3125,0.625,0.6,0.18181818181818182,0.4375,3.0,65.0,0.046153846153846156,9.0,28.0,2.0,0.0,0.0,0.0,,0.0,0.0,0.0,0.0,0,0,0,,,19.0,1.5833333333333333,0.028528528528528527,0.026243093922651933,0.031746031746031744,0.022290809327846366,0.0,0.09375,70.0,0.03243744207599629,2.117273975957314,1.4973278843131093,0.6199460916442048,0.11940756764884974,,,0.29187115376678896,2.2366815436061636,2.5285526973729526,shooting+turnover+defense,deferred: no opportunity denominator; contexts not separable; overlaps faceoff value,deferred: goal value already credited to the shooter,"partial: caused turnovers only, relative to positional per-game average",0.11772008124242966,0.13232962349733213,,,0.024322596147232412,0.21071272478107939,0.0660228100530122,2.1706587335531515,0.8202532937136339,2.749650400943312,0.9195906128668182,0.8135806664439749,,,0.3125,0.2890590988943833,0.6,0.3107769997127159,0.18181818181818182,0.15591426343772583,,,,,0.09359724344834856,0.02972511602611155,1.0999879001330986e-05,,,0.13528832589508966,,,shooting_pct,0.09359724344834856,78,-0.0537921633482268,1.3971671517707076,94.23076923076923,2.5816381994679154,1.8482719533224286,92.94871794871796,72.43589743589745,0.0,0.8845698750633002,0.1154301249366997,True,False,False,True,True,True,True,True,True,"ground_ball_value,assist_value,possession_participation,penalty_value","defensive value is PARTIAL (caused turnovers only, on a games-played denominator); a value near zero does NOT mean an average defender","roster_position: measurable opportunities cannot separate offensive from defensive field roles (the feed attributes one defensive act, caused turnovers, 741 league-wide)"
000417,Finn Sullivan,RED,1,D,defense,defensive_field,defensive_field,defensive_field,7,0.0,0.0,0.0,0.0,0.0,0.0,0.0,0.0,0.0,,,,,,4.0,32.0,0.125,7.0,7.0,2.0,0.0,0.0,0.0,,0.0,0.0,0.0,0.0,0,0,0,,,4.0,0.5714285714285714,0.011396011396011397,0.006956521739130435,0.0,0.019925280199252802,0.0,0.1590909090909091,10.0,0.009328358208955223,0.0,0.0,0.0,-0.6114336480508383,,,0.6351203757996415,-0.6114336480508383,0.023686727748803205,shooting+turnover+defense,deferred: no opportunity denominator; contexts not separable; overlaps faceoff value,deferred: goal value already credited to the shooter,"partial: caused turnovers only, relative to positional per-game average",-0.15285841201270958,,,,0.09073148225709164,0.0033838182498290292,0.0660228100530122,-0.6774564581038505,-2.0111233953867256,0.66234150524341,0.03576210695130506,,,,,,,,,,,,,,,,,,,,,,shooting_pct,,78,-0.0537921633482268,1.3971671517707076,50.641025641025635,0.01603573623965745,0.05545427474360294,49.358974358974365,17.307692307692314,0.0,0.4904991170476361,0.5095008829523638,True,False,False,False,False,True,False,True,True,"ground_ball_value,assist_value,possession_participation,penalty_value","defensive value is PARTIAL (caused turnovers only, on a games-played denominator); a value near zero does NOT mean an average defender","roster_position: measurable opportunities cannot separate offensive from defensive field roles (the feed attributes one defensive act, caused turnovers, 741 league-wide)"
000418,Dillon Ward,WAT,1,G,goalie,goalie,goalie,goalie,9,0.0,0.0,0.0,0.0,1.0,0.0,0.0,0.0,0.0,,,,,,5.0,104.0,0.04807692307692308,6.0,19.0,0.0,0.0,0.0,0.0,,116.0,101.0,6.0,107.0,225,196,29,0.5345622119815668,0.47555555555555556,5.0,0.5555555555555556,0.009784735812133072,0.006906077348066298,0.0,0.04659498207885305,0.0,0.07894736842105263,371.0,0.22083333333333333,0.0,0.0,0.0,-0.546307063092427,,-0.05921436915888023,0.7416754805140718,-0.546307063092427,0.13615404826276456,shooting+turnover+defense+goalie,deferred: no opportunity denominator; contexts not separable; overlaps faceoff value,deferred: goal value already credited to the shooter,"partial: caused turnovers only, relative to positional per-game average",-0.1092614126184854,,,-0.0002631749740394677,0.08240838672378575,0.015128227584751618,,,,8.47818743231933,0.016059334539330613,,,-0.007005214912620376,,,,,,,,,0.5345622119815668,0.5251835785277442,,,,,0.34494814548652086,,,0.0779564869008027,save_pct,0.34494814548652086,14,-0.7194840200231043,6.869390003298461,60.71428571428571,0.17597989389986973,0.12455808563424392,75.0,39.28571428571429,0.0,0.40551389178218006,0.5505323486762163,True,False,False,True,True,True,True,True,True,"ground_ball_value,assist_value,possession_participation,penalty_value",goalie metrics are standardized only against other goalies; a goalie total is not comparable with a field player total,measured_opportunity: faced 225 shots on goal as goalie of record
000419,Zed Williams,WHP,1,A,attack,attack,offensive_field,offensive_field,8,15.0,15.0,0.0,15.0,8.0,54.0,33.0,53.0,1.0,0.2777777777777778,0.6111111111111112,0.2830188679245283,0.0,0.2777777777777778,18.0,238.0,0.07563025210084033,0.0,18.0,1.0,0.0,0.0,0.0,,0.0,0.0,0.0,0.0,0,0,0,,,72.0,9.0,0.15894039735099338,0.11464968152866242,0.16265060240963855,0.11858495266567015,0.0,0.0,105.0,0.07337526205450734,-1.2356020543133859,-0.9283244262810424,-0.30727762803234504,-1.0297581435783214,,,-0.264183984087309,-2.2653601978917073,-2.5295441819790163,shooting+turnover+defense,deferred: no opportunity denominator; contexts not separable; overlaps faceoff value,deferred: goal value already credited to the shooter,"partial: caused turnovers only, relative to positional per-game average",-0.03146333608182927,-0.02288151952432196,,,-0.03302299801091362,-0.31619302274737704,0.0660228100530122,-2.3313830079447198,-0.6568216567612788,3.5593634072316442,-0.7106731998310936,-0.3618281385527962,,,0.2777777777777778,0.2843485540584204,0.2830188679245283,0.2972839881787312,0.0,0.15591382258080105,,,,,0.2584409626131877,0.24513440346180268,9.99999000001e-07,,,0.12186920212116092,,,shooting_pct,0.2584409626131877,40,0.17445256360862804,3.749635821874049,18.75,-0.6513317908066717,-0.7211358313288676,86.25,43.75,0.0,0.8955606365884379,0.10443936341156207,True,False,False,True,True,True,False,True,True,"ground_ball_value,assist_value,possession_participation,penalty_value","offensive value covers finishing and possession security only; shot creation, assists and off-ball work are not measured","roster_position: measurable opportunities cannot separate offensive from defensive field roles (the feed attributes one defensive act, caused turnovers, 741 league-wide)"
000422,Eli Salama,CHR,1,LSM,long_stick_midfield,defensive_field,defensive_field,defensive_field,11,4.0,3.0,1.0,5.0,2.0,11.0,8.0,6.0,5.0,0.36363636363636365,0.7272727272727273,0.5,0.2,0.45454545454545453,3.0,59.0,0.05084745762711865,3.0,20.0,3.0,0.0,0.0,0.0,,0.0,0.0,0.0,0.0,0,0,0,,,14.0,1.2727272727272727,0.02443280977312391,0.02443280977312391,0.027093596059113302,0.01918075422626788,0.0,0.04054054054054054,44.0,0.02412280701754386,1.6604053210140055,1.196793461175731,0.4636118598382748,0.034824718328804107,,,-1.127038050687488,1.6952300393428097,0.5681919886553217,shooting+turnover+defense,deferred: no opportunity denominator; contexts not separable; overlaps faceoff value,deferred: goal value already credited to the shooter,"partial: caused turnovers only, relative to positional per-game average",0.12108785995305783,0.1509459382740005,,,-0.10245800460795346,0.05165381715048379,0.0660228100530122,1.6292072292897974,0.8074518070176697,2.140616721458923,0.26543378034909226,0.8449096300936739,,,0.36363636363636365,0.29174248762848337,0.5,0.30894034220925254,0.2,0.15591419892362904,,,,,0.06628694078772558,0.035459332675734916,4.9999750001249995e-06,,,0.1376694292994216,,,shooting_pct,0.06628694078772558,78,-0.0537921633482268,1.3971671517707076,71.15384615384616,0.5737438354207582,0.44517518982268756,87.82051282051282,73.71794871794873,0.0,0.6006622989967657,0.39933770100323424,True,False,False,True,True,True,True,True,True,"ground_ball_value,assist_value,possession_participation,penalty_value","defensive value is PARTIAL (caused turnovers only, on a games-played denominator); a value near zero does NOT mean an average defender","roster_position: measurable opportunities cannot separate offensive from defensive field roles (the feed attributes one defensive act, caused turnovers, 741 league-wide)"
000424,Jake Pulver,CAN,1,D,defense,defensive_field,defensive_field,defensive_field,10,1.0,1.0,0.0,1.0,0.0,5.0,3.0,2.0,3.0,0.2,0.6,0.5,0.0,0.2,9.0,57.0,0.15789473684210525,14.0,14.0,0.0,8.0,0.0,8.0,0.0,0.0,0.0,0.0,0.0,0,0,0,,,14.0,1.4,0.025688073394495414,0.025688073394495414,0.01272264631043257,0.023331968890708144,0.028469750889679714,0.21875,31.0,0.017386427369601793,-0.5229017303717916,0.3989311537252437,-0.9218328840970351,-1.5871828314145,-1.4403406365937892,,1.9698570003286648,-2.110084561786292,-1.5805681980514161,shooting+turnover+defense+faceoff,deferred: no opportunity denominator; contexts not separable; overlaps faceoff value,deferred: goal value already credited to the shooter,"partial: caused turnovers only, relative to positional per-game average",-0.15072032584187797,-0.10458034607435832,-0.18004257957422365,,0.19698570003286647,-0.1580568198051416,0.0660228100530122,-2.176107371839304,-1.4728481512317582,1.7057235966456745,-0.9266262137427318,-0.3715318290735203,-2.814308431961122,,0.2,0.2839301554512378,0.5,0.3043144222073915,0.0,0.15591351075409138,0.0,0.3375708116847414,,,0.03126070574951185,0.012105956996236773,2.999991000027e-06,0.3214628613411485,,0.13906780700199306,0.3604286379995756,,shooting_pct,0.03126070574951185,78,-0.0537921633482268,1.3971671517707076,10.897435897435898,-1.627118204606403,-1.0927654810437113,90.38461538461537,19.871794871794872,0.26091793584949347,0.38224215462750505,0.35683990952300154,True,False,False,True,True,True,True,True,True,"ground_ball_value,assist_value,possession_participation,penalty_value","defensive value is PARTIAL (caused turnovers only, on a games-played denominator); a value near zero does NOT mean an average defender","roster_position: measurable opportunities cannot separate offensive from defensive field roles (the feed attributes one defensive act, caused turnovers, 741 league-wide)"
000427,Jake Withers,WAT,1,FO,faceoff,faceoff,faceoff,faceoff,9,1.0,1.0,0.0,1.0,0.0,6.0,3.0,6.0,0.0,0.16666666666666666,0.5,0.16666666666666666,,0.16666666666666666,3.0,46.0,0.06521739130434782,5.0,47.0,2.0,226.0,110.0,114.0,0.48672566371681414,0.0,0.0,0.0,0.0,0,0,0,,,9.0,1.0,0.018255578093306288,0.012430939226519336,0.01652892561983471,0.021306160259379342,0.889763779527559,0.06329113924050633,323.0,0.19411057692307693,-0.8032065388242691,-0.8032065388242691,0.0,0.4435308635943328,-0.8810465880589415,,1.001026577992826,-0.35967567522993626,-0.23969568529605179,shooting+turnover+defense+faceoff,deferred: no opportunity denominator; contexts not separable; overlaps faceoff value,deferred: goal value already credited to the shooter,"partial: caused turnovers only, relative to positional per-game average",-0.039963963914437364,-0.1338677564707115,-0.003898436230349299,,0.11122517533253623,-0.026632853921783533,,,,3.0072897543164276,-0.07970488542117081,-0.7151898222906107,-0.32388894566672777,,0.16666666666666666,0.2821660137058436,0.16666666666666666,0.29712056465067427,,,0.48672566371681414,0.4874745853498139,,,0.03727976852456296,0.035459332675734916,,0.9304767760943935,,0.13837674929527566,0.1253539173048921,,faceoff_win_pct,0.9304767760943935,14,1.394728295312205,6.799194744589167,53.57142857142857,0.11661642216745899,-0.24038493409957692,24.999999999999993,46.42857142857143,0.2815915405481619,0.39847008156461,0.31993837788722806,True,True,False,True,True,False,False,True,True,"ground_ball_value,assist_value,possession_participation,penalty_value",faceoff value dominates this role's total; see the faceoff share-of-total column before comparing across roles,measured_opportunity: took 89.0% of team faceoffs in games played (threshold 50%)
000434,Matt Abbott,CAN,1,SSDM,short_stick_defensive_midfield,defensive_field,defensive_field,defensive_field,5,0.0,0.0,0.0,0.0,0.0,3.0,1.0,2.0,1.0,0.0,0.3333333333333333,0.0,0.0,0.0,1.0,32.0,0.03125,1.0,9.0,1.0,0.0,0.0,0.0,,0.0,0.0,0.0,0.0,0,0,0,,,4.0,0.8,0.014285714285714285,0.007339449541284404,0.015,0.025336500395882817,0.0,0.038461538461538464,18.0,0.01958650707290533,-0.9083464743071014,-0.6010688462747563,-0.30727762803234504,0.1854729852674729,,,-0.6088847664722898,-0.7228734890396284,-1.3317582555119183,shooting+turnover+defense,deferred: no opportunity denominator; contexts not separable; overlaps faceoff value,deferred: goal value already credited to the shooter,"partial: caused turnovers only, relative to positional per-game average",-0.1807183722599071,-0.30278215810236714,,,-0.12177695329445797,-0.2663516511023837,0.0660228100530122,-0.7888962990926407,-0.768409365452827,1.134168188882223,-1.174215842558968,-0.9366075685204706,,,0.0,0.28119414527490516,0.0,0.29826144370927316,0.0,0.15591382258080105,,,,,0.018993928898638098,0.012105956996236773,9.99999000001e-07,,,0.13952446065377444,,,shooting_pct,0.018993928898638098,78,-0.0537921633482268,1.3971671517707076,16.02564102564103,-1.3722752672212941,-0.9146837517215131,57.6923076923077,12.17948717948718,0.0,0.6424013300971678,0.3575986699028321,True,False,False,True,True,True,False,True,True,"ground_ball_value,assist_value,possession_participation,penalty_value","defensive value is PARTIAL (caused turnovers only, on a games-played denominator); a value near zero does NOT mean an average defender","roster_position: measurable opportunities cannot separate offensive from defensive field roles (the feed attributes one defensive act, caused turnovers, 741 league-wide)"
000700,Tommy Palasek,CHA,1,A,attack,attack,offensive_field,offensive_field,2,0.0,0.0,0.0,0.0,2.0,3.0,2.0,3.0,0.0,0.0,0.6666666666666666,0.0,,0.0,4.0,52.0,0.07692307692307693,0.0,1.0,0.0,0.0,0.0,0.0,,0.0,0.0,0.0,0.0,0,0,0,,,7.0,3.5,0.09210526315789473,0.011058451816745656,0.07317073170731707,0.11304347826086956,0.0,0.0,8.0,0.031007751937984496,-0.9016032694121345,-0.9016032694121345,0.0,-0.24284702595421725,,,-0.06604599602182724,-1.1444502953663518,-1.210496291388179,shooting+turnover+defense,deferred: no opportunity denominator; contexts not separable; overlaps faceoff value,deferred: goal value already credited to the shooter,"partial: caused turnovers only, relative to positional per-game average",-0.16349289933805025,-0.30053442313737816,,,-0.03302299801091362,-0.6052481456940895,0.0660228100530122,-1.2104731054193638,-1.3243185232016963,0.9235819543498959,-1.3106539010284588,-1.1353364100763015,,,0.0,0.28119414527490516,0.0,0.29646693572194516,,,,,,,0.018993928898638098,0.018049681162381374,,,,0.13952446065377444,,,shooting_pct,0.018993928898638098,40,0.17445256360862804,3.749635821874049,41.25,-0.10613155118441689,-0.3693555643237419,31.25,8.750000000000002,0.0,0.9454389108899404,0.05456108911005972,True,False,False,True,True,True,False,True,True,"ground_ball_value,assist_value,possession_participation,penalty_value","offensive value covers finishing and possession security only; shot creation, assists and off-ball work are not measured","roster_position: measurable opportunities cannot separate offensive from defensive field roles (the feed attributes one defensive act, caused turnovers, 741 league-wide)"
000727,CJ Costabile,CHA,1,LSM,long_stick_midfield,defensive_field,defensive_field,defensive_field,13,7.0,5.0,2.0,9.0,1.0,22.0,13.0,11.0,11.0,0.3181818181818182,0.5909090909090909,0.45454545454545453,0.18181818181818182,0.4090909090909091,6.0,83.0,0.07228915662650602,3.0,32.0,6.0,27.0,14.0,13.0,0.5185185185185185,0.0,0.0,0.0,0.0,0,0,0,,,28.0,2.1538461538461537,0.044233807266982623,0.044233807266982623,0.05104408352668213,0.025994362668336986,0.08571428571428572,0.045454545454545456,112.0,0.05408015451472718,2.314067437133045,1.6941213454888402,0.6199460916442048,-0.4237505177093245,0.20539643822340173,,-1.4768461750521789,1.8903169194237206,0.6188671825949434,shooting+turnover+defense+faceoff,deferred: no opportunity denominator; contexts not separable; overlaps faceoff value,deferred: goal value already credited to the shooter,"partial: caused turnovers only, relative to positional per-game average",0.06751131855084716,0.1051848835060475,0.00760727548975562,,-0.11360355192709068,0.04760516789191872,0.0660228100530122,1.8242941093707083,0.6321503844678169,3.1330757866521237,0.19752703883880177,0.8164214187707466,0.21845525580041456,,0.3181818181818182,0.2905603851605574,0.45454545454545453,0.3115538759885859,0.18181818181818182,0.15591426343772583,0.5185185185185185,0.5104303596792661,,,0.12433227539813199,0.0631429378720731,1.0999879001330986e-05,0.6152270887536841,,0.1332006212323904,0.2910063246381469,,shooting_pct,0.12433227539813199,78,-0.0537921633482268,1.3971671517707076,72.43589743589745,0.6256477711892542,0.4814451478412384,96.7948717948718,67.3076923076923,0.04646914562776206,0.6194073390284163,0.3341235153438216,True,False,False,True,True,True,True,True,True,"ground_ball_value,assist_value,possession_participation,penalty_value","defensive value is PARTIAL (caused turnovers only, on a games-played denominator); a value near zero does NOT mean an average defender","roster_position: measurable opportunities cannot separate offensive from defensive field roles (the feed attributes one defensive act, caused turnovers, 741 league-wide)"
000823,Mark Cockerton,CAN,1,A,attack,attack,offensive_field,offensive_field,3,6.0,6.0,0.0,6.0,0.0,26.0,12.0,26.0,0.0,0.23076923076923078,0.46153846153846156,0.23076923076923078,,0.23076923076923078,3.0,59.0,0.05084745762711865,0.0,0.0,0.0,0.0,0.0,0.0,,0.0,0.0,0.0,0.0,0,0,0,,,29.0,9.666666666666666,0.18354430379746836,0.05321100917431193,0.22033898305084745,0.08263305322128851,0.0,0.0,27.0,0.04847396768402154,-1.813895001571832,-1.813895001571832,0.0,0.13313209661261818,,,-0.09906899403274087,-1.6807629049592139,-1.7798318989919548,shooting+turnover+defense,deferred: no opportunity denominator; contexts not separable; overlaps faceoff value,deferred: goal value already credited to the shooter,"partial: caused turnovers only, relative to positional per-game average",-0.05795734155031772,-0.06976519236814739,,,-0.03302299801091362,-0.5932772996639849,0.0660228100530122,-1.7467857150122261,-0.7317801812400005,2.3925420837100257,-0.7439082936556066,-0.7758811223869414,,,0.23076923076923078,0.27861068173156767,0.23076923076923078,0.29213974100063783,,,,,,,0.1436899085110775,0.1374149650593095,,,,0.13006987248081714,,,shooting_pct,0.1436899085110775,40,0.17445256360862804,3.749635821874049,28.750000000000004,-0.3414542501593747,-0.521193138597615,93.75,23.75,0.0,0.9515814558223471,0.048418544177652824,True,False,False,True,True,True,False,True,True,"ground_ball_value,assist_value,possession_participation,penalty_value","offensive value covers finishing and possession security only; shot creation, assists and off-ball work are not measured","roster_position: measurable opportunities cannot separate offensive from defensive field roles (the feed attributes one defensive act, caused turnovers, 741 league-wide)"
000886,Lyle Thompson,CAN,1,A,attack,attack,offensive_field,offensive_field,9,26.0,26.0,0.0,26.0,18.0,66.0,42.0,66.0,0.0,0.3939393939393939,0.6363636363636364,0.3939393939393939,,0.3939393939393939,25.0,283.0,0.08833922261484099,5.0,22.0,1.0,0.0,0.0,0.0,,0.0,0.0,0.0,0.0,0,0,0,,,91.0,10.11111111111111,0.182,0.1669724770642202,0.18232044198895028,0.1269627635711081,0.0,0.08620689655172414,145.0,0.08890251379521766,6.164728072933041,6.164728072933041,0.0,-2.1798553809782484,,,1.0309707400989627,3.9848726919547928,5.015843432053756,shooting+turnover+defense,deferred: no opportunity denominator; contexts not separable; overlaps faceoff value,deferred: goal value already credited to the shooter,"partial: caused turnovers only, relative to positional per-game average",0.04378980980170102,0.09340497080201578,,,0.1145523044554403,0.5573159368948617,0.0660228100530122,3.9188498819017807,1.0122213976645023,3.8817169835252825,1.2921713389569394,1.655052109359718,,,0.3939393939393939,0.31869108409802516,0.3939393939393939,0.3284142741185917,,,,,,,0.2987165976294744,0.28794816254321837,,,,0.12245898874243721,,,shooting_pct,0.2987165976294744,40,0.17445256360862804,3.749635821874049,86.25,2.467392832126315,1.291162955133447,91.25,71.25,0.0,0.8900362881206939,0.10996371187930604,True,False,False,True,True,True,True,True,True,"ground_ball_value,assist_value,possession_participation,penalty_value","offensive value covers finishing and possession security only; shot creation, assists and off-ball work are not measured","roster_position: measurable opportunities cannot separate offensive from defensive field roles (the feed attributes one defensive act, caused turnovers, 741 league-wide)"
000921,Challen Rogers,CHA,1,M,midfield,midfield,offensive_field,offensive_field,10,13.0,13.0,0.0,13.0,5.0,27.0,17.0,27.0,0.0,0.48148148148148145,0.6296296296296297,0.48148148148148145,,0.48148148148148145,20.0,194.0,0.10309278350515463,2.0,14.0,1.0,0.0,0.0,0.0,,0.0,0.0,0.0,0.0,0,0,0,,,47.0,4.7,0.09418837675350701,0.07424960505529225,0.07871720116618076,0.07990115321252059,0.0,0.04081632653061224,77.0,0.04706601466992665,4.8855705752907905,4.8855705752907905,0.0,-2.254617437829414,,,0.20104110876973788,2.6309531374613764,2.831994246231114,shooting+turnover+defense,deferred: no opportunity denominator; contexts not separable; overlaps faceoff value,deferred: goal value already credited to the shooter,"partial: caused turnovers only, relative to positional per-game average",0.05597772632896546,0.18094705834410335,,,0.020104110876973787,0.28319942462311143,0.0660228100530122,2.5649303274083644,1.0107322612685743,2.5549202227151384,1.1084472309751912,2.0507046895625067,,,0.48148148148148145,0.3155525143339697,0.48148148148148145,0.32740567622588274,,,,,,,0.14839632597294844,0.1419499235697633,,,,0.1344881890108809,,,shooting_pct,0.14839632597294844,52,-0.2392167369865673,3.0729473621539043,81.73076923076923,1.3430356019611556,0.9994349467362806,66.34615384615385,79.8076923076923,0.0,0.9726147889635705,0.02738521103642947,True,False,False,True,True,True,False,True,True,"ground_ball_value,assist_value,possession_participation,penalty_value","offensive value covers finishing and possession security only; shot creation, assists and off-ball work are not measured","roster_position: measurable opportunities cannot separate offensive from defensive field roles (the feed attributes one defensive act, caused turnovers, 741 league-wide)"
000922,Graeme Hossack,ARC,1,D,defense,defensive_field,defensive_field,defensive_field,12,0.0,0.0,0.0,0.0,0.0,3.0,3.0,1.0,2.0,0.0,1.0,0.0,0.0,0.0,3.0,89.0,0.033707865168539325,17.0,43.0,5.0,33.0,7.0,25.0,0.21212121212121213,0.0,0.0,0.0,0.0,0,0,0,,,6.0,0.5,0.009771986970684038,0.009771986970684038,0.0064794816414686825,0.027242118151209062,0.10610932475884244,0.1827956989247312,98.0,0.048514851485148516,-0.9150896792020682,-0.30053442313737816,-0.6145552560646901,0.45773896492903227,-3.4081320825856602,,2.4169555092822854,-0.4573507142730359,-1.4485272875764108,shooting+turnover+defense+faceoff,deferred: no opportunity denominator; contexts not separable; overlaps faceoff value,deferred: goal value already credited to the shooter,"partial: caused turnovers only, relative to positional per-game average",-0.07622511904550598,-0.30502989306735606,-0.10327672977532304,,0.2014129591068571,-0.12071060729803423,0.0660228100530122,-0.5233735243260482,-0.4182204528667567,1.7899919060224856,-0.8092367807378312,-0.8183223801507953,-3.2787697475568818,,0.0,0.28119414527490516,0.0,0.3000778082302534,0.0,0.1559136666672903,0.21212121212121213,0.30871976048714617,,,0.018993928898638098,0.006089840169722695,1.999996000008e-06,0.661505135438612,,0.13952446065377444,0.25244457891676575,,shooting_pct,0.018993928898638098,78,-0.0537921633482268,1.3971671517707076,12.17948717948718,-1.4918756450165154,-0.9982593152584204,44.871794871794876,31.41025641025641,0.47348871129404346,0.1907258433024202,0.33578544540353633,True,False,False,True,True,True,True,True,True,"ground_ball_value,assist_value,possession_participation,penalty_value","defensive value is PARTIAL (caused turnovers only, on a games-played denominator); a value near zero does NOT mean an average defender","roster_position: measurable opportunities cannot separate offensive from defensive field roles (the feed attributes one defensive act, caused turnovers, 741 league-wide)"
000925,Liam Byrnes,WAT,1,D,defense,defensive_field,defensive_field,defensive_field,13,0.0,0.0,0.0,0.0,0.0,5.0,2.0,3.0,2.0,0.0,0.4,0.0,0.0,0.0,8.0,106.0,0.07547169811320754,19.0,37.0,3.0,0.0,0.0,0.0,,0.0,0.0,0.0,0.0,0,0,0,,,13.0,1.0,0.017955801104972375,0.017955801104972375,0.009174311926605505,0.033480732785849655,0.0,0.18446601941747573,53.0,0.022400676246830092,-1.5161585254768246,-0.9016032694121345,-0.6145552560646901,-0.6307873508613572,,,2.773322535978814,-2.1469458763381817,0.6263766596406324,shooting+turnover+defense,deferred: no opportunity denominator; contexts not separable; overlaps faceoff value,deferred: goal value already credited to the shooter,"partial: caused turnovers only, relative to positional per-game average",-0.16514968279524475,-0.3032317050953649,,,0.21333250276760107,0.048182819972356336,0.0660228100530122,-2.2129686863911937,-1.546817795324693,1.6281199368756494,0.3847239048264741,-1.1729185065041614,,,0.0,0.27767801430133543,0.0,0.29646693572194516,0.0,0.1559136666672903,,,,,0.03126070574951185,0.018049681162381374,1.999996000008e-06,,,0.13812220795080066,,,shooting_pct,0.03126070574951185,78,-0.0537921633482268,1.3971671517707076,73.71794871794873,0.6333393335481242,0.4868199357012104,76.28205128205127,14.743589743589741,0.0,0.4363473079972007,0.5636526920027993,True,False,False,True,True,True,True,True,True,"ground_ball_value,assist_value,possession_participation,penalty_value","defensive value is PARTIAL (caused turnovers only, on a games-played denominator); a value near zero does NOT mean an average defender","roster_position: measurable opportunities cannot separate offensive from defensive field roles (the feed attributes one defensive act, caused turnovers, 741 league-wide)"
000929,Matthew Hossack,WAT,1,LSM,long_stick_midfield,defensive_field,defensive_field,defensive_field,2,0.0,0.0,0.0,0.0,0.0,1.0,1.0,0.0,1.0,0.0,1.0,,0.0,0.0,0.0,6.0,0.0,2.0,2.0,0.0,3.0,0.0,3.0,0.0,0.0,0.0,0.0,0.0,0,0,0,,,1.0,0.5,0.009345794392523364,0.0013812154696132596,0.012658227848101266,0.0136986301369863,0.046153846153846156,0.18181818181818182,7.0,0.018867924528301886,-0.30727762803234504,0.0,-0.30727762803234504,0.08458284932004562,-0.540127738722671,,0.18146296451418334,-0.22269477871229942,-0.581359552920787,shooting+turnover+defense+faceoff,deferred: no opportunity denominator; contexts not separable; overlaps faceoff value,deferred: goal value already credited to the shooter,"partial: caused turnovers only, relative to positional per-game average",-0.22269477871229942,-0.30727762803234504,-0.18004257957422365,,0.09073148225709167,-0.2906797764603935,0.0660228100530122,-0.28871758876531156,-0.3923823679727977,0.8558955421256931,-0.6792412441790836,-0.4260618058690338,-1.7234049092792447,,0.0,0.2848004651315773,,,0.0,0.15591382258080105,0.0,0.4224463117764021,,,0.006412508790228359,,9.99999000001e-07,0.15085812603536278,,0.1409528058138676,0.4185387146426365,,shooting_pct,0.006412508790228359,78,-0.0537921633482268,1.3971671517707076,26.282051282051277,-0.6036813451840315,-0.3775979050924184,40.38461538461538,5.769230769230771,0.48509332796866056,0.35193323621518435,0.162973435816155,True,False,False,True,True,True,False,True,True,"ground_ball_value,assist_value,possession_participation,penalty_value","defensive value is PARTIAL (caused turnovers only, on a games-played denominator); a value near zero does NOT mean an average defender","roster_position: measurable opportunities cannot separate offensive from defensive field roles (the feed attributes one defensive act, caused turnovers, 741 league-wide)"
000946,Bryan Cole,WHP,1,M,midfield,midfield,offensive_field,offensive_field,9,6.0,6.0,0.0,6.0,7.0,27.0,15.0,27.0,0.0,0.2222222222222222,0.5555555555555556,0.2222222222222222,,0.2222222222222222,11.0,199.0,0.05527638190954774,0.0,6.0,1.0,0.0,0.0,0.0,,0.0,0.0,0.0,0.0,0,0,0,,,38.0,4.222222222222222,0.07495069033530571,0.06050955414012739,0.07277628032345014,0.0880141530296329,0.0,0.0,57.0,0.036375239310784936,-2.1144294247092095,-2.1144294247092095,0.0,0.2149193036450897,,,-0.2972069820982226,-1.8995101210641199,-2.1967171031623423,shooting+turnover+defense,deferred: no opportunity denominator; contexts not separable; overlaps faceoff value,deferred: goal value already credited to the shooter,"partial: caused turnovers only, relative to positional per-game average",-0.04998710844905579,-0.07831220091515591,,,-0.03302299801091362,-0.24407967812914913,0.0660228100530122,-1.9655329311171321,-0.773353090787098,2.557056784291218,-0.8590802975739324,-0.8875258826328684,,,0.2222222222222222,0.27707939278542754,0.2222222222222222,0.2906038441892774,,,,,,,0.14839632597294844,0.1419499235697633,,,,0.12949429656146094,,,shooting_pct,0.14839632597294844,52,-0.2392167369865673,3.0729473621539043,20.192307692307686,-0.8822182936158434,-0.6370107051894683,43.269230769230774,29.807692307692303,0.0,0.8868453538162274,0.11315464618377262,True,False,False,True,True,True,False,True,True,"ground_ball_value,assist_value,possession_participation,penalty_value","offensive value covers finishing and possession security only; shot creation, assists and off-ball work are not measured","roster_position: measurable opportunities cannot separate offensive from defensive field roles (the feed attributes one defensive act, caused turnovers, 741 league-wide)"
000960,Shayne Jackson,CAN,1,A,attack,attack,offensive_field,offensive_field,3,3.0,3.0,0.0,3.0,1.0,18.0,14.0,18.0,0.0,0.16666666666666666,0.7777777777777778,0.16666666666666666,,0.16666666666666666,5.0,44.0,0.11363636363636363,0.0,2.0,1.0,0.0,0.0,0.0,,0.0,0.0,0.0,0.0,0,0,0,,,23.0,7.666666666666667,0.1411042944785276,0.04220183486238532,0.16071428571428573,0.061971830985915494,0.0,0.0,23.0,0.044061302681992334,-2.409619616472807,-2.409619616472807,0.0,-0.6345895168249668,,,-0.09906899403274087,-3.044209133297774,-3.143278127330515,shooting+turnover+defense,deferred: no opportunity denominator; contexts not separable; overlaps faceoff value,deferred: goal value already credited to the shooter,"partial: caused turnovers only, relative to positional per-game average",-0.13235691883903367,-0.1338677564707115,,,-0.03302299801091362,-1.0477593757768384,0.0660228100530122,-3.110231943350786,-1.5635128704461865,1.9958625568983324,-1.5748970872099142,-1.2387451092634938,,,0.16666666666666666,0.27415195999564546,0.16666666666666666,0.2884816113536129,,,,,,,0.10407920800816074,0.0993334054853662,,,,0.1323522888123989,,,shooting_pct,0.10407920800816074,40,0.17445256360862804,3.749635821874049,11.249999999999998,-0.9050055932946686,-0.8848141122358273,71.25,13.749999999999996,0.0,0.968482269140823,0.03151773085917694,True,False,False,True,True,True,False,True,True,"ground_ball_value,assist_value,possession_participation,penalty_value","offensive value covers finishing and possession security only; shot creation, assists and off-ball work are not measured","roster_position: measurable opportunities cannot separate offensive from defensive field roles (the feed attributes one defensive act, caused turnovers, 741 league-wide)"
000978,Kyle Jackson,CHA,1,M,midfield,midfield,offensive_field,offensive_field,12,11.0,11.0,0.0,11.0,4.0,32.0,19.0,32.0,0.0,0.34375,0.59375,0.34375,,0.34375,10.0,248.0,0.04032258064516129,0.0,12.0,0.0,0.0,0.0,0.0,,0.0,0.0,0.0,0.0,0,0,0,,,42.0,3.5,0.07167235494880546,0.06635071090047394,0.08,0.0836424957841484,0.0,0.0,64.0,0.03307493540051679,1.382898459603899,1.382898459603899,0.0,1.2529598949763152,,,-0.3962759761309635,2.635858354580214,2.2395823784492506,shooting+turnover+defense,deferred: no opportunity denominator; contexts not separable; overlaps faceoff value,deferred: goal value already credited to the shooter,"partial: caused turnovers only, relative to positional per-game average",0.06275853225190986,0.04321557686262184,,,-0.03302299801091362,0.18663186487077088,0.0660228100530122,2.569835544527202,0.9258843877762352,2.794445489254696,0.8014407105312932,0.5331937119031421,,,0.34375,0.296414486347253,0.34375,0.30877411484974426,,,,,,,0.17117315174134165,0.16392777332446587,,,,0.13038129452615976,,,shooting_pct,0.17117315174134165,52,-0.2392167369865673,3.0729473621539043,77.88461538461537,1.0808875634330262,0.8066519934459165,39.42307692307692,81.73076923076923,0.0,0.869307908915098,0.13069209108490198,True,False,False,True,True,True,False,True,True,"ground_ball_value,assist_value,possession_participation,penalty_value","offensive value covers finishing and possession security only; shot creation, assists and off-ball work are not measured","roster_position: measurable opportunities cannot separate offensive from defensive field roles (the feed attributes one defensive act, caused turnovers, 741 league-wide)"
001001,Dylan Molloy,CHR,1,A,attack,attack,offensive_field,offensive_field,11,14.0,14.0,0.0,14.0,11.0,58.0,40.0,57.0,1.0,0.2413793103448276,0.6896551724137931,0.24561403508771928,0.0,0.2413793103448276,20.0,372.0,0.053763440860215055,2.0,16.0,0.0,0.0,0.0,0.0,,0.0,0.0,0.0,0.0,0,0,0,,,78.0,7.090909090909091,0.13612565445026178,0.13612565445026178,0.14285714285714285,0.12093628088426528,0.0,0.02702702702702703,106.0,0.0581140350877193,-3.437739746862899,-3.130462118830554,-0.30727762803234504,0.5512621202672875,,,0.16801811075882425,-2.8864776265956116,-2.7184595158367872,shooting+turnover+defense,deferred: no opportunity denominator; contexts not separable; overlaps faceoff value,deferred: goal value already credited to the shooter,"partial: caused turnovers only, relative to positional per-game average",-0.03700612341789246,-0.05927137494591205,,,0.01527437370534766,-0.24713268325788976,0.0660228100530122,-2.9525004366486236,-0.790005081120015,3.75020544536317,-0.724882824539105,-0.9722500253362373,,,0.2413793103448276,0.27431125731403744,0.24561403508771928,0.28734276566434297,0.0,0.15591382258080105,,,,,0.2723705373359008,0.2588462733972189,9.99999000001e-07,,,0.11940114275785163,,,shooting_pct,0.2723705373359008,40,0.17445256360862804,3.749635821874049,13.749999999999996,-0.7294159043724346,-0.771518146527508,63.74999999999999,33.75,0.0,0.9595820776295269,0.0404179223704732,True,False,False,True,True,True,True,True,True,"ground_ball_value,assist_value,possession_participation,penalty_value","offensive value covers finishing and possession security only; shot creation, assists and off-ball work are not measured","roster_position: measurable opportunities cannot separate offensive from defensive field roles (the feed attributes one defensive act, caused turnovers, 741 league-wide)"
001009,Colin Heacock,CHR,1,M,midfield,midfield,offensive_field,offensive_field,11,5.0,5.0,0.0,5.0,2.0,32.0,14.0,31.0,1.0,0.15625,0.4375,0.16129032258064516,0.0,0.15625,13.0,210.0,0.06190476190476191,0.0,11.0,1.0,0.0,0.0,0.0,,0.0,0.0,0.0,0.0,0,0,0,,,45.0,4.090909090909091,0.07853403141361257,0.07853403141361257,0.07881773399014778,0.06827048114434331,0.0,0.0,59.0,0.03234649122807018,-4.623844745291068,-4.316567117258723,-0.30727762803234504,-0.14295473389072988,,,-0.36325297812004986,-4.766799479181798,-5.130052457301848,shooting+turnover+defense,deferred: no opportunity denominator; contexts not separable; overlaps faceoff value,deferred: goal value already credited to the shooter,"partial: caused turnovers only, relative to positional per-game average",-0.10592887731515106,-0.14449514829034588,,,-0.03302299801091362,-0.46636840520925893,0.0660228100530122,-4.8328222892348105,-1.723382307267964,2.8214181382274,-1.8182531641782396,-1.743078989309631,,,0.15625,0.2643195203957514,0.16129032258064516,0.2794693067629752,0.0,0.15591382258080105,,,,,0.17117315174134165,0.15962273665155277,9.99999000001e-07,,,0.1258769728592597,,,shooting_pct,0.17117315174134165,52,-0.2392167369865673,3.0729473621539043,4.8076923076923075,-2.1802478424027276,-1.5915780987823929,45.1923076923077,18.26923076923077,0.0,0.9291911766705202,0.07080882332947971,True,False,False,True,True,True,False,True,True,"ground_ball_value,assist_value,possession_participation,penalty_value","offensive value covers finishing and possession security only; shot creation, assists and off-ball work are not measured","roster_position: measurable opportunities cannot separate offensive from defensive field roles (the feed attributes one defensive act, caused turnovers, 741 league-wide)"
001010,Isaiah Davis-Allen,RED,1,SSDM,short_stick_defensive_midfield,defensive_field,defensive_field,defensive_field,11,0.0,0.0,0.0,0.0,0.0,1.0,1.0,1.0,0.0,0.0,1.0,0.0,,0.0,4.0,81.0,0.04938271604938271,0.0,7.0,1.0,10.0,1.0,9.0,0.1,0.0,0.0,0.0,0.0,0,0,0,,,5.0,0.45454545454545453,0.008695652173913044,0.008695652173913044,0.0024271844660194173,0.030775075987841946,0.034722222222222224,0.0,25.0,0.014116318464144552,-0.30053442313737816,-0.30053442313737816,0.0,0.07932628806286764,-1.4385296466902764,,-1.9239446840057992,-0.22120813507451054,-3.583682465770586,shooting+turnover+defense+faceoff,deferred: no opportunity denominator; contexts not separable; overlaps faceoff value,deferred: goal value already credited to the shooter,"partial: caused turnovers only, relative to positional per-game average",-0.044241627014902106,-0.30053442313737816,-0.14385296466902764,,-0.1749040621823454,-0.32578931507005326,0.0660228100530122,-0.2872309451275227,-0.4072509196435479,1.1558197112820563,-3.100554896918569,-0.655486781978336,-2.5140290306887536,,0.0,0.2848004651315773,0.0,0.3000778082302534,,,0.1,0.3496535145371127,,,0.006412508790228359,0.006089840169722695,,0.37193754945447316,,0.1409528058138676,0.35055916861165315,,shooting_pct,0.006412508790228359,78,-0.0537921633482268,1.3971671517707076,1.9230769230769162,-3.6788027904124445,-2.5264624192951666,37.179487179487175,40.38461538461538,0.3843936020120055,0.1015036620045014,0.5141027359834931,True,False,False,True,True,True,False,True,True,"ground_ball_value,assist_value,possession_participation,penalty_value","defensive value is PARTIAL (caused turnovers only, on a games-played denominator); a value near zero does NOT mean an average defender","roster_position: measurable opportunities cannot separate offensive from defensive field roles (the feed attributes one defensive act, caused turnovers, 741 league-wide)"
001020,Mike Messenger,CHR,1,SSDM,short_stick_defensive_midfield,defensive_field,defensive_field,defensive_field,11,6.0,6.0,0.0,6.0,0.0,10.0,7.0,9.0,1.0,0.6,0.7,0.6666666666666666,0.0,0.6,6.0,58.0,0.10344827586206896,8.0,13.0,5.0,20.0,4.0,16.0,0.2,0.0,0.0,0.0,0.0,0,0,0,,,16.0,1.4545454545454546,0.027923211169284468,0.027923211169284468,0.024630541871921183,0.0188556566970091,0.07407407407407407,0.10810810810810811,57.0,0.03125,2.9879125637312516,3.2951901917635964,-0.30727762803234504,-0.776179056542848,-2.1532669952766326,,0.20113967150969722,2.2117335071884034,0.259606183421468,shooting+turnover+defense+faceoff,deferred: no opportunity denominator; contexts not separable; overlaps faceoff value,deferred: goal value already credited to the shooter,"partial: caused turnovers only, relative to positional per-game average",0.13823334419927522,0.29879125637312515,-0.10766334976383163,,0.01828542468269975,0.023600562129224366,0.0660228100530122,2.1457106971353914,1.3262007915457146,1.945152765267438,0.1334631336196234,1.9238627905539687,-2.660935561192364,,0.6,0.30563645006882284,0.6666666666666666,0.3209791552235951,0.0,0.15591382258080105,0.2,0.33619225565832533,,,0.06062619389108174,0.05226240402816813,9.99999000001e-07,0.5422076968479617,,0.13994818308856338,0.29870867886347696,,shooting_pct,0.06062619389108174,78,-0.0537921633482268,1.3971671517707076,62.17948717948718,0.2576756259332682,0.2243098446542403,91.66666666666667,78.84615384615384,0.35192736750951154,0.6151986065329961,0.03287402595749238,True,False,False,True,True,True,True,True,True,"ground_ball_value,assist_value,possession_participation,penalty_value","defensive value is PARTIAL (caused turnovers only, on a games-played denominator); a value near zero does NOT mean an average defender","roster_position: measurable opportunities cannot separate offensive from defensive field roles (the feed attributes one defensive act, caused turnovers, 741 league-wide)"
001391,Mikie Schlosser,WAT,1,M,midfield,midfield,offensive_field,offensive_field,8,5.0,3.0,2.0,7.0,0.0,23.0,14.0,19.0,4.0,0.21739130434782608,0.6086956521739131,0.15789473684210525,0.5,0.30434782608695654,8.0,117.0,0.06837606837606838,0.0,5.0,0.0,0.0,0.0,0.0,,0.0,0.0,0.0,0.0,0,0,0,,,31.0,3.875,0.07110091743119266,0.04281767955801105,0.07210031347962383,0.06197033898305085,0.0,0.0,35.0,0.024288688410825817,0.0607354482604352,-2.7101540396101846,2.77088948787062,-0.2807702639575517,,,-0.264183984087309,-0.22003481569711653,-0.4842187997844255,shooting+turnover+defense,deferred: no opportunity denominator; contexts not separable; overlaps faceoff value,deferred: goal value already credited to the shooter,"partial: caused turnovers only, relative to positional per-game average",-0.007097897280552146,0.0026406716634971824,,,-0.03302299801091362,-0.06052734997305319,0.0660228100530122,-0.2860576257501287,-0.11189638421487187,2.5701397788393914,-0.188401737435108,0.02464242436176187,,,0.21739130434782608,0.27768810584930714,0.15789473684210525,0.28689835631135946,0.5,0.15591535483320432,,,,,0.12925327185295024,0.10427647593087397,3.9999840000639995e-06,,,0.13101770885987207,,,shooting_pct,0.12925327185295024,52,-0.2392167369865673,3.0729473621539043,41.34615384615385,-0.12442106565994815,-0.07972868842964177,37.5,45.19230769230769,0.0,0.5638294894253114,0.4361705105746886,True,False,False,True,True,True,False,True,True,"ground_ball_value,assist_value,possession_participation,penalty_value","offensive value covers finishing and possession security only; shot creation, assists and off-ball work are not measured","roster_position: measurable opportunities cannot separate offensive from defensive field roles (the feed attributes one defensive act, caused turnovers, 741 league-wide)"
001397,Michael Rexrode,ATL,1,D,defense,defensive_field,defensive_field,defensive_field,11,0.0,0.0,0.0,0.0,0.0,0.0,0.0,0.0,0.0,,,,,,3.0,56.0,0.05357142857142857,8.0,23.0,1.0,0.0,0.0,0.0,,0.0,0.0,0.0,0.0,0,0,0,,,3.0,0.2727272727272727,0.004901960784313725,0.004901960784313725,0.0,0.0198722498225692,0.0,0.1111111111111111,24.0,0.012170385395537525,0.0,0.0,0.0,-0.007466706331218712,,,0.20113967150969722,-0.007466706331218712,0.1936729651784785,shooting+turnover+defense,deferred: no opportunity denominator; contexts not separable; overlaps faceoff value,deferred: goal value already credited to the shooter,"partial: caused turnovers only, relative to positional per-game average",-0.0024889021104062374,,,,0.01828542468269975,0.017606633198043502,0.0660228100530122,-0.07348951638423089,-0.16491634308900163,0.8424028442592594,0.22990540273968185,,,,,,,,,,,,,,,,,,,,,,shooting_pct,,78,-0.0537921633482268,1.3971671517707076,58.333333333333336,0.19014369840336437,0.17711920024248995,18.58974358974359,54.48717948717948,0.0,0.035793279229999635,0.9642067207700004,True,False,False,False,True,True,False,True,True,"ground_ball_value,assist_value,possession_participation,penalty_value","defensive value is PARTIAL (caused turnovers only, on a games-played denominator); a value near zero does NOT mean an average defender","roster_position: measurable opportunities cannot separate offensive from defensive field roles (the feed attributes one defensive act, caused turnovers, 741 league-wide)"
001402,Max Adler,CHA,1,FO,faceoff,faceoff,faceoff,faceoff,7,0.0,0.0,0.0,0.0,1.0,3.0,2.0,3.0,0.0,0.0,0.6666666666666666,0.0,,0.0,9.0,33.0,0.2727272727272727,0.0,37.0,2.0,151.0,72.0,78.0,0.4768211920529801,0.0,0.0,0.0,0.0,0,0,0,,,12.0,1.7142857142857142,0.03333333333333333,0.018957345971563982,0.011857707509881422,0.019253208868144692,0.94375,0.0,231.0,0.2026315789473684,-0.9016032694121345,-0.9016032694121345,0.0,-1.5008408260828194,-1.1299067839666512,,-0.25445088993672393,-2.402444095494954,-3.786801769398329,shooting+turnover+defense+faceoff,deferred: no opportunity denominator; contexts not separable; overlaps faceoff value,deferred: goal value already credited to the shooter,"partial: caused turnovers only, relative to positional per-game average",-0.20020367462457953,-0.30053442313737816,-0.0074828263838851074,,-0.0363501271338177,-0.5409716813426184,,,,2.4196214382868955,-1.5650389393472246,-1.1353364100763015,-0.508166011657445,,0.0,0.28119414527490516,0.0,0.29646693572194516,,,0.4768211920529801,0.4789008859809437,,,0.018993928898638098,0.018049681162381374,,0.899418590633398,,0.13952446065377444,0.1504909747163765,,faceoff_win_pct,0.899418590633398,14,1.394728295312205,6.799194744589167,17.857142857142854,-0.9280868498226762,-0.7620799608415425,67.85714285714286,10.71428571428571,0.29838023027705984,0.6344256292762506,0.06719414044668957,True,True,False,True,True,False,False,True,True,"ground_ball_value,assist_value,possession_participation,penalty_value",faceoff value dominates this role's total; see the faceoff share-of-total column before comparing across roles,measured_opportunity: took 94.4% of team faceoffs in games played (threshold 50%)
001406,Ben Randall,WAT,1,D,defense,defensive_field,defensive_field,defensive_field,13,2.0,2.0,0.0,2.0,1.0,5.0,5.0,4.0,1.0,0.4,1.0,0.5,0.0,0.4,7.0,78.0,0.08974358974358974,12.0,24.0,0.0,0.0,0.0,0.0,,0.0,0.0,0.0,0.0,0,0,0,,,12.0,0.9230769230769231,0.016574585635359115,0.016574585635359115,0.009174311926605505,0.024636765634870498,0.0,0.11650485436893204,34.0,0.014370245139475908,0.4905846794181423,0.7978623074504874,-0.30727762803234504,-0.7598717699154663,,,0.9138737249027545,-0.269287090497324,0.6445866344054305,shooting+turnover+defense,deferred: no opportunity denominator; contexts not separable; overlaps faceoff value,deferred: goal value already credited to the shooter,"partial: caused turnovers only, relative to positional per-game average",-0.022440590874777,0.09811693588362846,,,0.07029797883867342,0.04958358726195619,0.0660228100530122,-0.3353099005503362,-0.2620267983920096,1.4971857159079829,0.4305321828524891,0.42051991712344533,,,0.4,0.2901822966011402,0.5,0.3066550478831575,0.0,0.15591382258080105,,,,,0.03126070574951185,0.023922311517986225,9.99999000001e-07,,,0.13998031872324646,,,shooting_pct,0.03126070574951185,78,-0.0537921633482268,1.3971671517707076,75.0,0.6519908529022319,0.4998534333337017,68.58974358974359,49.358974358974365,0.0,0.57775678785923,0.42224321214077004,True,False,False,True,True,True,True,True,True,"ground_ball_value,assist_value,possession_participation,penalty_value","defensive value is PARTIAL (caused turnovers only, on a games-played denominator); a value near zero does NOT mean an average defender","roster_position: measurable opportunities cannot separate offensive from defensive field roles (the feed attributes one defensive act, caused turnovers, 741 league-wide)"
001414,Scott Hooper,CAN,1,D,defense,defensive_field,defensive_field,defensive_field,1,0.0,0.0,0.0,0.0,0.0,0.0,0.0,0.0,0.0,,,,,,0.0,2.0,0.0,2.0,1.0,0.0,0.0,0.0,0.0,,0.0,0.0,0.0,0.0,0,0,0,,,0.0,0.0,0.0,0.0,0.0,0.008620689655172414,0.0,0.4,2.0,0.011235955056179775,0.0,0.0,0.0,0.028194283106681872,,,0.3563670266965287,0.028194283106681872,0.38456130980321057,shooting+turnover+defense,deferred: no opportunity denominator; contexts not separable; overlaps faceoff value,deferred: goal value already credited to the shooter,"partial: caused turnovers only, relative to positional per-game average",,,,,0.3563670266965287,0.38456130980321057,,,,0.2314145214234613,1.6617855588219923,,,,,,,,,,,,,,,,,,,,,,shooting_pct,,78,-0.0537921633482268,1.3971671517707076,64.74358974358974,0.3856605895703047,0.3137444740207982,1.2820512820512775,50.0,0.0,0.07331544382639422,0.9266845561736058,True,False,False,False,True,True,False,True,True,"ground_ball_value,assist_value,possession_participation,penalty_value","defensive value is PARTIAL (caused turnovers only, on a games-played denominator); a value near zero does NOT mean an average defender","roster_position: measurable opportunities cannot separate offensive from defensive field roles (the feed attributes one defensive act, caused turnovers, 741 league-wide)"
001417,Bryce Wasserman,CHA,1,A,attack,attack,offensive_field,offensive_field,2,0.0,0.0,0.0,0.0,1.0,2.0,1.0,2.0,0.0,0.0,0.5,0.0,,0.0,3.0,33.0,0.09090909090909091,0.0,0.0,0.0,0.0,0.0,0.0,,0.0,0.0,0.0,0.0,0,0,0,,,5.0,2.5,0.05747126436781609,0.007898894154818325,0.03508771929824561,0.061452513966480445,0.0,0.0,4.0,0.013377926421404682,-0.6010688462747563,-0.6010688462747563,0.0,-0.27671547928914725,,,-0.06604599602182724,-0.8777843255639035,-0.9438303215857308,shooting+turnover+defense,deferred: no opportunity denominator; contexts not separable; overlaps faceoff value,deferred: goal value already credited to the shooter,"partial: caused turnovers only, relative to positional per-game average",-0.1755568651127807,-0.30053442313737816,,,-0.03302299801091362,-0.4719151607928654,0.0660228100530122,-0.9438071356169158,-1.2721572108508534,0.7536261852329322,-1.2523852542278768,-0.9269982970300588,,,0.0,0.2829858160983368,0.0,0.29826144370927316,,,,,,,0.012743301050454155,0.012105956996236773,,,,0.14023533527506515,,,shooting_pct,0.012743301050454155,40,0.17445256360862804,3.749635821874049,51.24999999999999,0.00408912516287876,-0.29823773249409774,6.25,6.25,0.0,0.9300234432913076,0.06997655670869236,True,False,False,True,True,True,False,True,True,"ground_ball_value,assist_value,possession_participation,penalty_value","offensive value covers finishing and possession security only; shot creation, assists and off-ball work are not measured","roster_position: measurable opportunities cannot separate offensive from defensive field roles (the feed attributes one defensive act, caused turnovers, 741 league-wide)"
001427,Nick Marrocco,CAN,1,G,goalie,goalie,goalie,goalie,9,0.0,0.0,0.0,0.0,0.0,2.0,2.0,0.0,2.0,0.0,1.0,,0.0,0.0,0.0,151.0,0.0,3.0,23.0,1.0,0.0,0.0,0.0,,123.0,124.0,5.0,129.0,254,236,18,0.4979757085020243,0.5078740157480315,2.0,0.2222222222222222,0.00404040404040404,0.003669724770642202,0.005649717514124294,0.06768265351860152,0.0,0.05660377358490566,411.0,0.25433168316831684,-0.6145552560646901,0.0,-0.6145552560646901,1.1352160531232545,,-9.247152453271028,-0.05523115280423932,0.5206607970585644,-8.781722809016703,shooting+turnover+defense+goalie,deferred: no opportunity denominator; contexts not separable; overlaps faceoff value,deferred: goal value already credited to the shooter,"partial: caused turnovers only, relative to positional per-game average",0.2603303985292822,-0.30727762803234504,,-0.03640611202075208,-0.006136794756026591,-0.9757469787796337,,,,8.623746101355719,-1.0183188031980845,-0.6025423842691603,,-1.0837134073588623,0.0,0.2829858160983368,,,0.0,0.1559136666672903,,,0.4979757085020243,0.5118991417961495,0.012743301050454155,,1.999996000008e-06,,0.37476478967471205,0.14023533527506515,,0.07624081248650327,save_pct,0.37476478967471205,14,-0.7194840200231043,6.869390003298461,10.71428571428571,-0.9179070071926362,-1.1736469737665745,24.999999999999993,89.28571428571429,0.0,0.15831947005841193,0.004997319819319956,True,False,False,True,True,True,True,True,True,"ground_ball_value,assist_value,possession_participation,penalty_value",goalie metrics are standardized only against other goalies; a goalie total is not comparable with a field player total,measured_opportunity: faced 254 shots on goal as goalie of record
001657,Brendan Bomberry,CAN,1,A,attack,attack,offensive_field,offensive_field,3,1.0,1.0,0.0,1.0,0.0,8.0,3.0,8.0,0.0,0.125,0.375,0.125,,0.125,2.0,26.0,0.07692307692307693,0.0,1.0,0.0,0.0,0.0,0.0,,0.0,0.0,0.0,0.0,0,0,0,,,10.0,3.3333333333333335,0.06134969325153374,0.01834862385321101,0.07142857142857142,0.036619718309859155,0.0,0.0,9.0,0.017241379310344827,-1.4042753850990253,-1.4042753850990253,0.0,-0.12142351297710863,,,-0.09906899403274087,-1.525698898076134,-1.6247678921088748,shooting+turnover+defense,deferred: no opportunity denominator; contexts not separable; overlaps faceoff value,deferred: goal value already credited to the shooter,"partial: caused turnovers only, relative to positional per-game average",-0.15256988980761338,-0.17553442313737816,,,-0.03302299801091362,-0.5415892973696249,0.0660228100530122,-1.5917217081291462,-1.1916684132664854,1.345523549038176,-1.2075358274259202,-1.0828717031467763,,,0.125,0.2787026897850569,0.125,0.29364969062731405,,,,,,,0.049096258976067356,0.04672680973719754,,,,0.1370131951989606,,,shooting_pct,0.049096258976067356,40,0.17445256360862804,3.749635821874049,33.75,-0.27736185873636576,-0.47983872066228067,8.750000000000002,11.249999999999998,0.0,0.9390257559163396,0.06097424408366036,True,False,False,True,True,True,False,True,True,"ground_ball_value,assist_value,possession_participation,penalty_value","offensive value covers finishing and possession security only; shot creation, assists and off-ball work are not measured","roster_position: measurable opportunities cannot separate offensive from defensive field roles (the feed attributes one defensive act, caused turnovers, 741 league-wide)"
001662,Andrew Kew,CHA,1,A,attack,attack,offensive_field,offensive_field,1,0.0,0.0,0.0,0.0,0.0,4.0,0.0,3.0,1.0,0.0,0.0,0.0,0.0,0.0,1.0,15.0,0.06666666666666667,0.0,2.0,0.0,0.0,0.0,0.0,,0.0,0.0,0.0,0.0,0,0,0,,,5.0,5.0,0.09803921568627451,0.007898894154818325,0.1111111111111111,0.05016722408026756,0.0,0.0,7.0,0.041666666666666664,-1.2088808974444796,-0.9016032694121345,-0.30727762803234504,-0.02918501988072621,,,-0.03302299801091362,-1.2380659173252058,-1.2710889153361193,shooting+turnover+defense,deferred: no opportunity denominator; contexts not separable; overlaps faceoff value,deferred: goal value already credited to the shooter,"partial: caused turnovers only, relative to positional per-game average",-0.24761318346504116,-0.3022202243611199,,,-0.03302299801091362,-1.2710889153361193,0.0660228100530122,-1.304088727378218,-1.1856044963231995,1.1039160545492634,-1.1514362075793108,-1.1269070234835443,,,0.0,0.27942501896069183,0.0,0.29646693572194516,0.0,0.15591382258080105,,,,,0.025165905392287146,0.018049681162381374,9.99999000001e-07,,,0.13882010913221166,,,shooting_pct,0.025165905392287146,40,0.17445256360862804,3.749635821874049,38.74999999999999,-0.13117621660665638,-0.3855151667028488,33.75,1.2499999999999956,0.0,0.9740199150409701,0.02598008495902996,True,False,False,True,True,True,False,True,True,"ground_ball_value,assist_value,possession_participation,penalty_value","offensive value covers finishing and possession security only; shot creation, assists and off-ball work are not measured","roster_position: measurable opportunities cannot separate offensive from defensive field roles (the feed attributes one defensive act, caused turnovers, 741 league-wide)"
001671,Zach Goodrich,CAN,1,SSDM,short_stick_defensive_midfield,defensive_field,defensive_field,defensive_field,10,1.0,1.0,0.0,1.0,0.0,6.0,3.0,5.0,1.0,0.16666666666666666,0.5,0.2,0.0,0.16666666666666666,2.0,82.0,0.024390243902439025,6.0,9.0,5.0,0.0,0.0,0.0,,0.0,0.0,0.0,0.0,0,0,0,,,8.0,0.8,0.014678899082568808,0.014678899082568808,0.015267175572519083,0.03356528857961523,0.0,0.09375,28.0,0.015703869882220976,-0.8099497437192358,-0.5026721156868907,-0.30727762803234504,0.6246945184950826,,,-0.1552273551868316,-0.18525522522415316,-0.3404825804109848,shooting+turnover+defense,deferred: no opportunity denominator; contexts not separable; overlaps faceoff value,deferred: goal value already credited to the shooter,"partial: caused turnovers only, relative to positional per-game average",-0.023156903153019145,-0.13499162395320596,,,-0.015522735518683158,-0.03404825804109848,0.0660228100530122,-0.25127803527716536,-0.18414835878267966,1.5253131593560314,-0.22322142723447844,-0.6461627289370162,,,0.16666666666666666,0.2821660137058436,0.2,0.2988869533022713,0.0,0.15591382258080105,,,,,0.03727976852456296,0.02972511602611155,9.99999000001e-07,,,0.13837674929527566,,,shooting_pct,0.03727976852456296,78,-0.0537921633482268,1.3971671517707076,41.66666666666667,-0.35696373174667745,-0.20519407194723932,59.61538461538463,46.7948717948718,0.0,0.9023648491564554,0.09763515084354467,True,False,False,True,True,True,True,True,True,"ground_ball_value,assist_value,possession_participation,penalty_value","defensive value is PARTIAL (caused turnovers only, on a games-played denominator); a value near zero does NOT mean an average defender","roster_position: measurable opportunities cannot separate offensive from defensive field roles (the feed attributes one defensive act, caused turnovers, 741 league-wide)"
001707,Matt Whitcher,WAT,1,SSDM,short_stick_defensive_midfield,defensive_field,defensive_field,defensive_field,13,2.0,2.0,0.0,2.0,0.0,8.0,6.0,7.0,1.0,0.25,0.75,0.2857142857142857,0.0,0.25,2.0,87.0,0.022988505747126436,7.0,15.0,2.0,0.0,0.0,0.0,,0.0,0.0,0.0,0.0,0,0,0,,,10.0,0.7692307692307693,0.013812154696132596,0.013812154696132596,0.014678899082568808,0.027479469361970942,0.0,0.06796116504854369,29.0,0.012256973795435333,-0.41101858999399177,-0.10374096196164695,-0.30727762803234504,0.6951802262617873,,,-0.4143039972944306,0.28416163626779556,-0.13014236102663507,shooting+turnover+defense,deferred: no opportunity denominator; contexts not separable; overlaps faceoff value,deferred: goal value already credited to the shooter,"partial: caused turnovers only, relative to positional per-game average",0.028416163626779557,-0.05137732374924897,,,-0.03186953825341774,-0.010010950848202697,0.0660228100530122,0.21813882621478342,0.1438324269181333,1.7041476670475957,-0.07636800703550785,-0.29124409203077556,,,0.25,0.2848397221570653,0.2857142857142857,0.3012500988510041,0.0,0.15591382258080105,,,,,0.049096258976067356,0.041126170362264985,9.99999000001e-07,,,0.1379277746891603,,,shooting_pct,0.049096258976067356,78,-0.0537921633482268,1.3971671517707076,46.7948717948718,-0.14152330838165675,-0.05464643051595181,54.487179487179496,60.897435897435905,0.0,0.7275217161045064,0.2724782838954935,True,False,False,True,True,True,True,True,True,"ground_ball_value,assist_value,possession_participation,penalty_value","defensive value is PARTIAL (caused turnovers only, on a games-played denominator); a value near zero does NOT mean an average defender","roster_position: measurable opportunities cannot separate offensive from defensive field roles (the feed attributes one defensive act, caused turnovers, 741 league-wide)"
001724,Sean Sconone,CHR,1,G,goalie,goalie,goalie,goalie,11,0.0,0.0,0.0,0.0,1.0,0.0,0.0,0.0,0.0,,,,,,3.0,149.0,0.020134228187919462,3.0,20.0,0.0,0.0,0.0,0.0,,127.0,107.0,6.0,113.0,253,230,23,0.5427350427350427,0.44664031620553357,3.0,0.2727272727272727,0.005235602094240838,0.005235602094240838,0.0,0.04843953185955787,0.0,0.04054054054054054,416.0,0.22807017543859648,0.0,0.0,0.0,0.32327344559139043,,6.615617698598129,-0.24459510527591727,0.32327344559139043,6.694296038913603,shooting+turnover+defense+goalie,deferred: no opportunity denominator; contexts not separable; overlaps faceoff value,deferred: goal value already credited to the shooter,"partial: caused turnovers only, relative to positional per-game average",0.10775781519713014,,,0.02614868655572383,-0.022235918661447026,0.6085723671739639,,,,8.70574307065686,0.7689517120574187,,,0.7627666814803621,,,,,,,,,0.5427350427350427,0.528390424387655,,,,,0.36218421609006907,,,0.0768997918930836,save_pct,0.36218421609006907,14,-0.7194840200231043,6.869390003298461,82.14285714285715,0.9804163908247868,1.0792486749735926,39.285714285714285,82.14285714285714,0.0,0.04500230589505855,0.034049637847377925,True,False,False,True,True,True,True,True,True,"ground_ball_value,assist_value,possession_participation,penalty_value",goalie metrics are standardized only against other goalies; a goalie total is not comparable with a field player total,measured_opportunity: faced 253 shots on goal as goalie of record
001727,Bradley Voigt,CHA,1,A,attack,attack,offensive_field,offensive_field,1,1.0,1.0,0.0,1.0,0.0,3.0,2.0,3.0,0.0,0.3333333333333333,0.6666666666666666,0.3333333333333333,,0.3333333333333333,1.0,9.0,0.1111111111111111,0.0,0.0,0.0,0.0,0.0,0.0,,0.0,0.0,0.0,0.0,0,0,0,,,4.0,4.0,0.1111111111111111,0.00631911532385466,0.14285714285714285,0.037815126050420166,0.0,0.0,3.0,0.022900763358778626,0.09839673058786547,0.09839673058786547,0.0,-0.12376522970421053,,,-0.03302299801091362,-0.02536849911634506,-0.05839149712725868,shooting+turnover+defense,deferred: no opportunity denominator; contexts not separable; overlaps faceoff value,deferred: goal value already credited to the shooter,"partial: caused turnovers only, relative to positional per-game average",-0.006342124779086265,0.032798910195955155,,,-0.03302299801091362,-0.05839149712725868,0.0660228100530122,-0.0913913091693573,-0.11197948760543282,0.8214998340037315,-0.07107913442012144,0.12390526372171633,,,0.3333333333333333,0.28752545490778453,0.3333333333333333,0.3024834961094056,,,,,,,0.018993928898638098,0.018049681162381374,,,,0.1404688223847188,,,shooting_pct,0.018993928898638098,40,0.17445256360862804,3.749635821874049,58.75,0.37006632940932477,-0.06209778010375217,43.75,58.75,0.0,0.8705919101559885,0.12940808984401156,True,False,False,True,True,True,False,True,True,"ground_ball_value,assist_value,possession_participation,penalty_value","offensive value covers finishing and possession security only; shot creation, assists and off-ball work are not measured","roster_position: measurable opportunities cannot separate offensive from defensive field roles (the feed attributes one defensive act, caused turnovers, 741 league-wide)"
001729,Chris Aslanian,CAN,2,M,midfield,midfield,offensive_field,offensive_field,5,4.0,4.0,0.0,4.0,5.0,20.0,12.0,16.0,4.0,0.2,0.6,0.25,0.0,0.2,4.0,101.0,0.039603960396039604,0.0,6.0,0.0,0.0,0.0,0.0,,0.0,0.0,0.0,0.0,0,0,0,,,24.0,4.8,0.08823529411764706,0.04330918015543739,0.09852216748768473,0.08118971061093247,0.0,0.0,37.0,0.03987068965517242,-2.0376612823274307,-0.8085507701980506,-1.2291105121293802,0.5295580209375713,,,-0.1651149900545681,-1.5081032613898593,-1.6732182514444274,shooting+turnover+defense,deferred: no opportunity denominator; contexts not separable; overlaps faceoff value,deferred: goal value already credited to the shooter,"partial: caused turnovers only, relative to positional per-game average",-0.06283763589124414,-0.10188306411637153,,,-0.033022998010913615,-0.3346436502888855,0.0660228100530122,-1.5741260714428715,-0.6512787496610026,2.426033913902248,-0.6896928529548356,-0.8733223738114724,,,0.2,0.27673388888672673,0.25,0.2972812403237186,0.0,0.15591335484120428,,,,,0.11432150976521628,0.08928176731984017,3.9999840000639995e-06,,,0.1319853303139098,,,shooting_pct,0.11432150976521628,52,-0.2392167369865673,3.0729473621539043,25.96153846153846,-0.6505649378797096,-0.4666534585391444,64.42307692307692,24.03846153846154,0.0,0.9395699894927694,0.06043001050723059,True,False,False,True,True,True,False,True,True,"ground_ball_value,assist_value,possession_participation,penalty_value","offensive value covers finishing and possession security only; shot creation, assists and off-ball work are not measured","roster_position: measurable opportunities cannot separate offensive from defensive field roles (the feed attributes one defensive act, caused turnovers, 741 league-wide)"
001740,Andrew Newbold,CAN,1,LSM,long_stick_midfield,defensive_field,defensive_field,defensive_field,4,1.0,1.0,0.0,1.0,0.0,3.0,2.0,2.0,1.0,0.3333333333333333,0.6666666666666666,0.5,0.0,0.3333333333333333,0.0,9.0,0.0,1.0,0.0,0.0,3.0,0.0,3.0,0.0,0.0,0.0,0.0,0.0,0,0,0,,,3.0,0.75,0.014285714285714285,0.005504587155963303,0.01875,0.009259259259259259,0.028037383177570093,0.03225806451612903,8.0,0.01092896174863388,0.09165352569289864,0.3989311537252437,-0.30727762803234504,0.12687427398006842,-0.540127738722671,,-0.43398070428994445,0.21852779967296707,-0.7555806433396484,shooting+turnover+defense+faceoff,deferred: no opportunity denominator; contexts not separable; overlaps faceoff value,deferred: goal value already credited to the shooter,"partial: caused turnovers only, relative to positional per-game average",0.07284259989098903,0.030551175230966215,-0.18004257957422365,,-0.10849517607248611,-0.1888951608349121,0.0660228100530122,0.1525049896199548,0.15464807196228805,1.1209565269465491,-0.6740499075355104,0.09450511261249375,-1.7234049092792447,,0.3333333333333333,0.28752545490778453,0.5,0.3043144222073915,0.0,0.15591382258080105,0.0,0.4224463117764021,,,0.018993928898638098,0.012105956996236773,9.99999000001e-07,0.15085812603536278,,0.1404688223847188,0.4185387146426365,,shooting_pct,0.018993928898638098,78,-0.0537921633482268,1.3971671517707076,22.435897435897438,-0.7821268445222707,-0.5022938587569898,57.6923076923077,68.58974358974359,0.4528855650960341,0.1832308895635147,0.36388354534045114,True,False,False,True,True,True,False,True,True,"ground_ball_value,assist_value,possession_participation,penalty_value","defensive value is PARTIAL (caused turnovers only, on a games-played denominator); a value near zero does NOT mean an average defender","roster_position: measurable opportunities cannot separate offensive from defensive field roles (the feed attributes one defensive act, caused turnovers, 741 league-wide)"
001746,Daniel Bucaro,ATL,1,M,midfield,midfield,offensive_field,offensive_field,10,9.0,9.0,0.0,9.0,3.0,36.0,20.0,36.0,0.0,0.25,0.5555555555555556,0.25,,0.25,10.0,117.0,0.08547008547008547,1.0,5.0,0.0,0.0,0.0,0.0,,0.0,0.0,0.0,0.0,0,0,0,,,46.0,4.6,0.08440366972477065,0.07516339869281045,0.09113924050632911,0.04629996042738425,0.0,0.015625,50.0,0.027932960893854747,-1.8192392329456144,-1.8192392329456144,0.0,-0.8120413528364259,,,-0.06459443566969915,-2.63128058578204,-2.695875021451739,shooting+turnover+defense,deferred: no opportunity denominator; contexts not separable; overlaps faceoff value,deferred: goal value already credited to the shooter,"partial: caused turnovers only, relative to positional per-game average",-0.057201751864826955,-0.05053442313737818,,,-0.006459443566969915,-0.2695875021451739,0.0660228100530122,-2.697303395835052,-0.95194494259497,2.8489031235509783,-0.9462852559519471,-0.6613148548306538,,,0.25,0.2797308626877214,0.25,0.2925343166238229,,,,,,,0.18853576311056017,0.1807157046073926,,,,0.12680381332756951,,,shooting_pct,0.18853576311056017,52,-0.2392167369865673,3.0729473621539043,14.423076923076916,-1.1031005485330123,-0.7994469136442479,56.730769230769226,27.88461538461538,0.0,0.9760395288521518,0.02396047114784824,True,False,False,True,True,True,False,True,True,"ground_ball_value,assist_value,possession_participation,penalty_value","offensive value covers finishing and possession security only; shot creation, assists and off-ball work are not measured","roster_position: measurable opportunities cannot separate offensive from defensive field roles (the feed attributes one defensive act, caused turnovers, 741 league-wide)"
001760,Pat Aslanian,CAN,1,SSDM,short_stick_defensive_midfield,defensive_field,defensive_field,defensive_field,3,0.0,0.0,0.0,0.0,0.0,1.0,0.0,1.0,0.0,0.0,0.0,0.0,,0.0,1.0,12.0,0.08333333333333333,2.0,0.0,0.0,0.0,0.0,0.0,,0.0,0.0,0.0,0.0,0,0,0,,,2.0,0.6666666666666666,0.01282051282051282,0.003669724770642202,0.008130081300813009,0.016551724137931035,0.0,0.08,2.0,0.0037735849056603774,-0.30053442313737816,-0.30053442313737816,0.0,-0.09646984579934581,,,0.006558902331837981,-0.39700426893672397,-0.390445366604886,shooting+turnover+defense,deferred: no opportunity denominator; contexts not separable; overlaps faceoff value,deferred: goal value already credited to the shooter,"partial: caused turnovers only, relative to positional per-game average",-0.19850213446836198,-0.30053442313737816,,,0.002186300777279327,-0.130148455534962,0.0660228100530122,-0.4630270789897361,-0.9209748907810258,0.6262167042273226,-0.6234988047574512,-0.655486781978336,,,0.0,0.2848004651315773,0.0,0.3000778082302534,,,,,,,0.006412508790228359,0.006089840169722695,,,,0.1409528058138676,,,shooting_pct,0.006412508790228359,78,-0.0537921633482268,1.3971671517707076,36.53846153846153,-0.40813798573203286,-0.24095413553775571,53.20512820512819,10.897435897435903,0.0,0.9837475200940148,0.016252479905985235,True,False,False,True,False,True,False,True,True,"ground_ball_value,assist_value,possession_participation,penalty_value","defensive value is PARTIAL (caused turnovers only, on a games-played denominator); a value near zero does NOT mean an average defender","roster_position: measurable opportunities cannot separate offensive from defensive field roles (the feed attributes one defensive act, caused turnovers, 741 league-wide)"
001763,Alex Woodall,CAN,1,FO,faceoff,faceoff,unclassified_field,faceoff,4,0.0,0.0,0.0,0.0,1.0,0.0,0.0,0.0,0.0,,,,,,2.0,12.0,0.16666666666666666,0.0,12.0,0.0,50.0,23.0,27.0,0.46,0.0,0.0,0.0,0.0,0,0,0,,,2.0,0.5,0.008771929824561403,0.003669724770642202,0.0,0.012084592145015106,0.42735042735042733,0.0,75.0,0.10608203677510608,0.0,0.0,0.0,-0.20767869837992348,-0.6785175505161019,,-0.1454005085352708,-0.20767869837992348,-1.031596757431296,shooting+turnover+defense+faceoff,deferred: no opportunity denominator; contexts not separable; overlaps faceoff value,deferred: goal value already credited to the shooter,"partial: caused turnovers only, relative to positional per-game average",-0.10383934918996174,,-0.013570351010322036,,-0.0363501271338177,-0.257899189357824,,,,1.3239805394409618,-0.7791630818583466,,-0.5303072384785082,,,,,,,,0.46,0.46946679950478165,,,,,,0.7475379758400076,,,0.23665926203830168,,shooting_pct,,14,1.394728295312205,6.799194744589167,46.42857142857143,-0.11661642216726695,-0.3568547664669236,3.57142857142857,24.999999999999993,0.6577352493872014,0.20131771148355398,0.14094703912924467,True,False,False,False,True,True,False,True,True,"ground_ball_value,assist_value,possession_participation,penalty_value","offensive value covers finishing and possession security only; shot creation, assists and off-ball work are not measured",unlabelled: no position in any game played and no role-defining opportunity
001766,Holden Garlent,CAN,1,D,defense,defensive_field,defensive_field,defensive_field,10,1.0,0.0,1.0,2.0,0.0,3.0,2.0,0.0,3.0,0.3333333333333333,0.6666666666666666,,0.3333333333333333,0.6666666666666666,6.0,52.0,0.11538461538461539,9.0,23.0,4.0,0.0,0.0,0.0,,0.0,0.0,0.0,0.0,0,0,0,,,9.0,0.9,0.01651376146788991,0.01651376146788991,0.007633587786259542,0.02128530495292673,0.0,0.140625,35.0,0.01962983735277622,1.0781671159029649,0.0,1.0781671159029649,-0.8607619058628936,,,0.6416792781314795,0.2174052100400713,0.8590844881715508,shooting+turnover+defense,deferred: no opportunity denominator; contexts not separable; overlaps faceoff value,deferred: goal value already credited to the shooter,"partial: caused turnovers only, relative to positional per-game average",0.02415613444889681,0.35938903863432164,,,0.06416792781314795,0.08590844881715508,0.0660228100530122,0.1513823999870591,0.1146048096890015,1.4864067654830506,0.5779605610799051,0.8631119238944025,,,0.3333333333333333,0.28752545490778453,,,0.3333333333333333,0.1559145107510914,,,,,0.018993928898638098,,2.999991000027e-06,,,0.1404688223847188,,,shooting_pct,0.018993928898638098,78,-0.0537921633482268,1.3971671517707076,83.97435897435898,0.8716897224837077,0.6533768349498041,67.3076923076923,59.61538461538463,0.0,0.7513457279987021,0.24865427200129786,True,False,False,True,True,True,True,True,True,"ground_ball_value,assist_value,possession_participation,penalty_value","defensive value is PARTIAL (caused turnovers only, on a games-played denominator); a value near zero does NOT mean an average defender","roster_position: measurable opportunities cannot separate offensive from defensive field roles (the feed attributes one defensive act, caused turnovers, 741 league-wide)"
001773,Nick Washuta,ARC,1,G,goalie,goalie,goalie,goalie,2,0.0,0.0,0.0,0.0,0.0,0.0,0.0,0.0,0.0,,,,,,1.0,2.0,0.5,0.0,0.0,0.0,0.0,0.0,0.0,,0.0,1.0,0.0,1.0,1,1,0,0.0,1.0,1.0,0.5,0.009345794392523364,0.0016286644951140066,0.0,0.00375234521575985,0.0,0.0,1.0,0.003048780487804878,0.0,0.0,0.0,-0.250599570225884,,-0.533203125,-0.1893639524716779,-0.250599570225884,-0.9731666476975619,shooting+turnover+defense+goalie,deferred: no opportunity denominator; contexts not separable; overlaps faceoff value,deferred: goal value already credited to the shooter,"partial: caused turnovers only, relative to positional per-game average",-0.250599570225884,,,-0.533203125,-0.09468197623583895,-0.48658332384878095,,,,0.5505273817335259,-1.7676989010668462,,,-1.068765369118003,,,,,,,,,0.0,0.5189853925415283,,,,,0.0024208382278677787,,,0.09619879932142794,save_pct,0.0024208382278677787,14,-0.7194840200231043,6.869390003298461,53.57142857142857,0.03990811382911294,-0.036929425691749534,60.71428571428571,10.714285714285715,0.0,0.2575094109716804,0.1945853291619668,True,False,False,True,False,True,False,True,True,"ground_ball_value,assist_value,possession_participation,penalty_value",goalie metrics are standardized only against other goalies; a goalie total is not comparable with a field player total,measured_opportunity: faced 1 shots on goal as goalie of record
001793,Chase Fraser,CHA,1,A,attack,attack,offensive_field,offensive_field,10,14.0,14.0,0.0,14.0,1.0,49.0,29.0,49.0,0.0,0.2857142857142857,0.5918367346938775,0.2857142857142857,,0.2857142857142857,24.0,270.0,0.08888888888888889,4.0,16.0,3.0,0.0,0.0,0.0,,0.0,0.0,0.0,0.0,0,0,0,,,73.0,7.3,0.1442687747035573,0.11532385466034756,0.1384180790960452,0.11092851273623665,0.0,0.07272727272727272,79.0,0.04802431610942249,-0.7261867337315291,-0.7261867337315291,0.0,-2.1191436244896944,,,0.732312197648612,-2.8453303582212235,-2.1130181605726115,shooting+turnover+defense,deferred: no opportunity denominator; contexts not separable; overlaps faceoff value,deferred: goal value already credited to the shooter,"partial: caused turnovers only, relative to positional per-game average",-0.03897712819481128,-0.01482013742309243,,,0.0732312197648612,-0.21130181605726114,0.0660228100530122,-2.9113531682742355,-0.8636352273705097,3.38403085792822,-0.6244086562101413,-0.22626635779586854,,,0.2857142857142857,0.2864164760259943,0.2857142857142857,0.2981752647666702,,,,,,,0.24026061274491384,0.2309056114510274,,,,0.12361243274062872,,,shooting_pct,0.24026061274491384,40,0.17445256360862804,3.749635821874049,26.249999999999996,-0.47916966667184857,-0.610051437752153,73.75,31.25,0.0,0.7953087302008112,0.20469126979918884,True,False,False,True,True,True,False,True,True,"ground_ball_value,assist_value,possession_participation,penalty_value","offensive value covers finishing and possession security only; shot creation, assists and off-ball work are not measured","roster_position: measurable opportunities cannot separate offensive from defensive field roles (the feed attributes one defensive act, caused turnovers, 741 league-wide)"
001795,Christian Scarpello,WAT,1,SSDM,short_stick_defensive_midfield,defensive_field,defensive_field,defensive_field,9,0.0,0.0,0.0,0.0,2.0,0.0,0.0,0.0,0.0,,,,,,2.0,55.0,0.03636363636363636,4.0,4.0,1.0,0.0,0.0,0.0,,0.0,0.0,0.0,0.0,0,0,0,,,2.0,0.2222222222222222,0.00411522633744856,0.0027624309392265192,0.0,0.025688930406352173,0.0,0.05714285714285714,8.0,0.0050568900126422255,0.0,0.0,0.0,0.24407169655487734,,,-0.5115943818833601,0.24407169655487734,-0.2675226853284828,shooting+turnover+defense,deferred: no opportunity denominator; contexts not separable; overlaps faceoff value,deferred: goal value already credited to the shooter,"partial: caused turnovers only, relative to positional per-game average",0.12203584827743867,,,,-0.056843820209262236,-0.029724742814275864,0.0660228100530122,0.1780488865018651,0.4031718833345231,0.7830549840078604,-0.3416397198051642,,,,,,,,,,,,,,,,,,,,,,shooting_pct,,78,-0.0537921633482268,1.3971671517707076,44.230769230769226,-0.28223474871505067,-0.15297419618646446,13.461538461538458,75.0,0.0,0.3229888220724545,0.6770111779275455,True,False,False,False,False,True,False,True,True,"ground_ball_value,assist_value,possession_participation,penalty_value","defensive value is PARTIAL (caused turnovers only, on a games-played denominator); a value near zero does NOT mean an average defender","roster_position: measurable opportunities cannot separate offensive from defensive field roles (the feed attributes one defensive act, caused turnovers, 741 league-wide)"
001796,Latrell Harris,ARC,1,SSDM,short_stick_defensive_midfield,defensive_field,defensive_field,defensive_field,12,2.0,2.0,0.0,2.0,1.0,3.0,2.0,3.0,0.0,0.6666666666666666,0.6666666666666666,0.6666666666666666,,0.6666666666666666,3.0,78.0,0.038461538461538464,9.0,22.0,3.0,0.0,0.0,0.0,,0.0,0.0,0.0,0.0,0,0,0,,,6.0,0.5,0.009771986970684038,0.009771986970684038,0.0064794816414686825,0.023875114784205693,0.0,0.0967741935483871,43.0,0.02128712871287129,1.0983967305878655,1.0983967305878655,0.0,0.3026704078422819,,,0.29187115376678896,1.4010671384301474,1.6929382921969363,shooting+turnover+defense,deferred: no opportunity denominator; contexts not separable; overlaps faceoff value,deferred: goal value already credited to the shooter,"partial: caused turnovers only, relative to positional per-game average",0.2335111897383579,0.36613224352928847,,,0.024322596147232412,0.14107819101641136,0.0660228100530122,1.3350443283771354,1.4016444747206935,1.210270685885623,1.3988096315479361,1.383146937519734,,,0.6666666666666666,0.2938567645406639,0.6666666666666666,0.30850005649686607,,,,,,,0.018993928898638098,0.018049681162381374,,,,0.1413794254185632,,,shooting_pct,0.018993928898638098,78,-0.0537921633482268,1.3971671517707076,91.66666666666667,1.7257623153980446,1.2501943331056948,44.871794871794876,85.25641025641026,0.0,0.8275949246868143,0.1724050753131858,True,False,False,True,True,True,False,True,True,"ground_ball_value,assist_value,possession_participation,penalty_value","defensive value is PARTIAL (caused turnovers only, on a games-played denominator); a value near zero does NOT mean an average defender","roster_position: measurable opportunities cannot separate offensive from defensive field roles (the feed attributes one defensive act, caused turnovers, 741 league-wide)"
001797,JD Colarusso,ATL,1,G,goalie,goalie,goalie,goalie,3,0.0,0.0,0.0,0.0,0.0,0.0,0.0,0.0,0.0,,,,,,1.0,10.0,0.1,0.0,4.0,0.0,0.0,0.0,0.0,,7.0,10.0,2.0,12.0,17,14,3,0.4117647058823529,0.7058823529411765,1.0,0.3333333333333333,0.006134969325153374,0.0016339869281045752,0.0,0.01310615989515072,0.0,0.0,29.0,0.05471698113207547,0.0,0.0,0.0,-0.19045567337167185,,-3.8667129088785046,-0.2840459287075169,-0.19045567337167185,-4.341214510957693,shooting+turnover+defense+goalie,deferred: no opportunity denominator; contexts not separable; overlaps faceoff value,deferred: goal value already credited to the shooter,"partial: caused turnovers only, relative to positional per-game average",-0.19045567337167185,,,-0.227453700522265,-0.09468197623583896,-1.4470715036525643,,,,2.433997663979363,-1.7835738198122202,,,-1.60149936504774,,,,,,,,,0.4117647058823529,0.5159468773488415,,,,,0.039619645822832325,,,0.09441434289328754,save_pct,0.039619645822832325,14,-0.7194840200231043,6.869390003298461,32.142857142857146,-0.373224238056356,-0.5272273796065662,46.42857142857143,17.857142857142854,0.0,0.04387151864782106,0.06543006064099212,True,False,False,True,True,True,False,True,True,"ground_ball_value,assist_value,possession_participation,penalty_value",goalie metrics are standardized only against other goalies; a goalie total is not comparable with a field player total,measured_opportunity: faced 17 shots on goal as goalie of record
001809,Jeff Teat,ATL,1,A,attack,attack,offensive_field,offensive_field,11,25.0,24.0,1.0,26.0,19.0,59.0,39.0,58.0,1.0,0.423728813559322,0.6610169491525424,0.41379310344827586,1.0,0.4406779661016949,22.0,401.0,0.05486284289276808,2.0,18.0,0.0,0.0,0.0,0.0,,0.0,0.0,0.0,0.0,0,0,0,,,81.0,7.363636363636363,0.1323529411764706,0.1323529411764706,0.13288288288288289,0.14229950319375442,0.0,0.027777777777777776,154.0,0.07809330628803246,8.261725829999722,6.569003458032068,1.692722371967655,0.4771287122019217,,,0.16801811075882425,8.738854542201643,8.906872652960468,shooting+turnover+defense,deferred: no opportunity denominator; contexts not separable; overlaps faceoff value,deferred: goal value already credited to the shooter,"partial: caused turnovers only, relative to positional per-game average",0.10788709311360054,0.1400292513559275,,,0.01527437370534766,0.8097156957236789,0.0660228100530122,8.672831732148632,2.2941119508955308,3.793215041778788,2.3481064360600246,2.3171545004672716,,,0.423728813559322,0.32444413468293115,0.41379310344827586,0.33125013183599394,1.0,0.15591482257980108,,,,,0.2757715458395839,0.26219675795343184,9.99999000001e-07,,,0.1250212126178667,,,shooting_pct,0.2757715458395839,40,0.17445256360862804,3.749635821874049,98.75,4.0756665564907175,2.3288715235783672,58.75,93.75,0.0,0.9811361274259401,0.018863872574059803,True,False,False,True,True,True,True,True,True,"ground_ball_value,assist_value,possession_participation,penalty_value","offensive value covers finishing and possession security only; shot creation, assists and off-ball work are not measured","roster_position: measurable opportunities cannot separate offensive from defensive field roles (the feed attributes one defensive act, caused turnovers, 741 league-wide)"
001810,Michael Sowers,WAT,1,A,attack,attack,offensive_field,offensive_field,12,29.0,29.0,0.0,29.0,15.0,77.0,55.0,75.0,2.0,0.37662337662337664,0.7142857142857143,0.38666666666666666,0.0,0.37662337662337664,18.0,333.0,0.05405405405405406,0.0,10.0,1.0,0.0,0.0,0.0,,0.0,0.0,0.0,0.0,0,0,0,,,95.0,7.916666666666667,0.14074074074074075,0.13121546961325967,0.15187376725838264,0.11182001343183344,0.0,0.0,155.0,0.07035860190649115,5.845363008631949,6.45991826469664,-0.6145552560646901,0.46776184529351345,,,-0.3962759761309635,6.313124853925463,5.916848877794499,shooting+turnover+defense,deferred: no opportunity denominator; contexts not separable; overlaps faceoff value,deferred: goal value already credited to the shooter,"partial: caused turnovers only, relative to positional per-game average",0.06645394583079435,0.07591380530690843,,,-0.03302299801091362,0.49307073981620825,0.0660228100530122,6.2471020438724505,1.4676568481731782,4.26886133845954,1.3860485053678628,1.425855957528449,,,0.37662337662337664,0.31651125061386404,0.38666666666666666,0.3286001265980064,0.0,0.1559136666672903,,,,,0.3319749588659499,0.31485098962579433,1.999996000008e-06,,,0.11931967700365931,,,shooting_pct,0.3319749588659499,40,0.17445256360862804,3.749635821874049,88.75,2.8398041664098455,1.5314544097020737,68.75,76.25,0.0,0.940937203459995,0.059062796540005014,True,False,False,True,True,True,True,True,True,"ground_ball_value,assist_value,possession_participation,penalty_value","offensive value covers finishing and possession security only; shot creation, assists and off-ball work are not measured","roster_position: measurable opportunities cannot separate offensive from defensive field roles (the feed attributes one defensive act, caused turnovers, 741 league-wide)"
001811,JT Giles-Harris,CHR,1,D,defense,defensive_field,defensive_field,defensive_field,11,0.0,0.0,0.0,0.0,0.0,1.0,0.0,1.0,0.0,0.0,0.0,0.0,,0.0,5.0,83.0,0.060240963855421686,11.0,24.0,2.0,0.0,0.0,0.0,,0.0,0.0,0.0,0.0,0,0,0,,,6.0,0.5454545454545454,0.010471204188481676,0.010471204188481676,0.0024630541871921183,0.026983094928478543,0.0,0.14864864864864866,27.0,0.014802631578947368,-0.30053442313737816,-0.30053442313737816,0.0,-0.15811497326988744,,,0.9980463048280084,-0.4586493964072656,0.5393969084207428,shooting+turnover+defense,deferred: no opportunity denominator; contexts not separable; overlaps faceoff value,deferred: goal value already credited to the shooter,"partial: caused turnovers only, relative to positional per-game average",-0.0764415660678776,-0.30053442313737816,,,0.09073148225709167,0.04903608258370389,0.0660228100530122,-0.5246722064602778,-0.7386605518869628,1.0077684716222222,0.5352389200591544,-0.655486781978336,,,0.0,0.2848004651315773,0.0,0.3000778082302534,,,,,,,0.006412508790228359,0.006089840169722695,,,,0.1409528058138676,,,shooting_pct,0.006412508790228359,78,-0.0537921633482268,1.3971671517707076,68.58974358974359,0.5442505492830668,0.42456557257103283,48.07692307692308,30.12820512820513,0.0,0.3148560100907363,0.6851439899092637,True,False,False,True,True,True,False,True,True,"ground_ball_value,assist_value,possession_participation,penalty_value","defensive value is PARTIAL (caused turnovers only, on a games-played denominator); a value near zero does NOT mean an average defender","roster_position: measurable opportunities cannot separate offensive from defensive field roles (the feed attributes one defensive act, caused turnovers, 741 league-wide)"
001812,TD Ierlan,RED,1,FO,faceoff,faceoff,faceoff,faceoff,11,1.0,1.0,0.0,1.0,1.0,7.0,3.0,7.0,0.0,0.14285714285714285,0.42857142857142855,0.14285714285714285,,0.14285714285714285,9.0,89.0,0.10112359550561797,5.0,85.0,2.0,276.0,150.0,123.0,0.5434782608695652,0.0,0.0,0.0,0.0,0,0,0,,,16.0,1.4545454545454546,0.02782608695652174,0.02782608695652174,0.01699029126213592,0.0338145896656535,0.9583333333333334,0.06493506493506493,457.0,0.25804630152456237,-1.103740961961647,-1.103740961961647,0.0,0.00925699624561682,4.5926703953082715,,0.9283263237251905,-1.0944839657160301,4.426512753317432,shooting+turnover+defense+faceoff,deferred: no opportunity denominator; contexts not separable; overlaps faceoff value,deferred: goal value already credited to the shooter,"partial: caused turnovers only, relative to positional per-game average",-0.06840524785725188,-0.15767728028023528,0.01664011012792852,,0.0843933021568355,0.4024102503015847,,,,3.3447171646969895,1.323434100807877,-0.9098878287443622,1.5277848845564304,,0.14285714285714285,0.2804236588573415,0.14285714285714285,0.29537493165639483,,,0.5434782608695652,0.5408272831443807,,,0.043224496739814953,0.041126170362264985,,0.9423454158301143,,0.13769190112361684,0.1138643724261783,,faceoff_win_pct,0.9423454158301143,14,1.394728295312205,6.799194744589167,82.14285714285715,1.4909207446278996,0.44590345943803655,53.57142857142857,39.285714285714285,0.6922933494451489,0.1677719100417175,0.1399347405131336,True,True,False,True,True,False,False,True,True,"ground_ball_value,assist_value,possession_participation,penalty_value",faceoff value dominates this role's total; see the faceoff share-of-total column before comparing across roles,measured_opportunity: took 95.8% of team faceoffs in games played (threshold 50%)
001813,Jared Conners,ARC,1,LSM,long_stick_midfield,defensive_field,defensive_field,defensive_field,12,0.0,0.0,0.0,0.0,4.0,6.0,4.0,3.0,3.0,0.0,0.6666666666666666,0.0,0.0,0.0,9.0,67.0,0.13432835820895522,7.0,25.0,3.0,2.0,0.0,2.0,0.0,0.0,0.0,0.0,0.0,0,0,0,,,15.0,1.25,0.024429967426710098,0.024429967426710098,0.012958963282937365,0.020508111417202327,0.006430868167202572,0.07526881720430108,62.0,0.030693069306930693,-1.8234361535091697,-0.9016032694121345,-0.9218328840970351,-1.4462114158810906,-0.3600851591484473,,-0.23939993511208513,-3.2696475693902602,-3.8691326636507926,shooting+turnover+defense+faceoff,deferred: no opportunity denominator; contexts not separable; overlaps faceoff value,deferred: goal value already credited to the shooter,"partial: caused turnovers only, relative to positional per-game average",-0.21797650462601734,-0.3039060255848616,-0.18004257957422365,,-0.01994999459267376,-0.32242772197089936,0.0660228100530122,-3.3356703794432723,-2.140437995724585,1.7468942021657248,-2.214863761556943,-1.2318693659501767,-1.407154215980561,,0.0,0.2759527189517498,0.0,0.29646693572194516,0.0,0.15591351075409138,0.0,0.44481426036032357,,,0.03727976852456296,0.018049681162381374,2.999991000027e-06,0.10589723692870423,,0.13743068504845724,0.4313178432639688,,shooting_pct,0.03727976852456296,78,-0.0537921633482268,1.3971671517707076,0.6410256410256387,-3.9711744141605765,-2.730768824236365,86.53846153846155,8.333333333333332,0.09306611854675519,0.8450595659609984,0.06187431549224648,True,False,False,True,True,True,True,True,True,"ground_ball_value,assist_value,possession_participation,penalty_value","defensive value is PARTIAL (caused turnovers only, on a games-played denominator); a value near zero does NOT mean an average defender","roster_position: measurable opportunities cannot separate offensive from defensive field roles (the feed attributes one defensive act, caused turnovers, 741 league-wide)"
001814,Mac O'Keefe,CHA,1,M,midfield,midfield,offensive_field,offensive_field,13,14.0,12.0,2.0,16.0,3.0,46.0,29.0,37.0,9.0,0.30434782608695654,0.6304347826086957,0.32432432432432434,0.2222222222222222,0.34782608695652173,8.0,242.0,0.03305785123966942,0.0,6.0,0.0,0.0,0.0,0.0,,0.0,0.0,0.0,0.0,0,0,0,,,54.0,4.153846153846154,0.08530805687203792,0.08530805687203792,0.10672853828306264,0.07579079235828375,0.0,0.0,67.0,0.032351521004345726,2.1147276916259017,0.8802263439170073,1.2345013477088944,1.689650774031705,,,-0.42929897414187707,3.8043784656576065,3.3750794915157294,shooting+turnover+defense,deferred: no opportunity denominator; contexts not separable; overlaps faceoff value,deferred: goal value already credited to the shooter,"partial: caused turnovers only, relative to positional per-game average",0.07045145306773345,0.04597234112230221,,,-0.03302299801091362,0.2596214993473638,0.0660228100530122,3.7383556556045945,1.0207719319650281,3.6778191320723588,0.9176850112294557,0.5991157848692692,,,0.30434782608695654,0.29069251449453404,0.32432432432432434,0.30605758610987555,0.2222222222222222,0.15591457526344626,,,,,0.22891812682705498,0.18480787182499114,8.999919000728994e-06,,,0.12507652828935534,,,shooting_pct,0.22891812682705498,52,-0.2392167369865673,3.0729473621539043,89.42307692307692,1.5833561281822013,1.176166006946812,58.65384615384615,83.65384615384615,0.0,0.89859903588635,0.10140096411365002,True,False,False,True,True,True,True,True,True,"ground_ball_value,assist_value,possession_participation,penalty_value","offensive value covers finishing and possession security only; shot creation, assists and off-ball work are not measured","roster_position: measurable opportunities cannot separate offensive from defensive field roles (the feed attributes one defensive act, caused turnovers, 741 league-wide)"
001815,Connor Kirst,WHP,1,SSDM,short_stick_defensive_midfield,defensive_field,defensive_field,defensive_field,11,8.0,7.0,1.0,9.0,1.0,25.0,17.0,19.0,6.0,0.32,0.68,0.3684210526315789,0.16666666666666666,0.36,5.0,113.0,0.04424778761061947,6.0,18.0,1.0,0.0,0.0,0.0,,0.0,0.0,0.0,0.0,0,0,0,,,30.0,2.727272727272727,0.04777070063694268,0.04777070063694268,0.05422993492407809,0.04136163982430454,0.0,0.08450704225352113,54.0,0.028125,1.4461801921957456,1.2898459603898154,0.15633423180592976,0.2647992733303405,,,-0.3301314173691769,1.7109794655260862,1.3808480481569092,shooting+turnover+defense,deferred: no opportunity denominator; contexts not separable; overlaps faceoff value,deferred: goal value already credited to the shooter,"partial: caused turnovers only, relative to positional per-game average",0.05703264885086954,0.057847207687829826,,,-0.030011947033561536,0.1255316407415372,0.0660228100530122,1.644956655473074,0.6000309200180334,2.8331313884887033,0.4873928734005889,0.5421742776849412,,,0.32,0.29127348470816666,0.3684210526315789,0.30885129861259614,0.16666666666666666,0.15591404301036557,,,,,0.13893118159808085,0.10427647593087397,5.9999640002159985e-06,,,0.13219135318649933,,,shooting_pct,0.13893118159808085,78,-0.0537921633482268,1.3971671517707076,89.1025641025641,1.4061046935657895,1.0268207420185456,98.07692307692308,64.74358974358974,0.0,0.838258949998398,0.16174105000160208,True,False,False,True,True,True,True,True,True,"ground_ball_value,assist_value,possession_participation,penalty_value","defensive value is PARTIAL (caused turnovers only, on a games-played denominator); a value near zero does NOT mean an average defender","roster_position: measurable opportunities cannot separate offensive from defensive field roles (the feed attributes one defensive act, caused turnovers, 741 league-wide)"
001816,Dox Aitken,ATL,1,M,midfield,midfield,offensive_field,offensive_field,9,9.0,9.0,0.0,9.0,2.0,26.0,20.0,25.0,1.0,0.34615384615384615,0.7692307692307693,0.36,0.0,0.34615384615384615,11.0,160.0,0.06875,1.0,9.0,0.0,0.0,0.0,0.0,,0.0,0.0,0.0,0.0,0,0,0,,,37.0,4.111111111111111,0.07474747474747474,0.06045751633986928,0.07344632768361582,0.07042253521126761,0.0,0.016666666666666666,52.0,0.03196066379840197,1.179361793533201,1.4866394215655463,-0.30727762803234504,-0.3998520602075584,,,-0.03157143765878557,0.7795097333256427,0.7479382956668571,shooting+turnover+defense,deferred: no opportunity denominator; contexts not separable; overlaps faceoff value,deferred: goal value already credited to the shooter,"partial: caused turnovers only, relative to positional per-game average",0.021067830630422776,0.04536006898204619,,,-0.003507937517642841,0.08310425507409523,0.0660228100530122,0.7134869232726304,0.28190528870330334,2.5464944311071767,0.2937129123591545,0.49074206114816527,,,0.34615384615384615,0.29519028655976887,0.36,0.30963177696180655,0.0,0.15591382258080105,,,,,0.1436899085110775,0.132831815607044,9.99999000001e-07,,,0.13234731531701982,,,shooting_pct,0.1436899085110775,52,-0.2392167369865673,3.0729473621539043,64.42307692307692,0.42082048552722023,0.3212404627593436,41.34615384615385,62.5,0.0,0.9803999714751837,0.01960002852481627,True,False,False,True,True,True,False,True,True,"ground_ball_value,assist_value,possession_participation,penalty_value","offensive value covers finishing and possession security only; shot creation, assists and off-ball work are not measured","roster_position: measurable opportunities cannot separate offensive from defensive field roles (the feed attributes one defensive act, caused turnovers, 741 league-wide)"
001817,Jack Kielty,CAN,1,D,defense,defensive_field,defensive_field,defensive_field,10,0.0,0.0,0.0,0.0,0.0,0.0,0.0,0.0,0.0,,,,,,4.0,67.0,0.05970149253731343,7.0,12.0,1.0,0.0,0.0,0.0,,0.0,0.0,0.0,0.0,0,0,0,,,4.0,0.4,0.007339449541284404,0.007339449541284404,0.0,0.02742529676627098,0.0,0.109375,13.0,0.007291082445316881,0.0,0.0,0.0,-0.11803369368390547,,,0.11040818925260545,-0.11803369368390547,-0.007625504431300015,shooting+turnover+defense,deferred: no opportunity denominator; contexts not separable; overlaps faceoff value,deferred: goal value already credited to the shooter,"partial: caused turnovers only, relative to positional per-game average",-0.029508423420976367,,,,0.011040818925260546,-0.0007625504431300015,0.0660228100530122,-0.1840565037369176,-0.377612260615364,0.8379662961128366,-0.009100013290120681,,,,,,,,,,,,,,,,,,,,,,shooting_pct,,78,-0.0537921633482268,1.3971671517707076,49.358974358974365,-0.016035736240166305,0.03304304632299522,30.128205128205128,44.230769230769226,0.0,0.5166902503456849,0.48330974965431517,True,False,False,False,False,True,False,True,True,"ground_ball_value,assist_value,possession_participation,penalty_value","defensive value is PARTIAL (caused turnovers only, on a games-played denominator); a value near zero does NOT mean an average defender","roster_position: measurable opportunities cannot separate offensive from defensive field roles (the feed attributes one defensive act, caused turnovers, 741 league-wide)"
001818,Jake Carraway,ATL,1,A,attack,attack,offensive_field,offensive_field,2,1.0,1.0,0.0,1.0,0.0,8.0,5.0,6.0,2.0,0.125,0.625,0.16666666666666666,0.0,0.125,0.0,33.0,0.0,0.0,1.0,0.0,0.0,0.0,0.0,,0.0,0.0,0.0,0.0,0,0,0,,,8.0,4.0,0.07207207207207207,0.013071895424836602,0.10126582278481013,0.061452513966480445,0.0,0.0,12.0,0.03498542274052478,-1.4177617948889591,-0.8032065388242691,-0.6145552560646901,0.5201911540291638,,,-0.06604599602182724,-0.8975706408597953,-0.9636166368816226,shooting+turnover+defense,deferred: no opportunity denominator; contexts not separable; overlaps faceoff value,deferred: goal value already credited to the shooter,"partial: caused turnovers only, relative to positional per-game average",-0.11219633010747442,-0.1772202243611199,,,-0.03302299801091362,-0.4818083184408113,0.0660228100530122,-0.9635934509128075,-0.6179505164123589,1.5649529681134828,-0.6157479850932783,-0.934529127093074,,,0.125,0.2787026897850569,0.16666666666666666,0.29712056465067427,0.0,0.1559136666672903,,,,,0.049096258976067356,0.035459332675734916,1.999996000008e-06,,,0.1370131951989606,,,shooting_pct,0.049096258976067356,40,0.17445256360862804,3.749635821874049,48.75,-0.004089125162611458,-0.30351459569784284,18.75,16.250000000000004,0.0,0.9670428988056148,0.03295710119438527,True,False,False,True,True,True,False,True,True,"ground_ball_value,assist_value,possession_participation,penalty_value","offensive value covers finishing and possession security only; shot creation, assists and off-ball work are not measured","roster_position: measurable opportunities cannot separate offensive from defensive field roles (the feed attributes one defensive act, caused turnovers, 741 league-wide)"
001819,Danny Logan,ATL,1,SSDM,short_stick_defensive_midfield,defensive_field,defensive_field,defensive_field,11,5.0,2.0,3.0,8.0,3.0,11.0,7.0,3.0,8.0,0.45454545454545453,0.6363636363636364,0.6666666666666666,0.375,0.7272727272727273,4.0,106.0,0.03773584905660377,6.0,22.0,3.0,13.0,2.0,11.0,0.15384615384615385,0.0,0.0,0.0,0.0,0,0,0,,,15.0,1.3636363636363635,0.024509803921568627,0.024509803921568627,0.024774774774774775,0.03761533002129169,0.04391891891891892,0.08333333333333333,72.0,0.036511156186612576,4.640175706329105,1.0983967305878655,3.5417789757412397,0.43175482689639105,-1.6167612363609873,,-0.3301314173691769,5.071930533225496,3.1250378794953315,shooting+turnover+defense+faceoff,deferred: no opportunity denominator; contexts not separable; overlaps faceoff value,deferred: goal value already credited to the shooter,"partial: caused turnovers only, relative to positional per-game average",0.33812870221503305,0.4218341551208277,-0.12436624895084518,,-0.030011947033561536,0.28409435268139377,0.0660228100530122,5.005907723172483,2.202107044541429,2.4706892488405385,1.2648445695717785,2.1197684792944997,-2.478139119601934,,0.45454545454545453,0.2977685731546402,0.6666666666666666,0.30850005649686607,0.375,0.1559157311687743,0.15384615384615385,0.3480152839203488,,,0.06628694078772558,0.018049681162381374,7.999936000511995e-06,0.43498287492458193,,0.13849516864866018,0.33306841884041205,,shooting_pct,0.06628694078772558,78,-0.0537921633482268,1.3971671517707076,98.07692307692308,3.1925865979412906,2.275196664060453,89.1025641025641,92.94871794871796,0.2303464830636716,0.722618364664261,0.04703515227206741,True,False,False,True,True,True,True,True,True,"ground_ball_value,assist_value,possession_participation,penalty_value","defensive value is PARTIAL (caused turnovers only, on a games-played denominator); a value near zero does NOT mean an average defender","roster_position: measurable opportunities cannot separate offensive from defensive field roles (the feed attributes one defensive act, caused turnovers, 741 league-wide)"
001820,Ryan Terefenko,CHR,1,SSDM,short_stick_defensive_midfield,defensive_field,defensive_field,defensive_field,11,2.0,2.0,0.0,2.0,3.0,5.0,3.0,5.0,0.0,0.4,0.6,0.4,,0.4,7.0,123.0,0.056910569105691054,6.0,23.0,2.0,0.0,0.0,0.0,,0.0,0.0,0.0,0.0,0,0,0,,,12.0,1.0909090909090908,0.020942408376963352,0.020942408376963352,0.012315270935960592,0.03998699609882965,0.0,0.08108108108108109,44.0,0.02412280701754386,0.49732788431310926,0.49732788431310926,0.0,-0.1255004000151243,,,-0.3301314173691769,0.37182748429798496,0.04169606692880806,shooting+turnover+defense,deferred: no opportunity denominator; contexts not separable; overlaps faceoff value,deferred: goal value already credited to the shooter,"partial: caused turnovers only, relative to positional per-game average",0.030985623691498747,0.09946557686262185,,,-0.030011947033561536,0.003790551538982551,0.0660228100530122,0.3058046742449727,0.2507588180020871,1.413608901304282,0.029496183060489164,0.485095809731887,,,0.4,0.2901822966011402,0.4,0.30483197650749355,,,,,,,0.03126070574951185,0.02972511602611155,,,,0.13998031872324646,,,shooting_pct,0.03126070574951185,78,-0.0537921633482268,1.3971671517707076,53.20512820512819,0.034481755117173114,0.06834417067135977,82.6923076923077,63.46153846153846,0.0,0.6535725311561996,0.34642746884380027,True,False,False,True,True,True,True,True,True,"ground_ball_value,assist_value,possession_participation,penalty_value","defensive value is PARTIAL (caused turnovers only, on a games-played denominator); a value near zero does NOT mean an average defender","roster_position: measurable opportunities cannot separate offensive from defensive field roles (the feed attributes one defensive act, caused turnovers, 741 league-wide)"
001821,Tre Leclaire,ARC,1,M,midfield,midfield,offensive_field,offensive_field,11,8.0,8.0,0.0,8.0,2.0,28.0,17.0,27.0,1.0,0.2857142857142857,0.6071428571428571,0.2962962962962963,0.0,0.2857142857142857,2.0,142.0,0.014084507042253521,1.0,7.0,0.0,0.0,0.0,0.0,,0.0,0.0,0.0,0.0,0,0,0,,,30.0,2.727272727272727,0.05338078291814947,0.048859934853420196,0.06588235294117648,0.04744403608419646,0.0,0.011764705882352941,41.0,0.021936864633493848,-0.42170705274155473,-0.11442942470920947,-0.30727762803234504,1.7071272102769215,,,-0.09761743368061279,1.2854201575353668,1.187802723854754,shooting+turnover+defense,deferred: no opportunity denominator; contexts not separable; overlaps faceoff value,deferred: goal value already credited to the shooter,"partial: caused turnovers only, relative to positional per-game average",0.04284733858451222,-0.015060966169341241,,,-0.008874312152782981,0.10798206580497763,0.0660228100530122,1.2193973474823545,0.46916511768507513,2.6175763848493596,0.45377958432457033,-0.16941765743185894,,,0.2857142857142857,0.2864970793767021,0.2962962962962963,0.30111865334259325,0.0,0.15591382258080105,,,,,0.15305129177252225,0.1419499235697633,9.99999000001e-07,,,0.1304674224811606,,,shooting_pct,0.15305129177252225,52,-0.2392167369865673,3.0729473621539043,68.26923076923077,0.6154647918600797,0.4643813553126039,25.96153846153846,72.11538461538463,0.0,0.9561556022862121,0.043844397713787925,True,False,False,True,True,True,False,True,True,"ground_ball_value,assist_value,possession_participation,penalty_value","offensive value covers finishing and possession security only; shot creation, assists and off-ball work are not measured","roster_position: measurable opportunities cannot separate offensive from defensive field roles (the feed attributes one defensive act, caused turnovers, 741 league-wide)"
001823,Tanner Cook,CHA,1,M,midfield,midfield,offensive_field,offensive_field,5,2.0,2.0,0.0,2.0,1.0,7.0,6.0,7.0,0.0,0.2857142857142857,0.8571428571428571,0.2857142857142857,,0.2857142857142857,5.0,72.0,0.06944444444444445,0.0,3.0,1.0,0.0,0.0,0.0,,0.0,0.0,0.0,0.0,0,0,0,,,12.0,2.4,0.05286343612334802,0.018957345971563982,0.04895104895104895,0.057738572574178026,0.0,0.0,18.0,0.024691358024691357,-0.10374096196164695,-0.10374096196164695,0.0,-0.19321520431537312,,,-0.1651149900545681,-0.29695616627702004,-0.46207115633158813,shooting+turnover+defense,deferred: no opportunity denominator; contexts not separable; overlaps faceoff value,deferred: goal value already credited to the shooter,"partial: caused turnovers only, relative to positional per-game average",-0.02474634718975167,-0.014820137423092421,,,-0.033022998010913615,-0.09241423126631762,0.0660228100530122,-0.3629789763300322,-0.2739881519766319,1.341249547989362,-0.3445079679797611,-0.08552064468403266,,,0.2857142857142857,0.2865985869630293,0.2857142857142857,0.3012500988510041,,,,,,,0.043224496739814953,0.041126170362264985,,,,0.13860589207615703,,,shooting_pct,0.043224496739814953,52,-0.2392167369865673,3.0729473621539043,43.269230769230774,-0.11462051708059466,-0.07252139170676086,24.038461538461537,39.42307692307692,0.0,0.6426632829336799,0.35733671706632014,True,False,False,True,True,True,False,True,True,"ground_ball_value,assist_value,possession_participation,penalty_value","offensive value covers finishing and possession security only; shot creation, assists and off-ball work are not measured","roster_position: measurable opportunities cannot separate offensive from defensive field roles (the feed attributes one defensive act, caused turnovers, 741 league-wide)"
001824,Ryan Tierney,CAN,1,M,midfield,midfield,offensive_field,offensive_field,7,5.0,5.0,0.0,5.0,0.0,14.0,10.0,13.0,1.0,0.35714285714285715,0.7142857142857143,0.38461538461538464,0.0,0.35714285714285715,8.0,87.0,0.09195402298850575,0.0,6.0,1.0,0.0,0.0,0.0,,0.0,0.0,0.0,0.0,0,0,0,,,22.0,3.142857142857143,0.058981233243967826,0.04036697247706422,0.05303030303030303,0.05288753799392097,0.0,0.0,27.0,0.02231404958677686,0.7857748711817392,1.093052499214084,-0.30727762803234504,-0.7536713130749734,,,-0.23116098607639535,0.032103558106765795,-0.19905742796962955,shooting+turnover+defense,deferred: no opportunity denominator; contexts not separable; overlaps faceoff value,deferred: goal value already credited to the shooter,"partial: caused turnovers only, relative to positional per-game average",0.001459252641216627,0.05612677651298137,,,-0.03302299801091362,-0.028436775424232792,0.0660228100530122,-0.0339192519462464,-0.01788797776563178,1.9123267342348997,-0.10409174562383043,0.4356744036120307,,,0.35714285714285715,0.29248102612010657,0.38461538461538464,0.3080176686225254,0.0,0.15591382258080105,,,,,0.08286710458754755,0.07377647864742194,9.99999000001e-07,,,0.1365549624315463,,,shooting_pct,0.08286710458754755,52,-0.2392167369865673,3.0729473621539043,50.96153846153846,0.001765626995515876,0.013068661543486093,27.88461538461538,50.96153846153846,0.0,0.8694453575307127,0.1305546424692873,True,False,False,True,True,True,False,True,True,"ground_ball_value,assist_value,possession_participation,penalty_value","offensive value covers finishing and possession security only; shot creation, assists and off-ball work are not measured","roster_position: measurable opportunities cannot separate offensive from defensive field roles (the feed attributes one defensive act, caused turnovers, 741 league-wide)"
001825,Peter Dearth,ATL,1,SSDM,short_stick_defensive_midfield,defensive_field,defensive_field,defensive_field,10,1.0,1.0,0.0,1.0,2.0,5.0,4.0,5.0,0.0,0.2,0.8,0.2,,0.2,5.0,46.0,0.10869565217391304,4.0,10.0,2.0,0.0,0.0,0.0,,0.0,0.0,0.0,0.0,0,0,0,,,10.0,1.0,0.018083182640144666,0.016339869281045753,0.012594458438287154,0.018138801261829655,0.0,0.06060606060606061,25.0,0.013997760358342666,-0.5026721156868907,-0.5026721156868907,0.0,-0.6797092107435022,,,-0.6864984440657057,-1.1823813264303928,-1.8688797704960987,shooting+turnover+defense,deferred: no opportunity denominator; contexts not separable; overlaps faceoff value,deferred: goal value already credited to the shooter,"partial: caused turnovers only, relative to positional per-game average",-0.11823813264303928,-0.10053442313737815,,,-0.06864984440657057,-0.18688797704960985,0.0660228100530122,-1.248404136483405,-1.132956607738979,1.2956810987862928,-1.4423917831685127,-0.49030859656212816,,,0.2,0.2839301554512378,0.2,0.2988869533022713,,,,,,,0.03126070574951185,0.02972511602611155,,,,0.13906780700199306,,,shooting_pct,0.03126070574951185,78,-0.0537921633482268,1.3971671517707076,8.333333333333325,-1.9224205838200419,-1.299119868977388,77.56410256410255,23.717948717948723,0.0,0.6326684814596323,0.36733151854036766,True,False,False,True,True,True,False,True,True,"ground_ball_value,assist_value,possession_participation,penalty_value","defensive value is PARTIAL (caused turnovers only, on a games-played denominator); a value near zero does NOT mean an average defender","roster_position: measurable opportunities cannot separate offensive from defensive field roles (the feed attributes one defensive act, caused turnovers, 741 league-wide)"
001826,Jeff Trainor,ARC,1,M,midfield,midfield,offensive_field,offensive_field,5,3.0,2.0,1.0,4.0,0.0,8.0,5.0,6.0,2.0,0.375,0.625,0.3333333333333333,0.5,0.5,0.0,48.0,0.0,3.0,5.0,1.0,0.0,0.0,0.0,,0.0,0.0,0.0,0.0,0,0,0,,,8.0,1.6,0.032,0.013029315960912053,0.0449438202247191,0.03755868544600939,0.0,0.09375,19.0,0.024265644955300127,1.5822382051110409,0.19679346117573093,1.38544474393531,0.7566416785878747,,,0.631791643263743,2.3388798836989153,2.9706715269626582,shooting+turnover+defense,deferred: no opportunity denominator; contexts not separable; overlaps faceoff value,deferred: goal value already credited to the shooter,"partial: caused turnovers only, relative to positional per-game average",0.2923599854623644,0.1977797756388801,,,0.1263583286527486,0.5941343053925316,0.0660228100530122,2.2728570736459033,1.4401865027697491,1.5920039088187017,1.8659951213103207,1.0429450800594768,,,0.375,0.29097675452907373,0.3333333333333333,0.3030304534299634,0.5,0.1559146666652903,,,,,0.049096258976067356,0.035459332675734916,1.999996000008e-06,,,0.1388108614482917,,,shooting_pct,0.049096258976067356,52,-0.2392167369865673,3.0729473621539043,83.65384615384616,1.404401653367768,1.0445633737440059,6.730769230769229,97.11538461538463,0.0,0.7873236278297945,0.21267637217020552,True,False,False,True,True,True,False,True,True,"ground_ball_value,assist_value,possession_participation,penalty_value","offensive value covers finishing and possession security only; shot creation, assists and off-ball work are not measured","roster_position: measurable opportunities cannot separate offensive from defensive field roles (the feed attributes one defensive act, caused turnovers, 741 league-wide)"
001828,Justin Anderson,CHR,1,M,midfield,midfield,offensive_field,offensive_field,11,16.0,15.0,1.0,17.0,5.0,47.0,31.0,43.0,4.0,0.3404255319148936,0.6595744680851063,0.3488372093023256,0.25,0.3617021276595745,10.0,258.0,0.03875968992248062,1.0,13.0,2.0,0.0,0.0,0.0,,0.0,0.0,0.0,0.0,0,0,0,,,57.0,5.181818181818182,0.09947643979057591,0.09947643979057591,0.11576354679802955,0.08387516254876463,0.0,0.013513513513513514,85.0,0.046600877192982455,2.847909292963358,2.077019805092739,0.7708894878706198,1.410593578015456,,,-0.09761743368061279,4.258502870978814,4.160885437298202,shooting+turnover+defense,deferred: no opportunity denominator; contexts not separable; overlaps faceoff value,deferred: goal value already credited to the shooter,"partial: caused turnovers only, relative to positional per-game average",0.07471057668383885,0.060593814743901235,,,-0.008874312152782981,0.3782623124816547,0.0660228100530122,4.192480060925802,1.2034673001875495,3.497489522985167,1.1896777416925084,0.8540418939966573,,,0.3404255319148936,0.2991567287484753,0.3488372093023256,0.3117006985163605,0.25,0.1559143548372043,,,,,0.23273639957037956,0.20852739103639711,3.9999840000639995e-06,,,0.12581920274533331,,,shooting_pct,0.23273639957037956,52,-0.2392167369865673,3.0729473621539043,97.11538461538461,1.9310829354150179,1.4318833535764275,72.11538461538463,87.5,0.0,0.977590739728607,0.02240926027139298,True,False,False,True,True,True,True,True,True,"ground_ball_value,assist_value,possession_participation,penalty_value","offensive value covers finishing and possession security only; shot creation, assists and off-ball work are not measured","roster_position: measurable opportunities cannot separate offensive from defensive field roles (the feed attributes one defensive act, caused turnovers, 741 league-wide)"
001831,Colin Squires,WHP,1,LSM,long_stick_midfield,defensive_field,defensive_field,defensive_field,11,0.0,0.0,0.0,0.0,0.0,0.0,0.0,0.0,0.0,,,,,,3.0,32.0,0.09375,6.0,23.0,0.0,12.0,2.0,10.0,0.16666666666666666,0.0,0.0,0.0,0.0,0,0,0,,,3.0,0.2727272727272727,0.004777070063694267,0.004777070063694267,0.0,0.01171303074670571,0.045112781954887216,0.08450704225352113,42.0,0.021875,0.0,0.0,0.0,-0.3457981036114012,-1.4367186567867636,,-0.3301314173691769,-0.3457981036114012,-2.1126481777673414,shooting+turnover+defense+faceoff,deferred: no opportunity denominator; contexts not separable; overlaps faceoff value,deferred: goal value already credited to the shooter,"partial: caused turnovers only, relative to positional per-game average",-0.11526603453713373,,-0.1197265547322303,,-0.030011947033561536,-0.1920589252515765,0.0660228100530122,-0.41182091366441337,-1.2225474630475461,1.0086802475217977,-2.0944676798795814,,-2.2920948220646,,,,,,,,0.16666666666666666,0.3600630740037594,,,,,,0.41542279227603146,,,0.34116542973788455,,shooting_pct,,78,-0.0537921633482268,1.3971671517707076,7.051282051282048,-2.1720997418015653,-1.4735932002193235,16.666666666666668,25.0,0.6800558047980786,0.16367992893963187,0.15626426626228967,True,False,False,False,True,True,False,True,True,"ground_ball_value,assist_value,possession_participation,penalty_value","defensive value is PARTIAL (caused turnovers only, on a games-played denominator); a value near zero does NOT mean an average defender","roster_position: measurable opportunities cannot separate offensive from defensive field roles (the feed attributes one defensive act, caused turnovers, 741 league-wide)"
001832,Charlie Bertrand,RED,1,M,midfield,midfield,offensive_field,offensive_field,11,20.0,20.0,0.0,20.0,1.0,50.0,36.0,48.0,2.0,0.4,0.72,0.4166666666666667,0.0,0.4,16.0,180.0,0.08888888888888889,2.0,4.0,1.0,0.0,0.0,0.0,,0.0,0.0,0.0,0.0,0,0,0,,,66.0,6.0,0.11478260869565217,0.11478260869565217,0.12135922330097088,0.06838905775075987,0.0,0.025974025974025976,69.0,0.03896103896103896,4.959792433341157,5.5743476894058475,-0.6145552560646901,-1.4127624163264627,,,0.16801811075882425,3.547030017014694,3.7150481277735183,shooting+turnover+defense,deferred: no opportunity denominator; contexts not separable; overlaps faceoff value,deferred: goal value already credited to the shooter,"partial: caused turnovers only, relative to positional per-game average",0.053742879045677185,0.09919584866682314,,,0.01527437370534766,0.33773164797941074,0.0660228100530122,3.481007206961682,1.0116682103519512,3.454851723858924,1.0753133346122206,1.486639955710604,,,0.4,0.31429506686521347,0.4166666666666667,0.32799505184227673,0.0,0.1559136666672903,,,,,0.24396764939412902,0.22726420263919692,1.999996000008e-06,,,0.1266399619053118,,,shooting_pct,0.24396764939412902,52,-0.2392167369865673,3.0729473621539043,93.26923076923077,1.7337955707439408,1.2867987631224649,79.8076923076923,75.96153846153845,0.0,0.9743114079186314,0.02568859208136859,True,False,False,True,True,True,True,True,True,"ground_ball_value,assist_value,possession_participation,penalty_value","offensive value covers finishing and possession security only; shot creation, assists and off-ball work are not measured","roster_position: measurable opportunities cannot separate offensive from defensive field roles (the feed attributes one defensive act, caused turnovers, 741 league-wide)"
001833,Stephen Rehfuss,CAN,1,M,midfield,midfield,offensive_field,offensive_field,10,6.0,6.0,0.0,6.0,8.0,29.0,17.0,29.0,0.0,0.20689655172413793,0.5862068965517241,0.20689655172413793,,0.20689655172413793,16.0,277.0,0.05776173285198556,0.0,9.0,0.0,0.0,0.0,0.0,,0.0,0.0,0.0,0.0,0,0,0,,,45.0,4.5,0.08256880733944955,0.08256880733944955,0.0737913486005089,0.11338518215309046,0.0,0.0,81.0,0.045429052159282106,-2.715498270983966,-2.715498270983966,0.0,0.11628430915320026,,,-0.3302299801091362,-2.599213961830766,-2.929443941939902,shooting+turnover+defense,deferred: no opportunity denominator; contexts not separable; overlaps faceoff value,deferred: goal value already credited to the shooter,"partial: caused turnovers only, relative to positional per-game average",-0.05776031026290591,-0.09363787141324022,,,-0.033022998010913615,-0.2929443941939902,0.0660228100530122,-2.665236771883778,-0.9941559984591345,2.6972146678494924,-1.0860996630555801,-1.0998165406874174,,,0.20689655172413793,0.27406676310277933,0.20689655172413793,0.287579995421113,,,,,,,0.15765564504548937,0.15087827644092158,,,,0.12835701002040878,,,shooting_pct,0.15765564504548937,52,-0.2392167369865673,3.0729473621539043,12.5,-1.206457077490414,-0.8754550234364211,50.96153846153846,25.961538461538463,0.0,0.8955633559901441,0.10443664400985592,True,False,False,True,True,True,False,True,True,"ground_ball_value,assist_value,possession_participation,penalty_value","offensive value covers finishing and possession security only; shot creation, assists and off-ball work are not measured","roster_position: measurable opportunities cannot separate offensive from defensive field roles (the feed attributes one defensive act, caused turnovers, 741 league-wide)"
001835,Ethan Walker,WAT,1,A,attack,attack,offensive_field,offensive_field,12,15.0,15.0,0.0,15.0,6.0,38.0,22.0,38.0,0.0,0.39473684210526316,0.5789473684210527,0.39473684210526316,,0.39473684210526316,14.0,314.0,0.044585987261146494,1.0,17.0,1.0,0.0,0.0,0.0,,0.0,0.0,0.0,0.0,0,0,0,,,52.0,4.333333333333333,0.07807807807807808,0.0718232044198895,0.07539682539682539,0.10768175582990398,0.0,0.010416666666666666,100.0,0.04633920296570899,3.5796919207796307,3.5796919207796307,0.0,1.230800025276895,,,-0.13064043169152645,4.810491946056525,4.679851514364999,shooting+turnover+defense,deferred: no opportunity denominator; contexts not separable; overlaps faceoff value,deferred: goal value already credited to the shooter,"partial: caused turnovers only, relative to positional per-game average",0.09250946050108702,0.09420241896788502,,,-0.010886702640960538,0.3899876261970832,0.0660228100530122,4.744469136003513,1.5620923147738806,3.054532547808996,1.5321007195427783,1.2665535850539063,,,0.39473684210526316,0.307928185680013,0.39473684210526316,0.3194464347505954,,,,,,,0.19694710699944917,0.18885936303763393,,,,0.12975499517051503,,,shooting_pct,0.19694710699944917,40,0.17445256360862804,3.749635821874049,83.75,2.328517757656503,1.2015564083513037,21.250000000000004,83.75,0.0,0.9735606290817356,0.026439370918264395,True,False,False,True,True,True,False,True,True,"ground_ball_value,assist_value,possession_participation,penalty_value","offensive value covers finishing and possession security only; shot creation, assists and off-ball work are not measured","roster_position: measurable opportunities cannot separate offensive from defensive field roles (the feed attributes one defensive act, caused turnovers, 741 league-wide)"
001836,Jackson Morrill,CHR,1,M,midfield,midfield,offensive_field,offensive_field,11,5.0,5.0,0.0,5.0,3.0,14.0,10.0,14.0,0.0,0.35714285714285715,0.7142857142857143,0.35714285714285715,,0.35714285714285715,11.0,145.0,0.07586206896551724,0.0,3.0,2.0,0.0,0.0,0.0,,0.0,0.0,0.0,0.0,0,0,0,,,25.0,2.272727272727273,0.04363001745200698,0.04363001745200698,0.034482758620689655,0.047139141742522754,0.0,0.0,38.0,0.020833333333333332,0.7925180760767061,0.7925180760767061,0.0,-0.6363025847662694,,,-0.36325297812004986,0.15621549131043666,-0.2070374868096132,shooting+turnover+defense,deferred: no opportunity denominator; contexts not separable; overlaps faceoff value,deferred: goal value already credited to the shooter,"partial: caused turnovers only, relative to positional per-game average",0.006248619652417467,0.056608434005479005,,,-0.03302299801091362,-0.018821589709964837,0.0660228100530122,0.09019268125742447,0.04811307162802785,1.900160942962546,-0.10895786884600445,0.4619711704616683,,,0.35714285714285715,0.29248102612010657,0.35714285714285715,0.30627949763656176,,,,,,,0.08286710458754755,0.07900324001644284,,,,0.1365549624315463,,,shooting_pct,0.08286710458754755,52,-0.2392167369865673,3.0729473621539043,49.03846153846153,-0.0017656269951807954,0.010471786979910675,16.34615384615385,54.8076923076923,0.0,0.7973001944662026,0.20269980553379738,True,False,False,True,True,True,False,True,True,"ground_ball_value,assist_value,possession_participation,penalty_value","offensive value covers finishing and possession security only; shot creation, assists and off-ball work are not measured","roster_position: measurable opportunities cannot separate offensive from defensive field roles (the feed attributes one defensive act, caused turnovers, 741 league-wide)"
001838,Ryan Smith,CHA,1,M,midfield,midfield,offensive_field,offensive_field,11,8.0,8.0,0.0,8.0,7.0,18.0,13.0,18.0,0.0,0.4444444444444444,0.7222222222222222,0.4444444444444444,,0.4444444444444444,7.0,173.0,0.04046242774566474,0.0,2.0,0.0,0.0,0.0,0.0,,0.0,0.0,0.0,0.0,0,0,0,,,25.0,2.272727272727273,0.04752851711026616,0.03949447077409163,0.05027932960893855,0.06400295967443581,0.0,0.0,44.0,0.025374855824682813,2.590380383527193,2.590380383527193,0.0,0.8676139055010723,,,-0.36325297812004986,3.457994289028265,3.094741310908215,shooting+turnover+defense,deferred: no opportunity denominator; contexts not separable; overlaps faceoff value,deferred: goal value already credited to the shooter,"partial: caused turnovers only, relative to positional per-game average",0.1383197715611306,0.14391002130706626,,,-0.03302299801091362,0.2813401191734741,0.0660228100530122,3.391971478975253,1.6051987973482684,2.1358260003344958,1.4489669619264594,1.331671193780977,,,0.4444444444444444,0.3030628511090234,0.4444444444444444,0.3160742239884368,,,,,,,0.10407920800816074,0.0993334054853662,,,,0.13637645717244595,,,shooting_pct,0.10407920800816074,52,-0.2392167369865673,3.0729473621539043,87.5,1.4593037447517858,1.084938222162689,22.11538461538462,93.26923076923077,0.0,0.9049386358106224,0.0950613641893776,True,False,False,True,True,True,False,True,True,"ground_ball_value,assist_value,possession_participation,penalty_value","offensive value covers finishing and possession security only; shot creation, assists and off-ball work are not measured","roster_position: measurable opportunities cannot separate offensive from defensive field roles (the feed attributes one defensive act, caused turnovers, 741 league-wide)"
001839,Nick Grill,CHR,1,LSM,long_stick_midfield,defensive_field,defensive_field,defensive_field,11,0.0,0.0,0.0,0.0,0.0,0.0,0.0,0.0,0.0,,,,,,2.0,34.0,0.058823529411764705,6.0,12.0,1.0,0.0,0.0,0.0,,0.0,0.0,0.0,0.0,0,0,0,,,2.0,0.18181818181818182,0.0034904013961605585,0.0034904013961605585,0.0,0.011053315994798439,0.0,0.08108108108108109,17.0,0.00932017543859649,0.0,0.0,0.0,-0.051968276065282246,,,-0.3301314173691769,-0.051968276065282246,-0.38209969343445915,shooting+turnover+defense,deferred: no opportunity denominator; contexts not separable; overlaps faceoff value,deferred: goal value already credited to the shooter,"partial: caused turnovers only, relative to positional per-game average",-0.025984138032641123,,,,-0.030011947033561536,-0.034736335766769016,0.0660228100530122,-0.1179910861182944,-0.33981462054629713,0.7947522618031263,-0.4807783655343805,,,,,,,,,,,,,,,,,,,,,,shooting_pct,,78,-0.0537921633482268,1.3971671517707076,37.82051282051282,-0.39958995166434264,-0.23498085370111227,9.61538461538462,45.51282051282051,0.0,0.13600711269399715,0.8639928873060029,True,False,False,False,False,True,False,True,True,"ground_ball_value,assist_value,possession_participation,penalty_value","defensive value is PARTIAL (caused turnovers only, on a games-played denominator); a value near zero does NOT mean an average defender","roster_position: measurable opportunities cannot separate offensive from defensive field roles (the feed attributes one defensive act, caused turnovers, 741 league-wide)"
001843,Cole Williams,CHR,1,M,midfield,midfield,offensive_field,offensive_field,5,5.0,5.0,0.0,5.0,2.0,12.0,9.0,12.0,0.0,0.4166666666666667,0.75,0.4166666666666667,,0.4166666666666667,3.0,73.0,0.0410958904109589,0.0,3.0,1.0,0.0,0.0,0.0,,0.0,0.0,0.0,0.0,0,0,0,,,15.0,3.0,0.06147540983606557,0.02617801047120419,0.07228915662650602,0.05195729537366548,0.0,0.0,26.0,0.03282828282828283,1.3935869223514619,1.3935869223514619,0.0,0.353819252867415,,,-0.1651149900545681,1.747406175218877,1.5822911851643089,shooting+turnover+defense,deferred: no opportunity denominator; contexts not separable; overlaps faceoff value,deferred: goal value already credited to the shooter,"partial: caused turnovers only, relative to positional per-game average",0.1164937450145918,0.11613224352928848,,,-0.033022998010913615,0.3164582370328618,0.0660228100530122,1.6813833651658647,1.0030120572209307,1.689365737594231,0.9366184893850141,0.8774313643424416,,,0.4166666666666667,0.2959849425762213,0.4166666666666667,0.30977568084586504,,,,,,,0.07187987205725621,0.06849005375055012,,,,0.13784299785038456,,,shooting_pct,0.07187987205725621,52,-0.2392167369865673,3.0729473621539043,75.96153846153845,0.7900297895895964,0.5927559790266425,31.73076923076923,91.34615384615384,0.0,0.9136663201157512,0.0863336798842488,True,False,False,True,True,True,False,True,True,"ground_ball_value,assist_value,possession_participation,penalty_value","offensive value covers finishing and possession security only; shot creation, assists and off-ball work are not measured","roster_position: measurable opportunities cannot separate offensive from defensive field roles (the feed attributes one defensive act, caused turnovers, 741 league-wide)"
001846,Adam Charalambides,CAN,1,A,attack,attack,offensive_field,offensive_field,3,3.0,3.0,0.0,3.0,0.0,17.0,11.0,17.0,0.0,0.17647058823529413,0.6470588235294118,0.17647058823529413,,0.17647058823529413,4.0,62.0,0.06451612903225806,0.0,4.0,0.0,0.0,0.0,0.0,,0.0,0.0,0.0,0.0,0,0,0,,,21.0,7.0,0.12209302325581395,0.03853211009174312,0.14049586776859505,0.08147174770039421,0.0,0.0,24.0,0.045368620037807186,-2.109085193335429,-2.109085193335429,0.0,-0.08521334291507679,,,-0.09906899403274087,-2.1942985362505056,-2.2933675302832466,shooting+turnover+defense,deferred: no opportunity denominator; contexts not separable; overlaps faceoff value,deferred: goal value already credited to the shooter,"partial: caused turnovers only, relative to positional per-game average",-0.10449040648811932,-0.12406383490208406,,,-0.03302299801091362,-0.7644558434277489,0.0660228100530122,-2.2603213463035177,-1.1568086393631132,1.9606511038238632,-1.1696969062014582,-1.1156793051751799,,,0.17647058823529413,0.275746374678292,0.17647058823529413,0.2900824378214072,,,,,,,0.09886870626575912,0.09433547540451316,,,,0.13297336193500087,,,shooting_pct,0.09886870626575912,40,0.17445256360862804,3.749635821874049,23.75,-0.5537132221282905,-0.6581492739896192,46.25,21.250000000000004,0.0,0.9568019548874902,0.043198045112509804,True,False,False,True,True,True,False,True,True,"ground_ball_value,assist_value,possession_participation,penalty_value","offensive value covers finishing and possession security only; shot creation, assists and off-ball work are not measured","roster_position: measurable opportunities cannot separate offensive from defensive field roles (the feed attributes one defensive act, caused turnovers, 741 league-wide)"
002001,Kevin Rogers,CHR,1,M,midfield,midfield,offensive_field,offensive_field,5,1.0,1.0,0.0,1.0,3.0,11.0,5.0,10.0,1.0,0.09090909090909091,0.45454545454545453,0.1,0.0,0.09090909090909091,2.0,74.0,0.02702702702702703,1.0,5.0,0.0,0.0,0.0,0.0,,0.0,0.0,0.0,0.0,0,0,0,,,13.0,2.6,0.04642857142857143,0.02268760907504363,0.05527638190954774,0.053237410071942444,0.0,0.025,26.0,0.029646522234891677,-2.3126218594061267,-2.0053442313737815,-0.30727762803234504,0.635218165610766,,,0.10052055438486894,-1.6774036937953607,-1.5768831394104919,shooting+turnover+defense,deferred: no opportunity denominator; contexts not separable; overlaps faceoff value,deferred: goal value already credited to the shooter,"partial: caused turnovers only, relative to positional per-game average",-0.1290310533688739,-0.21023835085510242,,,0.020104110876973787,-0.31537662788209836,0.0660228100530122,-1.743426503848373,-1.021357931126315,1.7197686386780078,-0.9169158594627284,-1.4281238678090513,,,0.09090909090909091,0.27366423105001275,0.1,0.2902589716911325,0.0,0.15591382258080105,,,,,0.06628694078772558,0.05773407983059779,9.99999000001e-07,,,0.13501326215919107,,,shooting_pct,0.06628694078772558,52,-0.2392167369865673,3.0729473621539043,27.88461538461538,-0.6079357097455041,-0.43530404031597897,18.26923076923077,12.5,0.0,0.967024716477407,0.03297528352259299,True,False,False,True,True,True,False,True,True,"ground_ball_value,assist_value,possession_participation,penalty_value","offensive value covers finishing and possession security only; shot creation, assists and off-ball work are not measured","roster_position: measurable opportunities cannot separate offensive from defensive field roles (the feed attributes one defensive act, caused turnovers, 741 league-wide)"
002007,Charlie Kitchen,WAT,1,A,attack,attack,offensive_field,offensive_field,1,1.0,1.0,0.0,1.0,0.0,3.0,2.0,3.0,0.0,0.3333333333333333,0.6666666666666666,0.3333333333333333,,0.3333333333333333,0.0,8.0,0.0,0.0,0.0,0.0,0.0,0.0,0.0,,0.0,0.0,0.0,0.0,0,0,0,,,3.0,3.0,0.05263157894736842,0.004143646408839779,0.06521739130434782,0.03375527426160337,0.0,0.0,5.0,0.024630541871921183,0.09839673058786547,0.09839673058786547,0.0,0.12610694643131246,,,-0.03302299801091362,0.22450367701917792,0.1914806790082643,shooting+turnover+defense,deferred: no opportunity denominator; contexts not separable; overlaps faceoff value,deferred: goal value already credited to the shooter,"partial: caused turnovers only, relative to positional per-game average",0.07483455900639265,0.032798910195955155,,,-0.03302299801091362,0.1914806790082643,0.0660228100530122,0.1584808669661656,0.194759341002782,0.8190989867695074,0.23376988874501747,0.12390526372171633,,,0.3333333333333333,0.28752545490778453,0.3333333333333333,0.3024834961094056,,,,,,,0.018993928898638098,0.018049681162381374,,,,0.1404688223847188,,,shooting_pct,0.018993928898638098,40,0.17445256360862804,3.749635821874049,63.74999999999999,0.4733456502556665,0.00454127179506347,3.7500000000000036,80.0,0.0,0.8717686313192413,0.12823136868075877,True,False,False,True,True,True,False,True,True,"ground_ball_value,assist_value,possession_participation,penalty_value","offensive value covers finishing and possession security only; shot creation, assists and off-ball work are not measured","roster_position: measurable opportunities cannot separate offensive from defensive field roles (the feed attributes one defensive act, caused turnovers, 741 league-wide)"
002015,Logan Wisnauskas,CHR,1,A,attack,attack,offensive_field,offensive_field,10,26.0,26.0,0.0,26.0,11.0,72.0,48.0,71.0,1.0,0.3611111111111111,0.6666666666666666,0.36619718309859156,0.0,0.3611111111111111,8.0,331.0,0.02416918429003021,0.0,10.0,0.0,0.0,0.0,0.0,,0.0,0.0,0.0,0.0,0,0,0,,,80.0,8.0,0.15414258188824662,0.13961605584642234,0.1940700808625337,0.11889367816091954,0.0,0.0,117.0,0.0715158924205379,4.354778329213804,4.6620559572461495,-0.30727762803234504,3.0925905530800564,,,-0.3302299801091362,7.44736888229386,7.117138902184724,shooting+turnover+defense,deferred: no opportunity denominator; contexts not separable; overlaps faceoff value,deferred: goal value already credited to the shooter,"partial: caused turnovers only, relative to positional per-game average",0.09309211102867325,0.06048303235019173,,,-0.033022998010913615,0.7117138902184724,0.0660228100530122,7.381346072240848,1.8036013220425744,4.103262806430716,1.7345072051028758,1.1080719893922366,,,0.3611111111111111,0.3102654973940818,0.36619718309859156,0.32140310491436613,0.0,0.15591382258080105,,,,,0.31725719824725573,0.3031494382124557,9.99999000001e-07,,,0.11996421765070409,,,shooting_pct,0.31725719824725573,40,0.17445256360862804,3.749635821874049,93.75,3.335918381505273,1.8515628366026695,81.25,86.25,0.0,0.9575408829959756,0.04245911700402444,True,False,False,True,True,True,True,True,True,"ground_ball_value,assist_value,possession_participation,penalty_value","offensive value covers finishing and possession security only; shot creation, assists and off-ball work are not measured","roster_position: measurable opportunities cannot separate offensive from defensive field roles (the feed attributes one defensive act, caused turnovers, 741 league-wide)"
002016,Chris Gray,ATL,1,A,attack,attack,offensive_field,offensive_field,11,21.0,20.0,1.0,22.0,17.0,71.0,40.0,65.0,6.0,0.29577464788732394,0.5633802816901409,0.3076923076923077,0.16666666666666666,0.30985915492957744,19.0,399.0,0.047619047619047616,1.0,8.0,3.0,0.0,0.0,0.0,,0.0,0.0,0.0,0.0,0,0,0,,,90.0,8.181818181818182,0.14705882352941177,0.14705882352941177,0.15990990990990991,0.14158977998580555,0.0,0.013888888888888888,131.0,0.06643002028397565,0.6215967278763479,0.4652624960704195,0.15633423180592976,1.2425086089124042,,,-0.09761743368061279,1.8641053367887521,1.7664879031081393,shooting+turnover+defense,deferred: no opportunity denominator; contexts not separable; overlaps faceoff value,deferred: goal value already credited to the shooter,"partial: caused turnovers only, relative to positional per-game average",0.020712281519875024,0.008754883491216168,,,-0.008874312152782981,0.1605898093734672,0.0660228100530122,1.7980825267357399,0.419679012393529,4.295669407822227,0.4112252911947651,0.1517232188899132,,,0.29577464788732394,0.28950942737406216,0.3076923076923077,0.3035615622825112,0.16666666666666666,0.15591404301036557,,,,,0.3142354797702353,0.28482797359008133,5.9999640002159985e-06,,,0.11786243028473109,,,shooting_pct,0.3142354797702353,40,0.17445256360862804,3.749635821874049,73.75,1.124341207059447,0.4245839903203773,78.75,66.25000000000001,0.0,0.9502389251172036,0.04976107488279635,True,False,False,True,True,True,True,True,True,"ground_ball_value,assist_value,possession_participation,penalty_value","offensive value covers finishing and possession security only; shot creation, assists and off-ball work are not measured","roster_position: measurable opportunities cannot separate offensive from defensive field roles (the feed attributes one defensive act, caused turnovers, 741 league-wide)"
002017,Arden Cohen,RED,1,D,defense,defensive_field,defensive_field,defensive_field,11,0.0,0.0,0.0,0.0,0.0,0.0,0.0,0.0,0.0,,,,,,4.0,38.0,0.10526315789473684,4.0,18.0,1.0,0.0,0.0,0.0,,0.0,0.0,0.0,0.0,0,0,0,,,4.0,0.36363636363636365,0.006956521739130435,0.006956521739130435,0.0,0.014437689969604863,0.0,0.05194805194805195,23.0,0.012987012987012988,0.0,0.0,0.0,-0.5268507987307927,,,-0.8614025062480509,-0.5268507987307927,-1.3882533049788437,shooting+turnover+defense,deferred: no opportunity denominator; contexts not separable; overlaps faceoff value,deferred: goal value already credited to the shooter,"partial: caused turnovers only, relative to positional per-game average",-0.13171269968269816,,,,-0.07830931874982282,-0.1262048459071676,0.0660228100530122,-0.5928736087838049,-1.6151119870314372,0.803626186437159,-1.727486396546637,,,,,,,,,,,,,,,,,,,,,,shooting_pct,,78,-0.0537921633482268,1.3971671517707076,13.461538461538458,-1.4301401748970908,-0.9551191780735613,28.84615384615385,22.435897435897438,0.0,0.37950624489154133,0.6204937551084586,True,False,False,False,True,True,False,True,True,"ground_ball_value,assist_value,possession_participation,penalty_value","defensive value is PARTIAL (caused turnovers only, on a games-played denominator); a value near zero does NOT mean an average defender","roster_position: measurable opportunities cannot separate offensive from defensive field roles (the feed attributes one defensive act, caused turnovers, 741 league-wide)"
002018,Matt Moore,ARC,1,M,midfield,midfield,offensive_field,offensive_field,12,18.0,18.0,0.0,18.0,6.0,56.0,38.0,51.0,5.0,0.32142857142857145,0.6785714285714286,0.35294117647058826,0.0,0.32142857142857145,15.0,213.0,0.07042253521126761,0.0,4.0,1.0,0.0,0.0,0.0,,0.0,0.0,0.0,0.0,0,0,0,,,71.0,5.916666666666667,0.11563517915309446,0.11563517915309446,0.12095032397408208,0.06519742883379247,0.0,0.0,83.0,0.04108910891089109,1.1363562798319897,2.6727444199937143,-1.5363881401617252,-0.6269357178578616,,,-0.3962759761309635,0.5094205619741281,0.11314458584316461,shooting+turnover+defense,deferred: no opportunity denominator; contexts not separable; overlaps faceoff value,deferred: goal value already credited to the shooter,"partial: caused turnovers only, relative to positional per-game average",0.007174937492593353,0.020292076425571244,,,-0.03302299801091362,0.009428715486930384,0.0660228100530122,0.4433977519211157,0.11782939129810047,3.777009585457449,0.029956128858873738,0.3113413985783179,,,0.32142857142857145,0.2958743097068145,0.35294117647058826,0.31406473065382257,0.0,0.155913198928629,,,,,0.2654717840647746,0.2380864326001416,4.9999750001249995e-06,,,0.12273369077593088,,,shooting_pct,0.2654717840647746,52,-0.2392167369865673,3.0729473621539043,58.65384615384615,0.13991806788431332,0.11466559016577271,81.73076923076923,56.730769230769226,0.0,0.8165021981550077,0.18349780184499237,True,False,False,True,True,True,True,True,True,"ground_ball_value,assist_value,possession_participation,penalty_value","offensive value covers finishing and possession security only; shot creation, assists and off-ball work are not measured","roster_position: measurable opportunities cannot separate offensive from defensive field roles (the feed attributes one defensive act, caused turnovers, 741 league-wide)"
002019,Koby Smith,ATL,1,LSM,long_stick_midfield,defensive_field,defensive_field,defensive_field,11,3.0,1.0,2.0,5.0,0.0,5.0,4.0,2.0,3.0,0.6,0.8,0.5,0.6666666666666666,1.0,5.0,30.0,0.16666666666666666,3.0,12.0,1.0,0.0,0.0,0.0,,0.0,0.0,0.0,0.0,0,0,0,,,10.0,0.9090909090909091,0.016339869281045753,0.016339869281045753,0.01126126126126126,0.0106458481192335,0.0,0.041666666666666664,27.0,0.013691683569979716,3.4770982696282084,0.3989311537252437,3.078167115902965,-0.9052634755969572,,,-1.127038050687488,2.5718347940312514,1.4447967433437634,shooting+turnover+defense,deferred: no opportunity denominator; contexts not separable; overlaps faceoff value,deferred: goal value already credited to the shooter,"partial: caused turnovers only, relative to positional per-game average",0.25718347940312514,0.6954196539256416,,,-0.10245800460795346,0.13134515848579667,0.0660228100530122,2.5058119839782393,1.7344631064805238,1.6119185404898966,0.8963211893478554,2.470545811858019,,,0.6,0.29643443775104256,0.5,0.3043144222073915,0.6666666666666666,0.1559155107480914,,,,,0.03126070574951185,0.012105956996236773,2.999991000027e-06,,,0.14086038613459095,,,shooting_pct,0.03126070574951185,78,-0.0537921633482268,1.3971671517707076,90.38461538461537,1.471603978510063,1.0725909958538211,65.38461538461537,87.82051282051282,0.0,0.7954336057579954,0.20456639424200468,True,False,False,True,True,True,True,True,True,"ground_ball_value,assist_value,possession_participation,penalty_value","defensive value is PARTIAL (caused turnovers only, on a games-played denominator); a value near zero does NOT mean an average defender","roster_position: measurable opportunities cannot separate offensive from defensive field roles (the feed attributes one defensive act, caused turnovers, 741 league-wide)"
002020,Brett Kennedy,CHA,1,D,defense,defensive_field,defensive_field,defensive_field,5,0.0,0.0,0.0,0.0,0.0,0.0,0.0,0.0,0.0,,,,,,1.0,21.0,0.047619047619047616,1.0,8.0,1.0,0.0,0.0,0.0,,0.0,0.0,0.0,0.0,0,0,0,,,1.0,0.2,0.004366812227074236,0.001579778830963665,0.0,0.016679904686258934,0.0,0.05,10.0,0.01310615989515072,0.0,0.0,0.0,0.030404428180722615,,,-0.6088847664722898,0.030404428180722615,-0.5784803382915672,shooting+turnover+defense,deferred: no opportunity denominator; contexts not separable; overlaps faceoff value,deferred: goal value already credited to the shooter,"partial: caused turnovers only, relative to positional per-game average",0.030404428180722615,,,,-0.12177695329445797,-0.11569606765831345,0.0660228100530122,-0.03561838187228959,-0.13052594871944095,0.5538674036407095,-1.0444383159020927,,,,,,,,,,,,,,,,,,,,,,shooting_pct,,78,-0.0537921633482268,1.3971671517707076,27.564102564102562,-0.6007323170785487,-0.37553715335947735,14.743589743589741,62.17948717948718,0.0,0.04755974046648051,0.9524402595335194,True,False,False,False,True,True,False,True,True,"ground_ball_value,assist_value,possession_participation,penalty_value","defensive value is PARTIAL (caused turnovers only, on a games-played denominator); a value near zero does NOT mean an average defender","roster_position: measurable opportunities cannot separate offensive from defensive field roles (the feed attributes one defensive act, caused turnovers, 741 league-wide)"
002022,Zach Geddes,CHA,1,SSDM,short_stick_defensive_midfield,defensive_field,defensive_field,defensive_field,6,0.0,0.0,0.0,0.0,0.0,2.0,2.0,1.0,1.0,0.0,1.0,0.0,0.0,0.0,2.0,39.0,0.05128205128205128,1.0,8.0,0.0,0.0,0.0,0.0,,0.0,0.0,0.0,0.0,0,0,0,,,4.0,0.6666666666666666,0.015037593984962405,0.00631911532385466,0.011627906976744186,0.026915113871635612,0.0,0.03333333333333333,13.0,0.014508928571428572,-0.6078120511697231,-0.30053442313737816,-0.30727762803234504,0.01851743170142241,,,-0.7837888286546352,-0.5892946194683008,-1.373083448122936,shooting+turnover+defense,deferred: no opportunity denominator; contexts not separable; overlaps faceoff value,deferred: goal value already credited to the shooter,"partial: caused turnovers only, relative to positional per-game average",-0.1473236548670752,-0.30390602558486157,,,-0.1306314714424392,-0.22884724135382264,0.0660228100530122,-0.6553174295213129,-0.7031229532567703,1.0711706400518561,-1.2818531397168091,-0.7112201100377881,,,0.0,0.2829858160983368,0.0,0.3000778082302534,0.0,0.15591382258080105,,,,,0.012743301050454155,0.006089840169722695,9.99999000001e-07,,,0.14023533527506515,,,shooting_pct,0.012743301050454155,78,-0.0537921633482268,1.3971671517707076,14.743589743589741,-1.414602488414737,-0.9442615961180435,62.17948717948718,21.15384615384615,0.0,0.4441680373566971,0.5558319626433029,True,False,False,True,True,True,False,True,True,"ground_ball_value,assist_value,possession_participation,penalty_value","defensive value is PARTIAL (caused turnovers only, on a games-played denominator); a value near zero does NOT mean an average defender","roster_position: measurable opportunities cannot separate offensive from defensive field roles (the feed attributes one defensive act, caused turnovers, 741 league-wide)"
002023,Brendan Nichtern,CHR,1,A,attack,attack,offensive_field,offensive_field,11,16.0,16.0,0.0,16.0,24.0,60.0,39.0,58.0,2.0,0.26666666666666666,0.65,0.27586206896551724,0.0,0.26666666666666666,35.0,522.0,0.06704980842911877,3.0,12.0,0.0,0.0,0.0,0.0,,0.0,0.0,0.0,0.0,0,0,0,,,95.0,8.636363636363637,0.16579406631762653,0.16579406631762653,0.1477832512315271,0.16970091027308193,0.0,0.04054054054054054,135.0,0.07401315789473684,-2.0455517980326228,-1.4309965419679322,-0.6145552560646901,-1.0687658007371594,,,0.43365365519826127,-3.114317598769782,-2.6806639435715205,shooting+turnover+defense,deferred: no opportunity denominator; contexts not separable; overlaps faceoff value,deferred: goal value already credited to the shooter,"partial: caused turnovers only, relative to positional per-game average",-0.032782290513366126,-0.03409252996721038,,,0.039423059563478295,-0.2436967221428655,0.0660228100530122,-3.180340408822794,-0.8133697678627939,3.9223990302686755,-0.6834245885962044,-0.5623245071907369,,,0.26666666666666666,0.28106357115660396,0.27586206896551724,0.2950850617734516,0.0,0.1559136666672903,,,,,0.27914090898976035,0.26219675795343184,1.999996000008e-06,,,0.1197449907194823,,,shooting_pct,0.27914090898976035,40,0.17445256360862804,3.749635821874049,16.250000000000004,-0.7137939127808681,-0.7614383483655689,88.75,41.25,0.0,0.877774191458495,0.12222580854150493,True,False,False,True,True,True,True,True,True,"ground_ball_value,assist_value,possession_participation,penalty_value","offensive value covers finishing and possession security only; shot creation, assists and off-ball work are not measured","roster_position: measurable opportunities cannot separate offensive from defensive field roles (the feed attributes one defensive act, caused turnovers, 741 league-wide)"
002024,Asher Nolting,CAN,1,A,attack,attack,offensive_field,offensive_field,10,14.0,14.0,0.0,14.0,9.0,49.0,38.0,49.0,0.0,0.2857142857142857,0.7755102040816326,0.2857142857142857,,0.2857142857142857,31.0,282.0,0.1099290780141844,2.0,13.0,1.0,0.0,0.0,0.0,,0.0,0.0,0.0,0.0,0,0,0,,,80.0,8.0,0.14678899082568808,0.14678899082568808,0.12468193384223919,0.11543184609087188,0.0,0.03125,108.0,0.06057206954570948,-0.7261867337315291,-0.7261867337315291,0.0,-3.7894320159187846,,,0.20104110876973788,-4.515618749650313,-4.314577640880575,shooting+turnover+defense,deferred: no opportunity denominator; contexts not separable; overlaps faceoff value,deferred: goal value already credited to the shooter,"partial: caused turnovers only, relative to positional per-game average",-0.05644523437062891,-0.01482013742309243,,,0.020104110876973787,-0.4314577640880575,0.0660228100530122,-4.581641559703326,-1.3562984380341851,3.391007338993282,-1.2723586856528248,-0.22626635779586854,,,0.2857142857142857,0.2864164760259943,0.2857142857142857,0.2981752647666702,,,,,,,0.24026061274491384,0.2309056114510274,,,,0.12361243274062872,,,shooting_pct,0.24026061274491384,40,0.17445256360862804,3.749635821874049,6.25,-1.3891372006549443,-1.1971909854023126,76.25,26.249999999999996,0.0,0.9573763818455459,0.04262361815445412,True,False,False,True,True,True,False,True,True,"ground_ball_value,assist_value,possession_participation,penalty_value","offensive value covers finishing and possession security only; shot creation, assists and off-ball work are not measured","roster_position: measurable opportunities cannot separate offensive from defensive field roles (the feed attributes one defensive act, caused turnovers, 741 league-wide)"
002025,Bubba Fairman,CAN,1,SSDM,short_stick_defensive_midfield,defensive_field,defensive_field,defensive_field,9,4.0,4.0,0.0,4.0,1.0,12.0,9.0,11.0,1.0,0.3333333333333333,0.75,0.36363636363636365,0.0,0.3333333333333333,3.0,90.0,0.03333333333333333,1.0,17.0,1.0,0.0,0.0,0.0,,0.0,0.0,0.0,0.0,0,0,0,,,15.0,1.6666666666666667,0.03067484662576687,0.027522935779816515,0.03389830508474576,0.0407055630936228,0.0,0.01694915254237288,43.0,0.02679127725856698,0.38684371745649493,0.6941213454888402,-0.30727762803234504,0.4718361064823731,,,-1.3085010152016712,0.858679823938868,-0.4498211912628032,shooting+turnover+defense,deferred: no opportunity denominator; contexts not separable; overlaps faceoff value,deferred: goal value already credited to the shooter,"partial: caused turnovers only, relative to positional per-game average",0.057245321595924534,0.03223697645470791,,,-0.14538900168907457,-0.04998013236253369,0.0660228100530122,0.7926570138858557,0.44649672281268626,1.8893830156895302,-0.23807835019552187,0.22985386599394608,,,0.3333333333333333,0.28999495323811664,0.36363636363636365,0.30581360890930653,0.0,0.15591382258080105,,,,,0.07187987205725621,0.0631429378720731,9.99999000001e-07,,,0.137016172404401,,,shooting_pct,0.07187987205725621,78,-0.0537921633482268,1.3971671517707076,33.97435897435898,-0.46895351991465384,-0.2834514305698261,94.23076923076923,66.02564102564102,0.0,0.39621973784126074,0.6037802621587391,True,False,False,True,True,True,True,True,True,"ground_ball_value,assist_value,possession_participation,penalty_value","defensive value is PARTIAL (caused turnovers only, on a games-played denominator); a value near zero does NOT mean an average defender","roster_position: measurable opportunities cannot separate offensive from defensive field roles (the feed attributes one defensive act, caused turnovers, 741 league-wide)"
002026,Brett Dobson,ARC,1,G,goalie,goalie,goalie,goalie,1,0.0,0.0,0.0,0.0,0.0,0.0,0.0,0.0,0.0,,,,,,0.0,12.0,0.0,0.0,4.0,0.0,0.0,0.0,0.0,,14.0,13.0,0.0,13.0,31,31,0,0.5185185185185185,0.41935483870967744,0.0,0.0,0.0,0.0,0.0,0.046511627906976744,0.0,0.0,51.0,0.31097560975609756,0.0,0.0,0.0,0.09021584528131825,,1.470703125,-0.09468197623583895,0.09021584528131825,1.4662369940454794,shooting+turnover+defense+goalie,deferred: no opportunity denominator; contexts not separable; overlaps faceoff value,deferred: goal value already credited to the shooter,"partial: caused turnovers only, relative to positional per-game average",,,,0.04744203629032258,-0.09468197623583895,1.4662369940454794,,,,2.7864424126688836,0.5262039464297065,,,0.5294608533622562,,,,,,,,,0.5185185185185185,0.5201386669446505,,,,,0.06149220260791519,,,0.09330822440097108,save_pct,0.06149220260791519,14,-0.7194840200231043,6.869390003298461,67.85714285714286,0.33913086974796003,0.3181826935170474,7.14285714285714,50.0,0.0,0.054491298444291715,0.05718888747618734,True,False,False,True,True,True,False,True,True,"ground_ball_value,assist_value,possession_participation,penalty_value",goalie metrics are standardized only against other goalies; a goalie total is not comparable with a field player total,measured_opportunity: faced 31 shots on goal as goalie of record
002027,Brendan Curry,ATL,1,M,midfield,midfield,offensive_field,offensive_field,3,1.0,1.0,0.0,1.0,0.0,12.0,7.0,12.0,0.0,0.08333333333333333,0.5833333333333334,0.08333333333333333,,0.08333333333333333,2.0,35.0,0.05714285714285714,0.0,1.0,0.0,0.0,0.0,0.0,,0.0,0.0,0.0,0.0,0,0,0,,,14.0,4.666666666666667,0.08383233532934131,0.02287581699346405,0.0975609756097561,0.044585987261146494,0.0,0.0,14.0,0.027450980392156862,-2.606413077648538,-2.606413077648538,0.0,0.020446801758117823,,,-0.09906899403274087,-2.5859662758904203,-2.685035269923161,shooting+turnover+defense,deferred: no opportunity denominator; contexts not separable; overlaps faceoff value,deferred: goal value already credited to the shooter,"partial: caused turnovers only, relative to positional per-game average",-0.18471187684931573,-0.21720108980404484,,,-0.03302299801091362,-0.8950117566410537,0.0660228100530122,-2.6519890859434323,-1.6259102498757398,1.6391269016996997,-1.6380887087747156,-1.6410519832535941,,,0.08333333333333333,0.2720249852238026,0.08333333333333333,0.286945662929015,,,,,,,0.07187987205725621,0.06849005375055012,,,,0.13435845886124298,,,shooting_pct,0.07187987205725621,52,-0.2392167369865673,3.0729473621539043,16.34615384615385,-1.0983038525924183,-0.7959194365185155,54.807692307692314,6.730769230769229,0.0,0.9636567942039727,0.0363432057960273,True,False,False,True,True,True,False,True,True,"ground_ball_value,assist_value,possession_participation,penalty_value","offensive value covers finishing and possession security only; shot creation, assists and off-ball work are not measured","roster_position: measurable opportunities cannot separate offensive from defensive field roles (the feed attributes one defensive act, caused turnovers, 741 league-wide)"
002028,Jack Hannah,WAT,1,M,midfield,midfield,offensive_field,offensive_field,13,12.0,12.0,0.0,12.0,5.0,77.0,47.0,74.0,3.0,0.15584415584415584,0.6103896103896104,0.16216216216216217,0.0,0.15584415584415584,9.0,189.0,0.047619047619047616,1.0,6.0,2.0,0.0,0.0,0.0,,0.0,0.0,0.0,0.0,0,0,0,,,86.0,6.615384615384615,0.11878453038674033,0.11878453038674033,0.14128440366972478,0.05969677826910929,0.0,0.009708737864077669,104.0,0.04395604395604396,-11.161380196263021,-10.239547312165985,-0.9218328840970351,0.5885567094848231,,,-0.16366342970244002,-10.572823486778198,-10.736486916480638,shooting+turnover+defense,deferred: no opportunity denominator; contexts not separable; overlaps faceoff value,deferred: goal value already credited to the shooter,"partial: caused turnovers only, relative to positional per-game average",-0.122939807985793,-0.14495298956185743,,,-0.012589494592495386,-0.8258836089600491,0.0660228100530122,-10.638846296831208,-2.5173638213250595,4.239655685598549,-2.5323959568110244,-2.6978274120335826,,,0.15584415584415584,0.24321807787722577,0.16216216216216217,0.2583183260239881,0.0,0.15591351075409138,,,,,0.3319749588659499,0.3119625995400025,2.999991000027e-06,,,0.11002798657864332,,,shooting_pct,0.3319749588659499,52,-0.2392167369865673,3.0729473621539043,0.9615384615384581,-4.661149857605788,-3.4160266813474727,83.65384615384616,14.423076923076922,0.0,0.9862624710335933,0.013737528966406629,True,False,False,True,True,True,True,True,True,"ground_ball_value,assist_value,possession_participation,penalty_value","offensive value covers finishing and possession security only; shot creation, assists and off-ball work are not measured","roster_position: measurable opportunities cannot separate offensive from defensive field roles (the feed attributes one defensive act, caused turnovers, 741 league-wide)"
002029,Wheaton Jackoboice,WHP,1,M,midfield,midfield,offensive_field,offensive_field,7,1.0,1.0,0.0,1.0,0.0,11.0,2.0,10.0,1.0,0.09090909090909091,0.18181818181818182,0.1,0.0,0.09090909090909091,3.0,64.0,0.046875,0.0,2.0,0.0,0.0,0.0,0.0,,0.0,0.0,0.0,0.0,0,0,0,,,14.0,2.0,0.035623409669211195,0.022292993630573247,0.03754266211604096,0.03705848291835553,0.0,0.0,26.0,0.020984665052461663,-2.3126218594061267,-2.0053442313737815,-0.30727762803234504,0.21194893813218843,,,-0.23116098607639535,-2.1006729212739383,-2.3318339073503336,shooting+turnover+defense,deferred: no opportunity denominator; contexts not separable; overlaps faceoff value,deferred: goal value already credited to the shooter,"partial: caused turnovers only, relative to positional per-game average",-0.15004806580528132,-0.21023835085510242,,,-0.03302299801091362,-0.3331191296214762,0.0660228100530122,-2.1666957313269504,-1.2779906846622806,1.7134059832037658,-1.3609348456868449,-1.4281238678090513,,,0.09090909090909091,0.27366423105001275,0.1,0.2902589716911325,0.0,0.15591382258080105,,,,,0.06628694078772558,0.05773407983059779,9.99999000001e-07,,,0.13501326215919107,,,shooting_pct,0.06628694078772558,52,-0.2392167369865673,3.0729473621539043,18.26923076923077,-0.9420087993710621,-0.6809804802178582,10.576923076923078,8.653846153846152,0.0,0.9161162971480555,0.08388370285194449,True,False,False,True,True,True,False,True,True,"ground_ball_value,assist_value,possession_participation,penalty_value","offensive value covers finishing and possession security only; shot creation, assists and off-ball work are not measured","roster_position: measurable opportunities cannot separate offensive from defensive field roles (the feed attributes one defensive act, caused turnovers, 741 league-wide)"
002030,Jonathan Donville,CAN,2,M,midfield,midfield,offensive_field,offensive_field,7,8.0,8.0,0.0,8.0,2.0,24.0,18.0,24.0,0.0,0.3333333333333333,0.75,0.3333333333333333,,0.3333333333333333,6.0,133.0,0.045112781954887216,1.0,5.0,0.0,0.0,0.0,0.0,,0.0,0.0,0.0,0.0,0,0,0,,,30.0,4.285714285714286,0.08310249307479224,0.05479078800527559,0.09090909090909091,0.07737056428155904,0.0,0.022222222222222223,49.0,0.04003267973856209,0.7871738447029237,0.7871738447029237,0.0,0.5027147177839472,,,0.03447455836304169,1.2898885624868708,1.3243631208499125,shooting+turnover+defense,deferred: no opportunity denominator; contexts not separable; overlaps faceoff value,deferred: goal value already credited to the shooter,"partial: caused turnovers only, relative to positional per-game average",0.042996285416229026,0.032798910195955155,,,0.004924936909005956,0.1891947315499875,0.0660228100530122,1.2238657524338585,0.5186156951564742,2.3728447466512477,0.5581330690593904,0.35045700880933256,,,0.3333333333333333,0.2929012091513226,0.3333333333333333,0.3059440685816812,,,,,,,0.13411926827079487,0.12819970295491365,,,,0.13277512061176822,,,shooting_pct,0.13411926827079487,52,-0.2392167369865673,3.0729473621539043,74.03846153846155,0.6758941015343506,0.5088209050025928,52.88461538461537,74.03846153846155,0.0,0.9739689532120785,0.02603104678792141,True,False,False,True,True,True,False,True,True,"ground_ball_value,assist_value,possession_participation,penalty_value","offensive value covers finishing and possession security only; shot creation, assists and off-ball work are not measured","roster_position: measurable opportunities cannot separate offensive from defensive field roles (the feed attributes one defensive act, caused turnovers, 741 league-wide)"
002032,Justin Inacio,ARC,1,FO,faceoff,faceoff,faceoff,faceoff,10,2.0,2.0,0.0,2.0,0.0,7.0,4.0,7.0,0.0,0.2857142857142857,0.5714285714285714,0.2857142857142857,,0.2857142857142857,1.0,42.0,0.023809523809523808,0.0,44.0,1.0,225.0,92.0,132.0,0.4088888888888889,0.0,0.0,0.0,0.0,0,0,0,,,8.0,0.8,0.015779092702169626,0.013029315960912053,0.01818181818181818,0.015362106803218726,0.896414342629482,0.0,318.0,0.1879432624113475,-0.10374096196164695,-0.10374096196164695,0.0,0.86693782230689,-7.215134691420001,,-0.363501271338177,0.763196860345243,-6.8154391024129355,shooting+turnover+defense+faceoff,deferred: no opportunity denominator; contexts not separable; overlaps faceoff value,deferred: goal value already credited to the shooter,"partial: caused turnovers only, relative to positional per-game average",0.09539960754315538,-0.014820137423092421,-0.03206726529520001,,-0.0363501271338177,-0.6815439102412936,,,,3.034003258209098,-2.2463519391326994,-0.08552064468403266,-2.658304065666398,,0.2857142857142857,0.2865985869630293,0.2857142857142857,0.3012500988510041,,,0.4088888888888889,0.41507474215609946,,,0.043224496739814953,0.041126170362264985,,0.9301893549264061,,0.13860589207615703,0.1238197649945505,,faceoff_win_pct,0.9301893549264061,14,1.394728295312205,6.799194744589167,3.57142857142857,-1.8200893037815933,-1.2075205529682513,10.71428571428571,75.0,0.8439430416255623,0.11353878211187862,0.042518176262559014,True,True,False,True,True,False,False,True,True,"ground_ball_value,assist_value,possession_participation,penalty_value",faceoff value dominates this role's total; see the faceoff share-of-total column before comparing across roles,measured_opportunity: took 89.6% of team faceoffs in games played (threshold 50%)
002033,Nakeie Montgomery,RED,1,M,midfield,midfield,offensive_field,offensive_field,11,6.0,5.0,1.0,7.0,2.0,24.0,15.0,19.0,5.0,0.25,0.625,0.2631578947368421,0.2,0.2916666666666667,3.0,113.0,0.02654867256637168,3.0,6.0,1.0,0.0,0.0,0.0,,0.0,0.0,0.0,0.0,0,0,0,,,27.0,2.4545454545454546,0.04695652173913043,0.04695652173913043,0.05825242718446602,0.04293313069908815,0.0,0.03896103896103896,43.0,0.024280067758328628,-0.24654217977191006,-0.7101540396101846,0.4636118598382748,0.9843539850239772,,,0.43365365519826127,0.7378118052520671,1.1714654604503285,shooting+turnover+defense,deferred: no opportunity denominator; contexts not separable; overlaps faceoff value,deferred: goal value already credited to the shooter,"partial: caused turnovers only, relative to positional per-game average",0.027326363157483966,-0.010272590823829586,,,0.039423059563478295,0.10649686004093896,0.0660228100530122,0.671788995199055,0.2531932007265072,2.6713882412988488,0.4385231028346345,-0.09600471545297751,,,0.25,0.2817246034620897,0.2631578947368421,0.2978748274619778,0.2,0.15591419892362904,,,,,0.13411926827079487,0.10427647593087397,4.9999750001249995e-06,,,0.13123512145830318,,,shooting_pct,0.13411926827079487,52,-0.2392167369865673,3.0729473621539043,66.34615384615385,0.6082353932114278,0.45906487524345807,20.192307692307686,64.42307692307692,0.0,0.739476914424955,0.260523085575045,True,False,False,True,True,True,False,True,True,"ground_ball_value,assist_value,possession_participation,penalty_value","offensive value covers finishing and possession security only; shot creation, assists and off-ball work are not measured","roster_position: measurable opportunities cannot separate offensive from defensive field roles (the feed attributes one defensive act, caused turnovers, 741 league-wide)"
002034,Keegan Khan,WHP,1,M,midfield,midfield,offensive_field,offensive_field,7,6.0,6.0,0.0,6.0,3.0,18.0,9.0,18.0,0.0,0.3333333333333333,0.5,0.3333333333333333,,0.3333333333333333,10.0,101.0,0.09900990099009901,0.0,1.0,1.0,0.0,0.0,0.0,,0.0,0.0,0.0,0.0,0,0,0,,,28.0,4.0,0.0707070707070707,0.044585987261146494,0.06228373702422145,0.05771428571428571,0.0,0.0,34.0,0.0272,0.5903803835271928,0.5903803835271928,0.0,-1.0642552456990508,,,-0.23116098607639535,-0.47387486217185804,-0.7050358482482534,shooting+turnover+defense,deferred: no opportunity denominator; contexts not separable; overlaps faceoff value,deferred: goal value already credited to the shooter,"partial: caused turnovers only, relative to positional per-game average",-0.016924102220423502,0.032798910195955155,,,-0.03302299801091362,-0.10071940689260762,0.0660228100530122,-0.5398976722248703,-0.26402002947057707,2.0598710690979822,-0.3422718338177295,0.30350467256318875,,,0.3333333333333333,0.2914984946636722,0.3333333333333333,0.30503717893450727,,,,,,,0.10407920800816074,0.0993334054853662,,,,0.13484702963614836,,,shooting_pct,0.10407920800816074,52,-0.2392167369865673,3.0729473621539043,35.57692307692308,-0.22213476667864265,-0.15158707793002416,35.57692307692308,43.269230769230774,0.0,0.8774199803941752,0.1225800196058247,True,False,False,True,True,True,False,True,True,"ground_ball_value,assist_value,possession_participation,penalty_value","offensive value covers finishing and possession security only; shot creation, assists and off-ball work are not measured","roster_position: measurable opportunities cannot separate offensive from defensive field roles (the feed attributes one defensive act, caused turnovers, 741 league-wide)"
002036,Jake Higgins,WAT,1,SSDM,short_stick_defensive_midfield,defensive_field,defensive_field,defensive_field,9,0.0,0.0,0.0,0.0,1.0,1.0,0.0,1.0,0.0,0.0,0.0,0.0,,0.0,2.0,51.0,0.0392156862745098,5.0,8.0,1.0,0.0,0.0,0.0,,0.0,0.0,0.0,0.0,0,0,0,,,3.0,0.3333333333333333,0.005836575875486381,0.004143646408839779,0.002512562814070352,0.02259636685866194,0.0,0.07042253521126761,14.0,0.008526187576126675,-0.30053442313737816,-0.30053442313737816,0.0,0.18768313034151368,,,-0.2459588374439231,-0.11285129279586448,-0.3588101302397876,shooting+turnover+defense,deferred: no opportunity denominator; contexts not separable; overlaps faceoff value,deferred: goal value already credited to the shooter,"partial: caused turnovers only, relative to positional per-game average",-0.037617097598621495,-0.30053442313737816,,,-0.027328759715991455,-0.03986779224886529,0.0660228100530122,-0.1788741028488767,-0.28604004446910997,0.8995580591268503,-0.3988737876330785,-0.655486781978336,,,0.0,0.2848004651315773,0.0,0.3000778082302534,,,,,,,0.006412508790228359,0.006089840169722695,,,,0.1409528058138676,,,shooting_pct,0.006412508790228359,78,-0.0537921633482268,1.3971671517707076,39.102564102564095,-0.37573567705470146,-0.21831172204771246,23.076923076923077,41.666666666666664,0.0,0.6649867246006538,0.3350132753993463,True,False,False,True,False,True,False,True,True,"ground_ball_value,assist_value,possession_participation,penalty_value","defensive value is PARTIAL (caused turnovers only, on a games-played denominator); a value near zero does NOT mean an average defender","roster_position: measurable opportunities cannot separate offensive from defensive field roles (the feed attributes one defensive act, caused turnovers, 741 league-wide)"
002037,Bryan McIntosh,CAN,1,D,defense,defensive_field,defensive_field,defensive_field,3,0.0,0.0,0.0,0.0,0.0,0.0,0.0,0.0,0.0,,,,,,0.0,13.0,0.0,0.0,5.0,0.0,0.0,0.0,0.0,,0.0,0.0,0.0,0.0,0,0,0,,,0.0,0.0,0.0,0.0,0.0,0.019726858877086494,0.0,0.0,5.0,0.00984251968503937,0.0,0.0,0.0,0.18326284019343217,,,-0.5247121865470361,0.18326284019343217,-0.3414493463536039,shooting+turnover+defense,deferred: no opportunity denominator; contexts not separable; overlaps faceoff value,deferred: goal value already credited to the shooter,"partial: caused turnovers only, relative to positional per-game average",,,,,-0.17490406218234536,-0.11381644878453463,,,,0.4306737157966052,-0.7928260625843733,,,,,,,,,,,,,,,,,,,,,,shooting_pct,,78,-0.0537921633482268,1.3971671517707076,40.38461538461538,-0.3579539392523194,-0.2058860191787455,1.2820512820512775,50.0,0.0,0.2588549500639565,0.7411450499360435,True,False,False,False,False,True,False,True,True,"ground_ball_value,assist_value,possession_participation,penalty_value","defensive value is PARTIAL (caused turnovers only, on a games-played denominator); a value near zero does NOT mean an average defender","roster_position: measurable opportunities cannot separate offensive from defensive field roles (the feed attributes one defensive act, caused turnovers, 741 league-wide)"
002038,Colin Kirst,CAN,1,G,goalie,goalie,goalie,goalie,2,0.0,0.0,0.0,0.0,0.0,0.0,0.0,0.0,0.0,,,,,,0.0,13.0,0.0,0.0,1.0,0.0,0.0,0.0,0.0,,9.0,9.0,2.0,11.0,20,18,2,0.5,0.55,0.0,0.0,0.0,0.0,0.0,0.027659574468085105,0.0,0.0,45.0,0.13157894736842105,0.0,0.0,0.0,0.09773383238809477,,-1.532235689252337,-0.1893639524716779,0.09773383238809477,-1.6238658093359202,shooting+turnover+defense+goalie,deferred: no opportunity denominator; contexts not separable; overlaps faceoff value,deferred: goal value already credited to the shooter,"partial: caused turnovers only, relative to positional per-game average",,,,-0.07661178446261685,-0.09468197623583895,-0.8119329046679601,,,,2.473654219042024,-0.6564643501244072,,,-0.6232805711591705,,,,,,,,,0.5,0.5193975212202333,,,,,0.04185267274940656,,,0.09428181237308308,save_pct,0.04185267274940656,14,-0.7194840200231043,6.869390003298461,46.42857142857143,-0.039908113829049414,-0.1316538715779073,7.14285714285714,50.0,0.0,0.05371958125257486,0.10408424577802775,True,False,False,True,True,True,False,True,True,"ground_ball_value,assist_value,possession_participation,penalty_value",goalie metrics are standardized only against other goalies; a goalie total is not comparable with a field player total,measured_opportunity: faced 20 shots on goal as goalie of record
002040,Jackson Reid,WHP,1,A,attack,attack,offensive_field,offensive_field,5,4.0,4.0,0.0,4.0,0.0,16.0,8.0,16.0,0.0,0.25,0.5,0.25,,0.25,3.0,61.0,0.04918032786885246,0.0,2.0,0.0,1.0,0.0,1.0,0.0,0.0,0.0,0.0,0.0,0,0,0,,,19.0,3.8,0.06375838926174497,0.030254777070063694,0.06986899563318777,0.05004101722723544,0.00847457627118644,0.0,24.0,0.027842227378190254,-0.8085507701980506,-0.8085507701980506,0.0,0.16465883322044622,-0.18004257957422365,,-0.1651149900545681,-0.6438919369776044,-0.9890495066063961,shooting+turnover+defense+faceoff,deferred: no opportunity denominator; contexts not separable; overlaps faceoff value,deferred: goal value already credited to the shooter,"partial: caused turnovers only, relative to positional per-game average",-0.03388904931461076,-0.05053442313737816,-0.18004257957422365,,-0.033022998010913615,-0.19780990132127924,0.0660228100530122,-0.7099147470306166,-0.3739666167989793,1.918407149174127,-0.5155576630498804,-0.4408765698871024,-0.9950082882950945,,0.25,0.2832092711788615,0.25,0.2972812403237186,,,0.0,0.4696833445710784,,,0.09359724344834856,0.08928176731984017,,0.055908918456457665,,0.1344580979202874,0.4442092343233526,,shooting_pct,0.09359724344834856,40,0.17445256360862804,3.749635821874049,46.25,-0.01460125801778563,-0.31029735299294,16.250000000000004,38.74999999999999,0.13656482295297998,0.7381931402076778,0.12524203683934232,True,False,False,True,True,True,False,True,True,"ground_ball_value,assist_value,possession_participation,penalty_value","offensive value covers finishing and possession security only; shot creation, assists and off-ball work are not measured","roster_position: measurable opportunities cannot separate offensive from defensive field roles (the feed attributes one defensive act, caused turnovers, 741 league-wide)"
002041,Mitch Bartolo,RED,1,M,midfield,midfield,offensive_field,offensive_field,1,0.0,0.0,0.0,0.0,0.0,0.0,0.0,0.0,0.0,,,,,,1.0,2.0,0.5,0.0,1.0,0.0,0.0,0.0,0.0,,0.0,0.0,0.0,0.0,0,0,0,,,1.0,1.0,0.02040816326530612,0.0017391304347826088,0.0,0.00784313725490196,0.0,0.0,1.0,0.005917159763313609,0.0,0.0,0.0,-0.23410880783160892,,,-0.03302299801091362,-0.23410880783160892,-0.26713180584252255,shooting+turnover+defense,deferred: no opportunity denominator; contexts not separable; overlaps faceoff value,deferred: goal value already credited to the shooter,"partial: caused turnovers only, relative to positional per-game average",-0.23410880783160892,,,,-0.03302299801091362,-0.26713180584252255,0.0660228100530122,-0.30013161788462106,-3.3815303570735202,0.12903385733326322,-2.0702458359637017,,,,,,,,,,,,,,,,,,,,,,shooting_pct,,52,-0.2392167369865673,3.0729473621539043,45.1923076923077,-0.028357950204616535,-0.009084135055404554,4.8076923076923075,4.807692307692313,0.0,0.876379385424508,0.12362061457549192,True,False,False,False,False,True,False,True,True,"ground_ball_value,assist_value,possession_participation,penalty_value","offensive value covers finishing and possession security only; shot creation, assists and off-ball work are not measured","roster_position: measurable opportunities cannot separate offensive from defensive field roles (the feed attributes one defensive act, caused turnovers, 741 league-wide)"
002042,Jon Robbins,ARC,1,LSM,long_stick_midfield,defensive_field,defensive_field,defensive_field,11,1.0,1.0,0.0,1.0,0.0,2.0,1.0,2.0,0.0,0.5,0.5,0.5,,0.5,1.0,21.0,0.047619047619047616,10.0,9.0,3.0,0.0,0.0,0.0,,0.0,0.0,0.0,0.0,0,0,0,,,3.0,0.2727272727272727,0.005338078291814947,0.004885993485342019,0.00468384074941452,0.006939854593522803,0.0,0.11235955056179775,19.0,0.010187667560321715,0.3989311537252437,0.3989311537252437,0.0,0.030404428180722615,,,0.7324107603885713,0.4293355819059663,1.1617463422945375,shooting+turnover+defense,deferred: no opportunity denominator; contexts not separable; overlaps faceoff value,deferred: goal value already credited to the shooter,"partial: caused turnovers only, relative to positional per-game average",0.1431118606353221,0.19946557686262184,,,0.06658279639896103,0.10561330384495796,0.0660228100530122,0.3633127718529541,0.5164464277664905,1.002975813668646,1.1582994589322617,0.6152514847966238,,,0.5,0.2893574666235639,0.5,0.3043144222073915,,,,,,,0.012743301050454155,0.012105956996236773,,,,0.14117891644127667,,,shooting_pct,0.012743301050454155,78,-0.0537921633482268,1.3971671517707076,85.25641025641026,1.1816903404328112,0.8700022070388964,21.15384615384616,80.12820512820512,0.0,0.36956051960361314,0.630439480396387,True,False,False,True,True,True,False,True,True,"ground_ball_value,assist_value,possession_participation,penalty_value","defensive value is PARTIAL (caused turnovers only, on a games-played denominator); a value near zero does NOT mean an average defender","roster_position: measurable opportunities cannot separate offensive from defensive field roles (the feed attributes one defensive act, caused turnovers, 741 league-wide)"
002043,Ryan Aughavin,ARC,1,M,midfield,midfield,offensive_field,offensive_field,2,1.0,0.0,1.0,2.0,0.0,4.0,4.0,3.0,1.0,0.25,1.0,0.0,1.0,0.5,0.0,14.0,0.0,1.0,1.0,0.0,0.0,0.0,0.0,,0.0,0.0,0.0,0.0,0,0,0,,,4.0,2.0,0.038461538461538464,0.006514657980456026,0.05405405405405406,0.026365348399246705,0.0,0.047619047619047616,4.0,0.01282051282051282,0.7911191025555204,-0.9016032694121345,1.692722371967655,0.2206871562547968,,,0.1995895484176098,1.0118062588103172,1.211395807227927,shooting+turnover+defense,deferred: no opportunity denominator; contexts not separable; overlaps faceoff value,deferred: goal value already credited to the shooter,"partial: caused turnovers only, relative to positional per-game average",0.2529515647025793,0.1977797756388801,,,0.0997947742088049,0.6056979036139635,0.0660228100530122,0.9457834487573049,0.8612564875071526,1.1061030288386067,1.095192559503138,0.7374735385152028,,,0.25,0.28571649530876364,0.0,0.29646693572194516,1.0,0.15591482257980108,,,,,0.025165905392287146,0.018049681162381374,9.99999000001e-07,,,0.139765142055694,,,shooting_pct,0.025165905392287146,52,-0.2392167369865673,3.0729473621539043,70.1923076923077,0.6259049617241063,0.4720590277855343,12.5,95.1923076923077,0.0,0.8352400204567849,0.1647599795432151,True,False,False,True,True,True,False,True,True,"ground_ball_value,assist_value,possession_participation,penalty_value","offensive value covers finishing and possession security only; shot creation, assists and off-ball work are not measured","roster_position: measurable opportunities cannot separate offensive from defensive field roles (the feed attributes one defensive act, caused turnovers, 741 league-wide)"
002047,Frankie Labetti,ARC,1,FO,faceoff,faceoff,faceoff,faceoff,2,1.0,1.0,0.0,1.0,0.0,3.0,1.0,3.0,0.0,0.3333333333333333,0.3333333333333333,0.3333333333333333,,0.3333333333333333,1.0,8.0,0.125,1.0,9.0,1.0,51.0,19.0,32.0,0.37254901960784315,0.0,0.0,0.0,0.0,0,0,0,,,4.0,2.0,0.037383177570093455,0.006514657980456026,0.038461538461538464,0.0150093808630394,0.85,0.07142857142857142,75.0,0.22865853658536586,0.09839673058786547,0.09839673058786547,0.0,-0.04990728410680332,-2.3061447262981662,,0.19293529017180167,0.04848944648106215,-2.0647199896453023,shooting+turnover+defense+faceoff,deferred: no opportunity denominator; contexts not separable; overlaps faceoff value,deferred: goal value already credited to the shooter,"partial: caused turnovers only, relative to positional per-game average",0.012122361620265537,0.032798910195955155,-0.04521852404506208,,0.09646764508590083,-1.0323599948226512,,,,1.5398865719887185,-1.3408260239445928,0.12390526372171633,-1.7846495318103723,,0.3333333333333333,0.28752545490778453,0.3333333333333333,0.3024834961094056,,,0.37254901960784315,0.4036291983589575,,,0.018993928898638098,0.018049681162381374,,0.7512568744909506,,0.1404688223847188,0.2309321549255401,,faceoff_win_pct,0.7512568744909506,14,1.394728295312205,6.799194744589167,24.999999999999993,-0.42089466913042595,-0.5088026472120913,82.14285714285715,60.71428571428571,0.8711032094892738,0.05601907881472977,0.0728777116959966,True,True,False,True,True,False,False,True,True,"ground_ball_value,assist_value,possession_participation,penalty_value",faceoff value dominates this role's total; see the faceoff share-of-total column before comparing across roles,measured_opportunity: took 85.0% of team faceoffs in games played (threshold 50%)
002051,Connor DeSimone,ARC,1,A,attack,attack,offensive_field,offensive_field,5,7.0,7.0,0.0,7.0,5.0,12.0,10.0,11.0,1.0,0.5833333333333334,0.8333333333333334,0.6363636363636364,0.0,0.5833333333333334,9.0,130.0,0.06923076923076923,2.0,3.0,0.0,0.0,0.0,0.0,,0.0,0.0,0.0,0.0,0,0,0,,,21.0,4.2,0.08045977011494253,0.03420195439739414,0.06382978723404255,0.09908536585365854,0.0,0.05405405405405406,22.0,0.027777777777777776,3.386843717456495,3.69412134548884,-0.30727762803234504,-0.34148202044610626,,,0.366156098824306,3.0453616970103887,3.411517795834695,shooting+turnover+defense,deferred: no opportunity denominator; contexts not separable; overlaps faceoff value,deferred: goal value already credited to the shooter,"partial: caused turnovers only, relative to positional per-game average",0.14501722366716135,0.2822369764547079,,,0.0732312197648612,0.682303559166939,0.0660228100530122,2.9793388869573767,1.6291169252365636,1.8407585322745224,1.8533217345021746,2.0123866224148577,,,0.5833333333333334,0.3079649212524307,0.6363636363636364,0.3230344101471447,0.0,0.15591382258080105,,,,,0.07187987205725621,0.0631429378720731,9.99999000001e-07,,,0.1394112113630399,,,shooting_pct,0.07187987205725621,40,0.17445256360862804,3.749635821874049,78.75,1.8042791366053998,0.8633012340404297,26.249999999999996,96.25,0.0,0.9105732755876607,0.0894267244123393,True,False,False,True,True,True,False,True,True,"ground_ball_value,assist_value,possession_participation,penalty_value","offensive value covers finishing and possession security only; shot creation, assists and off-ball work are not measured","roster_position: measurable opportunities cannot separate offensive from defensive field roles (the feed attributes one defensive act, caused turnovers, 741 league-wide)"
002055,Jakob Phaup,ATL,1,FO,faceoff,faceoff,faceoff,faceoff,1,0.0,0.0,0.0,0.0,0.0,0.0,0.0,0.0,0.0,,,,,,1.0,5.0,0.2,0.0,5.0,0.0,29.0,11.0,18.0,0.3793103448275862,0.0,0.0,0.0,0.0,0,0,0,,,1.0,1.0,0.018867924528301886,0.0016339869281045752,0.0,0.023255813953488372,0.9354838709677419,0.0,39.0,0.21081081081081082,0.0,0.0,0.0,-0.13080538173154097,-1.2403771680809257,,-0.0363501271338177,-0.13080538173154097,-1.4075326769462844,shooting+turnover+defense+faceoff,deferred: no opportunity denominator; contexts not separable; overlaps faceoff value,deferred: goal value already credited to the shooter,"partial: caused turnovers only, relative to positional per-game average",-0.13080538173154097,,-0.04277162648554916,,-0.0363501271338177,-1.4075326769462844,,,,0.9956585367420114,-1.4136700736298664,,-1.2729350246431659,,,,,,,,0.3793103448275862,0.422803627955412,,,,,,0.6319978226943347,,,0.28139459079829976,,faceoff_win_pct,0.6319978226943347,14,1.394728295312205,6.799194744589167,39.285714285714285,-0.22733808536650157,-0.41214600809728863,32.142857142857146,17.857142857142854,0.8812421824351451,0.09293239430528183,0.025825423259573058,True,True,False,True,True,False,False,True,True,"ground_ball_value,assist_value,possession_participation,penalty_value",faceoff value dominates this role's total; see the faceoff share-of-total column before comparing across roles,measured_opportunity: took 93.5% of team faceoffs in games played (threshold 50%)
002056,Matt Rahill,CAN,1,D,defense,defensive_field,defensive_field,defensive_field,5,0.0,0.0,0.0,0.0,0.0,1.0,1.0,0.0,1.0,0.0,1.0,,0.0,0.0,2.0,27.0,0.07407407407407407,1.0,9.0,1.0,0.0,0.0,0.0,,0.0,0.0,0.0,0.0,0,0,0,,,3.0,0.6,0.010380622837370242,0.005504587155963303,0.004784688995215311,0.02050113895216401,0.0,0.030303030303030304,15.0,0.016304347826086956,-0.30727762803234504,0.0,-0.30727762803234504,-0.15064826693866878,,,-0.6088847664722898,-0.4579258949710138,-1.0668106614433037,shooting+turnover+defense,deferred: no opportunity denominator; contexts not separable; overlaps faceoff value,deferred: goal value already credited to the shooter,"partial: caused turnovers only, relative to positional per-game average",-0.15264196499033794,-0.30727762803234504,,,-0.12177695329445797,-0.21336213228866074,0.0660228100530122,-0.5239487050240259,-0.6676391389072145,0.9209672366706244,-1.158358971921646,-0.4260618058690338,,,0.0,0.2848004651315773,,,0.0,0.15591382258080105,,,,,0.006412508790228359,,9.99999000001e-07,,,0.1409528058138676,,,shooting_pct,0.006412508790228359,78,-0.0537921633482268,1.3971671517707076,17.307692307692307,-1.1009033821735552,-0.7250517569148561,46.7948717948718,18.58974358974359,0.0,0.42924758021398024,0.5707524197860198,True,False,False,True,True,True,False,True,True,"ground_ball_value,assist_value,possession_participation,penalty_value","defensive value is PARTIAL (caused turnovers only, on a games-played denominator); a value near zero does NOT mean an average defender","roster_position: measurable opportunities cannot separate offensive from defensive field roles (the feed attributes one defensive act, caused turnovers, 741 league-wide)"
002062,Ryan Hallenbeck,RED,1,SSDM,short_stick_defensive_midfield,defensive_field,defensive_field,defensive_field,4,0.0,0.0,0.0,0.0,0.0,2.0,2.0,1.0,1.0,0.0,1.0,0.0,0.0,0.0,0.0,20.0,0.0,1.0,2.0,2.0,0.0,0.0,0.0,,0.0,0.0,0.0,0.0,0,0,0,,,2.0,0.5,0.00975609756097561,0.0034782608695652175,0.014388489208633094,0.02185792349726776,0.0,0.02702702702702703,6.0,0.010638297872340425,-0.6078120511697231,-0.30053442313737816,-0.30727762803234504,0.2819428310668187,,,-0.43398070428994445,-0.3258692201029044,-0.7598499243928489,shooting+turnover+defense,deferred: no opportunity denominator; contexts not separable; overlaps faceoff value,deferred: goal value already credited to the shooter,"partial: caused turnovers only, relative to positional per-game average",-0.1629346100514522,-0.30390602558486157,,,-0.10849517607248611,-0.18996248109821223,0.0660228100530122,-0.3918920301559166,-0.43780161193680545,0.9935348970136906,-0.7647943989453835,-0.7112201100377881,,,0.0,0.2829858160983368,0.0,0.3000778082302534,0.0,0.15591382258080105,,,,,0.012743301050454155,0.006089840169722695,9.99999000001e-07,,,0.14023533527506515,,,shooting_pct,0.012743301050454155,78,-0.0537921633482268,1.3971671517707076,21.15384615384616,-0.7864996445519459,-0.5053495282578007,42.94871794871795,16.02564102564102,0.0,0.6721545384839882,0.3278454615160118,True,False,False,True,True,True,False,True,True,"ground_ball_value,assist_value,possession_participation,penalty_value","defensive value is PARTIAL (caused turnovers only, on a games-played denominator); a value near zero does NOT mean an average defender","roster_position: measurable opportunities cannot separate offensive from defensive field roles (the feed attributes one defensive act, caused turnovers, 741 league-wide)"
002063,Ryan Kennedy,RED,1,D,defense,defensive_field,defensive_field,defensive_field,3,0.0,0.0,0.0,0.0,0.0,0.0,0.0,0.0,0.0,,,,,,2.0,8.0,0.25,1.0,8.0,0.0,0.0,0.0,0.0,,0.0,0.0,0.0,0.0,0,0,0,,,2.0,0.6666666666666666,0.013888888888888888,0.0034782608695652175,0.0,0.012944983818770227,0.0,0.058823529411764705,13.0,0.029017857142857144,0.0,0.0,0.0,-0.4184939564521466,,,-0.25907664210759906,-0.4184939564521466,-0.6775705985597457,shooting+turnover+defense,deferred: no opportunity denominator; contexts not separable; overlaps faceoff value,deferred: goal value already credited to the shooter,"partial: caused turnovers only, relative to positional per-game average",-0.2092469782260733,,,,-0.08635888070253302,-0.22585686618658188,0.0660228100530122,-0.4845167665051588,-2.876710356568122,0.4095729326019019,-1.6543344167187264,,,,,,,,,,,,,,,,,,,,,,shooting_pct,,78,-0.0537921633482268,1.3971671517707076,25.0,-0.7022252587803811,-0.44645941927633337,55.769230769230774,9.61538461538461,0.0,0.6176388959935742,0.38236110400642576,True,False,False,False,True,True,False,True,True,"ground_ball_value,assist_value,possession_participation,penalty_value","defensive value is PARTIAL (caused turnovers only, on a games-played denominator); a value near zero does NOT mean an average defender","roster_position: measurable opportunities cannot separate offensive from defensive field roles (the feed attributes one defensive act, caused turnovers, 741 league-wide)"
002064,Joe Robertson,RED,1,A,attack,attack,offensive_field,offensive_field,4,1.0,1.0,0.0,1.0,1.0,9.0,6.0,9.0,0.0,0.1111111111111111,0.6666666666666666,0.1111111111111111,,0.1111111111111111,4.0,27.0,0.14814814814814814,0.0,2.0,0.0,0.0,0.0,0.0,,0.0,0.0,0.0,0.0,0,0,0,,,13.0,3.25,0.06372549019607843,0.022608695652173914,0.06428571428571428,0.02830188679245283,0.0,0.0,12.0,0.018779342723004695,-1.7048098082364036,-1.7048098082364036,0.0,-0.6369312335520687,,,-0.1320919920436545,-2.341741041788472,-2.4738330338321264,shooting+turnover+defense,deferred: no opportunity denominator; contexts not separable; overlaps faceoff value,deferred: goal value already credited to the shooter,"partial: caused turnovers only, relative to positional per-game average",-0.18013392629142094,-0.18942331202626705,,,-0.03302299801091362,-0.6184582584580316,0.0660228100530122,-2.407763851841484,-1.7032831103720167,1.4259586297856355,-1.734856104629079,-1.2394368265929274,,,0.1111111111111111,0.27700271515501634,0.1111111111111111,0.29194448631905723,,,,,,,0.05489639042294375,0.05226240402816813,,,,0.13634056434966624,,,shooting_pct,0.05489639042294375,40,0.17445256360862804,3.749635821874049,21.250000000000004,-0.6283047790234149,-0.7062780822584404,13.749999999999996,3.7500000000000036,0.0,0.9466043220228831,0.05339567797711695,True,False,False,True,True,True,False,True,True,"ground_ball_value,assist_value,possession_participation,penalty_value","offensive value covers finishing and possession security only; shot creation, assists and off-ball work are not measured","roster_position: measurable opportunities cannot separate offensive from defensive field roles (the feed attributes one defensive act, caused turnovers, 741 league-wide)"
002065,Anthony DeMaio,RED,1,M,midfield,midfield,offensive_field,offensive_field,1,0.0,0.0,0.0,0.0,0.0,0.0,0.0,0.0,0.0,,,,,,0.0,5.0,0.0,0.0,1.0,0.0,0.0,0.0,0.0,,0.0,0.0,0.0,0.0,0,0,0,,,0.0,0.0,0.0,0.0,0.0,0.0176678445229682,0.0,0.0,2.0,0.010582010582010581,0.0,0.0,0.0,0.07881684151957029,,,-0.03302299801091362,0.07881684151957029,0.045793843508656666,shooting+turnover+defense,deferred: no opportunity denominator; contexts not separable; overlaps faceoff value,deferred: goal value already credited to the shooter,"partial: caused turnovers only, relative to positional per-game average",,,,,-0.03302299801091362,0.045793843508656666,,,,0.16871934614108455,0.27142022865809035,,,,,,,,,,,,,,,,,,,,,,shooting_pct,,52,-0.2392167369865673,3.0729473621539043,54.807692307692314,0.11011470647882252,0.09274827938980805,1.9230769230769273,50.0,0.0,0.7047295655148663,0.2952704344851338,True,False,False,False,True,True,False,True,True,"ground_ball_value,assist_value,possession_participation,penalty_value","offensive value covers finishing and possession security only; shot creation, assists and off-ball work are not measured","roster_position: measurable opportunities cannot separate offensive from defensive field roles (the feed attributes one defensive act, caused turnovers, 741 league-wide)"
002067,Zac Tucci,WAT,1,FO,faceoff,faceoff,faceoff,faceoff,4,0.0,0.0,0.0,0.0,1.0,5.0,2.0,4.0,1.0,0.0,0.4,0.0,0.0,0.0,1.0,18.0,0.05555555555555555,0.0,19.0,0.0,109.0,47.0,60.0,0.43119266055045874,0.0,0.0,0.0,0.0,0,0,0,,,6.0,1.5,0.025974025974025976,0.008287292817679558,0.027472527472527472,0.01787487586891758,0.9316239316239316,0.0,151.0,0.2150997150997151,-1.5094153205818577,-1.2021376925495126,-0.30727762803234504,0.21975304130898884,-2.615522168148256,,-0.1454005085352708,-1.289662279272869,-4.050584955956396,shooting+turnover+defense+faceoff,deferred: no opportunity denominator; contexts not separable; overlaps faceoff value,deferred: goal value already credited to the shooter,"partial: caused turnovers only, relative to positional per-game average",-0.2149437132121448,-0.30188306411637156,-0.023995616221543635,,-0.0363501271338177,-1.012646238989099,,,,2.2548329643652143,-1.796401338800156,-1.2938422909349176,-1.3845116931135355,,0.0,0.27767801430133543,0.0,0.29469389212416436,0.0,0.15591382258080105,0.43119266055045874,0.44008677078904646,,,0.03126070574951185,0.023922311517986225,9.99999000001e-07,0.8658611550180283,,0.13812220795080066,0.17244219133863226,,faceoff_win_pct,0.8658611550180283,14,1.394728295312205,6.799194744589167,10.71428571428571,-1.0057769869539823,-0.8008762001709112,46.42857142857143,3.57142857142857,0.5825098301300139,0.3851076396971822,0.03238253017280385,True,True,False,True,True,False,False,True,True,"ground_ball_value,assist_value,possession_participation,penalty_value",faceoff value dominates this role's total; see the faceoff share-of-total column before comparing across roles,measured_opportunity: took 93.2% of team faceoffs in games played (threshold 50%)
002072,Brennan Kamish,WHP,1,SSDM,short_stick_defensive_midfield,defensive_field,defensive_field,defensive_field,5,0.0,0.0,0.0,0.0,0.0,1.0,0.0,1.0,0.0,0.0,0.0,0.0,,0.0,0.0,32.0,0.0,4.0,8.0,0.0,0.0,0.0,0.0,,0.0,0.0,0.0,0.0,0,0,0,,,1.0,0.2,0.0034602076124567475,0.0015923566878980893,0.004878048780487805,0.0257856567284448,0.0,0.14285714285714285,14.0,0.0166865315852205,-0.30053442313737816,-0.30053442313737816,0.0,0.45110852970690996,,,0.18802186684602126,0.1505741065695318,0.33859597341555303,shooting+turnover+defense,deferred: no opportunity denominator; contexts not separable; overlaps faceoff value,deferred: goal value already credited to the shooter,"partial: caused turnovers only, relative to positional per-game average",0.1505741065695318,-0.30053442313737816,,,0.037604373369204254,0.0677191946831106,0.0660228100530122,0.0845512965165196,0.14861383828819816,0.7456462174852191,0.45409735270636575,-0.655486781978336,,,0.0,0.2848004651315773,0.0,0.3000778082302534,,,,,,,0.006412508790228359,0.006089840169722695,,,,0.1409528058138676,,,shooting_pct,0.006412508790228359,78,-0.0537921633482268,1.3971671517707076,63.46153846153846,0.3385807131659857,0.2808455210720382,8.333333333333325,81.41025641025641,0.0,0.7999053887023367,0.20009461129766323,True,False,False,True,True,True,False,True,True,"ground_ball_value,assist_value,possession_participation,penalty_value","defensive value is PARTIAL (caused turnovers only, on a games-played denominator); a value near zero does NOT mean an average defender","roster_position: measurable opportunities cannot separate offensive from defensive field roles (the feed attributes one defensive act, caused turnovers, 741 league-wide)"
