season,player_id,team_id,aggregation_level,player_name,positions,games_played,touches,turnovers,faceoffs,faceoff_wins,caused_turnovers,ground_balls,penalties,shots,a1,a2,g1,g2,sog,unresolved_sog,team_shots_in_appearances,team_a2_in_appearances,team_faceoffs_in_appearances,sv1,sv2,ga1,ga2,unresolved_goalie_sog,sog2_faced,attempts,goals,scoring_points,resolved_saves,resolved_shots_faced,p1,p2,league_turnover_per_touch,league_faceoff_rate,league_save_rate,shooting_pct,shots_on_goal_pct,scoring_points_per_shot,turnovers_per_touch,turnovers_below_expected,shooting_value_above_expected,shot_share,team_two_point_attempt_share,two_point_attempt_rate,two_point_conversion_pct,two_point_shooting_value,faceoff_pct,draw_share,faceoff_wins_above_average,save_pct,one_point_save_pct,two_point_save_pct,saves_above_average,resolved_coverage,goalie_two_point_shot_mix_faced,caused_turnovers_per_game,ground_balls_per_game,penalties_per_game
2026,000216,ALL,SEASON,Marcus Holman,A,13,506,15,0,0,4,23,4,83,60,23,22,6,60,4,561,83,343,0,0,0,0,0,0,83,28,34,0,0,0.29299719888,0.134328358209,0.0521961262773,0.496562261268,0.536676336511,0.33734939759,0.722891566265,0.409638554217,0.0296442687747,11.4112398963,10.2410635896,0.147950089127,0.277108433735,0.277108433735,0.260869565217,5.82089552239,,0,,,,,,,,0.307692307692,1.76923076923,0.307692307692
2026,000216,CAN,STINT,Marcus Holman,A,13,506,15,0,0,4,23,4,83,60,23,22,6,60,4,561,83,343,0,0,0,0,0,0,83,28,34,0,0,0.29299719888,0.134328358209,0.0521961262773,0.496562261268,0.536676336511,0.33734939759,0.722891566265,0.409638554217,0.0296442687747,11.4112398963,10.2410635896,0.147950089127,0.277108433735,0.277108433735,0.260869565217,5.82089552239,,0,,,,,,,,0.307692307692,1.76923076923,0.307692307692
2026,000221,ALL,SEASON,Ryan Ambler,M,12,216,18,0,0,2,10,1,28,27,1,4,0,13,0,493,67,288,0,0,0,0,0,0,28,4,4,0,0,0.29299719888,0.134328358209,0.0521961262773,0.496562261268,0.536676336511,0.142857142857,0.464285714286,0.142857142857,0.0833333333333,-6.72563672411,-4.17958108617,0.0567951318458,0.0149253731343,0.0357142857143,0,-0.268656716418,,0,,,,,,,,0.166666666667,0.833333333333,0.0833333333333
2026,000221,ARC,STINT,Ryan Ambler,M,12,216,18,0,0,2,10,1,28,27,1,4,0,13,0,493,67,288,0,0,0,0,0,0,28,4,4,0,0,0.29299719888,0.134328358209,0.0521961262773,0.496562261268,0.536676336511,0.142857142857,0.464285714286,0.142857142857,0.0833333333333,-6.72563672411,-4.17958108617,0.0567951318458,0.0149253731343,0.0357142857143,0,-0.268656716418,,0,,,,,,,,0.166666666667,0.833333333333,0.0833333333333
2026,000240,ALL,SEASON,Kieran McArdle,A,12,284,22,0,0,1,13,3,45,45,0,11,0,28,2,500,69,309,0,0,0,0,0,0,45,11,11,0,0,0.29299719888,0.134328358209,0.0521961262773,0.496562261268,0.536676336511,0.244444444444,0.622222222222,0.244444444444,0.0774647887324,-7.17630013726,-2.18487394958,0.09,0,0,,,,0,,,,,,,,0.0833333333333,1.08333333333,0.25
2026,000240,WAT,STINT,Kieran McArdle,A,12,284,22,0,0,1,13,3,45,45,0,11,0,28,2,500,69,309,0,0,0,0,0,0,45,11,11,0,0,0.29299719888,0.134328358209,0.0521961262773,0.496562261268,0.536676336511,0.244444444444,0.622222222222,0.244444444444,0.0774647887324,-7.17630013726,-2.18487394958,0.09,0,0,,,,0,,,,,,,,0.0833333333333,1.08333333333,0.25
2026,000242,ALL,SEASON,Kyle Hartzell,LSM,3,24,0,0,0,1,5,0,3,1,2,0,0,2,0,141,12,86,0,0,0,0,0,0,3,0,0,0,0,0.29299719888,0.134328358209,0.0521961262773,0.496562261268,0.536676336511,0,0.666666666667,0,0,1.25270703065,-0.830310631715,0.0212765957447,0.166666666667,0.666666666667,0,-0.537313432836,,0,,,,,,,,0.333333333333,1.66666666667,0
2026,000242,RED,STINT,Kyle Hartzell,LSM,3,24,0,0,0,1,5,0,3,1,2,0,0,2,0,141,12,86,0,0,0,0,0,0,3,0,0,0,0,0.29299719888,0.134328358209,0.0521961262773,0.496562261268,0.536676336511,0,0.666666666667,0,0,1.25270703065,-0.830310631715,0.0212765957447,0.166666666667,0.666666666667,0,-0.537313432836,,0,,,,,,,,0.333333333333,1.66666666667,0
2026,000254,ALL,SEASON,Trevor Baptiste,FO,7,61,7,177,94,0,54,3,8,7,1,0,0,4,2,288,46,192,0,0,0,0,0,0,8,0,0,0,0,0.29299719888,0.134328358209,0.0521961262773,0.496562261268,0.536676336511,0,0.5,0,0.114754098361,-3.81603629709,-2.31963710857,0.0277777777778,0.0217391304348,0.125,0,-0.268656716418,0.531073446328,0.921875,6.10847975554,,,,,,,0,7.71428571429,0.428571428571
2026,000254,ATL,STINT,Trevor Baptiste,FO,7,61,7,177,94,0,54,3,8,7,1,0,0,4,2,288,46,192,0,0,0,0,0,0,8,0,0,0,0,0.29299719888,0.134328358209,0.0521961262773,0.496562261268,0.536676336511,0,0.5,0,0.114754098361,-3.81603629709,-2.31963710857,0.0277777777778,0.0217391304348,0.125,0,-0.268656716418,0.531073446328,0.921875,6.10847975554,,,,,,,0,7.71428571429,0.428571428571
2026,000258,ALL,SEASON,Blaze Riorden,G,11,185,2,0,0,6,22,0,2,0,2,0,0,1,0,420,53,282,129,13,116,5,21,20,2,0,0,142,263,0.29299719888,0.134328358209,0.0521961262773,0.496562261268,0.536676336511,0,0.5,0,0.0108108108108,7.65628336129,-0.537313432836,0.0047619047619,0.0377358490566,1,0,-0.537313432836,,0,,0.539923954373,0.526530612245,0.722222222222,0.854123497721,0.926056338028,0.0704225352113,0.545454545455,2,0
2026,000258,CHA,STINT,Blaze Riorden,G,11,185,2,0,0,6,22,0,2,0,2,0,0,1,0,420,53,282,129,13,116,5,21,20,2,0,0,142,263,0.29299719888,0.134328358209,0.0521961262773,0.496562261268,0.536676336511,0,0.5,0,0.0108108108108,7.65628336129,-0.537313432836,0.0047619047619,0.0377358490566,1,0,-0.537313432836,,0,,0.539923954373,0.526530612245,0.722222222222,0.854123497721,0.926056338028,0.0704225352113,0.545454545455,2,0
2026,000262,ALL,SEASON,Connor Fields,A,12,357,28,0,0,1,22,2,77,77,0,24,0,51,6,493,67,288,0,0,0,0,0,0,77,24,24,0,0,0.29299719888,0.134328358209,0.0521961262773,0.496562261268,0.536676336511,0.311688311688,0.662337662338,0.311688311688,0.078431372549,-9.36598291902,1.43921568627,0.156186612576,0,0,,,,0,,,,,,,,0.0833333333333,1.83333333333,0.166666666667
2026,000262,ARC,STINT,Connor Fields,A,12,357,28,0,0,1,22,2,77,77,0,24,0,51,6,493,67,288,0,0,0,0,0,0,77,24,24,0,0,0.29299719888,0.134328358209,0.0521961262773,0.496562261268,0.536676336511,0.311688311688,0.662337662338,0.311688311688,0.078431372549,-9.36598291902,1.43921568627,0.156186612576,0,0,,,,0,,,,,,,,0.0833333333333,1.83333333333,0.166666666667
2026,000269,ALL,SEASON,Jarrod Neumann,D,12,80,5,0,0,5,14,6,6,1,5,0,0,3,1,466,57,311,0,0,0,0,0,0,6,0,0,0,0,0.29299719888,0.134328358209,0.0521961262773,0.496562261268,0.536676336511,0,0.5,0,0.0625,-0.824309897819,-1.63628078097,0.0128755364807,0.0877192982456,0.833333333333,0,-1.34328358209,,0,,,,,,,,0.416666666667,1.16666666667,0.5
2026,000269,CHA,STINT,Jarrod Neumann,D,12,80,5,0,0,5,14,6,6,1,5,0,0,3,1,466,57,311,0,0,0,0,0,0,6,0,0,0,0,0.29299719888,0.134328358209,0.0521961262773,0.496562261268,0.536676336511,0,0.5,0,0.0625,-0.824309897819,-1.63628078097,0.0128755364807,0.0877192982456,0.833333333333,0,-1.34328358209,,0,,,,,,,,0.416666666667,1.16666666667,0.5
2026,000275,ALL,SEASON,Mark Glicini,SSDM,1,2,0,3,1,0,1,0,0,0,0,0,0,0,0,46,4,29,0,0,0,0,0,0,0,0,0,0,0,0.29299719888,0.134328358209,0.0521961262773,0.496562261268,0.536676336511,,,,0,0.104392252555,,0,0,,,,0.333333333333,0.103448275862,-0.489686783804,,,,,,,0,1,0
2026,000275,CHA,STINT,Mark Glicini,SSDM,1,2,0,3,1,0,1,0,0,0,0,0,0,0,0,46,4,29,0,0,0,0,0,0,0,0,0,0,0,0.29299719888,0.134328358209,0.0521961262773,0.496562261268,0.536676336511,,,,0,0.104392252555,,0,0,,,,0.333333333333,0.103448275862,-0.489686783804,,,,,,,0,1,0
2026,000281,ALL,SEASON,Troy Reh,LSM,12,95,2,0,0,12,43,2,1,0,1,0,0,1,0,466,57,311,0,0,0,0,0,0,1,0,0,0,0,0.29299719888,0.134328358209,0.0521961262773,0.496562261268,0.536676336511,0,1,0,0.0210526315789,2.95863199634,-0.268656716418,0.00214592274678,0.0175438596491,1,0,-0.268656716418,,0,,,,,,,,1,3.58333333333,0.166666666667
2026,000281,CHA,STINT,Troy Reh,LSM,12,95,2,0,0,12,43,2,1,0,1,0,0,1,0,466,57,311,0,0,0,0,0,0,1,0,0,0,0,0.29299719888,0.134328358209,0.0521961262773,0.496562261268,0.536676336511,0,1,0,0.0210526315789,2.95863199634,-0.268656716418,0.00214592274678,0.0175438596491,1,0,-0.268656716418,,0,,,,,,,,1,3.58333333333,0.166666666667
2026,000302,ALL,SEASON,Michael Manley,D,11,76,5,0,0,9,20,1,5,2,3,0,0,2,0,444,63,288,0,0,0,0,0,0,5,0,0,0,0,0.29299719888,0.134328358209,0.0521961262773,0.496562261268,0.536676336511,0,0.4,0,0.0657894736842,-1.03309440293,-1.39196454701,0.0112612612613,0.047619047619,0.6,0,-0.805970149254,,0,,,,,,,,0.818181818182,1.81818181818,0.0909090909091
2026,000302,OUT,STINT,Michael Manley,D,11,76,5,0,0,9,20,1,5,2,3,0,0,2,0,444,63,288,0,0,0,0,0,0,5,0,0,0,0,0.29299719888,0.134328358209,0.0521961262773,0.496562261268,0.536676336511,0,0.4,0,0.0657894736842,-1.03309440293,-1.39196454701,0.0112612612613,0.047619047619,0.6,0,-0.805970149254,,0,,,,,,,,0.818181818182,1.81818181818,0.0909090909091
2026,000305,ALL,SEASON,Romar Dennis,M,2,21,0,0,0,0,1,0,7,2,5,0,0,3,0,87,16,41,0,0,0,0,0,0,7,0,0,0,0,0.29299719888,0.134328358209,0.0521961262773,0.496562261268,0.536676336511,0,0.428571428571,0,0,1.09611865182,-1.92927797985,0.0804597701149,0.3125,0.714285714286,0,-1.34328358209,,0,,,,,,,,0,0.5,0
2026,000305,RED,STINT,Romar Dennis,M,2,21,0,0,0,0,1,0,7,2,5,0,0,3,0,87,16,41,0,0,0,0,0,0,7,0,0,0,0,0.29299719888,0.134328358209,0.0521961262773,0.496562261268,0.536676336511,0,0.428571428571,0,0,1.09611865182,-1.92927797985,0.0804597701149,0.3125,0.714285714286,0,-1.34328358209,,0,,,,,,,,0,0.5,0
2026,000339,ALL,SEASON,Connor Kelly,M,5,129,8,0,0,1,2,0,27,12,15,1,3,13,0,212,32,130,0,0,0,0,0,0,27,4,7,0,0,0.29299719888,0.134328358209,0.0521961262773,0.496562261268,0.536676336511,0.148148148148,0.481481481481,0.259259259259,0.062015503876,-1.26669971023,-0.545817132823,0.127358490566,0.46875,0.555555555556,0.2,1.97014925373,,0,,,,,,,,0.2,0.4,0
2026,000339,WAT,STINT,Connor Kelly,M,5,129,8,0,0,1,2,0,27,12,15,1,3,13,0,212,32,130,0,0,0,0,0,0,27,4,7,0,0,0.29299719888,0.134328358209,0.0521961262773,0.496562261268,0.536676336511,0.148148148148,0.481481481481,0.259259259259,0.062015503876,-1.26669971023,-0.545817132823,0.127358490566,0.46875,0.555555555556,0.2,1.97014925373,,0,,,,,,,,0.2,0.4,0
2026,000345,ALL,SEASON,Jake Bernhardt,SSDM,2,12,2,3,0,1,2,0,1,1,0,0,0,0,0,80,6,50,0,0,0,0,0,0,1,0,0,0,0,0.29299719888,0.134328358209,0.0521961262773,0.496562261268,0.536676336511,0,0,0,0.166666666667,-1.37364648467,-0.29299719888,0.0125,0,0,,,0,0.06,-1.4896867838,,,,,,,0.5,1,0
2026,000345,WHP,STINT,Jake Bernhardt,SSDM,2,12,2,3,0,1,2,0,1,1,0,0,0,0,0,80,6,50,0,0,0,0,0,0,1,0,0,0,0,0.29299719888,0.134328358209,0.0521961262773,0.496562261268,0.536676336511,0,0,0,0.166666666667,-1.37364648467,-0.29299719888,0.0125,0,0,,,0,0.06,-1.4896867838,,,,,,,0.5,1,0
2026,000354,ALL,SEASON,Matt Rambo,A,6,110,7,0,0,1,9,0,16,16,0,3,0,8,0,242,35,165,0,0,0,0,0,0,16,3,3,0,0,0.29299719888,0.134328358209,0.0521961262773,0.496562261268,0.536676336511,0.1875,0.5,0.1875,0.0636363636364,-1.2584261095,-1.68795518207,0.0661157024793,0,0,,,,0,,,,,,,,0.166666666667,1.5,0
2026,000354,ATL,STINT,Matt Rambo,A,5,97,4,0,0,1,7,0,15,15,0,3,0,8,0,199,30,137,0,0,0,0,0,0,15,3,3,0,0,0.29299719888,0.134328358209,0.0521961262773,0.496562261268,0.536676336511,0.2,0.533333333333,0.2,0.0412371134021,1.06302424889,-1.39495798319,0.0753768844221,0,0,,,,0,,,,,,,,0.2,1.4,0
2026,000354,WHP,STINT,Matt Rambo,,1,13,3,0,0,0,2,0,1,1,0,0,0,0,0,43,5,28,0,0,0,0,0,0,1,0,0,0,0,0.29299719888,0.134328358209,0.0521961262773,0.496562261268,0.536676336511,0,0,0,0.230769230769,-2.3214503584,-0.29299719888,0.0232558139535,0,0,,,,0,,,,,,,,0,2,0
2026,000355,ALL,SEASON,Matthew Dunn,D,12,95,3,0,0,9,12,2,4,1,3,1,0,2,0,495,33,311,0,0,0,0,0,0,4,1,1,0,0,0.29299719888,0.134328358209,0.0521961262773,0.496562261268,0.536676336511,0.25,0.5,0.25,0.0315789473684,1.95863199634,-0.0989673481333,0.00808080808081,0.0909090909091,0.75,0,-0.805970149254,,0,,,,,,,,0.75,1,0.166666666667
2026,000355,WHP,STINT,Matthew Dunn,D,12,95,3,0,0,9,12,2,4,1,3,1,0,2,0,495,33,311,0,0,0,0,0,0,4,1,1,0,0,0.29299719888,0.134328358209,0.0521961262773,0.496562261268,0.536676336511,0.25,0.5,0.25,0.0315789473684,1.95863199634,-0.0989673481333,0.00808080808081,0.0909090909091,0.75,0,-0.805970149254,,0,,,,,,,,0.75,1,0.166666666667
2026,000359,ALL,SEASON,Tim Muller,D,13,113,2,0,0,13,15,0,0,0,0,0,0,0,0,538,38,339,0,0,0,0,0,0,0,0,0,0,0,0.29299719888,0.134328358209,0.0521961262773,0.496562261268,0.536676336511,,,,0.0176991150442,3.89816226933,,0,0,,,,,0,,,,,,,,1,1.15384615385,0
2026,000359,WHP,STINT,Tim Muller,D,13,113,2,0,0,13,15,0,0,0,0,0,0,0,0,538,38,339,0,0,0,0,0,0,0,0,0,0,0,0.29299719888,0.134328358209,0.0521961262773,0.496562261268,0.536676336511,,,,0.0176991150442,3.89816226933,,0,0,,,,,0,,,,,,,,1,1.15384615385,0
2026,000365,ALL,SEASON,Jack Rowlett,D,6,34,2,0,0,2,4,3,3,0,3,0,0,1,0,247,33,158,0,0,0,0,0,0,3,0,0,0,0,0.29299719888,0.134328358209,0.0521961262773,0.496562261268,0.536676336511,0,0.333333333333,0,0.0588235294118,-0.225331706573,-0.805970149254,0.0121457489879,0.0909090909091,1,0,-0.805970149254,,0,,,,,,,,0.333333333333,0.666666666667,0.5
2026,000365,CHA,STINT,Jack Rowlett,D,6,34,2,0,0,2,4,3,3,0,3,0,0,1,0,247,33,158,0,0,0,0,0,0,3,0,0,0,0,0.29299719888,0.134328358209,0.0521961262773,0.496562261268,0.536676336511,0,0.333333333333,0,0.0588235294118,-0.225331706573,-0.805970149254,0.0121457489879,0.0909090909091,1,0,-0.805970149254,,0,,,,,,,,0.333333333333,0.666666666667,0.5
2026,000366,ALL,SEASON,Connor Farrell,FO,5,24,4,119,57,0,33,0,1,1,0,0,0,1,0,217,34,126,0,0,0,0,0,0,1,0,0,0,0,0.29299719888,0.134328358209,0.0521961262773,0.496562261268,0.536676336511,0,1,0,0.166666666667,-2.74729296935,-0.29299719888,0.00460829493088,0,0,,,0.478991596639,0.944444444444,-2.09090909091,,,,,,,0,6.6,0
2026,000366,WAT,STINT,Connor Farrell,FO,5,24,4,119,57,0,33,0,1,1,0,0,0,1,0,217,34,126,0,0,0,0,0,0,1,0,0,0,0,0.29299719888,0.134328358209,0.0521961262773,0.496562261268,0.536676336511,0,1,0,0.166666666667,-2.74729296935,-0.29299719888,0.00460829493088,0,0,,,0.478991596639,0.944444444444,-2.09090909091,,,,,,,0,6.6,0
2026,000370,ALL,SEASON,Tim Troutner,G,2,2,0,0,0,0,0,0,0,0,0,0,0,0,0,75,10,47,0,0,0,1,0,1,0,0,0,0,1,0.29299719888,0.134328358209,0.0521961262773,0.496562261268,0.536676336511,,,,0,0.104392252555,,0,0,,,,,0,,0,,0,-0.536676336511,1,1,0,0,0
2026,000370,WAT,STINT,Tim Troutner,G,2,2,0,0,0,0,0,0,0,0,0,0,0,0,0,75,10,47,0,0,0,1,0,1,0,0,0,0,1,0.29299719888,0.134328358209,0.0521961262773,0.496562261268,0.536676336511,,,,0,0.104392252555,,0,0,,,,,0,,0,,0,-0.536676336511,1,1,0,0,0
2026,000373,ALL,SEASON,Ryder Garnsey,M,11,306,26,0,0,2,20,2,50,49,1,18,0,35,2,480,53,324,0,0,0,0,0,0,50,18,18,0,0,0.29299719888,0.134328358209,0.0521961262773,0.496562261268,0.536676336511,0.36,0.7,0.36,0.0849673202614,-10.0279853592,3.37448053848,0.104166666667,0.0188679245283,0.02,0,-0.268656716418,,0,,,,,,,,0.181818181818,1.81818181818,0.181818181818
2026,000373,RED,STINT,Ryder Garnsey,M,11,306,26,0,0,2,20,2,50,49,1,18,0,35,2,480,53,324,0,0,0,0,0,0,50,18,18,0,0,0.29299719888,0.134328358209,0.0521961262773,0.496562261268,0.536676336511,0.36,0.7,0.36,0.0849673202614,-10.0279853592,3.37448053848,0.104166666667,0.0188679245283,0.02,0,-0.268656716418,,0,,,,,,,,0.181818181818,1.81818181818,0.181818181818
2026,000390,ALL,SEASON,Brad Smith,M,2,26,2,0,0,0,4,0,5,1,4,0,1,3,0,80,6,50,0,0,0,0,0,0,5,1,2,0,0,0.29299719888,0.134328358209,0.0521961262773,0.496562261268,0.536676336511,0.2,0.6,0.4,0.0769230769231,-0.642900716791,0.632375935449,0.0625,0.666666666667,0.8,0.25,0.925373134328,,0,,,,,,,,0,2,0
2026,000390,WHP,STINT,Brad Smith,M,2,26,2,0,0,0,4,0,5,1,4,0,1,3,0,80,6,50,0,0,0,0,0,0,5,1,2,0,0,0.29299719888,0.134328358209,0.0521961262773,0.496562261268,0.536676336511,0.2,0.6,0.4,0.0769230769231,-0.642900716791,0.632375935449,0.0625,0.666666666667,0.8,0.25,0.925373134328,,0,,,,,,,,0,2,0
2026,000395,ALL,SEASON,Bryan Costabile,M,11,310,21,1,0,2,11,2,62,33,29,10,7,39,3,424,72,300,0,0,0,0,0,0,62,17,24,0,0,0.29299719888,0.134328358209,0.0521961262773,0.496562261268,0.536676336511,0.274193548387,0.629032258065,0.387096774194,0.0677419354839,-4.81920085405,6.54004766086,0.146226415094,0.402777777778,0.467741935484,0.241379310345,6.20895522388,0,0.00333333333333,-0.496562261268,,,,,,,0.181818181818,1,0.181818181818
2026,000395,ATL,STINT,Bryan Costabile,M,11,310,21,1,0,2,11,2,62,33,29,10,7,39,3,424,72,300,0,0,0,0,0,0,62,17,24,0,0,0.29299719888,0.134328358209,0.0521961262773,0.496562261268,0.536676336511,0.274193548387,0.629032258065,0.387096774194,0.0677419354839,-4.81920085405,6.54004766086,0.146226415094,0.402777777778,0.467741935484,0.241379310345,6.20895522388,0,0.00333333333333,-0.496562261268,,,,,,,0.181818181818,1,0.181818181818
2026,000408,ALL,SEASON,Matt DeLuca,G,9,99,3,0,0,0,12,0,2,0,2,0,0,0,0,373,50,239,69,16,68,5,8,23,2,0,0,85,158,0.29299719888,0.134328358209,0.0521961262773,0.496562261268,0.536676336511,0,0,0,0.030303030303,2.16741650145,-0.537313432836,0.00536193029491,0.04,1,0,-0.537313432836,,0,,0.537974683544,0.503649635036,0.761904761905,0.20513883133,0.951807228916,0.138554216867,0,1.33333333333,0
2026,000408,WAT,STINT,Matt DeLuca,G,9,99,3,0,0,0,12,0,2,0,2,0,0,0,0,373,50,239,69,16,68,5,8,23,2,0,0,85,158,0.29299719888,0.134328358209,0.0521961262773,0.496562261268,0.536676336511,0,0,0,0.030303030303,2.16741650145,-0.537313432836,0.00536193029491,0.04,1,0,-0.537313432836,,0,,0.537974683544,0.503649635036,0.761904761905,0.20513883133,0.951807228916,0.138554216867,0,1.33333333333,0
2026,000409,ALL,SEASON,Zach Currier,SSDM,11,186,5,13,6,9,68,2,10,8,2,2,0,8,1,459,61,281,0,0,0,0,0,0,10,2,2,0,0,0.29299719888,0.134328358209,0.0521961262773,0.496562261268,0.536676336511,0.2,0.8,0.2,0.0268817204301,4.70847948757,-0.881291023872,0.0217864923747,0.0327868852459,0.2,0,-0.537313432836,0.461538461538,0.0462633451957,-0.455309396486,,,,,,,0.818181818182,6.18181818182,0.181818181818
2026,000409,WAT,STINT,Zach Currier,SSDM,11,186,5,13,6,9,68,2,10,8,2,2,0,8,1,459,61,281,0,0,0,0,0,0,10,2,2,0,0,0.29299719888,0.134328358209,0.0521961262773,0.496562261268,0.536676336511,0.2,0.8,0.2,0.0268817204301,4.70847948757,-0.881291023872,0.0217864923747,0.0327868852459,0.2,0,-0.537313432836,0.461538461538,0.0462633451957,-0.455309396486,,,,,,,0.818181818182,6.18181818182,0.181818181818
2026,000410,ALL,SEASON,Eli Gobrecht,SSDM,10,39,4,2,0,8,15,2,4,4,0,2,0,2,0,394,64,275,0,0,0,0,0,0,4,2,2,0,0,0.29299719888,0.134328358209,0.0521961262773,0.496562261268,0.536676336511,0.5,0.5,0.5,0.102564102564,-1.96435107519,0.828011204482,0.010152284264,0,0,,,0,0.00727272727273,-0.993124522536,,,,,,,0.8,1.5,0.2
2026,000410,ATL,STINT,Eli Gobrecht,SSDM,10,39,4,2,0,8,15,2,4,4,0,2,0,2,0,394,64,275,0,0,0,0,0,0,4,2,2,0,0,0.29299719888,0.134328358209,0.0521961262773,0.496562261268,0.536676336511,0.5,0.5,0.5,0.102564102564,-1.96435107519,0.828011204482,0.010152284264,0,0,,,0,0.00727272727273,-0.993124522536,,,,,,,0.8,1.5,0.2
2026,000414,ALL,SEASON,Rob Pannell,A,13,378,26,0,0,2,22,2,74,73,1,16,0,41,3,538,38,339,0,0,0,0,0,0,74,16,16,0,0,0.29299719888,0.134328358209,0.0521961262773,0.496562261268,0.536676336511,0.216216216216,0.554054054054,0.216216216216,0.0687830687831,-6.2698642672,-5.65745223463,0.137546468401,0.0263157894737,0.0135135135135,0,-0.268656716418,,0,,,,,,,,0.153846153846,1.69230769231,0.153846153846
2026,000414,WHP,STINT,Rob Pannell,A,13,378,26,0,0,2,22,2,74,73,1,16,0,41,3,538,38,339,0,0,0,0,0,0,74,16,16,0,0,0.29299719888,0.134328358209,0.0521961262773,0.496562261268,0.536676336511,0.216216216216,0.554054054054,0.216216216216,0.0687830687831,-6.2698642672,-5.65745223463,0.137546468401,0.0263157894737,0.0135135135135,0,-0.268656716418,,0,,,,,,,,0.153846153846,1.69230769231,0.153846153846
2026,000418,ALL,SEASON,Dillon Ward,G,13,143,3,0,0,2,13,1,1,0,1,0,0,1,0,567,69,365,121,24,124,10,17,37,1,0,0,145,279,0.29299719888,0.134328358209,0.0521961262773,0.496562261268,0.536676336511,0,1,0,0.020979020979,4.46404605765,-0.268656716418,0.00176366843034,0.0144927536232,1,0,-0.268656716418,,0,,0.519713261649,0.49387755102,0.705882352941,-4.73269788645,0.942567567568,0.125,0.153846153846,1,0.0769230769231
2026,000418,RED,STINT,Dillon Ward,G,13,143,3,0,0,2,13,1,1,0,1,0,0,1,0,567,69,365,121,24,124,10,17,37,1,0,0,145,279,0.29299719888,0.134328358209,0.0521961262773,0.496562261268,0.536676336511,0,1,0,0.020979020979,4.46404605765,-0.268656716418,0.00176366843034,0.0144927536232,1,0,-0.268656716418,,0,,0.519713261649,0.49387755102,0.705882352941,-4.73269788645,0.942567567568,0.125,0.153846153846,1,0.0769230769231
2026,000419,ALL,SEASON,Zed Williams,M,2,43,3,0,0,0,1,0,5,3,2,0,1,4,0,84,17,51,0,0,0,0,0,0,5,1,2,0,0,0.29299719888,0.134328358209,0.0521961262773,0.496562261268,0.536676336511,0.2,0.8,0.4,0.0697674418605,-0.755566570078,0.583694970526,0.0595238095238,0.117647058824,0.4,0.5,1.46268656716,,0,,,,,,,,0,0.5,0
2026,000419,WAT,STINT,Zed Williams,M,2,43,3,0,0,0,1,0,5,3,2,0,1,4,0,84,17,51,0,0,0,0,0,0,5,1,2,0,0,0.29299719888,0.134328358209,0.0521961262773,0.496562261268,0.536676336511,0.2,0.8,0.4,0.0697674418605,-0.755566570078,0.583694970526,0.0595238095238,0.117647058824,0.4,0.5,1.46268656716,,0,,,,,,,,0,0.5,0
2026,000815,ALL,SEASON,Austin Kaut,G,4,33,2,0,0,0,3,0,2,0,2,0,0,1,0,172,19,107,18,6,15,4,3,10,2,0,0,24,43,0.29299719888,0.134328358209,0.0521961262773,0.496562261268,0.536676336511,0,0.5,0,0.0606060606061,-0.27752783285,-0.537313432836,0.0116279069767,0.105263157895,1,0,-0.537313432836,,0,,0.558139534884,0.545454545455,0.6,0.922917530046,0.934782608696,0.217391304348,0,0.75,0
2026,000815,CHA,STINT,Austin Kaut,G,4,33,2,0,0,0,3,0,2,0,2,0,0,1,0,172,19,107,18,6,15,4,3,10,2,0,0,24,43,0.29299719888,0.134328358209,0.0521961262773,0.496562261268,0.536676336511,0,0.5,0,0.0606060606061,-0.27752783285,-0.537313432836,0.0116279069767,0.105263157895,1,0,-0.537313432836,,0,,0.558139534884,0.545454545455,0.6,0.922917530046,0.934782608696,0.217391304348,0,0.75,0
2026,000925,ALL,SEASON,Liam Byrnes,D,5,38,2,0,0,6,9,0,0,0,0,0,0,0,0,194,25,128,0,0,0,0,0,0,0,0,0,0,0,0.29299719888,0.134328358209,0.0521961262773,0.496562261268,0.536676336511,,,,0.0526315789474,-0.0165472014641,,0,0,,,,,0,,,,,,,,1.2,1.8,0
2026,000925,CHA,STINT,Liam Byrnes,D,5,38,2,0,0,6,9,0,0,0,0,0,0,0,0,194,25,128,0,0,0,0,0,0,0,0,0,0,0,0.29299719888,0.134328358209,0.0521961262773,0.496562261268,0.536676336511,,,,0.0526315789474,-0.0165472014641,,0,0,,,,,0,,,,,,,,1.2,1.8,0
2026,000978,ALL,SEASON,Kyle Jackson,M,1,10,2,0,0,0,0,0,1,1,0,0,0,1,0,38,8,29,0,0,0,0,0,0,1,0,0,0,0,0.29299719888,0.134328358209,0.0521961262773,0.496562261268,0.536676336511,0,1,0,0.2,-1.47803873723,-0.29299719888,0.0263157894737,0,0,,,,0,,,,,,,,0,0,0
2026,000978,ATL,STINT,Kyle Jackson,M,1,10,2,0,0,0,0,0,1,1,0,0,0,1,0,38,8,29,0,0,0,0,0,0,1,0,0,0,0,0.29299719888,0.134328358209,0.0521961262773,0.496562261268,0.536676336511,0,1,0,0.2,-1.47803873723,-0.29299719888,0.0263157894737,0,0,,,,0,,,,,,,,0,0,0
2026,001001,ALL,SEASON,Dylan Molloy,A,13,336,31,0,0,5,19,1,98,94,4,31,0,60,4,567,69,365,0,0,0,0,0,0,98,31,31,0,0,0.29299719888,0.134328358209,0.0521961262773,0.496562261268,0.536676336511,0.316326530612,0.612244897959,0.316326530612,0.0922619047619,-13.4621015708,2.38363643965,0.172839506173,0.0579710144928,0.0408163265306,0,-1.07462686567,,0,,,,,,,,0.384615384615,1.46153846154,0.0769230769231
2026,001001,RED,STINT,Dylan Molloy,A,13,336,31,0,0,5,19,1,98,94,4,31,0,60,4,567,69,365,0,0,0,0,0,0,98,31,31,0,0,0.29299719888,0.134328358209,0.0521961262773,0.496562261268,0.536676336511,0.316326530612,0.612244897959,0.316326530612,0.0922619047619,-13.4621015708,2.38363643965,0.172839506173,0.0579710144928,0.0408163265306,0,-1.07462686567,,0,,,,,,,,0.384615384615,1.46153846154,0.0769230769231
2026,001009,ALL,SEASON,Colin Heacock,M,13,169,6,0,0,2,5,1,38,35,3,10,0,24,5,538,38,339,0,0,0,0,0,0,38,10,10,0,0,0.29299719888,0.134328358209,0.0521961262773,0.496562261268,0.536676336511,0.263157894737,0.631578947368,0.263157894737,0.0355029585799,2.82114534086,-1.06087211004,0.0706319702602,0.0789473684211,0.0789473684211,0,-0.805970149254,,0,,,,,,,,0.153846153846,0.384615384615,0.0769230769231
2026,001009,WHP,STINT,Colin Heacock,M,13,169,6,0,0,2,5,1,38,35,3,10,0,24,5,538,38,339,0,0,0,0,0,0,38,10,10,0,0,0.29299719888,0.134328358209,0.0521961262773,0.496562261268,0.536676336511,0.263157894737,0.631578947368,0.263157894737,0.0355029585799,2.82114534086,-1.06087211004,0.0706319702602,0.0789473684211,0.0789473684211,0,-0.805970149254,,0,,,,,,,,0.153846153846,0.384615384615,0.0769230769231
2026,001391,ALL,SEASON,Mikie Schlosser,M,1,4,0,0,0,0,0,0,1,1,0,0,0,0,0,29,5,20,0,0,0,0,0,0,1,0,0,0,0,0.29299719888,0.134328358209,0.0521961262773,0.496562261268,0.536676336511,0,0,0,0,0.208784505109,-0.29299719888,0.0344827586207,0,0,,,,0,,,,,,,,0,0,0
2026,001391,OUT,STINT,Mikie Schlosser,M,1,4,0,0,0,0,0,0,1,1,0,0,0,0,0,29,5,20,0,0,0,0,0,0,1,0,0,0,0,0.29299719888,0.134328358209,0.0521961262773,0.496562261268,0.536676336511,0,0,0,0,0.208784505109,-0.29299719888,0.0344827586207,0,0,,,,0,,,,,,,,0,0,0
2026,001397,ALL,SEASON,Michael Rexrode,D,12,73,2,0,0,16,12,5,2,0,2,0,0,0,0,474,77,326,0,0,0,0,0,0,2,0,0,0,0,0.29299719888,0.134328358209,0.0521961262773,0.496562261268,0.536676336511,0,0,0,0.027397260274,1.81031721824,-0.537313432836,0.0042194092827,0.025974025974,1,0,-0.537313432836,,0,,,,,,,,1.33333333333,1,0.416666666667
2026,001397,ATL,STINT,Michael Rexrode,D,12,73,2,0,0,16,12,5,2,0,2,0,0,0,0,474,77,326,0,0,0,0,0,0,2,0,0,0,0,0.29299719888,0.134328358209,0.0521961262773,0.496562261268,0.536676336511,0,0,0,0.027397260274,1.81031721824,-0.537313432836,0.0042194092827,0.025974025974,1,0,-0.537313432836,,0,,,,,,,,1.33333333333,1,0.416666666667
2026,001406,ALL,SEASON,Ben Randall,D,11,65,6,0,0,13,26,3,1,1,0,0,0,1,0,437,63,284,0,0,0,0,0,0,1,0,0,0,0,0.29299719888,0.134328358209,0.0521961262773,0.496562261268,0.536676336511,0,1,0,0.0923076923077,-2.60725179198,-0.29299719888,0.00228832951945,0,0,,,,0,,,,,,,,1.18181818182,2.36363636364,0.272727272727
2026,001406,OUT,STINT,Ben Randall,D,11,65,6,0,0,13,26,3,1,1,0,0,0,1,0,437,63,284,0,0,0,0,0,0,1,0,0,0,0,0.29299719888,0.134328358209,0.0521961262773,0.496562261268,0.536676336511,0,1,0,0.0923076923077,-2.60725179198,-0.29299719888,0.00228832951945,0,0,,,,0,,,,,,,,1.18181818182,2.36363636364,0.272727272727
2026,001415,ALL,SEASON,Greg Weyl,LSM,10,26,1,0,0,8,14,2,4,2,2,0,0,0,0,398,59,248,0,0,0,0,0,0,4,0,0,0,0,0.29299719888,0.134328358209,0.0521961262773,0.496562261268,0.536676336511,0,0,0,0.0384615384615,0.357099283209,-1.12330783059,0.0100502512563,0.0338983050847,0.5,0,-0.537313432836,,0,,,,,,,,0.8,1.4,0.2
2026,001415,OUT,STINT,Greg Weyl,LSM,10,26,1,0,0,8,14,2,4,2,2,0,0,0,0,398,59,248,0,0,0,0,0,0,4,0,0,0,0,0.29299719888,0.134328358209,0.0521961262773,0.496562261268,0.536676336511,0,0,0,0.0384615384615,0.357099283209,-1.12330783059,0.0100502512563,0.0338983050847,0.5,0,-0.537313432836,,0,,,,,,,,0.8,1.4,0.2
2026,001661,ALL,SEASON,Warren Jeffrey,D,10,49,1,0,0,2,12,6,0,0,0,0,0,0,0,423,57,250,0,0,0,0,0,0,0,0,0,0,0,0.29299719888,0.134328358209,0.0521961262773,0.496562261268,0.536676336511,,,,0.0204081632653,1.55761018759,,0,0,,,,,0,,,,,,,,0.2,1.2,0.6
2026,001661,ARC,STINT,Warren Jeffrey,D,10,49,1,0,0,2,12,6,0,0,0,0,0,0,0,423,57,250,0,0,0,0,0,0,0,0,0,0,0,0.29299719888,0.134328358209,0.0521961262773,0.496562261268,0.536676336511,,,,0.0204081632653,1.55761018759,,0,0,,,,,0,,,,,,,,0.2,1.2,0.6
2026,001671,ALL,SEASON,Zach Goodrich,SSDM,13,42,3,0,0,8,3,9,0,0,0,0,0,0,0,561,83,343,0,0,0,0,0,0,0,0,0,0,0,0.29299719888,0.134328358209,0.0521961262773,0.496562261268,0.536676336511,,,,0.0714285714286,-0.807762696355,,0,0,,,,,0,,,,,,,,0.615384615385,0.230769230769,0.692307692308
2026,001671,CAN,STINT,Zach Goodrich,SSDM,13,42,3,0,0,8,3,9,0,0,0,0,0,0,0,561,83,343,0,0,0,0,0,0,0,0,0,0,0,0.29299719888,0.134328358209,0.0521961262773,0.496562261268,0.536676336511,,,,0.0714285714286,-0.807762696355,,0,0,,,,,0,,,,,,,,0.615384615385,0.230769230769,0.692307692308
2026,001707,ALL,SEASON,Matt Whitcher,SSDM,11,82,3,1,0,6,14,4,9,7,2,2,0,6,1,457,60,286,0,0,0,0,0,0,9,2,2,0,0,0.29299719888,0.134328358209,0.0521961262773,0.496562261268,0.536676336511,0.222222222222,0.666666666667,0.222222222222,0.0365853658537,1.28008235474,-0.588293824993,0.019693654267,0.0333333333333,0.222222222222,0,-0.537313432836,0,0.0034965034965,-0.496562261268,,,,,,,0.545454545455,1.27272727273,0.363636363636
2026,001707,WAT,STINT,Matt Whitcher,SSDM,11,82,3,1,0,6,14,4,9,7,2,2,0,6,1,457,60,286,0,0,0,0,0,0,9,2,2,0,0,0.29299719888,0.134328358209,0.0521961262773,0.496562261268,0.536676336511,0.222222222222,0.666666666667,0.222222222222,0.0365853658537,1.28008235474,-0.588293824993,0.019693654267,0.0333333333333,0.222222222222,0,-0.537313432836,0,0.0034965034965,-0.496562261268,,,,,,,0.545454545455,1.27272727273,0.363636363636
2026,001729,ALL,SEASON,Chris Aslanian,M,5,83,3,0,0,0,2,0,14,8,6,2,1,10,0,180,28,124,0,0,0,0,0,0,14,3,4,0,0,0.29299719888,0.134328358209,0.0521961262773,0.496562261268,0.536676336511,0.214285714286,0.714285714286,0.285714285714,0.0361445783133,1.33227848101,0.0440821104561,0.0777777777778,0.214285714286,0.428571428571,0.166666666667,0.388059701493,,0,,,,,,,,0,0.4,0
2026,001729,CHA,STINT,Chris Aslanian,M,5,83,3,0,0,0,2,0,14,8,6,2,1,10,0,180,28,124,0,0,0,0,0,0,14,3,4,0,0,0.29299719888,0.134328358209,0.0521961262773,0.496562261268,0.536676336511,0.214285714286,0.714285714286,0.285714285714,0.0361445783133,1.33227848101,0.0440821104561,0.0777777777778,0.214285714286,0.428571428571,0.166666666667,0.388059701493,,0,,,,,,,,0,0.4,0
2026,001733,ALL,SEASON,Charlie Hayes,SSDM,10,43,3,0,0,3,9,1,0,0,0,0,0,0,0,414,57,260,0,0,0,0,0,0,0,0,0,0,0,0.29299719888,0.134328358209,0.0521961262773,0.496562261268,0.536676336511,,,,0.0697674418605,-0.755566570078,,0,0,,,,,0,,,,,,,,0.3,0.9,0.1
2026,001733,WAT,STINT,Charlie Hayes,SSDM,10,43,3,0,0,3,9,1,0,0,0,0,0,0,0,414,57,260,0,0,0,0,0,0,0,0,0,0,0,0.29299719888,0.134328358209,0.0521961262773,0.496562261268,0.536676336511,,,,0.0697674418605,-0.755566570078,,0,0,,,,,0,,,,,,,,0.3,0.9,0.1
2026,001773,ALL,SEASON,Nick Washuta,G,3,39,0,0,0,1,5,0,0,0,0,0,0,0,0,112,18,59,19,7,15,1,3,9,0,0,0,26,42,0.29299719888,0.134328358209,0.0521961262773,0.496562261268,0.536676336511,,,,0,2.03564892481,,0,0,,,,,0,,0.619047619048,0.558823529412,0.875,3.45959386656,0.933333333333,0.2,0.333333333333,1.66666666667,0
2026,001773,ARC,STINT,Nick Washuta,G,3,39,0,0,0,1,5,0,0,0,0,0,0,0,0,112,18,59,19,7,15,1,3,9,0,0,0,26,42,0.29299719888,0.134328358209,0.0521961262773,0.496562261268,0.536676336511,,,,0,2.03564892481,,0,0,,,,,0,,0.619047619048,0.558823529412,0.875,3.45959386656,0.933333333333,0.2,0.333333333333,1.66666666667,0
2026,001795,ALL,SEASON,Christian Scarpello,SSDM,11,58,4,12,1,2,8,1,4,4,0,1,0,2,0,420,53,282,0,0,0,0,0,0,4,1,1,0,0,0.29299719888,0.134328358209,0.0521961262773,0.496562261268,0.536676336511,0.25,0.5,0.25,0.0689655172414,-0.972624675919,-0.171988795518,0.00952380952381,0,0,,,0.0833333333333,0.0425531914894,-4.95874713522,,,,,,,0.181818181818,0.727272727273,0.0909090909091
2026,001795,CHA,STINT,Christian Scarpello,SSDM,11,58,4,12,1,2,8,1,4,4,0,1,0,2,0,420,53,282,0,0,0,0,0,0,4,1,1,0,0,0.29299719888,0.134328358209,0.0521961262773,0.496562261268,0.536676336511,0.25,0.5,0.25,0.0689655172414,-0.972624675919,-0.171988795518,0.00952380952381,0,0,,,0.0833333333333,0.0425531914894,-4.95874713522,,,,,,,0.181818181818,0.727272727273,0.0909090909091
2026,001810,ALL,SEASON,Michael Sowers,A,12,448,22,0,0,2,13,0,78,78,0,29,0,62,9,500,69,309,0,0,0,0,0,0,78,29,29,0,0,0.29299719888,0.134328358209,0.0521961262773,0.496562261268,0.536676336511,0.371794871795,0.794871794872,0.371794871795,0.0491071428571,1.38386457221,6.14621848739,0.156,0,0,,,,0,,,,,,,,0.166666666667,1.08333333333,0
2026,001810,WAT,STINT,Michael Sowers,A,12,448,22,0,0,2,13,0,78,78,0,29,0,62,9,500,69,309,0,0,0,0,0,0,78,29,29,0,0,0.29299719888,0.134328358209,0.0521961262773,0.496562261268,0.536676336511,0.371794871795,0.794871794872,0.371794871795,0.0491071428571,1.38386457221,6.14621848739,0.156,0,0,,,,0,,,,,,,,0.166666666667,1.08333333333,0
2026,001811,ALL,SEASON,JT Giles-Harris,D,12,80,2,0,0,6,19,2,1,0,1,0,0,0,0,473,68,308,0,0,0,0,0,0,1,0,0,0,0,0.29299719888,0.134328358209,0.0521961262773,0.496562261268,0.536676336511,0,0,0,0.025,2.17569010218,-0.268656716418,0.00211416490486,0.0147058823529,1,0,-0.268656716418,,0,,,,,,,,0.5,1.58333333333,0.166666666667
2026,001811,OUT,STINT,JT Giles-Harris,D,12,80,2,0,0,6,19,2,1,0,1,0,0,0,0,473,68,308,0,0,0,0,0,0,1,0,0,0,0,0.29299719888,0.134328358209,0.0521961262773,0.496562261268,0.536676336511,0,0,0,0.025,2.17569010218,-0.268656716418,0.00211416490486,0.0147058823529,1,0,-0.268656716418,,0,,,,,,,,0.5,1.58333333333,0.166666666667
2026,001812,ALL,SEASON,TD Ierlan,FO,13,126,3,353,206,2,119,2,14,12,2,2,0,7,0,567,69,365,0,0,0,0,0,0,14,2,2,0,0,0.29299719888,0.134328358209,0.0521961262773,0.496562261268,0.536676336511,0.142857142857,0.5,0.142857142857,0.0238095238095,3.57671191093,-2.05327981939,0.0246913580247,0.0289855072464,0.142857142857,0,-0.537313432836,0.583569405099,0.967123287671,30.7135217723,,,,,,,0.153846153846,9.15384615385,0.153846153846
2026,001812,RED,STINT,TD Ierlan,FO,13,126,3,353,206,2,119,2,14,12,2,2,0,7,0,567,69,365,0,0,0,0,0,0,14,2,2,0,0,0.29299719888,0.134328358209,0.0521961262773,0.496562261268,0.536676336511,0.142857142857,0.5,0.142857142857,0.0238095238095,3.57671191093,-2.05327981939,0.0246913580247,0.0289855072464,0.142857142857,0,-0.537313432836,0.583569405099,0.967123287671,30.7135217723,,,,,,,0.153846153846,9.15384615385,0.153846153846
2026,001813,ALL,SEASON,Jared Conners,LSM,13,108,7,0,0,11,35,0,20,6,14,2,1,8,0,567,69,365,0,0,0,0,0,0,20,3,4,0,0,0.29299719888,0.134328358209,0.0521961262773,0.496562261268,0.536676336511,0.15,0.4,0.2,0.0648148148148,-1.36281836206,-1.51917722313,0.0352733686067,0.202898550725,0.7,0.0714285714286,-1.76119402985,,0,,,,,,,,0.846153846154,2.69230769231,0
2026,001813,RED,STINT,Jared Conners,LSM,13,108,7,0,0,11,35,0,20,6,14,2,1,8,0,567,69,365,0,0,0,0,0,0,20,3,4,0,0,0.29299719888,0.134328358209,0.0521961262773,0.496562261268,0.536676336511,0.15,0.4,0.2,0.0648148148148,-1.36281836206,-1.51917722313,0.0352733686067,0.202898550725,0.7,0.0714285714286,-1.76119402985,,0,,,,,,,,0.846153846154,2.69230769231,0
2026,001814,ALL,SEASON,Mac O'Keefe,A,12,314,12,0,0,2,12,3,69,57,12,19,3,41,2,493,67,288,0,0,0,0,0,0,69,22,25,0,0,0.29299719888,0.134328358209,0.0521961262773,0.496562261268,0.536676336511,0.31884057971,0.594202898551,0.36231884058,0.0382165605096,4.38958365106,5.07527906685,0.139959432049,0.179104477612,0.173913043478,0.25,2.77611940299,,0,,,,,,,,0.166666666667,1,0.25
2026,001814,ARC,STINT,Mac O'Keefe,A,12,314,12,0,0,2,12,3,69,57,12,19,3,41,2,493,67,288,0,0,0,0,0,0,69,22,25,0,0,0.29299719888,0.134328358209,0.0521961262773,0.496562261268,0.536676336511,0.31884057971,0.594202898551,0.36231884058,0.0382165605096,4.38958365106,5.07527906685,0.139959432049,0.179104477612,0.173913043478,0.25,2.77611940299,,0,,,,,,,,0.166666666667,1,0.25
2026,001815,ALL,SEASON,Connor Kirst,M,12,84,4,19,8,5,23,2,18,12,6,5,0,9,0,520,73,318,0,0,0,0,0,0,18,5,5,0,0,0.29299719888,0.134328358209,0.0521961262773,0.496562261268,0.536676336511,0.277777777778,0.5,0.277777777778,0.047619047619,0.38447460729,-0.127906685062,0.0346153846154,0.0821917808219,0.333333333333,0,-1.61194029851,0.421052631579,0.059748427673,-1.43468296409,,,,,,,0.416666666667,1.91666666667,0.166666666667
2026,001815,CAN,STINT,Connor Kirst,M,12,84,4,19,8,5,23,2,18,12,6,5,0,9,0,520,73,318,0,0,0,0,0,0,18,5,5,0,0,0.29299719888,0.134328358209,0.0521961262773,0.496562261268,0.536676336511,0.277777777778,0.5,0.277777777778,0.047619047619,0.38447460729,-0.127906685062,0.0346153846154,0.0821917808219,0.333333333333,0,-1.61194029851,0.421052631579,0.059748427673,-1.43468296409,,,,,,,0.416666666667,1.91666666667,0.166666666667
2026,001816,ALL,SEASON,Dox Aitken,M,1,6,0,0,0,0,0,0,2,2,0,1,0,2,0,42,5,24,0,0,0,0,0,0,2,1,1,0,0,0.29299719888,0.134328358209,0.0521961262773,0.496562261268,0.536676336511,0.5,1,0.5,0,0.313176757664,0.414005602241,0.047619047619,0,0,,,,0,,,,,,,,0,0,0
2026,001816,WAT,STINT,Dox Aitken,M,1,6,0,0,0,0,0,0,2,2,0,1,0,2,0,42,5,24,0,0,0,0,0,0,2,1,1,0,0,0.29299719888,0.134328358209,0.0521961262773,0.496562261268,0.536676336511,0.5,1,0.5,0,0.313176757664,0.414005602241,0.047619047619,0,0,,,,0,,,,,,,,0,0,0
2026,001817,ALL,SEASON,Jack Kielty,D,13,70,5,0,0,15,25,1,0,0,0,0,0,0,0,561,83,343,0,0,0,0,0,0,0,0,0,0,0,0.29299719888,0.134328358209,0.0521961262773,0.496562261268,0.536676336511,,,,0.0714285714286,-1.34627116059,,0,0,,,,,0,,,,,,,,1.15384615385,1.92307692308,0.0769230769231
2026,001817,CAN,STINT,Jack Kielty,D,13,70,5,0,0,15,25,1,0,0,0,0,0,0,0,561,83,343,0,0,0,0,0,0,0,0,0,0,0,0.29299719888,0.134328358209,0.0521961262773,0.496562261268,0.536676336511,,,,0.0714285714286,-1.34627116059,,0,0,,,,,0,,,,,,,,1.15384615385,1.92307692308,0.0769230769231
2026,001819,ALL,SEASON,Danny Logan,SSDM,9,78,4,14,1,5,19,1,5,3,2,1,0,4,1,346,56,243,0,0,0,0,0,0,5,1,1,0,0,0.29299719888,0.134328358209,0.0521961262773,0.496562261268,0.536676336511,0.2,0.8,0.2,0.0512820512821,0.0712978496264,-0.416305029474,0.014450867052,0.0357142857143,0.4,0,-0.537313432836,0.0714285714286,0.0576131687243,-5.95187165775,,,,,,,0.555555555556,2.11111111111,0.111111111111
2026,001819,ATL,STINT,Danny Logan,SSDM,9,78,4,14,1,5,19,1,5,3,2,1,0,4,1,346,56,243,0,0,0,0,0,0,5,1,1,0,0,0.29299719888,0.134328358209,0.0521961262773,0.496562261268,0.536676336511,0.2,0.8,0.2,0.0512820512821,0.0712978496264,-0.416305029474,0.014450867052,0.0357142857143,0.4,0,-0.537313432836,0.0714285714286,0.0576131687243,-5.95187165775,,,,,,,0.555555555556,2.11111111111,0.111111111111
2026,001820,ALL,SEASON,Ryan Terefenko,SSDM,11,146,7,1,0,2,21,2,15,12,3,3,1,12,0,429,66,294,0,0,0,0,0,0,15,4,5,0,0,0.29299719888,0.134328358209,0.0521961262773,0.496562261268,0.536676336511,0.266666666667,0.8,0.333333333333,0.0479452054795,0.62063443648,0.678063464192,0.034965034965,0.0454545454545,0.2,0.333333333333,1.19402985075,0,0.00340136054422,-0.496562261268,,,,,,,0.181818181818,1.90909090909,0.181818181818
2026,001820,OUT,STINT,Ryan Terefenko,SSDM,11,146,7,1,0,2,21,2,15,12,3,3,1,12,0,429,66,294,0,0,0,0,0,0,15,4,5,0,0,0.29299719888,0.134328358209,0.0521961262773,0.496562261268,0.536676336511,0.266666666667,0.8,0.333333333333,0.0479452054795,0.62063443648,0.678063464192,0.034965034965,0.0454545454545,0.2,0.333333333333,1.19402985075,0,0.00340136054422,-0.496562261268,,,,,,,0.181818181818,1.90909090909,0.181818181818
2026,001821,ALL,SEASON,Tre Leclaire,M,10,236,7,0,0,0,6,2,48,31,17,13,3,29,1,423,57,250,0,0,0,0,0,0,48,16,19,0,0,0.29299719888,0.134328358209,0.0521961262773,0.496562261268,0.536676336511,0.333333333333,0.604166666667,0.395833333333,0.0296610169492,5.31828580143,5.34992265563,0.113475177305,0.298245614035,0.354166666667,0.176470588235,1.4328358209,,0,,,,,,,,0,0.6,0.2
2026,001821,ARC,STINT,Tre Leclaire,M,10,236,7,0,0,0,6,2,48,31,17,13,3,29,1,423,57,250,0,0,0,0,0,0,48,16,19,0,0,0.29299719888,0.134328358209,0.0521961262773,0.496562261268,0.536676336511,0.333333333333,0.604166666667,0.395833333333,0.0296610169492,5.31828580143,5.34992265563,0.113475177305,0.298245614035,0.354166666667,0.176470588235,1.4328358209,,0,,,,,,,,0,0.6,0.2
2026,001826,ALL,SEASON,Jeff Trainor,SSDM,11,73,3,0,0,4,14,5,11,8,3,3,1,7,0,463,77,286,0,0,0,0,0,0,11,4,5,0,0,0.29299719888,0.134328358209,0.0521961262773,0.496562261268,0.536676336511,0.363636363636,0.636363636364,0.454545454545,0.041095890411,0.81031721824,1.85005225971,0.0237580993521,0.038961038961,0.272727272727,0.333333333333,1.19402985075,,0,,,,,,,,0.363636363636,1.27272727273,0.454545454545
2026,001826,CAN,STINT,Jeff Trainor,SSDM,11,73,3,0,0,4,14,5,11,8,3,3,1,7,0,463,77,286,0,0,0,0,0,0,11,4,5,0,0,0.29299719888,0.134328358209,0.0521961262773,0.496562261268,0.536676336511,0.363636363636,0.636363636364,0.454545454545,0.041095890411,0.81031721824,1.85005225971,0.0237580993521,0.038961038961,0.272727272727,0.333333333333,1.19402985075,,0,,,,,,,,0.363636363636,1.27272727273,0.454545454545
2026,001827,ALL,SEASON,Jared Bernhardt,A,9,241,17,0,0,4,7,0,54,52,2,16,0,35,2,352,50,229,0,0,0,0,0,0,54,16,16,0,0,0.29299719888,0.134328358209,0.0521961262773,0.496562261268,0.536676336511,0.296296296296,0.648148148148,0.296296296296,0.0705394190871,-4.42073356718,0.226832225427,0.153409090909,0.04,0.037037037037,0,-0.537313432836,,0,,,,,,,,0.444444444444,0.777777777778,0
2026,001827,OUT,STINT,Jared Bernhardt,A,9,241,17,0,0,4,7,0,54,52,2,16,0,35,2,352,50,229,0,0,0,0,0,0,54,16,16,0,0,0.29299719888,0.134328358209,0.0521961262773,0.496562261268,0.536676336511,0.296296296296,0.648148148148,0.296296296296,0.0705394190871,-4.42073356718,0.226832225427,0.153409090909,0.04,0.037037037037,0,-0.537313432836,,0,,,,,,,,0.444444444444,0.777777777778,0
2026,001828,ALL,SEASON,Justin Anderson,M,13,163,9,0,0,2,9,2,33,30,3,10,1,25,1,507,76,337,0,0,0,0,0,0,33,11,12,0,0,0.29299719888,0.134328358209,0.0521961262773,0.496562261268,0.536676336511,0.333333333333,0.757575757576,0.363636363636,0.0552147239264,-0.492031416806,2.40411388436,0.0650887573964,0.0394736842105,0.0909090909091,0.333333333333,1.19402985075,,0,,,,,,,,0.153846153846,0.692307692308,0.153846153846
2026,001828,OUT,STINT,Justin Anderson,M,13,163,9,0,0,2,9,2,33,30,3,10,1,25,1,507,76,337,0,0,0,0,0,0,33,11,12,0,0,0.29299719888,0.134328358209,0.0521961262773,0.496562261268,0.536676336511,0.333333333333,0.757575757576,0.363636363636,0.0552147239264,-0.492031416806,2.40411388436,0.0650887573964,0.0394736842105,0.0909090909091,0.333333333333,1.19402985075,,0,,,,,,,,0.153846153846,0.692307692308,0.153846153846
2026,001839,ALL,SEASON,Nick Grill,LSM,1,4,0,0,0,0,0,0,0,0,0,0,0,0,0,34,8,29,0,0,0,0,0,0,0,0,0,0,0,0.29299719888,0.134328358209,0.0521961262773,0.496562261268,0.536676336511,,,,0,0.208784505109,,0,0,,,,,0,,,,,,,,0,0,0
2026,001839,OUT,STINT,Nick Grill,LSM,1,4,0,0,0,0,0,0,0,0,0,0,0,0,0,34,8,29,0,0,0,0,0,0,0,0,0,0,0,0.29299719888,0.134328358209,0.0521961262773,0.496562261268,0.536676336511,,,,0,0.208784505109,,0,0,,,,,0,,,,,,,,0,0,0
2026,001843,ALL,SEASON,Cole Williams,M,2,33,5,0,0,0,3,0,7,7,0,1,0,3,0,77,14,54,0,0,0,0,0,0,7,1,1,0,0,0.29299719888,0.134328358209,0.0521961262773,0.496562261268,0.536676336511,0.142857142857,0.428571428571,0.142857142857,0.151515151515,-3.27752783285,-1.05098039216,0.0909090909091,0,0,,,,0,,,,,,,,0,1.5,0
2026,001843,ATL,STINT,Cole Williams,M,1,23,3,0,0,0,2,0,6,6,0,1,0,3,0,43,7,29,0,0,0,0,0,0,6,1,1,0,0,0.29299719888,0.134328358209,0.0521961262773,0.496562261268,0.536676336511,0.166666666667,0.5,0.166666666667,0.130434782609,-1.79948909562,-0.757983193277,0.139534883721,0,0,,,,0,,,,,,,,0,2,0
2026,001843,CHA,STINT,Cole Williams,M,1,10,2,0,0,0,1,0,1,1,0,0,0,0,0,34,7,25,0,0,0,0,0,0,1,0,0,0,0,0.29299719888,0.134328358209,0.0521961262773,0.496562261268,0.536676336511,0,0,0,0.2,-1.47803873723,-0.29299719888,0.0294117647059,0,0,,,,0,,,,,,,,0,1,0
2026,001846,ALL,SEASON,Adam Charalambides,A,1,27,1,0,0,1,2,0,5,5,0,0,0,5,0,46,4,29,0,0,0,0,0,0,5,0,0,0,0,0.29299719888,0.134328358209,0.0521961262773,0.496562261268,0.536676336511,0,1,0,0.037037037037,0.409295409486,-1.4649859944,0.108695652174,0,0,,,,0,,,,,,,,1,2,0
2026,001846,CHA,STINT,Adam Charalambides,A,1,27,1,0,0,1,2,0,5,5,0,0,0,5,0,46,4,29,0,0,0,0,0,0,5,0,0,0,0,0.29299719888,0.134328358209,0.0521961262773,0.496562261268,0.536676336511,0,1,0,0.037037037037,0.409295409486,-1.4649859944,0.108695652174,0,0,,,,0,,,,,,,,1,2,0
2026,002006,ALL,SEASON,Reid Bowering,A,11,144,14,1,0,3,16,1,42,42,0,15,0,33,3,443,71,301,0,0,0,0,0,0,42,15,15,0,0,0.29299719888,0.134328358209,0.0521961262773,0.496562261268,0.536676336511,0.357142857143,0.785714285714,0.357142857143,0.0972222222222,-6.48375781607,2.69411764706,0.0948081264108,0,0,,,0,0.00332225913621,-0.496562261268,,,,,,,0.272727272727,1.45454545455,0.0909090909091
2026,002006,ATL,STINT,Reid Bowering,A,11,144,14,1,0,3,16,1,42,42,0,15,0,33,3,443,71,301,0,0,0,0,0,0,42,15,15,0,0,0.29299719888,0.134328358209,0.0521961262773,0.496562261268,0.536676336511,0.357142857143,0.785714285714,0.357142857143,0.0972222222222,-6.48375781607,2.69411764706,0.0948081264108,0,0,,,0,0.00332225913621,-0.496562261268,,,,,,,0.272727272727,1.45454545455,0.0909090909091
2026,002015,ALL,SEASON,Logan Wisnauskas,A,13,313,14,0,0,0,7,0,43,42,1,25,0,34,1,507,76,337,0,0,0,0,0,0,43,25,25,0,0,0.29299719888,0.134328358209,0.0521961262773,0.496562261268,0.536676336511,0.581395348837,0.790697674419,0.581395348837,0.0447284345048,2.33738752478,12.4254609306,0.0848126232742,0.0131578947368,0.0232558139535,0,-0.268656716418,,0,,,,,,,,0,0.538461538462,0
2026,002015,OUT,STINT,Logan Wisnauskas,A,13,313,14,0,0,0,7,0,43,42,1,25,0,34,1,507,76,337,0,0,0,0,0,0,43,25,25,0,0,0.29299719888,0.134328358209,0.0521961262773,0.496562261268,0.536676336511,0.581395348837,0.790697674419,0.581395348837,0.0447284345048,2.33738752478,12.4254609306,0.0848126232742,0.0131578947368,0.0232558139535,0,-0.268656716418,,0,,,,,,,,0,0.538461538462,0
2026,002017,ALL,SEASON,Arden Cohen,LSM,1,2,0,0,0,0,1,0,0,0,0,0,0,0,0,45,7,23,0,0,0,0,0,0,0,0,0,0,0,0.29299719888,0.134328358209,0.0521961262773,0.496562261268,0.536676336511,,,,0,0.104392252555,,0,0,,,,,0,,,,,,,,0,1,0
2026,002017,RED,STINT,Arden Cohen,LSM,1,2,0,0,0,0,1,0,0,0,0,0,0,0,0,45,7,23,0,0,0,0,0,0,0,0,0,0,0,0.29299719888,0.134328358209,0.0521961262773,0.496562261268,0.536676336511,,,,0,0.104392252555,,0,0,,,,,0,,,,,,,,0,1,0
2026,002022,ALL,SEASON,Zach Geddes,SSDM,13,111,3,6,1,5,11,1,15,11,4,4,1,8,1,507,76,337,0,0,0,0,0,0,15,5,6,0,0,0.29299719888,0.134328358209,0.0521961262773,0.496562261268,0.536676336511,0.333333333333,0.533333333333,0.4,0.027027027027,2.79377001678,1.70240394665,0.0295857988166,0.0526315789474,0.266666666667,0.25,0.925373134328,0.166666666667,0.0178041543027,-1.97937356761,,,,,,,0.384615384615,0.846153846154,0.0769230769231
2026,002022,OUT,STINT,Zach Geddes,SSDM,13,111,3,6,1,5,11,1,15,11,4,4,1,8,1,507,76,337,0,0,0,0,0,0,15,5,6,0,0,0.29299719888,0.134328358209,0.0521961262773,0.496562261268,0.536676336511,0.333333333333,0.533333333333,0.4,0.027027027027,2.79377001678,1.70240394665,0.0295857988166,0.0526315789474,0.266666666667,0.25,0.925373134328,0.166666666667,0.0178041543027,-1.97937356761,,,,,,,0.384615384615,0.846153846154,0.0769230769231
2026,002023,ALL,SEASON,Brendan Nichtern,A,6,155,10,0,0,1,9,2,24,24,0,8,0,16,1,237,34,158,0,0,0,0,0,0,24,8,8,0,0,0.29299719888,0.134328358209,0.0521961262773,0.496562261268,0.536676336511,0.333333333333,0.666666666667,0.333333333333,0.0645161290323,-1.90960042702,0.968067226891,0.101265822785,0,0,,,,0,,,,,,,,0.166666666667,1.5,0.333333333333
2026,002023,CHA,STINT,Brendan Nichtern,A,6,155,10,0,0,1,9,2,24,24,0,8,0,16,1,237,34,158,0,0,0,0,0,0,24,8,8,0,0,0.29299719888,0.134328358209,0.0521961262773,0.496562261268,0.536676336511,0.333333333333,0.666666666667,0.333333333333,0.0645161290323,-1.90960042702,0.968067226891,0.101265822785,0,0,,,,0,,,,,,,,0.166666666667,1.5,0.333333333333
2026,002024,ALL,SEASON,Asher Nolting,A,1,38,5,0,0,0,3,0,0,0,0,0,0,0,0,41,10,25,0,0,0,0,0,0,0,0,0,0,0,0.29299719888,0.134328358209,0.0521961262773,0.496562261268,0.536676336511,,,,0.131578947368,-3.01654720146,,0,0,,,,,0,,,,,,,,0,3,0
2026,002024,CAN,STINT,Asher Nolting,A,1,38,5,0,0,0,3,0,0,0,0,0,0,0,0,41,10,25,0,0,0,0,0,0,0,0,0,0,0,0.29299719888,0.134328358209,0.0521961262773,0.496562261268,0.536676336511,,,,0.131578947368,-3.01654720146,,0,0,,,,,0,,,,,,,,0,3,0
2026,002026,ALL,SEASON,Brett Dobson,G,10,171,3,0,0,4,17,3,5,0,5,0,0,1,0,423,57,250,108,23,86,5,12,29,5,0,0,131,222,0.29299719888,0.134328358209,0.0521961262773,0.496562261268,0.536676336511,0,0.2,0,0.0175438596491,5.92553759341,-1.34328358209,0.0118203309693,0.0877192982456,1,0,-1.34328358209,,0,,0.59009009009,0.556701030928,0.821428571429,11.8578532947,0.948717948718,0.123931623932,0.4,1.7,0.3
2026,002026,ARC,STINT,Brett Dobson,G,10,171,3,0,0,4,17,3,5,0,5,0,0,1,0,423,57,250,108,23,86,5,12,29,5,0,0,131,222,0.29299719888,0.134328358209,0.0521961262773,0.496562261268,0.536676336511,0,0.2,0,0.0175438596491,5.92553759341,-1.34328358209,0.0118203309693,0.0877192982456,1,0,-1.34328358209,,0,,0.59009009009,0.556701030928,0.821428571429,11.8578532947,0.948717948718,0.123931623932,0.4,1.7,0.3
2026,002028,ALL,SEASON,Jack Hannah,M,10,227,9,0,0,0,12,3,57,53,4,11,0,26,2,425,59,256,0,0,0,0,0,0,57,11,11,0,0,0.29299719888,0.134328358209,0.0521961262773,0.496562261268,0.536676336511,0.19298245614,0.456140350877,0.19298245614,0.0396475770925,2.84852066494,-5.60347840629,0.134117647059,0.0677966101695,0.0701754385965,0,-1.07462686567,,0,,,,,,,,0,1.2,0.3
2026,002028,WAT,STINT,Jack Hannah,M,10,227,9,0,0,0,12,3,57,53,4,11,0,26,2,425,59,256,0,0,0,0,0,0,57,11,11,0,0,0.29299719888,0.134328358209,0.0521961262773,0.496562261268,0.536676336511,0.19298245614,0.456140350877,0.19298245614,0.0396475770925,2.84852066494,-5.60347840629,0.134117647059,0.0677966101695,0.0701754385965,0,-1.07462686567,,0,,,,,,,,0,1.2,0.3
2026,002030,ALL,SEASON,Jonathan Donville,M,3,49,2,0,0,1,1,0,3,3,0,1,0,2,0,119,18,69,0,0,0,0,0,0,3,1,1,0,0,0.29299719888,0.134328358209,0.0521961262773,0.496562261268,0.536676336511,0.333333333333,0.666666666667,0.333333333333,0.0408163265306,0.557610187586,0.121008403361,0.0252100840336,0,0,,,,0,,,,,,,,0.333333333333,0.333333333333,0
2026,002030,OUT,STINT,Jonathan Donville,M,3,49,2,0,0,1,1,0,3,3,0,1,0,2,0,119,18,69,0,0,0,0,0,0,3,1,1,0,0,0.29299719888,0.134328358209,0.0521961262773,0.496562261268,0.536676336511,0.333333333333,0.666666666667,0.333333333333,0.0408163265306,0.557610187586,0.121008403361,0.0252100840336,0,0,,,,0,,,,,,,,0.333333333333,0.333333333333,0
2026,002032,ALL,SEASON,Justin Inacio,FO,9,51,8,194,92,2,47,1,6,5,1,0,0,1,0,368,43,239,0,0,0,0,0,0,6,0,0,0,0,0.29299719888,0.134328358209,0.0521961262773,0.496562261268,0.536676336511,0,0.166666666667,0,0.156862745098,-5.33799755986,-1.73364271082,0.0163043478261,0.0232558139535,0.166666666667,0,-0.268656716418,0.474226804124,0.811715481172,-4.33307868602,,,,,,,0.222222222222,5.22222222222,0.111111111111
2026,002032,CHA,STINT,Justin Inacio,FO,9,51,8,194,92,2,47,1,6,5,1,0,0,1,0,368,43,239,0,0,0,0,0,0,6,0,0,0,0,0.29299719888,0.134328358209,0.0521961262773,0.496562261268,0.536676336511,0,0.166666666667,0,0.156862745098,-5.33799755986,-1.73364271082,0.0163043478261,0.0232558139535,0.166666666667,0,-0.268656716418,0.474226804124,0.811715481172,-4.33307868602,,,,,,,0.222222222222,5.22222222222,0.111111111111
2026,002033,ALL,SEASON,Nakeie Montgomery,SSDM,1,11,0,0,0,0,2,0,1,1,0,0,0,1,0,43,9,23,0,0,0,0,0,0,1,0,0,0,0,0.29299719888,0.134328358209,0.0521961262773,0.496562261268,0.536676336511,0,1,0,0,0.57415738905,-0.29299719888,0.0232558139535,0,0,,,,0,,,,,,,,0,2,0
2026,002033,WAT,STINT,Nakeie Montgomery,SSDM,1,11,0,0,0,0,2,0,1,1,0,0,0,1,0,43,9,23,0,0,0,0,0,0,1,0,0,0,0,0.29299719888,0.134328358209,0.0521961262773,0.496562261268,0.536676336511,0,1,0,0,0.57415738905,-0.29299719888,0.0232558139535,0,0,,,,0,,,,,,,,0,2,0
2026,002038,ALL,SEASON,Colin Kirst,G,11,105,5,0,0,3,14,1,1,0,1,0,0,1,0,488,72,302,87,13,101,6,9,19,1,0,0,100,207,0.29299719888,0.134328358209,0.0521961262773,0.496562261268,0.536676336511,0,1,0,0.047619047619,0.480593259112,-0.268656716418,0.00204918032787,0.0138888888889,1,0,-0.268656716418,,0,,0.48309178744,0.462765957447,0.684210526316,-11.0920016577,0.958333333333,0.087962962963,0.272727272727,1.27272727273,0.0909090909091
2026,002038,CAN,STINT,Colin Kirst,G,11,105,5,0,0,3,14,1,1,0,1,0,0,1,0,488,72,302,87,13,101,6,9,19,1,0,0,100,207,0.29299719888,0.134328358209,0.0521961262773,0.496562261268,0.536676336511,0,1,0,0.047619047619,0.480593259112,-0.268656716418,0.00204918032787,0.0138888888889,1,0,-0.268656716418,,0,,0.48309178744,0.462765957447,0.684210526316,-11.0920016577,0.958333333333,0.087962962963,0.272727272727,1.27272727273,0.0909090909091
2026,002039,ALL,SEASON,Owen McElroy,G,4,40,2,0,0,0,5,0,0,0,0,0,0,0,0,144,25,109,30,4,20,3,3,8,0,0,0,34,57,0.29299719888,0.134328358209,0.0521961262773,0.496562261268,0.536676336511,,,,0.05,0.0878450510904,,0,0,,,,,0,,0.59649122807,0.6,0.571428571429,3.4094488189,0.95,0.133333333333,0,1.25,0
2026,002039,OUT,STINT,Owen McElroy,G,4,40,2,0,0,0,5,0,0,0,0,0,0,0,0,144,25,109,30,4,20,3,3,8,0,0,0,34,57,0.29299719888,0.134328358209,0.0521961262773,0.496562261268,0.536676336511,,,,0.05,0.0878450510904,,0,0,,,,,0,,0.59649122807,0.6,0.571428571429,3.4094488189,0.95,0.133333333333,0,1.25,0
2026,002042,ALL,SEASON,Jon Robbins,LSM,10,20,3,0,0,9,9,1,2,1,1,0,0,1,0,401,61,268,0,0,0,0,0,0,2,0,0,0,0,0.29299719888,0.134328358209,0.0521961262773,0.496562261268,0.536676336511,0,0.5,0,0.15,-1.95607747445,-0.561653915297,0.00498753117207,0.016393442623,0.5,0,-0.268656716418,,0,,,,,,,,0.9,0.9,0.1
2026,002042,ATL,STINT,Jon Robbins,LSM,10,20,3,0,0,9,9,1,2,1,1,0,0,1,0,401,61,268,0,0,0,0,0,0,2,0,0,0,0,0.29299719888,0.134328358209,0.0521961262773,0.496562261268,0.536676336511,0,0.5,0,0.15,-1.95607747445,-0.561653915297,0.00498753117207,0.016393442623,0.5,0,-0.268656716418,,0,,,,,,,,0.9,0.9,0.1
2026,002054,ALL,SEASON,Chris Merle,SSDM,10,35,1,1,1,5,14,3,5,5,0,1,0,3,0,443,50,281,0,0,0,0,0,0,5,1,1,0,0,0.29299719888,0.134328358209,0.0521961262773,0.496562261268,0.536676336511,0.2,0.6,0.2,0.0285714285714,0.826864419704,-0.464985994398,0.0112866817156,0,0,,,1,0.00355871886121,0.503437738732,,,,,,,0.5,1.4,0.3
2026,002054,RED,STINT,Chris Merle,SSDM,10,35,1,1,1,5,14,3,5,5,0,1,0,3,0,443,50,281,0,0,0,0,0,0,5,1,1,0,0,0.29299719888,0.134328358209,0.0521961262773,0.496562261268,0.536676336511,0.2,0.6,0.2,0.0285714285714,0.826864419704,-0.464985994398,0.0112866817156,0,0,,,1,0.00355871886121,0.503437738732,,,,,,,0.5,1.4,0.3
2026,002067,ALL,SEASON,Zac Tucci,FO,4,17,4,91,44,0,17,1,2,1,1,0,1,2,0,148,33,103,0,0,0,0,0,0,2,1,2,0,0,0.29299719888,0.134328358209,0.0521961262773,0.496562261268,0.536676336511,0.5,1,1,0.235294117647,-3.11266585329,1.4383460847,0.0135135135135,0.030303030303,0.5,1,1.73134328358,0.483516483516,0.883495145631,-1.1871657754,,,,,,,0,4.25,0.25
2026,002067,ATL,STINT,Zac Tucci,FO,1,1,0,16,6,0,1,0,0,0,0,0,0,0,0,31,6,25,0,0,0,0,0,0,0,0,0,0,0,0.29299719888,0.134328358209,0.0521961262773,0.496562261268,0.536676336511,,,,0,0.0521961262773,,0,0,,,,0.375,0.64,-1.94499618029,,,,,,,0,1,0
2026,002067,CAN,STINT,Zac Tucci,FO,3,16,4,75,38,0,16,1,2,1,1,0,1,2,0,117,27,78,0,0,0,0,0,0,2,1,2,0,0,0.29299719888,0.134328358209,0.0521961262773,0.496562261268,0.536676336511,0.5,1,1,0.25,-3.16486197956,1.4383460847,0.017094017094,0.037037037037,0.5,1,1.73134328358,0.506666666667,0.961538461538,0.757830404889,,,,,,,0,5.33333333333,0.333333333333
2026,002074,ALL,SEASON,Alexander Smith,SSDM,6,23,0,3,0,3,6,3,0,0,0,0,0,0,0,250,38,155,0,0,0,0,0,0,0,0,0,0,0,0.29299719888,0.134328358209,0.0521961262773,0.496562261268,0.536676336511,,,,0,1.20051090438,,0,0,,,,0,0.0193548387097,-1.4896867838,,,,,,,0.5,1,0.5
2026,002074,OUT,STINT,Alexander Smith,SSDM,6,23,0,3,0,3,6,3,0,0,0,0,0,0,0,250,38,155,0,0,0,0,0,0,0,0,0,0,0,0.29299719888,0.134328358209,0.0521961262773,0.496562261268,0.536676336511,,,,0,1.20051090438,,0,0,,,,0,0.0193548387097,-1.4896867838,,,,,,,0.5,1,0.5
2026,003004,ALL,SEASON,Mike Sisselberger,FO,12,97,13,268,159,0,110,1,9,9,0,1,0,3,0,493,67,288,0,0,0,0,0,0,9,1,1,0,0,0.29299719888,0.134328358209,0.0521961262773,0.496562261268,0.536676336511,0.111111111111,0.333333333333,0.111111111111,0.134020618557,-7.93697575111,-1.63697478992,0.0182555780933,0,0,,,0.59328358209,0.930555555556,25.9213139801,,,,,,,0,9.16666666667,0.0833333333333
2026,003004,ARC,STINT,Mike Sisselberger,FO,12,97,13,268,159,0,110,1,9,9,0,1,0,3,0,493,67,288,0,0,0,0,0,0,9,1,1,0,0,0.29299719888,0.134328358209,0.0521961262773,0.496562261268,0.536676336511,0.111111111111,0.333333333333,0.111111111111,0.134020618557,-7.93697575111,-1.63697478992,0.0182555780933,0,0,,,0.59328358209,0.930555555556,25.9213139801,,,,,,,0,9.16666666667,0.0833333333333
2026,003005,ALL,SEASON,Connor Maher,SSDM,12,64,2,4,1,5,7,2,6,6,0,1,0,3,0,493,67,288,0,0,0,0,0,0,6,1,1,0,0,0.29299719888,0.134328358209,0.0521961262773,0.496562261268,0.536676336511,0.166666666667,0.5,0.166666666667,0.03125,1.34055208174,-0.757983193277,0.0121703853955,0,0,,,0.25,0.0138888888889,-0.986249045073,,,,,,,0.416666666667,0.583333333333,0.166666666667
2026,003005,ARC,STINT,Connor Maher,SSDM,12,64,2,4,1,5,7,2,6,6,0,1,0,3,0,493,67,288,0,0,0,0,0,0,6,1,1,0,0,0.29299719888,0.134328358209,0.0521961262773,0.496562261268,0.536676336511,0.166666666667,0.5,0.166666666667,0.03125,1.34055208174,-0.757983193277,0.0121703853955,0,0,,,0.25,0.0138888888889,-0.986249045073,,,,,,,0.416666666667,0.583333333333,0.166666666667
2026,003006,ALL,SEASON,Piper Bond,SSDM,12,95,3,2,0,7,20,6,8,7,1,3,1,6,0,493,67,288,0,0,0,0,0,0,8,4,5,0,0,0.29299719888,0.134328358209,0.0521961262773,0.496562261268,0.536676336511,0.5,0.75,0.625,0.0315789473684,1.95863199634,2.68036289143,0.0162271805274,0.0149253731343,0.125,1,1.73134328358,0,0.00694444444444,-0.993124522536,,,,,,,0.583333333333,1.66666666667,0.5
2026,003006,ARC,STINT,Piper Bond,SSDM,12,95,3,2,0,7,20,6,8,7,1,3,1,6,0,493,67,288,0,0,0,0,0,0,8,4,5,0,0,0.29299719888,0.134328358209,0.0521961262773,0.496562261268,0.536676336511,0.5,0.75,0.625,0.0315789473684,1.95863199634,2.68036289143,0.0162271805274,0.0149253731343,0.125,1,1.73134328358,0,0.00694444444444,-0.993124522536,,,,,,,0.583333333333,1.66666666667,0.5
2026,003007,ALL,SEASON,Cam Wyers,D,11,35,4,0,0,4,11,7,1,0,1,0,0,0,0,440,66,262,0,0,0,0,0,0,1,0,0,0,0,0.29299719888,0.134328358209,0.0521961262773,0.496562261268,0.536676336511,0,0,0,0.114285714286,-2.1731355803,-0.268656716418,0.00227272727273,0.0151515151515,1,0,-0.268656716418,,0,,,,,,,,0.363636363636,1,0.636363636364
2026,003007,ARC,STINT,Cam Wyers,D,11,35,4,0,0,4,11,7,1,0,1,0,0,0,0,440,66,262,0,0,0,0,0,0,1,0,0,0,0,0.29299719888,0.134328358209,0.0521961262773,0.496562261268,0.536676336511,0,0,0,0.114285714286,-2.1731355803,-0.268656716418,0.00227272727273,0.0151515151515,1,0,-0.268656716418,,0,,,,,,,,0.363636363636,1,0.636363636364
2026,003008,ALL,SEASON,Gavin Adler,D,11,42,2,0,0,10,8,0,1,0,1,0,0,0,0,454,62,280,0,0,0,0,0,0,1,0,0,0,0,0.29299719888,0.134328358209,0.0521961262773,0.496562261268,0.536676336511,0,0,0,0.047619047619,0.192237303645,-0.268656716418,0.00220264317181,0.0161290322581,1,0,-0.268656716418,,0,,,,,,,,0.909090909091,0.727272727273,0
2026,003008,WAT,STINT,Gavin Adler,D,11,42,2,0,0,10,8,0,1,0,1,0,0,0,0,454,62,280,0,0,0,0,0,0,1,0,0,0,0,0.29299719888,0.134328358209,0.0521961262773,0.496562261268,0.536676336511,0,0,0,0.047619047619,0.192237303645,-0.268656716418,0.00220264317181,0.0161290322581,1,0,-0.268656716418,,0,,,,,,,,0.909090909091,0.727272727273,0
2026,003009,ALL,SEASON,Brett Makar,D,12,157,12,0,0,24,52,0,8,1,7,0,2,4,0,474,77,326,0,0,0,0,0,0,8,2,4,0,0,0.29299719888,0.134328358209,0.0521961262773,0.496562261268,0.536676336511,0.25,0.5,0.5,0.0764331210191,-3.80520817447,1.8264057862,0.0168776371308,0.0909090909091,0.875,0.285714285714,2.11940298507,,0,,,,,,,,2,4.33333333333,0
2026,003009,ATL,STINT,Brett Makar,D,12,157,12,0,0,24,52,0,8,1,7,0,2,4,0,474,77,326,0,0,0,0,0,0,8,2,4,0,0,0.29299719888,0.134328358209,0.0521961262773,0.496562261268,0.536676336511,0.25,0.5,0.5,0.0764331210191,-3.80520817447,1.8264057862,0.0168776371308,0.0909090909091,0.875,0.285714285714,2.11940298507,,0,,,,,,,,2,4.33333333333,0
2026,003010,ALL,SEASON,Xander Dickson,A,12,251,12,0,0,1,23,3,65,64,1,20,0,47,2,474,77,326,0,0,0,0,0,0,65,20,20,0,0,0.29299719888,0.134328358209,0.0521961262773,0.496562261268,0.536676336511,0.307692307692,0.723076923077,0.307692307692,0.0478087649402,1.10122769559,0.979522555291,0.137130801688,0.012987012987,0.0153846153846,0,-0.268656716418,,0,,,,,,,,0.0833333333333,1.91666666667,0.25
2026,003010,ATL,STINT,Xander Dickson,A,12,251,12,0,0,1,23,3,65,64,1,20,0,47,2,474,77,326,0,0,0,0,0,0,65,20,20,0,0,0.29299719888,0.134328358209,0.0521961262773,0.496562261268,0.536676336511,0.307692307692,0.723076923077,0.307692307692,0.0478087649402,1.10122769559,0.979522555291,0.137130801688,0.012987012987,0.0153846153846,0,-0.268656716418,,0,,,,,,,,0.0833333333333,1.91666666667,0.25
2026,003013,ALL,SEASON,Matt Campbell,M,5,154,2,0,0,0,2,0,25,19,6,4,1,14,0,196,42,127,0,0,0,0,0,0,25,5,6,0,0,0.29299719888,0.134328358209,0.0521961262773,0.496562261268,0.536676336511,0.2,0.56,0.24,0.012987012987,6.0382034467,-1.17888707722,0.127551020408,0.142857142857,0.24,0.166666666667,0.388059701493,,0,,,,,,,,0,0.4,0
2026,003013,CAN,STINT,Matt Campbell,M,5,154,2,0,0,0,2,0,25,19,6,4,1,14,0,196,42,127,0,0,0,0,0,0,25,5,6,0,0,0.29299719888,0.134328358209,0.0521961262773,0.496562261268,0.536676336511,0.2,0.56,0.24,0.012987012987,6.0382034467,-1.17888707722,0.127551020408,0.142857142857,0.24,0.166666666667,0.388059701493,,0,,,,,,,,0,0.4,0
2026,003017,ALL,SEASON,Tye Kurtz,M,2,23,3,0,0,1,1,0,5,5,0,1,0,2,0,93,13,51,0,0,0,0,0,0,5,1,1,0,0,0.29299719888,0.134328358209,0.0521961262773,0.496562261268,0.536676336511,0.2,0.4,0.2,0.130434782609,-1.79948909562,-0.464985994398,0.0537634408602,0,0,,,,0,,,,,,,,0.5,0.5,0
2026,003017,CAN,STINT,Tye Kurtz,M,2,23,3,0,0,1,1,0,5,5,0,1,0,2,0,93,13,51,0,0,0,0,0,0,5,1,1,0,0,0.29299719888,0.134328358209,0.0521961262773,0.496562261268,0.536676336511,0.2,0.4,0.2,0.130434782609,-1.79948909562,-0.464985994398,0.0537634408602,0,0,,,,0,,,,,,,,0.5,0.5,0
2026,003018,ALL,SEASON,Nick Rowlett,FO,1,4,0,27,8,1,3,0,0,0,0,0,0,0,0,36,4,28,0,0,0,0,0,0,0,0,0,0,0,0.29299719888,0.134328358209,0.0521961262773,0.496562261268,0.536676336511,,,,0,0.208784505109,,0,0,,,,0.296296296296,0.964285714286,-5.40718105424,,,,,,,1,3,0
2026,003018,CHA,STINT,Nick Rowlett,FO,1,4,0,27,8,1,3,0,0,0,0,0,0,0,0,36,4,28,0,0,0,0,0,0,0,0,0,0,0,0.29299719888,0.134328358209,0.0521961262773,0.496562261268,0.536676336511,,,,0,0.208784505109,,0,0,,,,0.296296296296,0.964285714286,-5.40718105424,,,,,,,1,3,0
2026,003023,ALL,SEASON,Owen Grant,D,13,113,5,0,0,12,19,3,11,3,8,1,0,4,0,561,83,343,0,0,0,0,0,0,11,1,1,0,0,0.29299719888,0.134328358209,0.0521961262773,0.496562261268,0.536676336511,0.0909090909091,0.363636363636,0.0909090909091,0.0442477876106,0.89816226933,-2.02824532798,0.0196078431373,0.0963855421687,0.727272727273,0,-2.14925373134,,0,,,,,,,,0.923076923077,1.46153846154,0.230769230769
2026,003023,CAN,STINT,Owen Grant,D,13,113,5,0,0,12,19,3,11,3,8,1,0,4,0,561,83,343,0,0,0,0,0,0,11,1,1,0,0,0.29299719888,0.134328358209,0.0521961262773,0.496562261268,0.536676336511,0.0909090909091,0.363636363636,0.0909090909091,0.0442477876106,0.89816226933,-2.02824532798,0.0196078431373,0.0963855421687,0.727272727273,0,-2.14925373134,,0,,,,,,,,0.923076923077,1.46153846154,0.230769230769
2026,003024,ALL,SEASON,Brian Tevlin,SSDM,13,125,6,3,1,10,29,2,18,13,5,8,0,14,0,567,69,365,0,0,0,0,0,0,18,8,8,0,0,0.29299719888,0.134328358209,0.0521961262773,0.496562261268,0.536676336511,0.444444444444,0.777777777778,0.444444444444,0.048,0.524515784658,2.84775283248,0.031746031746,0.0724637681159,0.277777777778,0,-1.34328358209,0.333333333333,0.00821917808219,-0.489686783804,,,,,,,0.769230769231,2.23076923077,0.153846153846
2026,003024,RED,STINT,Brian Tevlin,SSDM,13,125,6,3,1,10,29,2,18,13,5,8,0,14,0,567,69,365,0,0,0,0,0,0,18,8,8,0,0,0.29299719888,0.134328358209,0.0521961262773,0.496562261268,0.536676336511,0.444444444444,0.777777777778,0.444444444444,0.048,0.524515784658,2.84775283248,0.031746031746,0.0724637681159,0.277777777778,0,-1.34328358209,0.333333333333,0.00821917808219,-0.489686783804,,,,,,,0.769230769231,2.23076923077,0.153846153846
2026,003027,ALL,SEASON,Thomas McConvey,M,4,86,1,0,0,2,1,0,12,12,0,3,0,7,0,175,30,102,0,0,0,0,0,0,12,3,3,0,0,0.29299719888,0.134328358209,0.0521961262773,0.496562261268,0.536676336511,0.25,0.583333333333,0.25,0.0116279069767,3.48886685984,-0.515966386555,0.0685714285714,0,0,,,,0,,,,,,,,0.5,0.25,0
2026,003027,WAT,STINT,Thomas McConvey,M,4,86,1,0,0,2,1,0,12,12,0,3,0,7,0,175,30,102,0,0,0,0,0,0,12,3,3,0,0,0.29299719888,0.134328358209,0.0521961262773,0.496562261268,0.536676336511,0.25,0.583333333333,0.25,0.0116279069767,3.48886685984,-0.515966386555,0.0685714285714,0,0,,,,0,,,,,,,,0.5,0.25,0
2026,003029,ALL,SEASON,Chris Fake,D,9,71,5,0,0,7,9,0,1,1,0,0,0,0,0,383,50,240,0,0,0,0,0,0,1,0,0,0,0,0.29299719888,0.134328358209,0.0521961262773,0.496562261268,0.536676336511,0,0,0,0.0704225352113,-1.29407503431,-0.29299719888,0.00261096605744,0,0,,,,0,,,,,,,,0.777777777778,1,0
2026,003029,RED,STINT,Chris Fake,D,9,71,5,0,0,7,9,0,1,1,0,0,0,0,0,383,50,240,0,0,0,0,0,0,1,0,0,0,0,0.29299719888,0.134328358209,0.0521961262773,0.496562261268,0.536676336511,0,0,0,0.0704225352113,-1.29407503431,-0.29299719888,0.00261096605744,0,0,,,,0,,,,,,,,0.777777777778,1,0
2026,003032,ALL,SEASON,Petey LaSalla,FO,10,62,11,239,117,2,59,0,9,9,0,6,0,7,0,420,30,266,0,0,0,0,0,0,9,6,6,0,0,0.29299719888,0.134328358209,0.0521961262773,0.496562261268,0.536676336511,0.666666666667,0.777777777778,0.666666666667,0.177419354839,-7.76384017081,3.36302521008,0.0214285714286,0,0,,,0.489539748954,0.898496240602,-1.67838044309,,,,,,,0.2,5.9,0
2026,003032,WHP,STINT,Petey LaSalla,FO,10,62,11,239,117,2,59,0,9,9,0,6,0,7,0,420,30,266,0,0,0,0,0,0,9,6,6,0,0,0.29299719888,0.134328358209,0.0521961262773,0.496562261268,0.536676336511,0.666666666667,0.777777777778,0.666666666667,0.177419354839,-7.76384017081,3.36302521008,0.0214285714286,0,0,,,0.489539748954,0.898496240602,-1.67838044309,,,,,,,0.2,5.9,0
2026,003039,ALL,SEASON,Chet Comizio,SSDM,1,7,0,1,0,0,0,1,0,0,0,0,0,0,0,38,8,29,0,0,0,0,0,0,0,0,0,0,0,0.29299719888,0.134328358209,0.0521961262773,0.496562261268,0.536676336511,,,,0,0.365372883941,,0,0,,,,0,0.0344827586207,-0.496562261268,,,,,,,0,0,1
2026,003039,ATL,STINT,Chet Comizio,SSDM,1,7,0,1,0,0,0,1,0,0,0,0,0,0,0,38,8,29,0,0,0,0,0,0,0,0,0,0,0,0.29299719888,0.134328358209,0.0521961262773,0.496562261268,0.536676336511,,,,0,0.365372883941,,0,0,,,,0,0.0344827586207,-0.496562261268,,,,,,,0,0,1
2026,003041,ALL,SEASON,Ethan Rall,LSM,13,74,5,0,0,16,50,1,7,3,4,2,0,6,0,561,83,343,0,0,0,0,0,0,7,2,2,0,0,0.29299719888,0.134328358209,0.0521961262773,0.496562261268,0.536676336511,0.285714285714,0.857142857143,0.285714285714,0.0675675675676,-1.13748665548,0.0463815376897,0.0124777183601,0.0481927710843,0.571428571429,0,-1.07462686567,,0,,,,,,,,1.23076923077,3.84615384615,0.0769230769231
2026,003041,CAN,STINT,Ethan Rall,LSM,13,74,5,0,0,16,50,1,7,3,4,2,0,6,0,561,83,343,0,0,0,0,0,0,7,2,2,0,0,0.29299719888,0.134328358209,0.0521961262773,0.496562261268,0.536676336511,0.285714285714,0.857142857143,0.285714285714,0.0675675675676,-1.13748665548,0.0463815376897,0.0124777183601,0.0481927710843,0.571428571429,0,-1.07462686567,,0,,,,,,,,1.23076923077,3.84615384615,0.0769230769231
2026,003044,ALL,SEASON,Tate Gallagher,,1,7,0,0,0,1,1,0,0,0,0,0,0,0,0,43,9,23,0,0,0,0,0,0,0,0,0,0,0,0.29299719888,0.134328358209,0.0521961262773,0.496562261268,0.536676336511,,,,0,0.365372883941,,0,0,,,,,0,,,,,,,,1,1,0
2026,003044,WAT,STINT,Tate Gallagher,,1,7,0,0,0,1,1,0,0,0,0,0,0,0,0,43,9,23,0,0,0,0,0,0,0,0,0,0,0,0.29299719888,0.134328358209,0.0521961262773,0.496562261268,0.536676336511,,,,0,0.365372883941,,0,0,,,,,0,,,,,,,,1,1,0
2026,003048,ALL,SEASON,TJ Malone,A,13,396,15,0,0,2,21,0,82,81,1,24,0,61,2,538,38,339,0,0,0,0,0,0,82,24,24,0,0,0.29299719888,0.134328358209,0.0521961262773,0.496562261268,0.536676336511,0.292682926829,0.743902439024,0.292682926829,0.0378787878788,5.6696660058,-0.00142982566161,0.152416356877,0.0263157894737,0.0121951219512,0,-0.268656716418,,0,,,,,,,,0.153846153846,1.61538461538,0
2026,003048,WHP,STINT,TJ Malone,A,13,396,15,0,0,2,21,0,82,81,1,24,0,61,2,538,38,339,0,0,0,0,0,0,82,24,24,0,0,0.29299719888,0.134328358209,0.0521961262773,0.496562261268,0.536676336511,0.292682926829,0.743902439024,0.292682926829,0.0378787878788,5.6696660058,-0.00142982566161,0.152416356877,0.0263157894737,0.0121951219512,0,-0.268656716418,,0,,,,,,,,0.153846153846,1.61538461538,0
2026,003059,ALL,SEASON,BJ Farrare,LSM,12,49,1,0,0,8,15,1,0,0,0,0,0,0,0,518,66,341,0,0,0,0,0,0,0,0,0,0,0,0.29299719888,0.134328358209,0.0521961262773,0.496562261268,0.536676336511,,,,0.0204081632653,1.55761018759,,0,0,,,,,0,,,,,,,,0.666666666667,1.25,0.0833333333333
2026,003059,RED,STINT,BJ Farrare,LSM,12,49,1,0,0,8,15,1,0,0,0,0,0,0,0,518,66,341,0,0,0,0,0,0,0,0,0,0,0,0.29299719888,0.134328358209,0.0521961262773,0.496562261268,0.536676336511,,,,0.0204081632653,1.55761018759,,0,0,,,,,0,,,,,,,,0.666666666667,1.25,0.0833333333333
2026,003075,ALL,SEASON,Brennan O'Neill,A,12,413,29,0,0,0,13,0,92,80,12,13,3,48,3,477,69,310,0,0,0,0,0,0,92,16,19,0,0,0.29299719888,0.134328358209,0.0521961262773,0.496562261268,0.536676336511,0.173913043478,0.521739130435,0.20652173913,0.0702179176755,-7.44299984749,-7.66365650738,0.1928721174,0.173913043478,0.130434782609,0.25,2.77611940299,,0,,,,,,,,0,1.08333333333,0
2026,003075,OUT,STINT,Brennan O'Neill,A,12,413,29,0,0,0,13,0,92,80,12,13,3,48,3,477,69,310,0,0,0,0,0,0,92,16,19,0,0,0.29299719888,0.134328358209,0.0521961262773,0.496562261268,0.536676336511,0.173913043478,0.521739130435,0.20652173913,0.0702179176755,-7.44299984749,-7.66365650738,0.1928721174,0.173913043478,0.130434782609,0.25,2.77611940299,,0,,,,,,,,0,1.08333333333,0
2026,003076,ALL,SEASON,Connor Shellenberger,A,10,310,15,0,0,1,13,0,32,31,1,9,0,25,3,385,59,267,0,0,0,0,0,0,32,9,9,0,0,0.29299719888,0.134328358209,0.0521961262773,0.496562261268,0.536676336511,0.28125,0.78125,0.28125,0.0483870967742,1.18079914595,-0.351569881684,0.0831168831169,0.0169491525424,0.03125,0,-0.268656716418,,0,,,,,,,,0.1,1.3,0
2026,003076,ATL,STINT,Connor Shellenberger,A,10,310,15,0,0,1,13,0,32,31,1,9,0,25,3,385,59,267,0,0,0,0,0,0,32,9,9,0,0,0.29299719888,0.134328358209,0.0521961262773,0.496562261268,0.536676336511,0.28125,0.78125,0.28125,0.0483870967742,1.18079914595,-0.351569881684,0.0831168831169,0.0169491525424,0.03125,0,-0.268656716418,,0,,,,,,,,0.1,1.3,0
2026,003077,ALL,SEASON,Ajax Zappitello,D,13,130,6,0,0,21,28,1,7,3,4,0,1,4,1,538,38,339,0,0,0,0,0,0,7,1,2,0,0,0.29299719888,0.134328358209,0.0521961262773,0.496562261268,0.536676336511,0.142857142857,0.571428571429,0.285714285714,0.0461538461538,0.785496416044,0.0463815376897,0.0130111524164,0.105263157895,0.571428571429,0.25,0.925373134328,,0,,,,,,,,1.61538461538,2.15384615385,0.0769230769231
2026,003077,WHP,STINT,Ajax Zappitello,D,13,130,6,0,0,21,28,1,7,3,4,0,1,4,1,538,38,339,0,0,0,0,0,0,7,1,2,0,0,0.29299719888,0.134328358209,0.0521961262773,0.496562261268,0.536676336511,0.142857142857,0.571428571429,0.285714285714,0.0461538461538,0.785496416044,0.0463815376897,0.0130111524164,0.105263157895,0.571428571429,0.25,0.925373134328,,0,,,,,,,,1.61538461538,2.15384615385,0.0769230769231
2026,003078,ALL,SEASON,Shane Knobloch,M,12,301,19,1,0,2,8,1,72,63,9,14,0,44,3,466,57,311,0,0,0,0,0,0,72,14,14,0,0,0.29299719888,0.134328358209,0.0521961262773,0.496562261268,0.536676336511,0.194444444444,0.611111111111,0.194444444444,0.063122923588,-3.28896599054,-6.87673397717,0.154506437768,0.157894736842,0.125,0,-2.41791044776,0,0.0032154340836,-0.496562261268,,,,,,,0.166666666667,0.666666666667,0.0833333333333
2026,003078,CHA,STINT,Shane Knobloch,M,12,301,19,1,0,2,8,1,72,63,9,14,0,44,3,466,57,311,0,0,0,0,0,0,72,14,14,0,0,0.29299719888,0.134328358209,0.0521961262773,0.496562261268,0.536676336511,0.194444444444,0.611111111111,0.194444444444,0.063122923588,-3.28896599054,-6.87673397717,0.154506437768,0.157894736842,0.125,0,-2.41791044776,0,0.0032154340836,-0.496562261268,,,,,,,0.166666666667,0.666666666667,0.0833333333333
2026,003079,ALL,SEASON,Liam Entenmann,G,12,203,5,0,0,0,20,0,1,0,1,0,0,0,0,474,77,326,118,21,153,8,15,30,1,0,0,139,300,0.29299719888,0.134328358209,0.0521961262773,0.496562261268,0.536676336511,0,0,0,0.0246305418719,5.59581363428,-0.268656716418,0.00210970464135,0.012987012987,1,0,-0.268656716418,,0,,0.463333333333,0.435424354244,0.724137931034,-22.0029009532,0.952380952381,0.0952380952381,0,1.66666666667,0
2026,003079,ATL,STINT,Liam Entenmann,G,12,203,5,0,0,0,20,0,1,0,1,0,0,0,0,474,77,326,118,21,153,8,15,30,1,0,0,139,300,0.29299719888,0.134328358209,0.0521961262773,0.496562261268,0.536676336511,0,0,0,0.0246305418719,5.59581363428,-0.268656716418,0.00210970464135,0.012987012987,1,0,-0.268656716418,,0,,0.463333333333,0.435424354244,0.724137931034,-22.0029009532,0.952380952381,0.0952380952381,0,1.66666666667,0
2026,003080,ALL,SEASON,Pat Kavanagh,A,7,268,10,0,0,1,8,1,40,34,6,13,1,27,0,256,41,185,0,0,0,0,0,0,40,14,15,0,0,0.29299719888,0.134328358209,0.0521961262773,0.496562261268,0.536676336511,0.35,0.675,0.375,0.0373134328358,3.98856184231,3.42615493959,0.15625,0.146341463415,0.15,0.166666666667,0.388059701493,,0,,,,,,,,0.142857142857,1.14285714286,0.142857142857
2026,003080,OUT,STINT,Pat Kavanagh,A,7,268,10,0,0,1,8,1,40,34,6,13,1,27,0,256,41,185,0,0,0,0,0,0,40,14,15,0,0,0.29299719888,0.134328358209,0.0521961262773,0.496562261268,0.536676336511,0.35,0.675,0.375,0.0373134328358,3.98856184231,3.42615493959,0.15625,0.146341463415,0.15,0.166666666667,0.388059701493,,0,,,,,,,,0.142857142857,1.14285714286,0.142857142857
2026,003081,ALL,SEASON,Matt Brandau,M,12,320,13,0,0,0,11,1,58,55,3,12,0,43,6,504,35,310,0,0,0,0,0,0,58,12,12,0,0,0.29299719888,0.134328358209,0.0521961262773,0.496562261268,0.536676336511,0.206896551724,0.741379310345,0.206896551724,0.040625,3.70276040872,-4.92081608763,0.115079365079,0.0857142857143,0.051724137931,0,-0.805970149254,,0,,,,,,,,0,0.916666666667,0.0833333333333
2026,003081,WHP,STINT,Matt Brandau,M,12,320,13,0,0,0,11,1,58,55,3,12,0,43,6,504,35,310,0,0,0,0,0,0,58,12,12,0,0,0.29299719888,0.134328358209,0.0521961262773,0.496562261268,0.536676336511,0.206896551724,0.741379310345,0.206896551724,0.040625,3.70276040872,-4.92081608763,0.115079365079,0.0857142857143,0.051724137931,0,-0.805970149254,,0,,,,,,,,0,0.916666666667,0.0833333333333
2026,003082,ALL,SEASON,Mason Woodward,D,12,129,4,0,0,10,26,1,15,1,14,0,0,6,2,493,67,288,0,0,0,0,0,0,15,0,0,0,0,0.29299719888,0.134328358209,0.0521961262773,0.496562261268,0.536676336511,0,0.4,0,0.031007751938,2.73330028977,-4.05419122873,0.0304259634888,0.208955223881,0.933333333333,0,-3.76119402985,,0,,,,,,,,0.833333333333,2.16666666667,0.0833333333333
2026,003082,ARC,STINT,Mason Woodward,D,12,129,4,0,0,10,26,1,15,1,14,0,0,6,2,493,67,288,0,0,0,0,0,0,15,0,0,0,0,0.29299719888,0.134328358209,0.0521961262773,0.496562261268,0.536676336511,0,0.4,0,0.031007751938,2.73330028977,-4.05419122873,0.0304259634888,0.208955223881,0.933333333333,0,-3.76119402985,,0,,,,,,,,0.833333333333,2.16666666667,0.0833333333333
2026,003083,ALL,SEASON,Jake Piseno,LSM,13,116,5,0,0,16,39,1,18,6,12,2,2,9,1,507,76,337,0,0,0,0,0,0,18,4,6,0,0,0.29299719888,0.134328358209,0.0521961262773,0.496562261268,0.536676336511,0.222222222222,0.5,0.333333333333,0.0431034482759,1.05475064816,1.01813620971,0.0355029585799,0.157894736842,0.666666666667,0.166666666667,0.776119402985,,0,,,,,,,,1.23076923077,3,0.0769230769231
2026,003083,OUT,STINT,Jake Piseno,LSM,13,116,5,0,0,16,39,1,18,6,12,2,2,9,1,507,76,337,0,0,0,0,0,0,18,4,6,0,0,0.29299719888,0.134328358209,0.0521961262773,0.496562261268,0.536676336511,0.222222222222,0.5,0.333333333333,0.0431034482759,1.05475064816,1.01813620971,0.0355029585799,0.157894736842,0.666666666667,0.166666666667,0.776119402985,,0,,,,,,,,1.23076923077,3,0.0769230769231
2026,003084,ALL,SEASON,Jake Stevens,M,7,77,3,0,0,1,6,1,15,14,1,1,0,9,0,293,51,198,0,0,0,0,0,0,15,1,1,0,0,0.29299719888,0.134328358209,0.0521961262773,0.496562261268,0.536676336511,0.0666666666667,0.6,0.0666666666667,0.038961038961,1.01910172335,-3.37061750073,0.0511945392491,0.0196078431373,0.0666666666667,0,-0.268656716418,,0,,,,,,,,0.142857142857,0.857142857143,0.142857142857
2026,003084,ATL,STINT,Jake Stevens,M,7,77,3,0,0,1,6,1,15,14,1,1,0,9,0,293,51,198,0,0,0,0,0,0,15,1,1,0,0,0.29299719888,0.134328358209,0.0521961262773,0.496562261268,0.536676336511,0.0666666666667,0.6,0.0666666666667,0.038961038961,1.01910172335,-3.37061750073,0.0511945392491,0.0196078431373,0.0666666666667,0,-0.268656716418,,0,,,,,,,,0.142857142857,0.857142857143,0.142857142857
2026,003085,ALL,SEASON,Graham Bundy,M,13,267,8,0,0,0,7,2,43,24,19,5,5,30,2,507,76,337,0,0,0,0,0,0,43,10,15,0,0,0.29299719888,0.134328358209,0.0521961262773,0.496562261268,0.536676336511,0.232558139535,0.697674418605,0.348837209302,0.0299625468165,5.93636571603,2.86358961495,0.0848126232742,0.25,0.441860465116,0.263157894737,4.89552238806,,0,,,,,,,,0,0.538461538462,0.153846153846
2026,003085,OUT,STINT,Graham Bundy,M,13,267,8,0,0,0,7,2,43,24,19,5,5,30,2,507,76,337,0,0,0,0,0,0,43,10,15,0,0,0.29299719888,0.134328358209,0.0521961262773,0.496562261268,0.536676336511,0.232558139535,0.697674418605,0.348837209302,0.0299625468165,5.93636571603,2.86358961495,0.0848126232742,0.25,0.441860465116,0.263157894737,4.89552238806,,0,,,,,,,,0,0.538461538462,0.153846153846
2026,003087,ALL,SEASON,Beau Pederson,SSDM,12,76,7,14,2,7,15,4,6,5,1,4,0,5,0,493,67,288,0,0,0,0,0,0,6,4,4,0,0,0.29299719888,0.134328358209,0.0521961262773,0.496562261268,0.536676336511,0.666666666667,0.833333333333,0.666666666667,0.0921052631579,-3.03309440293,2.26635728918,0.0121703853955,0.0149253731343,0.166666666667,0,-0.268656716418,0.142857142857,0.0486111111111,-4.95187165775,,,,,,,0.583333333333,1.25,0.333333333333
2026,003087,ARC,STINT,Beau Pederson,SSDM,12,76,7,14,2,7,15,4,6,5,1,4,0,5,0,493,67,288,0,0,0,0,0,0,6,4,4,0,0,0.29299719888,0.134328358209,0.0521961262773,0.496562261268,0.536676336511,0.666666666667,0.833333333333,0.666666666667,0.0921052631579,-3.03309440293,2.26635728918,0.0121703853955,0.0149253731343,0.166666666667,0,-0.268656716418,0.142857142857,0.0486111111111,-4.95187165775,,,,,,,0.583333333333,1.25,0.333333333333
2026,003089,ALL,SEASON,Kenny Brower,D,12,64,2,0,0,13,17,7,2,1,1,0,0,1,0,500,69,309,0,0,0,0,0,0,2,0,0,0,0,0.29299719888,0.134328358209,0.0521961262773,0.496562261268,0.536676336511,0,0.5,0,0.03125,1.34055208174,-0.561653915297,0.004,0.0144927536232,0.5,0,-0.268656716418,,0,,,,,,,,1.08333333333,1.41666666667,0.583333333333
2026,003089,WAT,STINT,Kenny Brower,D,12,64,2,0,0,13,17,7,2,1,1,0,0,1,0,500,69,309,0,0,0,0,0,0,2,0,0,0,0,0.29299719888,0.134328358209,0.0521961262773,0.496562261268,0.536676336511,0,0.5,0,0.03125,1.34055208174,-0.561653915297,0.004,0.0144927536232,0.5,0,-0.268656716418,,0,,,,,,,,1.08333333333,1.41666666667,0.583333333333
2026,003090,ALL,SEASON,Dyson Williams,M,1,9,0,0,0,0,1,0,4,4,0,0,0,3,0,33,6,18,0,0,0,0,0,0,4,0,0,0,0,0.29299719888,0.134328358209,0.0521961262773,0.496562261268,0.536676336511,0,0.75,0,0,0.469765136495,-1.17198879552,0.121212121212,0,0,,,,0,,,,,,,,0,1,0
2026,003090,ARC,STINT,Dyson Williams,M,1,9,0,0,0,0,1,0,4,4,0,0,0,3,0,33,6,18,0,0,0,0,0,0,4,0,0,0,0,0.29299719888,0.134328358209,0.0521961262773,0.496562261268,0.536676336511,0,0.75,0,0,0.469765136495,-1.17198879552,0.121212121212,0,0,,,,0,,,,,,,,0,1,0
2026,003091,ALL,SEASON,Garrett Degnon,M,1,17,1,0,0,0,1,0,4,2,2,0,0,2,0,42,4,29,0,0,0,0,0,0,4,0,0,0,0,0.29299719888,0.134328358209,0.0521961262773,0.496562261268,0.536676336511,0,0.5,0,0.0588235294118,-0.112665853287,-1.12330783059,0.0952380952381,0.5,0.5,0,-0.537313432836,,0,,,,,,,,0,1,0
2026,003091,WHP,STINT,Garrett Degnon,M,1,17,1,0,0,0,1,0,4,2,2,0,0,2,0,42,4,29,0,0,0,0,0,0,4,0,0,0,0,0.29299719888,0.134328358209,0.0521961262773,0.496562261268,0.536676336511,0,0.5,0,0.0588235294118,-0.112665853287,-1.12330783059,0.0952380952381,0.5,0.5,0,-0.537313432836,,0,,,,,,,,0,1,0
2026,003093,ALL,SEASON,Ross Scott,M,12,268,18,0,0,1,10,0,40,40,0,17,0,30,1,466,57,311,0,0,0,0,0,0,40,17,17,0,0,0.29299719888,0.134328358209,0.0521961262773,0.496562261268,0.536676336511,0.425,0.75,0.425,0.0671641791045,-4.01143815769,5.28011204482,0.0858369098712,0,0,,,,0,,,,,,,,0.0833333333333,0.833333333333,0
2026,003093,CHA,STINT,Ross Scott,M,12,268,18,0,0,1,10,0,40,40,0,17,0,30,1,466,57,311,0,0,0,0,0,0,40,17,17,0,0,0.29299719888,0.134328358209,0.0521961262773,0.496562261268,0.536676336511,0.425,0.75,0.425,0.0671641791045,-4.01143815769,5.28011204482,0.0858369098712,0,0,,,,0,,,,,,,,0.0833333333333,0.833333333333,0
2026,003094,ALL,SEASON,Levi Anderson,M,9,120,8,0,0,0,9,2,35,32,3,6,2,19,2,342,57,245,0,0,0,0,0,0,35,8,10,0,0,0.29299719888,0.134328358209,0.0521961262773,0.496562261268,0.536676336511,0.228571428571,0.542857142857,0.285714285714,0.0666666666667,-1.73646484673,-0.181880513399,0.102339181287,0.0526315789474,0.0857142857143,0.666666666667,3.19402985075,,0,,,,,,,,0,1,0.222222222222
2026,003094,ATL,STINT,Levi Anderson,M,9,120,8,0,0,0,9,2,35,32,3,6,2,19,2,342,57,245,0,0,0,0,0,0,35,8,10,0,0,0.29299719888,0.134328358209,0.0521961262773,0.496562261268,0.536676336511,0.228571428571,0.542857142857,0.285714285714,0.0666666666667,-1.73646484673,-0.181880513399,0.102339181287,0.0526315789474,0.0857142857143,0.666666666667,3.19402985075,,0,,,,,,,,0,1,0.222222222222
2026,003096,ALL,SEASON,Marcus Hudgins,D,12,49,4,0,0,11,20,1,1,1,0,0,0,1,0,500,69,309,0,0,0,0,0,0,1,0,0,0,0,0.29299719888,0.134328358209,0.0521961262773,0.496562261268,0.536676336511,0,1,0,0.0816326530612,-1.44238981241,-0.29299719888,0.002,0,0,,,,0,,,,,,,,0.916666666667,1.66666666667,0.0833333333333
2026,003096,WAT,STINT,Marcus Hudgins,D,12,49,4,0,0,11,20,1,1,1,0,0,0,1,0,500,69,309,0,0,0,0,0,0,1,0,0,0,0,0.29299719888,0.134328358209,0.0521961262773,0.496562261268,0.536676336511,0,1,0,0.0816326530612,-1.44238981241,-0.29299719888,0.002,0,0,,,,0,,,,,,,,0.916666666667,1.66666666667,0.0833333333333
2026,003098,ALL,SEASON,Luke Wierman,FO,13,108,12,319,162,3,87,1,19,15,4,3,0,9,0,507,76,337,0,0,0,0,0,0,19,3,3,0,0,0.29299719888,0.134328358209,0.0521961262773,0.496562261268,0.536676336511,0.157894736842,0.473684210526,0.157894736842,0.111111111111,-6.36281836206,-2.46958484886,0.0374753451677,0.0526315789474,0.210526315789,0,-1.07462686567,0.507836990596,0.946587537092,3.59663865546,,,,,,,0.230769230769,6.69230769231,0.0769230769231
2026,003098,OUT,STINT,Luke Wierman,FO,13,108,12,319,162,3,87,1,19,15,4,3,0,9,0,507,76,337,0,0,0,0,0,0,19,3,3,0,0,0.29299719888,0.134328358209,0.0521961262773,0.496562261268,0.536676336511,0.157894736842,0.473684210526,0.157894736842,0.111111111111,-6.36281836206,-2.46958484886,0.0374753451677,0.0526315789474,0.210526315789,0,-1.07462686567,0.507836990596,0.946587537092,3.59663865546,,,,,,,0.230769230769,6.69230769231,0.0769230769231
2026,003099,ALL,SEASON,Tyler Carpenter,LSM,12,63,3,0,0,7,26,1,4,2,2,1,0,3,0,474,77,326,0,0,0,0,0,0,4,1,1,0,0,0.29299719888,0.134328358209,0.0521961262773,0.496562261268,0.536676336511,0.25,0.75,0.25,0.047619047619,0.288355955467,-0.123307830595,0.0084388185654,0.025974025974,0.5,0,-0.537313432836,,0,,,,,,,,0.583333333333,2.16666666667,0.0833333333333
2026,003099,ATL,STINT,Tyler Carpenter,LSM,12,63,3,0,0,7,26,1,4,2,2,1,0,3,0,474,77,326,0,0,0,0,0,0,4,1,1,0,0,0.29299719888,0.134328358209,0.0521961262773,0.496562261268,0.536676336511,0.25,0.75,0.25,0.047619047619,0.288355955467,-0.123307830595,0.0084388185654,0.025974025974,0.5,0,-0.537313432836,,0,,,,,,,,0.583333333333,2.16666666667,0.0833333333333
2026,003100,ALL,SEASON,Adam Poitras,M,13,299,5,0,0,2,34,2,54,53,1,24,0,42,0,538,38,339,0,0,0,0,0,0,54,24,24,0,0,0.29299719888,0.134328358209,0.0521961262773,0.496562261268,0.536676336511,0.444444444444,0.777777777778,0.444444444444,0.0167224080268,10.6066417569,8.20249174297,0.100371747212,0.0263157894737,0.0185185185185,0,-0.268656716418,,0,,,,,,,,0.153846153846,2.61538461538,0.153846153846
2026,003100,WHP,STINT,Adam Poitras,M,13,299,5,0,0,2,34,2,54,53,1,24,0,42,0,538,38,339,0,0,0,0,0,0,54,24,24,0,0,0.29299719888,0.134328358209,0.0521961262773,0.496562261268,0.536676336511,0.444444444444,0.777777777778,0.444444444444,0.0167224080268,10.6066417569,8.20249174297,0.100371747212,0.0263157894737,0.0185185185185,0,-0.268656716418,,0,,,,,,,,0.153846153846,2.61538461538,0.153846153846
2026,003101,ALL,SEASON,Dylan Hess,SSDM,1,9,0,0,0,0,3,0,1,1,0,1,0,1,0,41,8,28,0,0,0,0,0,0,1,1,1,0,0,0.29299719888,0.134328358209,0.0521961262773,0.496562261268,0.536676336511,1,1,1,0,0.469765136495,0.70700280112,0.0243902439024,0,0,,,,0,,,,,,,,0,3,0
2026,003101,WAT,STINT,Dylan Hess,SSDM,1,9,0,0,0,0,3,0,1,1,0,1,0,1,0,41,8,28,0,0,0,0,0,0,1,1,1,0,0,0.29299719888,0.134328358209,0.0521961262773,0.496562261268,0.536676336511,1,1,1,0,0.469765136495,0.70700280112,0.0243902439024,0,0,,,,0,,,,,,,,0,3,0
2026,003103,ALL,SEASON,Scott Smith,D,12,66,5,0,0,11,27,5,6,3,3,1,0,3,0,466,57,311,0,0,0,0,0,0,6,1,1,0,0,0.29299719888,0.134328358209,0.0521961262773,0.496562261268,0.536676336511,0.166666666667,0.5,0.166666666667,0.0757575757576,-1.5550556657,-0.684961745892,0.0128755364807,0.0526315789474,0.5,0,-0.805970149254,,0,,,,,,,,0.916666666667,2.25,0.416666666667
2026,003103,CHA,STINT,Scott Smith,D,12,66,5,0,0,11,27,5,6,3,3,1,0,3,0,466,57,311,0,0,0,0,0,0,6,1,1,0,0,0.29299719888,0.134328358209,0.0521961262773,0.496562261268,0.536676336511,0.166666666667,0.5,0.166666666667,0.0757575757576,-1.5550556657,-0.684961745892,0.0128755364807,0.0526315789474,0.5,0,-0.805970149254,,0,,,,,,,,0.916666666667,2.25,0.416666666667
2026,003104,ALL,SEASON,Michael Boehm,A,7,226,10,0,0,1,10,2,27,25,2,5,0,15,0,300,33,174,0,0,0,0,0,0,27,5,5,0,0,0.29299719888,0.134328358209,0.0521961262773,0.496562261268,0.536676336511,0.185185185185,0.555555555556,0.185185185185,0.0442477876106,1.79632453866,-2.86224340482,0.09,0.0606060606061,0.0740740740741,0,-0.537313432836,,0,,,,,,,,0.142857142857,1.42857142857,0.285714285714
2026,003104,RED,STINT,Michael Boehm,A,5,179,10,0,0,0,7,0,22,20,2,5,0,12,0,216,28,130,0,0,0,0,0,0,22,5,5,0,0,0.29299719888,0.134328358209,0.0521961262773,0.496562261268,0.536676336511,0.227272727273,0.545454545455,0.227272727273,0.0558659217877,-0.65689339637,-1.39725741043,0.101851851852,0.0714285714286,0.0909090909091,0,-0.537313432836,,0,,,,,,,,0,1.4,0
2026,003104,WHP,STINT,Michael Boehm,A,2,47,0,0,0,1,3,2,5,5,0,0,0,3,0,84,5,44,0,0,0,0,0,0,5,0,0,0,0,0.29299719888,0.134328358209,0.0521961262773,0.496562261268,0.536676336511,0,0.6,0,0,2.45321793503,-1.4649859944,0.0595238095238,0,0,,,,0,,,,,,,,0.5,1.5,1
2026,003105,ALL,SEASON,Cole Kastner,D,5,31,1,0,0,5,3,0,0,0,0,0,0,0,0,215,29,137,0,0,0,0,0,0,0,0,0,0,0,0.29299719888,0.134328358209,0.0521961262773,0.496562261268,0.536676336511,,,,0.0322580645161,0.618079914595,,0,0,,,,,0,,,,,,,,1,0.6,0
2026,003105,RED,STINT,Cole Kastner,D,5,31,1,0,0,5,3,0,0,0,0,0,0,0,0,215,29,137,0,0,0,0,0,0,0,0,0,0,0,0.29299719888,0.134328358209,0.0521961262773,0.496562261268,0.536676336511,,,,0.0322580645161,0.618079914595,,0,0,,,,,0,,,,,,,,1,0.6,0
2026,003106,ALL,SEASON,Dalton Young,M,13,296,27,0,0,1,11,1,48,48,0,17,0,36,3,507,76,337,0,0,0,0,0,0,48,17,17,0,0,0.29299719888,0.134328358209,0.0521961262773,0.496562261268,0.536676336511,0.354166666667,0.75,0.354166666667,0.0912162162162,-11.5499466219,2.93613445378,0.094674556213,0,0,,,,0,,,,,,,,0.0769230769231,0.846153846154,0.0769230769231
2026,003106,OUT,STINT,Dalton Young,M,13,296,27,0,0,1,11,1,48,48,0,17,0,36,3,507,76,337,0,0,0,0,0,0,48,17,17,0,0,0.29299719888,0.134328358209,0.0521961262773,0.496562261268,0.536676336511,0.354166666667,0.75,0.354166666667,0.0912162162162,-11.5499466219,2.93613445378,0.094674556213,0,0,,,,0,,,,,,,,0.0769230769231,0.846153846154,0.0769230769231
2026,003108,ALL,SEASON,Will Mark,G,2,5,0,0,0,1,3,0,0,0,0,0,0,0,0,89,18,59,7,0,3,0,1,0,0,0,0,7,10,0.29299719888,0.134328358209,0.0521961262773,0.496562261268,0.536676336511,,,,0,0.260980631386,,0,0,,,,,0,,0.7,0.7,,1.63323663489,0.909090909091,0,0.5,1.5,0
2026,003108,ATL,STINT,Will Mark,G,2,5,0,0,0,1,3,0,0,0,0,0,0,0,0,89,18,59,7,0,3,0,1,0,0,0,0,7,10,0.29299719888,0.134328358209,0.0521961262773,0.496562261268,0.536676336511,,,,0,0.260980631386,,0,0,,,,,0,,0.7,0.7,,1.63323663489,0.909090909091,0,0.5,1.5,0
2026,003109,ALL,SEASON,Chris Conlin,D,13,95,5,0,0,14,27,0,0,0,0,0,0,0,0,567,69,365,0,0,0,0,0,0,0,0,0,0,0,0.29299719888,0.134328358209,0.0521961262773,0.496562261268,0.536676336511,,,,0.0526315789474,-0.0413680036602,,0,0,,,,,0,,,,,,,,1.07692307692,2.07692307692,0
2026,003109,RED,STINT,Chris Conlin,D,13,95,5,0,0,14,27,0,0,0,0,0,0,0,0,567,69,365,0,0,0,0,0,0,0,0,0,0,0,0.29299719888,0.134328358209,0.0521961262773,0.496562261268,0.536676336511,,,,0.0526315789474,-0.0413680036602,,0,0,,,,,0,,,,,,,,1.07692307692,2.07692307692,0
2026,003111,ALL,SEASON,AJ Mercurio,D,1,4,1,0,0,1,0,0,0,0,0,0,0,0,0,43,5,28,0,0,0,0,0,0,0,0,0,0,0,0.29299719888,0.134328358209,0.0521961262773,0.496562261268,0.536676336511,,,,0.25,-0.791215494891,,0,0,,,,,0,,,,,,,,1,0,0
2026,003111,WHP,STINT,AJ Mercurio,D,1,4,1,0,0,1,0,0,0,0,0,0,0,0,0,43,5,28,0,0,0,0,0,0,0,0,0,0,0,0.29299719888,0.134328358209,0.0521961262773,0.496562261268,0.536676336511,,,,0.25,-0.791215494891,,0,0,,,,,0,,,,,,,,1,0,0
2026,003119,ALL,SEASON,Alec Stathakis,FO,7,57,5,176,101,0,47,0,9,6,3,1,0,3,0,283,35,183,0,0,0,0,0,0,9,1,1,0,0,0.29299719888,0.134328358209,0.0521961262773,0.496562261268,0.536676336511,0.111111111111,0.333333333333,0.111111111111,0.0877192982456,-2.0248208022,-1.56395334253,0.0318021201413,0.0857142857143,0.333333333333,0,-0.805970149254,0.573863636364,0.96174863388,13.6050420168,,,,,,,0,6.71428571429,0
2026,003119,WAT,STINT,Alec Stathakis,FO,7,57,5,176,101,0,47,0,9,6,3,1,0,3,0,283,35,183,0,0,0,0,0,0,9,1,1,0,0,0.29299719888,0.134328358209,0.0521961262773,0.496562261268,0.536676336511,0.111111111111,0.333333333333,0.111111111111,0.0877192982456,-2.0248208022,-1.56395334253,0.0318021201413,0.0857142857143,0.333333333333,0,-0.805970149254,0.573863636364,0.96174863388,13.6050420168,,,,,,,0,6.71428571429,0
2026,003121,ALL,SEASON,Brayden Mayea,A,3,59,1,0,0,1,8,2,10,10,0,5,0,7,0,129,23,73,0,0,0,0,0,0,10,5,5,0,0,0.29299719888,0.134328358209,0.0521961262773,0.496562261268,0.536676336511,0.5,0.7,0.5,0.0169491525424,2.07957145036,2.0700280112,0.077519379845,0,0,,,,0,,,,,,,,0.333333333333,2.66666666667,0.666666666667
2026,003121,RED,STINT,Brayden Mayea,A,3,59,1,0,0,1,8,2,10,10,0,5,0,7,0,129,23,73,0,0,0,0,0,0,10,5,5,0,0,0.29299719888,0.134328358209,0.0521961262773,0.496562261268,0.536676336511,0.5,0.7,0.5,0.0169491525424,2.07957145036,2.0700280112,0.077519379845,0,0,,,,0,,,,,,,,0.333333333333,2.66666666667,0.666666666667
2026,003125,ALL,SEASON,Matt Knote,G,1,1,0,0,0,0,0,0,0,0,0,0,0,0,0,41,5,23,0,0,0,0,0,0,0,0,0,0,0,0.29299719888,0.134328358209,0.0521961262773,0.496562261268,0.536676336511,,,,0,0.0521961262773,,0,0,,,,,0,,,,,,,,0,0,0
2026,003125,WHP,STINT,Matt Knote,G,1,1,0,0,0,0,0,0,0,0,0,0,0,0,0,41,5,23,0,0,0,0,0,0,0,0,0,0,0,0.29299719888,0.134328358209,0.0521961262773,0.496562261268,0.536676336511,,,,0,0.0521961262773,,0,0,,,,,0,,,,,,,,0,0,0
2026,003128,ALL,SEASON,Jack Posey,D,8,20,4,0,0,7,11,3,2,0,2,0,0,2,0,340,24,202,0,0,0,0,0,0,2,0,0,0,0,0.29299719888,0.134328358209,0.0521961262773,0.496562261268,0.536676336511,0,1,0,0.2,-2.95607747445,-0.537313432836,0.00588235294118,0.0833333333333,1,0,-0.537313432836,,0,,,,,,,,0.875,1.375,0.375
2026,003128,WHP,STINT,Jack Posey,D,8,20,4,0,0,7,11,3,2,0,2,0,0,2,0,340,24,202,0,0,0,0,0,0,2,0,0,0,0,0.29299719888,0.134328358209,0.0521961262773,0.496562261268,0.536676336511,0,1,0,0.2,-2.95607747445,-0.537313432836,0.00588235294118,0.0833333333333,1,0,-0.537313432836,,0,,,,,,,,0.875,1.375,0.375
2026,003145,ALL,SEASON,JC Higginbotham,G,7,52,2,0,0,0,9,0,1,0,1,0,0,0,0,306,43,181,41,13,38,0,9,14,1,0,0,54,92,0.29299719888,0.134328358209,0.0521961262773,0.496562261268,0.536676336511,0,0,0,0.0384615384615,0.714198566418,-0.268656716418,0.00326797385621,0.0232558139535,1,0,-0.268656716418,,0,,0.586956521739,0.518987341772,1,4.62577704103,0.910891089109,0.138613861386,0,1.28571428571,0
2026,003145,CAN,STINT,JC Higginbotham,G,7,52,2,0,0,0,9,0,1,0,1,0,0,0,0,306,43,181,41,13,38,0,9,14,1,0,0,54,92,0.29299719888,0.134328358209,0.0521961262773,0.496562261268,0.536676336511,0,0,0,0.0384615384615,0.714198566418,-0.268656716418,0.00326797385621,0.0232558139535,1,0,-0.268656716418,,0,,0.586956521739,0.518987341772,1,4.62577704103,0.910891089109,0.138613861386,0,1.28571428571,0
2026,003151,ALL,SEASON,Nathan Laliberte,FO,4,21,5,105,48,2,21,2,7,5,2,1,0,2,0,155,25,109,0,0,0,0,0,0,7,1,1,0,0,0.29299719888,0.134328358209,0.0521961262773,0.496562261268,0.536676336511,0.142857142857,0.285714285714,0.142857142857,0.238095238095,-3.90388134818,-1.00229942723,0.0451612903226,0.08,0.285714285714,0,-0.537313432836,0.457142857143,0.963302752294,-4.13903743316,,,,,,,0.5,5.25,0.5
2026,003151,ATL,STINT,Nathan Laliberte,FO,4,21,5,105,48,2,21,2,7,5,2,1,0,2,0,155,25,109,0,0,0,0,0,0,7,1,1,0,0,0.29299719888,0.134328358209,0.0521961262773,0.496562261268,0.536676336511,0.142857142857,0.285714285714,0.142857142857,0.238095238095,-3.90388134818,-1.00229942723,0.0451612903226,0.08,0.285714285714,0,-0.537313432836,0.457142857143,0.963302752294,-4.13903743316,,,,,,,0.5,5.25,0.5
2026,003152,ALL,SEASON,James Shipley,SSDM,2,21,2,2,0,1,3,0,0,0,0,0,0,0,0,89,7,59,0,0,0,0,0,0,0,0,0,0,0,0.29299719888,0.134328358209,0.0521961262773,0.496562261268,0.536676336511,,,,0.0952380952381,-0.903881348178,,0,0,,,,0,0.0338983050847,-0.993124522536,,,,,,,0.5,1.5,0
2026,003152,WHP,STINT,James Shipley,SSDM,2,21,2,2,0,1,3,0,0,0,0,0,0,0,0,89,7,59,0,0,0,0,0,0,0,0,0,0,0,0.29299719888,0.134328358209,0.0521961262773,0.496562261268,0.536676336511,,,,0.0952380952381,-0.903881348178,,0,0,,,,0,0.0338983050847,-0.993124522536,,,,,,,0.5,1.5,0
2026,003153,ALL,SEASON,Richie Connell,A,5,84,6,0,0,0,2,0,19,19,0,5,0,8,1,211,15,143,0,0,0,0,0,0,19,5,5,0,0,0.29299719888,0.134328358209,0.0521961262773,0.496562261268,0.536676336511,0.263157894737,0.421052631579,0.263157894737,0.0714285714286,-1.61552539271,-0.566946778711,0.0900473933649,0,0,,,,0,,,,,,,,0,0.4,0
2026,003153,WHP,STINT,Richie Connell,A,5,84,6,0,0,0,2,0,19,19,0,5,0,8,1,211,15,143,0,0,0,0,0,0,19,5,5,0,0,0.29299719888,0.134328358209,0.0521961262773,0.496562261268,0.536676336511,0.263157894737,0.421052631579,0.263157894737,0.0714285714286,-1.61552539271,-0.566946778711,0.0900473933649,0,0,,,,0,,,,,,,,0,0.4,0
2026,003156,ALL,SEASON,Aidan Danenza,M,13,324,13,0,0,5,12,1,56,47,9,8,0,37,1,567,69,365,0,0,0,0,0,0,56,8,8,0,0,0.29299719888,0.134328358209,0.0521961262773,0.496562261268,0.536676336511,0.142857142857,0.660714285714,0.142857142857,0.0401234567901,3.91154491383,-8.1887787951,0.0987654320988,0.130434782609,0.160714285714,0,-2.41791044776,,0,,,,,,,,0.384615384615,0.923076923077,0.0769230769231
2026,003156,RED,STINT,Aidan Danenza,M,13,324,13,0,0,5,12,1,56,47,9,8,0,37,1,567,69,365,0,0,0,0,0,0,56,8,8,0,0,0.29299719888,0.134328358209,0.0521961262773,0.496562261268,0.536676336511,0.142857142857,0.660714285714,0.142857142857,0.0401234567901,3.91154491383,-8.1887787951,0.0987654320988,0.130434782609,0.160714285714,0,-2.41791044776,,0,,,,,,,,0.384615384615,0.923076923077,0.0769230769231
2026,003157,ALL,SEASON,Graydon Hogg,M,12,231,5,0,0,0,10,1,42,42,0,11,0,28,3,517,72,314,0,0,0,0,0,0,42,11,11,0,0,0.29299719888,0.134328358209,0.0521961262773,0.496562261268,0.536676336511,0.261904761905,0.666666666667,0.261904761905,0.021645021645,7.05730517005,-1.30588235294,0.0812379110251,0,0,,,,0,,,,,,,,0,0.833333333333,0.0833333333333
2026,003157,CAN,STINT,Graydon Hogg,M,12,231,5,0,0,0,10,1,42,42,0,11,0,28,3,517,72,314,0,0,0,0,0,0,42,11,11,0,0,0.29299719888,0.134328358209,0.0521961262773,0.496562261268,0.536676336511,0.261904761905,0.666666666667,0.261904761905,0.021645021645,7.05730517005,-1.30588235294,0.0812379110251,0,0,,,,0,,,,,,,,0,0.833333333333,0.0833333333333
2026,003159,ALL,SEASON,CJ Kirst,A,10,351,14,0,0,4,16,1,84,83,1,34,0,60,5,416,52,258,0,0,0,0,0,0,84,34,34,0,0,0.29299719888,0.134328358209,0.0521961262773,0.496562261268,0.536676336511,0.404761904762,0.714285714286,0.404761904762,0.039886039886,4.32084032332,9.41257577658,0.201923076923,0.0192307692308,0.0119047619048,0,-0.268656716418,,0,,,,,,,,0.4,1.6,0.1
2026,003159,WAT,STINT,CJ Kirst,A,10,351,14,0,0,4,16,1,84,83,1,34,0,60,5,416,52,258,0,0,0,0,0,0,84,34,34,0,0,0.29299719888,0.134328358209,0.0521961262773,0.496562261268,0.536676336511,0.404761904762,0.714285714286,0.404761904762,0.039886039886,4.32084032332,9.41257577658,0.201923076923,0.0192307692308,0.0119047619048,0,-0.268656716418,,0,,,,,,,,0.4,1.6,0.1
2026,003160,ALL,SEASON,Andrew McAdorey,M,13,395,14,6,1,0,17,1,63,55,8,16,1,32,0,567,69,365,0,0,0,0,0,0,63,17,18,0,0,0.29299719888,0.134328358209,0.0521961262773,0.496562261268,0.536676336511,0.269841269841,0.507936507937,0.285714285714,0.0354430379747,6.61746987952,-0.264099669719,0.111111111111,0.115942028986,0.126984126984,0.125,-0.149253731343,0.166666666667,0.0164383561644,-1.97937356761,,,,,,,0,1.30769230769,0.0769230769231
2026,003160,RED,STINT,Andrew McAdorey,M,13,395,14,6,1,0,17,1,63,55,8,16,1,32,0,567,69,365,0,0,0,0,0,0,63,17,18,0,0,0.29299719888,0.134328358209,0.0521961262773,0.496562261268,0.536676336511,0.269841269841,0.507936507937,0.285714285714,0.0354430379747,6.61746987952,-0.264099669719,0.111111111111,0.115942028986,0.126984126984,0.125,-0.149253731343,0.166666666667,0.0164383561644,-1.97937356761,,,,,,,0,1.30769230769,0.0769230769231
2026,003161,ALL,SEASON,Sam English,M,11,190,15,2,0,2,30,0,43,41,2,11,0,27,0,480,53,324,0,0,0,0,0,0,43,11,11,0,0,0.29299719888,0.134328358209,0.0521961262773,0.496562261268,0.536676336511,0.255813953488,0.627906976744,0.255813953488,0.0789473684211,-5.08273600732,-1.5501985869,0.0895833333333,0.0377358490566,0.046511627907,0,-0.537313432836,0,0.00617283950617,-0.993124522536,,,,,,,0.181818181818,2.72727272727,0
2026,003161,RED,STINT,Sam English,M,11,190,15,2,0,2,30,0,43,41,2,11,0,27,0,480,53,324,0,0,0,0,0,0,43,11,11,0,0,0.29299719888,0.134328358209,0.0521961262773,0.496562261268,0.536676336511,0.255813953488,0.627906976744,0.255813953488,0.0789473684211,-5.08273600732,-1.5501985869,0.0895833333333,0.0377358490566,0.046511627907,0,-0.537313432836,0,0.00617283950617,-0.993124522536,,,,,,,0.181818181818,2.72727272727,0
2026,003162,ALL,SEASON,Coulter Mackesy,A,13,524,18,0,0,3,25,4,96,84,12,19,3,62,3,561,83,343,0,0,0,0,0,0,96,22,25,0,0,0.29299719888,0.134328358209,0.0521961262773,0.496562261268,0.536676336511,0.229166666667,0.645833333333,0.260416666667,0.0343511450382,9.35077016928,-2.8356453029,0.171122994652,0.144578313253,0.125,0.25,2.77611940299,,0,,,,,,,,0.230769230769,1.92307692308,0.307692307692
2026,003162,CAN,STINT,Coulter Mackesy,A,13,524,18,0,0,3,25,4,96,84,12,19,3,62,3,561,83,343,0,0,0,0,0,0,96,22,25,0,0,0.29299719888,0.134328358209,0.0521961262773,0.496562261268,0.536676336511,0.229166666667,0.645833333333,0.260416666667,0.0343511450382,9.35077016928,-2.8356453029,0.171122994652,0.144578313253,0.125,0.25,2.77611940299,,0,,,,,,,,0.230769230769,1.92307692308,0.307692307692
2026,003163,ALL,SEASON,Brendan Lavelle,D,12,73,4,0,0,15,33,3,2,0,2,0,0,1,0,493,67,288,0,0,0,0,0,0,2,0,0,0,0,0.29299719888,0.134328358209,0.0521961262773,0.496562261268,0.536676336511,0,0.5,0,0.0547945205479,-0.18968278176,-0.537313432836,0.00405679513185,0.0298507462687,1,0,-0.537313432836,,0,,,,,,,,1.25,2.75,0.25
2026,003163,ARC,STINT,Brendan Lavelle,D,12,73,4,0,0,15,33,3,2,0,2,0,0,1,0,493,67,288,0,0,0,0,0,0,2,0,0,0,0,0.29299719888,0.134328358209,0.0521961262773,0.496562261268,0.536676336511,0,0.5,0,0.0547945205479,-0.18968278176,-0.537313432836,0.00405679513185,0.0298507462687,1,0,-0.537313432836,,0,,,,,,,,1.25,2.75,0.25
2026,003164,ALL,SEASON,Matt Traynor,M,11,262,24,0,0,1,11,1,70,67,3,20,0,50,4,424,72,300,0,0,0,0,0,0,70,20,20,0,0,0.29299719888,0.134328358209,0.0521961262773,0.496562261268,0.536676336511,0.285714285714,0.714285714286,0.285714285714,0.0916030534351,-10.3246149154,-0.436782474184,0.165094339623,0.0416666666667,0.0428571428571,0,-0.805970149254,,0,,,,,,,,0.0909090909091,1,0.0909090909091
2026,003164,ATL,STINT,Matt Traynor,M,11,262,24,0,0,1,11,1,70,67,3,20,0,50,4,424,72,300,0,0,0,0,0,0,70,20,20,0,0,0.29299719888,0.134328358209,0.0521961262773,0.496562261268,0.536676336511,0.285714285714,0.714285714286,0.285714285714,0.0916030534351,-10.3246149154,-0.436782474184,0.165094339623,0.0416666666667,0.0428571428571,0,-0.805970149254,,0,,,,,,,,0.0909090909091,1,0.0909090909091
2026,003165,ALL,SEASON,Aidan Carroll,M,13,412,15,0,0,1,11,0,81,75,6,29,0,50,3,538,38,339,0,0,0,0,0,0,81,29,29,0,0,0.29299719888,0.134328358209,0.0521961262773,0.496562261268,0.536676336511,0.358024691358,0.617283950617,0.358024691358,0.0364077669903,6.50480402623,5.41326978553,0.150557620818,0.157894736842,0.0740740740741,0,-1.61194029851,,0,,,,,,,,0.0769230769231,0.846153846154,0
2026,003165,WHP,STINT,Aidan Carroll,M,13,412,15,0,0,1,11,0,81,75,6,29,0,50,3,538,38,339,0,0,0,0,0,0,81,29,29,0,0,0.29299719888,0.134328358209,0.0521961262773,0.496562261268,0.536676336511,0.358024691358,0.617283950617,0.358024691358,0.0364077669903,6.50480402623,5.41326978553,0.150557620818,0.157894736842,0.0740740740741,0,-1.61194029851,,0,,,,,,,,0.0769230769231,0.846153846154,0
2026,003166,ALL,SEASON,Owen Hiltz,A,10,251,13,0,0,2,11,1,49,48,1,12,0,25,0,386,46,257,0,0,0,0,0,0,49,12,12,0,0,0.29299719888,0.134328358209,0.0521961262773,0.496562261268,0.536676336511,0.244897959184,0.510204081633,0.244897959184,0.0517928286853,0.101227695592,-2.33252226264,0.126943005181,0.0217391304348,0.0204081632653,0,-0.268656716418,,0,,,,,,,,0.2,1.1,0.1
2026,003166,CHA,STINT,Owen Hiltz,A,10,251,13,0,0,2,11,1,49,48,1,12,0,25,0,386,46,257,0,0,0,0,0,0,49,12,12,0,0,0.29299719888,0.134328358209,0.0521961262773,0.496562261268,0.536676336511,0.244897959184,0.510204081633,0.244897959184,0.0517928286853,0.101227695592,-2.33252226264,0.126943005181,0.0217391304348,0.0204081632653,0,-0.268656716418,,0,,,,,,,,0.2,1.1,0.1
2026,003167,ALL,SEASON,Jake Taylor,A,5,67,4,0,0,1,8,0,21,21,0,8,0,14,1,195,35,136,0,0,0,0,0,0,21,8,8,0,0,0.29299719888,0.134328358209,0.0521961262773,0.496562261268,0.536676336511,0.380952380952,0.666666666667,0.380952380952,0.0597014925373,-0.502859539424,1.84705882353,0.107692307692,0,0,,,,0,,,,,,,,0.2,1.6,0
2026,003167,OUT,STINT,Jake Taylor,A,3,41,4,0,0,0,3,0,13,13,0,6,0,9,1,111,18,85,0,0,0,0,0,0,13,6,6,0,0,0.29299719888,0.134328358209,0.0521961262773,0.496562261268,0.536676336511,0.461538461538,0.692307692308,0.461538461538,0.0975609756098,-1.85995882263,2.19103641457,0.117117117117,0,0,,,,0,,,,,,,,0,1,0
2026,003167,WAT,STINT,Jake Taylor,A,2,26,0,0,0,1,5,0,8,8,0,2,0,5,0,84,17,51,0,0,0,0,0,0,8,2,2,0,0,0.29299719888,0.134328358209,0.0521961262773,0.496562261268,0.536676336511,0.25,0.625,0.25,0,1.35709928321,-0.343977591036,0.0952380952381,0,0,,,,0,,,,,,,,0.5,2.5,0
2026,003168,ALL,SEASON,Chris Kavanagh,A,11,390,17,0,0,2,13,2,77,67,10,24,1,56,4,480,53,324,0,0,0,0,0,0,77,25,26,0,0,0.29299719888,0.134328358209,0.0521961262773,0.496562261268,0.536676336511,0.324675324675,0.727272727273,0.337662337662,0.0435897435897,3.35648924813,3.68262051089,0.160416666667,0.188679245283,0.12987012987,0.1,-0.686567164179,,0,,,,,,,,0.181818181818,1.18181818182,0.181818181818
2026,003168,RED,STINT,Chris Kavanagh,A,11,390,17,0,0,2,13,2,77,67,10,24,1,56,4,480,53,324,0,0,0,0,0,0,77,25,26,0,0,0.29299719888,0.134328358209,0.0521961262773,0.496562261268,0.536676336511,0.324675324675,0.727272727273,0.337662337662,0.0435897435897,3.35648924813,3.68262051089,0.160416666667,0.188679245283,0.12987012987,0.1,-0.686567164179,,0,,,,,,,,0.181818181818,1.18181818182,0.181818181818
2026,003169,ALL,SEASON,Logan McNaney,G,12,199,6,0,0,6,25,0,2,0,2,0,0,2,0,471,71,313,101,21,116,8,16,30,2,0,0,122,246,0.29299719888,0.134328358209,0.0521961262773,0.496562261268,0.536676336511,0,1,0,0.0301507537688,4.38702912917,-0.537313432836,0.00424628450106,0.0281690140845,1,0,-0.537313432836,,0,,0.49593495935,0.465437788018,0.724137931034,-10.0223787816,0.93893129771,0.114503816794,0.5,2.08333333333,0
2026,003169,OUT,STINT,Logan McNaney,G,12,199,6,0,0,6,25,0,2,0,2,0,0,2,0,471,71,313,101,21,116,8,16,30,2,0,0,122,246,0.29299719888,0.134328358209,0.0521961262773,0.496562261268,0.536676336511,0,1,0,0.0301507537688,4.38702912917,-0.537313432836,0.00424628450106,0.0281690140845,1,0,-0.537313432836,,0,,0.49593495935,0.465437788018,0.724137931034,-10.0223787816,0.93893129771,0.114503816794,0.5,2.08333333333,0
2026,003170,ALL,SEASON,Mic Kelly,M,11,306,9,0,0,3,7,3,59,52,7,10,1,40,3,471,74,295,0,0,0,0,0,0,59,11,12,0,0,0.29299719888,0.134328358209,0.0521961262773,0.496562261268,0.536676336511,0.186440677966,0.677966101695,0.203389830508,0.0294117647059,6.97201464084,-5.11645135666,0.125265392781,0.0945945945946,0.118644067797,0.142857142857,0.119402985075,,0,,,,,,,,0.272727272727,0.636363636364,0.272727272727
2026,003170,CAN,STINT,Mic Kelly,M,11,306,9,0,0,3,7,3,59,52,7,10,1,40,3,471,74,295,0,0,0,0,0,0,59,11,12,0,0,0.29299719888,0.134328358209,0.0521961262773,0.496562261268,0.536676336511,0.186440677966,0.677966101695,0.203389830508,0.0294117647059,6.97201464084,-5.11645135666,0.125265392781,0.0945945945946,0.118644067797,0.142857142857,0.119402985075,,0,,,,,,,,0.272727272727,0.636363636364,0.272727272727
2026,003172,ALL,SEASON,Max Krevsky,SSDM,9,73,4,9,0,8,13,3,14,12,2,1,0,5,1,366,60,241,0,0,0,0,0,0,14,1,1,0,0,0.29299719888,0.134328358209,0.0521961262773,0.496562261268,0.536676336511,0.0714285714286,0.357142857143,0.0714285714286,0.0547945205479,-0.18968278176,-3.05327981939,0.0382513661202,0.0333333333333,0.142857142857,0,-0.537313432836,0,0.0373443983402,-4.46906035141,,,,,,,0.888888888889,1.44444444444,0.333333333333
2026,003172,ATL,STINT,Max Krevsky,SSDM,9,73,4,9,0,8,13,3,14,12,2,1,0,5,1,366,60,241,0,0,0,0,0,0,14,1,1,0,0,0.29299719888,0.134328358209,0.0521961262773,0.496562261268,0.536676336511,0.0714285714286,0.357142857143,0.0714285714286,0.0547945205479,-0.18968278176,-3.05327981939,0.0382513661202,0.0333333333333,0.142857142857,0,-0.537313432836,0,0.0373443983402,-4.46906035141,,,,,,,0.888888888889,1.44444444444,0.333333333333
2026,003173,ALL,SEASON,Jack McDonald,LSM,10,34,1,0,0,5,10,2,2,2,0,0,0,2,0,400,28,261,0,0,0,0,0,0,2,0,0,0,0,0.29299719888,0.134328358209,0.0521961262773,0.496562261268,0.536676336511,0,1,0,0.0294117647059,0.774668293427,-0.585994397759,0.005,0,0,,,,0,,,,,,,,0.5,1,0.2
2026,003173,WHP,STINT,Jack McDonald,LSM,10,34,1,0,0,5,10,2,2,2,0,0,0,2,0,400,28,261,0,0,0,0,0,0,2,0,0,0,0,0.29299719888,0.134328358209,0.0521961262773,0.496562261268,0.536676336511,0,1,0,0.0294117647059,0.774668293427,-0.585994397759,0.005,0,0,,,,0,,,,,,,,0.5,1,0.2
2026,003174,ALL,SEASON,Sam King,M,12,399,24,0,0,1,22,2,78,77,1,23,0,44,2,493,67,288,0,0,0,0,0,0,78,23,23,0,0,0.29299719888,0.134328358209,0.0521961262773,0.496562261268,0.536676336511,0.294871794872,0.564102564103,0.294871794872,0.0601503759398,-3.17374561537,0.170558969857,0.158215010142,0.0149253731343,0.0128205128205,0,-0.268656716418,,0,,,,,,,,0.0833333333333,1.83333333333,0.166666666667
2026,003174,ARC,STINT,Sam King,M,12,399,24,0,0,1,22,2,78,77,1,23,0,44,2,493,67,288,0,0,0,0,0,0,78,23,23,0,0,0.29299719888,0.134328358209,0.0521961262773,0.496562261268,0.536676336511,0.294871794872,0.564102564103,0.294871794872,0.0601503759398,-3.17374561537,0.170558969857,0.158215010142,0.0149253731343,0.0128205128205,0,-0.268656716418,,0,,,,,,,,0.0833333333333,1.83333333333,0.166666666667
2026,003176,ALL,SEASON,Emmet Carroll,G,13,251,5,0,0,2,26,0,2,0,2,0,0,0,0,538,38,339,146,28,126,9,23,38,2,0,0,174,309,0.29299719888,0.134328358209,0.0521961262773,0.496562261268,0.536676336511,0,0,0,0.0199203187251,8.10122769559,-0.537313432836,0.00371747211896,0.0526315789474,1,0,-0.537313432836,,0,,0.563106796117,0.536764705882,0.756756756757,8.16701201823,0.930722891566,0.114457831325,0.153846153846,2,0
2026,003176,WHP,STINT,Emmet Carroll,G,13,251,5,0,0,2,26,0,2,0,2,0,0,0,0,538,38,339,146,28,126,9,23,38,2,0,0,174,309,0.29299719888,0.134328358209,0.0521961262773,0.496562261268,0.536676336511,0,0,0,0.0199203187251,8.10122769559,-0.537313432836,0.00371747211896,0.0526315789474,1,0,-0.537313432836,,0,,0.563106796117,0.536764705882,0.756756756757,8.16701201823,0.930722891566,0.114457831325,0.153846153846,2,0
2026,003177,ALL,SEASON,Mitchell Dunham,D,12,53,1,0,0,12,27,5,1,0,1,0,0,0,0,493,67,288,0,0,0,0,0,0,1,0,0,0,0,0.29299719888,0.134328358209,0.0521961262773,0.496562261268,0.536676336511,0,0,0,0.0188679245283,1.76639469269,-0.268656716418,0.00202839756592,0.0149253731343,1,0,-0.268656716418,,0,,,,,,,,1,2.25,0.416666666667
2026,003177,ARC,STINT,Mitchell Dunham,D,12,53,1,0,0,12,27,5,1,0,1,0,0,0,0,493,67,288,0,0,0,0,0,0,1,0,0,0,0,0.29299719888,0.134328358209,0.0521961262773,0.496562261268,0.536676336511,0,0,0,0.0188679245283,1.76639469269,-0.268656716418,0.00202839756592,0.0149253731343,1,0,-0.268656716418,,0,,,,,,,,1,2.25,0.416666666667
2026,003179,ALL,SEASON,Ben Wayer,LSM,3,23,1,0,0,2,5,1,5,0,5,0,0,2,0,130,24,80,0,0,0,0,0,0,5,0,0,0,0,0.29299719888,0.134328358209,0.0521961262773,0.496562261268,0.536676336511,0,0.4,0,0.0434782608696,0.200510904377,-1.34328358209,0.0384615384615,0.208333333333,1,0,-1.34328358209,,0,,,,,,,,0.666666666667,1.66666666667,0.333333333333
2026,003179,WAT,STINT,Ben Wayer,LSM,3,23,1,0,0,2,5,1,5,0,5,0,0,2,0,130,24,80,0,0,0,0,0,0,5,0,0,0,0,0.29299719888,0.134328358209,0.0521961262773,0.496562261268,0.536676336511,0,0.4,0,0.0434782608696,0.200510904377,-1.34328358209,0.0384615384615,0.208333333333,1,0,-1.34328358209,,0,,,,,,,,0.666666666667,1.66666666667,0.333333333333
2026,003180,ALL,SEASON,Christian Mazur,SSDM,2,18,0,1,0,0,1,1,3,3,0,2,0,2,0,84,5,44,0,0,0,0,0,0,3,2,2,0,0,0.29299719888,0.134328358209,0.0521961262773,0.496562261268,0.536676336511,0.666666666667,0.666666666667,0.666666666667,0,0.939530272991,1.12100840336,0.0357142857143,0,0,,,0,0.0227272727273,-0.496562261268,,,,,,,0,0.5,0.5
2026,003180,WHP,STINT,Christian Mazur,SSDM,2,18,0,1,0,0,1,1,3,3,0,2,0,2,0,84,5,44,0,0,0,0,0,0,3,2,2,0,0,0.29299719888,0.134328358209,0.0521961262773,0.496562261268,0.536676336511,0.666666666667,0.666666666667,0.666666666667,0,0.939530272991,1.12100840336,0.0357142857143,0,0,,,0,0.0227272727273,-0.496562261268,,,,,,,0,0.5,0.5
2026,003181,ALL,SEASON,Jimmy Freehill,D,12,56,4,0,0,6,12,4,12,0,12,0,2,7,0,500,69,309,0,0,0,0,0,0,12,2,4,0,0,0.29299719888,0.134328358209,0.0521961262773,0.496562261268,0.536676336511,0.166666666667,0.583333333333,0.333333333333,0.0714285714286,-1.07701692847,0.776119402985,0.024,0.173913043478,1,0.166666666667,0.776119402985,,0,,,,,,,,0.5,1,0.333333333333
2026,003181,WAT,STINT,Jimmy Freehill,D,12,56,4,0,0,6,12,4,12,0,12,0,2,7,0,500,69,309,0,0,0,0,0,0,12,2,4,0,0,0.29299719888,0.134328358209,0.0521961262773,0.496562261268,0.536676336511,0.166666666667,0.583333333333,0.333333333333,0.0714285714286,-1.07701692847,0.776119402985,0.024,0.173913043478,1,0.166666666667,0.776119402985,,0,,,,,,,,0.5,1,0.333333333333
2026,003182,ALL,SEASON,Kevin Parnham,D,4,37,0,0,0,3,5,1,1,0,1,0,0,0,0,129,25,100,0,0,0,0,0,0,1,0,0,0,0,0.29299719888,0.134328358209,0.0521961262773,0.496562261268,0.536676336511,0,0,0,0,1.93125667226,-0.268656716418,0.0077519379845,0.04,1,0,-0.268656716418,,0,,,,,,,,0.75,1.25,0.25
2026,003182,OUT,STINT,Kevin Parnham,D,4,37,0,0,0,3,5,1,1,0,1,0,0,0,0,129,25,100,0,0,0,0,0,0,1,0,0,0,0,0.29299719888,0.134328358209,0.0521961262773,0.496562261268,0.536676336511,0,0,0,0,1.93125667226,-0.268656716418,0.0077519379845,0.04,1,0,-0.268656716418,,0,,,,,,,,0.75,1.25,0.25
2026,003183,ALL,SEASON,Jack Gray,SSDM,11,30,4,7,1,3,6,8,2,2,0,0,0,1,0,428,63,281,0,0,0,0,0,0,2,0,0,0,0,0.29299719888,0.134328358209,0.0521961262773,0.496562261268,0.536676336511,0,0.5,0,0.133333333333,-2.43411621168,-0.585994397759,0.00467289719626,0,0,,,0.142857142857,0.0249110320285,-2.47593582888,,,,,,,0.272727272727,0.545454545455,0.727272727273
2026,003183,OUT,STINT,Jack Gray,SSDM,11,30,4,7,1,3,6,8,2,2,0,0,0,1,0,428,63,281,0,0,0,0,0,0,2,0,0,0,0,0.29299719888,0.134328358209,0.0521961262773,0.496562261268,0.536676336511,0,0.5,0,0.133333333333,-2.43411621168,-0.585994397759,0.00467289719626,0,0,,,0.142857142857,0.0249110320285,-2.47593582888,,,,,,,0.272727272727,0.545454545455,0.727272727273
2026,003184,ALL,SEASON,Ben Ramsey,SSDM,13,107,6,0,0,4,20,3,6,4,2,1,0,5,0,561,83,343,0,0,0,0,0,0,6,1,1,0,0,0.29299719888,0.134328358209,0.0521961262773,0.496562261268,0.536676336511,0.166666666667,0.833333333333,0.166666666667,0.0560747663551,-0.415014488333,-0.709302228354,0.0106951871658,0.0240963855422,0.333333333333,0,-0.537313432836,,0,,,,,,,,0.307692307692,1.53846153846,0.230769230769
2026,003184,CAN,STINT,Ben Ramsey,SSDM,13,107,6,0,0,4,20,3,6,4,2,1,0,5,0,561,83,343,0,0,0,0,0,0,6,1,1,0,0,0.29299719888,0.134328358209,0.0521961262773,0.496562261268,0.536676336511,0.166666666667,0.833333333333,0.166666666667,0.0560747663551,-0.415014488333,-0.709302228354,0.0106951871658,0.0240963855422,0.333333333333,0,-0.537313432836,,0,,,,,,,,0.307692307692,1.53846153846,0.230769230769
2026,003185,ALL,SEASON,Carter Rice,SSDM,11,56,3,0,0,2,6,0,0,0,0,0,0,0,0,483,58,304,0,0,0,0,0,0,0,0,0,0,0,0.29299719888,0.134328358209,0.0521961262773,0.496562261268,0.536676336511,,,,0.0535714285714,-0.0770169284734,,0,0,,,,,0,,,,,,,,0.181818181818,0.545454545455,0
2026,003185,RED,STINT,Carter Rice,SSDM,11,56,3,0,0,2,6,0,0,0,0,0,0,0,0,483,58,304,0,0,0,0,0,0,0,0,0,0,0,0.29299719888,0.134328358209,0.0521961262773,0.496562261268,0.536676336511,,,,0.0535714285714,-0.0770169284734,,0,0,,,,,0,,,,,,,,0.181818181818,0.545454545455,0
2026,003186,ALL,SEASON,Hugh Kelleher,M,10,169,8,0,0,1,12,1,41,33,8,10,1,30,2,394,64,275,0,0,0,0,0,0,41,11,12,0,0,0.29299719888,0.134328358209,0.0521961262773,0.496562261268,0.536676336511,0.268292682927,0.731707317073,0.292682926829,0.0473372781065,0.821145340857,0.181838705632,0.104060913706,0.125,0.19512195122,0.125,-0.149253731343,,0,,,,,,,,0.1,1.2,0.1
2026,003186,ATL,STINT,Hugh Kelleher,M,10,169,8,0,0,1,12,1,41,33,8,10,1,30,2,394,64,275,0,0,0,0,0,0,41,11,12,0,0,0.29299719888,0.134328358209,0.0521961262773,0.496562261268,0.536676336511,0.268292682927,0.731707317073,0.292682926829,0.0473372781065,0.821145340857,0.181838705632,0.104060913706,0.125,0.19512195122,0.125,-0.149253731343,,0,,,,,,,,0.1,1.2,0.1
2026,003188,ALL,SEASON,Bryce Ford,M,1,18,2,0,0,0,0,0,3,3,0,0,0,0,0,37,4,20,0,0,0,0,0,0,3,0,0,0,0,0.29299719888,0.134328358209,0.0521961262773,0.496562261268,0.536676336511,0,0,0,0.111111111111,-1.06046972701,-0.878991596639,0.0810810810811,0,0,,,,0,,,,,,,,0,0,0
2026,003188,ARC,STINT,Bryce Ford,M,1,18,2,0,0,0,0,0,3,3,0,0,0,0,0,37,4,20,0,0,0,0,0,0,3,0,0,0,0,0.29299719888,0.134328358209,0.0521961262773,0.496562261268,0.536676336511,0,0,0,0.111111111111,-1.06046972701,-0.878991596639,0.0810810810811,0,0,,,,0,,,,,,,,0,0,0
2026,003192,ALL,SEASON,Jackson Eicher,A,12,250,17,0,0,2,12,1,64,51,13,15,0,35,1,466,57,311,0,0,0,0,0,0,64,15,15,0,0,0.29299719888,0.134328358209,0.0521961262773,0.496562261268,0.536676336511,0.234375,0.546875,0.234375,0.068,-3.95096843068,-3.43539445629,0.137339055794,0.228070175439,0.203125,0,-3.49253731343,,0,,,,,,,,0.166666666667,1,0.0833333333333
2026,003192,CHA,STINT,Jackson Eicher,A,12,250,17,0,0,2,12,1,64,51,13,15,0,35,1,466,57,311,0,0,0,0,0,0,64,15,15,0,0,0.29299719888,0.134328358209,0.0521961262773,0.496562261268,0.536676336511,0.234375,0.546875,0.234375,0.068,-3.95096843068,-3.43539445629,0.137339055794,0.228070175439,0.203125,0,-3.49253731343,,0,,,,,,,,0.166666666667,1,0.0833333333333
2026,003194,ALL,SEASON,Colin Sharkey,SSDM,2,8,0,0,0,0,1,0,1,1,0,0,0,1,0,70,10,38,0,0,0,0,0,0,1,0,0,0,0,0.29299719888,0.134328358209,0.0521961262773,0.496562261268,0.536676336511,0,1,0,0,0.417569010218,-0.29299719888,0.0142857142857,0,0,,,,0,,,,,,,,0,0.5,0
2026,003194,ARC,STINT,Colin Sharkey,SSDM,2,8,0,0,0,0,1,0,1,1,0,0,0,1,0,70,10,38,0,0,0,0,0,0,1,0,0,0,0,0.29299719888,0.134328358209,0.0521961262773,0.496562261268,0.536676336511,0,1,0,0,0.417569010218,-0.29299719888,0.0142857142857,0,0,,,,0,,,,,,,,0,0.5,0
2026,003195,ALL,SEASON,Brian Kelly,A,12,371,25,0,0,1,17,2,55,54,1,24,0,39,5,520,73,318,0,0,0,0,0,0,55,24,24,0,0,0.29299719888,0.134328358209,0.0521961262773,0.496562261268,0.536676336511,0.436363636364,0.709090909091,0.436363636364,0.0673854447439,-5.63523715114,7.90949454409,0.105769230769,0.013698630137,0.0181818181818,0,-0.268656716418,,0,,,,,,,,0.0833333333333,1.41666666667,0.166666666667
2026,003195,CAN,STINT,Brian Kelly,A,12,371,25,0,0,1,17,2,55,54,1,24,0,39,5,520,73,318,0,0,0,0,0,0,55,24,24,0,0,0.29299719888,0.134328358209,0.0521961262773,0.496562261268,0.536676336511,0.436363636364,0.709090909091,0.436363636364,0.0673854447439,-5.63523715114,7.90949454409,0.105769230769,0.013698630137,0.0181818181818,0,-0.268656716418,,0,,,,,,,,0.0833333333333,1.41666666667,0.166666666667
2026,003203,ALL,SEASON,CK Giancola,M,3,87,3,0,0,0,5,1,16,10,6,4,0,10,1,101,16,55,0,0,0,0,0,0,16,4,4,0,0,0.29299719888,0.134328358209,0.0521961262773,0.496562261268,0.536676336511,0.25,0.625,0.25,0.0344827586207,1.54106298612,-0.541912287303,0.158415841584,0.375,0.375,0,-1.61194029851,,0,,,,,,,,0,1.66666666667,0.333333333333
2026,003203,ARC,STINT,CK Giancola,M,3,87,3,0,0,0,5,1,16,10,6,4,0,10,1,101,16,55,0,0,0,0,0,0,16,4,4,0,0,0.29299719888,0.134328358209,0.0521961262773,0.496562261268,0.536676336511,0.25,0.625,0.25,0.0344827586207,1.54106298612,-0.541912287303,0.158415841584,0.375,0.375,0,-1.61194029851,,0,,,,,,,,0,1.66666666667,0.333333333333
2026,003206,ALL,SEASON,Greg Langermeier,SSDM,2,9,2,0,0,0,5,1,0,0,0,0,0,0,0,62,10,44,0,0,0,0,0,0,0,0,0,0,0,0.29299719888,0.134328358209,0.0521961262773,0.496562261268,0.536676336511,,,,0.222222222222,-1.5302348635,,0,0,,,,,0,,,,,,,,0,2.5,0.5
2026,003206,CHA,STINT,Greg Langermeier,SSDM,2,9,2,0,0,0,5,1,0,0,0,0,0,0,0,62,10,44,0,0,0,0,0,0,0,0,0,0,0,0.29299719888,0.134328358209,0.0521961262773,0.496562261268,0.536676336511,,,,0.222222222222,-1.5302348635,,0,0,,,,,0,,,,,,,,0,2.5,0.5
2026,003209,ALL,SEASON,Michael Lampert,A,1,7,0,0,0,0,0,0,1,1,0,0,0,0,0,41,8,28,0,0,0,0,0,0,1,0,0,0,0,0.29299719888,0.134328358209,0.0521961262773,0.496562261268,0.536676336511,0,0,0,0,0.365372883941,-0.29299719888,0.0243902439024,0,0,,,,0,,,,,,,,0,0,0
2026,003209,WAT,STINT,Michael Lampert,A,1,7,0,0,0,0,0,0,1,1,0,0,0,0,0,41,8,28,0,0,0,0,0,0,1,0,0,0,0,0.29299719888,0.134328358209,0.0521961262773,0.496562261268,0.536676336511,0,0,0,0,0.365372883941,-0.29299719888,0.0243902439024,0,0,,,,0,,,,,,,,0,0,0
2026,003211,ALL,SEASON,Josh Balcarcel,M,10,132,8,0,0,0,4,0,32,30,2,13,0,20,0,438,57,276,0,0,0,0,0,0,32,13,13,0,0,0.29299719888,0.134328358209,0.0521961262773,0.496562261268,0.536676336511,0.40625,0.625,0.40625,0.0606060606061,-1.1101113314,3.67277060078,0.0730593607306,0.0350877192982,0.0625,0,-0.537313432836,,0,,,,,,,,0,0.4,0
2026,003211,RED,STINT,Josh Balcarcel,M,10,132,8,0,0,0,4,0,32,30,2,13,0,20,0,438,57,276,0,0,0,0,0,0,32,13,13,0,0,0.29299719888,0.134328358209,0.0521961262773,0.496562261268,0.536676336511,0.40625,0.625,0.40625,0.0606060606061,-1.1101113314,3.67277060078,0.0730593607306,0.0350877192982,0.0625,0,-0.537313432836,,0,,,,,,,,0,0.4,0
2026,003212,ALL,SEASON,Ray Dearth,SSDM,12,67,1,37,4,7,11,1,3,2,1,1,0,2,0,466,57,311,0,0,0,0,0,0,3,1,1,0,0,0.29299719888,0.134328358209,0.0521961262773,0.496562261268,0.536676336511,0.333333333333,0.666666666667,0.333333333333,0.0149253731343,2.49714046058,0.145348885823,0.00643776824034,0.0175438596491,0.333333333333,0,-0.268656716418,0.108108108108,0.118971061093,-14.3728036669,,,,,,,0.583333333333,0.916666666667,0.0833333333333
2026,003212,CHA,STINT,Ray Dearth,SSDM,12,67,1,37,4,7,11,1,3,2,1,1,0,2,0,466,57,311,0,0,0,0,0,0,3,1,1,0,0,0.29299719888,0.134328358209,0.0521961262773,0.496562261268,0.536676336511,0.333333333333,0.666666666667,0.333333333333,0.0149253731343,2.49714046058,0.145348885823,0.00643776824034,0.0175438596491,0.333333333333,0,-0.268656716418,0.108108108108,0.118971061093,-14.3728036669,,,,,,,0.583333333333,0.916666666667,0.0833333333333
2026,003215,ALL,SEASON,Tommy Stull,LSM,2,6,0,0,0,1,4,0,0,0,0,0,0,0,0,86,7,44,0,0,0,0,0,0,0,0,0,0,0,0.29299719888,0.134328358209,0.0521961262773,0.496562261268,0.536676336511,,,,0,0.313176757664,,0,0,,,,,0,,,,,,,,0.5,2,0
2026,003215,ARC,STINT,Tommy Stull,LSM,2,6,0,0,0,1,4,0,0,0,0,0,0,0,0,86,7,44,0,0,0,0,0,0,0,0,0,0,0,0.29299719888,0.134328358209,0.0521961262773,0.496562261268,0.536676336511,,,,0,0.313176757664,,0,0,,,,,0,,,,,,,,0.5,2,0
2026,003228,ALL,SEASON,Remington Reynolds,D,4,18,1,0,0,2,8,3,1,1,0,0,0,0,0,163,30,109,0,0,0,0,0,0,1,0,0,0,0,0.29299719888,0.134328358209,0.0521961262773,0.496562261268,0.536676336511,0,0,0,0.0555555555556,-0.0604697270093,-0.29299719888,0.00613496932515,0,0,,,,0,,,,,,,,0.5,2,0.75
2026,003228,CAN,STINT,Remington Reynolds,D,4,18,1,0,0,2,8,3,1,1,0,0,0,0,0,163,30,109,0,0,0,0,0,0,1,0,0,0,0,0.29299719888,0.134328358209,0.0521961262773,0.496562261268,0.536676336511,0,0,0,0.0555555555556,-0.0604697270093,-0.29299719888,0.00613496932515,0,0,,,,0,,,,,,,,0.5,2,0.75
2026,003229,ALL,SEASON,Matt Wright,LSM,2,11,0,0,0,0,3,0,0,0,0,0,0,0,0,92,10,63,0,0,0,0,0,0,0,0,0,0,0,0.29299719888,0.134328358209,0.0521961262773,0.496562261268,0.536676336511,,,,0,0.57415738905,,0,0,,,,,0,,,,,,,,0,1.5,0
2026,003229,RED,STINT,Matt Wright,LSM,2,11,0,0,0,0,3,0,0,0,0,0,0,0,0,92,10,63,0,0,0,0,0,0,0,0,0,0,0,0.29299719888,0.134328358209,0.0521961262773,0.496562261268,0.536676336511,,,,0,0.57415738905,,0,0,,,,,0,,,,,,,,0,1.5,0
2026,003232,ALL,SEASON,Casey Wilson,M,4,26,2,0,0,0,4,1,2,2,0,2,0,2,0,161,22,102,0,0,0,0,0,0,2,2,2,0,0,0.29299719888,0.134328358209,0.0521961262773,0.496562261268,0.536676336511,1,1,1,0.0769230769231,-0.642900716791,1.41400560224,0.0124223602484,0,0,,,,0,,,,,,,,0,1,0.25
2026,003232,WAT,STINT,Casey Wilson,M,4,26,2,0,0,0,4,1,2,2,0,2,0,2,0,161,22,102,0,0,0,0,0,0,2,2,2,0,0,0.29299719888,0.134328358209,0.0521961262773,0.496562261268,0.536676336511,1,1,1,0.0769230769231,-0.642900716791,1.41400560224,0.0124223602484,0,0,,,,0,,,,,,,,0,1,0.25
2026,003233,ALL,SEASON,Christian Fournier,,2,3,2,0,0,0,2,0,0,0,0,0,0,0,0,81,18,48,0,0,0,0,0,0,0,0,0,0,0,0.29299719888,0.134328358209,0.0521961262773,0.496562261268,0.536676336511,,,,0.666666666667,-1.84341162117,,0,0,,,,,0,,,,,,,,0,1,0
2026,003233,CAN,STINT,Christian Fournier,,2,3,2,0,0,0,2,0,0,0,0,0,0,0,0,81,18,48,0,0,0,0,0,0,0,0,0,0,0,0.29299719888,0.134328358209,0.0521961262773,0.496562261268,0.536676336511,,,,0.666666666667,-1.84341162117,,0,0,,,,,0,,,,,,,,0,1,0
2026,003238,ALL,SEASON,Aidan McLane,M,1,8,0,0,0,0,0,0,3,3,0,0,0,0,0,42,5,22,0,0,0,0,0,0,3,0,0,0,0,0.29299719888,0.134328358209,0.0521961262773,0.496562261268,0.536676336511,0,0,0,0,0.417569010218,-0.878991596639,0.0714285714286,0,0,,,,0,,,,,,,,0,0,0
2026,003238,ATL,STINT,Aidan McLane,M,1,8,0,0,0,0,0,0,3,3,0,0,0,0,0,42,5,22,0,0,0,0,0,0,3,0,0,0,0,0.29299719888,0.134328358209,0.0521961262773,0.496562261268,0.536676336511,0,0,0,0,0.417569010218,-0.878991596639,0.0714285714286,0,0,,,,0,,,,,,,,0,0,0
2026,003242,ALL,SEASON,Cooper Frankenheimer,SSDM,1,4,0,0,0,0,1,0,1,1,0,0,0,0,0,42,5,22,0,0,0,0,0,0,1,0,0,0,0,0.29299719888,0.134328358209,0.0521961262773,0.496562261268,0.536676336511,0,0,0,0,0.208784505109,-0.29299719888,0.0238095238095,0,0,,,,0,,,,,,,,0,1,0
2026,003242,ATL,STINT,Cooper Frankenheimer,SSDM,1,4,0,0,0,0,1,0,1,1,0,0,0,0,0,42,5,22,0,0,0,0,0,0,1,0,0,0,0,0.29299719888,0.134328358209,0.0521961262773,0.496562261268,0.536676336511,0,0,0,0,0.208784505109,-0.29299719888,0.0238095238095,0,0,,,,0,,,,,,,,0,1,0
2026,003246,ALL,SEASON,Nathan Kapp,FO,2,11,2,43,23,0,11,0,0,0,0,0,0,0,0,84,5,44,0,0,0,0,0,0,0,0,0,0,0,0.29299719888,0.134328358209,0.0521961262773,0.496562261268,0.536676336511,,,,0.181818181818,-1.42584261095,,0,0,,,,0.53488372093,0.977272727273,1.64782276547,,,,,,,0,5.5,0
2026,003246,WHP,STINT,Nathan Kapp,FO,2,11,2,43,23,0,11,0,0,0,0,0,0,0,0,84,5,44,0,0,0,0,0,0,0,0,0,0,0,0.29299719888,0.134328358209,0.0521961262773,0.496562261268,0.536676336511,,,,0.181818181818,-1.42584261095,,0,0,,,,0.53488372093,0.977272727273,1.64782276547,,,,,,,0,5.5,0
2026,003248,ALL,SEASON,Ryan Stines,A,12,334,18,0,0,1,12,1,60,58,2,18,0,39,2,493,67,288,0,0,0,0,0,0,60,18,18,0,0,0.29299719888,0.134328358209,0.0521961262773,0.496562261268,0.536676336511,0.3,0.65,0.3,0.0538922155689,-0.566493823395,0.46884903215,0.121703853955,0.0298507462687,0.0333333333333,0,-0.537313432836,,0,,,,,,,,0.0833333333333,1,0.0833333333333
2026,003248,ARC,STINT,Ryan Stines,A,12,334,18,0,0,1,12,1,60,58,2,18,0,39,2,493,67,288,0,0,0,0,0,0,60,18,18,0,0,0.29299719888,0.134328358209,0.0521961262773,0.496562261268,0.536676336511,0.3,0.65,0.3,0.0538922155689,-0.566493823395,0.46884903215,0.121703853955,0.0298507462687,0.0333333333333,0,-0.537313432836,,0,,,,,,,,0.0833333333333,1,0.0833333333333
2026,003249,ALL,SEASON,Logan Ip,M,3,41,1,0,0,0,0,0,10,10,0,1,0,7,0,145,19,88,0,0,0,0,0,0,10,1,1,0,0,0.29299719888,0.134328358209,0.0521961262773,0.496562261268,0.536676336511,0.1,0.7,0.1,0.0243902439024,1.14004117737,-1.9299719888,0.0689655172414,0,0,,,,0,,,,,,,,0,0,0
2026,003249,CAN,STINT,Logan Ip,M,3,41,1,0,0,0,0,0,10,10,0,1,0,7,0,145,19,88,0,0,0,0,0,0,10,1,1,0,0,0.29299719888,0.134328358209,0.0521961262773,0.496562261268,0.536676336511,0.1,0.7,0.1,0.0243902439024,1.14004117737,-1.9299719888,0.0689655172414,0,0,,,,0,,,,,,,,0,0,0
2026,003250,ALL,SEASON,Eric Spanos,M,9,152,9,0,0,0,9,0,38,36,2,11,0,31,3,368,43,239,0,0,0,0,0,0,38,11,11,0,0,0.29299719888,0.134328358209,0.0521961262773,0.496562261268,0.536676336511,0.289473684211,0.815789473684,0.289473684211,0.0592105263158,-1.06618880586,-0.0852125924997,0.103260869565,0.046511627907,0.0526315789474,0,-0.537313432836,,0,,,,,,,,0,1,0
2026,003250,CHA,STINT,Eric Spanos,M,9,152,9,0,0,0,9,0,38,36,2,11,0,31,3,368,43,239,0,0,0,0,0,0,38,11,11,0,0,0.29299719888,0.134328358209,0.0521961262773,0.496562261268,0.536676336511,0.289473684211,0.815789473684,0.289473684211,0.0592105263158,-1.06618880586,-0.0852125924997,0.103260869565,0.046511627907,0.0526315789474,0,-0.537313432836,,0,,,,,,,,0,1,0
2026,003251,ALL,SEASON,Nikko DiPonio,D,2,15,0,0,0,1,6,0,1,1,0,0,0,0,0,80,13,51,0,0,0,0,0,0,1,0,0,0,0,0.29299719888,0.134328358209,0.0521961262773,0.496562261268,0.536676336511,0,0,0,0,0.782941894159,-0.29299719888,0.0125,0,0,,,,0,,,,,,,,0.5,3,0
2026,003251,ATL,STINT,Nikko DiPonio,D,2,15,0,0,0,1,6,0,1,1,0,0,0,0,0,80,13,51,0,0,0,0,0,0,1,0,0,0,0,0.29299719888,0.134328358209,0.0521961262773,0.496562261268,0.536676336511,0,0,0,0,0.782941894159,-0.29299719888,0.0125,0,0,,,,0,,,,,,,,0.5,3,0
2026,003252,ALL,SEASON,Leo Johnson,M,9,154,12,0,0,0,7,0,44,44,0,8,0,22,0,392,51,233,0,0,0,0,0,0,44,8,8,0,0,0.29299719888,0.134328358209,0.0521961262773,0.496562261268,0.536676336511,0.181818181818,0.5,0.181818181818,0.0779220779221,-3.9617965533,-4.8918767507,0.112244897959,0,0,,,,0,,,,,,,,0,0.777777777778,0
2026,003252,ARC,STINT,Leo Johnson,M,9,154,12,0,0,0,7,0,44,44,0,8,0,22,0,392,51,233,0,0,0,0,0,0,44,8,8,0,0,0.29299719888,0.134328358209,0.0521961262773,0.496562261268,0.536676336511,0.181818181818,0.5,0.181818181818,0.0779220779221,-3.9617965533,-4.8918767507,0.112244897959,0,0,,,,0,,,,,,,,0,0.777777777778,0
2026,003253,ALL,SEASON,Marcus Wertheim,M,2,48,2,0,0,0,1,0,7,7,0,0,0,3,0,87,16,41,0,0,0,0,0,0,7,0,0,0,0,0.29299719888,0.134328358209,0.0521961262773,0.496562261268,0.536676336511,0,0.428571428571,0,0.0416666666667,0.505414061309,-2.05098039216,0.0804597701149,0,0,,,,0,,,,,,,,0,0.5,0
2026,003253,RED,STINT,Marcus Wertheim,M,2,48,2,0,0,0,1,0,7,7,0,0,0,3,0,87,16,41,0,0,0,0,0,0,7,0,0,0,0,0.29299719888,0.134328358209,0.0521961262773,0.496562261268,0.536676336511,0,0.428571428571,0,0.0416666666667,0.505414061309,-2.05098039216,0.0804597701149,0,0,,,,0,,,,,,,,0,0.5,0
2026,003254,ALL,SEASON,Peter Detwiler,SSDM,12,88,3,8,2,2,16,3,5,5,0,2,0,5,0,466,57,311,0,0,0,0,0,0,5,2,2,0,0,0.29299719888,0.134328358209,0.0521961262773,0.496562261268,0.536676336511,0.4,1,0.4,0.0340909090909,1.5932591124,0.535014005602,0.0107296137339,0,0,,,0.25,0.0257234726688,-1.97249809015,,,,,,,0.166666666667,1.33333333333,0.25
2026,003254,CHA,STINT,Peter Detwiler,SSDM,12,88,3,8,2,2,16,3,5,5,0,2,0,5,0,466,57,311,0,0,0,0,0,0,5,2,2,0,0,0.29299719888,0.134328358209,0.0521961262773,0.496562261268,0.536676336511,0.4,1,0.4,0.0340909090909,1.5932591124,0.535014005602,0.0107296137339,0,0,,,0.25,0.0257234726688,-1.97249809015,,,,,,,0.166666666667,1.33333333333,0.25
2026,003255,ALL,SEASON,Joe Juengerkes,SSDM,8,51,2,19,1,1,4,1,1,1,0,0,0,0,0,329,23,211,0,0,0,0,0,0,1,0,0,0,0,0.29299719888,0.134328358209,0.0521961262773,0.496562261268,0.536676336511,0,0,0,0.0392156862745,0.66200244014,-0.29299719888,0.00303951367781,0,0,,,0.0526315789474,0.0900473933649,-8.43468296409,,,,,,,0.125,0.5,0.125
2026,003255,WHP,STINT,Joe Juengerkes,SSDM,8,51,2,19,1,1,4,1,1,1,0,0,0,0,0,329,23,211,0,0,0,0,0,0,1,0,0,0,0,0.29299719888,0.134328358209,0.0521961262773,0.496562261268,0.536676336511,0,0,0,0.0392156862745,0.66200244014,-0.29299719888,0.00303951367781,0,0,,,0.0526315789474,0.0900473933649,-8.43468296409,,,,,,,0.125,0.5,0.125
2026,003256,ALL,SEASON,Nolan Byrne,M,3,41,6,0,0,0,2,0,11,11,0,3,0,8,1,110,17,80,0,0,0,0,0,0,11,3,3,0,0,0.29299719888,0.134328358209,0.0521961262773,0.496562261268,0.536676336511,0.272727272727,0.727272727273,0.272727272727,0.146341463415,-3.85995882263,-0.222969187675,0.1,0,0,,,,0,,,,,,,,0,0.666666666667,0
2026,003256,OUT,STINT,Nolan Byrne,M,3,41,6,0,0,0,2,0,11,11,0,3,0,8,1,110,17,80,0,0,0,0,0,0,11,3,3,0,0,0.29299719888,0.134328358209,0.0521961262773,0.496562261268,0.536676336511,0.272727272727,0.727272727273,0.272727272727,0.146341463415,-3.85995882263,-0.222969187675,0.1,0,0,,,,0,,,,,,,,0,0.666666666667,0
2026,003257,ALL,SEASON,Teddy Malone,M,10,216,11,0,0,1,5,0,40,40,0,16,0,26,3,385,41,255,0,0,0,0,0,0,40,16,16,0,0,0.29299719888,0.134328358209,0.0521961262773,0.496562261268,0.536676336511,0.4,0.65,0.4,0.0509259259259,0.274363275888,4.28011204482,0.103896103896,0,0,,,,0,,,,,,,,0.1,0.5,0
2026,003257,CHA,STINT,Teddy Malone,M,10,216,11,0,0,1,5,0,40,40,0,16,0,26,3,385,41,255,0,0,0,0,0,0,40,16,16,0,0,0.29299719888,0.134328358209,0.0521961262773,0.496562261268,0.536676336511,0.4,0.65,0.4,0.0509259259259,0.274363275888,4.28011204482,0.103896103896,0,0,,,,0,,,,,,,,0.1,0.5,0
2026,003259,ALL,SEASON,Liam Kammar,SSDM,6,25,0,0,0,1,4,0,1,1,0,0,0,1,0,234,36,160,0,0,0,0,0,0,1,0,0,0,0,0.29299719888,0.134328358209,0.0521961262773,0.496562261268,0.536676336511,0,1,0,0,1.30490315693,-0.29299719888,0.0042735042735,0,0,,,,0,,,,,,,,0.166666666667,0.666666666667,0
2026,003259,ATL,STINT,Liam Kammar,SSDM,6,25,0,0,0,1,4,0,1,1,0,0,0,1,0,234,36,160,0,0,0,0,0,0,1,0,0,0,0,0.29299719888,0.134328358209,0.0521961262773,0.496562261268,0.536676336511,0,1,0,0,1.30490315693,-0.29299719888,0.0042735042735,0,0,,,,0,,,,,,,,0.166666666667,0.666666666667,0
2026,003260,ALL,SEASON,Jack Pilling,SSDM,7,50,1,8,0,4,13,1,1,1,0,0,0,0,0,292,21,187,0,0,0,0,0,0,1,0,0,0,0,0.29299719888,0.134328358209,0.0521961262773,0.496562261268,0.536676336511,0,0,0,0.02,1.60980631386,-0.29299719888,0.00342465753425,0,0,,,0,0.0427807486631,-3.97249809015,,,,,,,0.571428571429,1.85714285714,0.142857142857
2026,003260,WHP,STINT,Jack Pilling,SSDM,7,50,1,8,0,4,13,1,1,1,0,0,0,0,0,292,21,187,0,0,0,0,0,0,1,0,0,0,0,0.29299719888,0.134328358209,0.0521961262773,0.496562261268,0.536676336511,0,0,0,0.02,1.60980631386,-0.29299719888,0.00342465753425,0,0,,,0,0.0427807486631,-3.97249809015,,,,,,,0.571428571429,1.85714285714,0.142857142857
2026,003261,ALL,SEASON,Truitt Sunderland,M,6,78,3,0,0,0,0,0,13,13,0,4,0,10,0,234,16,153,0,0,0,0,0,0,13,4,4,0,0,0.29299719888,0.134328358209,0.0521961262773,0.496562261268,0.536676336511,0.307692307692,0.769230769231,0.307692307692,0.0384615384615,1.07129784963,0.191036414566,0.0555555555556,0,0,,,,0,,,,,,,,0,0,0
2026,003261,WHP,STINT,Truitt Sunderland,M,6,78,3,0,0,0,0,0,13,13,0,4,0,10,0,234,16,153,0,0,0,0,0,0,13,4,4,0,0,0.29299719888,0.134328358209,0.0521961262773,0.496562261268,0.536676336511,0.307692307692,0.769230769231,0.307692307692,0.0384615384615,1.07129784963,0.191036414566,0.0555555555556,0,0,,,,0,,,,,,,,0,0,0
2026,003264,ALL,SEASON,Sean Byrne,G,7,111,3,0,0,2,11,0,0,0,0,0,0,0,0,282,40,174,70,16,47,5,14,22,0,0,0,86,138,0.29299719888,0.134328358209,0.0521961262773,0.496562261268,0.536676336511,,,,0.027027027027,2.79377001678,,0,0,,,,,0,,0.623188405797,0.598290598291,0.761904761905,11.9386655615,0.907894736842,0.144736842105,0.285714285714,1.57142857143,0
2026,003264,WAT,STINT,Sean Byrne,G,7,111,3,0,0,2,11,0,0,0,0,0,0,0,0,282,40,174,70,16,47,5,14,22,0,0,0,86,138,0.29299719888,0.134328358209,0.0521961262773,0.496562261268,0.536676336511,,,,0.027027027027,2.79377001678,,0,0,,,,,0,,0.623188405797,0.598290598291,0.761904761905,11.9386655615,0.907894736842,0.144736842105,0.285714285714,1.57142857143,0
2026,003266,ALL,SEASON,Silas Richmond,A,7,133,4,0,0,3,11,1,27,25,2,5,1,16,2,288,37,179,0,0,0,0,0,0,27,6,7,0,0,0.29299719888,0.134328358209,0.0521961262773,0.496562261268,0.536676336511,0.222222222222,0.592592592593,0.259259259259,0.0300751879699,2.94208479488,-0.862243404825,0.09375,0.0540540540541,0.0740740740741,0.5,1.46268656716,,0,,,,,,,,0.428571428571,1.57142857143,0.142857142857
2026,003266,WAT,STINT,Silas Richmond,A,7,133,4,0,0,3,11,1,27,25,2,5,1,16,2,288,37,179,0,0,0,0,0,0,27,6,7,0,0,0.29299719888,0.134328358209,0.0521961262773,0.496562261268,0.536676336511,0.222222222222,0.592592592593,0.259259259259,0.0300751879699,2.94208479488,-0.862243404825,0.09375,0.0540540540541,0.0740740740741,0.5,1.46268656716,,0,,,,,,,,0.428571428571,1.57142857143,0.142857142857
2026,003267,ALL,SEASON,Mikey Weisshaar,M,13,308,18,0,0,4,15,0,57,55,2,19,0,36,3,561,83,343,0,0,0,0,0,0,57,19,19,0,0,0.29299719888,0.134328358209,0.0521961262773,0.496562261268,0.536676336511,0.333333333333,0.631578947368,0.333333333333,0.0584415584416,-1.9235931066,2.34784062879,0.101604278075,0.0240963855422,0.0350877192982,0,-0.537313432836,,0,,,,,,,,0.307692307692,1.15384615385,0
2026,003267,CAN,STINT,Mikey Weisshaar,M,13,308,18,0,0,4,15,0,57,55,2,19,0,36,3,561,83,343,0,0,0,0,0,0,57,19,19,0,0,0.29299719888,0.134328358209,0.0521961262773,0.496562261268,0.536676336511,0.333333333333,0.631578947368,0.333333333333,0.0584415584416,-1.9235931066,2.34784062879,0.101604278075,0.0240963855422,0.0350877192982,0,-0.537313432836,,0,,,,,,,,0.307692307692,1.15384615385,0
2026,003268,ALL,SEASON,Jack Taylor,M,1,27,2,0,0,0,1,0,6,5,1,1,0,2,0,36,4,28,0,0,0,0,0,0,6,1,1,0,0,0.29299719888,0.134328358209,0.0521961262773,0.496562261268,0.536676336511,0.166666666667,0.333333333333,0.166666666667,0.0740740740741,-0.590704590514,-0.733642710816,0.166666666667,0.25,0.166666666667,0,-0.268656716418,,0,,,,,,,,0,1,0
2026,003268,CHA,STINT,Jack Taylor,M,1,27,2,0,0,0,1,0,6,5,1,1,0,2,0,36,4,28,0,0,0,0,0,0,6,1,1,0,0,0.29299719888,0.134328358209,0.0521961262773,0.496562261268,0.536676336511,0.166666666667,0.333333333333,0.166666666667,0.0740740740741,-0.590704590514,-0.733642710816,0.166666666667,0.25,0.166666666667,0,-0.268656716418,,0,,,,,,,,0,1,0
2026,003269,ALL,SEASON,Brendan Staub,LSM,10,77,1,0,0,6,14,2,11,4,7,1,0,7,1,416,52,258,0,0,0,0,0,0,11,1,1,0,0,0.29299719888,0.134328358209,0.0521961262773,0.496562261268,0.536676336511,0.0909090909091,0.636363636364,0.0909090909091,0.012987012987,3.01910172335,-2.05258581044,0.0264423076923,0.134615384615,0.636363636364,0,-1.88059701493,,0,,,,,,,,0.6,1.4,0.2
2026,003269,WAT,STINT,Brendan Staub,LSM,10,77,1,0,0,6,14,2,11,4,7,1,0,7,1,416,52,258,0,0,0,0,0,0,11,1,1,0,0,0.29299719888,0.134328358209,0.0521961262773,0.496562261268,0.536676336511,0.0909090909091,0.636363636364,0.0909090909091,0.012987012987,3.01910172335,-2.05258581044,0.0264423076923,0.134615384615,0.636363636364,0,-1.88059701493,,0,,,,,,,,0.6,1.4,0.2
2026,003270,ALL,SEASON,Evan Plunkett,M,9,168,8,0,0,1,5,0,37,36,1,3,0,15,0,373,50,233,0,0,0,0,0,0,37,3,3,0,0,0.29299719888,0.134328358209,0.0521961262773,0.496562261268,0.536676336511,0.0810810810811,0.405405405405,0.0810810810811,0.047619047619,0.76894921458,-7.81655587608,0.0991957104558,0.02,0.027027027027,0,-0.268656716418,,0,,,,,,,,0.111111111111,0.555555555556,0
2026,003270,OUT,STINT,Evan Plunkett,M,9,168,8,0,0,1,5,0,37,36,1,3,0,15,0,373,50,233,0,0,0,0,0,0,37,3,3,0,0,0.29299719888,0.134328358209,0.0521961262773,0.496562261268,0.536676336511,0.0810810810811,0.405405405405,0.0810810810811,0.047619047619,0.76894921458,-7.81655587608,0.0991957104558,0.02,0.027027027027,0,-0.268656716418,,0,,,,,,,,0.111111111111,0.555555555556,0
2026,003271,ALL,SEASON,Hunter Smith,LSM,10,37,1,0,0,10,18,2,1,1,0,0,0,1,0,434,62,264,0,0,0,0,0,0,1,0,0,0,0,0.29299719888,0.134328358209,0.0521961262773,0.496562261268,0.536676336511,0,1,0,0.027027027027,0.931256672259,-0.29299719888,0.00230414746544,0,0,,,,0,,,,,,,,1,1.8,0.2
2026,003271,CAN,STINT,Hunter Smith,LSM,10,37,1,0,0,10,18,2,1,1,0,0,0,1,0,434,62,264,0,0,0,0,0,0,1,0,0,0,0,0.29299719888,0.134328358209,0.0521961262773,0.496562261268,0.536676336511,0,1,0,0.027027027027,0.931256672259,-0.29299719888,0.00230414746544,0,0,,,,0,,,,,,,,1,1.8,0.2
2026,003273,ALL,SEASON,Matt Collison,M,8,167,7,0,0,1,2,1,29,22,7,5,4,18,1,325,39,207,0,0,0,0,0,0,29,9,13,0,0,0.29299719888,0.134328358209,0.0521961262773,0.496562261268,0.536676336511,0.310344827586,0.620689655172,0.448275862069,0.0419161676647,1.7167530883,4.67346460972,0.0892307692308,0.179487179487,0.241379310345,0.571428571429,6.11940298507,,0,,,,,,,,0.125,0.25,0.125
2026,003273,WAT,STINT,Matt Collison,M,8,167,7,0,0,1,2,1,29,22,7,5,4,18,1,325,39,207,0,0,0,0,0,0,29,9,13,0,0,0.29299719888,0.134328358209,0.0521961262773,0.496562261268,0.536676336511,0.310344827586,0.620689655172,0.448275862069,0.0419161676647,1.7167530883,4.67346460972,0.0892307692308,0.179487179487,0.241379310345,0.571428571429,6.11940298507,,0,,,,,,,,0.125,0.25,0.125
2026,003274,ALL,SEASON,Patty Eldredge,SSDM,1,5,0,0,0,1,2,0,0,0,0,0,0,0,0,45,6,22,0,0,0,0,0,0,0,0,0,0,0,0.29299719888,0.134328358209,0.0521961262773,0.496562261268,0.536676336511,,,,0,0.260980631386,,0,0,,,,,0,,,,,,,,1,2,0
2026,003274,WAT,STINT,Patty Eldredge,SSDM,1,5,0,0,0,1,2,0,0,0,0,0,0,0,0,45,6,22,0,0,0,0,0,0,0,0,0,0,0,0.29299719888,0.134328358209,0.0521961262773,0.496562261268,0.536676336511,,,,0,0.260980631386,,0,0,,,,,0,,,,,,,,1,2,0
2026,003275,ALL,SEASON,Andrew McMeekin,FO,10,89,5,249,153,4,82,1,19,16,3,2,0,8,1,444,56,265,0,0,0,0,0,0,19,2,2,0,0,0.29299719888,0.134328358209,0.0521961262773,0.496562261268,0.536676336511,0.105263157895,0.421052631579,0.105263157895,0.0561797752809,-0.354544761324,-3.49392533133,0.0427927927928,0.0535714285714,0.157894736842,0,-0.805970149254,0.614457831325,0.939622641509,29.3559969442,,,,,,,0.4,8.2,0.1
2026,003275,CAN,STINT,Andrew McMeekin,FO,10,89,5,249,153,4,82,1,19,16,3,2,0,8,1,444,56,265,0,0,0,0,0,0,19,2,2,0,0,0.29299719888,0.134328358209,0.0521961262773,0.496562261268,0.536676336511,0.105263157895,0.421052631579,0.105263157895,0.0561797752809,-0.354544761324,-3.49392533133,0.0427927927928,0.0535714285714,0.157894736842,0,-0.805970149254,0.614457831325,0.939622641509,29.3559969442,,,,,,,0.4,8.2,0.1
2026,003276,ALL,SEASON,Richard Checo,LSM,6,16,4,0,0,8,2,0,0,0,0,0,0,0,0,219,24,153,0,0,0,0,0,0,0,0,0,0,0,0.29299719888,0.134328358209,0.0521961262773,0.496562261268,0.536676336511,,,,0.25,-3.16486197956,,0,0,,,,,0,,,,,,,,1.33333333333,0.333333333333,0
2026,003276,CHA,STINT,Richard Checo,LSM,6,16,4,0,0,8,2,0,0,0,0,0,0,0,0,219,24,153,0,0,0,0,0,0,0,0,0,0,0,0.29299719888,0.134328358209,0.0521961262773,0.496562261268,0.536676336511,,,,0.25,-3.16486197956,,0,0,,,,,0,,,,,,,,1.33333333333,0.333333333333,0
2026,003277,ALL,SEASON,Joey Spallina,A,11,422,16,0,0,1,16,3,63,58,5,14,2,33,1,458,32,289,0,0,0,0,0,0,63,16,18,0,0,0.29299719888,0.134328358209,0.0521961262773,0.496562261268,0.536676336511,0.253968253968,0.52380952381,0.285714285714,0.0379146919431,6.026765289,-0.337121117104,0.137554585153,0.15625,0.0793650793651,0.4,2.65671641791,,0,,,,,,,,0.0909090909091,1.45454545455,0.272727272727
2026,003277,WHP,STINT,Joey Spallina,A,11,422,16,0,0,1,16,3,63,58,5,14,2,33,1,458,32,289,0,0,0,0,0,0,63,16,18,0,0,0.29299719888,0.134328358209,0.0521961262773,0.496562261268,0.536676336511,0.253968253968,0.52380952381,0.285714285714,0.0379146919431,6.026765289,-0.337121117104,0.137554585153,0.15625,0.0793650793651,0.4,2.65671641791,,0,,,,,,,,0.0909090909091,1.45454545455,0.272727272727
2026,003278,ALL,SEASON,Aidan Maguire,SSDM,10,79,4,0,0,2,12,3,12,9,3,4,1,10,0,423,57,250,0,0,0,0,0,0,12,5,6,0,0,0.29299719888,0.134328358209,0.0521961262773,0.496562261268,0.536676336511,0.416666666667,0.833333333333,0.5,0.0506329113924,0.123493975904,2.55705506083,0.0283687943262,0.0526315789474,0.25,0.333333333333,1.19402985075,,0,,,,,,,,0.2,1.2,0.3
2026,003278,ARC,STINT,Aidan Maguire,SSDM,10,79,4,0,0,2,12,3,12,9,3,4,1,10,0,423,57,250,0,0,0,0,0,0,12,5,6,0,0,0.29299719888,0.134328358209,0.0521961262773,0.496562261268,0.536676336511,0.416666666667,0.833333333333,0.5,0.0506329113924,0.123493975904,2.55705506083,0.0283687943262,0.0526315789474,0.25,0.333333333333,1.19402985075,,0,,,,,,,,0.2,1.2,0.3
2026,003279,ALL,SEASON,Luke Rhoa,M,2,28,1,0,0,1,1,0,8,7,1,0,0,3,1,93,12,54,0,0,0,0,0,0,8,0,0,0,0,0.29299719888,0.134328358209,0.0521961262773,0.496562261268,0.536676336511,0,0.375,0,0.0357142857143,0.461491535763,-2.31963710857,0.0860215053763,0.0833333333333,0.125,0,-0.268656716418,,0,,,,,,,,0.5,0.5,0
2026,003279,ATL,STINT,Luke Rhoa,M,2,28,1,0,0,1,1,0,8,7,1,0,0,3,1,93,12,54,0,0,0,0,0,0,8,0,0,0,0,0.29299719888,0.134328358209,0.0521961262773,0.496562261268,0.536676336511,0,0.375,0,0.0357142857143,0.461491535763,-2.31963710857,0.0860215053763,0.0833333333333,0.125,0,-0.268656716418,,0,,,,,,,,0.5,0.5,0
2026,003280,ALL,SEASON,Chad Palumbo,M,10,201,22,0,0,4,8,1,64,60,4,19,1,39,0,386,46,257,0,0,0,0,0,0,64,20,21,0,0,0.29299719888,0.134328358209,0.0521961262773,0.496562261268,0.536676336511,0.3125,0.609375,0.328125,0.109452736318,-11.5085786183,2.34554120156,0.165803108808,0.0869565217391,0.0625,0.25,0.925373134328,,0,,,,,,,,0.4,0.8,0.1
2026,003280,CHA,STINT,Chad Palumbo,M,10,201,22,0,0,4,8,1,64,60,4,19,1,39,0,386,46,257,0,0,0,0,0,0,64,20,21,0,0,0.29299719888,0.134328358209,0.0521961262773,0.496562261268,0.536676336511,0.3125,0.609375,0.328125,0.109452736318,-11.5085786183,2.34554120156,0.165803108808,0.0869565217391,0.0625,0.25,0.925373134328,,0,,,,,,,,0.4,0.8,0.1
2026,003281,ALL,SEASON,Kyle Lewis,M,9,109,5,0,0,2,5,1,23,23,0,7,0,12,0,371,46,236,0,0,0,0,0,0,23,7,7,0,0,0.29299719888,0.134328358209,0.0521961262773,0.496562261268,0.536676336511,0.304347826087,0.521739130435,0.304347826087,0.045871559633,0.689377764221,0.26106442577,0.0619946091644,0,0,,,,0,,,,,,,,0.222222222222,0.555555555556,0.111111111111
2026,003281,WAT,STINT,Kyle Lewis,M,9,109,5,0,0,2,5,1,23,23,0,7,0,12,0,371,46,236,0,0,0,0,0,0,23,7,7,0,0,0.29299719888,0.134328358209,0.0521961262773,0.496562261268,0.536676336511,0.304347826087,0.521739130435,0.304347826087,0.045871559633,0.689377764221,0.26106442577,0.0619946091644,0,0,,,,0,,,,,,,,0.222222222222,0.555555555556,0.111111111111
2026,003282,ALL,SEASON,Billy Dwan,D,9,32,2,0,0,3,11,2,4,3,1,1,0,3,0,369,26,235,0,0,0,0,0,0,4,1,1,0,0,0.29299719888,0.134328358209,0.0521961262773,0.496562261268,0.536676336511,0.25,0.75,0.25,0.0625,-0.329723959128,-0.147648313057,0.0108401084011,0.0384615384615,0.25,0,-0.268656716418,,0,,,,,,,,0.333333333333,1.22222222222,0.222222222222
2026,003282,WHP,STINT,Billy Dwan,D,9,32,2,0,0,3,11,2,4,3,1,1,0,3,0,369,26,235,0,0,0,0,0,0,4,1,1,0,0,0.29299719888,0.134328358209,0.0521961262773,0.496562261268,0.536676336511,0.25,0.75,0.25,0.0625,-0.329723959128,-0.147648313057,0.0108401084011,0.0384615384615,0.25,0,-0.268656716418,,0,,,,,,,,0.333333333333,1.22222222222,0.222222222222
2026,003283,ALL,SEASON,Blake Eiland,SSDM,10,48,3,20,2,3,11,1,3,3,0,1,0,3,0,416,28,260,0,0,0,0,0,0,3,1,1,0,0,0.29299719888,0.134328358209,0.0521961262773,0.496562261268,0.536676336511,0.333333333333,1,0.333333333333,0.0625,-0.494585938691,0.121008403361,0.00721153846154,0,0,,,0.1,0.0769230769231,-7.93124522536,,,,,,,0.3,1.1,0.1
2026,003283,WHP,STINT,Blake Eiland,SSDM,10,48,3,20,2,3,11,1,3,3,0,1,0,3,0,416,28,260,0,0,0,0,0,0,3,1,1,0,0,0.29299719888,0.134328358209,0.0521961262773,0.496562261268,0.536676336511,0.333333333333,1,0.333333333333,0.0625,-0.494585938691,0.121008403361,0.00721153846154,0,0,,,0.1,0.0769230769231,-7.93124522536,,,,,,,0.3,1.1,0.1
2026,003284,ALL,SEASON,Eric Kolar,SSDM,7,44,1,4,0,2,8,0,2,2,0,1,0,1,0,283,21,186,0,0,0,0,0,0,2,1,1,0,0,0.29299719888,0.134328358209,0.0521961262773,0.496562261268,0.536676336511,0.5,0.5,0.5,0.0227272727273,1.2966295562,0.414005602241,0.00706713780919,0,0,,,0,0.0215053763441,-1.98624904507,,,,,,,0.285714285714,1.14285714286,0
2026,003284,WHP,STINT,Eric Kolar,SSDM,7,44,1,4,0,2,8,0,2,2,0,1,0,1,0,283,21,186,0,0,0,0,0,0,2,1,1,0,0,0.29299719888,0.134328358209,0.0521961262773,0.496562261268,0.536676336511,0.5,0.5,0.5,0.0227272727273,1.2966295562,0.414005602241,0.00706713780919,0,0,,,0,0.0215053763441,-1.98624904507,,,,,,,0.285714285714,1.14285714286,0
2026,003285,ALL,SEASON,Jack Regnery,A,9,194,10,0,0,1,4,0,50,48,2,12,0,24,3,400,45,236,0,0,0,0,0,0,50,12,12,0,0,0.29299719888,0.134328358209,0.0521961262773,0.496562261268,0.536676336511,0.24,0.48,0.24,0.0515463917526,0.126048497789,-2.60117897905,0.125,0.0444444444444,0.04,0,-0.537313432836,,0,,,,,,,,0.111111111111,0.444444444444,0
2026,003285,CAN,STINT,Jack Regnery,A,9,194,10,0,0,1,4,0,50,48,2,12,0,24,3,400,45,236,0,0,0,0,0,0,50,12,12,0,0,0.29299719888,0.134328358209,0.0521961262773,0.496562261268,0.536676336511,0.24,0.48,0.24,0.0515463917526,0.126048497789,-2.60117897905,0.125,0.0444444444444,0.04,0,-0.537313432836,,0,,,,,,,,0.111111111111,0.444444444444,0
2026,003286,ALL,SEASON,Will Donovan,D,10,47,2,0,0,12,26,2,1,0,1,0,0,1,0,444,56,265,0,0,0,0,0,0,1,0,0,0,0,0.29299719888,0.134328358209,0.0521961262773,0.496562261268,0.536676336511,0,1,0,0.0425531914894,0.453217935031,-0.268656716418,0.00225225225225,0.0178571428571,1,0,-0.268656716418,,0,,,,,,,,1.2,2.6,0.2
2026,003286,CAN,STINT,Will Donovan,D,10,47,2,0,0,12,26,2,1,0,1,0,0,1,0,444,56,265,0,0,0,0,0,0,1,0,0,0,0,0.29299719888,0.134328358209,0.0521961262773,0.496562261268,0.536676336511,0,1,0,0.0425531914894,0.453217935031,-0.268656716418,0.00225225225225,0.0178571428571,1,0,-0.268656716418,,0,,,,,,,,1.2,2.6,0.2
2026,003287,ALL,SEASON,Dante Bowen,SSDM,2,7,1,0,0,2,2,0,1,1,0,0,0,0,0,84,11,61,0,0,0,0,0,0,1,0,0,0,0,0.29299719888,0.134328358209,0.0521961262773,0.496562261268,0.536676336511,0,0,0,0.142857142857,-0.634627116059,-0.29299719888,0.0119047619048,0,0,,,,0,,,,,,,,1,1,0
2026,003287,RED,STINT,Dante Bowen,SSDM,2,7,1,0,0,2,2,0,1,1,0,0,0,0,0,84,11,61,0,0,0,0,0,0,1,0,0,0,0,0.29299719888,0.134328358209,0.0521961262773,0.496562261268,0.536676336511,0,0,0,0.142857142857,-0.634627116059,-0.29299719888,0.0119047619048,0,0,,,,0,,,,,,,,1,1,0
2026,003288,ALL,SEASON,Josh Yago,M,10,237,4,0,0,0,10,1,35,32,3,9,1,20,2,416,52,258,0,0,0,0,0,0,35,10,11,0,0,0.29299719888,0.134328358209,0.0521961262773,0.496562261268,0.536676336511,0.285714285714,0.571428571429,0.314285714286,0.0168776371308,8.37048192771,0.818119486601,0.0841346153846,0.0576923076923,0.0857142857143,0.333333333333,1.19402985075,,0,,,,,,,,0,1,0.1
2026,003288,WAT,STINT,Josh Yago,M,10,237,4,0,0,0,10,1,35,32,3,9,1,20,2,416,52,258,0,0,0,0,0,0,35,10,11,0,0,0.29299719888,0.134328358209,0.0521961262773,0.496562261268,0.536676336511,0.285714285714,0.571428571429,0.314285714286,0.0168776371308,8.37048192771,0.818119486601,0.0841346153846,0.0576923076923,0.0857142857143,0.333333333333,1.19402985075,,0,,,,,,,,0,1,0.1
2026,003289,ALL,SEASON,Alex Ross,D,10,106,6,0,0,4,20,2,11,1,10,0,2,3,0,394,64,275,0,0,0,0,0,0,11,2,4,0,0,0.29299719888,0.134328358209,0.0521961262773,0.496562261268,0.536676336511,0.181818181818,0.272727272727,0.363636363636,0.0566037735849,-0.46721061461,1.02043563694,0.0279187817259,0.15625,0.909090909091,0.2,1.31343283582,,0,,,,,,,,0.4,2,0.2
2026,003289,ATL,STINT,Alex Ross,D,10,106,6,0,0,4,20,2,11,1,10,0,2,3,0,394,64,275,0,0,0,0,0,0,11,2,4,0,0,0.29299719888,0.134328358209,0.0521961262773,0.496562261268,0.536676336511,0.181818181818,0.272727272727,0.363636363636,0.0566037735849,-0.46721061461,1.02043563694,0.0279187817259,0.15625,0.909090909091,0.2,1.31343283582,,0,,,,,,,,0.4,2,0.2
2026,003290,ALL,SEASON,John Dunphey,M,4,51,10,1,1,0,2,0,6,6,0,1,0,4,0,142,29,110,0,0,0,0,0,0,6,1,1,0,0,0.29299719888,0.134328358209,0.0521961262773,0.496562261268,0.536676336511,0.166666666667,0.666666666667,0.166666666667,0.196078431373,-7.33799755986,-0.757983193277,0.0422535211268,0,0,,,1,0.00909090909091,0.503437738732,,,,,,,0,0.5,0
2026,003290,OUT,STINT,John Dunphey,M,4,51,10,1,1,0,2,0,6,6,0,1,0,4,0,142,29,110,0,0,0,0,0,0,6,1,1,0,0,0.29299719888,0.134328358209,0.0521961262773,0.496562261268,0.536676336511,0.166666666667,0.666666666667,0.166666666667,0.196078431373,-7.33799755986,-0.757983193277,0.0422535211268,0,0,,,1,0.00909090909091,0.503437738732,,,,,,,0,0.5,0
2026,003291,ALL,SEASON,Ryan Croddick,G,5,35,4,0,0,1,4,0,0,0,0,0,0,0,0,210,29,149,19,7,18,2,0,9,0,0,0,26,46,0.29299719888,0.134328358209,0.0521961262773,0.496562261268,0.536676336511,,,,0.114285714286,-2.1731355803,,0,0,,,,,0,,0.565217391304,0.513513513514,0.777777777778,1.31288852051,1,0.195652173913,0.2,0.8,0
2026,003291,RED,STINT,Ryan Croddick,G,5,35,4,0,0,1,4,0,0,0,0,0,0,0,0,210,29,149,19,7,18,2,0,9,0,0,0,26,46,0.29299719888,0.134328358209,0.0521961262773,0.496562261268,0.536676336511,,,,0.114285714286,-2.1731355803,,0,0,,,,,0,,0.565217391304,0.513513513514,0.777777777778,1.31288852051,1,0.195652173913,0.2,0.8,0
2026,003292,ALL,SEASON,Henry Bard,D,5,30,2,0,0,3,8,0,1,0,1,0,1,1,0,201,22,135,0,0,0,0,0,0,1,1,2,0,0,0.29299719888,0.134328358209,0.0521961262773,0.496562261268,0.536676336511,1,1,2,0.0666666666667,-0.434116211682,1.73134328358,0.00497512437811,0.0454545454545,1,1,1.73134328358,,0,,,,,,,,0.6,1.6,0
2026,003292,CHA,STINT,Henry Bard,D,5,30,2,0,0,3,8,0,1,0,1,0,1,1,0,201,22,135,0,0,0,0,0,0,1,1,2,0,0,0.29299719888,0.134328358209,0.0521961262773,0.496562261268,0.536676336511,1,1,2,0.0666666666667,-0.434116211682,1.73134328358,0.00497512437811,0.0454545454545,1,1,1.73134328358,,0,,,,,,,,0.6,1.6,0
2026,003293,ALL,SEASON,Hunter Drouin,A,2,34,5,0,0,0,1,1,4,4,0,0,0,1,0,80,9,49,0,0,0,0,0,0,4,0,0,0,0,0.29299719888,0.134328358209,0.0521961262773,0.496562261268,0.536676336511,0,0.25,0,0.147058823529,-3.22533170657,-1.17198879552,0.05,0,0,,,,0,,,,,,,,0,0.5,0.5
2026,003293,ATL,STINT,Hunter Drouin,A,2,34,5,0,0,0,1,1,4,4,0,0,0,1,0,80,9,49,0,0,0,0,0,0,4,0,0,0,0,0.29299719888,0.134328358209,0.0521961262773,0.496562261268,0.536676336511,0,0.25,0,0.147058823529,-3.22533170657,-1.17198879552,0.05,0,0,,,,0,,,,,,,,0,0.5,0.5
2026,003296,ALL,SEASON,Cullen Brown,D,11,65,3,0,0,13,23,0,4,2,2,1,0,1,0,480,53,324,0,0,0,0,0,0,4,1,1,0,0,0.29299719888,0.134328358209,0.0521961262773,0.496562261268,0.536676336511,0.25,0.25,0.25,0.0461538461538,0.392748208022,-0.123307830595,0.00833333333333,0.0377358490566,0.5,0,-0.537313432836,,0,,,,,,,,1.18181818182,2.09090909091,0
2026,003296,RED,STINT,Cullen Brown,D,11,65,3,0,0,13,23,0,4,2,2,1,0,1,0,480,53,324,0,0,0,0,0,0,4,1,1,0,0,0.29299719888,0.134328358209,0.0521961262773,0.496562261268,0.536676336511,0.25,0.25,0.25,0.0461538461538,0.392748208022,-0.123307830595,0.00833333333333,0.0377358490566,0.5,0,-0.537313432836,,0,,,,,,,,1.18181818182,2.09090909091,0
2026,003297,ALL,SEASON,Michael Leo,M,5,66,4,0,0,0,1,0,18,18,0,3,0,13,0,216,23,149,0,0,0,0,0,0,18,3,3,0,0,0.29299719888,0.134328358209,0.0521961262773,0.496562261268,0.536676336511,0.166666666667,0.722222222222,0.166666666667,0.0606060606061,-0.555055665701,-2.27394957983,0.0833333333333,0,0,,,,0,,,,,,,,0,0.2,0
2026,003297,RED,STINT,Michael Leo,M,5,66,4,0,0,0,1,0,18,18,0,3,0,13,0,216,23,149,0,0,0,0,0,0,18,3,3,0,0,0.29299719888,0.134328358209,0.0521961262773,0.496562261268,0.536676336511,0.166666666667,0.722222222222,0.166666666667,0.0606060606061,-0.555055665701,-2.27394957983,0.0833333333333,0,0,,,,0,,,,,,,,0,0.2,0
2026,003298,ALL,SEASON,Finn Thomson,A,5,76,3,0,0,2,6,1,17,17,0,10,0,14,1,222,23,143,0,0,0,0,0,0,17,10,10,0,0,0.29299719888,0.134328358209,0.0521961262773,0.496562261268,0.536676336511,0.588235294118,0.823529411765,0.588235294118,0.0394736842105,0.966905597072,5.01904761905,0.0765765765766,0,0,,,,0,,,,,,,,0.4,1.2,0.2
2026,003298,RED,STINT,Finn Thomson,A,5,76,3,0,0,2,6,1,17,17,0,10,0,14,1,222,23,143,0,0,0,0,0,0,17,10,10,0,0,0.29299719888,0.134328358209,0.0521961262773,0.496562261268,0.536676336511,0.588235294118,0.823529411765,0.588235294118,0.0394736842105,0.966905597072,5.01904761905,0.0765765765766,0,0,,,,0,,,,,,,,0.4,1.2,0.2
2026,003300,ALL,SEASON,Ty English,M,7,100,2,29,1,10,15,4,10,8,2,1,1,6,0,272,32,183,0,0,0,0,0,0,10,2,3,0,0,0.29299719888,0.134328358209,0.0521961262773,0.496562261268,0.536676336511,0.2,0.6,0.3,0.02,3.21961262773,0.118708976128,0.0367647058824,0.0625,0.2,0.5,1.46268656716,0.0344827586207,0.158469945355,-13.4003055768,,,,,,,1.42857142857,2.14285714286,0.571428571429
2026,003300,CHA,STINT,Ty English,M,7,100,2,29,1,10,15,4,10,8,2,1,1,6,0,272,32,183,0,0,0,0,0,0,10,2,3,0,0,0.29299719888,0.134328358209,0.0521961262773,0.496562261268,0.536676336511,0.2,0.6,0.3,0.02,3.21961262773,0.118708976128,0.0367647058824,0.0625,0.2,0.5,1.46268656716,0.0344827586207,0.158469945355,-13.4003055768,,,,,,,1.42857142857,2.14285714286,0.571428571429
2026,003301,ALL,SEASON,Carson Billig,SSDM,2,3,0,0,0,0,0,0,0,0,0,0,0,0,0,73,16,58,0,0,0,0,0,0,0,0,0,0,0,0.29299719888,0.134328358209,0.0521961262773,0.496562261268,0.536676336511,,,,0,0.156588378832,,0,0,,,,,0,,,,,,,,0,0,0
2026,003301,ATL,STINT,Carson Billig,SSDM,2,3,0,0,0,0,0,0,0,0,0,0,0,0,0,73,16,58,0,0,0,0,0,0,0,0,0,0,0,0.29299719888,0.134328358209,0.0521961262773,0.496562261268,0.536676336511,,,,0,0.156588378832,,0,0,,,,,0,,,,,,,,0,0,0
2026,003302,ALL,SEASON,Vinny Butrico,A,2,40,2,0,0,0,2,0,6,6,0,1,0,5,0,89,18,59,0,0,0,0,0,0,6,1,1,0,0,0.29299719888,0.134328358209,0.0521961262773,0.496562261268,0.536676336511,0.166666666667,0.833333333333,0.166666666667,0.05,0.0878450510904,-0.757983193277,0.0674157303371,0,0,,,,0,,,,,,,,0,1,0
2026,003302,ATL,STINT,Vinny Butrico,A,2,40,2,0,0,0,2,0,6,6,0,1,0,5,0,89,18,59,0,0,0,0,0,0,6,1,1,0,0,0.29299719888,0.134328358209,0.0521961262773,0.496562261268,0.536676336511,0.166666666667,0.833333333333,0.166666666667,0.05,0.0878450510904,-0.757983193277,0.0674157303371,0,0,,,,0,,,,,,,,0,1,0
2026,003303,ALL,SEASON,Leif Hagerup,SSDM,2,5,1,0,0,1,1,0,0,0,0,0,0,0,0,71,10,48,0,0,0,0,0,0,0,0,0,0,0,0.29299719888,0.134328358209,0.0521961262773,0.496562261268,0.536676336511,,,,0.2,-0.739019368614,,0,0,,,,,0,,,,,,,,0.5,0.5,0
2026,003303,CHA,STINT,Leif Hagerup,SSDM,2,5,1,0,0,1,1,0,0,0,0,0,0,0,0,71,10,48,0,0,0,0,0,0,0,0,0,0,0,0.29299719888,0.134328358209,0.0521961262773,0.496562261268,0.536676336511,,,,0.2,-0.739019368614,,0,0,,,,,0,,,,,,,,0.5,0.5,0
