player_id,rate_name,career_successes,career_trials,career_rate_raw,career_rate_shrunk,shrinkage_shift,league_baseline_prior_mean,prior_strength_trials_kappa,reliability,meets_reliability_gate,posterior_alpha,posterior_beta,posterior_ci_lo,posterior_ci_hi,posterior_ci_width,interval_method
000201,shooting_pct,0.0,3.0,0.0,0.26474110982659815,0.26474110982659815,0.2724645296899632,102.8331158386299,0.028346514946930978,False,28.0183765435258,77.81473929510409,0.18553616732242517,0.3523651305877138,0.16682896326528862,exact 95% beta posterior quantiles; NaN where the prior is capped and the posterior carries no player information
000204,shooting_pct,2.0,6.0,0.3333333333333333,0.27582024379449854,-0.05751308953883477,0.2724645296899632,102.8331158386299,0.05513027862674059,False,30.0183765435258,78.81473929510409,0.19636978706694208,0.3630729448341299,0.1667031577671878,exact 95% beta posterior quantiles; NaN where the prior is capped and the posterior carries no player information
000207,shooting_pct,1.0,1.0,1.0,0.2794713065205913,-0.7205286934794086,0.2724645296899632,102.8331158386299,0.009630838792838785,False,29.0183765435258,74.81473929510409,0.19784023103420623,0.3691472576756496,0.17130702664144337,exact 95% beta posterior quantiles; NaN where the prior is capped and the posterior carries no player information
000211,shooting_pct,14.0,58.0,0.2413793103448276,0.2612545079688966,0.019875197624069002,0.2724645296899632,102.8331158386299,0.3606222493270207,False,42.018376543525804,118.81473929510409,0.19651348792831413,0.33161828326410614,0.135104795335792,exact 95% beta posterior quantiles; NaN where the prior is capped and the posterior carries no player information
000213,shooting_pct,1.0,1.0,1.0,0.2794713065205913,-0.7205286934794086,0.2724645296899632,102.8331158386299,0.009630838792838785,False,29.0183765435258,74.81473929510409,0.19784023103420623,0.3691472576756496,0.17130702664144337,exact 95% beta posterior quantiles; NaN where the prior is capped and the posterior carries no player information
000216,shooting_pct,123.0,374.0,0.32887700534759357,0.3167111753090436,-0.012165830038549985,0.2724645296899632,102.8331158386299,0.7843414972180105,True,151.0183765435258,325.8147392951041,0.2757522272586357,0.35912645593634807,0.08337422867771238,exact 95% beta posterior quantiles; NaN where the prior is capped and the posterior carries no player information
000221,shooting_pct,43.0,157.0,0.27388535031847133,0.27332303780566586,-0.000562312512805474,0.2724645296899632,102.8331158386299,0.6042339887788025,True,71.0183765435258,188.8147392951041,0.22095356599311344,0.32899741842993535,0.10804385243682191,exact 95% beta posterior quantiles; NaN where the prior is capped and the posterior carries no player information
000222,shooting_pct,4.0,10.0,0.4,0.28376754736896037,-0.11623245263103965,0.2724645296899632,102.8331158386299,0.08862646330091302,False,32.018376543525804,80.81473929510409,0.20479534569312818,0.3699991049070377,0.1652037592139095,exact 95% beta posterior quantiles; NaN where the prior is capped and the posterior carries no player information
000223,shooting_pct,1.0,10.0,0.1,0.2571796083786865,0.15717960837868647,0.2724645296899632,102.8331158386299,0.08862646330091302,False,29.0183765435258,83.81473929510409,0.18119068854139186,0.34131879950291477,0.1601281109615229,exact 95% beta posterior quantiles; NaN where the prior is capped and the posterior carries no player information
000225,shooting_pct,60.0,228.0,0.2631578947368421,0.2660506833495424,0.0028927886127003144,0.2724645296899632,102.8331158386299,0.6891692188130626,True,88.0183765435258,242.8147392951041,0.2198897802445572,0.31489050536765717,0.09500072512309998,exact 95% beta posterior quantiles; NaN where the prior is capped and the posterior carries no player information
000227,shooting_pct,39.0,145.0,0.2689655172413793,0.2704173585388124,0.0014518412974330874,0.2724645296899632,102.8331158386299,0.5850711254197885,True,67.0183765435258,180.8147392951041,0.21705148517503403,0.32729252774151973,0.1102410425664857,exact 95% beta posterior quantiles; NaN where the prior is capped and the posterior carries no player information
000231,shooting_pct,25.0,79.0,0.31645569620253167,0.29157712168655586,-0.024878574515975804,0.2724645296899632,102.8331158386299,0.43446431435574995,False,53.018376543525804,128.8147392951041,0.2279734428448137,0.35952324376557954,0.13154980092076585,exact 95% beta posterior quantiles; NaN where the prior is capped and the posterior carries no player information
000234,shooting_pct,53.0,109.0,0.48623853211009177,0.38246322451888937,-0.1037753075912024,0.2724645296899632,102.8331158386299,0.5145559964431338,True,81.0183765435258,130.8147392951041,0.31829506522626616,0.4487338891776744,0.13043882395140827,exact 95% beta posterior quantiles; NaN where the prior is capped and the posterior carries no player information
000235,shooting_pct,1.0,12.0,0.08333333333333333,0.2527004194879123,0.16936708615457896,0.2724645296899632,102.8331158386299,0.10449947223293228,False,29.0183765435258,85.81473929510409,0.17786548894946463,0.33569113878184,0.15782564983237535,exact 95% beta posterior quantiles; NaN where the prior is capped and the posterior carries no player information
000238,shooting_pct,4.0,22.0,0.18181818181818182,0.25648944455504524,0.07467126273686342,0.2724645296899632,102.8331158386299,0.1762352870246314,False,32.018376543525804,92.81473929510409,0.18407910302630626,0.3362878004263621,0.15220869740005583,exact 95% beta posterior quantiles; NaN where the prior is capped and the posterior carries no player information
000240,shooting_pct,112.0,365.0,0.30684931506849317,0.2992912895713489,-0.007558025497144294,0.2724645296899632,102.8331158386299,0.7801927389122658,True,140.0183765435258,327.8147392951041,0.25867577581084333,0.34153218925348483,0.0828564134426415,exact 95% beta posterior quantiles; NaN where the prior is capped and the posterior carries no player information
000242,shooting_pct,3.0,10.0,0.3,0.27490490103886905,-0.025095098961130935,0.2724645296899632,102.8331158386299,0.08862646330091302,False,31.0183765435258,81.81473929510409,0.19688593319733627,0.36048027928336523,0.16359434608602896,exact 95% beta posterior quantiles; NaN where the prior is capped and the posterior carries no player information
000246,shooting_pct,10.0,43.0,0.23255813953488372,0.26069782795832624,0.028139688423442527,0.2724645296899632,102.8331158386299,0.294857582605457,False,38.018376543525804,107.81473929510409,0.19295015159877948,0.3346608715655748,0.1417107199667953,exact 95% beta posterior quantiles; NaN where the prior is capped and the posterior carries no player information
000251,shooting_pct,3.0,4.0,0.75,0.2903442092841201,-0.4596557907158799,0.2724645296899632,102.8331158386299,0.037441573884655306,False,31.0183765435258,75.81473929510409,0.2086176942975726,0.3795048360771034,0.1708871417795308,exact 95% beta posterior quantiles; NaN where the prior is capped and the posterior carries no player information
000254,shooting_pct,22.0,84.0,0.2619047619047619,0.26771686763885744,0.0058121057340955185,0.2724645296899632,102.8331158386299,0.44959909608611276,False,50.018376543525804,136.8147392951041,0.20685639264411293,0.3332869212899823,0.12643052864586934,exact 95% beta posterior quantiles; NaN where the prior is capped and the posterior carries no player information
000256,shooting_pct,1.0,8.0,0.125,0.2618204525240975,0.13682045252409752,0.2724645296899632,102.8331158386299,0.07218059277199958,False,29.0183765435258,81.81473929510409,0.18464299270999618,0.34713694025413133,0.16249394754413515,exact 95% beta posterior quantiles; NaN where the prior is capped and the posterior carries no player information
000258,shooting_pct,1.0,12.0,0.08333333333333333,0.2527004194879123,0.16936708615457896,0.2724645296899632,102.8331158386299,0.10449947223293228,False,29.0183765435258,85.81473929510409,0.17786548894946463,0.33569113878184,0.15782564983237535,exact 95% beta posterior quantiles; NaN where the prior is capped and the posterior carries no player information
000262,shooting_pct,109.0,343.0,0.3177842565597668,0.3073310879695169,-0.010453168590249862,0.2724645296899632,102.8331158386299,0.7693461697092718,True,137.0183765435258,308.8147392951041,0.2653957946167793,0.35090367097291164,0.08550787635613233,exact 95% beta posterior quantiles; NaN where the prior is capped and the posterior carries no player information
000266,shooting_pct,14.0,69.0,0.2028985507246377,0.24453014390419164,0.04163159317955395,0.2724645296899632,102.8331158386299,0.40155239962475303,False,42.018376543525804,129.8147392951041,0.18339269774151035,0.31129859687644057,0.12790589913493022,exact 95% beta posterior quantiles; NaN where the prior is capped and the posterior carries no player information
000267,shooting_pct,1.0,20.0,0.05,0.23624228975554315,0.18624228975554313,0.2724645296899632,102.8331158386299,0.1628225406760396,False,29.0183765435258,93.81473929510409,0.1657046049076598,0.3149110485392157,0.14920644363155589,exact 95% beta posterior quantiles; NaN where the prior is capped and the posterior carries no player information
000268,shooting_pct,0.0,1.0,0.0,0.26984046772775255,0.26984046772775255,0.2724645296899632,102.8331158386299,0.009630838792838785,False,28.0183765435258,75.81473929510409,0.18932056808262132,0.35875591353396885,0.16943534545134753,exact 95% beta posterior quantiles; NaN where the prior is capped and the posterior carries no player information
000269,shooting_pct,3.0,32.0,0.09375,0.23005013531430224,0.13630013531430224,0.2724645296899632,102.8331158386299,0.2373304199118118,False,31.0183765435258,103.81473929510409,0.16325127324671485,0.30443028165609576,0.1411790084093809,exact 95% beta posterior quantiles; NaN where the prior is capped and the posterior carries no player information
000272,shooting_pct,52.0,195.0,0.26666666666666666,0.26866850020425825,0.0020018335375915908,0.2724645296899632,102.8331158386299,0.6547290735314124,True,80.0183765435258,217.8147392951041,0.21993419059435837,0.32034525016206317,0.1004110595677048,exact 95% beta posterior quantiles; NaN where the prior is capped and the posterior carries no player information
000275,shooting_pct,3.0,11.0,0.2727272727272727,0.2724899192559881,-0.00023735347128461814,0.2724645296899632,102.8331158386299,0.09663268829075738,False,31.0183765435258,82.81473929510409,0.19505818086327054,0.35749192812363617,0.16243374726036564,exact 95% beta posterior quantiles; NaN where the prior is capped and the posterior carries no player information
000276,shooting_pct,4.0,15.0,0.26666666666666666,0.2717264693855192,0.005059802718852535,0.2724645296899632,102.8331158386299,0.1272986790958002,False,32.018376543525804,85.81473929510409,0.19562043916084804,0.35517036632518284,0.1595499271643348,exact 95% beta posterior quantiles; NaN where the prior is capped and the posterior carries no player information
000278,shooting_pct,32.0,142.0,0.22535211267605634,0.2451399449700426,0.019787832293986257,0.2724645296899632,102.8331158386299,0.579986900520404,True,60.018376543525804,184.8147392951041,0.19341140871983953,0.3008114900731016,0.10740008135326207,exact 95% beta posterior quantiles; NaN where the prior is capped and the posterior carries no player information
000279,shooting_pct,4.0,10.0,0.4,0.28376754736896037,-0.11623245263103965,0.2724645296899632,102.8331158386299,0.08862646330091302,False,32.018376543525804,80.81473929510409,0.20479534569312818,0.3699991049070377,0.1652037592139095,exact 95% beta posterior quantiles; NaN where the prior is capped and the posterior carries no player information
000280,shooting_pct,1.0,1.0,1.0,0.2794713065205913,-0.7205286934794086,0.2724645296899632,102.8331158386299,0.009630838792838785,False,29.0183765435258,74.81473929510409,0.19784023103420623,0.3691472576756496,0.17130702664144337,exact 95% beta posterior quantiles; NaN where the prior is capped and the posterior carries no player information
000281,shooting_pct,4.0,23.0,0.17391304347826086,0.25445111432022877,0.0805380708419679,0.2724645296899632,102.8331158386299,0.18278177288000652,False,32.018376543525804,93.81473929510409,0.18254090772825293,0.3337518761109095,0.15121096838265657,exact 95% beta posterior quantiles; NaN where the prior is capped and the posterior carries no player information
000282,shooting_pct,1.0,3.0,0.3333333333333333,0.2741899481422418,-0.059143385191091524,0.2724645296899632,102.8331158386299,0.028346514946930978,False,29.0183765435258,76.81473929510409,0.193880259845173,0.3625812169339042,0.16870095708873123,exact 95% beta posterior quantiles; NaN where the prior is capped and the posterior carries no player information
000294,shooting_pct,1.0,4.0,0.25,0.27162342234179243,0.02162342234179243,0.2724645296899632,102.8331158386299,0.037441573884655306,False,29.0183765435258,77.81473929510409,0.1919593416096177,0.35938428944791667,0.16742494783829898,exact 95% beta posterior quantiles; NaN where the prior is capped and the posterior carries no player information
000295,shooting_pct,19.0,63.0,0.30158730158730157,0.2835282706095855,-0.01805903097771605,0.2724645296899632,102.8331158386299,0.37989999573610195,False,47.018376543525804,118.81473929510409,0.2177298066962976,0.3542718070966657,0.13654200040036812,exact 95% beta posterior quantiles; NaN where the prior is capped and the posterior carries no player information
000298,shooting_pct,6.0,32.0,0.1875,0.2522998621810346,0.06479986218103462,0.2724645296899632,102.8331158386299,0.2373304199118118,False,34.018376543525804,100.81473929510409,0.18291428501834162,0.3286431837186683,0.14572889870032668,exact 95% beta posterior quantiles; NaN where the prior is capped and the posterior carries no player information
000302,shooting_pct,6.0,41.0,0.14634146341463414,0.23651282491642536,0.09017136150179123,0.2724645296899632,102.8331158386299,0.2850525747213803,False,34.018376543525804,109.81473929510409,0.1709424513101112,0.3090206009510439,0.13807814964093268,exact 95% beta posterior quantiles; NaN where the prior is capped and the posterior carries no player information
000305,shooting_pct,29.0,196.0,0.14795918367346939,0.1908034067225527,0.04284422304908331,0.2724645296899632,102.8331158386299,0.6558844706683717,True,57.018376543525804,241.8147392951041,0.14834994162083603,0.23717523503000848,0.08882529340917245,exact 95% beta posterior quantiles; NaN where the prior is capped and the posterior carries no player information
000308,shooting_pct,3.0,14.0,0.21428571428571427,0.2654930181470846,0.05120730386137032,0.2724645296899632,102.8331158386299,0.11982903904862749,False,31.0183765435258,85.81473929510409,0.18977367217303254,0.3488147440657485,0.159041071892716,exact 95% beta posterior quantiles; NaN where the prior is capped and the posterior carries no player information
000310,shooting_pct,0.0,2.0,0.0,0.26726646746486693,0.26726646746486693,0.2724645296899632,102.8331158386299,0.019077941011298467,False,28.0183765435258,76.81473929510409,0.1874091992212925,0.3555320394516457,0.16812284023035318,exact 95% beta posterior quantiles; NaN where the prior is capped and the posterior carries no player information
000314,shooting_pct,3.0,15.0,0.2,0.2632398907791325,0.0632398907791325,0.2724645296899632,102.8331158386299,0.1272986790958002,False,31.0183765435258,86.81473929510409,0.1880754333396908,0.34601452146307565,0.15793908812338486,exact 95% beta posterior quantiles; NaN where the prior is capped and the posterior carries no player information
000315,shooting_pct,0.0,4.0,0.0,0.2622630288706286,0.2622630288706286,0.2724645296899632,102.8331158386299,0.037441573884655306,False,28.0183765435258,78.81473929510409,0.18370032627717592,0.34925370538257994,0.16555337910540402,exact 95% beta posterior quantiles; NaN where the prior is capped and the posterior carries no player information
000318,shooting_pct,0.0,3.0,0.0,0.26474110982659815,0.26474110982659815,0.2724645296899632,102.8331158386299,0.028346514946930978,False,28.0183765435258,77.81473929510409,0.18553616732242517,0.3523651305877138,0.16682896326528862,exact 95% beta posterior quantiles; NaN where the prior is capped and the posterior carries no player information
000322,shooting_pct,1.0,9.0,0.1111111111111111,0.25947928148043375,0.14836817036932265,0.2724645296899632,102.8331158386299,0.08047705666170109,False,29.0183765435258,82.81473929510409,0.1829004998144228,0.3442034660547506,0.1613029662403278,exact 95% beta posterior quantiles; NaN where the prior is capped and the posterior carries no player information
000327,shooting_pct,31.0,144.0,0.2152777777777778,0.23910234387718773,0.023824566099409944,0.2724645296899632,102.8331158386299,0.5833901156688461,True,59.018376543525804,187.8147392951041,0.18807427558931522,0.2941340217657853,0.10605974617647007,exact 95% beta posterior quantiles; NaN where the prior is capped and the posterior carries no player information
000331,shooting_pct,0.0,1.0,0.0,0.26984046772775255,0.26984046772775255,0.2724645296899632,102.8331158386299,0.009630838792838785,False,28.0183765435258,75.81473929510409,0.18932056808262132,0.35875591353396885,0.16943534545134753,exact 95% beta posterior quantiles; NaN where the prior is capped and the posterior carries no player information
000333,shooting_pct,20.0,114.0,0.17543859649122806,0.22145315007723138,0.046014553586003315,0.2724645296899632,102.8331158386299,0.5257499508739261,True,48.018376543525804,168.8147392951041,0.16883918523672037,0.2789322885510046,0.11009310331428424,exact 95% beta posterior quantiles; NaN where the prior is capped and the posterior carries no player information
000337,shooting_pct,1.0,4.0,0.25,0.27162342234179243,0.02162342234179243,0.2724645296899632,102.8331158386299,0.037441573884655306,False,29.0183765435258,77.81473929510409,0.1919593416096177,0.35938428944791667,0.16742494783829898,exact 95% beta posterior quantiles; NaN where the prior is capped and the posterior carries no player information
000339,shooting_pct,61.0,283.0,0.21554770318021202,0.2307173046824645,0.015169601502252494,0.2724645296899632,102.8331158386299,0.7334777352765162,True,89.0183765435258,296.8147392951041,0.19009510989417322,0.2739832412044052,0.08388813131023198,exact 95% beta posterior quantiles; NaN where the prior is capped and the posterior carries no player information
000345,shooting_pct,6.0,26.0,0.23076923076923078,0.26404994028193474,0.033280709512703954,0.2724645296899632,102.8331158386299,0.20181146618053028,False,34.018376543525804,94.81473929510409,0.1918757492385339,0.3431609799445141,0.1512852307059802,exact 95% beta posterior quantiles; NaN where the prior is capped and the posterior carries no player information
000346,shooting_pct,11.0,32.0,0.34375,0.28938274029225525,-0.05436725970774475,0.2724645296899632,102.8331158386299,0.2373304199118118,False,39.018376543525804,95.81473929510409,0.21624416214763187,0.36843885385314934,0.15219469170551747,exact 95% beta posterior quantiles; NaN where the prior is capped and the posterior carries no player information
000350,shooting_pct,11.0,25.0,0.44,0.30522901900303084,-0.13477098099696916,0.2724645296899632,102.8331158386299,0.19556747745677064,False,39.018376543525804,88.81473929510409,0.2287683311442379,0.38746212745900266,0.15869379631476477,exact 95% beta posterior quantiles; NaN where the prior is capped and the posterior carries no player information
000351,shooting_pct,34.0,127.0,0.2677165354330709,0.2698409074655284,0.002124372032457522,0.2724645296899632,102.8331158386299,0.5525748521338807,True,62.018376543525804,167.8147392951041,0.21455255927867256,0.3289228514477145,0.11437029216904193,exact 95% beta posterior quantiles; NaN where the prior is capped and the posterior carries no player information
000353,shooting_pct,0.0,2.0,0.0,0.26726646746486693,0.26726646746486693,0.2724645296899632,102.8331158386299,0.019077941011298467,False,28.0183765435258,76.81473929510409,0.1874091992212925,0.3555320394516457,0.16812284023035318,exact 95% beta posterior quantiles; NaN where the prior is capped and the posterior carries no player information
000354,shooting_pct,56.0,228.0,0.24561403508771928,0.2539599953001904,0.008345960212471137,0.2724645296899632,102.8331158386299,0.6891692188130626,True,84.0183765435258,246.8147392951041,0.2085813866870012,0.3021558742329944,0.09357448754599318,exact 95% beta posterior quantiles; NaN where the prior is capped and the posterior carries no player information
000355,shooting_pct,4.0,19.0,0.21052631578947367,0.2628052013865812,0.05227888559710753,0.2724645296899632,102.8331158386299,0.155951030794992,False,32.018376543525804,89.81473929510409,0.18885376522666775,0.3441305345913861,0.15527676936471835,exact 95% beta posterior quantiles; NaN where the prior is capped and the posterior carries no player information
000356,shooting_pct,8.0,41.0,0.1951219512195122,0.25041782856137074,0.055295877341858535,0.2724645296899632,102.8331158386299,0.2850525747213803,False,36.018376543525804,107.81473929510409,0.18330525505007245,0.3241024104936514,0.14079715544357896,exact 95% beta posterior quantiles; NaN where the prior is capped and the posterior carries no player information
000357,shooting_pct,46.0,186.0,0.24731182795698925,0.2562669323031491,0.00895510434615987,0.2724645296899632,102.8331158386299,0.6439704791465726,True,74.0183765435258,214.8147392951041,0.2076602963206824,0.3080702164734248,0.10040992015274242,exact 95% beta posterior quantiles; NaN where the prior is capped and the posterior carries no player information
000358,shooting_pct,63.0,180.0,0.35,0.3218094750809033,-0.028190524919096682,0.2724645296899632,102.8331158386299,0.6364176962315077,True,91.0183765435258,191.8147392951041,0.2687044364574831,0.377301527565578,0.1085970911080949,exact 95% beta posterior quantiles; NaN where the prior is capped and the posterior carries no player information
000359,shooting_pct,0.0,3.0,0.0,0.26474110982659815,0.26474110982659815,0.2724645296899632,102.8331158386299,0.028346514946930978,False,28.0183765435258,77.81473929510409,0.18553616732242517,0.3523651305877138,0.16682896326528862,exact 95% beta posterior quantiles; NaN where the prior is capped and the posterior carries no player information
000361,shooting_pct,2.0,7.0,0.2857142857142857,0.27330897711788216,-0.012405308596403541,0.2724645296899632,102.8331158386299,0.06373305488560126,False,30.0183765435258,79.81473929510409,0.19447836410836317,0.35995727314730175,0.16547890903893858,exact 95% beta posterior quantiles; NaN where the prior is capped and the posterior carries no player information
000363,shooting_pct,41.0,135.0,0.3037037037037037,0.2901966629001945,-0.013507040803509174,0.2724645296899632,102.8331158386299,0.5676249059092245,True,69.0183765435258,168.8147392951041,0.23437767985160463,0.34935764930560254,0.11497996945399791,exact 95% beta posterior quantiles; NaN where the prior is capped and the posterior carries no player information
000365,shooting_pct,2.0,12.0,0.16666666666666666,0.26140870884065665,0.09474204217398999,0.2724645296899632,102.8331158386299,0.10449947223293228,False,30.0183765435258,84.81473929510409,0.18554436074919067,0.3451422454381827,0.15959788468899205,exact 95% beta posterior quantiles; NaN where the prior is capped and the posterior carries no player information
000366,shooting_pct,2.0,14.0,0.14285714285714285,0.2569338010721826,0.11407665821503976,0.2724645296899632,102.8331158386299,0.11982903904862749,False,30.0183765435258,86.81473929510409,0.1821971389290411,0.3395497683377471,0.15735262940870598,exact 95% beta posterior quantiles; NaN where the prior is capped and the posterior carries no player information
000368,shooting_pct,0.0,7.0,0.0,0.25509953286485326,0.25509953286485326,0.2724645296899632,102.8331158386299,0.06373305488560126,False,28.0183765435258,81.81473929510409,0.17840515452553518,0.3402382586791646,0.1618331041536294,exact 95% beta posterior quantiles; NaN where the prior is capped and the posterior carries no player information
000369,shooting_pct,2.0,4.0,0.5,0.28098381581295623,-0.21901618418704377,0.2724645296899632,102.8331158386299,0.037441573884655306,False,30.0183765435258,76.81473929510409,0.20026562092243694,0.3694675060978625,0.16920188517542556,exact 95% beta posterior quantiles; NaN where the prior is capped and the posterior carries no player information
000370,shooting_pct,0.0,2.0,0.0,0.26726646746486693,0.26726646746486693,0.2724645296899632,102.8331158386299,0.019077941011298467,False,28.0183765435258,76.81473929510409,0.1874091992212925,0.3555320394516457,0.16812284023035318,exact 95% beta posterior quantiles; NaN where the prior is capped and the posterior carries no player information
000373,shooting_pct,91.0,290.0,0.3137931034482759,0.3029743973835872,-0.010818706064688655,0.2724645296899632,102.8331158386299,0.7382269679095175,True,119.0183765435258,273.8147392951041,0.2585706259997096,0.34927836395218037,0.09070773795247078,exact 95% beta posterior quantiles; NaN where the prior is capped and the posterior carries no player information
000376,shooting_pct,7.0,39.0,0.1794871794871795,0.2468984505943438,0.0674112711071643,0.2724645296899632,102.8331158386299,0.2749710444517915,False,35.018376543525804,106.81473929510409,0.17972725493018515,0.3208280913240742,0.14110083639388904,exact 95% beta posterior quantiles; NaN where the prior is capped and the posterior carries no player information
000385,shooting_pct,45.0,95.0,0.47368421052631576,0.36909076740764685,-0.10459344311866892,0.2724645296899632,102.8331158386299,0.48020271832290384,False,73.0183765435258,124.81473929510409,0.3033513453847263,0.4373375891300384,0.1339862437453121,exact 95% beta posterior quantiles; NaN where the prior is capped and the posterior carries no player information
000390,shooting_pct,33.0,137.0,0.24087591240875914,0.25442014681818004,0.013544234409420902,0.2724645296899632,102.8331158386299,0.5712305388726198,True,61.018376543525804,178.8147392951041,0.20142724949982949,0.3112918257538695,0.10986457625404,exact 95% beta posterior quantiles; NaN where the prior is capped and the posterior carries no player information
000391,shooting_pct,34.0,144.0,0.2361111111111111,0.2512563046202887,0.01514519350917759,0.2724645296899632,102.8331158386299,0.5833901156688461,True,62.018376543525804,184.8147392951041,0.19923646122333594,0.30709345373907126,0.10785699251573533,exact 95% beta posterior quantiles; NaN where the prior is capped and the posterior carries no player information
000395,shooting_pct,75.0,323.0,0.23219814241486067,0.24192194714740028,0.009723804732539615,0.2724645296899632,102.8331158386299,0.7585131075677105,True,103.0183765435258,322.8147392951041,0.20247524676960893,0.28366449000895955,0.08118924323935062,exact 95% beta posterior quantiles; NaN where the prior is capped and the posterior carries no player information
000405,shooting_pct,1.0,10.0,0.1,0.2571796083786865,0.15717960837868647,0.2724645296899632,102.8331158386299,0.08862646330091302,False,29.0183765435258,83.81473929510409,0.18119068854139186,0.34131879950291477,0.1601281109615229,exact 95% beta posterior quantiles; NaN where the prior is capped and the posterior carries no player information
000406,shooting_pct,1.0,5.0,0.2,0.2691044983523542,0.06910449835235422,0.2724645296899632,102.8331158386299,0.04636794514481433,False,29.0183765435258,78.81473929510409,0.19007624467485584,0.35624278904288076,0.16616654436802492,exact 95% beta posterior quantiles; NaN where the prior is capped and the posterior carries no player information
000407,shooting_pct,1.0,1.0,1.0,0.2794713065205913,-0.7205286934794086,0.2724645296899632,102.8331158386299,0.009630838792838785,False,29.0183765435258,74.81473929510409,0.19784023103420623,0.3691472576756496,0.17130702664144337,exact 95% beta posterior quantiles; NaN where the prior is capped and the posterior carries no player information
000408,shooting_pct,0.0,2.0,0.0,0.26726646746486693,0.26726646746486693,0.2724645296899632,102.8331158386299,0.019077941011298467,False,28.0183765435258,76.81473929510409,0.1874091992212925,0.3555320394516457,0.16812284023035318,exact 95% beta posterior quantiles; NaN where the prior is capped and the posterior carries no player information
000409,shooting_pct,46.0,150.0,0.30666666666666664,0.2927558611062953,-0.013910805560371331,0.2724645296899632,102.8331158386299,0.5932767133864582,True,74.0183765435258,178.8147392951041,0.23839431200758554,0.350222824170487,0.11182851216290146,exact 95% beta posterior quantiles; NaN where the prior is capped and the posterior carries no player information
000410,shooting_pct,5.0,13.0,0.38461538461538464,0.28505126797697955,-0.09956411663840509,0.2724645296899632,102.8331158386299,0.11223042655703604,False,33.018376543525804,82.81473929510409,0.20691419960348867,0.37021780261420645,0.16330360301071778,exact 95% beta posterior quantiles; NaN where the prior is capped and the posterior carries no player information
000414,shooting_pct,76.0,332.0,0.2289156626506024,0.23921447735854567,0.010298814707943277,0.2724645296899632,102.8331158386299,0.7635113056182407,True,104.0183765435258,330.8147392951041,0.20033097206032835,0.2803698833740782,0.08003891131374985,exact 95% beta posterior quantiles; NaN where the prior is capped and the posterior carries no player information
000416,shooting_pct,10.0,34.0,0.29411764705882354,0.27784484998764225,-0.01627279707118129,0.2724645296899632,102.8331158386299,0.24847786145641013,False,38.018376543525804,98.81473929510409,0.20630280059413053,0.3555369841924403,0.14923418359830976,exact 95% beta posterior quantiles; NaN where the prior is capped and the posterior carries no player information
000418,shooting_pct,0.0,2.0,0.0,0.26726646746486693,0.26726646746486693,0.2724645296899632,102.8331158386299,0.019077941011298467,False,28.0183765435258,76.81473929510409,0.1874091992212925,0.3555320394516457,0.16812284023035318,exact 95% beta posterior quantiles; NaN where the prior is capped and the posterior carries no player information
000419,shooting_pct,62.0,236.0,0.2627118644067797,0.26567171960369207,0.0029598551969123865,0.2724645296899632,102.8331158386299,0.696508071284259,True,90.0183765435258,248.8147392951041,0.22006409298046492,0.3138992545136716,0.0938351615332067,exact 95% beta posterior quantiles; NaN where the prior is capped and the posterior carries no player information
000422,shooting_pct,5.0,18.0,0.2777777777777778,0.2732560218642475,-0.004521755913530268,0.2724645296899632,102.8331158386299,0.14896578537326327,False,33.018376543525804,87.81473929510409,0.19787875478505157,0.35574115873896517,0.1578624039539136,exact 95% beta posterior quantiles; NaN where the prior is capped and the posterior carries no player information
000424,shooting_pct,1.0,5.0,0.2,0.2691044983523542,0.06910449835235422,0.2724645296899632,102.8331158386299,0.04636794514481433,False,29.0183765435258,78.81473929510409,0.19007624467485584,0.35624278904288076,0.16616654436802492,exact 95% beta posterior quantiles; NaN where the prior is capped and the posterior carries no player information
000425,shooting_pct,3.0,12.0,0.25,0.270116998193401,0.020116998193401014,0.2724645296899632,102.8331158386299,0.10449947223293228,False,31.0183765435258,83.81473929510409,0.1932641669700388,0.35455233018728904,0.16128816321725026,exact 95% beta posterior quantiles; NaN where the prior is capped and the posterior carries no player information
000427,shooting_pct,1.0,6.0,0.16666666666666666,0.26663186402337513,0.09996519735670847,0.2724645296899632,102.8331158386299,0.05513027862674059,False,29.0183765435258,79.81473929510409,0.1882298587297555,0.35315530133084394,0.16492544260108843,exact 95% beta posterior quantiles; NaN where the prior is capped and the posterior carries no player information
000434,shooting_pct,0.0,3.0,0.0,0.26474110982659815,0.26474110982659815,0.2724645296899632,102.8331158386299,0.028346514946930978,False,28.0183765435258,77.81473929510409,0.18553616732242517,0.3523651305877138,0.16682896326528862,exact 95% beta posterior quantiles; NaN where the prior is capped and the posterior carries no player information
000700,shooting_pct,0.0,3.0,0.0,0.26474110982659815,0.26474110982659815,0.2724645296899632,102.8331158386299,0.028346514946930978,False,28.0183765435258,77.81473929510409,0.18553616732242517,0.3523651305877138,0.16682896326528862,exact 95% beta posterior quantiles; NaN where the prior is capped and the posterior carries no player information
000727,shooting_pct,11.0,40.0,0.275,0.2731745807996516,-0.0018254192003483993,0.2724645296899632,102.8331158386299,0.28004710087814105,False,39.018376543525804,103.81473929510409,0.20351640312583186,0.3488482435059268,0.14533184038009495,exact 95% beta posterior quantiles; NaN where the prior is capped and the posterior carries no player information
000815,shooting_pct,0.0,2.0,0.0,0.26726646746486693,0.26726646746486693,0.2724645296899632,102.8331158386299,0.019077941011298467,False,28.0183765435258,76.81473929510409,0.1874091992212925,0.3555320394516457,0.16812284023035318,exact 95% beta posterior quantiles; NaN where the prior is capped and the posterior carries no player information
000823,shooting_pct,6.0,27.0,0.2222222222222222,0.26201617610261607,0.03979395388039386,0.2724645296899632,102.8331158386299,0.20795927006449114,False,34.018376543525804,95.81473929510409,0.19032150119892322,0.3406535175454337,0.1503320163465105,exact 95% beta posterior quantiles; NaN where the prior is capped and the posterior carries no player information
000886,shooting_pct,26.0,66.0,0.3939393939393939,0.3199513097605589,-0.07398808417883501,0.2724645296899632,102.8331158386299,0.3909185687426545,False,54.018376543525804,114.81473929510409,0.2519281974819023,0.3920149480982218,0.14008675061631948,exact 95% beta posterior quantiles; NaN where the prior is capped and the posterior carries no player information
000921,shooting_pct,16.0,42.0,0.38095238095238093,0.303924805377868,-0.07702757557451295,0.2724645296899632,102.8331158386299,0.2899889279934814,False,44.018376543525804,100.81473929510409,0.23198159024468623,0.3809970192669425,0.14901542902225628,exact 95% beta posterior quantiles; NaN where the prior is capped and the posterior carries no player information
000922,shooting_pct,2.0,18.0,0.1111111111111111,0.24842839096870362,0.1373172798575925,0.2724645296899632,102.8331158386299,0.14896578537326327,False,30.0183765435258,90.81473929510409,0.1758533740940038,0.3288880059553776,0.15303463186137378,exact 95% beta posterior quantiles; NaN where the prior is capped and the posterior carries no player information
000925,shooting_pct,0.0,12.0,0.0,0.24399213013516793,0.24399213013516793,0.2724645296899632,102.8331158386299,0.10449947223293228,False,28.0183765435258,86.81473929510409,0.17022894279216416,0.32619760898523964,0.15596866619307548,exact 95% beta posterior quantiles; NaN where the prior is capped and the posterior carries no player information
000929,shooting_pct,0.0,1.0,0.0,0.26984046772775255,0.26984046772775255,0.2724645296899632,102.8331158386299,0.009630838792838785,False,28.0183765435258,75.81473929510409,0.18932056808262132,0.35875591353396885,0.16943534545134753,exact 95% beta posterior quantiles; NaN where the prior is capped and the posterior carries no player information
000946,shooting_pct,6.0,27.0,0.2222222222222222,0.26201617610261607,0.03979395388039386,0.2724645296899632,102.8331158386299,0.20795927006449114,False,34.018376543525804,95.81473929510409,0.19032150119892322,0.3406535175454337,0.1503320163465105,exact 95% beta posterior quantiles; NaN where the prior is capped and the posterior carries no player information
000960,shooting_pct,3.0,18.0,0.16666666666666666,0.2567042679338849,0.09003760126721824,0.2724645296899632,102.8331158386299,0.14896578537326327,False,31.0183765435258,89.81473929510409,0.18315885393531062,0.33787544365623035,0.15471658972091973,exact 95% beta posterior quantiles; NaN where the prior is capped and the posterior carries no player information
000978,shooting_pct,33.0,122.0,0.27049180327868855,0.27139407963069234,0.0009022763520037946,0.2724645296899632,102.8331158386299,0.5426246909621775,True,61.018376543525804,163.8147392951041,0.2154021200549323,0.3312378424743656,0.1158357224194333,exact 95% beta posterior quantiles; NaN where the prior is capped and the posterior carries no player information
001001,shooting_pct,82.0,279.0,0.2939068100358423,0.28813209745280893,-0.005774712583033359,0.2724645296899632,102.8331158386299,0.7306857064695007,True,110.0183765435258,271.8147392951041,0.24385051502031274,0.3345158295996953,0.09066531457938254,exact 95% beta posterior quantiles; NaN where the prior is capped and the posterior carries no player information
001009,shooting_pct,38.0,154.0,0.24675324675324675,0.2570477577549058,0.01029451100165904,0.2724645296899632,102.8331158386299,0.5996111502099258,True,66.0183765435258,190.8147392951041,0.20556424590176903,0.31211463510408066,0.10655038920231164,exact 95% beta posterior quantiles; NaN where the prior is capped and the posterior carries no player information
001010,shooting_pct,0.0,4.0,0.0,0.2622630288706286,0.2622630288706286,0.2724645296899632,102.8331158386299,0.037441573884655306,False,28.0183765435258,78.81473929510409,0.18370032627717592,0.34925370538257994,0.16555337910540402,exact 95% beta posterior quantiles; NaN where the prior is capped and the posterior carries no player information
001020,shooting_pct,10.0,23.0,0.43478260869565216,0.30213331594110004,-0.13264929275455212,0.2724645296899632,102.8331158386299,0.18278177288000652,False,38.018376543525804,87.81473929510409,0.22537566578830592,0.3848482370667625,0.1594725712784566,exact 95% beta posterior quantiles; NaN where the prior is capped and the posterior carries no player information
001391,shooting_pct,9.0,36.0,0.25,0.2666393844142591,0.016639384414259106,0.2724645296899632,102.8331158386299,0.25930412771145994,False,37.018376543525804,101.81473929510409,0.19669318399974145,0.34295239005587064,0.1462592060561292,exact 95% beta posterior quantiles; NaN where the prior is capped and the posterior carries no player information
001397,shooting_pct,3.0,9.0,0.3333333333333333,0.27736307184970066,-0.055970261483632655,0.2724645296899632,102.8331158386299,0.08047705666170109,False,31.0183765435258,80.81473929510409,0.19874838870600797,0.363518593570916,0.164770204864908,exact 95% beta posterior quantiles; NaN where the prior is capped and the posterior carries no player information
001402,shooting_pct,0.0,4.0,0.0,0.2622630288706286,0.2622630288706286,0.2724645296899632,102.8331158386299,0.037441573884655306,False,28.0183765435258,78.81473929510409,0.18370032627717592,0.34925370538257994,0.16555337910540402,exact 95% beta posterior quantiles; NaN where the prior is capped and the posterior carries no player information
001406,shooting_pct,5.0,20.0,0.25,0.2688067978907511,0.018806797890751126,0.2724645296899632,102.8331158386299,0.1628225406760396,False,33.018376543525804,89.81473929510409,0.19448246285901405,0.3502602797525469,0.15577781689353287,exact 95% beta posterior quantiles; NaN where the prior is capped and the posterior carries no player information
001415,shooting_pct,2.0,8.0,0.25,0.2708430266205975,0.020843026620597505,0.2724645296899632,102.8331158386299,0.07218059277199958,False,30.0183765435258,80.81473929510409,0.19262315562809817,0.35689419085974805,0.16427103523164988,exact 95% beta posterior quantiles; NaN where the prior is capped and the posterior carries no player information
001417,shooting_pct,0.0,2.0,0.0,0.26726646746486693,0.26726646746486693,0.2724645296899632,102.8331158386299,0.019077941011298467,False,28.0183765435258,76.81473929510409,0.1874091992212925,0.3555320394516457,0.16812284023035318,exact 95% beta posterior quantiles; NaN where the prior is capped and the posterior carries no player information
001427,shooting_pct,0.0,2.0,0.0,0.26726646746486693,0.26726646746486693,0.2724645296899632,102.8331158386299,0.019077941011298467,False,28.0183765435258,76.81473929510409,0.1874091992212925,0.3555320394516457,0.16812284023035318,exact 95% beta posterior quantiles; NaN where the prior is capped and the posterior carries no player information
001657,shooting_pct,1.0,8.0,0.125,0.2618204525240975,0.13682045252409752,0.2724645296899632,102.8331158386299,0.07218059277199958,False,29.0183765435258,81.81473929510409,0.18464299270999618,0.34713694025413133,0.16249394754413515,exact 95% beta posterior quantiles; NaN where the prior is capped and the posterior carries no player information
001662,shooting_pct,0.0,4.0,0.0,0.2622630288706286,0.2622630288706286,0.2724645296899632,102.8331158386299,0.037441573884655306,False,28.0183765435258,78.81473929510409,0.18370032627717592,0.34925370538257994,0.16555337910540402,exact 95% beta posterior quantiles; NaN where the prior is capped and the posterior carries no player information
001671,shooting_pct,1.0,8.0,0.125,0.2618204525240975,0.13682045252409752,0.2724645296899632,102.8331158386299,0.07218059277199958,False,29.0183765435258,81.81473929510409,0.18464299270999618,0.34713694025413133,0.16249394754413515,exact 95% beta posterior quantiles; NaN where the prior is capped and the posterior carries no player information
001707,shooting_pct,13.0,47.0,0.2765957446808511,0.27376041880956775,-0.002835325871283323,0.2724645296899632,102.8331158386299,0.31368232407726837,False,41.018376543525804,108.81473929510409,0.2056057707814034,0.3476347835676279,0.14202901278622448,exact 95% beta posterior quantiles; NaN where the prior is capped and the posterior carries no player information
001719,shooting_pct,1.0,2.0,0.5,0.27680543797051615,-0.22319456202948385,0.2724645296899632,102.8331158386299,0.019077941011298467,False,29.0183765435258,75.81473929510409,0.19584015515283681,0.36583503484143876,0.16999487968860194,exact 95% beta posterior quantiles; NaN where the prior is capped and the posterior carries no player information
001727,shooting_pct,2.0,5.0,0.4,0.2783780873813171,-0.12162191261868294,0.2724645296899632,102.8331158386299,0.04636794514481433,False,30.0183765435258,77.81473929510409,0.19829849983216263,0.3662425568618346,0.16794405702967197,exact 95% beta posterior quantiles; NaN where the prior is capped and the posterior carries no player information
001729,shooting_pct,29.0,127.0,0.2283464566929134,0.24808599202718665,0.01973953533427325,0.2724645296899632,102.8331158386299,0.5525748521338807,True,57.018376543525804,172.8147392951041,0.19452550003188662,0.30579827740439214,0.11127277737250552,exact 95% beta posterior quantiles; NaN where the prior is capped and the posterior carries no player information
001733,shooting_pct,4.0,11.0,0.36363636363636365,0.2812747091006024,-0.08236165453576122,0.2724645296899632,102.8331158386299,0.09663268829075738,False,32.018376543525804,81.81473929510409,0.20289189825416543,0.36693594776443206,0.16404404951026663,exact 95% beta posterior quantiles; NaN where the prior is capped and the posterior carries no player information
001740,shooting_pct,1.0,3.0,0.3333333333333333,0.2741899481422418,-0.059143385191091524,0.2724645296899632,102.8331158386299,0.028346514946930978,False,29.0183765435258,76.81473929510409,0.193880259845173,0.3625812169339042,0.16870095708873123,exact 95% beta posterior quantiles; NaN where the prior is capped and the posterior carries no player information
001746,shooting_pct,9.0,36.0,0.25,0.2666393844142591,0.016639384414259106,0.2724645296899632,102.8331158386299,0.25930412771145994,False,37.018376543525804,101.81473929510409,0.19669318399974145,0.34295239005587064,0.1462592060561292,exact 95% beta posterior quantiles; NaN where the prior is capped and the posterior carries no player information
001760,shooting_pct,1.0,9.0,0.1111111111111111,0.25947928148043375,0.14836817036932265,0.2724645296899632,102.8331158386299,0.08047705666170109,False,29.0183765435258,82.81473929510409,0.1829004998144228,0.3442034660547506,0.1613029662403278,exact 95% beta posterior quantiles; NaN where the prior is capped and the posterior carries no player information
001766,shooting_pct,1.0,4.0,0.25,0.27162342234179243,0.02162342234179243,0.2724645296899632,102.8331158386299,0.037441573884655306,False,29.0183765435258,77.81473929510409,0.1919593416096177,0.35938428944791667,0.16742494783829898,exact 95% beta posterior quantiles; NaN where the prior is capped and the posterior carries no player information
001793,shooting_pct,18.0,68.0,0.2647058823529412,0.2693762056473586,0.004670323294417411,0.2724645296899632,102.8331158386299,0.3980492872601659,False,46.018376543525804,124.81473929510409,0.20572053830255754,0.3381457083451096,0.13242517004255205,exact 95% beta posterior quantiles; NaN where the prior is capped and the posterior carries no player information
001795,shooting_pct,6.0,16.0,0.375,0.2862701722785865,-0.08872982772141352,0.2724645296899632,102.8331158386299,0.1346426026708522,False,34.018376543525804,84.81473929510409,0.2089443088916596,0.3704092752013821,0.1614649663097225,exact 95% beta posterior quantiles; NaN where the prior is capped and the posterior carries no player information
001796,shooting_pct,4.0,7.0,0.5714285714285714,0.29151842137091116,-0.27991015005766023,0.2724645296899632,102.8331158386299,0.06373305488560126,False,32.018376543525804,77.81473929510409,0.21072708026622422,0.3795004171843175,0.16877333691809326,exact 95% beta posterior quantiles; NaN where the prior is capped and the posterior carries no player information
001809,shooting_pct,89.0,273.0,0.326007326007326,0.3113572796330421,-0.01465004637428391,0.2724645296899632,102.8331158386299,0.7263862296722596,True,117.0183765435258,258.8147392951041,0.265589661517879,0.3590265655948315,0.09343690407695249,exact 95% beta posterior quantiles; NaN where the prior is capped and the posterior carries no player information
001810,shooting_pct,125.0,391.0,0.319693094629156,0.30985847573966196,-0.009834618889494051,0.2724645296899632,102.8331158386299,0.7917654516465584,True,153.0183765435258,340.8147392951041,0.26986562137608416,0.35131009030737914,0.08144446893129498,exact 95% beta posterior quantiles; NaN where the prior is capped and the posterior carries no player information
001811,shooting_pct,0.0,4.0,0.0,0.2622630288706286,0.2622630288706286,0.2724645296899632,102.8331158386299,0.037441573884655306,False,28.0183765435258,78.81473929510409,0.18370032627717592,0.34925370538257994,0.16555337910540402,exact 95% beta posterior quantiles; NaN where the prior is capped and the posterior carries no player information
001812,shooting_pct,13.0,59.0,0.22033898305084745,0.25346095779572597,0.03312197474487852,0.2724645296899632,102.8331158386299,0.3645730955265744,False,41.018376543525804,120.81473929510409,0.18966738498420455,0.3230246917519253,0.13335730676772073,exact 95% beta posterior quantiles; NaN where the prior is capped and the posterior carries no player information
001813,shooting_pct,8.0,55.0,0.14545454545454545,0.22820544568321985,0.0827509002286744,0.2724645296899632,102.8331158386299,0.3484693291883848,False,36.018376543525804,121.81473929510409,0.1663476112007629,0.2965845016587991,0.13023689045803621,exact 95% beta posterior quantiles; NaN where the prior is capped and the posterior carries no player information
001814,shooting_pct,103.0,363.0,0.2837465564738292,0.2812560380291042,-0.002490518444724976,0.2724645296899632,102.8331158386299,0.7792490221449767,True,131.0183765435258,334.8147392951041,0.24138583059539087,0.32290524113341235,0.08151941053802148,exact 95% beta posterior quantiles; NaN where the prior is capped and the posterior carries no player information
001815,shooting_pct,40.0,127.0,0.31496062992125984,0.2959468059915385,-0.01901382392972134,0.2724645296899632,102.8331158386299,0.5525748521338807,True,68.0183765435258,161.8147392951041,0.23881530939252116,0.35644190388848074,0.11762659449595958,exact 95% beta posterior quantiles; NaN where the prior is capped and the posterior carries no player information
001816,shooting_pct,26.0,89.0,0.29213483146067415,0.28159046631430457,-0.010544365146369583,0.2724645296899632,102.8331158386299,0.4639449221836486,False,54.018376543525804,137.8147392951041,0.22036231160745956,0.3471317699586507,0.12676945835119113,exact 95% beta posterior quantiles; NaN where the prior is capped and the posterior carries no player information
001817,shooting_pct,0.0,3.0,0.0,0.26474110982659815,0.26474110982659815,0.2724645296899632,102.8331158386299,0.028346514946930978,False,28.0183765435258,77.81473929510409,0.18553616732242517,0.3523651305877138,0.16682896326528862,exact 95% beta posterior quantiles; NaN where the prior is capped and the posterior carries no player information
001818,shooting_pct,23.0,75.0,0.30666666666666664,0.2868890662064377,-0.019777600460228917,0.2724645296899632,102.8331158386299,0.42174372105168995,False,51.018376543525804,126.81473929510409,0.22297534919925965,0.3553426770668011,0.13236732786754146,exact 95% beta posterior quantiles; NaN where the prior is capped and the posterior carries no player information
001819,shooting_pct,14.0,39.0,0.358974358974359,0.2962522278036397,-0.06272213117071929,0.2724645296899632,102.8331158386299,0.2749710444517915,False,42.018376543525804,99.81473929510409,0.2242412917839829,0.37370539232506417,0.14946410054108128,exact 95% beta posterior quantiles; NaN where the prior is capped and the posterior carries no player information
001820,shooting_pct,19.0,59.0,0.3220338983050847,0.2905361878492759,-0.03149771045580885,0.2724645296899632,102.8331158386299,0.3645730955265744,False,47.018376543525804,114.81473929510409,0.22337798800435849,0.36259778498788364,0.13921979698352516,exact 95% beta posterior quantiles; NaN where the prior is capped and the posterior carries no player information
001821,shooting_pct,72.0,195.0,0.36923076923076925,0.3358202000536339,-0.03341056917713536,0.2724645296899632,102.8331158386299,0.6547290735314124,True,100.0183765435258,197.8147392951041,0.2833638250885997,0.3903651833825279,0.1070013582939282,exact 95% beta posterior quantiles; NaN where the prior is capped and the posterior carries no player information
001823,shooting_pct,2.0,7.0,0.2857142857142857,0.27330897711788216,-0.012405308596403541,0.2724645296899632,102.8331158386299,0.06373305488560126,False,30.0183765435258,79.81473929510409,0.19447836410836317,0.35995727314730175,0.16547890903893858,exact 95% beta posterior quantiles; NaN where the prior is capped and the posterior carries no player information
001824,shooting_pct,5.0,19.0,0.2631578947368421,0.2710131503757913,0.007855255638949232,0.2724645296899632,102.8331158386299,0.155951030794992,False,33.018376543525804,88.81473929510409,0.19616585984476842,0.35297960459138267,0.15681374474661425,exact 95% beta posterior quantiles; NaN where the prior is capped and the posterior carries no player information
001825,shooting_pct,1.0,8.0,0.125,0.2618204525240975,0.13682045252409752,0.2724645296899632,102.8331158386299,0.07218059277199958,False,29.0183765435258,81.81473929510409,0.18464299270999618,0.34713694025413133,0.16249394754413515,exact 95% beta posterior quantiles; NaN where the prior is capped and the posterior carries no player information
001826,shooting_pct,21.0,58.0,0.3620689655172414,0.30477788288767493,-0.05729108262956645,0.2724645296899632,102.8331158386299,0.3606222493270207,False,49.018376543525804,111.81473929510409,0.23627890713396482,0.3778755579551216,0.1415966508211568,exact 95% beta posterior quantiles; NaN where the prior is capped and the posterior carries no player information
001827,shooting_pct,37.0,117.0,0.3162393162393162,0.2957624300392167,-0.02047688620009952,0.2724645296899632,102.8331158386299,0.5322219063932329,True,65.0183765435258,154.8147392951041,0.23740642264601775,0.3576382155006286,0.12023179285461083,exact 95% beta posterior quantiles; NaN where the prior is capped and the posterior carries no player information
001828,shooting_pct,59.0,187.0,0.3155080213903743,0.30023614207002813,-0.015271879320346182,0.2724645296899632,102.8331158386299,0.6451988740448686,True,87.0183765435258,202.8147392951041,0.24891383372596465,0.3541697080072481,0.10525587428128347,exact 95% beta posterior quantiles; NaN where the prior is capped and the posterior carries no player information
001831,shooting_pct,2.0,11.0,0.18181818181818182,0.2637051294113738,0.08188694759319198,0.2724645296899632,102.8331158386299,0.09663268829075738,False,30.0183765435258,83.81473929510409,0.187264670006698,0.3480076226114761,0.1607429526047781,exact 95% beta posterior quantiles; NaN where the prior is capped and the posterior carries no player information
001832,shooting_pct,50.0,180.0,0.2777777777777778,0.2758459747975166,-0.001931802980261188,0.2724645296899632,102.8331158386299,0.6364176962315077,True,78.0183765435258,204.8147392951041,0.22540681491955183,0.32928754031308927,0.10388072539353743,exact 95% beta posterior quantiles; NaN where the prior is capped and the posterior carries no player information
001833,shooting_pct,6.0,29.0,0.20689655172413793,0.25804120859258106,0.051144656868443134,0.2724645296899632,102.8331158386299,0.21997507845826383,False,34.018376543525804,97.81473929510409,0.18728756174095906,0.3357462323328946,0.14845867059193552,exact 95% beta posterior quantiles; NaN where the prior is capped and the posterior carries no player information
001835,shooting_pct,40.0,134.0,0.29850746268656714,0.28719960172238423,-0.011307860964182903,0.2724645296899632,102.8331158386299,0.5657992528853232,True,68.0183765435258,168.8147392951041,0.23146921655279584,0.34633401155588217,0.11486479500308633,exact 95% beta posterior quantiles; NaN where the prior is capped and the posterior carries no player information
001836,shooting_pct,19.0,53.0,0.3584905660377358,0.3017226235289732,-0.0567679425087626,0.2724645296899632,102.8331158386299,0.3401074265554901,False,47.018376543525804,108.81473929510409,0.23242419728194363,0.3758415134216193,0.14341731613967568,exact 95% beta posterior quantiles; NaN where the prior is capped and the posterior carries no player information
001838,shooting_pct,24.0,59.0,0.4067796610169492,0.32143221289390084,-0.08534744812304834,0.2724645296899632,102.8331158386299,0.3645730955265744,False,52.018376543525804,109.81473929510409,0.25190669772564434,0.39513837909908034,0.143231681373436,exact 95% beta posterior quantiles; NaN where the prior is capped and the posterior carries no player information
001839,shooting_pct,0.0,1.0,0.0,0.26984046772775255,0.26984046772775255,0.2724645296899632,102.8331158386299,0.009630838792838785,False,28.0183765435258,75.81473929510409,0.18932056808262132,0.35875591353396885,0.16943534545134753,exact 95% beta posterior quantiles; NaN where the prior is capped and the posterior carries no player information
001843,shooting_pct,8.0,27.0,0.2962962962962963,0.27742056647776353,-0.01887572981853275,0.2724645296899632,102.8331158386299,0.20795927006449114,False,36.018376543525804,93.81473929510409,0.2041256900120061,0.3572093994880561,0.15308370947605,exact 95% beta posterior quantiles; NaN where the prior is capped and the posterior carries no player information
001846,shooting_pct,21.0,88.0,0.23863636363636365,0.2568651480017554,0.01822878436539177,0.2724645296899632,102.8331158386299,0.4611358967403411,False,49.018376543525804,141.8147392951041,0.19755571251153015,0.32100061592063867,0.12344490340910852,exact 95% beta posterior quantiles; NaN where the prior is capped and the posterior carries no player information
002001,shooting_pct,3.0,18.0,0.16666666666666666,0.2567042679338849,0.09003760126721824,0.2724645296899632,102.8331158386299,0.14896578537326327,False,31.0183765435258,89.81473929510409,0.18315885393531062,0.33787544365623035,0.15471658972091973,exact 95% beta posterior quantiles; NaN where the prior is capped and the posterior carries no player information
002003,shooting_pct,5.0,30.0,0.16666666666666666,0.24857036842858996,0.0819037017619233,0.2724645296899632,102.8331158386299,0.22584729576354287,False,33.018376543525804,99.81473929510409,0.17911605353583582,0.3251932689163368,0.146077215380501,exact 95% beta posterior quantiles; NaN where the prior is capped and the posterior carries no player information
002006,shooting_pct,31.0,76.0,0.40789473684210525,0.33001928231671057,-0.07787545452539468,0.2724645296899632,102.8331158386299,0.4249772176903668,False,59.018376543525804,119.81473929510409,0.2631943739543203,0.40044557736837305,0.13725120341405272,exact 95% beta posterior quantiles; NaN where the prior is capped and the posterior carries no player information
002007,shooting_pct,1.0,3.0,0.3333333333333333,0.2741899481422418,-0.059143385191091524,0.2724645296899632,102.8331158386299,0.028346514946930978,False,29.0183765435258,76.81473929510409,0.193880259845173,0.3625812169339042,0.16870095708873123,exact 95% beta posterior quantiles; NaN where the prior is capped and the posterior carries no player information
002015,shooting_pct,79.0,226.0,0.3495575221238938,0.3254489021599744,-0.024108619963919387,0.2724645296899632,102.8331158386299,0.6872787110374438,True,107.0183765435258,221.8147392951041,0.275929525581887,0.3769794450199697,0.10104991943808272,exact 95% beta posterior quantiles; NaN where the prior is capped and the posterior carries no player information
002016,shooting_pct,51.0,189.0,0.2698412698412698,0.2707656268427716,0.0009243570015017855,0.2724645296899632,102.8331158386299,0.6476304084163915,True,79.0183765435258,212.8147392951041,0.22141242618090473,0.32309455345966853,0.1016821272787638,exact 95% beta posterior quantiles; NaN where the prior is capped and the posterior carries no player information
002017,shooting_pct,1.0,2.0,0.5,0.27680543797051615,-0.22319456202948385,0.2724645296899632,102.8331158386299,0.019077941011298467,False,29.0183765435258,75.81473929510409,0.19584015515283681,0.36583503484143876,0.16999487968860194,exact 95% beta posterior quantiles; NaN where the prior is capped and the posterior carries no player information
002018,shooting_pct,43.0,178.0,0.24157303370786518,0.2528846227107127,0.011311589002847539,0.2724645296899632,102.8331158386299,0.6338283840509783,True,71.0183765435258,209.8147392951041,0.20386329948087223,0.30523922698921524,0.10137592750834301,exact 95% beta posterior quantiles; NaN where the prior is capped and the posterior carries no player information
002019,shooting_pct,6.0,22.0,0.2727272727272727,0.2725108342845572,-0.00021643844271551638,0.2724645296899632,102.8331158386299,0.1762352870246314,False,34.018376543525804,90.81473929510409,0.1983560517837759,0.3535683695517946,0.1552123177680187,exact 95% beta posterior quantiles; NaN where the prior is capped and the posterior carries no player information
002021,shooting_pct,8.0,23.0,0.34782608695652173,0.2862392487341429,-0.061586838222378815,0.2724645296899632,102.8331158386299,0.18278177288000652,False,36.018376543525804,89.81473929510409,0.21097557098255493,0.36793815149576403,0.1569625805132091,exact 95% beta posterior quantiles; NaN where the prior is capped and the posterior carries no player information
002022,shooting_pct,18.0,56.0,0.32142857142857145,0.28972784611415175,-0.0317007253144197,0.2724645296899632,102.8331158386299,0.35257131174643996,False,46.018376543525804,112.81473929510409,0.22203586986870505,0.362435085902689,0.14039921603398398,exact 95% beta posterior quantiles; NaN where the prior is capped and the posterior carries no player information
002023,shooting_pct,25.0,91.0,0.27472527472527475,0.27352589527408055,-0.0011993794511941935,0.2724645296899632,102.8331158386299,0.46947602119629234,False,53.018376543525804,140.8147392951041,0.21324357404955663,0.33823433265206404,0.12499075860250741,exact 95% beta posterior quantiles; NaN where the prior is capped and the posterior carries no player information
002024,shooting_pct,61.0,207.0,0.2946859903381642,0.28731072307289823,-0.0073752672652659945,0.2724645296899632,102.8331158386299,0.6681015986290233,True,89.0183765435258,220.8147392951041,0.23835304714157246,0.3388690746796783,0.10051602753810585,exact 95% beta posterior quantiles; NaN where the prior is capped and the posterior carries no player information
002025,shooting_pct,4.0,24.0,0.16666666666666666,0.2524449260101981,0.08577825934353142,0.2724645296899632,102.8331158386299,0.18922502882082676,False,32.018376543525804,94.81473929510409,0.18102827956317924,0.3312536683806684,0.15022538881748915,exact 95% beta posterior quantiles; NaN where the prior is capped and the posterior carries no player information
002026,shooting_pct,0.0,8.0,0.0,0.2527978784275976,0.2527978784275976,0.2724645296899632,102.8331158386299,0.07218059277199958,False,28.0183765435258,82.81473929510409,0.17670749095850624,0.33733492795727216,0.16062743699876592,exact 95% beta posterior quantiles; NaN where the prior is capped and the posterior carries no player information
002027,shooting_pct,6.0,30.0,0.2,0.25609861162070807,0.05609861162070806,0.2724645296899632,102.8331158386299,0.22584729576354287,False,34.018376543525804,98.81473929510409,0.18580668381764553,0.33334489274420775,0.14753820892656222,exact 95% beta posterior quantiles; NaN where the prior is capped and the posterior carries no player information
002028,shooting_pct,60.0,302.0,0.1986754966887417,0.21741891436225963,0.01874341767351792,0.2724645296899632,102.8331158386299,0.745986403247653,True,88.0183765435258,316.8147392951041,0.17864640805055387,0.25883542172960006,0.08018901367904618,exact 95% beta posterior quantiles; NaN where the prior is capped and the posterior carries no player information
002029,shooting_pct,2.0,17.0,0.11764705882352941,0.2505015106504387,0.13285445182690928,0.2724645296899632,102.8331158386299,0.1418639570625252,False,30.0183765435258,89.81473929510409,0.17739741699188016,0.33149059538845904,0.15409317839657888,exact 95% beta posterior quantiles; NaN where the prior is capped and the posterior carries no player information
002030,shooting_pct,29.0,83.0,0.3493975903614458,0.3068257037299977,-0.04257188663144812,0.2724645296899632,102.8331158386299,0.4466372940336097,False,57.018376543525804,128.8147392951041,0.24276387164718471,0.374825870298082,0.1320619986508973,exact 95% beta posterior quantiles; NaN where the prior is capped and the posterior carries no player information
002031,shooting_pct,0.0,1.0,0.0,0.26984046772775255,0.26984046772775255,0.2724645296899632,102.8331158386299,0.009630838792838785,False,28.0183765435258,75.81473929510409,0.18932056808262132,0.35875591353396885,0.16943534545134753,exact 95% beta posterior quantiles; NaN where the prior is capped and the posterior carries no player information
002032,shooting_pct,4.0,26.0,0.15384615384615385,0.24852598134497084,0.09467982749881698,0.2724645296899632,102.8331158386299,0.20181146618053028,False,32.018376543525804,96.81473929510409,0.1780772085476201,0.32636711190571077,0.14828990335809067,exact 95% beta posterior quantiles; NaN where the prior is capped and the posterior carries no player information
002033,shooting_pct,11.0,73.0,0.1506849315068493,0.22190573349865877,0.07122080199180947,0.2724645296899632,102.8331158386299,0.41516639031179675,False,39.018376543525804,136.8147392951041,0.16378421013359912,0.2860165961610619,0.12223238602746278,exact 95% beta posterior quantiles; NaN where the prior is capped and the posterior carries no player information
002034,shooting_pct,12.0,40.0,0.3,0.28017575832160513,-0.01982424167839486,0.2724645296899632,102.8331158386299,0.28004710087814105,False,40.018376543525804,102.81473929510409,0.20985140817356296,0.3563301558897365,0.14647874771617353,exact 95% beta posterior quantiles; NaN where the prior is capped and the posterior carries no player information
002036,shooting_pct,2.0,5.0,0.4,0.2783780873813171,-0.12162191261868294,0.2724645296899632,102.8331158386299,0.04636794514481433,False,30.0183765435258,77.81473929510409,0.19829849983216263,0.3662425568618346,0.16794405702967197,exact 95% beta posterior quantiles; NaN where the prior is capped and the posterior carries no player information
002038,shooting_pct,0.0,3.0,0.0,0.26474110982659815,0.26474110982659815,0.2724645296899632,102.8331158386299,0.028346514946930978,False,28.0183765435258,77.81473929510409,0.18553616732242517,0.3523651305877138,0.16682896326528862,exact 95% beta posterior quantiles; NaN where the prior is capped and the posterior carries no player information
002039,shooting_pct,0.0,1.0,0.0,0.26984046772775255,0.26984046772775255,0.2724645296899632,102.8331158386299,0.009630838792838785,False,28.0183765435258,75.81473929510409,0.18932056808262132,0.35875591353396885,0.16943534545134753,exact 95% beta posterior quantiles; NaN where the prior is capped and the posterior carries no player information
002040,shooting_pct,4.0,20.0,0.2,0.26066567085694914,0.06066567085694913,0.2724645296899632,102.8331158386299,0.1628225406760396,False,32.018376543525804,90.81473929510409,0.1872348411998246,0.3414762373722624,0.15424139617243782,exact 95% beta posterior quantiles; NaN where the prior is capped and the posterior carries no player information
002042,shooting_pct,2.0,9.0,0.2222222222222222,0.2684211766650672,0.046198954442845,0.2724645296899632,102.8331158386299,0.08047705666170109,False,30.0183765435258,81.81473929510409,0.19080312756705098,0.3538823911512736,0.16307926358422264,exact 95% beta posterior quantiles; NaN where the prior is capped and the posterior carries no player information
002043,shooting_pct,7.0,34.0,0.20588235294117646,0.25592033280031196,0.050037979859135495,0.2724645296899632,102.8331158386299,0.24847786145641013,False,35.018376543525804,101.81473929510409,0.1866190747532528,0.33197764845681377,0.14535857370356098,exact 95% beta posterior quantiles; NaN where the prior is capped and the posterior carries no player information
002046,shooting_pct,1.0,4.0,0.25,0.27162342234179243,0.02162342234179243,0.2724645296899632,102.8331158386299,0.037441573884655306,False,29.0183765435258,77.81473929510409,0.1919593416096177,0.35938428944791667,0.16742494783829898,exact 95% beta posterior quantiles; NaN where the prior is capped and the posterior carries no player information
002047,shooting_pct,1.0,3.0,0.3333333333333333,0.2741899481422418,-0.059143385191091524,0.2724645296899632,102.8331158386299,0.028346514946930978,False,29.0183765435258,76.81473929510409,0.193880259845173,0.3625812169339042,0.16870095708873123,exact 95% beta posterior quantiles; NaN where the prior is capped and the posterior carries no player information
002049,shooting_pct,2.0,14.0,0.14285714285714285,0.2569338010721826,0.11407665821503976,0.2724645296899632,102.8331158386299,0.11982903904862749,False,30.0183765435258,86.81473929510409,0.1821971389290411,0.3395497683377471,0.15735262940870598,exact 95% beta posterior quantiles; NaN where the prior is capped and the posterior carries no player information
002051,shooting_pct,8.0,19.0,0.42105263157894735,0.29563699734342164,-0.1254156342355257,0.2724645296899632,102.8331158386299,0.155951030794992,False,36.018376543525804,85.81473929510409,0.21830306857009418,0.37932554437429644,0.16102247580420226,exact 95% beta posterior quantiles; NaN where the prior is capped and the posterior carries no player information
002054,shooting_pct,5.0,16.0,0.3125,0.2778550096116582,-0.03464499038834179,0.2724645296899632,102.8331158386299,0.1346426026708522,False,33.018376543525804,85.81473929510409,0.20139620793634094,0.36139491098583676,0.15999870304949582,exact 95% beta posterior quantiles; NaN where the prior is capped and the posterior carries no player information
002056,shooting_pct,0.0,1.0,0.0,0.26984046772775255,0.26984046772775255,0.2724645296899632,102.8331158386299,0.009630838792838785,False,28.0183765435258,75.81473929510409,0.18932056808262132,0.35875591353396885,0.16943534545134753,exact 95% beta posterior quantiles; NaN where the prior is capped and the posterior carries no player information
002059,shooting_pct,0.0,2.0,0.0,0.26726646746486693,0.26726646746486693,0.2724645296899632,102.8331158386299,0.019077941011298467,False,28.0183765435258,76.81473929510409,0.1874091992212925,0.3555320394516457,0.16812284023035318,exact 95% beta posterior quantiles; NaN where the prior is capped and the posterior carries no player information
002062,shooting_pct,0.0,2.0,0.0,0.26726646746486693,0.26726646746486693,0.2724645296899632,102.8331158386299,0.019077941011298467,False,28.0183765435258,76.81473929510409,0.1874091992212925,0.3555320394516457,0.16812284023035318,exact 95% beta posterior quantiles; NaN where the prior is capped and the posterior carries no player information
002063,shooting_pct,1.0,4.0,0.25,0.27162342234179243,0.02162342234179243,0.2724645296899632,102.8331158386299,0.037441573884655306,False,29.0183765435258,77.81473929510409,0.1919593416096177,0.35938428944791667,0.16742494783829898,exact 95% beta posterior quantiles; NaN where the prior is capped and the posterior carries no player information
002064,shooting_pct,1.0,9.0,0.1111111111111111,0.25947928148043375,0.14836817036932265,0.2724645296899632,102.8331158386299,0.08047705666170109,False,29.0183765435258,82.81473929510409,0.1829004998144228,0.3442034660547506,0.1613029662403278,exact 95% beta posterior quantiles; NaN where the prior is capped and the posterior carries no player information
002065,shooting_pct,1.0,13.0,0.07692307692307693,0.25051882903635303,0.1735957521132761,0.2724645296899632,102.8331158386299,0.11223042655703604,False,29.0183765435258,86.81473929510409,0.17624837273615412,0.33294586403644644,0.1566974913002923,exact 95% beta posterior quantiles; NaN where the prior is capped and the posterior carries no player information
002067,shooting_pct,8.0,45.0,0.17777777777777778,0.2436421389023712,0.06586436112459343,0.2724645296899632,102.8331158386299,0.3043972911260331,False,36.018376543525804,111.81473929510409,0.17811654155957513,0.31573525254498236,0.13761871098540723,exact 95% beta posterior quantiles; NaN where the prior is capped and the posterior carries no player information
002072,shooting_pct,0.0,1.0,0.0,0.26984046772775255,0.26984046772775255,0.2724645296899632,102.8331158386299,0.009630838792838785,False,28.0183765435258,75.81473929510409,0.18932056808262132,0.35875591353396885,0.16943534545134753,exact 95% beta posterior quantiles; NaN where the prior is capped and the posterior carries no player information
002074,shooting_pct,0.0,2.0,0.0,0.26726646746486693,0.26726646746486693,0.2724645296899632,102.8331158386299,0.019077941011298467,False,28.0183765435258,76.81473929510409,0.1874091992212925,0.3555320394516457,0.16812284023035318,exact 95% beta posterior quantiles; NaN where the prior is capped and the posterior carries no player information
003003,shooting_pct,0.0,5.0,0.0,0.25983090932339137,0.25983090932339137,0.2724645296899632,102.8331158386299,0.04636794514481433,False,28.0183765435258,79.81473929510409,0.18190057526226155,0.34619633268448524,0.1642957574222237,exact 95% beta posterior quantiles; NaN where the prior is capped and the posterior carries no player information
003004,shooting_pct,7.0,37.0,0.1891891891891892,0.2504297807676522,0.06124059157846301,0.2724645296899632,102.8331158386299,0.2646011266937562,False,35.018376543525804,104.81473929510409,0.18242181398090906,0.32519735585083254,0.14277554186992347,exact 95% beta posterior quantiles; NaN where the prior is capped and the posterior carries no player information
003005,shooting_pct,7.0,21.0,0.3333333333333333,0.2827868483028332,-0.05054648503050013,0.2724645296899632,102.8331158386299,0.1695830703910062,False,35.018376543525804,88.81473929510409,0.20729520372697152,0.3649231011804659,0.15762789745349437,exact 95% beta posterior quantiles; NaN where the prior is capped and the posterior carries no player information
003006,shooting_pct,8.0,30.0,0.26666666666666666,0.27115509800494425,0.0044884313382775876,0.2724645296899632,102.8331158386299,0.22584729576354287,False,36.018376543525804,96.81473929510409,0.1992741901485715,0.349561743583763,0.1502875534351915,exact 95% beta posterior quantiles; NaN where the prior is capped and the posterior carries no player information
003007,shooting_pct,3.0,12.0,0.25,0.270116998193401,0.020116998193401014,0.2724645296899632,102.8331158386299,0.10449947223293228,False,31.0183765435258,83.81473929510409,0.1932641669700388,0.35455233018728904,0.16128816321725026,exact 95% beta posterior quantiles; NaN where the prior is capped and the posterior carries no player information
003008,shooting_pct,1.0,2.0,0.5,0.27680543797051615,-0.22319456202948385,0.2724645296899632,102.8331158386299,0.019077941011298467,False,29.0183765435258,75.81473929510409,0.19584015515283681,0.36583503484143876,0.16999487968860194,exact 95% beta posterior quantiles; NaN where the prior is capped and the posterior carries no player information
003009,shooting_pct,4.0,24.0,0.16666666666666666,0.2524449260101981,0.08577825934353142,0.2724645296899632,102.8331158386299,0.18922502882082676,False,32.018376543525804,94.81473929510409,0.18102827956317924,0.3312536683806684,0.15022538881748915,exact 95% beta posterior quantiles; NaN where the prior is capped and the posterior carries no player information
003010,shooting_pct,90.0,235.0,0.3829787234042553,0.34933927732501724,-0.03363944607923808,0.2724645296899632,102.8331158386299,0.6956097226189354,True,118.0183765435258,219.8147392951041,0.2994571525196079,0.4009111149061937,0.10145396238658577,exact 95% beta posterior quantiles; NaN where the prior is capped and the posterior carries no player information
003011,shooting_pct,2.0,6.0,0.3333333333333333,0.27582024379449854,-0.05751308953883477,0.2724645296899632,102.8331158386299,0.05513027862674059,False,30.0183765435258,78.81473929510409,0.19636978706694208,0.3630729448341299,0.1667031577671878,exact 95% beta posterior quantiles; NaN where the prior is capped and the posterior carries no player information
003013,shooting_pct,51.0,198.0,0.25757575757575757,0.2626651534796857,0.005089395903928151,0.2724645296899632,102.8331158386299,0.6581722209938128,True,79.0183765435258,221.8147392951041,0.21456357932765968,0.3137553728010971,0.09919179347343743,exact 95% beta posterior quantiles; NaN where the prior is capped and the posterior carries no player information
003015,shooting_pct,1.0,3.0,0.3333333333333333,0.2741899481422418,-0.059143385191091524,0.2724645296899632,102.8331158386299,0.028346514946930978,False,29.0183765435258,76.81473929510409,0.193880259845173,0.3625812169339042,0.16870095708873123,exact 95% beta posterior quantiles; NaN where the prior is capped and the posterior carries no player information
003016,shooting_pct,22.0,99.0,0.2222222222222222,0.24782046462343976,0.025598242401217552,0.2724645296899632,102.8331158386299,0.4905042445024369,False,50.018376543525804,151.8147392951041,0.19086761827929877,0.30950590819702484,0.11863828991772607,exact 95% beta posterior quantiles; NaN where the prior is capped and the posterior carries no player information
003017,shooting_pct,22.0,69.0,0.3188405797101449,0.29108694386068473,-0.027753635849460168,0.2724645296899632,102.8331158386299,0.40155239962475303,False,50.018376543525804,121.81473929510409,0.2257788303832058,0.3610009904077742,0.13522216002456844,exact 95% beta posterior quantiles; NaN where the prior is capped and the posterior carries no player information
003018,shooting_pct,3.0,22.0,0.13636363636363635,0.24847874969028924,0.11211511332665289,0.2724645296899632,102.8331158386299,0.1762352870246314,False,31.0183765435258,93.81473929510409,0.17699089521192946,0.32759715282008983,0.15060625760816038,exact 95% beta posterior quantiles; NaN where the prior is capped and the posterior carries no player information
003019,shooting_pct,23.0,117.0,0.19658119658119658,0.2320777574793427,0.03549656089814612,0.2724645296899632,102.8331158386299,0.5322219063932329,True,51.018376543525804,168.8147392951041,0.1787960551737342,0.2899755157122854,0.11117946053855121,exact 95% beta posterior quantiles; NaN where the prior is capped and the posterior carries no player information
003020,shooting_pct,0.0,1.0,0.0,0.26984046772775255,0.26984046772775255,0.2724645296899632,102.8331158386299,0.009630838792838785,False,28.0183765435258,75.81473929510409,0.18932056808262132,0.35875591353396885,0.16943534545134753,exact 95% beta posterior quantiles; NaN where the prior is capped and the posterior carries no player information
003021,shooting_pct,4.0,14.0,0.2857142857142857,0.2740522352219866,-0.011662050492299125,0.2724645296899632,102.8331158386299,0.11982903904862749,False,32.018376543525804,84.81473929510409,0.19738882550154813,0.3580410221184138,0.1606521966168657,exact 95% beta posterior quantiles; NaN where the prior is capped and the posterior carries no player information
003022,shooting_pct,25.0,114.0,0.21929824561403508,0.2445123584488948,0.02521411283485972,0.2724645296899632,102.8331158386299,0.5257499508739261,True,53.018376543525804,163.8147392951041,0.1897565510298591,0.3037311657972168,0.11397461476735771,exact 95% beta posterior quantiles; NaN where the prior is capped and the posterior carries no player information
003023,shooting_pct,5.0,31.0,0.16129032258064516,0.24671305257017187,0.08542272998952671,0.2724645296899632,102.8331158386299,0.23163175874481198,False,33.018376543525804,100.81473929510409,0.17771227934281342,0.3228813221503515,0.14516904280753806,exact 95% beta posterior quantiles; NaN where the prior is capped and the posterior carries no player information
003024,shooting_pct,13.0,57.0,0.22807017543859648,0.2566325277981731,0.028562352359576604,0.2724645296899632,102.8331158386299,0.356621965985748,False,41.018376543525804,118.81473929510409,0.1921494516718667,0.3268829020380508,0.13473345036618412,exact 95% beta posterior quantiles; NaN where the prior is capped and the posterior carries no player information
003025,shooting_pct,19.0,67.0,0.2835820895522388,0.2768504617686058,-0.00673162778363301,0.2724645296899632,102.8331158386299,0.3945049213114673,False,47.018376543525804,122.81473929510409,0.2123611114511732,0.3463172292395029,0.13395611778832972,exact 95% beta posterior quantiles; NaN where the prior is capped and the posterior carries no player information
003027,shooting_pct,20.0,59.0,0.3389830508474576,0.29671539285820087,-0.042267657989256746,0.2724645296899632,102.8331158386299,0.3645730955265744,False,48.018376543525804,113.81473929510409,0.2290533783088904,0.3691362824465614,0.140082904137671,exact 95% beta posterior quantiles; NaN where the prior is capped and the posterior carries no player information
003028,shooting_pct,0.0,5.0,0.0,0.25983090932339137,0.25983090932339137,0.2724645296899632,102.8331158386299,0.04636794514481433,False,28.0183765435258,79.81473929510409,0.18190057526226155,0.34619633268448524,0.1642957574222237,exact 95% beta posterior quantiles; NaN where the prior is capped and the posterior carries no player information
003029,shooting_pct,2.0,10.0,0.2,0.26604225470877774,0.06604225470877773,0.2724645296899632,102.8331158386299,0.08862646330091302,False,30.0183765435258,82.81473929510409,0.18901728492346592,0.35092060969327576,0.16190332476980984,exact 95% beta posterior quantiles; NaN where the prior is capped and the posterior carries no player information
003031,shooting_pct,29.0,96.0,0.3020833333333333,0.28676499034396813,-0.015318342989365186,0.2724645296899632,102.8331158386299,0.4828169573015806,False,57.018376543525804,141.8147392951041,0.22618404994136654,0.35140874082571827,0.12522469088435173,exact 95% beta posterior quantiles; NaN where the prior is capped and the posterior carries no player information
003032,shooting_pct,8.0,17.0,0.47058823529411764,0.3005711425548594,-0.17001709273925825,0.2724645296899632,102.8331158386299,0.1418639570625252,False,36.018376543525804,83.81473929510409,0.22216188700986095,0.3852852509880904,0.16312336397822946,exact 95% beta posterior quantiles; NaN where the prior is capped and the posterior carries no player information
003033,shooting_pct,3.0,25.0,0.12,0.2426474262168642,0.1226474262168642,0.2724645296899632,102.8331158386299,0.19556747745677064,False,31.0183765435258,96.81473929510409,0.17263153308886103,0.32028724989504553,0.1476557168061845,exact 95% beta posterior quantiles; NaN where the prior is capped and the posterior carries no player information
003039,shooting_pct,4.0,16.0,0.25,0.26943984694472994,0.019439846944729944,0.2724645296899632,102.8331158386299,0.1346426026708522,False,32.018376543525804,86.81473929510409,0.19388356312992983,0.3523450281645637,0.15846146503463387,exact 95% beta posterior quantiles; NaN where the prior is capped and the posterior carries no player information
003041,shooting_pct,6.0,23.0,0.2608695652173913,0.27034518152718584,0.009475616309794543,0.2724645296899632,102.8331158386299,0.18278177288000652,False,34.018376543525804,91.81473929510409,0.19669514769339003,0.35090821419726126,0.15421306650387123,exact 95% beta posterior quantiles; NaN where the prior is capped and the posterior carries no player information
003045,shooting_pct,0.0,1.0,0.0,0.26984046772775255,0.26984046772775255,0.2724645296899632,102.8331158386299,0.009630838792838785,False,28.0183765435258,75.81473929510409,0.18932056808262132,0.35875591353396885,0.16943534545134753,exact 95% beta posterior quantiles; NaN where the prior is capped and the posterior carries no player information
003047,shooting_pct,0.0,2.0,0.0,0.26726646746486693,0.26726646746486693,0.2724645296899632,102.8331158386299,0.019077941011298467,False,28.0183765435258,76.81473929510409,0.1874091992212925,0.3555320394516457,0.16812284023035318,exact 95% beta posterior quantiles; NaN where the prior is capped and the posterior carries no player information
003048,shooting_pct,67.0,245.0,0.27346938775510204,0.27317231228669914,-0.00029707546840290755,0.2724645296899632,102.8331158386299,0.7043607662522356,True,95.0183765435258,252.8147392951041,0.22768829608685337,0.3211268090235535,0.09343851293670014,exact 95% beta posterior quantiles; NaN where the prior is capped and the posterior carries no player information
003049,shooting_pct,0.0,1.0,0.0,0.26984046772775255,0.26984046772775255,0.2724645296899632,102.8331158386299,0.009630838792838785,False,28.0183765435258,75.81473929510409,0.18932056808262132,0.35875591353396885,0.16943534545134753,exact 95% beta posterior quantiles; NaN where the prior is capped and the posterior carries no player information
003052,shooting_pct,0.0,3.0,0.0,0.26474110982659815,0.26474110982659815,0.2724645296899632,102.8331158386299,0.028346514946930978,False,28.0183765435258,77.81473929510409,0.18553616732242517,0.3523651305877138,0.16682896326528862,exact 95% beta posterior quantiles; NaN where the prior is capped and the posterior carries no player information
003054,shooting_pct,2.0,4.0,0.5,0.28098381581295623,-0.21901618418704377,0.2724645296899632,102.8331158386299,0.037441573884655306,False,30.0183765435258,76.81473929510409,0.20026562092243694,0.3694675060978625,0.16920188517542556,exact 95% beta posterior quantiles; NaN where the prior is capped and the posterior carries no player information
003059,shooting_pct,0.0,3.0,0.0,0.26474110982659815,0.26474110982659815,0.2724645296899632,102.8331158386299,0.028346514946930978,False,28.0183765435258,77.81473929510409,0.18553616732242517,0.3523651305877138,0.16682896326528862,exact 95% beta posterior quantiles; NaN where the prior is capped and the posterior carries no player information
003066,shooting_pct,0.0,3.0,0.0,0.26474110982659815,0.26474110982659815,0.2724645296899632,102.8331158386299,0.028346514946930978,False,28.0183765435258,77.81473929510409,0.18553616732242517,0.3523651305877138,0.16682896326528862,exact 95% beta posterior quantiles; NaN where the prior is capped and the posterior carries no player information
003068,shooting_pct,2.0,12.0,0.16666666666666666,0.26140870884065665,0.09474204217398999,0.2724645296899632,102.8331158386299,0.10449947223293228,False,30.0183765435258,84.81473929510409,0.18554436074919067,0.3451422454381827,0.15959788468899205,exact 95% beta posterior quantiles; NaN where the prior is capped and the posterior carries no player information
003069,shooting_pct,0.0,2.0,0.0,0.26726646746486693,0.26726646746486693,0.2724645296899632,102.8331158386299,0.019077941011298467,False,28.0183765435258,76.81473929510409,0.1874091992212925,0.3555320394516457,0.16812284023035318,exact 95% beta posterior quantiles; NaN where the prior is capped and the posterior carries no player information
003070,shooting_pct,2.0,16.0,0.125,0.2526095216108734,0.1276095216108734,0.2724645296899632,102.8331158386299,0.1346426026708522,False,30.0183765435258,88.81473929510409,0.17896889414987527,0.3341344272776041,0.15516553312772885,exact 95% beta posterior quantiles; NaN where the prior is capped and the posterior carries no player information
003072,shooting_pct,1.0,11.0,0.09090909090909091,0.25492033956675947,0.16401124865766856,0.2724645296899632,102.8331158386299,0.09663268829075738,False,29.0183765435258,84.81473929510409,0.17951264497241937,0.3384817433252465,0.15896909835282713,exact 95% beta posterior quantiles; NaN where the prior is capped and the posterior carries no player information
003075,shooting_pct,67.0,294.0,0.22789115646258504,0.23944165129143236,0.011550494828847319,0.2724645296899632,102.8331158386299,0.7408655887467657,True,95.0183765435258,301.8147392951041,0.1987876299826894,0.28258292921236716,0.08379529922967777,exact 95% beta posterior quantiles; NaN where the prior is capped and the posterior carries no player information
003076,shooting_pct,51.0,129.0,0.3953488372093023,0.3408416276410116,-0.05450720956829069,0.2724645296899632,102.8331158386299,0.5564347420055034,True,79.0183765435258,152.8147392951041,0.28132519804057665,0.40295926816179417,0.12163407012121752,exact 95% beta posterior quantiles; NaN where the prior is capped and the posterior carries no player information
003077,shooting_pct,3.0,15.0,0.2,0.2632398907791325,0.0632398907791325,0.2724645296899632,102.8331158386299,0.1272986790958002,False,31.0183765435258,86.81473929510409,0.1880754333396908,0.34601452146307565,0.15793908812338486,exact 95% beta posterior quantiles; NaN where the prior is capped and the posterior carries no player information
003078,shooting_pct,34.0,157.0,0.21656050955414013,0.23868542061452433,0.022124911060384195,0.2724645296899632,102.8331158386299,0.6042339887788025,True,62.018376543525804,197.8147392951041,0.18892611368210055,0.2922541444131639,0.10332803073106334,exact 95% beta posterior quantiles; NaN where the prior is capped and the posterior carries no player information
003079,shooting_pct,0.0,5.0,0.0,0.25983090932339137,0.25983090932339137,0.2724645296899632,102.8331158386299,0.04636794514481433,False,28.0183765435258,79.81473929510409,0.18190057526226155,0.34619633268448524,0.1642957574222237,exact 95% beta posterior quantiles; NaN where the prior is capped and the posterior carries no player information
003080,shooting_pct,47.0,179.0,0.26256983240223464,0.26618013401405716,0.0036103016118225195,0.2724645296899632,102.8331158386299,0.6351276338387807,True,75.0183765435258,206.8147392951041,0.21630123830982484,0.3192019227135461,0.10290068440372124,exact 95% beta posterior quantiles; NaN where the prior is capped and the posterior carries no player information
003081,shooting_pct,38.0,142.0,0.2676056338028169,0.26964643372442587,0.0020407999216089934,0.2724645296899632,102.8331158386299,0.579986900520404,True,66.0183765435258,178.8147392951041,0.21602358380914666,0.32683349362923764,0.11080990982009098,exact 95% beta posterior quantiles; NaN where the prior is capped and the posterior carries no player information
003082,shooting_pct,8.0,39.0,0.20512820512820512,0.25394899019567174,0.04882078506746662,0.2724645296899632,102.8331158386299,0.2749710444517915,False,36.018376543525804,105.81473929510409,0.1860149723070208,0.3284535293059889,0.14243855699896812,exact 95% beta posterior quantiles; NaN where the prior is capped and the posterior carries no player information
003083,shooting_pct,10.0,46.0,0.21739130434782608,0.25544299284002536,0.03805168849219928,0.2724645296899632,102.8331158386299,0.30907100036711466,False,38.018376543525804,110.81473929510409,0.1888763254682999,0.3282332998642232,0.13935697439592332,exact 95% beta posterior quantiles; NaN where the prior is capped and the posterior carries no player information
003084,shooting_pct,19.0,79.0,0.24050632911392406,0.2585798319886508,0.018073502874726755,0.2724645296899632,102.8331158386299,0.43446431435574995,False,47.018376543525804,134.8147392951041,0.19773822641582228,0.32445060907048173,0.12671238265465945,exact 95% beta posterior quantiles; NaN where the prior is capped and the posterior carries no player information
003085,shooting_pct,32.0,163.0,0.19631901840490798,0.22577464193723357,0.029455623532325587,0.2724645296899632,102.8331158386299,0.6131666458702112,True,60.018376543525804,205.8147392951041,0.17763166889199056,0.27782480118912645,0.10019313229713589,exact 95% beta posterior quantiles; NaN where the prior is capped and the posterior carries no player information
003086,shooting_pct,5.0,26.0,0.19230769230769232,0.2562879608134528,0.06398026850576047,0.2724645296899632,102.8331158386299,0.20181146618053028,False,33.018376543525804,95.81473929510409,0.18496082790079527,0.3347797261958476,0.14981889829505235,exact 95% beta posterior quantiles; NaN where the prior is capped and the posterior carries no player information
003087,shooting_pct,9.0,19.0,0.47368421052631576,0.3038449463326317,-0.16983926419368406,0.2724645296899632,102.8331158386299,0.155951030794992,False,37.018376543525804,84.81473929510409,0.22574622530373745,0.3880433389276732,0.16229711362393573,exact 95% beta posterior quantiles; NaN where the prior is capped and the posterior carries no player information
003088,shooting_pct,10.0,39.0,0.2564102564102564,0.26805006939832776,0.011639812988071374,0.2724645296899632,102.8331158386299,0.2749710444517915,False,38.018376543525804,103.81473929510409,0.19866425814689137,0.34363043509074487,0.1449661769438535,exact 95% beta posterior quantiles; NaN where the prior is capped and the posterior carries no player information
003089,shooting_pct,0.0,3.0,0.0,0.26474110982659815,0.26474110982659815,0.2724645296899632,102.8331158386299,0.028346514946930978,False,28.0183765435258,77.81473929510409,0.18553616732242517,0.3523651305877138,0.16682896326528862,exact 95% beta posterior quantiles; NaN where the prior is capped and the posterior carries no player information
003090,shooting_pct,19.0,47.0,0.40425531914893614,0.3138049708194318,-0.09045034832950433,0.2724645296899632,102.8331158386299,0.31368232407726837,False,47.018376543525804,102.81473929510409,0.2422373263107147,0.39008083372027613,0.14784350740956143,exact 95% beta posterior quantiles; NaN where the prior is capped and the posterior carries no player information
003091,shooting_pct,8.0,37.0,0.21621621621621623,0.25758116257018615,0.04136494635396992,0.2724645296899632,102.8331158386299,0.2646011266937562,False,36.018376543525804,103.81473929510409,0.18880623966106214,0.33292234005057253,0.1441161003895104,exact 95% beta posterior quantiles; NaN where the prior is capped and the posterior carries no player information
003092,shooting_pct,15.0,73.0,0.2054794520547945,0.24465457680341476,0.039175124748620255,0.2724645296899632,102.8331158386299,0.41516639031179675,False,43.018376543525804,132.8147392951041,0.184165457932977,0.3106439693074208,0.12647851137444377,exact 95% beta posterior quantiles; NaN where the prior is capped and the posterior carries no player information
003093,shooting_pct,44.0,138.0,0.3188405797101449,0.29903851176256707,-0.01980206794757783,0.2724645296899632,102.8331158386299,0.5730108981045066,True,72.0183765435258,168.8147392951041,0.2429828074236866,0.3582555823086295,0.11527277488494292,exact 95% beta posterior quantiles; NaN where the prior is capped and the posterior carries no player information
003094,shooting_pct,30.0,108.0,0.2777777777777778,0.2751862595814058,-0.002591518196371989,0.2724645296899632,102.8331158386299,0.5122534928652404,True,58.018376543525804,152.8147392951041,0.21714977259398438,0.3372622125025373,0.12011243990855291,exact 95% beta posterior quantiles; NaN where the prior is capped and the posterior carries no player information
003095,shooting_pct,0.0,1.0,0.0,0.26984046772775255,0.26984046772775255,0.2724645296899632,102.8331158386299,0.009630838792838785,False,28.0183765435258,75.81473929510409,0.18932056808262132,0.35875591353396885,0.16943534545134753,exact 95% beta posterior quantiles; NaN where the prior is capped and the posterior carries no player information
003096,shooting_pct,0.0,3.0,0.0,0.26474110982659815,0.26474110982659815,0.2724645296899632,102.8331158386299,0.028346514946930978,False,28.0183765435258,77.81473929510409,0.18553616732242517,0.3523651305877138,0.16682896326528862,exact 95% beta posterior quantiles; NaN where the prior is capped and the posterior carries no player information
003097,shooting_pct,0.0,1.0,0.0,0.26984046772775255,0.26984046772775255,0.2724645296899632,102.8331158386299,0.009630838792838785,False,28.0183765435258,75.81473929510409,0.18932056808262132,0.35875591353396885,0.16943534545134753,exact 95% beta posterior quantiles; NaN where the prior is capped and the posterior carries no player information
003098,shooting_pct,11.0,58.0,0.1896551724137931,0.24260163300370585,0.05294646058991276,0.2724645296899632,102.8331158386299,0.3606222493270207,False,39.018376543525804,121.81473929510409,0.17972864108742215,0.3115359519433696,0.13180731085594743,exact 95% beta posterior quantiles; NaN where the prior is capped and the posterior carries no player information
003099,shooting_pct,6.0,17.0,0.35294117647058826,0.2838812652533858,-0.06905991121720245,0.2724645296899632,102.8331158386299,0.1418639570625252,False,34.018376543525804,85.81473929510409,0.20710149916703813,0.36749283914105035,0.16039133997401223,exact 95% beta posterior quantiles; NaN where the prior is capped and the posterior carries no player information
003100,shooting_pct,45.0,130.0,0.34615384615384615,0.3136082093843248,-0.032545636769521324,0.2724645296899632,102.8331158386299,0.5583398200542029,True,73.0183765435258,159.8147392951041,0.2557264794304501,0.37452297072741203,0.1187964912969619,exact 95% beta posterior quantiles; NaN where the prior is capped and the posterior carries no player information
003101,shooting_pct,2.0,8.0,0.25,0.2708430266205975,0.020843026620597505,0.2724645296899632,102.8331158386299,0.07218059277199958,False,30.0183765435258,80.81473929510409,0.19262315562809817,0.35689419085974805,0.16427103523164988,exact 95% beta posterior quantiles; NaN where the prior is capped and the posterior carries no player information
003102,shooting_pct,0.0,2.0,0.0,0.26726646746486693,0.26726646746486693,0.2724645296899632,102.8331158386299,0.019077941011298467,False,28.0183765435258,76.81473929510409,0.1874091992212925,0.3555320394516457,0.16812284023035318,exact 95% beta posterior quantiles; NaN where the prior is capped and the posterior carries no player information
003103,shooting_pct,3.0,18.0,0.16666666666666666,0.2567042679338849,0.09003760126721824,0.2724645296899632,102.8331158386299,0.14896578537326327,False,31.0183765435258,89.81473929510409,0.18315885393531062,0.33787544365623035,0.15471658972091973,exact 95% beta posterior quantiles; NaN where the prior is capped and the posterior carries no player information
003104,shooting_pct,5.0,31.0,0.16129032258064516,0.24671305257017187,0.08542272998952671,0.2724645296899632,102.8331158386299,0.23163175874481198,False,33.018376543525804,100.81473929510409,0.17771227934281342,0.3228813221503515,0.14516904280753806,exact 95% beta posterior quantiles; NaN where the prior is capped and the posterior carries no player information
003106,shooting_pct,41.0,112.0,0.36607142857142855,0.321265072538297,-0.044806356033131545,0.2724645296899632,102.8331158386299,0.5213348955201481,True,69.0183765435258,145.8147392951041,0.26062003991683014,0.38506229521590285,0.12444225529907271,exact 95% beta posterior quantiles; NaN where the prior is capped and the posterior carries no player information
003115,shooting_pct,5.0,14.0,0.35714285714285715,0.28261145229688855,-0.0745314048459686,0.2724645296899632,102.8331158386299,0.11982903904862749,False,33.018376543525804,83.81473929510409,0.20504145111772232,0.36722975785960443,0.16218830674188212,exact 95% beta posterior quantiles; NaN where the prior is capped and the posterior carries no player information
003119,shooting_pct,3.0,27.0,0.1111111111111111,0.2389095905398948,0.1277984794287837,0.2724645296899632,102.8331158386299,0.20795927006449114,False,31.0183765435258,98.81473929510409,0.16984296633745544,0.3155915350362193,0.14574856869876385,exact 95% beta posterior quantiles; NaN where the prior is capped and the posterior carries no player information
003120,shooting_pct,4.0,29.0,0.13793103448275862,0.24287051352649391,0.1049394790437353,0.2724645296899632,102.8331158386299,0.21997507845826383,False,32.018376543525804,99.81473929510409,0.17382716163410805,0.319300194241805,0.14547303260769695,exact 95% beta posterior quantiles; NaN where the prior is capped and the posterior carries no player information
003121,shooting_pct,6.0,22.0,0.2727272727272727,0.2725108342845572,-0.00021643844271551638,0.2724645296899632,102.8331158386299,0.1762352870246314,False,34.018376543525804,90.81473929510409,0.1983560517837759,0.3535683695517946,0.1552123177680187,exact 95% beta posterior quantiles; NaN where the prior is capped and the posterior carries no player information
003126,shooting_pct,0.0,1.0,0.0,0.26984046772775255,0.26984046772775255,0.2724645296899632,102.8331158386299,0.009630838792838785,False,28.0183765435258,75.81473929510409,0.18932056808262132,0.35875591353396885,0.16943534545134753,exact 95% beta posterior quantiles; NaN where the prior is capped and the posterior carries no player information
003128,shooting_pct,0.0,2.0,0.0,0.26726646746486693,0.26726646746486693,0.2724645296899632,102.8331158386299,0.019077941011298467,False,28.0183765435258,76.81473929510409,0.1874091992212925,0.3555320394516457,0.16812284023035318,exact 95% beta posterior quantiles; NaN where the prior is capped and the posterior carries no player information
003136,shooting_pct,0.0,4.0,0.0,0.2622630288706286,0.2622630288706286,0.2724645296899632,102.8331158386299,0.037441573884655306,False,28.0183765435258,78.81473929510409,0.18370032627717592,0.34925370538257994,0.16555337910540402,exact 95% beta posterior quantiles; NaN where the prior is capped and the posterior carries no player information
003142,shooting_pct,4.0,15.0,0.26666666666666666,0.2717264693855192,0.005059802718852535,0.2724645296899632,102.8331158386299,0.1272986790958002,False,32.018376543525804,85.81473929510409,0.19562043916084804,0.35517036632518284,0.1595499271643348,exact 95% beta posterior quantiles; NaN where the prior is capped and the posterior carries no player information
003143,shooting_pct,3.0,11.0,0.2727272727272727,0.2724899192559881,-0.00023735347128461814,0.2724645296899632,102.8331158386299,0.09663268829075738,False,31.0183765435258,82.81473929510409,0.19505818086327054,0.35749192812363617,0.16243374726036564,exact 95% beta posterior quantiles; NaN where the prior is capped and the posterior carries no player information
003145,shooting_pct,0.0,1.0,0.0,0.26984046772775255,0.26984046772775255,0.2724645296899632,102.8331158386299,0.009630838792838785,False,28.0183765435258,75.81473929510409,0.18932056808262132,0.35875591353396885,0.16943534545134753,exact 95% beta posterior quantiles; NaN where the prior is capped and the posterior carries no player information
003149,shooting_pct,5.0,22.0,0.22727272727272727,0.2645001394198012,0.03722741214707395,0.2724645296899632,102.8331158386299,0.1762352870246314,False,33.018376543525804,91.81473929510409,0.1912011556851212,0.34494453671504743,0.15374338102992624,exact 95% beta posterior quantiles; NaN where the prior is capped and the posterior carries no player information
003151,shooting_pct,1.0,7.0,0.14285714285714285,0.26420425499136774,0.12134711213422489,0.2724645296899632,102.8331158386299,0.06373305488560126,False,29.0183765435258,80.81473929510409,0.18641911671147682,0.350120459072059,0.1637013423605822,exact 95% beta posterior quantiles; NaN where the prior is capped and the posterior carries no player information
003153,shooting_pct,5.0,19.0,0.2631578947368421,0.2710131503757913,0.007855255638949232,0.2724645296899632,102.8331158386299,0.155951030794992,False,33.018376543525804,88.81473929510409,0.19616585984476842,0.35297960459138267,0.15681374474661425,exact 95% beta posterior quantiles; NaN where the prior is capped and the posterior carries no player information
003156,shooting_pct,18.0,92.0,0.1956521739130435,0.23619381307662513,0.04054163916358164,0.2724645296899632,102.8331158386299,0.4721989873436033,False,46.018376543525804,148.8147392951041,0.17937557797995396,0.2981403201993089,0.11876474221935496,exact 95% beta posterior quantiles; NaN where the prior is capped and the posterior carries no player information
003157,shooting_pct,14.0,54.0,0.25925925925925924,0.26791775651999233,0.008658497260733089,0.2724645296899632,102.8331158386299,0.3443150364720302,False,42.018376543525804,114.81473929510409,0.201764037105022,0.3396768905513454,0.13791285344632342,exact 95% beta posterior quantiles; NaN where the prior is capped and the posterior carries no player information
003159,shooting_pct,49.0,131.0,0.37404580152671757,0.3293732637796128,-0.04467253774710478,0.2724645296899632,102.8331158386299,0.5602286037637378,True,77.0183765435258,156.8147392951041,0.2707111453928519,0.390800107474206,0.12008896208135411,exact 95% beta posterior quantiles; NaN where the prior is capped and the posterior carries no player information
003160,shooting_pct,36.0,116.0,0.3103448275862069,0.2925442810526616,-0.01780054653354529,0.2724645296899632,102.8331158386299,0.5300843044502449,True,64.0183765435258,154.8147392951041,0.23428060169680975,0.35439949939609505,0.1201188976992853,exact 95% beta posterior quantiles; NaN where the prior is capped and the posterior carries no player information
003161,shooting_pct,14.0,55.0,0.2545454545454545,0.26622028159468003,0.011674827049225511,0.2724645296899632,102.8331158386299,0.3484693291883848,False,42.018376543525804,115.81473929510409,0.20042519227718003,0.33762596335145645,0.13720077107427642,exact 95% beta posterior quantiles; NaN where the prior is capped and the posterior carries no player information
003162,shooting_pct,37.0,150.0,0.24666666666666667,0.2571592583031078,0.010492591636441145,0.2724645296899632,102.8331158386299,0.5932767133864582,True,65.0183765435258,187.8147392951041,0.2052785491978284,0.3126783463812899,0.10739979718346149,exact 95% beta posterior quantiles; NaN where the prior is capped and the posterior carries no player information
003163,shooting_pct,0.0,2.0,0.0,0.26726646746486693,0.26726646746486693,0.2724645296899632,102.8331158386299,0.019077941011298467,False,28.0183765435258,76.81473929510409,0.1874091992212925,0.3555320394516457,0.16812284023035318,exact 95% beta posterior quantiles; NaN where the prior is capped and the posterior carries no player information
003164,shooting_pct,38.0,138.0,0.2753623188405797,0.27412499445367544,-0.0012373243869042705,0.2724645296899632,102.8331158386299,0.5730108981045066,True,66.0183765435258,174.8147392951041,0.2197512940329034,0.3320517055981327,0.1123004115652293,exact 95% beta posterior quantiles; NaN where the prior is capped and the posterior carries no player information
003165,shooting_pct,54.0,145.0,0.3724137931034483,0.3309419577201698,-0.04147183538327848,0.2724645296899632,102.8331158386299,0.5850711254197885,True,82.0183765435258,165.8147392951041,0.2738291317655239,0.39063934885780327,0.11681021709227934,exact 95% beta posterior quantiles; NaN where the prior is capped and the posterior carries no player information
003166,shooting_pct,30.0,102.0,0.29411764705882354,0.2832470536123339,-0.010870593446489663,0.2724645296899632,102.8331158386299,0.4979663546218614,False,58.018376543525804,146.8147392951041,0.2237853033875581,0.34671762728248723,0.12293232389492914,exact 95% beta posterior quantiles; NaN where the prior is capped and the posterior carries no player information
003167,shooting_pct,19.0,54.0,0.35185185185185186,0.2997987784155507,-0.05205307343630117,0.2724645296899632,102.8331158386299,0.3443150364720302,False,47.018376543525804,109.81473929510409,0.2308657584071625,0.3735679617675487,0.1427022033603862,exact 95% beta posterior quantiles; NaN where the prior is capped and the posterior carries no player information
003168,shooting_pct,52.0,171.0,0.30409356725146197,0.29221584941786477,-0.011877717833597201,0.2724645296899632,102.8331158386299,0.6244679336036568,True,80.0183765435258,193.8147392951041,0.2399421332811471,0.3473643034521956,0.10742217017104849,exact 95% beta posterior quantiles; NaN where the prior is capped and the posterior carries no player information
003169,shooting_pct,0.0,4.0,0.0,0.2622630288706286,0.2622630288706286,0.2724645296899632,102.8331158386299,0.037441573884655306,False,28.0183765435258,78.81473929510409,0.18370032627717592,0.34925370538257994,0.16555337910540402,exact 95% beta posterior quantiles; NaN where the prior is capped and the posterior carries no player information
003170,shooting_pct,14.0,83.0,0.1686746987951807,0.2261081204709116,0.0574334216757309,0.2724645296899632,102.8331158386299,0.4466372940336097,False,42.018376543525804,143.8147392951041,0.16903388613718562,0.28876407668576576,0.11973019054858014,exact 95% beta posterior quantiles; NaN where the prior is capped and the posterior carries no player information
003171,shooting_pct,0.0,3.0,0.0,0.26474110982659815,0.26474110982659815,0.2724645296899632,102.8331158386299,0.028346514946930978,False,28.0183765435258,77.81473929510409,0.18553616732242517,0.3523651305877138,0.16682896326528862,exact 95% beta posterior quantiles; NaN where the prior is capped and the posterior carries no player information
003172,shooting_pct,2.0,22.0,0.09090909090909091,0.2404680548255333,0.14955896391644238,0.2724645296899632,102.8331158386299,0.1762352870246314,False,30.0183765435258,94.81473929510409,0.1699376218894031,0.31887149743852206,0.14893387554911897,exact 95% beta posterior quantiles; NaN where the prior is capped and the posterior carries no player information
003173,shooting_pct,2.0,5.0,0.4,0.2783780873813171,-0.12162191261868294,0.2724645296899632,102.8331158386299,0.04636794514481433,False,30.0183765435258,77.81473929510409,0.19829849983216263,0.3662425568618346,0.16794405702967197,exact 95% beta posterior quantiles; NaN where the prior is capped and the posterior carries no player information
003174,shooting_pct,36.0,117.0,0.3076923076923077,0.2912135248563686,-0.01647878283593912,0.2724645296899632,102.8331158386299,0.5322219063932329,True,64.0183765435258,155.8147392951041,0.23316946814884432,0.3528557019017171,0.1196862337528728,exact 95% beta posterior quantiles; NaN where the prior is capped and the posterior carries no player information
003176,shooting_pct,0.0,5.0,0.0,0.25983090932339137,0.25983090932339137,0.2724645296899632,102.8331158386299,0.04636794514481433,False,28.0183765435258,79.81473929510409,0.18190057526226155,0.34619633268448524,0.1642957574222237,exact 95% beta posterior quantiles; NaN where the prior is capped and the posterior carries no player information
003177,shooting_pct,0.0,1.0,0.0,0.26984046772775255,0.26984046772775255,0.2724645296899632,102.8331158386299,0.009630838792838785,False,28.0183765435258,75.81473929510409,0.18932056808262132,0.35875591353396885,0.16943534545134753,exact 95% beta posterior quantiles; NaN where the prior is capped and the posterior carries no player information
003178,shooting_pct,4.0,7.0,0.5714285714285714,0.29151842137091116,-0.27991015005766023,0.2724645296899632,102.8331158386299,0.06373305488560126,False,32.018376543525804,77.81473929510409,0.21072708026622422,0.3795004171843175,0.16877333691809326,exact 95% beta posterior quantiles; NaN where the prior is capped and the posterior carries no player information
003179,shooting_pct,5.0,21.0,0.23809523809523808,0.266636079694166,0.02854084159892789,0.2724645296899632,102.8331158386299,0.1695830703910062,False,33.018376543525804,90.81473929510409,0.19282780555658974,0.3475822318869177,0.154754426330328,exact 95% beta posterior quantiles; NaN where the prior is capped and the posterior carries no player information
003180,shooting_pct,3.0,8.0,0.375,0.27986560071709743,-0.09513439928290257,0.2724645296899632,102.8331158386299,0.07218059277199958,False,31.0183765435258,79.81473929510409,0.2006465493759606,0.3666081207047682,0.16596157132880762,exact 95% beta posterior quantiles; NaN where the prior is capped and the posterior carries no player information
003181,shooting_pct,5.0,21.0,0.23809523809523808,0.266636079694166,0.02854084159892789,0.2724645296899632,102.8331158386299,0.1695830703910062,False,33.018376543525804,90.81473929510409,0.19282780555658974,0.3475822318869177,0.154754426330328,exact 95% beta posterior quantiles; NaN where the prior is capped and the posterior carries no player information
003182,shooting_pct,0.0,1.0,0.0,0.26984046772775255,0.26984046772775255,0.2724645296899632,102.8331158386299,0.009630838792838785,False,28.0183765435258,75.81473929510409,0.18932056808262132,0.35875591353396885,0.16943534545134753,exact 95% beta posterior quantiles; NaN where the prior is capped and the posterior carries no player information
003183,shooting_pct,1.0,3.0,0.3333333333333333,0.2741899481422418,-0.059143385191091524,0.2724645296899632,102.8331158386299,0.028346514946930978,False,29.0183765435258,76.81473929510409,0.193880259845173,0.3625812169339042,0.16870095708873123,exact 95% beta posterior quantiles; NaN where the prior is capped and the posterior carries no player information
003184,shooting_pct,3.0,11.0,0.2727272727272727,0.2724899192559881,-0.00023735347128461814,0.2724645296899632,102.8331158386299,0.09663268829075738,False,31.0183765435258,82.81473929510409,0.19505818086327054,0.35749192812363617,0.16243374726036564,exact 95% beta posterior quantiles; NaN where the prior is capped and the posterior carries no player information
003186,shooting_pct,17.0,70.0,0.24285714285714285,0.26047309466756574,0.017615951810422886,0.2724645296899632,102.8331158386299,0.40501497447605644,False,45.018376543525804,127.81473929510409,0.19797333303722553,0.3282224118884187,0.1302490788511932,exact 95% beta posterior quantiles; NaN where the prior is capped and the posterior carries no player information
003188,shooting_pct,2.0,7.0,0.2857142857142857,0.27330897711788216,-0.012405308596403541,0.2724645296899632,102.8331158386299,0.06373305488560126,False,30.0183765435258,79.81473929510409,0.19447836410836317,0.35995727314730175,0.16547890903893858,exact 95% beta posterior quantiles; NaN where the prior is capped and the posterior carries no player information
003190,shooting_pct,0.0,1.0,0.0,0.26984046772775255,0.26984046772775255,0.2724645296899632,102.8331158386299,0.009630838792838785,False,28.0183765435258,75.81473929510409,0.18932056808262132,0.35875591353396885,0.16943534545134753,exact 95% beta posterior quantiles; NaN where the prior is capped and the posterior carries no player information
003192,shooting_pct,35.0,142.0,0.24647887323943662,0.25739318934723426,0.01091431610779764,0.2724645296899632,102.8331158386299,0.579986900520404,True,63.018376543525804,181.8147392951041,0.2046893260849174,0.3138506816176232,0.10916135553270578,exact 95% beta posterior quantiles; NaN where the prior is capped and the posterior carries no player information
003194,shooting_pct,0.0,1.0,0.0,0.26984046772775255,0.26984046772775255,0.2724645296899632,102.8331158386299,0.009630838792838785,False,28.0183765435258,75.81473929510409,0.18932056808262132,0.35875591353396885,0.16943534545134753,exact 95% beta posterior quantiles; NaN where the prior is capped and the posterior carries no player information
003195,shooting_pct,24.0,55.0,0.43636363636363634,0.3295783414471136,-0.10678529491652272,0.2724645296899632,102.8331158386299,0.3484693291883848,False,52.018376543525804,105.81473929510409,0.2586415662954096,0.40460628250730224,0.14596471621189266,exact 95% beta posterior quantiles; NaN where the prior is capped and the posterior carries no player information
003199,shooting_pct,0.0,1.0,0.0,0.26984046772775255,0.26984046772775255,0.2724645296899632,102.8331158386299,0.009630838792838785,False,28.0183765435258,75.81473929510409,0.18932056808262132,0.35875591353396885,0.16943534545134753,exact 95% beta posterior quantiles; NaN where the prior is capped and the posterior carries no player information
003203,shooting_pct,4.0,16.0,0.25,0.26943984694472994,0.019439846944729944,0.2724645296899632,102.8331158386299,0.1346426026708522,False,32.018376543525804,86.81473929510409,0.19388356312992983,0.3523450281645637,0.15846146503463387,exact 95% beta posterior quantiles; NaN where the prior is capped and the posterior carries no player information
003206,shooting_pct,0.0,6.0,0.0,0.2574434842522517,0.2574434842522517,0.2724645296899632,102.8331158386299,0.05513027862674059,False,28.0183765435258,80.81473929510409,0.18013585687731393,0.34319162942119874,0.1630557725438848,exact 95% beta posterior quantiles; NaN where the prior is capped and the posterior carries no player information
003208,shooting_pct,0.0,4.0,0.0,0.2622630288706286,0.2622630288706286,0.2724645296899632,102.8331158386299,0.037441573884655306,False,28.0183765435258,78.81473929510409,0.18370032627717592,0.34925370538257994,0.16555337910540402,exact 95% beta posterior quantiles; NaN where the prior is capped and the posterior carries no player information
003209,shooting_pct,0.0,4.0,0.0,0.2622630288706286,0.2622630288706286,0.2724645296899632,102.8331158386299,0.037441573884655306,False,28.0183765435258,78.81473929510409,0.18370032627717592,0.34925370538257994,0.16555337910540402,exact 95% beta posterior quantiles; NaN where the prior is capped and the posterior carries no player information
003211,shooting_pct,20.0,56.0,0.35714285714285715,0.3023196786765246,-0.054823178466332556,0.2724645296899632,102.8331158386299,0.35257131174643996,False,48.018376543525804,110.81473929510409,0.23360230968683027,0.3757522387604695,0.14214992907363921,exact 95% beta posterior quantiles; NaN where the prior is capped and the posterior carries no player information
003212,shooting_pct,3.0,7.0,0.42857142857142855,0.28241369924439663,-0.14615772932703192,0.2724645296899632,102.8331158386299,0.06373305488560126,False,31.0183765435258,78.81473929510409,0.20258145630941726,0.369750151730841,0.16716869542142376,exact 95% beta posterior quantiles; NaN where the prior is capped and the posterior carries no player information
003228,shooting_pct,0.0,1.0,0.0,0.26984046772775255,0.26984046772775255,0.2724645296899632,102.8331158386299,0.009630838792838785,False,28.0183765435258,75.81473929510409,0.18932056808262132,0.35875591353396885,0.16943534545134753,exact 95% beta posterior quantiles; NaN where the prior is capped and the posterior carries no player information
003232,shooting_pct,2.0,2.0,1.0,0.2863444084761654,-0.7136555915238346,0.2724645296899632,102.8331158386299,0.019077941011298467,False,30.0183765435258,74.81473929510409,0.20431979119894095,0.3760892451100517,0.17176945391111076,exact 95% beta posterior quantiles; NaN where the prior is capped and the posterior carries no player information
003238,shooting_pct,0.0,3.0,0.0,0.26474110982659815,0.26474110982659815,0.2724645296899632,102.8331158386299,0.028346514946930978,False,28.0183765435258,77.81473929510409,0.18553616732242517,0.3523651305877138,0.16682896326528862,exact 95% beta posterior quantiles; NaN where the prior is capped and the posterior carries no player information
003242,shooting_pct,0.0,1.0,0.0,0.26984046772775255,0.26984046772775255,0.2724645296899632,102.8331158386299,0.009630838792838785,False,28.0183765435258,75.81473929510409,0.18932056808262132,0.35875591353396885,0.16943534545134753,exact 95% beta posterior quantiles; NaN where the prior is capped and the posterior carries no player information
003248,shooting_pct,18.0,60.0,0.3,0.2826106735507703,-0.01738932644922969,0.2724645296899632,102.8331158386299,0.36847541540297557,False,46.018376543525804,116.81473929510409,0.21631634395453148,0.35396249635959975,0.13764615240506828,exact 95% beta posterior quantiles; NaN where the prior is capped and the posterior carries no player information
003249,shooting_pct,1.0,10.0,0.1,0.2571796083786865,0.15717960837868647,0.2724645296899632,102.8331158386299,0.08862646330091302,False,29.0183765435258,83.81473929510409,0.18119068854139186,0.34131879950291477,0.1601281109615229,exact 95% beta posterior quantiles; NaN where the prior is capped and the posterior carries no player information
003250,shooting_pct,11.0,38.0,0.2894736842105263,0.2770539891216639,-0.012419695088862426,0.2724645296899632,102.8331158386299,0.26982290190569486,False,39.018376543525804,101.81473929510409,0.2065552961139474,0.35354936934891157,0.14699407323496416,exact 95% beta posterior quantiles; NaN where the prior is capped and the posterior carries no player information
003251,shooting_pct,0.0,1.0,0.0,0.26984046772775255,0.26984046772775255,0.2724645296899632,102.8331158386299,0.009630838792838785,False,28.0183765435258,75.81473929510409,0.18932056808262132,0.35875591353396885,0.16943534545134753,exact 95% beta posterior quantiles; NaN where the prior is capped and the posterior carries no player information
003252,shooting_pct,8.0,44.0,0.18181818181818182,0.245301452181333,0.06348327036315118,0.2724645296899632,102.8331158386299,0.2996599217328886,False,36.018376543525804,110.81473929510409,0.17938591321581043,0.3177865004108753,0.13840058719506487,exact 95% beta posterior quantiles; NaN where the prior is capped and the posterior carries no player information
003253,shooting_pct,0.0,7.0,0.0,0.25509953286485326,0.25509953286485326,0.2724645296899632,102.8331158386299,0.06373305488560126,False,28.0183765435258,81.81473929510409,0.17840515452553518,0.3402382586791646,0.1618331041536294,exact 95% beta posterior quantiles; NaN where the prior is capped and the posterior carries no player information
003254,shooting_pct,2.0,5.0,0.4,0.2783780873813171,-0.12162191261868294,0.2724645296899632,102.8331158386299,0.04636794514481433,False,30.0183765435258,77.81473929510409,0.19829849983216263,0.3662425568618346,0.16794405702967197,exact 95% beta posterior quantiles; NaN where the prior is capped and the posterior carries no player information
003255,shooting_pct,0.0,1.0,0.0,0.26984046772775255,0.26984046772775255,0.2724645296899632,102.8331158386299,0.009630838792838785,False,28.0183765435258,75.81473929510409,0.18932056808262132,0.35875591353396885,0.16943534545134753,exact 95% beta posterior quantiles; NaN where the prior is capped and the posterior carries no player information
003256,shooting_pct,3.0,11.0,0.2727272727272727,0.2724899192559881,-0.00023735347128461814,0.2724645296899632,102.8331158386299,0.09663268829075738,False,31.0183765435258,82.81473929510409,0.19505818086327054,0.35749192812363617,0.16243374726036564,exact 95% beta posterior quantiles; NaN where the prior is capped and the posterior carries no player information
003257,shooting_pct,16.0,40.0,0.4,0.30818046840941926,-0.09181953159058076,0.2724645296899632,102.8331158386299,0.28004710087814105,False,44.018376543525804,98.81473929510409,0.23540877146297134,0.38604019474587403,0.1506314232829027,exact 95% beta posterior quantiles; NaN where the prior is capped and the posterior carries no player information
003259,shooting_pct,0.0,1.0,0.0,0.26984046772775255,0.26984046772775255,0.2724645296899632,102.8331158386299,0.009630838792838785,False,28.0183765435258,75.81473929510409,0.18932056808262132,0.35875591353396885,0.16943534545134753,exact 95% beta posterior quantiles; NaN where the prior is capped and the posterior carries no player information
003260,shooting_pct,0.0,1.0,0.0,0.26984046772775255,0.26984046772775255,0.2724645296899632,102.8331158386299,0.009630838792838785,False,28.0183765435258,75.81473929510409,0.18932056808262132,0.35875591353396885,0.16943534545134753,exact 95% beta posterior quantiles; NaN where the prior is capped and the posterior carries no player information
003261,shooting_pct,4.0,13.0,0.3076923076923077,0.2764181582418229,-0.03127414945048479,0.2724645296899632,102.8331158386299,0.11223042655703604,False,32.018376543525804,83.81473929510409,0.1991895910759922,0.36095808338723145,0.16176849231123924,exact 95% beta posterior quantiles; NaN where the prior is capped and the posterior carries no player information
003266,shooting_pct,6.0,27.0,0.2222222222222222,0.26201617610261607,0.03979395388039386,0.2724645296899632,102.8331158386299,0.20795927006449114,False,34.018376543525804,95.81473929510409,0.19032150119892322,0.3406535175454337,0.1503320163465105,exact 95% beta posterior quantiles; NaN where the prior is capped and the posterior carries no player information
003267,shooting_pct,19.0,57.0,0.3333333333333333,0.2941716821124623,-0.03916165122087101,0.2724645296899632,102.8331158386299,0.356621965985748,False,47.018376543525804,112.81473929510409,0.226313824969111,0.3669081972038839,0.1405943722347729,exact 95% beta posterior quantiles; NaN where the prior is capped and the posterior carries no player information
003268,shooting_pct,1.0,6.0,0.16666666666666666,0.26663186402337513,0.09996519735670847,0.2724645296899632,102.8331158386299,0.05513027862674059,False,29.0183765435258,79.81473929510409,0.1882298587297555,0.35315530133084394,0.16492544260108843,exact 95% beta posterior quantiles; NaN where the prior is capped and the posterior carries no player information
003269,shooting_pct,1.0,11.0,0.09090909090909091,0.25492033956675947,0.16401124865766856,0.2724645296899632,102.8331158386299,0.09663268829075738,False,29.0183765435258,84.81473929510409,0.17951264497241937,0.3384817433252465,0.15896909835282713,exact 95% beta posterior quantiles; NaN where the prior is capped and the posterior carries no player information
003270,shooting_pct,3.0,37.0,0.08108108108108109,0.22182425355751637,0.14074317247643528,0.2724645296899632,102.8331158386299,0.2646011266937562,False,31.0183765435258,108.81473929510409,0.15715317250578664,0.2940278585010674,0.13687468599528074,exact 95% beta posterior quantiles; NaN where the prior is capped and the posterior carries no player information
003271,shooting_pct,0.0,1.0,0.0,0.26984046772775255,0.26984046772775255,0.2724645296899632,102.8331158386299,0.009630838792838785,False,28.0183765435258,75.81473929510409,0.18932056808262132,0.35875591353396885,0.16943534545134753,exact 95% beta posterior quantiles; NaN where the prior is capped and the posterior carries no player information
003273,shooting_pct,9.0,29.0,0.3103448275862069,0.28079725119171184,-0.029547576394495068,0.2724645296899632,102.8331158386299,0.21997507845826383,False,37.018376543525804,94.81473929510409,0.20769643297535367,0.36019663719343953,0.15250020421808586,exact 95% beta posterior quantiles; NaN where the prior is capped and the posterior carries no player information
003275,shooting_pct,2.0,19.0,0.10526315789473684,0.24638930340816095,0.14112614551342412,0.2724645296899632,102.8331158386299,0.155951030794992,False,30.0183765435258,91.81473929510409,0.17433605113183148,0.32632570902933367,0.15198965789750218,exact 95% beta posterior quantiles; NaN where the prior is capped and the posterior carries no player information
003277,shooting_pct,16.0,63.0,0.25396825396825395,0.2654377946221521,0.011469540653898158,0.2724645296899632,102.8331158386299,0.37989999573610195,False,44.018376543525804,121.81473929510409,0.20123806697665714,0.3349953621800523,0.1337572952033952,exact 95% beta posterior quantiles; NaN where the prior is capped and the posterior carries no player information
003278,shooting_pct,5.0,12.0,0.4166666666666667,0.28753357689888975,-0.12913308976777693,0.2724645296899632,102.8331158386299,0.10449947223293228,False,33.018376543525804,81.81473929510409,0.2088216081901919,0.37325444267480634,0.16443283448461443,exact 95% beta posterior quantiles; NaN where the prior is capped and the posterior carries no player information
003279,shooting_pct,0.0,8.0,0.0,0.2527978784275976,0.2527978784275976,0.2724645296899632,102.8331158386299,0.07218059277199958,False,28.0183765435258,82.81473929510409,0.17670749095850624,0.33733492795727216,0.16062743699876592,exact 95% beta posterior quantiles; NaN where the prior is capped and the posterior carries no player information
003280,shooting_pct,20.0,64.0,0.3125,0.28782281204872895,-0.02467718795127105,0.2724645296899632,102.8331158386299,0.383616883724118,False,48.018376543525804,118.81473929510409,0.2218544946226757,0.3586091425677296,0.13675464794505388,exact 95% beta posterior quantiles; NaN where the prior is capped and the posterior carries no player information
003281,shooting_pct,7.0,23.0,0.30434782608695654,0.2782922151306644,-0.026055610956292163,0.2724645296899632,102.8331158386299,0.18278177288000652,False,35.018376543525804,90.81473929510409,0.20382001777761616,0.35943854905781336,0.1556185312801972,exact 95% beta posterior quantiles; NaN where the prior is capped and the posterior carries no player information
003282,shooting_pct,1.0,4.0,0.25,0.27162342234179243,0.02162342234179243,0.2724645296899632,102.8331158386299,0.037441573884655306,False,29.0183765435258,77.81473929510409,0.1919593416096177,0.35938428944791667,0.16742494783829898,exact 95% beta posterior quantiles; NaN where the prior is capped and the posterior carries no player information
003283,shooting_pct,1.0,3.0,0.3333333333333333,0.2741899481422418,-0.059143385191091524,0.2724645296899632,102.8331158386299,0.028346514946930978,False,29.0183765435258,76.81473929510409,0.193880259845173,0.3625812169339042,0.16870095708873123,exact 95% beta posterior quantiles; NaN where the prior is capped and the posterior carries no player information
003284,shooting_pct,1.0,2.0,0.5,0.27680543797051615,-0.22319456202948385,0.2724645296899632,102.8331158386299,0.019077941011298467,False,29.0183765435258,75.81473929510409,0.19584015515283681,0.36583503484143876,0.16999487968860194,exact 95% beta posterior quantiles; NaN where the prior is capped and the posterior carries no player information
003285,shooting_pct,12.0,50.0,0.24,0.2618436215471752,0.02184362154717523,0.2724645296899632,102.8331158386299,0.32715422783628195,False,40.018376543525804,112.81473929510409,0.19546464676386677,0.3341250144003425,0.1386603676364757,exact 95% beta posterior quantiles; NaN where the prior is capped and the posterior carries no player information
003286,shooting_pct,0.0,1.0,0.0,0.26984046772775255,0.26984046772775255,0.2724645296899632,102.8331158386299,0.009630838792838785,False,28.0183765435258,75.81473929510409,0.18932056808262132,0.35875591353396885,0.16943534545134753,exact 95% beta posterior quantiles; NaN where the prior is capped and the posterior carries no player information
003287,shooting_pct,0.0,1.0,0.0,0.26984046772775255,0.26984046772775255,0.2724645296899632,102.8331158386299,0.009630838792838785,False,28.0183765435258,75.81473929510409,0.18932056808262132,0.35875591353396885,0.16943534545134753,exact 95% beta posterior quantiles; NaN where the prior is capped and the posterior carries no player information
003288,shooting_pct,10.0,35.0,0.2857142857142857,0.2758290437839072,-0.009885241930378486,0.2724645296899632,102.8331158386299,0.2539302676794795,False,38.018376543525804,99.81473929510409,0.20472830146900378,0.35309058622806333,0.14836228475905955,exact 95% beta posterior quantiles; NaN where the prior is capped and the posterior carries no player information
003289,shooting_pct,2.0,11.0,0.18181818181818182,0.2637051294113738,0.08188694759319198,0.2724645296899632,102.8331158386299,0.09663268829075738,False,30.0183765435258,83.81473929510409,0.187264670006698,0.3480076226114761,0.1607429526047781,exact 95% beta posterior quantiles; NaN where the prior is capped and the posterior carries no player information
003290,shooting_pct,1.0,6.0,0.16666666666666666,0.26663186402337513,0.09996519735670847,0.2724645296899632,102.8331158386299,0.05513027862674059,False,29.0183765435258,79.81473929510409,0.1882298587297555,0.35315530133084394,0.16492544260108843,exact 95% beta posterior quantiles; NaN where the prior is capped and the posterior carries no player information
003292,shooting_pct,1.0,1.0,1.0,0.2794713065205913,-0.7205286934794086,0.2724645296899632,102.8331158386299,0.009630838792838785,False,29.0183765435258,74.81473929510409,0.19784023103420623,0.3691472576756496,0.17130702664144337,exact 95% beta posterior quantiles; NaN where the prior is capped and the posterior carries no player information
003293,shooting_pct,0.0,4.0,0.0,0.2622630288706286,0.2622630288706286,0.2724645296899632,102.8331158386299,0.037441573884655306,False,28.0183765435258,78.81473929510409,0.18370032627717592,0.34925370538257994,0.16555337910540402,exact 95% beta posterior quantiles; NaN where the prior is capped and the posterior carries no player information
003296,shooting_pct,1.0,4.0,0.25,0.27162342234179243,0.02162342234179243,0.2724645296899632,102.8331158386299,0.037441573884655306,False,29.0183765435258,77.81473929510409,0.1919593416096177,0.35938428944791667,0.16742494783829898,exact 95% beta posterior quantiles; NaN where the prior is capped and the posterior carries no player information
003297,shooting_pct,3.0,18.0,0.16666666666666666,0.2567042679338849,0.09003760126721824,0.2724645296899632,102.8331158386299,0.14896578537326327,False,31.0183765435258,89.81473929510409,0.18315885393531062,0.33787544365623035,0.15471658972091973,exact 95% beta posterior quantiles; NaN where the prior is capped and the posterior carries no player information
003298,shooting_pct,10.0,17.0,0.5882352941176471,0.3172610198563329,-0.27097427426131415,0.2724645296899632,102.8331158386299,0.1418639570625252,False,38.018376543525804,81.81473929510409,0.23735179551295005,0.40294795579393394,0.1655961602809839,exact 95% beta posterior quantiles; NaN where the prior is capped and the posterior carries no player information
003300,shooting_pct,2.0,10.0,0.2,0.26604225470877774,0.06604225470877773,0.2724645296899632,102.8331158386299,0.08862646330091302,False,30.0183765435258,82.81473929510409,0.18901728492346592,0.35092060969327576,0.16190332476980984,exact 95% beta posterior quantiles; NaN where the prior is capped and the posterior carries no player information
003302,shooting_pct,1.0,6.0,0.16666666666666666,0.26663186402337513,0.09996519735670847,0.2724645296899632,102.8331158386299,0.05513027862674059,False,29.0183765435258,79.81473929510409,0.1882298587297555,0.35315530133084394,0.16492544260108843,exact 95% beta posterior quantiles; NaN where the prior is capped and the posterior carries no player information
000204,one_point_pct,2.0,6.0,0.3333333333333333,0.29321058509926834,-0.040122748234064975,0.2912767884092967,124.48903788739304,0.04598087392733914,False,38.260767148003104,92.22827073938993,0.21857194005860947,0.3738527353561949,0.15528079529758543,exact 95% beta posterior quantiles; NaN where the prior is capped and the posterior carries no player information
000207,one_point_pct,1.0,1.0,1.0,0.2969244786260842,-0.7030755213739158,0.2912767884092967,124.48903788739304,0.00796882354694077,False,37.260767148003104,88.22827073938993,0.22054465240216814,0.3794349915406201,0.15889033913845196,exact 95% beta posterior quantiles; NaN where the prior is capped and the posterior carries no player information
000211,one_point_pct,13.0,44.0,0.29545454545454547,0.29236778704217986,-0.003086758412365609,0.2912767884092967,124.48903788739304,0.2611445857350476,False,49.260767148003104,119.22827073938993,0.22634088943595998,0.36306325186160393,0.13672236242564395,exact 95% beta posterior quantiles; NaN where the prior is capped and the posterior carries no player information
000213,one_point_pct,1.0,1.0,1.0,0.2969244786260842,-0.7030755213739158,0.2912767884092967,124.48903788739304,0.00796882354694077,False,37.260767148003104,88.22827073938993,0.22054465240216814,0.3794349915406201,0.15889033913845196,exact 95% beta posterior quantiles; NaN where the prior is capped and the posterior carries no player information
000216,one_point_pct,106.0,303.0,0.34983498349834985,0.33278225764815217,-0.01705272585019768,0.2912767884092967,124.48903788739304,0.7087901048817413,True,142.2607671480031,285.2282707393899,0.2889337857195642,0.3781127630791161,0.08917897735955194,exact 95% beta posterior quantiles; NaN where the prior is capped and the posterior carries no player information
000221,one_point_pct,43.0,152.0,0.28289473684210525,0.28666875096973654,0.0037740141276312866,0.2912767884092967,124.48903788739304,0.5497505476578994,True,79.26076714800311,197.22827073938993,0.23497998030507006,0.3412806114938576,0.10630063118878752,exact 95% beta posterior quantiles; NaN where the prior is capped and the posterior carries no player information
000222,one_point_pct,4.0,9.0,0.4444444444444444,0.3016035457680485,-0.14284089867639593,0.2912767884092967,124.48903788739304,0.06742126651322564,False,40.260767148003104,93.22827073938993,0.2270142440975178,0.3818235030339565,0.1548092589364387,exact 95% beta posterior quantiles; NaN where the prior is capped and the posterior carries no player information
000223,one_point_pct,1.0,2.0,0.5,0.2945770461245387,-0.20542295387546128,0.2912767884092967,124.48903788739304,0.015811646869988066,False,37.260767148003104,89.22827073938993,0.2187020177661907,0.37660452592535876,0.15790250815916806,exact 95% beta posterior quantiles; NaN where the prior is capped and the posterior carries no player information
000225,one_point_pct,55.0,188.0,0.2925531914893617,0.29204469943963085,-0.0005084920497308576,0.2912767884092967,124.48903788739304,0.6016211041225284,True,91.26076714800311,221.22827073938993,0.24301682508667,0.3435937810281757,0.10057695594150573,exact 95% beta posterior quantiles; NaN where the prior is capped and the posterior carries no player information
000227,one_point_pct,38.0,138.0,0.2753623188405797,0.28290997500574006,0.0075476561651603435,0.2912767884092967,124.48903788739304,0.5257362406852265,True,74.26076714800311,188.22827073938993,0.23015246223076247,0.3388006903405767,0.10864822810981423,exact 95% beta posterior quantiles; NaN where the prior is capped and the posterior carries no player information
000231,one_point_pct,25.0,77.0,0.3246753246753247,0.3040401988630277,-0.020635125812296984,0.2912767884092967,124.48903788739304,0.38215478522972196,False,61.260767148003104,140.22827073938993,0.24261074388050474,0.36915432367823087,0.12654357979772612,exact 95% beta posterior quantiles; NaN where the prior is capped and the posterior carries no player information
000234,one_point_pct,53.0,109.0,0.48623853211009177,0.38229104010892256,-0.1039474920011692,0.2912767884092967,124.48903788739304,0.46683133814859634,False,89.26076714800311,144.22827073938993,0.3211102797940839,0.4453820659255143,0.12427178613143042,exact 95% beta posterior quantiles; NaN where the prior is capped and the posterior carries no player information
000235,one_point_pct,1.0,8.0,0.125,0.2812366044930623,0.15623660449306231,0.2912767884092967,124.48903788739304,0.060382354099359326,False,37.260767148003104,95.22827073938993,0.20826417379430495,0.360463881137548,0.15219970734324306,exact 95% beta posterior quantiles; NaN where the prior is capped and the posterior carries no player information
000238,one_point_pct,4.0,21.0,0.19047619047619047,0.2767271523175822,0.08625096184139175,0.2912767884092967,124.48903788739304,0.14434077168242584,False,40.260767148003104,105.22827073938993,0.20733572737663053,0.3519318957987707,0.14459616842214018,exact 95% beta posterior quantiles; NaN where the prior is capped and the posterior carries no player information
000240,one_point_pct,112.0,359.0,0.31197771587743733,0.30664762906689474,-0.005330086810542589,0.2912767884092967,124.48903788739304,0.7425194200237749,True,148.2607671480031,335.2282707393899,0.2663698728720192,0.3484405099588912,0.08207063708687201,exact 95% beta posterior quantiles; NaN where the prior is capped and the posterior carries no player information
000242,one_point_pct,2.0,4.0,0.5,0.2977745633174917,-0.2022254366825083,0.2912767884092967,124.48903788739304,0.031131060406145886,False,38.260767148003104,90.22827073938993,0.22216698285774328,0.3793446689087432,0.1571776860509999,exact 95% beta posterior quantiles; NaN where the prior is capped and the posterior carries no player information
000246,one_point_pct,9.0,41.0,0.21951219512195122,0.2734970710192948,0.053984875897343604,0.2912767884092967,124.48903788739304,0.24775054905992286,False,45.260767148003104,120.22827073938993,0.20850366799277253,0.3436752013221849,0.13517153332941234,exact 95% beta posterior quantiles; NaN where the prior is capped and the posterior carries no player information
000251,one_point_pct,3.0,4.0,0.75,0.30555732841902816,-0.44444267158097184,0.2912767884092967,124.48903788739304,0.031131060406145886,False,39.260767148003104,89.22827073938993,0.22925341679365374,0.387594524101587,0.15834110730793327,exact 95% beta posterior quantiles; NaN where the prior is capped and the posterior carries no player information
000254,one_point_pct,20.0,77.0,0.2597402597402597,0.27922495306888995,0.01948469332863023,0.2912767884092967,124.48903788739304,0.38215478522972196,False,56.260767148003104,145.22827073938993,0.2196005641890224,0.3430002506065648,0.1233996864175424,exact 95% beta posterior quantiles; NaN where the prior is capped and the posterior carries no player information
000256,one_point_pct,1.0,8.0,0.125,0.2812366044930623,0.15623660449306231,0.2912767884092967,124.48903788739304,0.060382354099359326,False,37.260767148003104,95.22827073938993,0.20826417379430495,0.360463881137548,0.15219970734324306,exact 95% beta posterior quantiles; NaN where the prior is capped and the posterior carries no player information
000258,one_point_pct,1.0,1.0,1.0,0.2969244786260842,-0.7030755213739158,0.2912767884092967,124.48903788739304,0.00796882354694077,False,37.260767148003104,88.22827073938993,0.22054465240216814,0.3794349915406201,0.15889033913845196,exact 95% beta posterior quantiles; NaN where the prior is capped and the posterior carries no player information
000262,one_point_pct,109.0,338.0,0.3224852071005917,0.31408477876911595,-0.008400428331475751,0.2912767884092967,124.48903788739304,0.730828132800623,True,145.2607671480031,317.2282707393899,0.2726148537185509,0.3570777158893179,0.08446286217076704,exact 95% beta posterior quantiles; NaN where the prior is capped and the posterior carries no player information
000266,one_point_pct,14.0,65.0,0.2153846153846154,0.2652436663796424,0.04985905099502702,0.2912767884092967,124.48903788739304,0.3430277588861225,False,50.260767148003104,139.22827073938993,0.20500173643813469,0.33017856258084066,0.12517682614270598,exact 95% beta posterior quantiles; NaN where the prior is capped and the posterior carries no player information
000267,one_point_pct,0.0,12.0,0.0,0.26566798117456997,0.26566798117456997,0.2912767884092967,124.48903788739304,0.08791914856854884,False,36.260767148003104,100.22827073938993,0.19525825741584413,0.3425807395542506,0.14732248213840649,exact 95% beta posterior quantiles; NaN where the prior is capped and the posterior carries no player information
000268,one_point_pct,0.0,1.0,0.0,0.28895565507914345,0.28895565507914345,0.2912767884092967,124.48903788739304,0.00796882354694077,False,36.260767148003104,89.22827073938993,0.21333057023002766,0.3709517089591827,0.15762113872915506,exact 95% beta posterior quantiles; NaN where the prior is capped and the posterior carries no player information
000269,one_point_pct,0.0,1.0,0.0,0.28895565507914345,0.28895565507914345,0.2912767884092967,124.48903788739304,0.00796882354694077,False,36.260767148003104,89.22827073938993,0.21333057023002766,0.3709517089591827,0.15762113872915506,exact 95% beta posterior quantiles; NaN where the prior is capped and the posterior carries no player information
000272,one_point_pct,52.0,193.0,0.2694300518134715,0.2779962663759983,0.008566214562526764,0.2912767884092967,124.48903788739304,0.6078950041369718,True,88.26076714800311,229.22827073938993,0.23016406651004218,0.3284775187203195,0.09831345221027732,exact 95% beta posterior quantiles; NaN where the prior is capped and the posterior carries no player information
000275,one_point_pct,2.0,6.0,0.3333333333333333,0.29321058509926834,-0.040122748234064975,0.2912767884092967,124.48903788739304,0.04598087392733914,False,38.260767148003104,92.22827073938993,0.21857194005860947,0.3738527353561949,0.15528079529758543,exact 95% beta posterior quantiles; NaN where the prior is capped and the posterior carries no player information
000276,one_point_pct,1.0,3.0,0.3333333333333333,0.2922664392597765,-0.04106689407355679,0.2912767884092967,124.48903788739304,0.02353143493521226,False,37.260767148003104,90.22827073938993,0.2168900391261559,0.3738156190083828,0.15692557988222688,exact 95% beta posterior quantiles; NaN where the prior is capped and the posterior carries no player information
000278,one_point_pct,27.0,115.0,0.23478260869565218,0.2641489051275412,0.02936629643188901,0.2912767884092967,124.48903788739304,0.48018899326019515,False,63.260767148003104,176.22827073938993,0.2103656601102557,0.3216627679357771,0.11129710782552138,exact 95% beta posterior quantiles; NaN where the prior is capped and the posterior carries no player information
000279,one_point_pct,3.0,7.0,0.42857142857142855,0.29858585764104495,-0.1299855709303836,0.2912767884092967,124.48903788739304,0.0532363770582517,False,39.260767148003104,92.22827073938993,0.22372831797110848,0.37924654784728773,0.15551822987617925,exact 95% beta posterior quantiles; NaN where the prior is capped and the posterior carries no player information
000280,one_point_pct,1.0,1.0,1.0,0.2969244786260842,-0.7030755213739158,0.2912767884092967,124.48903788739304,0.00796882354694077,False,37.260767148003104,88.22827073938993,0.22054465240216814,0.3794349915406201,0.15889033913845196,exact 95% beta posterior quantiles; NaN where the prior is capped and the posterior carries no player information
000281,one_point_pct,3.0,7.0,0.42857142857142855,0.29858585764104495,-0.1299855709303836,0.2912767884092967,124.48903788739304,0.0532363770582517,False,39.260767148003104,92.22827073938993,0.22372831797110848,0.37924654784728773,0.15551822987617925,exact 95% beta posterior quantiles; NaN where the prior is capped and the posterior carries no player information
000282,one_point_pct,1.0,3.0,0.3333333333333333,0.2922664392597765,-0.04106689407355679,0.2912767884092967,124.48903788739304,0.02353143493521226,False,37.260767148003104,90.22827073938993,0.2168900391261559,0.3738156190083828,0.15692557988222688,exact 95% beta posterior quantiles; NaN where the prior is capped and the posterior carries no player information
000294,one_point_pct,1.0,4.0,0.25,0.2899917982159552,0.03999179821595522,0.2912767884092967,124.48903788739304,0.031131060406145886,False,37.260767148003104,91.22827073938993,0.21510795448557474,0.3710673720052,0.15595941751962528,exact 95% beta posterior quantiles; NaN where the prior is capped and the posterior carries no player information
000295,one_point_pct,18.0,61.0,0.29508196721311475,0.29252816104930046,-0.0025538061638142873,0.2912767884092967,124.48903788739304,0.32886040433846,False,54.260767148003104,131.22827073938993,0.2294552597159054,0.35983851525816135,0.13038325554225594,exact 95% beta posterior quantiles; NaN where the prior is capped and the posterior carries no player information
000298,one_point_pct,6.0,31.0,0.1935483870967742,0.27179258243663995,0.07824419533986576,0.2912767884092967,124.48903788739304,0.19937096801930537,False,42.260767148003104,113.22827073938993,0.20500570864533074,0.3441390392545145,0.13913333060918376,exact 95% beta posterior quantiles; NaN where the prior is capped and the posterior carries no player information
000302,one_point_pct,5.0,18.0,0.2777777777777778,0.2895715190428254,0.01179374126504762,0.2912767884092967,124.48903788739304,0.12632550732937878,False,41.260767148003104,101.22827073938993,0.21830642686109059,0.36643122698296793,0.14812480012187734,exact 95% beta posterior quantiles; NaN where the prior is capped and the posterior carries no player information
000305,one_point_pct,11.0,86.0,0.12790697674418605,0.22452840120484832,0.09662142446066227,0.2912767884092967,124.48903788739304,0.4085723459195442,False,47.260767148003104,163.22827073938993,0.17086680946522392,0.28314651010441594,0.11227970063919201,exact 95% beta posterior quantiles; NaN where the prior is capped and the posterior carries no player information
000308,one_point_pct,3.0,12.0,0.25,0.2876477683167072,0.037647768316707186,0.2912767884092967,124.48903788739304,0.08791914856854884,False,39.260767148003104,97.22827073938993,0.2150909289775882,0.36609845914063044,0.15100753016304225,exact 95% beta posterior quantiles; NaN where the prior is capped and the posterior carries no player information
000310,one_point_pct,0.0,2.0,0.0,0.2866712226895447,0.2866712226895447,0.2912767884092967,124.48903788739304,0.015811646869988066,False,36.260767148003104,90.22827073938993,0.2115500315267127,0.36818135387147777,0.15663132234476507,exact 95% beta posterior quantiles; NaN where the prior is capped and the posterior carries no player information
000314,one_point_pct,1.0,3.0,0.3333333333333333,0.2922664392597765,-0.04106689407355679,0.2912767884092967,124.48903788739304,0.02353143493521226,False,37.260767148003104,90.22827073938993,0.2168900391261559,0.3738156190083828,0.15692557988222688,exact 95% beta posterior quantiles; NaN where the prior is capped and the posterior carries no player information
000322,one_point_pct,1.0,3.0,0.3333333333333333,0.2922664392597765,-0.04106689407355679,0.2912767884092967,124.48903788739304,0.02353143493521226,False,37.260767148003104,90.22827073938993,0.2168900391261559,0.3738156190083828,0.15692557988222688,exact 95% beta posterior quantiles; NaN where the prior is capped and the posterior carries no player information
000327,one_point_pct,30.0,141.0,0.2127659574468085,0.24958004923769234,0.036814091790883824,0.2912767884092967,124.48903788739304,0.5310953744907729,True,66.26076714800311,199.22827073938993,0.19947131202206947,0.3032617896387819,0.10379047761671245,exact 95% beta posterior quantiles; NaN where the prior is capped and the posterior carries no player information
000331,one_point_pct,0.0,1.0,0.0,0.28895565507914345,0.28895565507914345,0.2912767884092967,124.48903788739304,0.00796882354694077,False,36.260767148003104,89.22827073938993,0.21333057023002766,0.3709517089591827,0.15762113872915506,exact 95% beta posterior quantiles; NaN where the prior is capped and the posterior carries no player information
000333,one_point_pct,15.0,77.0,0.19480519480519481,0.25440970727475215,0.059604512469557336,0.2912767884092967,124.48903788739304,0.38215478522972196,False,51.260767148003104,150.22827073938993,0.1968263968883548,0.3166099808004219,0.11978358391206712,exact 95% beta posterior quantiles; NaN where the prior is capped and the posterior carries no player information
000337,one_point_pct,1.0,1.0,1.0,0.2969244786260842,-0.7030755213739158,0.2912767884092967,124.48903788739304,0.00796882354694077,False,37.260767148003104,88.22827073938993,0.22054465240216814,0.3794349915406201,0.15889033913845196,exact 95% beta posterior quantiles; NaN where the prior is capped and the posterior carries no player information
000339,one_point_pct,44.0,197.0,0.2233502538071066,0.24965320023171617,0.026302946424609563,0.2912767884092967,124.48903788739304,0.6127736152204437,True,80.26076714800311,241.22827073938993,0.2039385303214658,0.298317721724743,0.09437919140327722,exact 95% beta posterior quantiles; NaN where the prior is capped and the posterior carries no player information
000345,one_point_pct,4.0,19.0,0.21052631578947367,0.2805842713894203,0.07005795559994665,0.2912767884092967,124.48903788739304,0.1324142964489787,False,40.260767148003104,103.22827073938993,0.21037424632231705,0.35658692647120915,0.1462126801488921,exact 95% beta posterior quantiles; NaN where the prior is capped and the posterior carries no player information
000346,one_point_pct,11.0,32.0,0.34375,0.30200688678277376,-0.041743113217226235,0.2912767884092967,124.48903788739304,0.2044871668456846,False,47.260767148003104,109.22827073938993,0.2328246369434055,0.37598252019961365,0.14315788325620815,exact 95% beta posterior quantiles; NaN where the prior is capped and the posterior carries no player information
000350,one_point_pct,11.0,25.0,0.44,0.3161487144201413,-0.1238512855798587,0.2912767884092967,124.48903788739304,0.1672363429004873,False,47.260767148003104,102.22827073938993,0.24432297152816318,0.39263415391906165,0.14831118239089847,exact 95% beta posterior quantiles; NaN where the prior is capped and the posterior carries no player information
000351,one_point_pct,33.0,120.0,0.275,0.28328782241722955,0.008287822417229529,0.2912767884092967,124.48903788739304,0.49081955181675546,False,69.26076714800311,175.22827073938993,0.2286681786936242,0.34126547756022774,0.11259729886660352,exact 95% beta posterior quantiles; NaN where the prior is capped and the posterior carries no player information
000354,one_point_pct,56.0,228.0,0.24561403508771928,0.2617408124262774,0.016126777338558107,0.2912767884092967,124.48903788739304,0.6468286258389614,True,92.26076714800311,260.2282707393899,0.21723720987210982,0.30880505361710675,0.09156784374499694,exact 95% beta posterior quantiles; NaN where the prior is capped and the posterior carries no player information
000355,one_point_pct,4.0,8.0,0.5,0.30387998728032206,-0.19612001271967794,0.2912767884092967,124.48903788739304,0.060382354099359326,False,40.260767148003104,92.22827073938993,0.2288247911783401,0.38454330278909765,0.15571851161075756,exact 95% beta posterior quantiles; NaN where the prior is capped and the posterior carries no player information
000356,one_point_pct,4.0,11.0,0.36363636363636365,0.29715147273733267,-0.06648489089903098,0.2912767884092967,124.48903788739304,0.08118737996458625,False,40.260767148003104,95.22827073938993,0.22347810739302076,0.37649674687418155,0.1530186394811608,exact 95% beta posterior quantiles; NaN where the prior is capped and the posterior carries no player information
000357,one_point_pct,38.0,139.0,0.2733812949640288,0.28183626819321356,0.008454973229184759,0.2912767884092967,124.48903788739304,0.5275361780303144,True,74.26076714800311,189.22827073938993,0.22924577878438868,0.3375634975673165,0.10831771878292784,exact 95% beta posterior quantiles; NaN where the prior is capped and the posterior carries no player information
000358,one_point_pct,60.0,169.0,0.35502958579881655,0.3279876067634826,-0.027041979035333952,0.2912767884092967,124.48903788739304,0.5758307063749433,True,96.26076714800311,197.22827073938993,0.27552468903013505,0.38267113678739406,0.10714644775725901,exact 95% beta posterior quantiles; NaN where the prior is capped and the posterior carries no player information
000359,one_point_pct,0.0,2.0,0.0,0.2866712226895447,0.2866712226895447,0.2912767884092967,124.48903788739304,0.015811646869988066,False,36.260767148003104,90.22827073938993,0.2115500315267127,0.36818135387147777,0.15663132234476507,exact 95% beta posterior quantiles; NaN where the prior is capped and the posterior carries no player information
000361,one_point_pct,2.0,4.0,0.5,0.2977745633174917,-0.2022254366825083,0.2912767884092967,124.48903788739304,0.031131060406145886,False,38.260767148003104,90.22827073938993,0.22216698285774328,0.3793446689087432,0.1571776860509999,exact 95% beta posterior quantiles; NaN where the prior is capped and the posterior carries no player information
000363,one_point_pct,39.0,122.0,0.319672131147541,0.30533109217776055,-0.01434103896978045,0.2912767884092967,124.48903788739304,0.4949510170741748,False,75.26076714800311,171.22827073938993,0.24951317711384036,0.36414116571540944,0.11462798860156909,exact 95% beta posterior quantiles; NaN where the prior is capped and the posterior carries no player information
000365,one_point_pct,1.0,2.0,0.5,0.2945770461245387,-0.20542295387546128,0.2912767884092967,124.48903788739304,0.015811646869988066,False,37.260767148003104,89.22827073938993,0.2187020177661907,0.37660452592535876,0.15790250815916806,exact 95% beta posterior quantiles; NaN where the prior is capped and the posterior carries no player information
000366,one_point_pct,2.0,12.0,0.16666666666666666,0.2803211726026615,0.11365450593599483,0.2912767884092967,124.48903788739304,0.08791914856854884,False,38.260767148003104,98.22827073938993,0.20845495982212014,0.35828433369169943,0.14982937386957929,exact 95% beta posterior quantiles; NaN where the prior is capped and the posterior carries no player information
000368,one_point_pct,0.0,5.0,0.0,0.280029628295921,0.280029628295921,0.2912767884092967,124.48903788739304,0.038613307207889885,False,36.260767148003104,93.22827073938993,0.20638301814324223,0.36011122810305096,0.15372820995980874,exact 95% beta posterior quantiles; NaN where the prior is capped and the posterior carries no player information
000369,one_point_pct,2.0,4.0,0.5,0.2977745633174917,-0.2022254366825083,0.2912767884092967,124.48903788739304,0.031131060406145886,False,38.260767148003104,90.22827073938993,0.22216698285774328,0.3793446689087432,0.1571776860509999,exact 95% beta posterior quantiles; NaN where the prior is capped and the posterior carries no player information
000373,one_point_pct,90.0,276.0,0.32608695652173914,0.3152664747430723,-0.010820481778666846,0.2912767884092967,124.48903788739304,0.6891574397539538,True,126.26076714800311,274.2282707393899,0.2707229577063117,0.36155761100235395,0.09083465329604223,exact 95% beta posterior quantiles; NaN where the prior is capped and the posterior carries no player information
000376,one_point_pct,0.0,3.0,0.0,0.28442262761470577,0.28442262761470577,0.2912767884092967,124.48903788739304,0.02353143493521226,False,36.260767148003104,91.22827073938993,0.20979907884611748,0.36545173983904533,0.15565266099292785,exact 95% beta posterior quantiles; NaN where the prior is capped and the posterior carries no player information
000385,one_point_pct,45.0,95.0,0.47368421052631576,0.37022699598188247,-0.1034572145444333,0.2912767884092967,124.48903788739304,0.4328234380832219,False,81.26076714800311,138.22827073938993,0.30768079924746417,0.43501355571788736,0.1273327564704232,exact 95% beta posterior quantiles; NaN where the prior is capped and the posterior carries no player information
000390,one_point_pct,25.0,105.0,0.23809523809523808,0.26694419791006696,0.02884895981482888,0.2912767884092967,124.48903788739304,0.457538194271057,False,61.260767148003104,168.22827073938993,0.2118359793385025,0.32589947324595414,0.11406349390745163,exact 95% beta posterior quantiles; NaN where the prior is capped and the posterior carries no player information
000391,one_point_pct,32.0,135.0,0.23703703703703705,0.26305838467683296,0.02602134763979591,0.2912767884092967,124.48903788739304,0.5202531910368566,True,68.26076714800311,191.22827073938993,0.21138413829612546,0.31819165652268566,0.1068075182265602,exact 95% beta posterior quantiles; NaN where the prior is capped and the posterior carries no player information
000395,one_point_pct,62.0,229.0,0.27074235807860264,0.27797401507908975,0.007231657000487113,0.2912767884092967,124.48903788739304,0.6478277271866912,True,98.26076714800311,255.22827073938993,0.23256659184698947,0.32576095874537714,0.09319436689838767,exact 95% beta posterior quantiles; NaN where the prior is capped and the posterior carries no player information
000405,one_point_pct,1.0,3.0,0.3333333333333333,0.2922664392597765,-0.04106689407355679,0.2912767884092967,124.48903788739304,0.02353143493521226,False,37.260767148003104,90.22827073938993,0.2168900391261559,0.3738156190083828,0.15692557988222688,exact 95% beta posterior quantiles; NaN where the prior is capped and the posterior carries no player information
000406,one_point_pct,1.0,5.0,0.2,0.287752289737499,0.08775228973749899,0.2912767884092967,124.48903788739304,0.038613307207889885,False,37.260767148003104,92.22827073938993,0.21335502693546005,0.36835891180089675,0.1550038848654367,exact 95% beta posterior quantiles; NaN where the prior is capped and the posterior carries no player information
000407,one_point_pct,1.0,1.0,1.0,0.2969244786260842,-0.7030755213739158,0.2912767884092967,124.48903788739304,0.00796882354694077,False,37.260767148003104,88.22827073938993,0.22054465240216814,0.3794349915406201,0.15889033913845196,exact 95% beta posterior quantiles; NaN where the prior is capped and the posterior carries no player information
000409,one_point_pct,45.0,139.0,0.3237410071942446,0.3084028383098481,-0.015338168884396486,0.2912767884092967,124.48903788739304,0.5275361780303144,True,81.26076714800311,182.22827073938993,0.25417948424001224,0.3653811528638471,0.11120166862383485,exact 95% beta posterior quantiles; NaN where the prior is capped and the posterior carries no player information
000410,one_point_pct,5.0,11.0,0.45454545454545453,0.30453214364320413,-0.1500133109022504,0.2912767884092967,124.48903788739304,0.08118737996458625,False,41.260767148003104,94.22827073938993,0.2302158267411869,0.3843141946999822,0.15409836795879528,exact 95% beta posterior quantiles; NaN where the prior is capped and the posterior carries no player information
000414,one_point_pct,75.0,321.0,0.2336448598130841,0.24974973048860222,0.016104870675518107,0.2912767884092967,124.48903788739304,0.7205564507765502,True,111.26076714800311,334.2282707393899,0.2106921460654121,0.2909353485738393,0.0802432025084272,exact 95% beta posterior quantiles; NaN where the prior is capped and the posterior carries no player information
000416,one_point_pct,4.0,8.0,0.5,0.30387998728032206,-0.19612001271967794,0.2912767884092967,124.48903788739304,0.060382354099359326,False,40.260767148003104,92.22827073938993,0.2288247911783401,0.38454330278909765,0.15571851161075756,exact 95% beta posterior quantiles; NaN where the prior is capped and the posterior carries no player information
000419,one_point_pct,60.0,220.0,0.2727272727272727,0.27943056690085144,0.006703294173578733,0.2912767884092967,124.48903788739304,0.6386269976808779,True,96.26076714800311,248.22827073938993,0.2333683024335187,0.3279185050923843,0.0945502026588656,exact 95% beta posterior quantiles; NaN where the prior is capped and the posterior carries no player information
000422,one_point_pct,3.0,8.0,0.375,0.29633219301790215,-0.07866780698209785,0.2912767884092967,124.48903788739304,0.060382354099359326,False,39.260767148003104,93.22827073938993,0.22194556533941068,0.37654254914377816,0.15459698380436748,exact 95% beta posterior quantiles; NaN where the prior is capped and the posterior carries no player information
000424,one_point_pct,1.0,2.0,0.5,0.2945770461245387,-0.20542295387546128,0.2912767884092967,124.48903788739304,0.015811646869988066,False,37.260767148003104,89.22827073938993,0.2187020177661907,0.37660452592535876,0.15790250815916806,exact 95% beta posterior quantiles; NaN where the prior is capped and the posterior carries no player information
000425,one_point_pct,3.0,11.0,0.2727272727272727,0.2897708018314612,0.017043529104188493,0.2912767884092967,124.48903788739304,0.08118737996458625,False,39.260767148003104,96.22827073938993,0.21676443293108605,0.36865522476728074,0.1518907918361947,exact 95% beta posterior quantiles; NaN where the prior is capped and the posterior carries no player information
000427,one_point_pct,1.0,6.0,0.16666666666666666,0.28554710611137846,0.1188804394447118,0.2912767884092967,124.48903788739304,0.04598087392733914,False,37.260767148003104,93.22827073938993,0.21163054366479628,0.3656893894949462,0.15405884583014995,exact 95% beta posterior quantiles; NaN where the prior is capped and the posterior carries no player information
000434,one_point_pct,0.0,2.0,0.0,0.2866712226895447,0.2866712226895447,0.2912767884092967,124.48903788739304,0.015811646869988066,False,36.260767148003104,90.22827073938993,0.2115500315267127,0.36818135387147777,0.15663132234476507,exact 95% beta posterior quantiles; NaN where the prior is capped and the posterior carries no player information
000700,one_point_pct,0.0,3.0,0.0,0.28442262761470577,0.28442262761470577,0.2912767884092967,124.48903788739304,0.02353143493521226,False,36.260767148003104,91.22827073938993,0.20979907884611748,0.36545173983904533,0.15565266099292785,exact 95% beta posterior quantiles; NaN where the prior is capped and the posterior carries no player information
000727,one_point_pct,7.0,18.0,0.3888888888888889,0.3036076865238675,-0.0852812023650214,0.2912767884092967,124.48903788739304,0.12632550732937878,False,43.260767148003104,99.22827073938993,0.2311293534876313,0.3813078145904001,0.15017846110276878,exact 95% beta posterior quantiles; NaN where the prior is capped and the posterior carries no player information
000823,one_point_pct,6.0,27.0,0.2222222222222222,0.2789691434928577,0.056746921270635464,0.2912767884092967,124.48903788739304,0.17823071805413418,False,42.260767148003104,109.22827073938993,0.2106882860243786,0.3527771190565545,0.1420888330321759,exact 95% beta posterior quantiles; NaN where the prior is capped and the posterior carries no player information
000886,one_point_pct,26.0,66.0,0.3939393939393939,0.32684698205472773,-0.06709241188466619,0.2912767884092967,124.48903788739304,0.3464766305293414,False,62.260767148003104,128.22827073938993,0.2622234882146586,0.39491455265670083,0.13269106444204226,exact 95% beta posterior quantiles; NaN where the prior is capped and the posterior carries no player information
000921,one_point_pct,16.0,41.0,0.3902439024390244,0.31579594524903776,-0.07444795718998665,0.2912767884092967,124.48903788739304,0.24775054905992286,False,52.260767148003104,113.22827073938993,0.24741118846577592,0.38839795367675833,0.1409867652109824,exact 95% beta posterior quantiles; NaN where the prior is capped and the posterior carries no player information
000922,one_point_pct,1.0,6.0,0.16666666666666666,0.28554710611137846,0.1188804394447118,0.2912767884092967,124.48903788739304,0.04598087392733914,False,37.260767148003104,93.22827073938993,0.21163054366479628,0.3656893894949462,0.15405884583014995,exact 95% beta posterior quantiles; NaN where the prior is capped and the posterior carries no player information
000925,one_point_pct,0.0,8.0,0.0,0.2736888102306424,0.2736888102306424,0.2912767884092967,124.48903788739304,0.060382354099359326,False,36.260767148003104,96.22827073938993,0.20146322951768525,0.35238473923527636,0.1509215097175911,exact 95% beta posterior quantiles; NaN where the prior is capped and the posterior carries no player information
000946,one_point_pct,6.0,27.0,0.2222222222222222,0.2789691434928577,0.056746921270635464,0.2912767884092967,124.48903788739304,0.17823071805413418,False,42.260767148003104,109.22827073938993,0.2106882860243786,0.3527771190565545,0.1420888330321759,exact 95% beta posterior quantiles; NaN where the prior is capped and the posterior carries no player information
000960,one_point_pct,3.0,18.0,0.16666666666666666,0.2755353515617833,0.10886868489511667,0.2912767884092967,124.48903788739304,0.12632550732937878,False,39.260767148003104,103.22827073938993,0.2055702825600747,0.35146775215980597,0.14589746959973127,exact 95% beta posterior quantiles; NaN where the prior is capped and the posterior carries no player information
000978,one_point_pct,33.0,113.0,0.2920353982300885,0.29163774363700756,-0.00039765459308094275,0.2912767884092967,124.48903788739304,0.4758114353622489,False,69.26076714800311,168.22827073938993,0.23568394625908695,0.35091541198198684,0.11523146572289988,exact 95% beta posterior quantiles; NaN where the prior is capped and the posterior carries no player information
001001,one_point_pct,81.0,268.0,0.30223880597014924,0.29876189097960437,-0.003476914990544866,0.2912767884092967,124.48903788739304,0.6828216182610697,True,117.26076714800311,275.2282707393899,0.2545404520642478,0.3449258400069084,0.0903853879426606,exact 95% beta posterior quantiles; NaN where the prior is capped and the posterior carries no player information
001009,one_point_pct,38.0,144.0,0.2638888888888889,0.276587706270335,0.012698817381446126,0.2912767884092967,124.48903788739304,0.536334746226753,True,74.26076714800311,194.22827073938993,0.22481773412437178,0.33151001649093814,0.10669228236656636,exact 95% beta posterior quantiles; NaN where the prior is capped and the posterior carries no player information
001010,one_point_pct,0.0,3.0,0.0,0.28442262761470577,0.28442262761470577,0.2912767884092967,124.48903788739304,0.02353143493521226,False,36.260767148003104,91.22827073938993,0.20979907884611748,0.36545173983904533,0.15565266099292785,exact 95% beta posterior quantiles; NaN where the prior is capped and the posterior carries no player information
001020,one_point_pct,10.0,21.0,0.47619047619047616,0.3179673727982753,-0.15822310339220086,0.2912767884092967,124.48903788739304,0.14434077168242584,False,46.260767148003104,99.22827073938993,0.24506393566844054,0.3956112908490468,0.15054735518060625,exact 95% beta posterior quantiles; NaN where the prior is capped and the posterior carries no player information
001391,one_point_pct,7.0,31.0,0.22580645161290322,0.2782239039856498,0.05241745237274656,0.2912767884092967,124.48903788739304,0.19937096801930537,False,43.260767148003104,112.22827073938993,0.21084919015993364,0.35100170798250474,0.1401525178225711,exact 95% beta posterior quantiles; NaN where the prior is capped and the posterior carries no player information
001397,one_point_pct,2.0,3.0,0.6666666666666666,0.3001102509048473,-0.36655641576181935,0.2912767884092967,124.48903788739304,0.02353143493521226,False,38.260767148003104,89.22827073938993,0.22400940672378056,0.3821510511043016,0.15814164438052103,exact 95% beta posterior quantiles; NaN where the prior is capped and the posterior carries no player information
001402,one_point_pct,0.0,4.0,0.0,0.28220903311441875,0.28220903311441875,0.2912767884092967,124.48903788739304,0.031131060406145886,False,36.260767148003104,92.22827073938993,0.2080769777239766,0.362761983909877,0.15468500618590042,exact 95% beta posterior quantiles; NaN where the prior is capped and the posterior carries no player information
001406,one_point_pct,4.0,9.0,0.4444444444444444,0.3016035457680485,-0.14284089867639593,0.2912767884092967,124.48903788739304,0.06742126651322564,False,40.260767148003104,93.22827073938993,0.2270142440975178,0.3818235030339565,0.1548092589364387,exact 95% beta posterior quantiles; NaN where the prior is capped and the posterior carries no player information
001415,one_point_pct,2.0,6.0,0.3333333333333333,0.29321058509926834,-0.040122748234064975,0.2912767884092967,124.48903788739304,0.04598087392733914,False,38.260767148003104,92.22827073938993,0.21857194005860947,0.3738527353561949,0.15528079529758543,exact 95% beta posterior quantiles; NaN where the prior is capped and the posterior carries no player information
001417,one_point_pct,0.0,2.0,0.0,0.2866712226895447,0.2866712226895447,0.2912767884092967,124.48903788739304,0.015811646869988066,False,36.260767148003104,90.22827073938993,0.2115500315267127,0.36818135387147777,0.15663132234476507,exact 95% beta posterior quantiles; NaN where the prior is capped and the posterior carries no player information
001657,one_point_pct,1.0,8.0,0.125,0.2812366044930623,0.15623660449306231,0.2912767884092967,124.48903788739304,0.060382354099359326,False,37.260767148003104,95.22827073938993,0.20826417379430495,0.360463881137548,0.15219970734324306,exact 95% beta posterior quantiles; NaN where the prior is capped and the posterior carries no player information
001662,one_point_pct,0.0,3.0,0.0,0.28442262761470577,0.28442262761470577,0.2912767884092967,124.48903788739304,0.02353143493521226,False,36.260767148003104,91.22827073938993,0.20979907884611748,0.36545173983904533,0.15565266099292785,exact 95% beta posterior quantiles; NaN where the prior is capped and the posterior carries no player information
001671,one_point_pct,1.0,6.0,0.16666666666666666,0.28554710611137846,0.1188804394447118,0.2912767884092967,124.48903788739304,0.04598087392733914,False,37.260767148003104,93.22827073938993,0.21163054366479628,0.3656893894949462,0.15405884583014995,exact 95% beta posterior quantiles; NaN where the prior is capped and the posterior carries no player information
001707,one_point_pct,13.0,41.0,0.3170731707317073,0.2976678562934336,-0.019405314438273702,0.2912767884092967,124.48903788739304,0.24775054905992286,False,49.260767148003104,116.22827073938993,0.23064856938435696,0.3693191078782547,0.13867053849389777,exact 95% beta posterior quantiles; NaN where the prior is capped and the posterior carries no player information
001719,one_point_pct,1.0,2.0,0.5,0.2945770461245387,-0.20542295387546128,0.2912767884092967,124.48903788739304,0.015811646869988066,False,37.260767148003104,89.22827073938993,0.2187020177661907,0.37660452592535876,0.15790250815916806,exact 95% beta posterior quantiles; NaN where the prior is capped and the posterior carries no player information
001727,one_point_pct,2.0,5.0,0.4,0.29547495117907696,-0.10452504882092306,0.2912767884092967,124.48903788739304,0.038613307207889885,False,38.260767148003104,91.22827073938993,0.2203547403041739,0.37657885151566006,0.15622411121148616,exact 95% beta posterior quantiles; NaN where the prior is capped and the posterior carries no player information
001729,one_point_pct,21.0,85.0,0.24705882352941178,0.27333538654553646,0.026276563016124688,0.2912767884092967,124.48903788739304,0.4057491545008201,False,57.260767148003104,152.22827073938993,0.21526455189450644,0.3355050408572424,0.12024048896273598,exact 95% beta posterior quantiles; NaN where the prior is capped and the posterior carries no player information
001733,one_point_pct,4.0,10.0,0.4,0.29936095744631047,-0.10063904255368955,0.2912767884092967,124.48903788739304,0.07435550255309989,False,40.260767148003104,94.22827073938993,0.22523224042379297,0.37914157667546533,0.15390933625167236,exact 95% beta posterior quantiles; NaN where the prior is capped and the posterior carries no player information
001740,one_point_pct,1.0,2.0,0.5,0.2945770461245387,-0.20542295387546128,0.2912767884092967,124.48903788739304,0.015811646869988066,False,37.260767148003104,89.22827073938993,0.2187020177661907,0.37660452592535876,0.15790250815916806,exact 95% beta posterior quantiles; NaN where the prior is capped and the posterior carries no player information
001746,one_point_pct,9.0,36.0,0.25,0.28201781095952655,0.03201781095952655,0.2912767884092967,124.48903788739304,0.22431438604086693,False,45.260767148003104,115.22827073938993,0.21531592062092386,0.35386503257905133,0.13854911195812747,exact 95% beta posterior quantiles; NaN where the prior is capped and the posterior carries no player information
001760,one_point_pct,0.0,4.0,0.0,0.28220903311441875,0.28220903311441875,0.2912767884092967,124.48903788739304,0.031131060406145886,False,36.260767148003104,92.22827073938993,0.2080769777239766,0.362761983909877,0.15468500618590042,exact 95% beta posterior quantiles; NaN where the prior is capped and the posterior carries no player information
001766,one_point_pct,0.0,1.0,0.0,0.28895565507914345,0.28895565507914345,0.2912767884092967,124.48903788739304,0.00796882354694077,False,36.260767148003104,89.22827073938993,0.21333057023002766,0.3709517089591827,0.15762113872915506,exact 95% beta posterior quantiles; NaN where the prior is capped and the posterior carries no player information
001793,one_point_pct,18.0,65.0,0.27692307692307694,0.28635306692648077,0.009429990003403832,0.2912767884092967,124.48903788739304,0.3430277588861225,False,54.260767148003104,135.22827073938993,0.22439146265969612,0.3525860374502372,0.12819457479054108,exact 95% beta posterior quantiles; NaN where the prior is capped and the posterior carries no player information
001795,one_point_pct,6.0,14.0,0.42857142857142855,0.30515604550856795,-0.1234153830628606,0.2912767884092967,124.48903788739304,0.10109103372776373,False,42.260767148003104,96.22827073938993,0.2315575939428527,0.3840847853280138,0.15252719138516113,exact 95% beta posterior quantiles; NaN where the prior is capped and the posterior carries no player information
001796,one_point_pct,4.0,7.0,0.5714285714285714,0.30619105436365235,-0.26523751706491905,0.2912767884092967,124.48903788739304,0.0532363770582517,False,40.260767148003104,91.22827073938993,0.23066457649110816,0.3873017742007505,0.15663719770964235,exact 95% beta posterior quantiles; NaN where the prior is capped and the posterior carries no player information
001809,one_point_pct,88.0,270.0,0.32592592592592595,0.31499168598817534,-0.010934239937750612,0.2912767884092967,124.48903788739304,0.6844296648797413,True,124.26076714800311,270.2282707393899,0.2701308176328894,0.36162939298083074,0.09149857534794137,exact 95% beta posterior quantiles; NaN where the prior is capped and the posterior carries no player information
001810,one_point_pct,125.0,380.0,0.32894736842105265,0.31965167731552996,-0.009295691105522697,0.2912767884092967,124.48903788739304,0.7532373777461936,True,161.2607671480031,343.2282707393899,0.2796967733593192,0.3609609979612287,0.08126422460190952,exact 95% beta posterior quantiles; NaN where the prior is capped and the posterior carries no player information
001811,one_point_pct,0.0,2.0,0.0,0.2866712226895447,0.2866712226895447,0.2912767884092967,124.48903788739304,0.015811646869988066,False,36.260767148003104,90.22827073938993,0.2115500315267127,0.36818135387147777,0.15663132234476507,exact 95% beta posterior quantiles; NaN where the prior is capped and the posterior carries no player information
001812,one_point_pct,13.0,56.0,0.23214285714285715,0.2729294129139126,0.040786555771055444,0.2912767884092967,124.48903788739304,0.3102681506615286,False,49.260767148003104,131.22827073938993,0.21061200063559227,0.34001263257232495,0.12940063193673268,exact 95% beta posterior quantiles; NaN where the prior is capped and the posterior carries no player information
001813,one_point_pct,4.0,17.0,0.23529411764705882,0.28455043407705877,0.04925631642999995,0.2912767884092967,124.48903788739304,0.12015065091848175,False,40.260767148003104,101.22827073938993,0.21350347265251912,0.3613658309041057,0.14786235825158656,exact 95% beta posterior quantiles; NaN where the prior is capped and the posterior carries no player information
001814,one_point_pct,92.0,304.0,0.3026315789473684,0.2993326685330747,-0.0032989104142936987,0.2912767884092967,124.48903788739304,0.7094697252905948,True,128.2607671480031,300.2282707393899,0.2569362733338494,0.3435033272544388,0.08656705392058939,exact 95% beta posterior quantiles; NaN where the prior is capped and the posterior carries no player information
001815,one_point_pct,36.0,100.0,0.36,0.32188995876159515,-0.038110041238404835,0.2912767884092967,124.48903788739304,0.44545604961860746,False,72.26076714800311,152.22827073938993,0.26248419148032553,0.3843017848848831,0.12181759340455756,exact 95% beta posterior quantiles; NaN where the prior is capped and the posterior carries no player information
001816,one_point_pct,26.0,80.0,0.325,0.30446995003364696,-0.020530049966353048,0.2912767884092967,124.48903788739304,0.3912190150948531,False,62.260767148003104,142.22827073938993,0.24344671351718716,0.3691158434085082,0.12566912989132106,exact 95% beta posterior quantiles; NaN where the prior is capped and the posterior carries no player information
001817,one_point_pct,0.0,2.0,0.0,0.2866712226895447,0.2866712226895447,0.2912767884092967,124.48903788739304,0.015811646869988066,False,36.260767148003104,90.22827073938993,0.2115500315267127,0.36818135387147777,0.15663132234476507,exact 95% beta posterior quantiles; NaN where the prior is capped and the posterior carries no player information
001818,one_point_pct,19.0,53.0,0.3584905660377358,0.3113474939396708,-0.04714307209806501,0.2912767884092967,124.48903788739304,0.29860999096533253,False,55.260767148003104,122.22827073938993,0.2455340402375441,0.3811879683926236,0.13565392815507948,exact 95% beta posterior quantiles; NaN where the prior is capped and the posterior carries no player information
001819,one_point_pct,11.0,23.0,0.4782608695652174,0.3204357952628751,-0.15782507430234233,0.2912767884092967,124.48903788739304,0.1559437930401333,False,47.260767148003104,100.22827073938993,0.24782076812698506,0.3976636532752309,0.14984288514824584,exact 95% beta posterior quantiles; NaN where the prior is capped and the posterior carries no player information
001820,one_point_pct,16.0,50.0,0.32,0.29950745204824686,-0.02049254795175315,0.2912767884092967,124.48903788739304,0.2865509524573551,False,52.260767148003104,122.22827073938993,0.23402396964957006,0.36934408950037323,0.13532011985080317,exact 95% beta posterior quantiles; NaN where the prior is capped and the posterior carries no player information
001821,one_point_pct,65.0,157.0,0.4140127388535032,0.35973254201292026,-0.05428019684058294,0.2912767884092967,124.48903788739304,0.5577481850742847,True,101.26076714800311,180.22827073938993,0.3047594928939361,0.4165936829231214,0.11183419002918527,exact 95% beta posterior quantiles; NaN where the prior is capped and the posterior carries no player information
001823,one_point_pct,2.0,7.0,0.2857142857142857,0.29098066091843755,0.005266375204151852,0.2912767884092967,124.48903788739304,0.0532363770582517,False,38.260767148003104,93.22827073938993,0.2168178672727663,0.37116548101766966,0.15434761374490336,exact 95% beta posterior quantiles; NaN where the prior is capped and the posterior carries no player information
001824,one_point_pct,5.0,18.0,0.2777777777777778,0.2895715190428254,0.01179374126504762,0.2912767884092967,124.48903788739304,0.12632550732937878,False,41.260767148003104,101.22827073938993,0.21830642686109059,0.36643122698296793,0.14812480012187734,exact 95% beta posterior quantiles; NaN where the prior is capped and the posterior carries no player information
001825,one_point_pct,1.0,8.0,0.125,0.2812366044930623,0.15623660449306231,0.2912767884092967,124.48903788739304,0.060382354099359326,False,37.260767148003104,95.22827073938993,0.20826417379430495,0.360463881137548,0.15219970734324306,exact 95% beta posterior quantiles; NaN where the prior is capped and the posterior carries no player information
001826,one_point_pct,18.0,44.0,0.4090909090909091,0.3220433081484353,-0.08704760094247382,0.2912767884092967,124.48903788739304,0.2611445857350476,False,54.260767148003104,114.22827073938993,0.25380884218611754,0.39427953617996536,0.14047069399384782,exact 95% beta posterior quantiles; NaN where the prior is capped and the posterior carries no player information
001827,one_point_pct,37.0,114.0,0.32456140350877194,0.3071871470360601,-0.017374256472711846,0.2912767884092967,124.48903788739304,0.4780093920032802,False,73.26076714800311,165.22827073938993,0.2503584344231058,0.36707891753758304,0.11672048311447725,exact 95% beta posterior quantiles; NaN where the prior is capped and the posterior carries no player information
001828,one_point_pct,56.0,170.0,0.32941176470588235,0.3132910067208745,-0.01612075798500784,0.2912767884092967,124.48903788739304,0.5772710631932071,True,92.26076714800311,202.22827073938993,0.26165462503558956,0.3673294767795596,0.10567485174397007,exact 95% beta posterior quantiles; NaN where the prior is capped and the posterior carries no player information
001831,one_point_pct,1.0,3.0,0.3333333333333333,0.2922664392597765,-0.04106689407355679,0.2912767884092967,124.48903788739304,0.02353143493521226,False,37.260767148003104,90.22827073938993,0.2168900391261559,0.3738156190083828,0.15692557988222688,exact 95% beta posterior quantiles; NaN where the prior is capped and the posterior carries no player information
001832,one_point_pct,49.0,172.0,0.28488372093023256,0.2875680252987474,0.002684304368514856,0.2912767884092967,124.48903788739304,0.5801226285651946,True,85.26076714800311,211.22827073938993,0.2375408206426073,0.340309663413791,0.1027688427711837,exact 95% beta posterior quantiles; NaN where the prior is capped and the posterior carries no player information
001833,one_point_pct,6.0,29.0,0.20689655172413793,0.2753341067849265,0.06843755506078855,0.2912767884092967,124.48903788739304,0.18893857437086678,False,42.260767148003104,111.22827073938993,0.20780803004163317,0.3484049001999665,0.14059687015833333,exact 95% beta posterior quantiles; NaN where the prior is capped and the posterior carries no player information
001835,one_point_pct,40.0,134.0,0.29850746268656714,0.295025149891366,-0.0034823127952011146,0.2912767884092967,124.48903788739304,0.5183972252563188,True,76.26076714800311,182.22827073938993,0.24109916659654118,0.3519553596561309,0.11085619305958971,exact 95% beta posterior quantiles; NaN where the prior is capped and the posterior carries no player information
001836,one_point_pct,19.0,53.0,0.3584905660377358,0.3113474939396708,-0.04714307209806501,0.2912767884092967,124.48903788739304,0.29860999096533253,False,55.260767148003104,122.22827073938993,0.2455340402375441,0.3811879683926236,0.13565392815507948,exact 95% beta posterior quantiles; NaN where the prior is capped and the posterior carries no player information
001838,one_point_pct,24.0,59.0,0.4067796610169492,0.3284161704798139,-0.07836349053713526,0.2912767884092967,124.48903788739304,0.3215450943516757,False,60.260767148003104,123.22827073938993,0.262515395443188,0.39786003148765303,0.135344636044465,exact 95% beta posterior quantiles; NaN where the prior is capped and the posterior carries no player information
001843,one_point_pct,8.0,26.0,0.3076923076923077,0.2941128986492841,-0.013579409043023627,0.2912767884092967,124.48903788739304,0.17277005930129682,False,44.260767148003104,106.22827073938993,0.2242839573591482,0.3691248712420929,0.14484091388294473,exact 95% beta posterior quantiles; NaN where the prior is capped and the posterior carries no player information
001846,one_point_pct,21.0,86.0,0.2441860465116279,0.2720368135210744,0.027850767009446498,0.2912767884092967,124.48903788739304,0.4085723459195442,False,57.260767148003104,153.22827073938993,0.2141993826662656,0.33397694301675074,0.11977756035048515,exact 95% beta posterior quantiles; NaN where the prior is capped and the posterior carries no player information
002001,one_point_pct,3.0,16.0,0.1875,0.27945786901517544,0.09195786901517544,0.2912767884092967,124.48903788739304,0.1138878893371351,False,39.260767148003104,101.22827073938993,0.2086484508763533,0.3562139243877027,0.1475654735113494,exact 95% beta posterior quantiles; NaN where the prior is capped and the posterior carries no player information
002003,one_point_pct,5.0,25.0,0.2,0.27601199212402433,0.07601199212402432,0.2912767884092967,124.48903788739304,0.1672363429004873,False,41.260767148003104,108.22827073938993,0.20757255723583512,0.3501273230940569,0.1425547658582218,exact 95% beta posterior quantiles; NaN where the prior is capped and the posterior carries no player information
002006,one_point_pct,31.0,76.0,0.40789473684210525,0.33548351499287904,-0.07241122184922621,0.2912767884092967,124.48903788739304,0.3790730944735555,False,67.26076714800311,133.22827073938993,0.2719264945189934,0.40214967282372527,0.13022317830473185,exact 95% beta posterior quantiles; NaN where the prior is capped and the posterior carries no player information
002007,one_point_pct,1.0,3.0,0.3333333333333333,0.2922664392597765,-0.04106689407355679,0.2912767884092967,124.48903788739304,0.02353143493521226,False,37.260767148003104,90.22827073938993,0.2168900391261559,0.3738156190083828,0.15692557988222688,exact 95% beta posterior quantiles; NaN where the prior is capped and the posterior carries no player information
002015,one_point_pct,79.0,219.0,0.3607305936073059,0.3355587935408564,-0.025171800066449534,0.2912767884092967,124.48903788739304,0.637574932076276,True,115.26076714800311,228.22827073938993,0.2866402298968751,0.3862912199983839,0.0996509901015088,exact 95% beta posterior quantiles; NaN where the prior is capped and the posterior carries no player information
002016,one_point_pct,48.0,175.0,0.2742857142857143,0.2813484184342163,0.007062704148502019,0.2912767884092967,124.48903788739304,0.5843285658615641,True,84.26076714800311,215.22827073938993,0.23194019551738165,0.3335225190676283,0.10158232355024666,exact 95% beta posterior quantiles; NaN where the prior is capped and the posterior carries no player information
002017,one_point_pct,0.0,1.0,0.0,0.28895565507914345,0.28895565507914345,0.2912767884092967,124.48903788739304,0.00796882354694077,False,36.260767148003104,89.22827073938993,0.21333057023002766,0.3709517089591827,0.15762113872915506,exact 95% beta posterior quantiles; NaN where the prior is capped and the posterior carries no player information
002018,one_point_pct,42.0,157.0,0.267515923566879,0.2780242091676429,0.010508285600763945,0.2912767884092967,124.48903788739304,0.5577481850742847,True,78.26076714800311,203.22827073938993,0.2273275360057596,0.33170832638279535,0.10438079037703574,exact 95% beta posterior quantiles; NaN where the prior is capped and the posterior carries no player information
002019,one_point_pct,1.0,7.0,0.14285714285714285,0.2833754641958302,0.14051832133868736,0.2912767884092967,124.48903788739304,0.0532363770582517,False,37.260767148003104,94.22827073938993,0.2099338150874246,0.36305798005196266,0.15312416496453807,exact 95% beta posterior quantiles; NaN where the prior is capped and the posterior carries no player information
002021,one_point_pct,5.0,16.0,0.3125,0.29369385518231733,-0.01880614481768267,0.2912767884092967,124.48903788739304,0.1138878893371351,False,41.260767148003104,99.22827073938993,0.22158099777880125,0.3713699209911283,0.14978892321232706,exact 95% beta posterior quantiles; NaN where the prior is capped and the posterior carries no player information
002022,one_point_pct,16.0,45.0,0.35555555555555557,0.3083430515590317,-0.04721250399652388,0.2912767884092967,124.48903788739304,0.26550389665848234,False,52.260767148003104,117.22827073938993,0.2412761649757158,0.3796941502660047,0.13841798529028893,exact 95% beta posterior quantiles; NaN where the prior is capped and the posterior carries no player information
002023,one_point_pct,25.0,89.0,0.2808988764044944,0.2869504109167222,0.006051534512227785,0.2912767884092967,124.48903788739304,0.4168832314797538,False,61.260767148003104,152.22827073938993,0.22838754861732014,0.3492939060961362,0.12090635747881606,exact 95% beta posterior quantiles; NaN where the prior is capped and the posterior carries no player information
002024,one_point_pct,61.0,206.0,0.2961165048543689,0.2942934742094006,-0.0018230306449683042,0.2912767884092967,124.48903788739304,0.6233187076849128,True,97.26076714800311,233.22827073938993,0.24645584300742485,0.34448923156014644,0.09803338855272159,exact 95% beta posterior quantiles; NaN where the prior is capped and the posterior carries no player information
002025,one_point_pct,4.0,23.0,0.17391304347826086,0.27297464085935624,0.09906159738109538,0.2912767884092967,124.48903788739304,0.1559437930401333,False,40.260767148003104,107.22827073938993,0.20438401380670257,0.34739602557965554,0.14301201177295297,exact 95% beta posterior quantiles; NaN where the prior is capped and the posterior carries no player information
002027,one_point_pct,6.0,29.0,0.20689655172413793,0.2753341067849265,0.06843755506078855,0.2912767884092967,124.48903788739304,0.18893857437086678,False,42.260767148003104,111.22827073938993,0.20780803004163317,0.3484049001999665,0.14059687015833333,exact 95% beta posterior quantiles; NaN where the prior is capped and the posterior carries no player information
002028,one_point_pct,57.0,277.0,0.20577617328519857,0.2322872067410226,0.026511033455824035,0.2912767884092967,124.48903788739304,0.689931664031363,True,93.26076714800311,308.2282707393899,0.1923306728422176,0.27476960766944103,0.08243893482722342,exact 95% beta posterior quantiles; NaN where the prior is capped and the posterior carries no player information
002029,one_point_pct,2.0,14.0,0.14285714285714285,0.2762728930149212,0.13341575015777835,0.2912767884092967,124.48903788739304,0.10109103372776373,False,38.260767148003104,100.22827073938993,0.20528829909744672,0.3533769900968764,0.14808869099942967,exact 95% beta posterior quantiles; NaN where the prior is capped and the posterior carries no player information
002030,one_point_pct,29.0,83.0,0.3493975903614458,0.3145263374512391,-0.03487125291020671,0.2912767884092967,124.48903788739304,0.40002113289977836,False,65.26076714800311,142.22827073938993,0.25327361284871586,0.37916581708122976,0.1258922042325139,exact 95% beta posterior quantiles; NaN where the prior is capped and the posterior carries no player information
002032,one_point_pct,4.0,24.0,0.16666666666666666,0.2711362920846382,0.10446962541797153,0.2912767884092967,124.48903788739304,0.16162809283066706,False,40.260767148003104,108.22827073938993,0.2029395505960565,0.3451713670801837,0.1422318164841272,exact 95% beta posterior quantiles; NaN where the prior is capped and the posterior carries no player information
002033,one_point_pct,9.0,60.0,0.15,0.24533038746523797,0.09533038746523798,0.2912767884092967,124.48903788739304,0.32522257521133763,False,45.260767148003104,139.22827073938993,0.18613511478179134,0.30975409588427283,0.12361898110248148,exact 95% beta posterior quantiles; NaN where the prior is capped and the posterior carries no player information
002034,one_point_pct,12.0,40.0,0.3,0.29339807544525714,-0.006601924554742844,0.2912767884092967,124.48903788739304,0.2431772993126962,False,48.260767148003104,116.22827073938993,0.22652603875030763,0.3650284906907473,0.13850245194043964,exact 95% beta posterior quantiles; NaN where the prior is capped and the posterior carries no player information
002036,one_point_pct,2.0,4.0,0.5,0.2977745633174917,-0.2022254366825083,0.2912767884092967,124.48903788739304,0.031131060406145886,False,38.260767148003104,90.22827073938993,0.22216698285774328,0.3793446689087432,0.1571776860509999,exact 95% beta posterior quantiles; NaN where the prior is capped and the posterior carries no player information
002040,one_point_pct,4.0,20.0,0.2,0.2786423644081579,0.07864236440815792,0.2912767884092967,124.48903788739304,0.13841880527702677,False,40.260767148003104,104.22827073938993,0.20884389770799316,0.3542442271427717,0.14540032943477854,exact 95% beta posterior quantiles; NaN where the prior is capped and the posterior carries no player information
002042,one_point_pct,2.0,8.0,0.25,0.28878439875548223,0.03878439875548223,0.2912767884092967,124.48903788739304,0.060382354099359326,False,38.260767148003104,94.22827073938993,0.21509183026500978,0.3685162721958477,0.15342444193083793,exact 95% beta posterior quantiles; NaN where the prior is capped and the posterior carries no player information
002043,one_point_pct,3.0,22.0,0.13636363636363635,0.26801163905645337,0.131648002692817,0.2912767884092967,124.48903788739304,0.15018188608018251,False,39.260767148003104,107.22827073938993,0.1996794416627381,0.34234254775219597,0.14266310608945787,exact 95% beta posterior quantiles; NaN where the prior is capped and the posterior carries no player information
002046,one_point_pct,1.0,4.0,0.25,0.2899917982159552,0.03999179821595522,0.2912767884092967,124.48903788739304,0.031131060406145886,False,37.260767148003104,91.22827073938993,0.21510795448557474,0.3710673720052,0.15595941751962528,exact 95% beta posterior quantiles; NaN where the prior is capped and the posterior carries no player information
002047,one_point_pct,1.0,3.0,0.3333333333333333,0.2922664392597765,-0.04106689407355679,0.2912767884092967,124.48903788739304,0.02353143493521226,False,37.260767148003104,90.22827073938993,0.2168900391261559,0.3738156190083828,0.15692557988222688,exact 95% beta posterior quantiles; NaN where the prior is capped and the posterior carries no player information
002049,one_point_pct,2.0,12.0,0.16666666666666666,0.2803211726026615,0.11365450593599483,0.2912767884092967,124.48903788739304,0.08791914856854884,False,38.260767148003104,98.22827073938993,0.20845495982212014,0.35828433369169943,0.14982937386957929,exact 95% beta posterior quantiles; NaN where the prior is capped and the posterior carries no player information
002051,one_point_pct,8.0,18.0,0.4444444444444444,0.31062577026438853,-0.13381867418005589,0.2912767884092967,124.48903788739304,0.12632550732937878,False,44.260767148003104,98.22827073938993,0.237572244979674,0.38871464572730474,0.15114240074763075,exact 95% beta posterior quantiles; NaN where the prior is capped and the posterior carries no player information
002054,one_point_pct,5.0,14.0,0.35714285714285715,0.2979352573851563,-0.059207599757700846,0.2912767884092967,124.48903788739304,0.10109103372776373,False,41.260767148003104,97.22827073938993,0.22495569897000678,0.3764424501277972,0.15148675115779042,exact 95% beta posterior quantiles; NaN where the prior is capped and the posterior carries no player information
002059,one_point_pct,0.0,1.0,0.0,0.28895565507914345,0.28895565507914345,0.2912767884092967,124.48903788739304,0.00796882354694077,False,36.260767148003104,89.22827073938993,0.21333057023002766,0.3709517089591827,0.15762113872915506,exact 95% beta posterior quantiles; NaN where the prior is capped and the posterior carries no player information
002062,one_point_pct,0.0,1.0,0.0,0.28895565507914345,0.28895565507914345,0.2912767884092967,124.48903788739304,0.00796882354694077,False,36.260767148003104,89.22827073938993,0.21333057023002766,0.3709517089591827,0.15762113872915506,exact 95% beta posterior quantiles; NaN where the prior is capped and the posterior carries no player information
002063,one_point_pct,1.0,3.0,0.3333333333333333,0.2922664392597765,-0.04106689407355679,0.2912767884092967,124.48903788739304,0.02353143493521226,False,37.260767148003104,90.22827073938993,0.2168900391261559,0.3738156190083828,0.15692557988222688,exact 95% beta posterior quantiles; NaN where the prior is capped and the posterior carries no player information
002064,one_point_pct,1.0,9.0,0.1111111111111111,0.27912979026363993,0.16801867915252883,0.2912767884092967,124.48903788739304,0.06742126651322564,False,37.260767148003104,96.22827073938993,0.20662097373860888,0.3579063125362154,0.15128533879760653,exact 95% beta posterior quantiles; NaN where the prior is capped and the posterior carries no player information
002065,one_point_pct,1.0,12.0,0.08333333333333333,0.2729945768886157,0.1896612435552824,0.2912767884092967,124.48903788739304,0.08791914856854884,False,37.260767148003104,99.22827073938993,0.2018438623927068,0.3504453017085325,0.1486014393158257,exact 95% beta posterior quantiles; NaN where the prior is capped and the posterior carries no player information
002067,one_point_pct,5.0,28.0,0.17857142857142858,0.2705818576839111,0.0920104291124825,0.2912767884092967,124.48903788739304,0.18361975646194884,False,41.260767148003104,111.22827073938993,0.2032897917961236,0.34357289705076255,0.14028310525463894,exact 95% beta posterior quantiles; NaN where the prior is capped and the posterior carries no player information
002072,one_point_pct,0.0,1.0,0.0,0.28895565507914345,0.28895565507914345,0.2912767884092967,124.48903788739304,0.00796882354694077,False,36.260767148003104,89.22827073938993,0.21333057023002766,0.3709517089591827,0.15762113872915506,exact 95% beta posterior quantiles; NaN where the prior is capped and the posterior carries no player information
002074,one_point_pct,0.0,1.0,0.0,0.28895565507914345,0.28895565507914345,0.2912767884092967,124.48903788739304,0.00796882354694077,False,36.260767148003104,89.22827073938993,0.21333057023002766,0.3709517089591827,0.15762113872915506,exact 95% beta posterior quantiles; NaN where the prior is capped and the posterior carries no player information
003003,one_point_pct,0.0,5.0,0.0,0.280029628295921,0.280029628295921,0.2912767884092967,124.48903788739304,0.038613307207889885,False,36.260767148003104,93.22827073938993,0.20638301814324223,0.36011122810305096,0.15372820995980874,exact 95% beta posterior quantiles; NaN where the prior is capped and the posterior carries no player information
003004,one_point_pct,7.0,35.0,0.2,0.27124602242912327,0.07124602242912326,0.2912767884092967,124.48903788739304,0.2194508190883419,False,43.260767148003104,116.22827073938993,0.2053085285879206,0.34261665734811686,0.13730812876019627,exact 95% beta posterior quantiles; NaN where the prior is capped and the posterior carries no player information
003005,one_point_pct,7.0,18.0,0.3888888888888889,0.3036076865238675,-0.0852812023650214,0.2912767884092967,124.48903788739304,0.12632550732937878,False,43.260767148003104,99.22827073938993,0.2311293534876313,0.3813078145904001,0.15017846110276878,exact 95% beta posterior quantiles; NaN where the prior is capped and the posterior carries no player information
003006,one_point_pct,7.0,26.0,0.2692307692307692,0.287467896368465,0.018237127137695763,0.2912767884092967,124.48903788739304,0.17277005930129682,False,43.260767148003104,107.22827073938993,0.21821179075050168,0.36207414386444725,0.14386235311394557,exact 95% beta posterior quantiles; NaN where the prior is capped and the posterior carries no player information
003007,one_point_pct,3.0,7.0,0.42857142857142855,0.29858585764104495,-0.1299855709303836,0.2912767884092967,124.48903788739304,0.0532363770582517,False,39.260767148003104,92.22827073938993,0.22372831797110848,0.37924654784728773,0.15551822987617925,exact 95% beta posterior quantiles; NaN where the prior is capped and the posterior carries no player information
003008,one_point_pct,1.0,1.0,1.0,0.2969244786260842,-0.7030755213739158,0.2912767884092967,124.48903788739304,0.00796882354694077,False,37.260767148003104,88.22827073938993,0.22054465240216814,0.3794349915406201,0.15889033913845196,exact 95% beta posterior quantiles; NaN where the prior is capped and the posterior carries no player information
003009,one_point_pct,1.0,6.0,0.16666666666666666,0.28554710611137846,0.1188804394447118,0.2912767884092967,124.48903788739304,0.04598087392733914,False,37.260767148003104,93.22827073938993,0.21163054366479628,0.3656893894949462,0.15405884583014995,exact 95% beta posterior quantiles; NaN where the prior is capped and the posterior carries no player information
003010,one_point_pct,90.0,233.0,0.38626609442060084,0.35318780092992536,-0.03307829349067548,0.2912767884092967,124.48903788739304,0.651768237081982,True,126.26076714800311,231.22827073938993,0.3045228106493596,0.4034088094776962,0.0988859988283366,exact 95% beta posterior quantiles; NaN where the prior is capped and the posterior carries no player information
003011,one_point_pct,2.0,6.0,0.3333333333333333,0.29321058509926834,-0.040122748234064975,0.2912767884092967,124.48903788739304,0.04598087392733914,False,38.260767148003104,92.22827073938993,0.21857194005860947,0.3738527353561949,0.15528079529758543,exact 95% beta posterior quantiles; NaN where the prior is capped and the posterior carries no player information
003013,one_point_pct,42.0,153.0,0.27450980392156865,0.2820319236530053,0.007522119731436627,0.2912767884092967,124.48903788739304,0.5513731323040173,True,78.26076714800311,199.22827073938993,0.230725701112533,0.3363139701250475,0.1055882690125145,exact 95% beta posterior quantiles; NaN where the prior is capped and the posterior carries no player information
003015,one_point_pct,1.0,2.0,0.5,0.2945770461245387,-0.20542295387546128,0.2912767884092967,124.48903788739304,0.015811646869988066,False,37.260767148003104,89.22827073938993,0.2187020177661907,0.37660452592535876,0.15790250815916806,exact 95% beta posterior quantiles; NaN where the prior is capped and the posterior carries no player information
003016,one_point_pct,22.0,98.0,0.22448979591836735,0.2618590457364028,0.03736924981803544,0.2912767884092967,124.48903788739304,0.44047113929990617,False,58.260767148003104,164.22827073938993,0.20632787523209117,0.3214447895588819,0.11511691432679072,exact 95% beta posterior quantiles; NaN where the prior is capped and the posterior carries no player information
003017,one_point_pct,21.0,67.0,0.31343283582089554,0.2990289563294785,-0.014403879491417027,0.2912767884092967,124.48903788739304,0.349889480563373,False,57.260767148003104,134.22827073938993,0.2364342441142071,0.3655998359026853,0.1291655917884782,exact 95% beta posterior quantiles; NaN where the prior is capped and the posterior carries no player information
003018,one_point_pct,3.0,21.0,0.14285714285714285,0.2698537822374667,0.12699663938032385,0.2912767884092967,124.48903788739304,0.14434077168242584,False,39.260767148003104,106.22827073938993,0.2011201705026906,0.3445794324215967,0.14345926191890612,exact 95% beta posterior quantiles; NaN where the prior is capped and the posterior carries no player information
003019,one_point_pct,19.0,91.0,0.2087912087912088,0.2564435188433132,0.04765231005210438,0.2912767884092967,124.48903788739304,0.422295263332854,False,55.260767148003104,160.22827073938993,0.20050290468498133,0.31666548977955244,0.11616258509457111,exact 95% beta posterior quantiles; NaN where the prior is capped and the posterior carries no player information
003020,one_point_pct,0.0,1.0,0.0,0.28895565507914345,0.28895565507914345,0.2912767884092967,124.48903788739304,0.00796882354694077,False,36.260767148003104,89.22827073938993,0.21333057023002766,0.3709517089591827,0.15762113872915506,exact 95% beta posterior quantiles; NaN where the prior is capped and the posterior carries no player information
003021,one_point_pct,4.0,14.0,0.2857142857142857,0.2907144692617446,0.005000183547458903,0.2912767884092967,124.48903788739304,0.10109103372776373,False,40.260767148003104,98.22827073938993,0.21837651563691907,0.3687773766287137,0.15040086099179462,exact 95% beta posterior quantiles; NaN where the prior is capped and the posterior carries no player information
003022,one_point_pct,24.0,106.0,0.22641509433962265,0.26144743238263635,0.0350323380430137,0.2912767884092967,124.48903788739304,0.45989171967383113,False,60.260767148003104,170.22827073938993,0.20687864799401723,0.31993684111512266,0.11305819312110543,exact 95% beta posterior quantiles; NaN where the prior is capped and the posterior carries no player information
003023,one_point_pct,3.0,11.0,0.2727272727272727,0.2897708018314612,0.017043529104188493,0.2912767884092967,124.48903788739304,0.08118737996458625,False,39.260767148003104,96.22827073938993,0.21676443293108605,0.36865522476728074,0.1518907918361947,exact 95% beta posterior quantiles; NaN where the prior is capped and the posterior carries no player information
003024,one_point_pct,13.0,45.0,0.28888888888888886,0.2906427917817995,0.0017539028929106637,0.2912767884092967,124.48903788739304,0.26550389665848234,False,49.260767148003104,120.22827073938993,0.22494065822684206,0.36102447294979356,0.1360838147229515,exact 95% beta posterior quantiles; NaN where the prior is capped and the posterior carries no player information
003025,one_point_pct,18.0,63.0,0.2857142857142857,0.2894076782269928,0.0036933925127071165,0.2912767884092967,124.48903788739304,0.33601964525434364,False,54.260767148003104,133.22827073938993,0.22689501542481594,0.35617559737875126,0.12928058195393533,exact 95% beta posterior quantiles; NaN where the prior is capped and the posterior carries no player information
003027,one_point_pct,20.0,58.0,0.3448275862068966,0.3082966944168967,-0.03653089178999985,0.2912767884092967,124.48903788739304,0.31782730991101815,False,56.260767148003104,126.22827073938993,0.24356949466164224,0.37700387739459984,0.1334343827329576,exact 95% beta posterior quantiles; NaN where the prior is capped and the posterior carries no player information
003028,one_point_pct,0.0,1.0,0.0,0.28895565507914345,0.28895565507914345,0.2912767884092967,124.48903788739304,0.00796882354694077,False,36.260767148003104,89.22827073938993,0.21333057023002766,0.3709517089591827,0.15762113872915506,exact 95% beta posterior quantiles; NaN where the prior is capped and the posterior carries no player information
003029,one_point_pct,0.0,1.0,0.0,0.28895565507914345,0.28895565507914345,0.2912767884092967,124.48903788739304,0.00796882354694077,False,36.260767148003104,89.22827073938993,0.21333057023002766,0.3709517089591827,0.15762113872915506,exact 95% beta posterior quantiles; NaN where the prior is capped and the posterior carries no player information
003031,one_point_pct,21.0,77.0,0.2727272727272727,0.2841880022277175,0.0114607295004448,0.2912767884092967,124.48903788739304,0.38215478522972196,False,57.260767148003104,144.22827073938993,0.22418433145503514,0.3482493470364716,0.12406501558143646,exact 95% beta posterior quantiles; NaN where the prior is capped and the posterior carries no player information
003032,one_point_pct,8.0,16.0,0.5,0.3150478344330302,-0.1849521655669698,0.2912767884092967,124.48903788739304,0.1138878893371351,False,44.260767148003104,96.22827073938993,0.24114516566623934,0.39393837461830117,0.15279320895206183,exact 95% beta posterior quantiles; NaN where the prior is capped and the posterior carries no player information
003033,one_point_pct,2.0,20.0,0.1,0.26480048388045524,0.16480048388045523,0.2912767884092967,124.48903788739304,0.13841880527702677,False,38.260767148003104,106.22827073938993,0.19634212445816956,0.33942462570848875,0.14308250125031918,exact 95% beta posterior quantiles; NaN where the prior is capped and the posterior carries no player information
003039,one_point_pct,4.0,15.0,0.26666666666666666,0.28863033079706873,0.021963664130402072,0.2912767884092967,124.48903788739304,0.10753533200300103,False,40.260767148003104,99.22827073938993,0.21672754691098817,0.36627357083489187,0.1495460239239037,exact 95% beta posterior quantiles; NaN where the prior is capped and the posterior carries no player information
003041,one_point_pct,6.0,14.0,0.42857142857142855,0.30515604550856795,-0.1234153830628606,0.2912767884092967,124.48903788739304,0.10109103372776373,False,42.260767148003104,96.22827073938993,0.2315575939428527,0.3840847853280138,0.15252719138516113,exact 95% beta posterior quantiles; NaN where the prior is capped and the posterior carries no player information
003045,one_point_pct,0.0,1.0,0.0,0.28895565507914345,0.28895565507914345,0.2912767884092967,124.48903788739304,0.00796882354694077,False,36.260767148003104,89.22827073938993,0.21333057023002766,0.3709517089591827,0.15762113872915506,exact 95% beta posterior quantiles; NaN where the prior is capped and the posterior carries no player information
003047,one_point_pct,0.0,2.0,0.0,0.2866712226895447,0.2866712226895447,0.2912767884092967,124.48903788739304,0.015811646869988066,False,36.260767148003104,90.22827073938993,0.2115500315267127,0.36818135387147777,0.15663132234476507,exact 95% beta posterior quantiles; NaN where the prior is capped and the posterior carries no player information
003048,one_point_pct,66.0,237.0,0.27848101265822783,0.282887602195722,0.004406589537494177,0.2912767884092967,124.48903788739304,0.6556215407943506,True,102.26076714800311,259.2282707393899,0.23769667840679176,0.330353917874163,0.09265723946737126,exact 95% beta posterior quantiles; NaN where the prior is capped and the posterior carries no player information
003052,one_point_pct,0.0,3.0,0.0,0.28442262761470577,0.28442262761470577,0.2912767884092967,124.48903788739304,0.02353143493521226,False,36.260767148003104,91.22827073938993,0.20979907884611748,0.36545173983904533,0.15565266099292785,exact 95% beta posterior quantiles; NaN where the prior is capped and the posterior carries no player information
003054,one_point_pct,2.0,4.0,0.5,0.2977745633174917,-0.2022254366825083,0.2912767884092967,124.48903788739304,0.031131060406145886,False,38.260767148003104,90.22827073938993,0.22216698285774328,0.3793446689087432,0.1571776860509999,exact 95% beta posterior quantiles; NaN where the prior is capped and the posterior carries no player information
003059,one_point_pct,0.0,2.0,0.0,0.2866712226895447,0.2866712226895447,0.2912767884092967,124.48903788739304,0.015811646869988066,False,36.260767148003104,90.22827073938993,0.2115500315267127,0.36818135387147777,0.15663132234476507,exact 95% beta posterior quantiles; NaN where the prior is capped and the posterior carries no player information
003066,one_point_pct,0.0,3.0,0.0,0.28442262761470577,0.28442262761470577,0.2912767884092967,124.48903788739304,0.02353143493521226,False,36.260767148003104,91.22827073938993,0.20979907884611748,0.36545173983904533,0.15565266099292785,exact 95% beta posterior quantiles; NaN where the prior is capped and the posterior carries no player information
003068,one_point_pct,2.0,10.0,0.2,0.2844898569356905,0.0844898569356905,0.2912767884092967,124.48903788739304,0.07435550255309989,False,38.260767148003104,96.22827073938993,0.21172120588016696,0.3633288370037917,0.15160763112362474,exact 95% beta posterior quantiles; NaN where the prior is capped and the posterior carries no player information
003069,one_point_pct,0.0,1.0,0.0,0.28895565507914345,0.28895565507914345,0.2912767884092967,124.48903788739304,0.00796882354694077,False,36.260767148003104,89.22827073938993,0.21333057023002766,0.3709517089591827,0.15762113872915506,exact 95% beta posterior quantiles; NaN where the prior is capped and the posterior carries no player information
003070,one_point_pct,2.0,13.0,0.15384615384615385,0.27828231061839004,0.12443615677223618,0.2912767884092967,124.48903788739304,0.09455299273129925,False,38.260767148003104,99.22827073938993,0.2068594692100305,0.3558138656371739,0.14895439642714337,exact 95% beta posterior quantiles; NaN where the prior is capped and the posterior carries no player information
003072,one_point_pct,1.0,9.0,0.1111111111111111,0.27912979026363993,0.16801867915252883,0.2912767884092967,124.48903788739304,0.06742126651322564,False,37.260767148003104,96.22827073938993,0.20662097373860888,0.3579063125362154,0.15128533879760653,exact 95% beta posterior quantiles; NaN where the prior is capped and the posterior carries no player information
003075,one_point_pct,58.0,254.0,0.2283464566929134,0.24904490675380486,0.020698450060891466,0.2912767884092967,124.48903788739304,0.6710894492948812,True,94.26076714800311,284.2282707393899,0.20682809225399978,0.2937734650040511,0.08694537275005132,exact 95% beta posterior quantiles; NaN where the prior is capped and the posterior carries no player information
003076,one_point_pct,51.0,127.0,0.4015748031496063,0.34697642442401433,-0.05459837872559198,0.2912767884092967,124.48903788739304,0.5049921899850984,True,87.26076714800311,164.22827073938993,0.2894731826672796,0.40678515439503826,0.11731197172775865,exact 95% beta posterior quantiles; NaN where the prior is capped and the posterior carries no player information
003077,one_point_pct,2.0,11.0,0.18181818181818182,0.28239013092558973,0.10057194910740791,0.2912767884092967,124.48903788739304,0.08118737996458625,False,38.260767148003104,97.22827073938993,0.21007534218369983,0.36078908693161793,0.1507137447479181,exact 95% beta posterior quantiles; NaN where the prior is capped and the posterior carries no player information
003078,one_point_pct,32.0,142.0,0.22535211267605634,0.2561484993497077,0.030796386673651338,0.2912767884092967,124.48903788739304,0.5328549388962228,True,68.26076714800311,198.22827073938993,0.2056346968456637,0.3101286188175436,0.1044939219718799,exact 95% beta posterior quantiles; NaN where the prior is capped and the posterior carries no player information
003080,one_point_pct,46.0,169.0,0.27218934911242604,0.28028565475609085,0.008096305643664814,0.2912767884092967,124.48903788739304,0.5758307063749433,True,82.26076714800311,211.22827073938993,0.23045810076291673,0.33294933845172636,0.10249123768880963,exact 95% beta posterior quantiles; NaN where the prior is capped and the posterior carries no player information
003081,one_point_pct,38.0,138.0,0.2753623188405797,0.28290997500574006,0.0075476561651603435,0.2912767884092967,124.48903788739304,0.5257362406852265,True,74.26076714800311,188.22827073938993,0.23015246223076247,0.3388006903405767,0.10864822810981423,exact 95% beta posterior quantiles; NaN where the prior is capped and the posterior carries no player information
003082,one_point_pct,3.0,5.0,0.6,0.3031976126206549,-0.29680238737934506,0.2912767884092967,124.48903788739304,0.038613307207889885,False,39.260767148003104,90.22827073938993,0.22738151528756134,0.3847716935852077,0.15739017829764634,exact 95% beta posterior quantiles; NaN where the prior is capped and the posterior carries no player information
003083,one_point_pct,5.0,14.0,0.35714285714285715,0.2979352573851563,-0.059207599757700846,0.2912767884092967,124.48903788739304,0.10109103372776373,False,41.260767148003104,97.22827073938993,0.22495569897000678,0.3764424501277972,0.15148675115779042,exact 95% beta posterior quantiles; NaN where the prior is capped and the posterior carries no player information
003084,one_point_pct,19.0,76.0,0.25,0.2756298684970544,0.025629868497054398,0.2912767884092967,124.48903788739304,0.3790730944735555,False,55.260767148003104,145.22827073938993,0.2161447690159548,0.33935444671078585,0.12320967769483104,exact 95% beta posterior quantiles; NaN where the prior is capped and the posterior carries no player information
003085,one_point_pct,18.0,91.0,0.1978021978021978,0.25180291155394113,0.05400071375174334,0.2912767884092967,124.48903788739304,0.422295263332854,False,54.260767148003104,161.22827073938993,0.19625311662093736,0.31171554382308386,0.1154624272021465,exact 95% beta posterior quantiles; NaN where the prior is capped and the posterior carries no player information
003086,one_point_pct,5.0,20.0,0.25,0.28556330467200924,0.035563304672009244,0.2912767884092967,124.48903788739304,0.13841880527702677,False,41.260767148003104,103.22827073938993,0.21512757692835294,0.36162119192886166,0.14649361500050873,exact 95% beta posterior quantiles; NaN where the prior is capped and the posterior carries no player information
003087,one_point_pct,8.0,13.0,0.6153846153846154,0.32192215341745123,-0.2934624619671642,0.2912767884092967,124.48903788739304,0.09455299273129925,False,44.260767148003104,93.22827073938993,0.2467116818006616,0.4020400352019351,0.1553283534012735,exact 95% beta posterior quantiles; NaN where the prior is capped and the posterior carries no player information
003088,one_point_pct,10.0,36.0,0.2777777777777778,0.2882487661273284,0.010470988349550625,0.2912767884092967,124.48903788739304,0.22431438604086693,False,46.260767148003104,114.22827073938993,0.22101444532745518,0.3604814885475207,0.13946704322006553,exact 95% beta posterior quantiles; NaN where the prior is capped and the posterior carries no player information
003089,one_point_pct,0.0,1.0,0.0,0.28895565507914345,0.28895565507914345,0.2912767884092967,124.48903788739304,0.00796882354694077,False,36.260767148003104,89.22827073938993,0.21333057023002766,0.3709517089591827,0.15762113872915506,exact 95% beta posterior quantiles; NaN where the prior is capped and the posterior carries no player information
003090,one_point_pct,19.0,46.0,0.41304347826086957,0.3241309108947081,-0.08891256736616149,0.2912767884092967,124.48903788739304,0.26981206868199187,False,55.260767148003104,115.22827073938993,0.256140692072222,0.39602957808529027,0.13988888601306826,exact 95% beta posterior quantiles; NaN where the prior is capped and the posterior carries no player information
003091,one_point_pct,7.0,27.0,0.25925925925925924,0.28557028119856637,0.026311021939307122,0.2912767884092967,124.48903788739304,0.17823071805413418,False,43.260767148003104,108.22827073938993,0.21669827643199824,0.3598045185499359,0.14310624211793765,exact 95% beta posterior quantiles; NaN where the prior is capped and the posterior carries no player information
003092,one_point_pct,15.0,72.0,0.20833333333333334,0.2608835978797983,0.05255026454646497,0.2912767884092967,124.48903788739304,0.3664326558576915,False,51.260767148003104,145.22827073938993,0.20204388952697627,0.32433307511382736,0.12228918558685109,exact 95% beta posterior quantiles; NaN where the prior is capped and the posterior carries no player information
003093,one_point_pct,44.0,137.0,0.32116788321167883,0.30693740661727625,-0.014230476594402575,0.2912767884092967,124.48903788739304,0.5239225365118263,True,80.26076714800311,181.22827073938993,0.2525982537481468,0.3640738141548354,0.1114755604066886,exact 95% beta posterior quantiles; NaN where the prior is capped and the posterior carries no player information
003094,one_point_pct,28.0,104.0,0.2692307692307692,0.28124223263469184,0.012011463403922618,0.2912767884092967,124.48903788739304,0.4551640680952696,False,64.26076714800311,164.22827073938993,0.2249608438287396,0.341150651947828,0.11618980811908841,exact 95% beta posterior quantiles; NaN where the prior is capped and the posterior carries no player information
003096,one_point_pct,0.0,2.0,0.0,0.2866712226895447,0.2866712226895447,0.2912767884092967,124.48903788739304,0.015811646869988066,False,36.260767148003104,90.22827073938993,0.2115500315267127,0.36818135387147777,0.15663132234476507,exact 95% beta posterior quantiles; NaN where the prior is capped and the posterior carries no player information
003097,one_point_pct,0.0,1.0,0.0,0.28895565507914345,0.28895565507914345,0.2912767884092967,124.48903788739304,0.00796882354694077,False,36.260767148003104,89.22827073938993,0.21333057023002766,0.3709517089591827,0.15762113872915506,exact 95% beta posterior quantiles; NaN where the prior is capped and the posterior carries no player information
003098,one_point_pct,11.0,45.0,0.24444444444444444,0.27884261859697806,0.03439817415253363,0.2912767884092967,124.48903788739304,0.26550389665848234,False,47.260767148003104,122.22827073938993,0.21411996919778176,0.34850830960203893,0.13438834040425718,exact 95% beta posterior quantiles; NaN where the prior is capped and the posterior carries no player information
003099,one_point_pct,4.0,8.0,0.5,0.30387998728032206,-0.19612001271967794,0.2912767884092967,124.48903788739304,0.060382354099359326,False,40.260767148003104,92.22827073938993,0.2288247911783401,0.38454330278909765,0.15571851161075756,exact 95% beta posterior quantiles; NaN where the prior is capped and the posterior carries no player information
003100,one_point_pct,45.0,128.0,0.3515625,0.32183879279640015,-0.029723707203599847,0.2912767884092967,124.48903788739304,0.5069527020697286,True,81.26076714800311,171.22827073938993,0.26572396923438646,0.38062707186327316,0.1149031026288867,exact 95% beta posterior quantiles; NaN where the prior is capped and the posterior carries no player information
003101,one_point_pct,2.0,5.0,0.4,0.29547495117907696,-0.10452504882092306,0.2912767884092967,124.48903788739304,0.038613307207889885,False,38.260767148003104,91.22827073938993,0.2203547403041739,0.37657885151566006,0.15622411121148616,exact 95% beta posterior quantiles; NaN where the prior is capped and the posterior carries no player information
003103,one_point_pct,2.0,9.0,0.2222222222222222,0.2866210420984428,0.06439881987622059,0.2912767884092967,124.48903788739304,0.06742126651322564,False,38.260767148003104,95.22827073938993,0.21339315923978575,0.36590431493823417,0.15251115569844842,exact 95% beta posterior quantiles; NaN where the prior is capped and the posterior carries no player information
003104,one_point_pct,5.0,29.0,0.1724137931034483,0.26881898353075867,0.09640519042731038,0.2912767884092967,124.48903788739304,0.18893857437086678,False,41.260767148003104,112.22827073938993,0.20190132947755046,0.3414419383916538,0.13954060891410336,exact 95% beta posterior quantiles; NaN where the prior is capped and the posterior carries no player information
003106,one_point_pct,41.0,112.0,0.36607142857142855,0.326699147826005,-0.03937228074542354,0.2912767884092967,124.48903788739304,0.47359489048845504,False,77.26076714800311,159.22827073938993,0.26850371281034313,0.3876710837066639,0.11916737089632079,exact 95% beta posterior quantiles; NaN where the prior is capped and the posterior carries no player information
003115,one_point_pct,5.0,13.0,0.38461538461538464,0.30010223201792063,-0.084513152597464,0.2912767884092967,124.48903788739304,0.09455299273129925,False,41.260767148003104,96.22827073938993,0.22668205146328546,0.37903059579548426,0.1523485443321988,exact 95% beta posterior quantiles; NaN where the prior is capped and the posterior carries no player information
003119,one_point_pct,3.0,18.0,0.16666666666666666,0.2755353515617833,0.10886868489511667,0.2912767884092967,124.48903788739304,0.12632550732937878,False,39.260767148003104,103.22827073938993,0.2055702825600747,0.35146775215980597,0.14589746959973127,exact 95% beta posterior quantiles; NaN where the prior is capped and the posterior carries no player information
003120,one_point_pct,4.0,29.0,0.13793103448275862,0.26230386027659086,0.12437282579383224,0.2912767884092967,124.48903788739304,0.18893857437086678,False,40.260767148003104,113.22827073938993,0.19601391578908078,0.33445966491126455,0.13844574912218377,exact 95% beta posterior quantiles; NaN where the prior is capped and the posterior carries no player information
003121,one_point_pct,6.0,22.0,0.2727272727272727,0.2884909871582964,0.0157637144310237,0.2912767884092967,124.48903788739304,0.15018188608018251,False,42.260767148003104,104.22827073938993,0.21825208424706943,0.3641996731457766,0.14594758889870718,exact 95% beta posterior quantiles; NaN where the prior is capped and the posterior carries no player information
003126,one_point_pct,0.0,1.0,0.0,0.28895565507914345,0.28895565507914345,0.2912767884092967,124.48903788739304,0.00796882354694077,False,36.260767148003104,89.22827073938993,0.21333057023002766,0.3709517089591827,0.15762113872915506,exact 95% beta posterior quantiles; NaN where the prior is capped and the posterior carries no player information
003136,one_point_pct,0.0,3.0,0.0,0.28442262761470577,0.28442262761470577,0.2912767884092967,124.48903788739304,0.02353143493521226,False,36.260767148003104,91.22827073938993,0.20979907884611748,0.36545173983904533,0.15565266099292785,exact 95% beta posterior quantiles; NaN where the prior is capped and the posterior carries no player information
003142,one_point_pct,4.0,15.0,0.26666666666666666,0.28863033079706873,0.021963664130402072,0.2912767884092967,124.48903788739304,0.10753533200300103,False,40.260767148003104,99.22827073938993,0.21672754691098817,0.36627357083489187,0.1495460239239037,exact 95% beta posterior quantiles; NaN where the prior is capped and the posterior carries no player information
003143,one_point_pct,3.0,11.0,0.2727272727272727,0.2897708018314612,0.017043529104188493,0.2912767884092967,124.48903788739304,0.08118737996458625,False,39.260767148003104,96.22827073938993,0.21676443293108605,0.36865522476728074,0.1518907918361947,exact 95% beta posterior quantiles; NaN where the prior is capped and the posterior carries no player information
003149,one_point_pct,5.0,22.0,0.22727272727272727,0.2816645377910154,0.05439181051828815,0.2912767884092967,124.48903788739304,0.15018188608018251,False,41.260767148003104,105.22827073938993,0.21204029468935914,0.35693489978439175,0.1448946050950326,exact 95% beta posterior quantiles; NaN where the prior is capped and the posterior carries no player information
003151,one_point_pct,1.0,5.0,0.2,0.287752289737499,0.08775228973749899,0.2912767884092967,124.48903788739304,0.038613307207889885,False,37.260767148003104,92.22827073938993,0.21335502693546005,0.36835891180089675,0.1550038848654367,exact 95% beta posterior quantiles; NaN where the prior is capped and the posterior carries no player information
003153,one_point_pct,5.0,19.0,0.2631578947368421,0.287553444886735,0.02439555014989292,0.2912767884092967,124.48903788739304,0.1324142964489787,False,41.260767148003104,102.22827073938993,0.21670530215487815,0.3640104402147699,0.14730513805989176,exact 95% beta posterior quantiles; NaN where the prior is capped and the posterior carries no player information
003156,one_point_pct,18.0,80.0,0.225,0.26534804852416166,0.040348048524161656,0.2912767884092967,124.48903788739304,0.3912190150948531,False,54.260767148003104,150.22827073938993,0.2072458075999748,0.3277971363568213,0.12055132875684649,exact 95% beta posterior quantiles; NaN where the prior is capped and the posterior carries no player information
003157,one_point_pct,14.0,54.0,0.25925925925925924,0.28159021832877,0.02233095906951077,0.2912767884092967,124.48903788739304,0.3025395880842165,False,50.260767148003104,128.22827073938993,0.2182169658190105,0.349599043634953,0.13138207781594247,exact 95% beta posterior quantiles; NaN where the prior is capped and the posterior carries no player information
003159,one_point_pct,49.0,128.0,0.3828125,0.3376810647360792,-0.04513143526392083,0.2912767884092967,124.48903788739304,0.5069527020697286,True,85.26076714800311,167.22827073938993,0.2807396130228881,0.3970583234622609,0.11631871043937281,exact 95% beta posterior quantiles; NaN where the prior is capped and the posterior carries no player information
003160,one_point_pct,34.0,104.0,0.3269230769230769,0.3075016981017266,-0.01942137882135031,0.2912767884092967,124.48903788739304,0.4551640680952696,False,70.26076714800311,158.22827073938993,0.2494654147012625,0.3687298833101522,0.11926446860888973,exact 95% beta posterior quantiles; NaN where the prior is capped and the posterior carries no player information
003161,one_point_pct,14.0,52.0,0.2692307692307692,0.28478124052141673,0.015550471290647516,0.2912767884092967,124.48903788739304,0.2946358630680397,False,50.260767148003104,126.22827073938993,0.2208055735391099,0.35337657525087707,0.13257100171176717,exact 95% beta posterior quantiles; NaN where the prior is capped and the posterior carries no player information
003162,one_point_pct,34.0,134.0,0.2537313432835821,0.2718133338351129,0.018081990551530813,0.2912767884092967,124.48903788739304,0.5183972252563188,True,70.26076714800311,188.22827073938993,0.21941813800367527,0.32755273071234114,0.10813459270866588,exact 95% beta posterior quantiles; NaN where the prior is capped and the posterior carries no player information
003164,one_point_pct,38.0,133.0,0.2857142857142857,0.2884036064497603,0.0026893207354746207,0.2912767884092967,124.48903788739304,0.5165268435938797,True,74.26076714800311,183.22827073938993,0.23479595870594494,0.34512451660702936,0.11032855790108442,exact 95% beta posterior quantiles; NaN where the prior is capped and the posterior carries no player information
003165,one_point_pct,54.0,138.0,0.391304347826087,0.3438649014619982,-0.047439446364088755,0.2912767884092967,124.48903788739304,0.5257362406852265,True,90.26076714800311,172.22827073938993,0.2876932060753461,0.40229036458185874,0.11459715850651264,exact 95% beta posterior quantiles; NaN where the prior is capped and the posterior carries no player information
003166,one_point_pct,30.0,99.0,0.30303030303030304,0.29648329857408573,-0.006547004456217309,0.2912767884092967,124.48903788739304,0.4429747469309078,False,66.26076714800311,157.22827073938993,0.2385404415836092,0.35787614548462443,0.11933570390101522,exact 95% beta posterior quantiles; NaN where the prior is capped and the posterior carries no player information
003167,one_point_pct,19.0,54.0,0.35185185185185186,0.30960314315138265,-0.042248708700469206,0.2912767884092967,124.48903788739304,0.3025395880842165,False,55.260767148003104,123.22827073938993,0.2440903808164876,0.3791573673079256,0.135066986491438,exact 95% beta posterior quantiles; NaN where the prior is capped and the posterior carries no player information
003168,one_point_pct,49.0,151.0,0.32450331125827814,0.3094887832990789,-0.01501452795919922,0.2912767884092967,124.48903788739304,0.5481161833441871,True,85.26076714800311,190.22827073938993,0.25636243136250414,0.36523516368470155,0.10887273232219741,exact 95% beta posterior quantiles; NaN where the prior is capped and the posterior carries no player information
003170,one_point_pct,13.0,75.0,0.17333333333333334,0.24693470713819207,0.07360137380485873,0.2912767884092967,124.48903788739304,0.3759605078768076,False,49.260767148003104,150.22827073938993,0.18974544419324957,0.30892895805300213,0.11918351385975257,exact 95% beta posterior quantiles; NaN where the prior is capped and the posterior carries no player information
003171,one_point_pct,0.0,1.0,0.0,0.28895565507914345,0.28895565507914345,0.2912767884092967,124.48903788739304,0.00796882354694077,False,36.260767148003104,89.22827073938993,0.21333057023002766,0.3709517089591827,0.15762113872915506,exact 95% beta posterior quantiles; NaN where the prior is capped and the posterior carries no player information
003172,one_point_pct,2.0,20.0,0.1,0.26480048388045524,0.16480048388045523,0.2912767884092967,124.48903788739304,0.13841880527702677,False,38.260767148003104,106.22827073938993,0.19634212445816956,0.33942462570848875,0.14308250125031918,exact 95% beta posterior quantiles; NaN where the prior is capped and the posterior carries no player information
003173,one_point_pct,2.0,4.0,0.5,0.2977745633174917,-0.2022254366825083,0.2912767884092967,124.48903788739304,0.031131060406145886,False,38.260767148003104,90.22827073938993,0.22216698285774328,0.3793446689087432,0.1571776860509999,exact 95% beta posterior quantiles; NaN where the prior is capped and the posterior carries no player information
003174,one_point_pct,35.0,114.0,0.30701754385964913,0.29880101735179204,-0.008216526507857091,0.2912767884092967,124.48903788739304,0.4780093920032802,False,71.26076714800311,167.22827073938993,0.24249526040512137,0.35830298307701014,0.11580772267188877,exact 95% beta posterior quantiles; NaN where the prior is capped and the posterior carries no player information
003178,one_point_pct,2.0,3.0,0.6666666666666666,0.3001102509048473,-0.36655641576181935,0.2912767884092967,124.48903788739304,0.02353143493521226,False,38.260767148003104,89.22827073938993,0.22400940672378056,0.3821510511043016,0.15814164438052103,exact 95% beta posterior quantiles; NaN where the prior is capped and the posterior carries no player information
003179,one_point_pct,2.0,7.0,0.2857142857142857,0.29098066091843755,0.005266375204151852,0.2912767884092967,124.48903788739304,0.0532363770582517,False,38.260767148003104,93.22827073938993,0.2168178672727663,0.37116548101766966,0.15434761374490336,exact 95% beta posterior quantiles; NaN where the prior is capped and the posterior carries no player information
003180,one_point_pct,3.0,7.0,0.42857142857142855,0.29858585764104495,-0.1299855709303836,0.2912767884092967,124.48903788739304,0.0532363770582517,False,39.260767148003104,92.22827073938993,0.22372831797110848,0.37924654784728773,0.15551822987617925,exact 95% beta posterior quantiles; NaN where the prior is capped and the posterior carries no player information
003183,one_point_pct,1.0,3.0,0.3333333333333333,0.2922664392597765,-0.04106689407355679,0.2912767884092967,124.48903788739304,0.02353143493521226,False,37.260767148003104,90.22827073938993,0.2168900391261559,0.3738156190083828,0.15692557988222688,exact 95% beta posterior quantiles; NaN where the prior is capped and the posterior carries no player information
003184,one_point_pct,2.0,8.0,0.25,0.28878439875548223,0.03878439875548223,0.2912767884092967,124.48903788739304,0.060382354099359326,False,38.260767148003104,94.22827073938993,0.21509183026500978,0.3685162721958477,0.15342444193083793,exact 95% beta posterior quantiles; NaN where the prior is capped and the posterior carries no player information
003186,one_point_pct,16.0,57.0,0.2807017543859649,0.287955502747383,0.007253748361418122,0.2912767884092967,124.48903788739304,0.31406855567423475,False,52.260767148003104,129.22827073938993,0.22457617803593166,0.3557610369462054,0.13118485891027376,exact 95% beta posterior quantiles; NaN where the prior is capped and the posterior carries no player information
003188,one_point_pct,2.0,7.0,0.2857142857142857,0.29098066091843755,0.005266375204151852,0.2912767884092967,124.48903788739304,0.0532363770582517,False,38.260767148003104,93.22827073938993,0.2168178672727663,0.37116548101766966,0.15434761374490336,exact 95% beta posterior quantiles; NaN where the prior is capped and the posterior carries no player information
003190,one_point_pct,0.0,1.0,0.0,0.28895565507914345,0.28895565507914345,0.2912767884092967,124.48903788739304,0.00796882354694077,False,36.260767148003104,89.22827073938993,0.21333057023002766,0.3709517089591827,0.15762113872915506,exact 95% beta posterior quantiles; NaN where the prior is capped and the posterior carries no player information
003192,one_point_pct,34.0,118.0,0.288135593220339,0.2897482202087452,0.0016126269884061961,0.2912767884092967,124.48903788739304,0.4866199355980652,False,70.26076714800311,172.22827073938993,0.23447776786633767,0.3483035125245806,0.11382574465824291,exact 95% beta posterior quantiles; NaN where the prior is capped and the posterior carries no player information
003194,one_point_pct,0.0,1.0,0.0,0.28895565507914345,0.28895565507914345,0.2912767884092967,124.48903788739304,0.00796882354694077,False,36.260767148003104,89.22827073938993,0.21333057023002766,0.3709517089591827,0.15762113872915506,exact 95% beta posterior quantiles; NaN where the prior is capped and the posterior carries no player information
003195,one_point_pct,24.0,54.0,0.4444444444444444,0.33761606797399524,-0.10682837647044918,0.2912767884092967,124.48903788739304,0.3025395880842165,False,60.260767148003104,118.22827073938993,0.2702556751028169,0.40842359923408367,0.13816792413126677,exact 95% beta posterior quantiles; NaN where the prior is capped and the posterior carries no player information
003199,one_point_pct,0.0,1.0,0.0,0.28895565507914345,0.28895565507914345,0.2912767884092967,124.48903788739304,0.00796882354694077,False,36.260767148003104,89.22827073938993,0.21333057023002766,0.3709517089591827,0.15762113872915506,exact 95% beta posterior quantiles; NaN where the prior is capped and the posterior carries no player information
003203,one_point_pct,4.0,10.0,0.4,0.29936095744631047,-0.10063904255368955,0.2912767884092967,124.48903788739304,0.07435550255309989,False,40.260767148003104,94.22827073938993,0.22523224042379297,0.37914157667546533,0.15390933625167236,exact 95% beta posterior quantiles; NaN where the prior is capped and the posterior carries no player information
003206,one_point_pct,0.0,6.0,0.0,0.27788362712348863,0.27788362712348863,0.2912767884092967,124.48903788739304,0.04598087392733914,False,36.260767148003104,94.22827073938993,0.20471651313710026,0.35749863865203224,0.15278212551493198,exact 95% beta posterior quantiles; NaN where the prior is capped and the posterior carries no player information
003208,one_point_pct,0.0,3.0,0.0,0.28442262761470577,0.28442262761470577,0.2912767884092967,124.48903788739304,0.02353143493521226,False,36.260767148003104,91.22827073938993,0.20979907884611748,0.36545173983904533,0.15565266099292785,exact 95% beta posterior quantiles; NaN where the prior is capped and the posterior carries no player information
003209,one_point_pct,0.0,4.0,0.0,0.28220903311441875,0.28220903311441875,0.2912767884092967,124.48903788739304,0.031131060406145886,False,36.260767148003104,92.22827073938993,0.2080769777239766,0.362761983909877,0.15468500618590042,exact 95% beta posterior quantiles; NaN where the prior is capped and the posterior carries no player information
003211,one_point_pct,20.0,52.0,0.38461538461538464,0.31877768626003666,-0.06583769835534797,0.2912767884092967,124.48903788739304,0.2946358630680397,False,56.260767148003104,120.22827073938993,0.2522692144557368,0.3891765864973422,0.1369073720416054,exact 95% beta posterior quantiles; NaN where the prior is capped and the posterior carries no player information
003212,one_point_pct,2.0,5.0,0.4,0.29547495117907696,-0.10452504882092306,0.2912767884092967,124.48903788739304,0.038613307207889885,False,38.260767148003104,91.22827073938993,0.2203547403041739,0.37657885151566006,0.15622411121148616,exact 95% beta posterior quantiles; NaN where the prior is capped and the posterior carries no player information
003228,one_point_pct,0.0,1.0,0.0,0.28895565507914345,0.28895565507914345,0.2912767884092967,124.48903788739304,0.00796882354694077,False,36.260767148003104,89.22827073938993,0.21333057023002766,0.3709517089591827,0.15762113872915506,exact 95% beta posterior quantiles; NaN where the prior is capped and the posterior carries no player information
003232,one_point_pct,2.0,2.0,1.0,0.30248286955953274,-0.6975171304404673,0.2912767884092967,124.48903788739304,0.015811646869988066,False,38.260767148003104,88.22827073938993,0.2258827757614199,0.3849988862348255,0.15911611047340557,exact 95% beta posterior quantiles; NaN where the prior is capped and the posterior carries no player information
003238,one_point_pct,0.0,3.0,0.0,0.28442262761470577,0.28442262761470577,0.2912767884092967,124.48903788739304,0.02353143493521226,False,36.260767148003104,91.22827073938993,0.20979907884611748,0.36545173983904533,0.15565266099292785,exact 95% beta posterior quantiles; NaN where the prior is capped and the posterior carries no player information
003242,one_point_pct,0.0,1.0,0.0,0.28895565507914345,0.28895565507914345,0.2912767884092967,124.48903788739304,0.00796882354694077,False,36.260767148003104,89.22827073938993,0.21333057023002766,0.3709517089591827,0.15762113872915506,exact 95% beta posterior quantiles; NaN where the prior is capped and the posterior carries no player information
003248,one_point_pct,18.0,58.0,0.3103448275862069,0.29733713200617196,-0.01300769558003495,0.2912767884092967,124.48903788739304,0.31782730991101815,False,54.260767148003104,128.22827073938993,0.23340622553951107,0.3654753906012047,0.13206916506169364,exact 95% beta posterior quantiles; NaN where the prior is capped and the posterior carries no player information
003249,one_point_pct,1.0,10.0,0.1,0.2770543066803805,0.1770543066803805,0.2912767884092967,124.48903788739304,0.07435550255309989,False,37.260767148003104,97.22827073938993,0.20500358930439688,0.3553845152782742,0.1503809259738773,exact 95% beta posterior quantiles; NaN where the prior is capped and the posterior carries no player information
003250,one_point_pct,11.0,36.0,0.3055555555555556,0.2944797212951303,-0.011075834260425299,0.2912767884092967,124.48903788739304,0.22431438604086693,False,47.260767148003104,113.22827073938993,0.22672914326540194,0.36708175475359894,0.140352611488197,exact 95% beta posterior quantiles; NaN where the prior is capped and the posterior carries no player information
003251,one_point_pct,0.0,1.0,0.0,0.28895565507914345,0.28895565507914345,0.2912767884092967,124.48903788739304,0.00796882354694077,False,36.260767148003104,89.22827073938993,0.21333057023002766,0.3709517089591827,0.15762113872915506,exact 95% beta posterior quantiles; NaN where the prior is capped and the posterior carries no player information
003252,one_point_pct,8.0,44.0,0.18181818181818182,0.2626922659359245,0.08087408411774266,0.2912767884092967,124.48903788739304,0.2611445857350476,False,44.260767148003104,124.22827073938993,0.19922721342300065,0.3314923646103125,0.13226515118731186,exact 95% beta posterior quantiles; NaN where the prior is capped and the posterior carries no player information
003253,one_point_pct,0.0,7.0,0.0,0.2757702674732228,0.2757702674732228,0.2912767884092967,124.48903788739304,0.0532363770582517,False,36.260767148003104,95.22827073938993,0.20307679803227074,0.3549234050733503,0.15184660704107955,exact 95% beta posterior quantiles; NaN where the prior is capped and the posterior carries no player information
003254,one_point_pct,2.0,5.0,0.4,0.29547495117907696,-0.10452504882092306,0.2912767884092967,124.48903788739304,0.038613307207889885,False,38.260767148003104,91.22827073938993,0.2203547403041739,0.37657885151566006,0.15622411121148616,exact 95% beta posterior quantiles; NaN where the prior is capped and the posterior carries no player information
003255,one_point_pct,0.0,1.0,0.0,0.28895565507914345,0.28895565507914345,0.2912767884092967,124.48903788739304,0.00796882354694077,False,36.260767148003104,89.22827073938993,0.21333057023002766,0.3709517089591827,0.15762113872915506,exact 95% beta posterior quantiles; NaN where the prior is capped and the posterior carries no player information
003256,one_point_pct,3.0,11.0,0.2727272727272727,0.2897708018314612,0.017043529104188493,0.2912767884092967,124.48903788739304,0.08118737996458625,False,39.260767148003104,96.22827073938993,0.21676443293108605,0.36865522476728074,0.1518907918361947,exact 95% beta posterior quantiles; NaN where the prior is capped and the posterior carries no player information
003257,one_point_pct,16.0,40.0,0.4,0.31771580537652677,-0.08228419462347325,0.2912767884092967,124.48903788739304,0.2431772993126962,False,52.260767148003104,112.22827073938993,0.2489942196116317,0.3906360883556772,0.1416418687440455,exact 95% beta posterior quantiles; NaN where the prior is capped and the posterior carries no player information
003259,one_point_pct,0.0,1.0,0.0,0.28895565507914345,0.28895565507914345,0.2912767884092967,124.48903788739304,0.00796882354694077,False,36.260767148003104,89.22827073938993,0.21333057023002766,0.3709517089591827,0.15762113872915506,exact 95% beta posterior quantiles; NaN where the prior is capped and the posterior carries no player information
003260,one_point_pct,0.0,1.0,0.0,0.28895565507914345,0.28895565507914345,0.2912767884092967,124.48903788739304,0.00796882354694077,False,36.260767148003104,89.22827073938993,0.21333057023002766,0.3709517089591827,0.15762113872915506,exact 95% beta posterior quantiles; NaN where the prior is capped and the posterior carries no player information
003261,one_point_pct,4.0,13.0,0.3076923076923077,0.29282892488474377,-0.01486338280756394,0.2912767884092967,124.48903788739304,0.09455299273129925,False,40.260767148003104,97.22827073938993,0.2200508666865062,0.3713153730786871,0.15126450639218092,exact 95% beta posterior quantiles; NaN where the prior is capped and the posterior carries no player information
003266,one_point_pct,5.0,25.0,0.2,0.27601199212402433,0.07601199212402432,0.2912767884092967,124.48903788739304,0.1672363429004873,False,41.260767148003104,108.22827073938993,0.20757255723583512,0.3501273230940569,0.1425547658582218,exact 95% beta posterior quantiles; NaN where the prior is capped and the posterior carries no player information
003267,one_point_pct,19.0,55.0,0.34545454545454546,0.30787822921348734,-0.037576316241058116,0.2912767884092967,124.48903788739304,0.30642539871713853,False,55.260767148003104,124.22827073938993,0.24266366582014598,0.3771481240692083,0.1344844582490623,exact 95% beta posterior quantiles; NaN where the prior is capped and the posterior carries no player information
003268,one_point_pct,1.0,5.0,0.2,0.287752289737499,0.08775228973749899,0.2912767884092967,124.48903788739304,0.038613307207889885,False,37.260767148003104,92.22827073938993,0.21335502693546005,0.36835891180089675,0.1550038848654367,exact 95% beta posterior quantiles; NaN where the prior is capped and the posterior carries no player information
003269,one_point_pct,1.0,4.0,0.25,0.2899917982159552,0.03999179821595522,0.2912767884092967,124.48903788739304,0.031131060406145886,False,37.260767148003104,91.22827073938993,0.21510795448557474,0.3710673720052,0.15595941751962528,exact 95% beta posterior quantiles; NaN where the prior is capped and the posterior carries no player information
003270,one_point_pct,3.0,36.0,0.08333333333333333,0.2446320799527154,0.1612987466193821,0.2912767884092967,124.48903788739304,0.22431438604086693,False,39.260767148003104,121.22827073938993,0.18148405497777276,0.31380659094429575,0.132322535966523,exact 95% beta posterior quantiles; NaN where the prior is capped and the posterior carries no player information
003271,one_point_pct,0.0,1.0,0.0,0.28895565507914345,0.28895565507914345,0.2912767884092967,124.48903788739304,0.00796882354694077,False,36.260767148003104,89.22827073938993,0.21333057023002766,0.3709517089591827,0.15762113872915506,exact 95% beta posterior quantiles; NaN where the prior is capped and the posterior carries no player information
003273,one_point_pct,5.0,22.0,0.22727272727272727,0.2816645377910154,0.05439181051828815,0.2912767884092967,124.48903788739304,0.15018188608018251,False,41.260767148003104,105.22827073938993,0.21204029468935914,0.35693489978439175,0.1448946050950326,exact 95% beta posterior quantiles; NaN where the prior is capped and the posterior carries no player information
003275,one_point_pct,2.0,16.0,0.125,0.2723398759316045,0.14733987593160452,0.2912767884092967,124.48903788739304,0.1138878893371351,False,38.260767148003104,102.22827073938993,0.20221672099432908,0.3486013369692955,0.14638461597496644,exact 95% beta posterior quantiles; NaN where the prior is capped and the posterior carries no player information
003277,one_point_pct,14.0,58.0,0.2413793103448276,0.2754180071847225,0.03403869683989488,0.2912767884092967,124.48903788739304,0.31782730991101815,False,50.260767148003104,132.22827073938993,0.21321821588207968,0.34227977742557414,0.12906156154349446,exact 95% beta posterior quantiles; NaN where the prior is capped and the posterior carries no player information
003278,one_point_pct,4.0,9.0,0.4444444444444444,0.3016035457680485,-0.14284089867639593,0.2912767884092967,124.48903788739304,0.06742126651322564,False,40.260767148003104,93.22827073938993,0.2270142440975178,0.3818235030339565,0.1548092589364387,exact 95% beta posterior quantiles; NaN where the prior is capped and the posterior carries no player information
003279,one_point_pct,0.0,7.0,0.0,0.2757702674732228,0.2757702674732228,0.2912767884092967,124.48903788739304,0.0532363770582517,False,36.260767148003104,95.22827073938993,0.20307679803227074,0.3549234050733503,0.15184660704107955,exact 95% beta posterior quantiles; NaN where the prior is capped and the posterior carries no player information
003280,one_point_pct,19.0,60.0,0.31666666666666665,0.2995341500004609,-0.017132516666205744,0.2912767884092967,124.48903788739304,0.32522257521133763,False,55.260767148003104,129.22827073938993,0.23577406935510226,0.3674108909617644,0.13163682160666212,exact 95% beta posterior quantiles; NaN where the prior is capped and the posterior carries no player information
003281,one_point_pct,7.0,23.0,0.30434782608695654,0.29331513560372147,-0.011032690483235075,0.2912767884092967,124.48903788739304,0.1559437930401333,False,43.260767148003104,104.22827073938993,0.22288238976034336,0.36905679895426147,0.1461744091939181,exact 95% beta posterior quantiles; NaN where the prior is capped and the posterior carries no player information
003282,one_point_pct,1.0,3.0,0.3333333333333333,0.2922664392597765,-0.04106689407355679,0.2912767884092967,124.48903788739304,0.02353143493521226,False,37.260767148003104,90.22827073938993,0.2168900391261559,0.3738156190083828,0.15692557988222688,exact 95% beta posterior quantiles; NaN where the prior is capped and the posterior carries no player information
003283,one_point_pct,1.0,3.0,0.3333333333333333,0.2922664392597765,-0.04106689407355679,0.2912767884092967,124.48903788739304,0.02353143493521226,False,37.260767148003104,90.22827073938993,0.2168900391261559,0.3738156190083828,0.15692557988222688,exact 95% beta posterior quantiles; NaN where the prior is capped and the posterior carries no player information
003284,one_point_pct,1.0,2.0,0.5,0.2945770461245387,-0.20542295387546128,0.2912767884092967,124.48903788739304,0.015811646869988066,False,37.260767148003104,89.22827073938993,0.2187020177661907,0.37660452592535876,0.15790250815916806,exact 95% beta posterior quantiles; NaN where the prior is capped and the posterior carries no player information
003285,one_point_pct,12.0,48.0,0.25,0.27979034342756,0.029790343427559984,0.2912767884092967,124.48903788739304,0.278278553744013,False,48.260767148003104,124.22827073938993,0.21552617751876824,0.34889079895219766,0.13336462143342942,exact 95% beta posterior quantiles; NaN where the prior is capped and the posterior carries no player information
003287,one_point_pct,0.0,1.0,0.0,0.28895565507914345,0.28895565507914345,0.2912767884092967,124.48903788739304,0.00796882354694077,False,36.260767148003104,89.22827073938993,0.21333057023002766,0.3709517089591827,0.15762113872915506,exact 95% beta posterior quantiles; NaN where the prior is capped and the posterior carries no player information
003288,one_point_pct,9.0,32.0,0.28125,0.2892264388549185,0.0079764388549185,0.2912767884092967,124.48903788739304,0.2044871668456846,False,45.260767148003104,111.22827073938993,0.2210960010124836,0.36245938306092285,0.14136338204843923,exact 95% beta posterior quantiles; NaN where the prior is capped and the posterior carries no player information
003289,one_point_pct,0.0,1.0,0.0,0.28895565507914345,0.28895565507914345,0.2912767884092967,124.48903788739304,0.00796882354694077,False,36.260767148003104,89.22827073938993,0.21333057023002766,0.3709517089591827,0.15762113872915506,exact 95% beta posterior quantiles; NaN where the prior is capped and the posterior carries no player information
003290,one_point_pct,1.0,6.0,0.16666666666666666,0.28554710611137846,0.1188804394447118,0.2912767884092967,124.48903788739304,0.04598087392733914,False,37.260767148003104,93.22827073938993,0.21163054366479628,0.3656893894949462,0.15405884583014995,exact 95% beta posterior quantiles; NaN where the prior is capped and the posterior carries no player information
003293,one_point_pct,0.0,4.0,0.0,0.28220903311441875,0.28220903311441875,0.2912767884092967,124.48903788739304,0.031131060406145886,False,36.260767148003104,92.22827073938993,0.2080769777239766,0.362761983909877,0.15468500618590042,exact 95% beta posterior quantiles; NaN where the prior is capped and the posterior carries no player information
003296,one_point_pct,1.0,2.0,0.5,0.2945770461245387,-0.20542295387546128,0.2912767884092967,124.48903788739304,0.015811646869988066,False,37.260767148003104,89.22827073938993,0.2187020177661907,0.37660452592535876,0.15790250815916806,exact 95% beta posterior quantiles; NaN where the prior is capped and the posterior carries no player information
003297,one_point_pct,3.0,18.0,0.16666666666666666,0.2755353515617833,0.10886868489511667,0.2912767884092967,124.48903788739304,0.12632550732937878,False,39.260767148003104,103.22827073938993,0.2055702825600747,0.35146775215980597,0.14589746959973127,exact 95% beta posterior quantiles; NaN where the prior is capped and the posterior carries no player information
003298,one_point_pct,10.0,17.0,0.5882352941176471,0.32695654616593467,-0.2612787479517124,0.2912767884092967,124.48903788739304,0.12015065091848175,False,46.260767148003104,95.22827073938993,0.2523918677761685,0.40615517130936496,0.15376330353319645,exact 95% beta posterior quantiles; NaN where the prior is capped and the posterior carries no player information
003300,one_point_pct,1.0,8.0,0.125,0.2812366044930623,0.15623660449306231,0.2912767884092967,124.48903788739304,0.060382354099359326,False,37.260767148003104,95.22827073938993,0.20826417379430495,0.360463881137548,0.15219970734324306,exact 95% beta posterior quantiles; NaN where the prior is capped and the posterior carries no player information
003302,one_point_pct,1.0,6.0,0.16666666666666666,0.28554710611137846,0.1188804394447118,0.2912767884092967,124.48903788739304,0.04598087392733914,False,37.260767148003104,93.22827073938993,0.21163054366479628,0.3656893894949462,0.15405884583014995,exact 95% beta posterior quantiles; NaN where the prior is capped and the posterior carries no player information
000201,two_point_pct,0.0,3.0,0.0,0.14604418661389046,0.14604418661389046,0.1460446247464503,1000000.0,2.999991000027e-06,False,146044.6247464503,853958.3752535497,,,,exact 95% beta posterior quantiles; NaN where the prior is capped and the posterior carries no player information
000211,two_point_pct,1.0,14.0,0.07142857142857142,0.1460435801363284,0.07461500870775697,0.1460446247464503,1000000.0,1.3999804002743962e-05,False,146045.6247464503,853968.3752535497,,,,exact 95% beta posterior quantiles; NaN where the prior is capped and the posterior carries no player information
000216,two_point_pct,17.0,71.0,0.23943661971830985,0.14605125510733769,-0.09338536461097216,0.1460446247464503,1000000.0,7.099495935788559e-05,False,146061.6247464503,854009.3752535497,,,,exact 95% beta posterior quantiles; NaN where the prior is capped and the posterior carries no player information
000221,two_point_pct,0.0,5.0,0.0,0.14604389452697766,0.14604389452697766,0.1460446247464503,1000000.0,4.9999750001249995e-06,False,146044.6247464503,853960.3752535497,,,,exact 95% beta posterior quantiles; NaN where the prior is capped and the posterior carries no player information
000222,two_point_pct,0.0,1.0,0.0,0.1460444787019716,0.1460444787019716,0.1460446247464503,1000000.0,9.99999000001e-07,False,146044.6247464503,853956.3752535497,,,,exact 95% beta posterior quantiles; NaN where the prior is capped and the posterior carries no player information
000223,two_point_pct,0.0,8.0,0.0,0.14604345639879912,0.14604345639879912,0.1460446247464503,1000000.0,7.999936000511995e-06,False,146044.6247464503,853963.3752535497,,,,exact 95% beta posterior quantiles; NaN where the prior is capped and the posterior carries no player information
000225,two_point_pct,5.0,40.0,0.125,0.14604378299513052,0.021043782995130517,0.1460446247464503,1000000.0,3.999840006399744e-05,False,146049.6247464503,853990.3752535497,,,,exact 95% beta posterior quantiles; NaN where the prior is capped and the posterior carries no player information
000227,two_point_pct,1.0,7.0,0.14285714285714285,0.14604460243423328,0.0031874595770904346,0.1460446247464503,1000000.0,6.9999510003429975e-06,False,146045.6247464503,853961.3752535497,,,,exact 95% beta posterior quantiles; NaN where the prior is capped and the posterior carries no player information
000231,two_point_pct,0.0,2.0,0.0,0.146044332657785,0.146044332657785,0.1460446247464503,1000000.0,1.999996000008e-06,False,146044.6247464503,853957.3752535497,,,,exact 95% beta posterior quantiles; NaN where the prior is capped and the posterior carries no player information
000235,two_point_pct,0.0,4.0,0.0,0.14604404057028803,0.14604404057028803,0.1460446247464503,1000000.0,3.9999840000639995e-06,False,146044.6247464503,853959.3752535497,,,,exact 95% beta posterior quantiles; NaN where the prior is capped and the posterior carries no player information
000238,two_point_pct,0.0,1.0,0.0,0.1460444787019716,0.1460444787019716,0.1460446247464503,1000000.0,9.99999000001e-07,False,146044.6247464503,853956.3752535497,,,,exact 95% beta posterior quantiles; NaN where the prior is capped and the posterior carries no player information
000240,two_point_pct,0.0,6.0,0.0,0.1460437484839594,0.1460437484839594,0.1460446247464503,1000000.0,5.9999640002159985e-06,False,146044.6247464503,853961.3752535497,,,,exact 95% beta posterior quantiles; NaN where the prior is capped and the posterior carries no player information
000242,two_point_pct,1.0,6.0,0.16666666666666666,0.14604474847795945,-0.020621918188707206,0.1460446247464503,1000000.0,5.9999640002159985e-06,False,146045.6247464503,853960.3752535497,,,,exact 95% beta posterior quantiles; NaN where the prior is capped and the posterior carries no player information
000246,two_point_pct,1.0,2.0,0.5,0.146045332655785,-0.353954667344215,0.1460446247464503,1000000.0,1.999996000008e-06,False,146045.6247464503,853956.3752535497,,,,exact 95% beta posterior quantiles; NaN where the prior is capped and the posterior carries no player information
000254,two_point_pct,2.0,7.0,0.2857142857142857,0.14604560242723333,-0.13966868328705237,0.1460446247464503,1000000.0,6.9999510003429975e-06,False,146046.6247464503,853960.3752535497,,,,exact 95% beta posterior quantiles; NaN where the prior is capped and the posterior carries no player information
000258,two_point_pct,0.0,11.0,0.0,0.1460430182732493,0.1460430182732493,0.1460446247464503,1000000.0,1.0999879001330986e-05,False,146044.6247464503,853966.3752535497,,,,exact 95% beta posterior quantiles; NaN where the prior is capped and the posterior carries no player information
000262,two_point_pct,0.0,5.0,0.0,0.14604389452697766,0.14604389452697766,0.1460446247464503,1000000.0,4.9999750001249995e-06,False,146044.6247464503,853960.3752535497,,,,exact 95% beta posterior quantiles; NaN where the prior is capped and the posterior carries no player information
000266,two_point_pct,0.0,4.0,0.0,0.14604404057028803,0.14604404057028803,0.1460446247464503,1000000.0,3.9999840000639995e-06,False,146044.6247464503,853959.3752535497,,,,exact 95% beta posterior quantiles; NaN where the prior is capped and the posterior carries no player information
000267,two_point_pct,1.0,8.0,0.125,0.1460444563907992,0.021044456390799188,0.1460446247464503,1000000.0,7.999936000511995e-06,False,146045.6247464503,853962.3752535497,,,,exact 95% beta posterior quantiles; NaN where the prior is capped and the posterior carries no player information
000269,two_point_pct,3.0,31.0,0.0967741935483871,0.1460430974104306,0.049268903862043495,0.1460446247464503,1000000.0,3.0999039029790073e-05,False,146047.6247464503,853983.3752535497,,,,exact 95% beta posterior quantiles; NaN where the prior is capped and the posterior carries no player information
000272,two_point_pct,0.0,2.0,0.0,0.146044332657785,0.146044332657785,0.1460446247464503,1000000.0,1.999996000008e-06,False,146044.6247464503,853957.3752535497,,,,exact 95% beta posterior quantiles; NaN where the prior is capped and the posterior carries no player information
000275,two_point_pct,1.0,5.0,0.2,0.1460448945219777,-0.05395510547802232,0.1460446247464503,1000000.0,4.9999750001249995e-06,False,146045.6247464503,853959.3752535497,,,,exact 95% beta posterior quantiles; NaN where the prior is capped and the posterior carries no player information
000276,two_point_pct,3.0,12.0,0.25,0.14604587219598397,-0.10395412780401603,0.1460446247464503,1000000.0,1.1999856001727979e-05,False,146047.6247464503,853964.3752535497,,,,exact 95% beta posterior quantiles; NaN where the prior is capped and the posterior carries no player information
000278,two_point_pct,5.0,27.0,0.18518518518518517,0.14604568151304945,-0.03913950367213573,0.1460446247464503,1000000.0,2.699927101968247e-05,False,146049.6247464503,853977.3752535497,,,,exact 95% beta posterior quantiles; NaN where the prior is capped and the posterior carries no player information
000279,two_point_pct,1.0,3.0,0.3333333333333333,0.14604518661089047,-0.18728814672244284,0.1460446247464503,1000000.0,2.999991000027e-06,False,146045.6247464503,853957.3752535497,,,,exact 95% beta posterior quantiles; NaN where the prior is capped and the posterior carries no player information
000281,two_point_pct,1.0,16.0,0.0625,0.14604328805384145,0.08354328805384145,0.1460446247464503,1000000.0,1.5999744004095935e-05,False,146045.6247464503,853970.3752535497,,,,exact 95% beta posterior quantiles; NaN where the prior is capped and the posterior carries no player information
000295,two_point_pct,1.0,2.0,0.5,0.146045332655785,-0.353954667344215,0.1460446247464503,1000000.0,1.999996000008e-06,False,146045.6247464503,853956.3752535497,,,,exact 95% beta posterior quantiles; NaN where the prior is capped and the posterior carries no player information
000298,two_point_pct,0.0,1.0,0.0,0.1460444787019716,0.1460444787019716,0.1460446247464503,1000000.0,9.99999000001e-07,False,146044.6247464503,853956.3752535497,,,,exact 95% beta posterior quantiles; NaN where the prior is capped and the posterior carries no player information
000302,two_point_pct,1.0,23.0,0.043478260869565216,0.1460422657743375,0.10256400490477227,0.1460446247464503,1000000.0,2.299947101216672e-05,False,146045.6247464503,853977.3752535497,,,,exact 95% beta posterior quantiles; NaN where the prior is capped and the posterior carries no player information
000305,two_point_pct,18.0,110.0,0.16363636363636364,0.14604655962489158,-0.01758980401147206,0.1460446247464503,1000000.0,0.00010998790133085361,False,146062.6247464503,854047.3752535497,,,,exact 95% beta posterior quantiles; NaN where the prior is capped and the posterior carries no player information
000308,two_point_pct,0.0,2.0,0.0,0.146044332657785,0.146044332657785,0.1460446247464503,1000000.0,1.999996000008e-06,False,146044.6247464503,853957.3752535497,,,,exact 95% beta posterior quantiles; NaN where the prior is capped and the posterior carries no player information
000314,two_point_pct,2.0,12.0,0.16666666666666666,0.14604487220798382,-0.02062179445868284,0.1460446247464503,1000000.0,1.1999856001727979e-05,False,146046.6247464503,853965.3752535497,,,,exact 95% beta posterior quantiles; NaN where the prior is capped and the posterior carries no player information
000315,two_point_pct,0.0,4.0,0.0,0.14604404057028803,0.14604404057028803,0.1460446247464503,1000000.0,3.9999840000639995e-06,False,146044.6247464503,853959.3752535497,,,,exact 95% beta posterior quantiles; NaN where the prior is capped and the posterior carries no player information
000318,two_point_pct,0.0,3.0,0.0,0.14604418661389046,0.14604418661389046,0.1460446247464503,1000000.0,2.999991000027e-06,False,146044.6247464503,853958.3752535497,,,,exact 95% beta posterior quantiles; NaN where the prior is capped and the posterior carries no player information
000322,two_point_pct,0.0,6.0,0.0,0.1460437484839594,0.1460437484839594,0.1460446247464503,1000000.0,5.9999640002159985e-06,False,146044.6247464503,853961.3752535497,,,,exact 95% beta posterior quantiles; NaN where the prior is capped and the posterior carries no player information
000327,two_point_pct,1.0,3.0,0.3333333333333333,0.14604518661089047,-0.18728814672244284,0.1460446247464503,1000000.0,2.999991000027e-06,False,146045.6247464503,853957.3752535497,,,,exact 95% beta posterior quantiles; NaN where the prior is capped and the posterior carries no player information
000333,two_point_pct,5.0,37.0,0.13513513513513514,0.14604422111026924,0.010909085975134097,0.1460446247464503,1000000.0,3.699863105065113e-05,False,146049.6247464503,853987.3752535497,,,,exact 95% beta posterior quantiles; NaN where the prior is capped and the posterior carries no player information
000337,two_point_pct,0.0,3.0,0.0,0.14604418661389046,0.14604418661389046,0.1460446247464503,1000000.0,2.999991000027e-06,False,146044.6247464503,853958.3752535497,,,,exact 95% beta posterior quantiles; NaN where the prior is capped and the posterior carries no player information
000339,two_point_pct,17.0,86.0,0.19767441860465115,0.146049064526901,-0.05162535407775015,0.1460446247464503,1000000.0,8.59926046360013e-05,False,146061.6247464503,854024.3752535497,,,,exact 95% beta posterior quantiles; NaN where the prior is capped and the posterior carries no player information
000345,two_point_pct,2.0,7.0,0.2857142857142857,0.14604560242723333,-0.13966868328705237,0.1460446247464503,1000000.0,6.9999510003429975e-06,False,146046.6247464503,853960.3752535497,,,,exact 95% beta posterior quantiles; NaN where the prior is capped and the posterior carries no player information
000351,two_point_pct,1.0,7.0,0.14285714285714285,0.14604460243423328,0.0031874595770904346,0.1460446247464503,1000000.0,6.9999510003429975e-06,False,146045.6247464503,853961.3752535497,,,,exact 95% beta posterior quantiles; NaN where the prior is capped and the posterior carries no player information
000353,two_point_pct,0.0,2.0,0.0,0.146044332657785,0.146044332657785,0.1460446247464503,1000000.0,1.999996000008e-06,False,146044.6247464503,853957.3752535497,,,,exact 95% beta posterior quantiles; NaN where the prior is capped and the posterior carries no player information
000355,two_point_pct,0.0,11.0,0.0,0.1460430182732493,0.1460430182732493,0.1460446247464503,1000000.0,1.0999879001330986e-05,False,146044.6247464503,853966.3752535497,,,,exact 95% beta posterior quantiles; NaN where the prior is capped and the posterior carries no player information
000356,two_point_pct,4.0,30.0,0.13333333333333333,0.14604424341914773,0.012710910085814403,0.1460446247464503,1000000.0,2.999910002699919e-05,False,146048.6247464503,853981.3752535497,,,,exact 95% beta posterior quantiles; NaN where the prior is capped and the posterior carries no player information
000357,two_point_pct,8.0,47.0,0.1702127659574468,0.14604576059570232,-0.024167005361744487,0.1460446247464503,1000000.0,4.699779110381812e-05,False,146052.6247464503,853994.3752535497,,,,exact 95% beta posterior quantiles; NaN where the prior is capped and the posterior carries no player information
000358,two_point_pct,3.0,11.0,0.2727272727272727,0.14604601824024968,-0.12668125448702303,0.1460446247464503,1000000.0,1.0999879001330986e-05,False,146047.6247464503,853963.3752535497,,,,exact 95% beta posterior quantiles; NaN where the prior is capped and the posterior carries no player information
000359,two_point_pct,0.0,1.0,0.0,0.1460444787019716,0.1460444787019716,0.1460446247464503,1000000.0,9.99999000001e-07,False,146044.6247464503,853956.3752535497,,,,exact 95% beta posterior quantiles; NaN where the prior is capped and the posterior carries no player information
000361,two_point_pct,0.0,3.0,0.0,0.14604418661389046,0.14604418661389046,0.1460446247464503,1000000.0,2.999991000027e-06,False,146044.6247464503,853958.3752535497,,,,exact 95% beta posterior quantiles; NaN where the prior is capped and the posterior carries no player information
000363,two_point_pct,2.0,13.0,0.15384615384615385,0.14604472616501016,-0.007801427681143697,0.1460446247464503,1000000.0,1.2999831002196972e-05,False,146046.6247464503,853966.3752535497,,,,exact 95% beta posterior quantiles; NaN where the prior is capped and the posterior carries no player information
000365,two_point_pct,1.0,10.0,0.1,0.14604416430480727,0.04604416430480726,0.1460446247464503,1000000.0,9.99990000099999e-06,False,146045.6247464503,853964.3752535497,,,,exact 95% beta posterior quantiles; NaN where the prior is capped and the posterior carries no player information
000366,two_point_pct,0.0,2.0,0.0,0.146044332657785,0.146044332657785,0.1460446247464503,1000000.0,1.999996000008e-06,False,146044.6247464503,853957.3752535497,,,,exact 95% beta posterior quantiles; NaN where the prior is capped and the posterior carries no player information
000368,two_point_pct,0.0,2.0,0.0,0.146044332657785,0.146044332657785,0.1460446247464503,1000000.0,1.999996000008e-06,False,146044.6247464503,853957.3752535497,,,,exact 95% beta posterior quantiles; NaN where the prior is capped and the posterior carries no player information
000370,two_point_pct,0.0,2.0,0.0,0.146044332657785,0.146044332657785,0.1460446247464503,1000000.0,1.999996000008e-06,False,146044.6247464503,853957.3752535497,,,,exact 95% beta posterior quantiles; NaN where the prior is capped and the posterior carries no player information
000373,two_point_pct,1.0,14.0,0.07142857142857142,0.1460435801363284,0.07461500870775697,0.1460446247464503,1000000.0,1.3999804002743962e-05,False,146045.6247464503,853968.3752535497,,,,exact 95% beta posterior quantiles; NaN where the prior is capped and the posterior carries no player information
000376,two_point_pct,7.0,36.0,0.19444444444444445,0.14604636707723553,-0.048398077367208914,0.1460446247464503,1000000.0,3.599870404665432e-05,False,146051.6247464503,853984.3752535497,,,,exact 95% beta posterior quantiles; NaN where the prior is capped and the posterior carries no player information
000390,two_point_pct,8.0,32.0,0.25,0.14604795121201153,-0.10395204878798847,0.1460446247464503,1000000.0,3.199897603276695e-05,False,146052.6247464503,853979.3752535497,,,,exact 95% beta posterior quantiles; NaN where the prior is capped and the posterior carries no player information
000391,two_point_pct,2.0,9.0,0.2222222222222222,0.14604531033865725,-0.07617691188356496,0.1460446247464503,1000000.0,8.999919000728994e-06,False,146046.6247464503,853962.3752535497,,,,exact 95% beta posterior quantiles; NaN where the prior is capped and the posterior carries no player information
000395,two_point_pct,13.0,94.0,0.13829787234042554,0.146043896620168,0.007746024279742469,0.1460446247464503,1000000.0,9.399116483050594e-05,False,146057.6247464503,854036.3752535497,,,,exact 95% beta posterior quantiles; NaN where the prior is capped and the posterior carries no player information
000405,two_point_pct,0.0,7.0,0.0,0.1460436024412332,0.1460436024412332,0.1460446247464503,1000000.0,6.9999510003429975e-06,False,146044.6247464503,853962.3752535497,,,,exact 95% beta posterior quantiles; NaN where the prior is capped and the posterior carries no player information
000408,two_point_pct,0.0,2.0,0.0,0.146044332657785,0.146044332657785,0.1460446247464503,1000000.0,1.999996000008e-06,False,146044.6247464503,853957.3752535497,,,,exact 95% beta posterior quantiles; NaN where the prior is capped and the posterior carries no player information
000409,two_point_pct,1.0,11.0,0.09090909090909091,0.14604401826224941,0.0551349273531585,0.1460446247464503,1000000.0,1.0999879001330986e-05,False,146045.6247464503,853965.3752535497,,,,exact 95% beta posterior quantiles; NaN where the prior is capped and the posterior carries no player information
000410,two_point_pct,0.0,2.0,0.0,0.146044332657785,0.146044332657785,0.1460446247464503,1000000.0,1.999996000008e-06,False,146044.6247464503,853957.3752535497,,,,exact 95% beta posterior quantiles; NaN where the prior is capped and the posterior carries no player information
000414,two_point_pct,1.0,11.0,0.09090909090909091,0.14604401826224941,0.0551349273531585,0.1460446247464503,1000000.0,1.0999879001330986e-05,False,146045.6247464503,853965.3752535497,,,,exact 95% beta posterior quantiles; NaN where the prior is capped and the posterior carries no player information
000416,two_point_pct,6.0,26.0,0.23076923076923078,0.14604682752893455,-0.08472240324029623,0.1460446247464503,1000000.0,2.5999324017575543e-05,False,146050.6247464503,853975.3752535497,,,,exact 95% beta posterior quantiles; NaN where the prior is capped and the posterior carries no player information
000418,two_point_pct,0.0,2.0,0.0,0.146044332657785,0.146044332657785,0.1460446247464503,1000000.0,1.999996000008e-06,False,146044.6247464503,853957.3752535497,,,,exact 95% beta posterior quantiles; NaN where the prior is capped and the posterior carries no player information
000419,two_point_pct,2.0,16.0,0.125,0.1460442880378417,0.021044288037841696,0.1460446247464503,1000000.0,1.5999744004095935e-05,False,146046.6247464503,853969.3752535497,,,,exact 95% beta posterior quantiles; NaN where the prior is capped and the posterior carries no player information
000422,two_point_pct,2.0,10.0,0.2,0.14604516429480735,-0.05395483570519266,0.1460446247464503,1000000.0,9.99990000099999e-06,False,146046.6247464503,853963.3752535497,,,,exact 95% beta posterior quantiles; NaN where the prior is capped and the posterior carries no player information
000424,two_point_pct,0.0,3.0,0.0,0.14604418661389046,0.14604418661389046,0.1460446247464503,1000000.0,2.999991000027e-06,False,146044.6247464503,853958.3752535497,,,,exact 95% beta posterior quantiles; NaN where the prior is capped and the posterior carries no player information
000425,two_point_pct,0.0,1.0,0.0,0.1460444787019716,0.1460444787019716,0.1460446247464503,1000000.0,9.99999000001e-07,False,146044.6247464503,853956.3752535497,,,,exact 95% beta posterior quantiles; NaN where the prior is capped and the posterior carries no player information
000434,two_point_pct,0.0,1.0,0.0,0.1460444787019716,0.1460444787019716,0.1460446247464503,1000000.0,9.99999000001e-07,False,146044.6247464503,853956.3752535497,,,,exact 95% beta posterior quantiles; NaN where the prior is capped and the posterior carries no player information
000727,two_point_pct,4.0,22.0,0.18181818181818182,0.14604541174739186,-0.035772770070789967,0.1460446247464503,1000000.0,2.1999516010647765e-05,False,146048.6247464503,853973.3752535497,,,,exact 95% beta posterior quantiles; NaN where the prior is capped and the posterior carries no player information
000815,two_point_pct,0.0,2.0,0.0,0.146044332657785,0.146044332657785,0.1460446247464503,1000000.0,1.999996000008e-06,False,146044.6247464503,853957.3752535497,,,,exact 95% beta posterior quantiles; NaN where the prior is capped and the posterior carries no player information
000921,two_point_pct,0.0,1.0,0.0,0.1460444787019716,0.1460444787019716,0.1460446247464503,1000000.0,9.99999000001e-07,False,146044.6247464503,853956.3752535497,,,,exact 95% beta posterior quantiles; NaN where the prior is capped and the posterior carries no player information
000922,two_point_pct,1.0,12.0,0.08333333333333333,0.14604387221998366,0.06271053888665033,0.1460446247464503,1000000.0,1.1999856001727979e-05,False,146045.6247464503,853966.3752535497,,,,exact 95% beta posterior quantiles; NaN where the prior is capped and the posterior carries no player information
000925,two_point_pct,0.0,4.0,0.0,0.14604404057028803,0.14604404057028803,0.1460446247464503,1000000.0,3.9999840000639995e-06,False,146044.6247464503,853959.3752535497,,,,exact 95% beta posterior quantiles; NaN where the prior is capped and the posterior carries no player information
000929,two_point_pct,0.0,1.0,0.0,0.1460444787019716,0.1460444787019716,0.1460446247464503,1000000.0,9.99999000001e-07,False,146044.6247464503,853956.3752535497,,,,exact 95% beta posterior quantiles; NaN where the prior is capped and the posterior carries no player information
000978,two_point_pct,0.0,9.0,0.0,0.1460433103566571,0.1460433103566571,0.1460446247464503,1000000.0,8.999919000728994e-06,False,146044.6247464503,853964.3752535497,,,,exact 95% beta posterior quantiles; NaN where the prior is capped and the posterior carries no player information
001001,two_point_pct,1.0,11.0,0.09090909090909091,0.14604401826224941,0.0551349273531585,0.1460446247464503,1000000.0,1.0999879001330986e-05,False,146045.6247464503,853965.3752535497,,,,exact 95% beta posterior quantiles; NaN where the prior is capped and the posterior carries no player information
001009,two_point_pct,0.0,10.0,0.0,0.14604316431480716,0.14604316431480716,0.1460446247464503,1000000.0,9.99990000099999e-06,False,146044.6247464503,853965.3752535497,,,,exact 95% beta posterior quantiles; NaN where the prior is capped and the posterior carries no player information
001010,two_point_pct,0.0,1.0,0.0,0.1460444787019716,0.1460444787019716,0.1460446247464503,1000000.0,9.99999000001e-07,False,146044.6247464503,853956.3752535497,,,,exact 95% beta posterior quantiles; NaN where the prior is capped and the posterior carries no player information
001020,two_point_pct,0.0,2.0,0.0,0.146044332657785,0.146044332657785,0.1460446247464503,1000000.0,1.999996000008e-06,False,146044.6247464503,853957.3752535497,,,,exact 95% beta posterior quantiles; NaN where the prior is capped and the posterior carries no player information
001391,two_point_pct,2.0,5.0,0.4,0.14604589451697772,-0.25395410548302233,0.1460446247464503,1000000.0,4.9999750001249995e-06,False,146046.6247464503,853958.3752535497,,,,exact 95% beta posterior quantiles; NaN where the prior is capped and the posterior carries no player information
001397,two_point_pct,1.0,6.0,0.16666666666666666,0.14604474847795945,-0.020621918188707206,0.1460446247464503,1000000.0,5.9999640002159985e-06,False,146045.6247464503,853960.3752535497,,,,exact 95% beta posterior quantiles; NaN where the prior is capped and the posterior carries no player information
001406,two_point_pct,1.0,11.0,0.09090909090909091,0.14604401826224941,0.0551349273531585,0.1460446247464503,1000000.0,1.0999879001330986e-05,False,146045.6247464503,853965.3752535497,,,,exact 95% beta posterior quantiles; NaN where the prior is capped and the posterior carries no player information
001415,two_point_pct,0.0,2.0,0.0,0.146044332657785,0.146044332657785,0.1460446247464503,1000000.0,1.999996000008e-06,False,146044.6247464503,853957.3752535497,,,,exact 95% beta posterior quantiles; NaN where the prior is capped and the posterior carries no player information
001427,two_point_pct,0.0,2.0,0.0,0.146044332657785,0.146044332657785,0.1460446247464503,1000000.0,1.999996000008e-06,False,146044.6247464503,853957.3752535497,,,,exact 95% beta posterior quantiles; NaN where the prior is capped and the posterior carries no player information
001662,two_point_pct,0.0,1.0,0.0,0.1460444787019716,0.1460444787019716,0.1460446247464503,1000000.0,9.99999000001e-07,False,146044.6247464503,853956.3752535497,,,,exact 95% beta posterior quantiles; NaN where the prior is capped and the posterior carries no player information
001671,two_point_pct,0.0,2.0,0.0,0.146044332657785,0.146044332657785,0.1460446247464503,1000000.0,1.999996000008e-06,False,146044.6247464503,853957.3752535497,,,,exact 95% beta posterior quantiles; NaN where the prior is capped and the posterior carries no player information
001707,two_point_pct,0.0,6.0,0.0,0.1460437484839594,0.1460437484839594,0.1460446247464503,1000000.0,5.9999640002159985e-06,False,146044.6247464503,853961.3752535497,,,,exact 95% beta posterior quantiles; NaN where the prior is capped and the posterior carries no player information
001729,two_point_pct,8.0,42.0,0.19047619047619047,0.14604649079383697,-0.044429699682353496,0.1460446247464503,1000000.0,4.199823607408489e-05,False,146052.6247464503,853989.3752535497,,,,exact 95% beta posterior quantiles; NaN where the prior is capped and the posterior carries no player information
001733,two_point_pct,0.0,1.0,0.0,0.1460444787019716,0.1460444787019716,0.1460446247464503,1000000.0,9.99999000001e-07,False,146044.6247464503,853956.3752535497,,,,exact 95% beta posterior quantiles; NaN where the prior is capped and the posterior carries no player information
001740,two_point_pct,0.0,1.0,0.0,0.1460444787019716,0.1460444787019716,0.1460446247464503,1000000.0,9.99999000001e-07,False,146044.6247464503,853956.3752535497,,,,exact 95% beta posterior quantiles; NaN where the prior is capped and the posterior carries no player information
001760,two_point_pct,1.0,5.0,0.2,0.1460448945219777,-0.05395510547802232,0.1460446247464503,1000000.0,4.9999750001249995e-06,False,146045.6247464503,853959.3752535497,,,,exact 95% beta posterior quantiles; NaN where the prior is capped and the posterior carries no player information
001766,two_point_pct,1.0,3.0,0.3333333333333333,0.14604518661089047,-0.18728814672244284,0.1460446247464503,1000000.0,2.999991000027e-06,False,146045.6247464503,853957.3752535497,,,,exact 95% beta posterior quantiles; NaN where the prior is capped and the posterior carries no player information
001793,two_point_pct,0.0,3.0,0.0,0.14604418661389046,0.14604418661389046,0.1460446247464503,1000000.0,2.999991000027e-06,False,146044.6247464503,853958.3752535497,,,,exact 95% beta posterior quantiles; NaN where the prior is capped and the posterior carries no player information
001795,two_point_pct,0.0,2.0,0.0,0.146044332657785,0.146044332657785,0.1460446247464503,1000000.0,1.999996000008e-06,False,146044.6247464503,853957.3752535497,,,,exact 95% beta posterior quantiles; NaN where the prior is capped and the posterior carries no player information
001809,two_point_pct,1.0,3.0,0.3333333333333333,0.14604518661089047,-0.18728814672244284,0.1460446247464503,1000000.0,2.999991000027e-06,False,146045.6247464503,853957.3752535497,,,,exact 95% beta posterior quantiles; NaN where the prior is capped and the posterior carries no player information
001810,two_point_pct,0.0,11.0,0.0,0.1460430182732493,0.1460430182732493,0.1460446247464503,1000000.0,1.0999879001330986e-05,False,146044.6247464503,853966.3752535497,,,,exact 95% beta posterior quantiles; NaN where the prior is capped and the posterior carries no player information
001811,two_point_pct,0.0,2.0,0.0,0.146044332657785,0.146044332657785,0.1460446247464503,1000000.0,1.999996000008e-06,False,146044.6247464503,853957.3752535497,,,,exact 95% beta posterior quantiles; NaN where the prior is capped and the posterior carries no player information
001812,two_point_pct,0.0,3.0,0.0,0.14604418661389046,0.14604418661389046,0.1460446247464503,1000000.0,2.999991000027e-06,False,146044.6247464503,853958.3752535497,,,,exact 95% beta posterior quantiles; NaN where the prior is capped and the posterior carries no player information
001813,two_point_pct,4.0,38.0,0.10526315789473684,0.14604307510959613,0.040779917214859296,0.1460446247464503,1000000.0,3.799855605486991e-05,False,146048.6247464503,853989.3752535497,,,,exact 95% beta posterior quantiles; NaN where the prior is capped and the posterior carries no player information
001814,two_point_pct,11.0,59.0,0.1864406779661017,0.1460470079729799,-0.0403936699931218,0.1460446247464503,1000000.0,5.899651920536688e-05,False,146055.6247464503,854003.3752535497,,,,exact 95% beta posterior quantiles; NaN where the prior is capped and the posterior carries no player information
001815,two_point_pct,4.0,27.0,0.14814814814814814,0.14604468154004874,-0.0021034666080994024,0.1460446247464503,1000000.0,2.699927101968247e-05,False,146048.6247464503,853978.3752535497,,,,exact 95% beta posterior quantiles; NaN where the prior is capped and the posterior carries no player information
001816,two_point_pct,0.0,9.0,0.0,0.1460433103566571,0.1460433103566571,0.1460446247464503,1000000.0,8.999919000728994e-06,False,146044.6247464503,853964.3752535497,,,,exact 95% beta posterior quantiles; NaN where the prior is capped and the posterior carries no player information
001817,two_point_pct,0.0,1.0,0.0,0.1460444787019716,0.1460444787019716,0.1460446247464503,1000000.0,9.99999000001e-07,False,146044.6247464503,853956.3752535497,,,,exact 95% beta posterior quantiles; NaN where the prior is capped and the posterior carries no player information
001818,two_point_pct,4.0,22.0,0.18181818181818182,0.14604541174739186,-0.035772770070789967,0.1460446247464503,1000000.0,2.1999516010647765e-05,False,146048.6247464503,853973.3752535497,,,,exact 95% beta posterior quantiles; NaN where the prior is capped and the posterior carries no player information
001819,two_point_pct,3.0,16.0,0.1875,0.14604528802184197,-0.04145471197815803,0.1460446247464503,1000000.0,1.5999744004095935e-05,False,146047.6247464503,853968.3752535497,,,,exact 95% beta posterior quantiles; NaN where the prior is capped and the posterior carries no player information
001820,two_point_pct,3.0,9.0,0.3333333333333333,0.14604631032965734,-0.18728702300367597,0.1460446247464503,1000000.0,8.999919000728994e-06,False,146047.6247464503,853961.3752535497,,,,exact 95% beta posterior quantiles; NaN where the prior is capped and the posterior carries no player information
001821,two_point_pct,7.0,38.0,0.18421052631578946,0.1460460749956005,-0.038164451320188975,0.1460446247464503,1000000.0,3.799855605486991e-05,False,146051.6247464503,853986.3752535497,,,,exact 95% beta posterior quantiles; NaN where the prior is capped and the posterior carries no player information
001824,two_point_pct,0.0,1.0,0.0,0.1460444787019716,0.1460444787019716,0.1460446247464503,1000000.0,9.99999000001e-07,False,146044.6247464503,853956.3752535497,,,,exact 95% beta posterior quantiles; NaN where the prior is capped and the posterior carries no player information
001826,two_point_pct,3.0,14.0,0.21428571428571427,0.1460455801083288,-0.06824013417738548,0.1460446247464503,1000000.0,1.3999804002743962e-05,False,146047.6247464503,853966.3752535497,,,,exact 95% beta posterior quantiles; NaN where the prior is capped and the posterior carries no player information
001827,two_point_pct,0.0,3.0,0.0,0.14604418661389046,0.14604418661389046,0.1460446247464503,1000000.0,2.999991000027e-06,False,146044.6247464503,853958.3752535497,,,,exact 95% beta posterior quantiles; NaN where the prior is capped and the posterior carries no player information
001828,two_point_pct,3.0,17.0,0.17647058823529413,0.14604514197903667,-0.030425446256257455,0.1460446247464503,1000000.0,1.6999711004912916e-05,False,146047.6247464503,853969.3752535497,,,,exact 95% beta posterior quantiles; NaN where the prior is capped and the posterior carries no player information
001831,two_point_pct,1.0,8.0,0.125,0.1460444563907992,0.021044456390799188,0.1460446247464503,1000000.0,7.999936000511995e-06,False,146045.6247464503,853962.3752535497,,,,exact 95% beta posterior quantiles; NaN where the prior is capped and the posterior carries no player information
001832,two_point_pct,1.0,8.0,0.125,0.1460444563907992,0.021044456390799188,0.1460446247464503,1000000.0,7.999936000511995e-06,False,146045.6247464503,853962.3752535497,,,,exact 95% beta posterior quantiles; NaN where the prior is capped and the posterior carries no player information
001839,two_point_pct,0.0,1.0,0.0,0.1460444787019716,0.1460444787019716,0.1460446247464503,1000000.0,9.99999000001e-07,False,146044.6247464503,853956.3752535497,,,,exact 95% beta posterior quantiles; NaN where the prior is capped and the posterior carries no player information
001843,two_point_pct,0.0,1.0,0.0,0.1460444787019716,0.1460444787019716,0.1460446247464503,1000000.0,9.99999000001e-07,False,146044.6247464503,853956.3752535497,,,,exact 95% beta posterior quantiles; NaN where the prior is capped and the posterior carries no player information
001846,two_point_pct,0.0,2.0,0.0,0.146044332657785,0.146044332657785,0.1460446247464503,1000000.0,1.999996000008e-06,False,146044.6247464503,853957.3752535497,,,,exact 95% beta posterior quantiles; NaN where the prior is capped and the posterior carries no player information
002001,two_point_pct,0.0,2.0,0.0,0.146044332657785,0.146044332657785,0.1460446247464503,1000000.0,1.999996000008e-06,False,146044.6247464503,853957.3752535497,,,,exact 95% beta posterior quantiles; NaN where the prior is capped and the posterior carries no player information
002003,two_point_pct,0.0,5.0,0.0,0.14604389452697766,0.14604389452697766,0.1460446247464503,1000000.0,4.9999750001249995e-06,False,146044.6247464503,853960.3752535497,,,,exact 95% beta posterior quantiles; NaN where the prior is capped and the posterior carries no player information
002015,two_point_pct,0.0,7.0,0.0,0.1460436024412332,0.1460436024412332,0.1460446247464503,1000000.0,6.9999510003429975e-06,False,146044.6247464503,853962.3752535497,,,,exact 95% beta posterior quantiles; NaN where the prior is capped and the posterior carries no player information
002016,two_point_pct,3.0,14.0,0.21428571428571427,0.1460455801083288,-0.06824013417738548,0.1460446247464503,1000000.0,1.3999804002743962e-05,False,146047.6247464503,853966.3752535497,,,,exact 95% beta posterior quantiles; NaN where the prior is capped and the posterior carries no player information
002017,two_point_pct,1.0,1.0,1.0,0.14604547870097162,-0.8539545212990284,0.1460446247464503,1000000.0,9.99999000001e-07,False,146045.6247464503,853955.3752535497,,,,exact 95% beta posterior quantiles; NaN where the prior is capped and the posterior carries no player information
002018,two_point_pct,1.0,21.0,0.047619047619047616,0.1460425578527354,0.09842351023368778,0.1460446247464503,1000000.0,2.0999559009260807e-05,False,146045.6247464503,853975.3752535497,,,,exact 95% beta posterior quantiles; NaN where the prior is capped and the posterior carries no player information
002019,two_point_pct,5.0,15.0,0.3333333333333333,0.14604743403493978,-0.18728589929839354,0.1460446247464503,1000000.0,1.499977500337495e-05,False,146049.6247464503,853965.3752535497,,,,exact 95% beta posterior quantiles; NaN where the prior is capped and the posterior carries no player information
002021,two_point_pct,3.0,7.0,0.42857142857142855,0.14604660242023337,-0.2825248261511952,0.1460446247464503,1000000.0,6.9999510003429975e-06,False,146047.6247464503,853959.3752535497,,,,exact 95% beta posterior quantiles; NaN where the prior is capped and the posterior carries no player information
002022,two_point_pct,2.0,11.0,0.18181818181818182,0.14604501825124955,-0.035773163566932276,0.1460446247464503,1000000.0,1.0999879001330986e-05,False,146046.6247464503,853964.3752535497,,,,exact 95% beta posterior quantiles; NaN where the prior is capped and the posterior carries no player information
002023,two_point_pct,0.0,2.0,0.0,0.146044332657785,0.146044332657785,0.1460446247464503,1000000.0,1.999996000008e-06,False,146044.6247464503,853957.3752535497,,,,exact 95% beta posterior quantiles; NaN where the prior is capped and the posterior carries no player information
002024,two_point_pct,0.0,1.0,0.0,0.1460444787019716,0.1460444787019716,0.1460446247464503,1000000.0,9.99999000001e-07,False,146044.6247464503,853956.3752535497,,,,exact 95% beta posterior quantiles; NaN where the prior is capped and the posterior carries no player information
002025,two_point_pct,0.0,1.0,0.0,0.1460444787019716,0.1460444787019716,0.1460446247464503,1000000.0,9.99999000001e-07,False,146044.6247464503,853956.3752535497,,,,exact 95% beta posterior quantiles; NaN where the prior is capped and the posterior carries no player information
002026,two_point_pct,0.0,8.0,0.0,0.14604345639879912,0.14604345639879912,0.1460446247464503,1000000.0,7.999936000511995e-06,False,146044.6247464503,853963.3752535497,,,,exact 95% beta posterior quantiles; NaN where the prior is capped and the posterior carries no player information
002027,two_point_pct,0.0,1.0,0.0,0.1460444787019716,0.1460444787019716,0.1460446247464503,1000000.0,9.99999000001e-07,False,146044.6247464503,853956.3752535497,,,,exact 95% beta posterior quantiles; NaN where the prior is capped and the posterior carries no player information
002028,two_point_pct,3.0,25.0,0.12,0.14604397364710914,0.026043973647109142,0.1460446247464503,1000000.0,2.499937501562461e-05,False,146047.6247464503,853977.3752535497,,,,exact 95% beta posterior quantiles; NaN where the prior is capped and the posterior carries no player information
002029,two_point_pct,0.0,3.0,0.0,0.14604418661389046,0.14604418661389046,0.1460446247464503,1000000.0,2.999991000027e-06,False,146044.6247464503,853958.3752535497,,,,exact 95% beta posterior quantiles; NaN where the prior is capped and the posterior carries no player information
002031,two_point_pct,0.0,1.0,0.0,0.1460444787019716,0.1460444787019716,0.1460446247464503,1000000.0,9.99999000001e-07,False,146044.6247464503,853956.3752535497,,,,exact 95% beta posterior quantiles; NaN where the prior is capped and the posterior carries no player information
002032,two_point_pct,0.0,2.0,0.0,0.146044332657785,0.146044332657785,0.1460446247464503,1000000.0,1.999996000008e-06,False,146044.6247464503,853957.3752535497,,,,exact 95% beta posterior quantiles; NaN where the prior is capped and the posterior carries no player information
002033,two_point_pct,2.0,13.0,0.15384615384615385,0.14604472616501016,-0.007801427681143697,0.1460446247464503,1000000.0,1.2999831002196972e-05,False,146046.6247464503,853966.3752535497,,,,exact 95% beta posterior quantiles; NaN where the prior is capped and the posterior carries no player information
002036,two_point_pct,0.0,1.0,0.0,0.1460444787019716,0.1460444787019716,0.1460446247464503,1000000.0,9.99999000001e-07,False,146044.6247464503,853956.3752535497,,,,exact 95% beta posterior quantiles; NaN where the prior is capped and the posterior carries no player information
002038,two_point_pct,0.0,3.0,0.0,0.14604418661389046,0.14604418661389046,0.1460446247464503,1000000.0,2.999991000027e-06,False,146044.6247464503,853958.3752535497,,,,exact 95% beta posterior quantiles; NaN where the prior is capped and the posterior carries no player information
002039,two_point_pct,0.0,1.0,0.0,0.1460444787019716,0.1460444787019716,0.1460446247464503,1000000.0,9.99999000001e-07,False,146044.6247464503,853956.3752535497,,,,exact 95% beta posterior quantiles; NaN where the prior is capped and the posterior carries no player information
002042,two_point_pct,0.0,1.0,0.0,0.1460444787019716,0.1460444787019716,0.1460446247464503,1000000.0,9.99999000001e-07,False,146044.6247464503,853956.3752535497,,,,exact 95% beta posterior quantiles; NaN where the prior is capped and the posterior carries no player information
002043,two_point_pct,4.0,12.0,0.3333333333333333,0.1460468721839841,-0.18728646114934921,0.1460446247464503,1000000.0,1.1999856001727979e-05,False,146048.6247464503,853963.3752535497,,,,exact 95% beta posterior quantiles; NaN where the prior is capped and the posterior carries no player information
002049,two_point_pct,0.0,2.0,0.0,0.146044332657785,0.146044332657785,0.1460446247464503,1000000.0,1.999996000008e-06,False,146044.6247464503,853957.3752535497,,,,exact 95% beta posterior quantiles; NaN where the prior is capped and the posterior carries no player information
002051,two_point_pct,0.0,1.0,0.0,0.1460444787019716,0.1460444787019716,0.1460446247464503,1000000.0,9.99999000001e-07,False,146044.6247464503,853956.3752535497,,,,exact 95% beta posterior quantiles; NaN where the prior is capped and the posterior carries no player information
002054,two_point_pct,0.0,2.0,0.0,0.146044332657785,0.146044332657785,0.1460446247464503,1000000.0,1.999996000008e-06,False,146044.6247464503,853957.3752535497,,,,exact 95% beta posterior quantiles; NaN where the prior is capped and the posterior carries no player information
002056,two_point_pct,0.0,1.0,0.0,0.1460444787019716,0.1460444787019716,0.1460446247464503,1000000.0,9.99999000001e-07,False,146044.6247464503,853956.3752535497,,,,exact 95% beta posterior quantiles; NaN where the prior is capped and the posterior carries no player information
002059,two_point_pct,0.0,1.0,0.0,0.1460444787019716,0.1460444787019716,0.1460446247464503,1000000.0,9.99999000001e-07,False,146044.6247464503,853956.3752535497,,,,exact 95% beta posterior quantiles; NaN where the prior is capped and the posterior carries no player information
002062,two_point_pct,0.0,1.0,0.0,0.1460444787019716,0.1460444787019716,0.1460446247464503,1000000.0,9.99999000001e-07,False,146044.6247464503,853956.3752535497,,,,exact 95% beta posterior quantiles; NaN where the prior is capped and the posterior carries no player information
002063,two_point_pct,0.0,1.0,0.0,0.1460444787019716,0.1460444787019716,0.1460446247464503,1000000.0,9.99999000001e-07,False,146044.6247464503,853956.3752535497,,,,exact 95% beta posterior quantiles; NaN where the prior is capped and the posterior carries no player information
002065,two_point_pct,0.0,1.0,0.0,0.1460444787019716,0.1460444787019716,0.1460446247464503,1000000.0,9.99999000001e-07,False,146044.6247464503,853956.3752535497,,,,exact 95% beta posterior quantiles; NaN where the prior is capped and the posterior carries no player information
002067,two_point_pct,3.0,17.0,0.17647058823529413,0.14604514197903667,-0.030425446256257455,0.1460446247464503,1000000.0,1.6999711004912916e-05,False,146047.6247464503,853969.3752535497,,,,exact 95% beta posterior quantiles; NaN where the prior is capped and the posterior carries no player information
002074,two_point_pct,0.0,1.0,0.0,0.1460444787019716,0.1460444787019716,0.1460446247464503,1000000.0,9.99999000001e-07,False,146044.6247464503,853956.3752535497,,,,exact 95% beta posterior quantiles; NaN where the prior is capped and the posterior carries no player information
003004,two_point_pct,0.0,2.0,0.0,0.146044332657785,0.146044332657785,0.1460446247464503,1000000.0,1.999996000008e-06,False,146044.6247464503,853957.3752535497,,,,exact 95% beta posterior quantiles; NaN where the prior is capped and the posterior carries no player information
003005,two_point_pct,0.0,3.0,0.0,0.14604418661389046,0.14604418661389046,0.1460446247464503,1000000.0,2.999991000027e-06,False,146044.6247464503,853958.3752535497,,,,exact 95% beta posterior quantiles; NaN where the prior is capped and the posterior carries no player information
003006,two_point_pct,1.0,4.0,0.25,0.14604504056628803,-0.10395495943371197,0.1460446247464503,1000000.0,3.9999840000639995e-06,False,146045.6247464503,853958.3752535497,,,,exact 95% beta posterior quantiles; NaN where the prior is capped and the posterior carries no player information
003007,two_point_pct,0.0,5.0,0.0,0.14604389452697766,0.14604389452697766,0.1460446247464503,1000000.0,4.9999750001249995e-06,False,146044.6247464503,853960.3752535497,,,,exact 95% beta posterior quantiles; NaN where the prior is capped and the posterior carries no player information
003008,two_point_pct,0.0,1.0,0.0,0.1460444787019716,0.1460444787019716,0.1460446247464503,1000000.0,9.99999000001e-07,False,146044.6247464503,853956.3752535497,,,,exact 95% beta posterior quantiles; NaN where the prior is capped and the posterior carries no player information
003009,two_point_pct,3.0,18.0,0.16666666666666666,0.14604499593652345,-0.020621670730143205,0.1460446247464503,1000000.0,1.7999676005831894e-05,False,146047.6247464503,853970.3752535497,,,,exact 95% beta posterior quantiles; NaN where the prior is capped and the posterior carries no player information
003010,two_point_pct,0.0,2.0,0.0,0.146044332657785,0.146044332657785,0.1460446247464503,1000000.0,1.999996000008e-06,False,146044.6247464503,853957.3752535497,,,,exact 95% beta posterior quantiles; NaN where the prior is capped and the posterior carries no player information
003013,two_point_pct,9.0,45.0,0.2,0.146047052629082,-0.05395294737091802,0.1460446247464503,1000000.0,4.49979750911209e-05,False,146053.6247464503,853991.3752535497,,,,exact 95% beta posterior quantiles; NaN where the prior is capped and the posterior carries no player information
003015,two_point_pct,0.0,1.0,0.0,0.1460444787019716,0.1460444787019716,0.1460446247464503,1000000.0,9.99999000001e-07,False,146044.6247464503,853956.3752535497,,,,exact 95% beta posterior quantiles; NaN where the prior is capped and the posterior carries no player information
003016,two_point_pct,0.0,1.0,0.0,0.1460444787019716,0.1460444787019716,0.1460446247464503,1000000.0,9.99999000001e-07,False,146044.6247464503,853956.3752535497,,,,exact 95% beta posterior quantiles; NaN where the prior is capped and the posterior carries no player information
003017,two_point_pct,1.0,2.0,0.5,0.146045332655785,-0.353954667344215,0.1460446247464503,1000000.0,1.999996000008e-06,False,146045.6247464503,853956.3752535497,,,,exact 95% beta posterior quantiles; NaN where the prior is capped and the posterior carries no player information
003018,two_point_pct,0.0,1.0,0.0,0.1460444787019716,0.1460444787019716,0.1460446247464503,1000000.0,9.99999000001e-07,False,146044.6247464503,853956.3752535497,,,,exact 95% beta posterior quantiles; NaN where the prior is capped and the posterior carries no player information
003019,two_point_pct,4.0,26.0,0.15384615384615385,0.1460448275809332,-0.007801326265220648,0.1460446247464503,1000000.0,2.5999324017575543e-05,False,146048.6247464503,853977.3752535497,,,,exact 95% beta posterior quantiles; NaN where the prior is capped and the posterior carries no player information
003022,two_point_pct,1.0,8.0,0.125,0.1460444563907992,0.021044456390799188,0.1460446247464503,1000000.0,7.999936000511995e-06,False,146045.6247464503,853962.3752535497,,,,exact 95% beta posterior quantiles; NaN where the prior is capped and the posterior carries no player information
003023,two_point_pct,2.0,20.0,0.1,0.14604370387237287,0.04604370387237286,0.1460446247464503,1000000.0,1.999960000799984e-05,False,146046.6247464503,853973.3752535497,,,,exact 95% beta posterior quantiles; NaN where the prior is capped and the posterior carries no player information
003024,two_point_pct,0.0,12.0,0.0,0.14604287223198353,0.14604287223198353,0.1460446247464503,1000000.0,1.1999856001727979e-05,False,146044.6247464503,853967.3752535497,,,,exact 95% beta posterior quantiles; NaN where the prior is capped and the posterior carries no player information
003025,two_point_pct,1.0,4.0,0.25,0.14604504056628803,-0.10395495943371197,0.1460446247464503,1000000.0,3.9999840000639995e-06,False,146045.6247464503,853958.3752535497,,,,exact 95% beta posterior quantiles; NaN where the prior is capped and the posterior carries no player information
003027,two_point_pct,0.0,1.0,0.0,0.1460444787019716,0.1460444787019716,0.1460446247464503,1000000.0,9.99999000001e-07,False,146044.6247464503,853956.3752535497,,,,exact 95% beta posterior quantiles; NaN where the prior is capped and the posterior carries no player information
003028,two_point_pct,0.0,4.0,0.0,0.14604404057028803,0.14604404057028803,0.1460446247464503,1000000.0,3.9999840000639995e-06,False,146044.6247464503,853959.3752535497,,,,exact 95% beta posterior quantiles; NaN where the prior is capped and the posterior carries no player information
003029,two_point_pct,2.0,9.0,0.2222222222222222,0.14604531033865725,-0.07617691188356496,0.1460446247464503,1000000.0,8.999919000728994e-06,False,146046.6247464503,853962.3752535497,,,,exact 95% beta posterior quantiles; NaN where the prior is capped and the posterior carries no player information
003031,two_point_pct,8.0,19.0,0.42105263157894735,0.14604984979930413,-0.2750027817796432,0.1460446247464503,1000000.0,1.899963900685887e-05,False,146052.6247464503,853966.3752535497,,,,exact 95% beta posterior quantiles; NaN where the prior is capped and the posterior carries no player information
003032,two_point_pct,0.0,1.0,0.0,0.1460444787019716,0.1460444787019716,0.1460446247464503,1000000.0,9.99999000001e-07,False,146044.6247464503,853956.3752535497,,,,exact 95% beta posterior quantiles; NaN where the prior is capped and the posterior carries no player information
003033,two_point_pct,1.0,5.0,0.2,0.1460448945219777,-0.05395510547802232,0.1460446247464503,1000000.0,4.9999750001249995e-06,False,146045.6247464503,853959.3752535497,,,,exact 95% beta posterior quantiles; NaN where the prior is capped and the posterior carries no player information
003039,two_point_pct,0.0,1.0,0.0,0.1460444787019716,0.1460444787019716,0.1460446247464503,1000000.0,9.99999000001e-07,False,146044.6247464503,853956.3752535497,,,,exact 95% beta posterior quantiles; NaN where the prior is capped and the posterior carries no player information
003041,two_point_pct,0.0,9.0,0.0,0.1460433103566571,0.1460433103566571,0.1460446247464503,1000000.0,8.999919000728994e-06,False,146044.6247464503,853964.3752535497,,,,exact 95% beta posterior quantiles; NaN where the prior is capped and the posterior carries no player information
003048,two_point_pct,1.0,8.0,0.125,0.1460444563907992,0.021044456390799188,0.1460446247464503,1000000.0,7.999936000511995e-06,False,146045.6247464503,853962.3752535497,,,,exact 95% beta posterior quantiles; NaN where the prior is capped and the posterior carries no player information
003049,two_point_pct,0.0,1.0,0.0,0.1460444787019716,0.1460444787019716,0.1460446247464503,1000000.0,9.99999000001e-07,False,146044.6247464503,853956.3752535497,,,,exact 95% beta posterior quantiles; NaN where the prior is capped and the posterior carries no player information
003059,two_point_pct,0.0,1.0,0.0,0.1460444787019716,0.1460444787019716,0.1460446247464503,1000000.0,9.99999000001e-07,False,146044.6247464503,853956.3752535497,,,,exact 95% beta posterior quantiles; NaN where the prior is capped and the posterior carries no player information
003068,two_point_pct,0.0,2.0,0.0,0.146044332657785,0.146044332657785,0.1460446247464503,1000000.0,1.999996000008e-06,False,146044.6247464503,853957.3752535497,,,,exact 95% beta posterior quantiles; NaN where the prior is capped and the posterior carries no player information
003069,two_point_pct,0.0,1.0,0.0,0.1460444787019716,0.1460444787019716,0.1460446247464503,1000000.0,9.99999000001e-07,False,146044.6247464503,853956.3752535497,,,,exact 95% beta posterior quantiles; NaN where the prior is capped and the posterior carries no player information
003070,two_point_pct,0.0,3.0,0.0,0.14604418661389046,0.14604418661389046,0.1460446247464503,1000000.0,2.999991000027e-06,False,146044.6247464503,853958.3752535497,,,,exact 95% beta posterior quantiles; NaN where the prior is capped and the posterior carries no player information
003072,two_point_pct,0.0,2.0,0.0,0.146044332657785,0.146044332657785,0.1460446247464503,1000000.0,1.999996000008e-06,False,146044.6247464503,853957.3752535497,,,,exact 95% beta posterior quantiles; NaN where the prior is capped and the posterior carries no player information
003075,two_point_pct,9.0,40.0,0.225,0.1460477828351369,-0.07895221716486311,0.1460446247464503,1000000.0,3.999840006399744e-05,False,146053.6247464503,853986.3752535497,,,,exact 95% beta posterior quantiles; NaN where the prior is capped and the posterior carries no player information
003076,two_point_pct,0.0,2.0,0.0,0.146044332657785,0.146044332657785,0.1460446247464503,1000000.0,1.999996000008e-06,False,146044.6247464503,853957.3752535497,,,,exact 95% beta posterior quantiles; NaN where the prior is capped and the posterior carries no player information
003077,two_point_pct,1.0,4.0,0.25,0.14604504056628803,-0.10395495943371197,0.1460446247464503,1000000.0,3.9999840000639995e-06,False,146045.6247464503,853958.3752535497,,,,exact 95% beta posterior quantiles; NaN where the prior is capped and the posterior carries no player information
003078,two_point_pct,2.0,15.0,0.13333333333333333,0.1460444340799391,0.01271110074660578,0.1460446247464503,1000000.0,1.499977500337495e-05,False,146046.6247464503,853968.3752535497,,,,exact 95% beta posterior quantiles; NaN where the prior is capped and the posterior carries no player information
003079,two_point_pct,0.0,5.0,0.0,0.14604389452697766,0.14604389452697766,0.1460446247464503,1000000.0,4.9999750001249995e-06,False,146044.6247464503,853960.3752535497,,,,exact 95% beta posterior quantiles; NaN where the prior is capped and the posterior carries no player information
003080,two_point_pct,1.0,10.0,0.1,0.14604416430480727,0.04604416430480726,0.1460446247464503,1000000.0,9.99990000099999e-06,False,146045.6247464503,853964.3752535497,,,,exact 95% beta posterior quantiles; NaN where the prior is capped and the posterior carries no player information
003081,two_point_pct,0.0,4.0,0.0,0.14604404057028803,0.14604404057028803,0.1460446247464503,1000000.0,3.9999840000639995e-06,False,146044.6247464503,853959.3752535497,,,,exact 95% beta posterior quantiles; NaN where the prior is capped and the posterior carries no player information
003082,two_point_pct,5.0,34.0,0.14705882352941177,0.14604465922803656,-0.0010141643013752144,0.1460446247464503,1000000.0,3.3998844039302665e-05,False,146049.6247464503,853984.3752535497,,,,exact 95% beta posterior quantiles; NaN where the prior is capped and the posterior carries no player information
003083,two_point_pct,5.0,32.0,0.15625,0.14604495130800846,-0.010205048691991542,0.1460446247464503,1000000.0,3.199897603276695e-05,False,146049.6247464503,853982.3752535497,,,,exact 95% beta posterior quantiles; NaN where the prior is capped and the posterior carries no player information
003084,two_point_pct,0.0,3.0,0.0,0.14604418661389046,0.14604418661389046,0.1460446247464503,1000000.0,2.999991000027e-06,False,146044.6247464503,853958.3752535497,,,,exact 95% beta posterior quantiles; NaN where the prior is capped and the posterior carries no player information
003085,two_point_pct,14.0,72.0,0.19444444444444445,0.14604810928258197,-0.04839633516186248,0.1460446247464503,1000000.0,7.199481637322113e-05,False,146058.6247464503,854013.3752535497,,,,exact 95% beta posterior quantiles; NaN where the prior is capped and the posterior carries no player information
003086,two_point_pct,0.0,6.0,0.0,0.1460437484839594,0.1460437484839594,0.1460446247464503,1000000.0,5.9999640002159985e-06,False,146044.6247464503,853961.3752535497,,,,exact 95% beta posterior quantiles; NaN where the prior is capped and the posterior carries no player information
003087,two_point_pct,1.0,6.0,0.16666666666666666,0.14604474847795945,-0.020621918188707206,0.1460446247464503,1000000.0,5.9999640002159985e-06,False,146045.6247464503,853960.3752535497,,,,exact 95% beta posterior quantiles; NaN where the prior is capped and the posterior carries no player information
003088,two_point_pct,0.0,3.0,0.0,0.14604418661389046,0.14604418661389046,0.1460446247464503,1000000.0,2.999991000027e-06,False,146044.6247464503,853958.3752535497,,,,exact 95% beta posterior quantiles; NaN where the prior is capped and the posterior carries no player information
003089,two_point_pct,0.0,2.0,0.0,0.146044332657785,0.146044332657785,0.1460446247464503,1000000.0,1.999996000008e-06,False,146044.6247464503,853957.3752535497,,,,exact 95% beta posterior quantiles; NaN where the prior is capped and the posterior carries no player information
003090,two_point_pct,0.0,1.0,0.0,0.1460444787019716,0.1460444787019716,0.1460446247464503,1000000.0,9.99999000001e-07,False,146044.6247464503,853956.3752535497,,,,exact 95% beta posterior quantiles; NaN where the prior is capped and the posterior carries no player information
003091,two_point_pct,1.0,10.0,0.1,0.14604416430480727,0.04604416430480726,0.1460446247464503,1000000.0,9.99990000099999e-06,False,146045.6247464503,853964.3752535497,,,,exact 95% beta posterior quantiles; NaN where the prior is capped and the posterior carries no player information
003092,two_point_pct,0.0,1.0,0.0,0.1460444787019716,0.1460444787019716,0.1460446247464503,1000000.0,9.99999000001e-07,False,146044.6247464503,853956.3752535497,,,,exact 95% beta posterior quantiles; NaN where the prior is capped and the posterior carries no player information
003093,two_point_pct,0.0,1.0,0.0,0.1460444787019716,0.1460444787019716,0.1460446247464503,1000000.0,9.99999000001e-07,False,146044.6247464503,853956.3752535497,,,,exact 95% beta posterior quantiles; NaN where the prior is capped and the posterior carries no player information
003094,two_point_pct,2.0,4.0,0.5,0.14604604056228807,-0.3539539594377119,0.1460446247464503,1000000.0,3.9999840000639995e-06,False,146046.6247464503,853957.3752535497,,,,exact 95% beta posterior quantiles; NaN where the prior is capped and the posterior carries no player information
003095,two_point_pct,0.0,1.0,0.0,0.1460444787019716,0.1460444787019716,0.1460446247464503,1000000.0,9.99999000001e-07,False,146044.6247464503,853956.3752535497,,,,exact 95% beta posterior quantiles; NaN where the prior is capped and the posterior carries no player information
003096,two_point_pct,0.0,1.0,0.0,0.1460444787019716,0.1460444787019716,0.1460446247464503,1000000.0,9.99999000001e-07,False,146044.6247464503,853956.3752535497,,,,exact 95% beta posterior quantiles; NaN where the prior is capped and the posterior carries no player information
003098,two_point_pct,0.0,13.0,0.0,0.14604272619100983,0.14604272619100983,0.1460446247464503,1000000.0,1.2999831002196972e-05,False,146044.6247464503,853968.3752535497,,,,exact 95% beta posterior quantiles; NaN where the prior is capped and the posterior carries no player information
003099,two_point_pct,2.0,9.0,0.2222222222222222,0.14604531033865725,-0.07617691188356496,0.1460446247464503,1000000.0,8.999919000728994e-06,False,146046.6247464503,853962.3752535497,,,,exact 95% beta posterior quantiles; NaN where the prior is capped and the posterior carries no player information
003100,two_point_pct,0.0,2.0,0.0,0.146044332657785,0.146044332657785,0.1460446247464503,1000000.0,1.999996000008e-06,False,146044.6247464503,853957.3752535497,,,,exact 95% beta posterior quantiles; NaN where the prior is capped and the posterior carries no player information
003101,two_point_pct,0.0,3.0,0.0,0.14604418661389046,0.14604418661389046,0.1460446247464503,1000000.0,2.999991000027e-06,False,146044.6247464503,853958.3752535497,,,,exact 95% beta posterior quantiles; NaN where the prior is capped and the posterior carries no player information
003102,two_point_pct,0.0,2.0,0.0,0.146044332657785,0.146044332657785,0.1460446247464503,1000000.0,1.999996000008e-06,False,146044.6247464503,853957.3752535497,,,,exact 95% beta posterior quantiles; NaN where the prior is capped and the posterior carries no player information
003103,two_point_pct,1.0,9.0,0.1111111111111111,0.1460443103476572,0.034933199236546086,0.1460446247464503,1000000.0,8.999919000728994e-06,False,146045.6247464503,853963.3752535497,,,,exact 95% beta posterior quantiles; NaN where the prior is capped and the posterior carries no player information
003104,two_point_pct,0.0,2.0,0.0,0.146044332657785,0.146044332657785,0.1460446247464503,1000000.0,1.999996000008e-06,False,146044.6247464503,853957.3752535497,,,,exact 95% beta posterior quantiles; NaN where the prior is capped and the posterior carries no player information
003115,two_point_pct,0.0,1.0,0.0,0.1460444787019716,0.1460444787019716,0.1460446247464503,1000000.0,9.99999000001e-07,False,146044.6247464503,853956.3752535497,,,,exact 95% beta posterior quantiles; NaN where the prior is capped and the posterior carries no player information
003119,two_point_pct,0.0,9.0,0.0,0.1460433103566571,0.1460433103566571,0.1460446247464503,1000000.0,8.999919000728994e-06,False,146044.6247464503,853964.3752535497,,,,exact 95% beta posterior quantiles; NaN where the prior is capped and the posterior carries no player information
003128,two_point_pct,0.0,2.0,0.0,0.146044332657785,0.146044332657785,0.1460446247464503,1000000.0,1.999996000008e-06,False,146044.6247464503,853957.3752535497,,,,exact 95% beta posterior quantiles; NaN where the prior is capped and the posterior carries no player information
003136,two_point_pct,0.0,1.0,0.0,0.1460444787019716,0.1460444787019716,0.1460446247464503,1000000.0,9.99999000001e-07,False,146044.6247464503,853956.3752535497,,,,exact 95% beta posterior quantiles; NaN where the prior is capped and the posterior carries no player information
003145,two_point_pct,0.0,1.0,0.0,0.1460444787019716,0.1460444787019716,0.1460446247464503,1000000.0,9.99999000001e-07,False,146044.6247464503,853956.3752535497,,,,exact 95% beta posterior quantiles; NaN where the prior is capped and the posterior carries no player information
003151,two_point_pct,0.0,2.0,0.0,0.146044332657785,0.146044332657785,0.1460446247464503,1000000.0,1.999996000008e-06,False,146044.6247464503,853957.3752535497,,,,exact 95% beta posterior quantiles; NaN where the prior is capped and the posterior carries no player information
003156,two_point_pct,0.0,12.0,0.0,0.14604287223198353,0.14604287223198353,0.1460446247464503,1000000.0,1.1999856001727979e-05,False,146044.6247464503,853967.3752535497,,,,exact 95% beta posterior quantiles; NaN where the prior is capped and the posterior carries no player information
003159,two_point_pct,0.0,3.0,0.0,0.14604418661389046,0.14604418661389046,0.1460446247464503,1000000.0,2.999991000027e-06,False,146044.6247464503,853958.3752535497,,,,exact 95% beta posterior quantiles; NaN where the prior is capped and the posterior carries no player information
003160,two_point_pct,2.0,12.0,0.16666666666666666,0.14604487220798382,-0.02062179445868284,0.1460446247464503,1000000.0,1.1999856001727979e-05,False,146046.6247464503,853965.3752535497,,,,exact 95% beta posterior quantiles; NaN where the prior is capped and the posterior carries no player information
003161,two_point_pct,0.0,3.0,0.0,0.14604418661389046,0.14604418661389046,0.1460446247464503,1000000.0,2.999991000027e-06,False,146044.6247464503,853958.3752535497,,,,exact 95% beta posterior quantiles; NaN where the prior is capped and the posterior carries no player information
003162,two_point_pct,3.0,16.0,0.1875,0.14604528802184197,-0.04145471197815803,0.1460446247464503,1000000.0,1.5999744004095935e-05,False,146047.6247464503,853968.3752535497,,,,exact 95% beta posterior quantiles; NaN where the prior is capped and the posterior carries no player information
003163,two_point_pct,0.0,2.0,0.0,0.146044332657785,0.146044332657785,0.1460446247464503,1000000.0,1.999996000008e-06,False,146044.6247464503,853957.3752535497,,,,exact 95% beta posterior quantiles; NaN where the prior is capped and the posterior carries no player information
003164,two_point_pct,0.0,5.0,0.0,0.14604389452697766,0.14604389452697766,0.1460446247464503,1000000.0,4.9999750001249995e-06,False,146044.6247464503,853960.3752535497,,,,exact 95% beta posterior quantiles; NaN where the prior is capped and the posterior carries no player information
003165,two_point_pct,0.0,7.0,0.0,0.1460436024412332,0.1460436024412332,0.1460446247464503,1000000.0,6.9999510003429975e-06,False,146044.6247464503,853962.3752535497,,,,exact 95% beta posterior quantiles; NaN where the prior is capped and the posterior carries no player information
003166,two_point_pct,0.0,3.0,0.0,0.14604418661389046,0.14604418661389046,0.1460446247464503,1000000.0,2.999991000027e-06,False,146044.6247464503,853958.3752535497,,,,exact 95% beta posterior quantiles; NaN where the prior is capped and the posterior carries no player information
003168,two_point_pct,3.0,20.0,0.15,0.14604470385237325,-0.003955296147626741,0.1460446247464503,1000000.0,1.999960000799984e-05,False,146047.6247464503,853972.3752535497,,,,exact 95% beta posterior quantiles; NaN where the prior is capped and the posterior carries no player information
003169,two_point_pct,0.0,4.0,0.0,0.14604404057028803,0.14604404057028803,0.1460446247464503,1000000.0,3.9999840000639995e-06,False,146044.6247464503,853959.3752535497,,,,exact 95% beta posterior quantiles; NaN where the prior is capped and the posterior carries no player information
003170,two_point_pct,1.0,8.0,0.125,0.1460444563907992,0.021044456390799188,0.1460446247464503,1000000.0,7.999936000511995e-06,False,146045.6247464503,853962.3752535497,,,,exact 95% beta posterior quantiles; NaN where the prior is capped and the posterior carries no player information
003171,two_point_pct,0.0,2.0,0.0,0.146044332657785,0.146044332657785,0.1460446247464503,1000000.0,1.999996000008e-06,False,146044.6247464503,853957.3752535497,,,,exact 95% beta posterior quantiles; NaN where the prior is capped and the posterior carries no player information
003172,two_point_pct,0.0,2.0,0.0,0.146044332657785,0.146044332657785,0.1460446247464503,1000000.0,1.999996000008e-06,False,146044.6247464503,853957.3752535497,,,,exact 95% beta posterior quantiles; NaN where the prior is capped and the posterior carries no player information
003173,two_point_pct,0.0,1.0,0.0,0.1460444787019716,0.1460444787019716,0.1460446247464503,1000000.0,9.99999000001e-07,False,146044.6247464503,853956.3752535497,,,,exact 95% beta posterior quantiles; NaN where the prior is capped and the posterior carries no player information
003174,two_point_pct,1.0,3.0,0.3333333333333333,0.14604518661089047,-0.18728814672244284,0.1460446247464503,1000000.0,2.999991000027e-06,False,146045.6247464503,853957.3752535497,,,,exact 95% beta posterior quantiles; NaN where the prior is capped and the posterior carries no player information
003176,two_point_pct,0.0,5.0,0.0,0.14604389452697766,0.14604389452697766,0.1460446247464503,1000000.0,4.9999750001249995e-06,False,146044.6247464503,853960.3752535497,,,,exact 95% beta posterior quantiles; NaN where the prior is capped and the posterior carries no player information
003177,two_point_pct,0.0,1.0,0.0,0.1460444787019716,0.1460444787019716,0.1460446247464503,1000000.0,9.99999000001e-07,False,146044.6247464503,853956.3752535497,,,,exact 95% beta posterior quantiles; NaN where the prior is capped and the posterior carries no player information
003178,two_point_pct,2.0,4.0,0.5,0.14604604056228807,-0.3539539594377119,0.1460446247464503,1000000.0,3.9999840000639995e-06,False,146046.6247464503,853957.3752535497,,,,exact 95% beta posterior quantiles; NaN where the prior is capped and the posterior carries no player information
003179,two_point_pct,3.0,14.0,0.21428571428571427,0.1460455801083288,-0.06824013417738548,0.1460446247464503,1000000.0,1.3999804002743962e-05,False,146047.6247464503,853966.3752535497,,,,exact 95% beta posterior quantiles; NaN where the prior is capped and the posterior carries no player information
003180,two_point_pct,0.0,1.0,0.0,0.1460444787019716,0.1460444787019716,0.1460446247464503,1000000.0,9.99999000001e-07,False,146044.6247464503,853956.3752535497,,,,exact 95% beta posterior quantiles; NaN where the prior is capped and the posterior carries no player information
003181,two_point_pct,5.0,21.0,0.23809523809523808,0.14604655776873718,-0.0920486803265009,0.1460446247464503,1000000.0,2.0999559009260807e-05,False,146049.6247464503,853971.3752535497,,,,exact 95% beta posterior quantiles; NaN where the prior is capped and the posterior carries no player information
003182,two_point_pct,0.0,1.0,0.0,0.1460444787019716,0.1460444787019716,0.1460446247464503,1000000.0,9.99999000001e-07,False,146044.6247464503,853956.3752535497,,,,exact 95% beta posterior quantiles; NaN where the prior is capped and the posterior carries no player information
003184,two_point_pct,1.0,3.0,0.3333333333333333,0.14604518661089047,-0.18728814672244284,0.1460446247464503,1000000.0,2.999991000027e-06,False,146045.6247464503,853957.3752535497,,,,exact 95% beta posterior quantiles; NaN where the prior is capped and the posterior carries no player information
003186,two_point_pct,1.0,13.0,0.07692307692307693,0.14604372617801,0.06912064925493308,0.1460446247464503,1000000.0,1.2999831002196972e-05,False,146045.6247464503,853967.3752535497,,,,exact 95% beta posterior quantiles; NaN where the prior is capped and the posterior carries no player information
003192,two_point_pct,1.0,24.0,0.041666666666666664,0.14604211973557665,0.10437545306891,0.1460446247464503,1000000.0,2.3999424013823667e-05,False,146045.6247464503,853978.3752535497,,,,exact 95% beta posterior quantiles; NaN where the prior is capped and the posterior carries no player information
003195,two_point_pct,0.0,1.0,0.0,0.1460444787019716,0.1460444787019716,0.1460446247464503,1000000.0,9.99999000001e-07,False,146044.6247464503,853956.3752535497,,,,exact 95% beta posterior quantiles; NaN where the prior is capped and the posterior carries no player information
003203,two_point_pct,0.0,6.0,0.0,0.1460437484839594,0.1460437484839594,0.1460446247464503,1000000.0,5.9999640002159985e-06,False,146044.6247464503,853961.3752535497,,,,exact 95% beta posterior quantiles; NaN where the prior is capped and the posterior carries no player information
003208,two_point_pct,0.0,1.0,0.0,0.1460444787019716,0.1460444787019716,0.1460446247464503,1000000.0,9.99999000001e-07,False,146044.6247464503,853956.3752535497,,,,exact 95% beta posterior quantiles; NaN where the prior is capped and the posterior carries no player information
003211,two_point_pct,0.0,4.0,0.0,0.14604404057028803,0.14604404057028803,0.1460446247464503,1000000.0,3.9999840000639995e-06,False,146044.6247464503,853959.3752535497,,,,exact 95% beta posterior quantiles; NaN where the prior is capped and the posterior carries no player information
003212,two_point_pct,1.0,2.0,0.5,0.146045332655785,-0.353954667344215,0.1460446247464503,1000000.0,1.999996000008e-06,False,146045.6247464503,853956.3752535497,,,,exact 95% beta posterior quantiles; NaN where the prior is capped and the posterior carries no player information
003248,two_point_pct,0.0,2.0,0.0,0.146044332657785,0.146044332657785,0.1460446247464503,1000000.0,1.999996000008e-06,False,146044.6247464503,853957.3752535497,,,,exact 95% beta posterior quantiles; NaN where the prior is capped and the posterior carries no player information
003250,two_point_pct,0.0,2.0,0.0,0.146044332657785,0.146044332657785,0.1460446247464503,1000000.0,1.999996000008e-06,False,146044.6247464503,853957.3752535497,,,,exact 95% beta posterior quantiles; NaN where the prior is capped and the posterior carries no player information
003266,two_point_pct,1.0,2.0,0.5,0.146045332655785,-0.353954667344215,0.1460446247464503,1000000.0,1.999996000008e-06,False,146045.6247464503,853956.3752535497,,,,exact 95% beta posterior quantiles; NaN where the prior is capped and the posterior carries no player information
003267,two_point_pct,0.0,2.0,0.0,0.146044332657785,0.146044332657785,0.1460446247464503,1000000.0,1.999996000008e-06,False,146044.6247464503,853957.3752535497,,,,exact 95% beta posterior quantiles; NaN where the prior is capped and the posterior carries no player information
003268,two_point_pct,0.0,1.0,0.0,0.1460444787019716,0.1460444787019716,0.1460446247464503,1000000.0,9.99999000001e-07,False,146044.6247464503,853956.3752535497,,,,exact 95% beta posterior quantiles; NaN where the prior is capped and the posterior carries no player information
003269,two_point_pct,0.0,7.0,0.0,0.1460436024412332,0.1460436024412332,0.1460446247464503,1000000.0,6.9999510003429975e-06,False,146044.6247464503,853962.3752535497,,,,exact 95% beta posterior quantiles; NaN where the prior is capped and the posterior carries no player information
003270,two_point_pct,0.0,1.0,0.0,0.1460444787019716,0.1460444787019716,0.1460446247464503,1000000.0,9.99999000001e-07,False,146044.6247464503,853956.3752535497,,,,exact 95% beta posterior quantiles; NaN where the prior is capped and the posterior carries no player information
003273,two_point_pct,4.0,7.0,0.5714285714285714,0.14604760241323342,-0.42538096901533795,0.1460446247464503,1000000.0,6.9999510003429975e-06,False,146048.6247464503,853958.3752535497,,,,exact 95% beta posterior quantiles; NaN where the prior is capped and the posterior carries no player information
003275,two_point_pct,0.0,3.0,0.0,0.14604418661389046,0.14604418661389046,0.1460446247464503,1000000.0,2.999991000027e-06,False,146044.6247464503,853958.3752535497,,,,exact 95% beta posterior quantiles; NaN where the prior is capped and the posterior carries no player information
003277,two_point_pct,2.0,5.0,0.4,0.14604589451697772,-0.25395410548302233,0.1460446247464503,1000000.0,4.9999750001249995e-06,False,146046.6247464503,853958.3752535497,,,,exact 95% beta posterior quantiles; NaN where the prior is capped and the posterior carries no player information
003278,two_point_pct,1.0,3.0,0.3333333333333333,0.14604518661089047,-0.18728814672244284,0.1460446247464503,1000000.0,2.999991000027e-06,False,146045.6247464503,853957.3752535497,,,,exact 95% beta posterior quantiles; NaN where the prior is capped and the posterior carries no player information
003279,two_point_pct,0.0,1.0,0.0,0.1460444787019716,0.1460444787019716,0.1460446247464503,1000000.0,9.99999000001e-07,False,146044.6247464503,853956.3752535497,,,,exact 95% beta posterior quantiles; NaN where the prior is capped and the posterior carries no player information
003280,two_point_pct,1.0,4.0,0.25,0.14604504056628803,-0.10395495943371197,0.1460446247464503,1000000.0,3.9999840000639995e-06,False,146045.6247464503,853958.3752535497,,,,exact 95% beta posterior quantiles; NaN where the prior is capped and the posterior carries no player information
003282,two_point_pct,0.0,1.0,0.0,0.1460444787019716,0.1460444787019716,0.1460446247464503,1000000.0,9.99999000001e-07,False,146044.6247464503,853956.3752535497,,,,exact 95% beta posterior quantiles; NaN where the prior is capped and the posterior carries no player information
003285,two_point_pct,0.0,2.0,0.0,0.146044332657785,0.146044332657785,0.1460446247464503,1000000.0,1.999996000008e-06,False,146044.6247464503,853957.3752535497,,,,exact 95% beta posterior quantiles; NaN where the prior is capped and the posterior carries no player information
003286,two_point_pct,0.0,1.0,0.0,0.1460444787019716,0.1460444787019716,0.1460446247464503,1000000.0,9.99999000001e-07,False,146044.6247464503,853956.3752535497,,,,exact 95% beta posterior quantiles; NaN where the prior is capped and the posterior carries no player information
003288,two_point_pct,1.0,3.0,0.3333333333333333,0.14604518661089047,-0.18728814672244284,0.1460446247464503,1000000.0,2.999991000027e-06,False,146045.6247464503,853957.3752535497,,,,exact 95% beta posterior quantiles; NaN where the prior is capped and the posterior carries no player information
003289,two_point_pct,2.0,10.0,0.2,0.14604516429480735,-0.05395483570519266,0.1460446247464503,1000000.0,9.99990000099999e-06,False,146046.6247464503,853963.3752535497,,,,exact 95% beta posterior quantiles; NaN where the prior is capped and the posterior carries no player information
003292,two_point_pct,1.0,1.0,1.0,0.14604547870097162,-0.8539545212990284,0.1460446247464503,1000000.0,9.99999000001e-07,False,146045.6247464503,853955.3752535497,,,,exact 95% beta posterior quantiles; NaN where the prior is capped and the posterior carries no player information
003296,two_point_pct,0.0,2.0,0.0,0.146044332657785,0.146044332657785,0.1460446247464503,1000000.0,1.999996000008e-06,False,146044.6247464503,853957.3752535497,,,,exact 95% beta posterior quantiles; NaN where the prior is capped and the posterior carries no player information
003300,two_point_pct,1.0,2.0,0.5,0.146045332655785,-0.353954667344215,0.1460446247464503,1000000.0,1.999996000008e-06,False,146045.6247464503,853956.3752535497,,,,exact 95% beta posterior quantiles; NaN where the prior is capped and the posterior carries no player information
000211,faceoff_win_pct,0.0,9.0,0.0,0.26639964152776624,0.26639964152776624,0.49646788237226874,10.421241823509108,0.463410119794999,False,5.173811859806888,14.24742996370222,0.10050256925751455,0.47767024996574037,0.3771676807082258,exact 95% beta posterior quantiles; NaN where the prior is capped and the posterior carries no player information
000213,faceoff_win_pct,2.0,8.0,0.25,0.38943150133622917,0.13943150133622917,0.49646788237226874,10.421241823509108,0.4342812540352429,False,7.173811859806888,11.24742996370222,0.1868834474880714,0.614711004513083,0.42782755702501163,exact 95% beta posterior quantiles; NaN where the prior is capped and the posterior carries no player information
000222,faceoff_win_pct,141.0,304.0,0.46381578947368424,0.4648980171061634,0.0010822276324791713,0.49646788237226874,10.421241823509108,0.9668557958645849,True,146.17381185980688,168.24742996370222,0.4101042272232007,0.5201148409687448,0.1100106137455441,exact 95% beta posterior quantiles; NaN where the prior is capped and the posterior carries no player information
000235,faceoff_win_pct,0.0,15.0,0.0,0.203523175450156,0.203523175450156,0.49646788237226874,10.421241823509108,0.5900577203954006,True,5.173811859806888,20.24742996370222,0.0743666959751863,0.3765890600916464,0.3022223641164601,exact 95% beta posterior quantiles; NaN where the prior is capped and the posterior carries no player information
000242,faceoff_win_pct,3.0,34.0,0.08823529411764706,0.18400682926160455,0.09577153514395749,0.49646788237226874,10.421241823509108,0.7653995837191148,True,8.173811859806888,36.24742996370222,0.08585904943174683,0.3090011515014339,0.2231421020696871,exact 95% beta posterior quantiles; NaN where the prior is capped and the posterior carries no player information
000254,faceoff_win_pct,886.0,1342.0,0.6602086438152012,0.6589469200130361,-0.001261723802165049,0.49646788237226874,10.421241823509108,0.9922943817346008,True,891.1738118598068,461.24742996370225,0.6334727653011214,0.6839757995621767,0.05050303426105529,exact 95% beta posterior quantiles; NaN where the prior is capped and the posterior carries no player information
000267,faceoff_win_pct,0.0,3.0,0.0,0.3854942730220583,0.3854942730220583,0.49646788237226874,10.421241823509108,0.22352626079243257,False,5.173811859806888,8.24742996370222,0.15527635897160508,0.6479668522661086,0.49269049329450354,exact 95% beta posterior quantiles; NaN where the prior is capped and the posterior carries no player information
000275,faceoff_win_pct,2.0,18.0,0.1111111111111111,0.25241021853847884,0.14129910742736773,0.49646788237226874,10.421241823509108,0.6333291174177688,True,7.173811859806888,21.24742996370222,0.11372959890286438,0.424003741965862,0.3102741430629976,exact 95% beta posterior quantiles; NaN where the prior is capped and the posterior carries no player information
000276,faceoff_win_pct,1.0,38.0,0.02631578947368421,0.1275021380556462,0.10118634858196199,0.49646788237226874,10.421241823509108,0.7847795423856836,True,6.173811859806888,42.24742996370222,0.05018613944412209,0.23374814804992639,0.1835620086058043,exact 95% beta posterior quantiles; NaN where the prior is capped and the posterior carries no player information
000279,faceoff_win_pct,0.0,1.0,0.0,0.4529990643536926,0.4529990643536926,0.49646788237226874,10.421241823509108,0.08755615330214206,False,5.173811859806888,6.247429963702221,0.19003519529360346,0.7315212285902817,0.5414860332966782,exact 95% beta posterior quantiles; NaN where the prior is capped and the posterior carries no player information
000280,faceoff_win_pct,52.0,115.0,0.45217391304347826,0.45585429572018604,0.003680382676707783,0.49646788237226874,10.421241823509108,0.9169100730307413,True,57.17381185980689,68.24742996370222,0.3698536590381991,0.5431889735336881,0.173335314495489,exact 95% beta posterior quantiles; NaN where the prior is capped and the posterior carries no player information
000281,faceoff_win_pct,0.0,2.0,0.0,0.416529356188417,0.416529356188417,0.49646788237226874,10.421241823509108,0.16101449665159023,False,5.173811859806888,7.247429963702221,0.1708802133507561,0.6875876925478224,0.5167074791970663,exact 95% beta posterior quantiles; NaN where the prior is capped and the posterior carries no player information
000308,faceoff_win_pct,0.0,2.0,0.0,0.416529356188417,0.416529356188417,0.49646788237226874,10.421241823509108,0.16101449665159023,False,5.173811859806888,7.247429963702221,0.1708802133507561,0.6875876925478224,0.5167074791970663,exact 95% beta posterior quantiles; NaN where the prior is capped and the posterior carries no player information
000322,faceoff_win_pct,1.0,8.0,0.125,0.3351463445818238,0.2101463445818238,0.49646788237226874,10.421241823509108,0.4342812540352429,False,6.173811859806888,12.24742996370222,0.145236218260834,0.5589030731061939,0.4136668548453599,exact 95% beta posterior quantiles; NaN where the prior is capped and the posterior carries no player information
000345,faceoff_win_pct,6.0,32.0,0.1875,0.2634013380912993,0.07590133809129929,0.49646788237226874,10.421241823509108,0.7543390675156088,True,11.173811859806888,31.24742996370222,0.14391796660493128,0.40398910743533634,0.26007114083040506,exact 95% beta posterior quantiles; NaN where the prior is capped and the posterior carries no player information
000350,faceoff_win_pct,523.0,832.0,0.6286057692307693,0.6269711465448322,-0.0016346226859370594,0.49646788237226874,10.421241823509108,0.9876294170824191,True,528.1738118598068,314.24742996370225,0.5940569327503908,0.6593143088102806,0.0652573760598898,exact 95% beta posterior quantiles; NaN where the prior is capped and the posterior carries no player information
000363,faceoff_win_pct,0.0,1.0,0.0,0.4529990643536926,0.4529990643536926,0.49646788237226874,10.421241823509108,0.08755615330214206,False,5.173811859806888,6.247429963702221,0.19003519529360346,0.7315212285902817,0.5414860332966782,exact 95% beta posterior quantiles; NaN where the prior is capped and the posterior carries no player information
000365,faceoff_win_pct,4.0,16.0,0.25,0.3472135004511487,0.09721350045114868,0.49646788237226874,10.421241823509108,0.6055733529437481,True,9.173811859806888,17.24742996370222,0.18173220494645648,0.5345965355227236,0.3528643305762671,exact 95% beta posterior quantiles; NaN where the prior is capped and the posterior carries no player information
000366,faceoff_win_pct,302.0,537.0,0.5623836126629422,0.5611287768749774,-0.0012548357879648142,0.49646788237226874,10.421241823509108,0.9809630298802526,True,307.1738118598069,240.24742996370222,0.5194008959515486,0.6024335548572708,0.0830326589057222,exact 95% beta posterior quantiles; NaN where the prior is capped and the posterior carries no player information
000376,faceoff_win_pct,0.0,3.0,0.0,0.3854942730220583,0.3854942730220583,0.49646788237226874,10.421241823509108,0.22352626079243257,False,5.173811859806888,8.24742996370222,0.15527635897160508,0.6479668522661086,0.49269049329450354,exact 95% beta posterior quantiles; NaN where the prior is capped and the posterior carries no player information
000395,faceoff_win_pct,0.0,1.0,0.0,0.4529990643536926,0.4529990643536926,0.49646788237226874,10.421241823509108,0.08755615330214206,False,5.173811859806888,6.247429963702221,0.19003519529360346,0.7315212285902817,0.5414860332966782,exact 95% beta posterior quantiles; NaN where the prior is capped and the posterior carries no player information
000406,faceoff_win_pct,0.0,6.0,0.0,0.3150682460811164,0.3150682460811164,0.49646788237226874,10.421241823509108,0.36538040572609026,False,5.173811859806888,11.24742996370222,0.12198378369794227,0.5506848490040284,0.4287010653060861,exact 95% beta posterior quantiles; NaN where the prior is capped and the posterior carries no player information
000409,faceoff_win_pct,84.0,210.0,0.4,0.4045608813473984,0.0045608813473984045,0.49646788237226874,10.421241823509108,0.9527212452969783,True,89.17381185980689,131.24742996370222,0.34080033787176944,0.4699621635081712,0.12916182563640177,exact 95% beta posterior quantiles; NaN where the prior is capped and the posterior carries no player information
000410,faceoff_win_pct,25.0,200.0,0.125,0.14339717605656555,0.018397176056565545,0.49646788237226874,10.421241823509108,0.9504743830366236,True,30.17381185980689,180.24742996370222,0.09948927801451646,0.1937180388777051,0.09422876086318865,exact 95% beta posterior quantiles; NaN where the prior is capped and the posterior carries no player information
000416,faceoff_win_pct,0.0,3.0,0.0,0.3854942730220583,0.3854942730220583,0.49646788237226874,10.421241823509108,0.22352626079243257,False,5.173811859806888,8.24742996370222,0.15527635897160508,0.6479668522661086,0.49269049329450354,exact 95% beta posterior quantiles; NaN where the prior is capped and the posterior carries no player information
000422,faceoff_win_pct,0.0,28.0,0.0,0.13466019353495093,0.13466019353495093,0.49646788237226874,10.421241823509108,0.7287635347295678,True,5.173811859806888,33.24742996370222,0.04759475446189754,0.2574336448160466,0.20983889035414904,exact 95% beta posterior quantiles; NaN where the prior is capped and the posterior carries no player information
000424,faceoff_win_pct,5.0,55.0,0.09090909090909091,0.1555123622882825,0.06460327137919158,0.49646788237226874,10.421241823509108,0.840705533355311,True,10.173811859806888,55.24742996370222,0.07899456928134896,0.2519085975654889,0.17291402828413993,exact 95% beta posterior quantiles; NaN where the prior is capped and the posterior carries no player information
000427,faceoff_win_pct,110.0,226.0,0.48672566371681414,0.4871550922052314,0.00042942848841726056,0.49646788237226874,10.421241823509108,0.9559208735089519,True,115.17381185980689,121.24742996370222,0.42373602869338356,0.5507800410559867,0.1270440123626031,exact 95% beta posterior quantiles; NaN where the prior is capped and the posterior carries no player information
000727,faceoff_win_pct,15.0,32.0,0.46875,0.47555920083006425,0.006809200830064255,0.49646788237226874,10.421241823509108,0.7543390675156088,True,20.17381185980689,22.24742996370222,0.32888828779687174,0.6244148413825314,0.2955265535856597,exact 95% beta posterior quantiles; NaN where the prior is capped and the posterior carries no player information
000922,faceoff_win_pct,11.0,50.0,0.22,0.2676842013120272,0.04768420131202719,0.49646788237226874,10.421241823509108,0.8275235412415118,True,16.17381185980689,44.24742996370222,0.16480726285954006,0.38511851933435537,0.2203112564748153,exact 95% beta posterior quantiles; NaN where the prior is capped and the posterior carries no player information
000929,faceoff_win_pct,0.0,3.0,0.0,0.3854942730220583,0.3854942730220583,0.49646788237226874,10.421241823509108,0.22352626079243257,False,5.173811859806888,8.24742996370222,0.15527635897160508,0.6479668522661086,0.49269049329450354,exact 95% beta posterior quantiles; NaN where the prior is capped and the posterior carries no player information
001010,faceoff_win_pct,8.0,35.0,0.22857142857142856,0.29003636472546623,0.06146493615403767,0.49646788237226874,10.421241823509108,0.7705645771640861,True,13.173811859806888,32.24742996370222,0.16909026305074804,0.4284852344135288,0.2593949713627808,exact 95% beta posterior quantiles; NaN where the prior is capped and the posterior carries no player information
001020,faceoff_win_pct,8.0,32.0,0.25,0.31054752981102485,0.06054752981102485,0.49646788237226874,10.421241823509108,0.7543390675156088,True,13.173811859806888,29.24742996370222,0.18227397862938233,0.45573531996342354,0.2734613413340412,exact 95% beta posterior quantiles; NaN where the prior is capped and the posterior carries no player information
001397,faceoff_win_pct,0.0,1.0,0.0,0.4529990643536926,0.4529990643536926,0.49646788237226874,10.421241823509108,0.08755615330214206,False,5.173811859806888,6.247429963702221,0.19003519529360346,0.7315212285902817,0.5414860332966782,exact 95% beta posterior quantiles; NaN where the prior is capped and the posterior carries no player information
001402,faceoff_win_pct,83.0,175.0,0.4742857142857143,0.4755324200866588,0.001246705800944492,0.49646788237226874,10.421241823509108,0.9437969365266766,True,88.17381185980689,97.24742996370222,0.4041765621805098,0.5473883548693266,0.14321179268881679,exact 95% beta posterior quantiles; NaN where the prior is capped and the posterior carries no player information
001671,faceoff_win_pct,5.0,29.0,0.1724137931034483,0.25807943609071365,0.08566564298726537,0.49646788237226874,10.421241823509108,0.7356439994923161,True,10.173811859806888,29.24742996370222,0.13589666664483957,0.403476804116508,0.2675801374716684,exact 95% beta posterior quantiles; NaN where the prior is capped and the posterior carries no player information
001707,faceoff_win_pct,0.0,22.0,0.0,0.15958092808324456,0.15958092808324456,0.49646788237226874,10.421241823509108,0.6785674688144575,True,5.173811859806888,27.24742996370222,0.05707464346778579,0.3015558896877337,0.24448124621994793,exact 95% beta posterior quantiles; NaN where the prior is capped and the posterior carries no player information
001733,faceoff_win_pct,0.0,5.0,0.0,0.3354990421017589,0.3354990421017589,0.49646788237226874,10.421241823509108,0.32422810414513353,False,5.173811859806888,10.24742996370222,0.1313588650955353,0.5799413824279327,0.4485825173323974,exact 95% beta posterior quantiles; NaN where the prior is capped and the posterior carries no player information
001740,faceoff_win_pct,0.0,3.0,0.0,0.3854942730220583,0.3854942730220583,0.49646788237226874,10.421241823509108,0.22352626079243257,False,5.173811859806888,8.24742996370222,0.15527635897160508,0.6479668522661086,0.49269049329450354,exact 95% beta posterior quantiles; NaN where the prior is capped and the posterior carries no player information
001760,faceoff_win_pct,1.0,5.0,0.2,0.40034466293078563,0.20034466293078562,0.49646788237226874,10.421241823509108,0.32422810414513353,False,6.173811859806888,9.24742996370222,0.17946318394388072,0.6456870351394173,0.46622385119553655,exact 95% beta posterior quantiles; NaN where the prior is capped and the posterior carries no player information
001763,faceoff_win_pct,23.0,50.0,0.46,0.46628985120999006,0.006289851209990038,0.49646788237226874,10.421241823509108,0.8275235412415118,True,28.17381185980689,32.24742996370222,0.34304286530823447,0.5916520841128659,0.24860921880463138,exact 95% beta posterior quantiles; NaN where the prior is capped and the posterior carries no player information
001795,faceoff_win_pct,1.0,21.0,0.047619047619047616,0.19648529152618321,0.1488662439071356,0.49646788237226874,10.421241823509108,0.6683376843587377,True,6.173811859806888,25.24742996370222,0.0797150495054666,0.3496649879089091,0.2699499384034425,exact 95% beta posterior quantiles; NaN where the prior is capped and the posterior carries no player information
001812,faceoff_win_pct,855.0,1435.0,0.5958188153310104,0.5951025119671218,-0.0007163033638886152,0.49646788237226874,10.421241823509108,0.9927901697290944,True,860.1738118598068,585.2474299637022,0.5696847821527626,0.6202709591889288,0.05058617703616619,exact 95% beta posterior quantiles; NaN where the prior is capped and the posterior carries no player information
001813,faceoff_win_pct,0.0,4.0,0.0,0.358763269011458,0.358763269011458,0.49646788237226874,10.421241823509108,0.27736862393357214,False,5.173811859806888,9.24742996370222,0.142309967224719,0.6122316449473146,0.46992167772259563,exact 95% beta posterior quantiles; NaN where the prior is capped and the posterior carries no player information
001815,faceoff_win_pct,21.0,61.0,0.3442622950819672,0.36647097126210265,0.022208676180135445,0.49646788237226874,10.421241823509108,0.854087641751437,True,26.17381185980689,45.24742996370222,0.2594183528854046,0.4806091059872415,0.2211907531018369,exact 95% beta posterior quantiles; NaN where the prior is capped and the posterior carries no player information
001816,faceoff_win_pct,0.0,1.0,0.0,0.4529990643536926,0.4529990643536926,0.49646788237226874,10.421241823509108,0.08755615330214206,False,5.173811859806888,6.247429963702221,0.19003519529360346,0.7315212285902817,0.5414860332966782,exact 95% beta posterior quantiles; NaN where the prior is capped and the posterior carries no player information
001819,faceoff_win_pct,8.0,72.0,0.1111111111111111,0.1598351537582549,0.048724042647143806,0.49646788237226874,10.421241823509108,0.8735612131903521,True,13.173811859806888,69.24742996370222,0.08948089586920105,0.24578502899385057,0.15630413312464952,exact 95% beta posterior quantiles; NaN where the prior is capped and the posterior carries no player information
001820,faceoff_win_pct,0.0,17.0,0.0,0.18867897716328855,0.18867897716328855,0.49646788237226874,10.421241823509108,0.6199573348799017,True,5.173811859806888,22.24742996370222,0.06844015422393568,0.3516405349073466,0.2832003806834109,exact 95% beta posterior quantiles; NaN where the prior is capped and the posterior carries no player information
001831,faceoff_win_pct,4.0,37.0,0.10810810810810811,0.19345364033168286,0.08534553222357474,0.49646788237226874,10.421241823509108,0.7802410602764357,True,9.173811859806888,38.24742996370222,0.09538788246572949,0.31593338880338706,0.22054550633765757,exact 95% beta posterior quantiles; NaN where the prior is capped and the posterior carries no player information
001839,faceoff_win_pct,0.0,3.0,0.0,0.3854942730220583,0.3854942730220583,0.49646788237226874,10.421241823509108,0.22352626079243257,False,5.173811859806888,8.24742996370222,0.15527635897160508,0.6479668522661086,0.49269049329450354,exact 95% beta posterior quantiles; NaN where the prior is capped and the posterior carries no player information
002006,faceoff_win_pct,0.0,1.0,0.0,0.4529990643536926,0.4529990643536926,0.49646788237226874,10.421241823509108,0.08755615330214206,False,5.173811859806888,6.247429963702221,0.19003519529360346,0.7315212285902817,0.5414860332966782,exact 95% beta posterior quantiles; NaN where the prior is capped and the posterior carries no player information
002021,faceoff_win_pct,0.0,1.0,0.0,0.4529990643536926,0.4529990643536926,0.49646788237226874,10.421241823509108,0.08755615330214206,False,5.173811859806888,6.247429963702221,0.19003519529360346,0.7315212285902817,0.5414860332966782,exact 95% beta posterior quantiles; NaN where the prior is capped and the posterior carries no player information
002022,faceoff_win_pct,1.0,10.0,0.1,0.3023230376078081,0.2023230376078081,0.49646788237226874,10.421241823509108,0.48968618492573335,False,6.173811859806888,14.24742996370222,0.12889453445677646,0.5123393799003679,0.3834448454435915,exact 95% beta posterior quantiles; NaN where the prior is capped and the posterior carries no player information
002024,faceoff_win_pct,0.0,1.0,0.0,0.4529990643536926,0.4529990643536926,0.49646788237226874,10.421241823509108,0.08755615330214206,False,5.173811859806888,6.247429963702221,0.19003519529360346,0.7315212285902817,0.5414860332966782,exact 95% beta posterior quantiles; NaN where the prior is capped and the posterior carries no player information
002025,faceoff_win_pct,2.0,6.0,0.3333333333333333,0.4368617146564798,0.10352838132314651,0.49646788237226874,10.421241823509108,0.36538040572609026,False,7.173811859806888,9.24742996370222,0.2146765791985672,0.6736127779295202,0.45893619873095304,exact 95% beta posterior quantiles; NaN where the prior is capped and the posterior carries no player information
002032,faceoff_win_pct,302.0,614.0,0.49185667752442996,0.4919336359582538,7.695843382382606e-05,0.49646788237226874,10.421241823509108,0.9833105584411642,True,307.1738118598069,317.24742996370225,0.45279038618900813,0.5311258320289198,0.0783354458399117,exact 95% beta posterior quantiles; NaN where the prior is capped and the posterior carries no player information
002033,faceoff_win_pct,0.0,1.0,0.0,0.4529990643536926,0.4529990643536926,0.49646788237226874,10.421241823509108,0.08755615330214206,False,5.173811859806888,6.247429963702221,0.19003519529360346,0.7315212285902817,0.5414860332966782,exact 95% beta posterior quantiles; NaN where the prior is capped and the posterior carries no player information
002040,faceoff_win_pct,0.0,1.0,0.0,0.4529990643536926,0.4529990643536926,0.49646788237226874,10.421241823509108,0.08755615330214206,False,5.173811859806888,6.247429963702221,0.19003519529360346,0.7315212285902817,0.5414860332966782,exact 95% beta posterior quantiles; NaN where the prior is capped and the posterior carries no player information
002047,faceoff_win_pct,19.0,51.0,0.37254901960784315,0.39357413074240893,0.021025111134565788,0.49646788237226874,10.421241823509108,0.8303316326059634,True,24.17381185980689,37.24742996370222,0.2761252791096922,0.5175908297824208,0.24146555067272857,exact 95% beta posterior quantiles; NaN where the prior is capped and the posterior carries no player information
002054,faceoff_win_pct,1.0,2.0,0.5,0.4970366045142121,-0.0029633954857878897,0.49646788237226874,10.421241823509108,0.16101449665159023,False,6.173811859806888,6.247429963702221,0.2352866492292378,0.7596894198504742,0.5244027706212364,exact 95% beta posterior quantiles; NaN where the prior is capped and the posterior carries no player information
002055,faceoff_win_pct,11.0,29.0,0.3793103448275862,0.4102816428822274,0.030971298054641216,0.49646788237226874,10.421241823509108,0.7356439994923161,True,16.17381185980689,23.24742996370222,0.26385564406518824,0.5653358674899209,0.3014802234247327,exact 95% beta posterior quantiles; NaN where the prior is capped and the posterior carries no player information
002063,faceoff_win_pct,0.0,6.0,0.0,0.3150682460811164,0.3150682460811164,0.49646788237226874,10.421241823509108,0.36538040572609026,False,5.173811859806888,11.24742996370222,0.12198378369794227,0.5506848490040284,0.4287010653060861,exact 95% beta posterior quantiles; NaN where the prior is capped and the posterior carries no player information
002067,faceoff_win_pct,315.0,693.0,0.45454545454545453,0.4551665386586941,0.0006210841132395784,0.49646788237226874,10.421241823509108,0.9851849202101237,True,320.1738118598069,383.24742996370225,0.4185237845231313,0.4920507837960031,0.07352699927287176,exact 95% beta posterior quantiles; NaN where the prior is capped and the posterior carries no player information
002074,faceoff_win_pct,0.0,4.0,0.0,0.358763269011458,0.358763269011458,0.49646788237226874,10.421241823509108,0.27736862393357214,False,5.173811859806888,9.24742996370222,0.142309967224719,0.6122316449473146,0.46992167772259563,exact 95% beta posterior quantiles; NaN where the prior is capped and the posterior carries no player information
003004,faceoff_win_pct,558.0,960.0,0.58125,0.5803395346144241,-0.0009104653855759315,0.49646788237226874,10.421241823509108,0.9892611153029517,True,563.1738118598068,407.24742996370225,0.5491559799120296,0.6112094202835578,0.06205344037152827,exact 95% beta posterior quantiles; NaN where the prior is capped and the posterior carries no player information
003005,faceoff_win_pct,2.0,18.0,0.1111111111111111,0.25241021853847884,0.14129910742736773,0.49646788237226874,10.421241823509108,0.6333291174177688,True,7.173811859806888,21.24742996370222,0.11372959890286438,0.424003741965862,0.3102741430629976,exact 95% beta posterior quantiles; NaN where the prior is capped and the posterior carries no player information
003006,faceoff_win_pct,2.0,18.0,0.1111111111111111,0.25241021853847884,0.14129910742736773,0.49646788237226874,10.421241823509108,0.6333291174177688,True,7.173811859806888,21.24742996370222,0.11372959890286438,0.424003741965862,0.3102741430629976,exact 95% beta posterior quantiles; NaN where the prior is capped and the posterior carries no player information
003007,faceoff_win_pct,0.0,1.0,0.0,0.4529990643536926,0.4529990643536926,0.49646788237226874,10.421241823509108,0.08755615330214206,False,5.173811859806888,6.247429963702221,0.19003519529360346,0.7315212285902817,0.5414860332966782,exact 95% beta posterior quantiles; NaN where the prior is capped and the posterior carries no player information
003011,faceoff_win_pct,0.0,2.0,0.0,0.416529356188417,0.416529356188417,0.49646788237226874,10.421241823509108,0.16101449665159023,False,5.173811859806888,7.247429963702221,0.1708802133507561,0.6875876925478224,0.5167074791970663,exact 95% beta posterior quantiles; NaN where the prior is capped and the posterior carries no player information
003018,faceoff_win_pct,246.0,566.0,0.43462897526501765,0.43574697397552226,0.0011179987105046085,0.49646788237226874,10.421241823509108,0.9819207880151302,True,251.17381185980688,325.24742996370225,0.39552921694121324,0.4763870816968847,0.08085786475567147,exact 95% beta posterior quantiles; NaN where the prior is capped and the posterior carries no player information
003020,faceoff_win_pct,1.0,18.0,0.05555555555555555,0.217225267570825,0.16166971201526945,0.49646788237226874,10.421241823509108,0.6333291174177688,True,6.173811859806888,22.24742996370222,0.08896189540973864,0.3830140499921981,0.2940521545824595,exact 95% beta posterior quantiles; NaN where the prior is capped and the posterior carries no player information
003023,faceoff_win_pct,0.0,4.0,0.0,0.358763269011458,0.358763269011458,0.49646788237226874,10.421241823509108,0.27736862393357214,False,5.173811859806888,9.24742996370222,0.142309967224719,0.6122316449473146,0.46992167772259563,exact 95% beta posterior quantiles; NaN where the prior is capped and the posterior carries no player information
003024,faceoff_win_pct,4.0,21.0,0.19047619047619047,0.29196210357743146,0.101485913101241,0.49646788237226874,10.421241823509108,0.6683376843587377,True,9.173811859806888,22.24742996370222,0.14944665934308432,0.45953251954051666,0.31008586019743234,exact 95% beta posterior quantiles; NaN where the prior is capped and the posterior carries no player information
003030,faceoff_win_pct,33.0,76.0,0.4342105263157895,0.44171792784193126,0.007507401526141766,0.49646788237226874,10.421241823509108,0.879413421936339,True,38.17381185980689,48.24742996370222,0.3391646201198455,0.5468275792954955,0.20766295917565003,exact 95% beta posterior quantiles; NaN where the prior is capped and the posterior carries no player information
003032,faceoff_win_pct,292.0,545.0,0.5357798165137615,0.5350422156778746,-0.0007376008358869202,0.49646788237226874,10.421241823509108,0.9812372285415389,True,297.1738118598069,258.24742996370225,0.49349597599939443,0.5763494031562004,0.08285342715680599,exact 95% beta posterior quantiles; NaN where the prior is capped and the posterior carries no player information
003039,faceoff_win_pct,0.0,4.0,0.0,0.358763269011458,0.358763269011458,0.49646788237226874,10.421241823509108,0.27736862393357214,False,5.173811859806888,9.24742996370222,0.142309967224719,0.6122316449473146,0.46992167772259563,exact 95% beta posterior quantiles; NaN where the prior is capped and the posterior carries no player information
003041,faceoff_win_pct,10.0,129.0,0.07751937984496124,0.10883428996433088,0.03131491011936964,0.49646788237226874,10.421241823509108,0.9252535575841364,True,15.173811859806888,124.24742996370222,0.06290145913953893,0.16536458619521,0.10246312705567107,exact 95% beta posterior quantiles; NaN where the prior is capped and the posterior carries no player information
003049,faceoff_win_pct,0.0,1.0,0.0,0.4529990643536926,0.4529990643536926,0.49646788237226874,10.421241823509108,0.08755615330214206,False,5.173811859806888,6.247429963702221,0.19003519529360346,0.7315212285902817,0.5414860332966782,exact 95% beta posterior quantiles; NaN where the prior is capped and the posterior carries no player information
003059,faceoff_win_pct,0.0,1.0,0.0,0.4529990643536926,0.4529990643536926,0.49646788237226874,10.421241823509108,0.08755615330214206,False,5.173811859806888,6.247429963702221,0.19003519529360346,0.7315212285902817,0.5414860332966782,exact 95% beta posterior quantiles; NaN where the prior is capped and the posterior carries no player information
003078,faceoff_win_pct,0.0,1.0,0.0,0.4529990643536926,0.4529990643536926,0.49646788237226874,10.421241823509108,0.08755615330214206,False,5.173811859806888,6.247429963702221,0.19003519529360346,0.7315212285902817,0.5414860332966782,exact 95% beta posterior quantiles; NaN where the prior is capped and the posterior carries no player information
003087,faceoff_win_pct,7.0,43.0,0.16279069767441862,0.2278833558386049,0.06509265816418627,0.49646788237226874,10.421241823509108,0.8049232577194971,True,12.173811859806888,41.24742996370222,0.12682299807784148,0.3482104074500967,0.2213874093722552,exact 95% beta posterior quantiles; NaN where the prior is capped and the posterior carries no player information
003098,faceoff_win_pct,447.0,889.0,0.5028121484814398,0.5027386399536866,-7.350852775322991e-05,0.49646788237226874,10.421241823509108,0.9884133914800801,True,452.1738118598069,447.24742996370225,0.4700825951586012,0.5353831480897497,0.06530055293114856,exact 95% beta posterior quantiles; NaN where the prior is capped and the posterior carries no player information
003101,faceoff_win_pct,0.0,6.0,0.0,0.3150682460811164,0.3150682460811164,0.49646788237226874,10.421241823509108,0.36538040572609026,False,5.173811859806888,11.24742996370222,0.12198378369794227,0.5506848490040284,0.4287010653060861,exact 95% beta posterior quantiles; NaN where the prior is capped and the posterior carries no player information
003119,faceoff_win_pct,326.0,637.0,0.5117739403453689,0.511527565773146,-0.00024637457222298487,0.49646788237226874,10.421241823509108,0.983903460142647,True,331.1738118598069,316.24742996370225,0.47303179834852926,0.5499558697047178,0.0769240713561885,exact 95% beta posterior quantiles; NaN where the prior is capped and the posterior carries no player information
003136,faceoff_win_pct,30.0,90.0,0.3333333333333333,0.35026266575775933,0.016929332424426013,0.49646788237226874,10.421241823509108,0.8962247266188512,True,35.17381185980689,65.24742996370222,0.2604749545280356,0.4457007207965944,0.1852257662685588,exact 95% beta posterior quantiles; NaN where the prior is capped and the posterior carries no player information
003151,faceoff_win_pct,48.0,105.0,0.45714285714285713,0.46069346525585897,0.0035506081130018408,0.49646788237226874,10.421241823509108,0.9097112311489054,True,53.17381185980689,62.24742996370222,0.37096558677149005,0.5517121032753494,0.1807465165038593,exact 95% beta posterior quantiles; NaN where the prior is capped and the posterior carries no player information
003152,faceoff_win_pct,0.0,2.0,0.0,0.416529356188417,0.416529356188417,0.49646788237226874,10.421241823509108,0.16101449665159023,False,5.173811859806888,7.247429963702221,0.1708802133507561,0.6875876925478224,0.5167074791970663,exact 95% beta posterior quantiles; NaN where the prior is capped and the posterior carries no player information
003160,faceoff_win_pct,7.0,26.0,0.2692307692307692,0.3342503234458349,0.06501955421506567,0.49646788237226874,10.421241823509108,0.7138691241224393,True,12.173811859806888,24.24742996370222,0.19282502491842024,0.4929152643599082,0.30009023944148794,exact 95% beta posterior quantiles; NaN where the prior is capped and the posterior carries no player information
003161,faceoff_win_pct,0.0,2.0,0.0,0.416529356188417,0.416529356188417,0.49646788237226874,10.421241823509108,0.16101449665159023,False,5.173811859806888,7.247429963702221,0.1708802133507561,0.6875876925478224,0.5167074791970663,exact 95% beta posterior quantiles; NaN where the prior is capped and the posterior carries no player information
003172,faceoff_win_pct,0.0,11.0,0.0,0.24152716739926813,0.24152716739926813,0.49646788237226874,10.421241823509108,0.5135089781736119,True,5.173811859806888,16.24742996370222,0.08995698907529004,0.4385821620526258,0.34862517297733575,exact 95% beta posterior quantiles; NaN where the prior is capped and the posterior carries no player information
003180,faceoff_win_pct,0.0,2.0,0.0,0.416529356188417,0.416529356188417,0.49646788237226874,10.421241823509108,0.16101449665159023,False,5.173811859806888,7.247429963702221,0.1708802133507561,0.6875876925478224,0.5167074791970663,exact 95% beta posterior quantiles; NaN where the prior is capped and the posterior carries no player information
003183,faceoff_win_pct,2.0,8.0,0.25,0.38943150133622917,0.13943150133622917,0.49646788237226874,10.421241823509108,0.4342812540352429,False,7.173811859806888,11.24742996370222,0.1868834474880714,0.614711004513083,0.42782755702501163,exact 95% beta posterior quantiles; NaN where the prior is capped and the posterior carries no player information
003206,faceoff_win_pct,1.0,4.0,0.25,0.42810542499485105,0.17810542499485105,0.49646788237226874,10.421241823509108,0.27736862393357214,False,6.173811859806888,8.24742996370222,0.19482278192299418,0.6802612644678447,0.48543848254485056,exact 95% beta posterior quantiles; NaN where the prior is capped and the posterior carries no player information
003212,faceoff_win_pct,4.0,41.0,0.0975609756097561,0.17840510136440818,0.08084412575465208,0.49646788237226874,10.421241823509108,0.797335858607276,True,9.173811859806888,42.24742996370222,0.08748695833492093,0.29293525058892556,0.20544829225400463,exact 95% beta posterior quantiles; NaN where the prior is capped and the posterior carries no player information
003246,faceoff_win_pct,23.0,43.0,0.5348837209302325,0.5273896842923713,-0.00749403663786119,0.49646788237226874,10.421241823509108,0.8049232577194971,True,28.17381185980689,25.24742996370222,0.3943223834212404,0.658513003581902,0.26419062016066164,exact 95% beta posterior quantiles; NaN where the prior is capped and the posterior carries no player information
003254,faceoff_win_pct,2.0,8.0,0.25,0.38943150133622917,0.13943150133622917,0.49646788237226874,10.421241823509108,0.4342812540352429,False,7.173811859806888,11.24742996370222,0.1868834474880714,0.614711004513083,0.42782755702501163,exact 95% beta posterior quantiles; NaN where the prior is capped and the posterior carries no player information
003255,faceoff_win_pct,1.0,19.0,0.05263157894736842,0.20984198752867358,0.15721040858130517,0.49646788237226874,10.421241823509108,0.6457919116390937,True,6.173811859806888,23.24742996370222,0.08564954597386532,0.37122278768219985,0.28557324170833454,exact 95% beta posterior quantiles; NaN where the prior is capped and the posterior carries no player information
003260,faceoff_win_pct,0.0,8.0,0.0,0.2808611878274185,0.2808611878274185,0.49646788237226874,10.421241823509108,0.4342812540352429,False,5.173811859806888,13.24742996370222,0.1067652938363608,0.49984933124505915,0.39308403740869835,exact 95% beta posterior quantiles; NaN where the prior is capped and the posterior carries no player information
003275,faceoff_win_pct,153.0,249.0,0.6144578313253012,0.6097180429327239,-0.004739788392577271,0.49646788237226874,10.421241823509108,0.959828880047537,True,158.17381185980688,101.24742996370222,0.5497226096631493,0.6681108923803549,0.11838828271720558,exact 95% beta posterior quantiles; NaN where the prior is capped and the posterior carries no player information
003283,faceoff_win_pct,2.0,20.0,0.1,0.23581587830721187,0.13581587830721187,0.49646788237226874,10.421241823509108,0.6574353577027313,True,7.173811859806888,23.24742996370222,0.10549457956221886,0.3989340027619619,0.29343942319974303,exact 95% beta posterior quantiles; NaN where the prior is capped and the posterior carries no player information
003284,faceoff_win_pct,0.0,4.0,0.0,0.358763269011458,0.358763269011458,0.49646788237226874,10.421241823509108,0.27736862393357214,False,5.173811859806888,9.24742996370222,0.142309967224719,0.6122316449473146,0.46992167772259563,exact 95% beta posterior quantiles; NaN where the prior is capped and the posterior carries no player information
003290,faceoff_win_pct,1.0,1.0,1.0,0.5405552176558346,-0.4594447823441654,0.49646788237226874,10.421241823509108,0.08755615330214206,False,6.173811859806888,5.247429963702221,0.2627757929440122,0.8049089894338977,0.5421331964898854,exact 95% beta posterior quantiles; NaN where the prior is capped and the posterior carries no player information
003300,faceoff_win_pct,1.0,29.0,0.034482758620689655,0.15661129822970457,0.12212853960901492,0.49646788237226874,10.421241823509108,0.7356439994923161,True,6.173811859806888,33.24742996370222,0.0624247478262987,0.28358884030603804,0.22116409247973934,exact 95% beta posterior quantiles; NaN where the prior is capped and the posterior carries no player information
000201,save_pct,138.0,272.0,0.5073529411764706,0.5260692305708746,0.018716289394404062,0.5363498166860413,495.18876241574634,0.3545411681259752,False,403.5944019466732,363.59436046907314,0.49070499357185327,0.561304720264161,0.07059972669230774,exact 95% beta posterior quantiles; NaN where the prior is capped and the posterior carries no player information
000241,save_pct,241.0,478.0,0.50418410041841,0.5205510189915818,0.01636691857317185,0.5363498166860413,495.18876241574634,0.4911688445861835,False,506.5944019466732,466.59436046907314,0.48914675661944784,0.5518752717471216,0.06272851512767375,exact 95% beta posterior quantiles; NaN where the prior is capped and the posterior carries no player information
000258,save_pct,750.0,1316.0,0.5699088145896657,0.5607336038194511,-0.009175210770214548,0.5363498166860413,495.18876241574634,0.726594614160885,True,1015.5944019466732,795.5943604690731,0.5378226757457014,0.5835174866660964,0.04569481092039496,exact 95% beta posterior quantiles; NaN where the prior is capped and the posterior carries no player information
000318,save_pct,348.0,688.0,0.5058139534883721,0.5185938384792314,0.012779884990859247,0.5363498166860413,495.18876241574634,0.5814794915692852,True,613.5944019466732,569.5943604690731,0.49011096914182417,0.5470171668275725,0.05690619768574834,exact 95% beta posterior quantiles; NaN where the prior is capped and the posterior carries no player information
000353,save_pct,209.0,392.0,0.5331632653061225,0.5349418545996788,0.001778589293556343,0.5363498166860413,495.18876241574634,0.44184509160442287,False,474.5944019466732,412.59436046907314,0.5020729495736305,0.5676615360134747,0.06558858643984422,exact 95% beta posterior quantiles; NaN where the prior is capped and the posterior carries no player information
000370,save_pct,84.0,185.0,0.4540540540540541,0.5139667416807356,0.05991268762668156,0.5363498166860413,495.18876241574634,0.27198332319245805,False,349.5944019466732,330.59436046907314,0.4764063671173062,0.5514493157097604,0.0750429485924542,exact 95% beta posterior quantiles; NaN where the prior is capped and the posterior carries no player information
000408,save_pct,331.0,641.0,0.516380655226209,0.5250838783849646,0.008703223158755602,0.5363498166860413,495.18876241574634,0.5641668191094551,True,596.5944019466732,539.5943604690731,0.4960236398910638,0.5540604706911836,0.05803683080011979,exact 95% beta posterior quantiles; NaN where the prior is capped and the posterior carries no player information
000418,save_pct,506.0,953.0,0.5309548793284365,0.5327996059433333,0.0018447266148967634,0.5363498166860413,495.18876241574634,0.6580633856116145,True,771.5944019466732,676.5943604690731,0.5070731232699472,0.5584402780805249,0.05136715481057763,exact 95% beta posterior quantiles; NaN where the prior is capped and the posterior carries no player information
000614,save_pct,14.0,31.0,0.45161290322580644,0.5313576076065326,0.07974470438072617,0.5363498166860413,495.18876241574634,0.05891421902983672,False,279.5944019466732,246.59436046907314,0.48866489829379134,0.5738245149550494,0.08515961666125804,exact 95% beta posterior quantiles; NaN where the prior is capped and the posterior carries no player information
000815,save_pct,90.0,165.0,0.5454545454545454,0.5386253480678631,-0.006829197386682306,0.5363498166860413,495.18876241574634,0.249928519528621,False,355.5944019466732,304.59436046907314,0.500529227865627,0.5764997910882812,0.07597056322265416,exact 95% beta posterior quantiles; NaN where the prior is capped and the posterior carries no player information
001427,save_pct,123.0,247.0,0.4979757085020243,0.5235789352048922,0.02560322670286791,0.5363498166860413,495.18876241574634,0.33279943392842676,False,388.5944019466732,353.59436046907314,0.4876215030963067,0.5594159959291574,0.07179449283285066,exact 95% beta posterior quantiles; NaN where the prior is capped and the posterior carries no player information
001724,save_pct,242.0,461.0,0.5249457700650759,0.5308516706097551,0.00590590054467921,0.5363498166860413,495.18876241574634,0.48212237804940794,False,507.5944019466732,448.59436046907314,0.49918272378272377,0.5623983696859796,0.06321564590325579,exact 95% beta posterior quantiles; NaN where the prior is capped and the posterior carries no player information
001773,save_pct,40.0,70.0,0.5714285714285714,0.5406944056008698,-0.03073416582770161,0.5363498166860413,495.18876241574634,0.12385242710913774,False,305.5944019466732,259.59436046907314,0.49952529402798973,0.5815907049982343,0.08206541097024456,exact 95% beta posterior quantiles; NaN where the prior is capped and the posterior carries no player information
001797,save_pct,7.0,17.0,0.4117647058823529,0.5322147261899645,0.12045002030761154,0.5363498166860413,495.18876241574634,0.033190888296375794,False,272.5944019466732,239.59436046907314,0.48894407830084674,0.5752470588486176,0.08630298054777086,exact 95% beta posterior quantiles; NaN where the prior is capped and the posterior carries no player information
002014,save_pct,19.0,46.0,0.41304347826086957,0.5258690159720003,0.11282553771113074,0.5363498166860413,495.18876241574634,0.08499806942528929,False,284.5944019466732,256.59436046907314,0.48376480126171373,0.5677921148308087,0.08402731356909499,exact 95% beta posterior quantiles; NaN where the prior is capped and the posterior carries no player information
002026,save_pct,635.0,1066.0,0.5956848030018762,0.5768645173650333,-0.018820285636842904,0.5363498166860413,495.18876241574634,0.6828130112533586,True,900.5944019466732,660.5943604690731,0.5522751457465347,0.601267352089053,0.04899220634251833,exact 95% beta posterior quantiles; NaN where the prior is capped and the posterior carries no player information
002038,save_pct,521.0,1003.0,0.5194416749750748,0.5250302376306263,0.005588562655551521,0.5363498166860413,495.18876241574634,0.6694750522509046,True,786.5944019466732,711.5943604690731,0.49972402045386843,0.5502731560554821,0.05054913560161367,exact 95% beta posterior quantiles; NaN where the prior is capped and the posterior carries no player information
002039,save_pct,184.0,354.0,0.519774011299435,0.5294398864484272,0.009665875148992198,0.5363498166860413,495.18876241574634,0.4168684462956758,False,449.5944019466732,399.59436046907314,0.49583152783452533,0.5629168917366769,0.06708536390215158,exact 95% beta posterior quantiles; NaN where the prior is capped and the posterior carries no player information
002059,save_pct,246.0,460.0,0.5347826086956522,0.5355950803407814,0.0008124716451292091,0.5363498166860413,495.18876241574634,0.4815802049812901,False,511.5944019466732,443.59436046907314,0.5039201778999995,0.567128791968571,0.06320861406857148,exact 95% beta posterior quantiles; NaN where the prior is capped and the posterior carries no player information
003079,save_pct,404.0,762.0,0.5301837270341208,0.5326124619981621,0.0024287349640413902,0.5363498166860413,495.18876241574634,0.6061142310370177,True,669.5944019466732,587.5943604690731,0.5049990756961051,0.5601275643275585,0.055128488631453365,exact 95% beta posterior quantiles; NaN where the prior is capped and the posterior carries no player information
003102,save_pct,158.0,310.0,0.5096774193548387,0.5260808666477104,0.016403447292871687,0.5363498166860413,495.18876241574634,0.3850028893472515,False,423.5944019466732,381.59436046907314,0.4915612092881929,0.560477798426291,0.06891658913809806,exact 95% beta posterior quantiles; NaN where the prior is capped and the posterior carries no player information
003108,save_pct,7.0,10.0,0.7,0.5395892035348581,-0.1604107964651419,0.5363498166860413,495.18876241574634,0.019794581241635925,False,272.5944019466732,232.59436046907314,0.49603845199453644,0.5828430274559651,0.08680457546142861,exact 95% beta posterior quantiles; NaN where the prior is capped and the posterior carries no player information
003145,save_pct,54.0,92.0,0.5869565217391305,0.5442788118625322,-0.04267770987659825,0.5363498166860413,495.18876241574634,0.15667874777014446,False,319.5944019466732,267.59436046907314,0.5039020843978506,0.5843698203971144,0.08046773599926382,exact 95% beta posterior quantiles; NaN where the prior is capped and the posterior carries no player information
003169,save_pct,253.0,475.0,0.5326315789473685,0.5345293844214252,0.001897805474056713,0.5363498166860413,495.18876241574634,0.48959544616581785,False,518.5944019466732,451.59436046907314,0.5030978460272308,0.565826076810481,0.06272823078325018,exact 95% beta posterior quantiles; NaN where the prior is capped and the posterior carries no player information
003176,save_pct,282.0,505.0,0.5584158415841585,0.547491056212303,-0.010924785371855483,0.5363498166860413,495.18876241574634,0.5049046929704332,True,547.5944019466732,452.59436046907314,0.5165763771219645,0.5782258341496345,0.061649457027669996,exact 95% beta posterior quantiles; NaN where the prior is capped and the posterior carries no player information
003264,save_pct,86.0,138.0,0.6231884057971014,0.5552758084418107,-0.06791259735529076,0.5363498166860413,495.18876241574634,0.21794448700179295,False,351.5944019466732,281.59436046907314,0.5164478513470385,0.5937730010191444,0.07732514967210591,exact 95% beta posterior quantiles; NaN where the prior is capped and the posterior carries no player information
003291,save_pct,26.0,46.0,0.5652173913043478,0.5388035047975878,-0.02641388650676002,0.5363498166860413,495.18876241574634,0.08499806942528929,False,291.5944019466732,249.59436046907314,0.49672464016475715,0.5806106962554622,0.0838860560907051,exact 95% beta posterior quantiles; NaN where the prior is capped and the posterior carries no player information
000201,turnovers_per_touch,2.0,184.0,0.010869565217391304,0.02950504038307449,0.018635475165683184,0.05434592259646255,138.03565433105572,0.5713653054417578,True,9.501674985827616,312.5339793452281,0.01396360612125136,0.050542648328701034,0.036579042207449675,exact 95% beta posterior quantiles; NaN where the prior is capped and the posterior carries no player information
000204,turnovers_per_touch,0.0,16.0,0.0,0.0487008999209034,0.0487008999209034,0.05434592259646255,138.03565433105572,0.10387205526853258,False,7.5016749858276155,146.53397934522812,0.02069669359480031,0.08771197040914558,0.06701527681434527,exact 95% beta posterior quantiles; NaN where the prior is capped and the posterior carries no player information
000207,turnovers_per_touch,1.0,81.0,0.012345679012345678,0.03881411458692465,0.026468435574578973,0.05434592259646255,138.03565433105572,0.36980280789160774,False,8.501674985827616,210.53397934522812,0.0175016469147522,0.06804268169798888,0.05054103478323668,exact 95% beta posterior quantiles; NaN where the prior is capped and the posterior carries no player information
000211,turnovers_per_touch,15.0,238.0,0.06302521008403361,0.05983920600788962,-0.003186004076143993,0.05434592259646255,138.03565433105572,0.6329187066672902,True,22.501674985827616,353.5339793452281,0.038198881346033886,0.08590293567976914,0.04770405433373526,exact 95% beta posterior quantiles; NaN where the prior is capped and the posterior carries no player information
000213,turnovers_per_touch,0.0,2.0,0.0,0.053569749944489445,0.053569749944489445,0.05434592259646255,138.03565433105572,0.014282077014985317,False,7.5016749858276155,132.53397934522812,0.0228067874268163,0.0963113083562348,0.0735045209294185,exact 95% beta posterior quantiles; NaN where the prior is capped and the posterior carries no player information
000216,turnovers_per_touch,83.0,2177.0,0.03812586127698668,0.039092994017830215,0.0009671327408435348,0.05434592259646255,138.03565433105572,0.9403742857813816,True,90.50167498582762,2224.533979345228,0.03158391863689758,0.04735584129230119,0.015771922655403614,exact 95% beta posterior quantiles; NaN where the prior is capped and the posterior carries no player information
000217,turnovers_per_touch,3.0,41.0,0.07317073170731707,0.05865689169604685,-0.014513840011270221,0.05434592259646255,138.03565433105572,0.2290046647590468,False,10.501674985827616,168.53397934522812,0.02924751621321775,0.09735296663711779,0.06810545042390004,exact 95% beta posterior quantiles; NaN where the prior is capped and the posterior carries no player information
000218,turnovers_per_touch,4.0,70.0,0.05714285714285714,0.05528703732449884,-0.0018558198183582994,0.05434592259646255,138.03565433105572,0.3364807836670444,False,11.501674985827616,196.53397934522812,0.02855877930414863,0.09007202394423075,0.06151324464008212,exact 95% beta posterior quantiles; NaN where the prior is capped and the posterior carries no player information
000221,turnovers_per_touch,69.0,967.0,0.07135470527404343,0.0692300512530871,-0.0021246540209563375,0.05434592259646255,138.03565433105572,0.8750848863653934,True,76.50167498582762,1028.533979345228,0.055024447705363855,0.08491151136695407,0.02988706366159022,exact 95% beta posterior quantiles; NaN where the prior is capped and the posterior carries no player information
000222,turnovers_per_touch,12.0,92.0,0.13043478260869565,0.0847767492501914,-0.045658033358504255,0.05434592259646255,138.03565433105572,0.39993800207857444,False,19.501674985827616,210.53397934522812,0.052422150009078905,0.12395202447078191,0.071529874461703,exact 95% beta posterior quantiles; NaN where the prior is capped and the posterior carries no player information
000223,turnovers_per_touch,4.0,136.0,0.029411764705882353,0.04197145445874253,0.012559689752860176,0.05434592259646255,138.03565433105572,0.4962857856288355,False,11.501674985827616,262.5339793452281,0.02159482511342503,0.068645656487206,0.047050831373780966,exact 95% beta posterior quantiles; NaN where the prior is capped and the posterior carries no player information
000225,turnovers_per_touch,75.0,1353.0,0.05543237250554324,0.05533179219838409,-0.00010058030715914823,0.05434592259646255,138.03565433105572,0.9074229687733494,True,82.50167498582762,1408.533979345228,0.044307532807579264,0.06748513548518531,0.023177602677606046,exact 95% beta posterior quantiles; NaN where the prior is capped and the posterior carries no player information
000227,turnovers_per_touch,39.0,773.0,0.050452781371280724,0.05104265103649791,0.0005898696652171867,0.05434592259646255,138.03565433105572,0.8484849043230795,True,46.50167498582761,864.5339793452281,0.03771763478289358,0.06623233130085282,0.028514696517959237,exact 95% beta posterior quantiles; NaN where the prior is capped and the posterior carries no player information
000231,turnovers_per_touch,29.0,363.0,0.07988980716253444,0.07285245006078826,-0.007037357101746175,0.05434592259646255,138.03565433105572,0.7244993382449991,True,36.50167498582761,464.5339793452281,0.05178321528364904,0.0971468732750509,0.04536365799140185,exact 95% beta posterior quantiles; NaN where the prior is capped and the posterior carries no player information
000234,turnovers_per_touch,57.0,846.0,0.0673758865248227,0.06554810763404265,-0.001827778890780049,0.05434592259646255,138.03565433105572,0.8597249462216977,True,64.50167498582762,919.5339793452281,0.05094853983609937,0.08181892792345025,0.030870388087350875,exact 95% beta posterior quantiles; NaN where the prior is capped and the posterior carries no player information
000235,turnovers_per_touch,4.0,213.0,0.018779342723004695,0.03276497655984706,0.013985633836842364,0.05434592259646255,138.03565433105572,0.6067759709648277,True,11.501674985827616,339.5339793452281,0.01681216587894596,0.05373175724525936,0.0369195913663134,exact 95% beta posterior quantiles; NaN where the prior is capped and the posterior carries no player information
000238,turnovers_per_touch,8.0,99.0,0.08080808080808081,0.06539807283244069,-0.015410007975640128,0.05434592259646255,138.03565433105572,0.41765868632459696,False,15.501674985827616,221.53397934522812,0.03762095488491468,0.10009626045939513,0.062475305574480444,exact 95% beta posterior quantiles; NaN where the prior is capped and the posterior carries no player information
000240,turnovers_per_touch,134.0,1851.0,0.07239330091842247,0.07114084389473495,-0.0012524570236875227,0.05434592259646255,138.03565433105572,0.9306017194661705,True,141.5016749858276,1847.533979345228,0.06026174357975833,0.08283650680095889,0.022574763221200556,exact 95% beta posterior quantiles; NaN where the prior is capped and the posterior carries no player information
000241,turnovers_per_touch,11.0,177.0,0.062146892655367235,0.05872882872611333,-0.003418063929253902,0.05434592259646255,138.03565433105572,0.5618411680285536,True,18.501674985827616,296.5339793452281,0.03556979863788001,0.08717799131409265,0.05160819267621264,exact 95% beta posterior quantiles; NaN where the prior is capped and the posterior carries no player information
000242,turnovers_per_touch,3.0,86.0,0.03488372093023256,0.04687501646639411,0.011991295536161552,0.05434592259646255,138.03565433105572,0.3838674708130094,False,10.501674985827616,213.53397934522812,0.02328702641534619,0.07808031296008267,0.054793286544736475,exact 95% beta posterior quantiles; NaN where the prior is capped and the posterior carries no player information
000246,turnovers_per_touch,2.0,80.0,0.025,0.04357853771659149,0.018578537716591487,0.05434592259646255,138.03565433105572,0.36691246780460746,False,9.501674985827616,208.53397934522812,0.020718620595289394,0.07431641194853,0.05359779135324061,exact 95% beta posterior quantiles; NaN where the prior is capped and the posterior carries no player information
000251,turnovers_per_touch,2.0,27.0,0.07407407407407407,0.05757346813536177,-0.016500605938712297,0.05434592259646255,138.03565433105572,0.16360101160830948,False,9.501674985827616,155.53397934522812,0.027498113486217335,0.09774137093336321,0.07024325744714588,exact 95% beta posterior quantiles; NaN where the prior is capped and the posterior carries no player information
000254,turnovers_per_touch,49.0,662.0,0.07401812688821752,0.07062394617033799,-0.0033941807178795302,0.05434592259646255,138.03565433105572,0.8274631216949033,True,56.50167498582761,743.5339793452281,0.053924428328173235,0.08935487156850286,0.03543044324032962,exact 95% beta posterior quantiles; NaN where the prior is capped and the posterior carries no player information
000255,turnovers_per_touch,3.0,67.0,0.04477611940298507,0.05121877470574629,0.006442655302761217,0.05434592259646255,138.03565433105572,0.3267724348654996,False,10.501674985827616,194.53397934522812,0.0254794116190169,0.0852023989718873,0.059722987352870405,exact 95% beta posterior quantiles; NaN where the prior is capped and the posterior carries no player information
000256,turnovers_per_touch,7.0,40.0,0.175,0.08145376857414122,-0.09354623142585877,0.05434592259646255,138.03565433105572,0.22467409772662927,False,14.501674985827616,163.53397934522812,0.046052986435825005,0.12572895488119684,0.07967596844537184,exact 95% beta posterior quantiles; NaN where the prior is capped and the posterior carries no player information
000258,turnovers_per_touch,17.0,862.0,0.019721577726218097,0.024500801426142436,0.00477922369992434,0.05434592259646255,138.03565433105572,0.8619692670623923,True,24.501674985827616,975.5339793452281,0.015855632460443303,0.034942507540108636,0.019086875079665333,exact 95% beta posterior quantiles; NaN where the prior is capped and the posterior carries no player information
000260,turnovers_per_touch,3.0,34.0,0.08823529411764706,0.0610435960304995,-0.027191698087147567,0.05434592259646255,138.03565433105572,0.19763345064838894,False,10.501674985827616,161.53397934522812,0.030460358160780743,0.10123968988773413,0.07077933172695339,exact 95% beta posterior quantiles; NaN where the prior is capped and the posterior carries no player information
000262,turnovers_per_touch,97.0,1521.0,0.06377383300460224,0.06298940876467422,-0.0007844242399280138,0.05434592259646255,138.03565433105572,0.9167976565357703,True,104.50167498582762,1554.533979345228,0.05181079581961967,0.07516546154511161,0.02335466572549194,exact 95% beta posterior quantiles; NaN where the prior is capped and the posterior carries no player information
000266,turnovers_per_touch,48.0,708.0,0.06779661016949153,0.0656020519959194,-0.002194558173572128,0.05434592259646255,138.03565433105572,0.8368441641620908,True,55.50167498582761,790.5339793452281,0.049925748695386574,0.08322170030442066,0.03329595160903409,exact 95% beta posterior quantiles; NaN where the prior is capped and the posterior carries no player information
000267,turnovers_per_touch,3.0,113.0,0.02654867256637168,0.0418334001750143,0.01528472760864262,0.05434592259646255,138.03565433105572,0.4501352618659505,False,10.501674985827616,240.53397934522812,0.02074988270760514,0.06978973912191577,0.049039856414310634,exact 95% beta posterior quantiles; NaN where the prior is capped and the posterior carries no player information
000268,turnovers_per_touch,0.0,4.0,0.0,0.05281543582249259,0.05281543582249259,0.05434592259646255,138.03565433105572,0.02816194299127758,False,7.5016749858276155,134.53397934522812,0.02247937783249654,0.0949810772726778,0.07250169944018126,exact 95% beta posterior quantiles; NaN where the prior is capped and the posterior carries no player information
000269,turnovers_per_touch,18.0,337.0,0.05341246290801187,0.05368370721928025,0.00027124431126838294,0.05434592259646255,138.03565433105572,0.7094204338715643,True,25.501674985827616,449.5339793452281,0.03527909188414924,0.0756396994984243,0.04036060761427507,exact 95% beta posterior quantiles; NaN where the prior is capped and the posterior carries no player information
000272,turnovers_per_touch,59.0,879.0,0.0671217292377702,0.06538775184786258,-0.0017339773899076177,0.05434592259646255,138.03565433105572,0.8642764845625327,True,66.50167498582762,950.5339793452281,0.05103030658210628,0.08136285966611467,0.030332553084008396,exact 95% beta posterior quantiles; NaN where the prior is capped and the posterior carries no player information
000275,turnovers_per_touch,6.0,189.0,0.031746031746031744,0.04128502445228792,0.009538992706256175,0.05434592259646255,138.03565433105572,0.5779186382188063,True,13.501674985827616,313.5339793452281,0.022534808405907825,0.06532453701947816,0.04278972861357033,exact 95% beta posterior quantiles; NaN where the prior is capped and the posterior carries no player information
000276,turnovers_per_touch,5.0,75.0,0.06666666666666667,0.05868348669185728,-0.007983179974809386,0.05434592259646255,138.03565433105572,0.35205374534842226,False,12.501674985827616,200.53397934522812,0.03131234963075258,0.09386611930676736,0.06255376967601478,exact 95% beta posterior quantiles; NaN where the prior is capped and the posterior carries no player information
000278,turnovers_per_touch,45.0,642.0,0.07009345794392523,0.0673067630874541,-0.0027866948564711225,0.05434592259646255,138.03565433105572,0.8230393013900978,True,52.50167498582761,727.5339793452281,0.050813057547202334,0.08589986924198456,0.03508681169478223,exact 95% beta posterior quantiles; NaN where the prior is capped and the posterior carries no player information
000279,turnovers_per_touch,14.0,318.0,0.0440251572327044,0.047149109464626714,0.003123952231922314,0.05434592259646255,138.03565433105572,0.6973138985513405,True,21.501674985827616,434.5339793452281,0.02966909101814963,0.0683806816523429,0.03871159063419327,exact 95% beta posterior quantiles; NaN where the prior is capped and the posterior carries no player information
000280,turnovers_per_touch,3.0,18.0,0.16666666666666666,0.06730304705581301,-0.09936361961085365,0.05434592259646255,138.03565433105572,0.11535824986390605,False,10.501674985827616,145.53397934522812,0.033649922435870394,0.1114051689801272,0.0777552465442568,exact 95% beta posterior quantiles; NaN where the prior is capped and the posterior carries no player information
000281,turnovers_per_touch,15.0,484.0,0.030991735537190084,0.0361742527605209,0.005182517223330817,0.05434592259646255,138.03565433105572,0.7780904464720743,True,22.501674985827616,599.5339793452281,0.022976307052886114,0.052189247304340824,0.02921294025145471,exact 95% beta posterior quantiles; NaN where the prior is capped and the posterior carries no player information
000282,turnovers_per_touch,2.0,25.0,0.08,0.05827973656936277,-0.02172026343063723,0.05434592259646255,138.03565433105572,0.1533406916577627,False,9.501674985827616,153.53397934522812,0.027841913484735414,0.09891779781901278,0.07107588433427736,exact 95% beta posterior quantiles; NaN where the prior is capped and the posterior carries no player information
000294,turnovers_per_touch,2.0,36.0,0.05555555555555555,0.05459614021247193,-0.0009594153430836222,0.05434592259646255,138.03565433105572,0.20685416524777012,False,9.501674985827616,164.53397934522812,0.026050567597849295,0.09277598359039985,0.06672541599255055,exact 95% beta posterior quantiles; NaN where the prior is capped and the posterior carries no player information
000295,turnovers_per_touch,28.0,310.0,0.09032258064516129,0.07923850399547722,-0.011084076649684069,0.05434592259646255,138.03565433105572,0.6919092197312928,True,35.50167498582761,412.5339793452281,0.05609049051417969,0.10593932084157132,0.049848830327391624,exact 95% beta posterior quantiles; NaN where the prior is capped and the posterior carries no player information
000298,turnovers_per_touch,10.0,216.0,0.046296296296296294,0.04943478085250122,0.0031384845562049263,0.05434592259646255,138.03565433105572,0.6101080423894827,True,17.501674985827616,336.5339793452281,0.02939722259179689,0.07427731595817022,0.04488009336637333,exact 95% beta posterior quantiles; NaN where the prior is capped and the posterior carries no player information
000302,turnovers_per_touch,22.0,434.0,0.05069124423963134,0.05157314017485007,0.0008818959352187294,0.05434592259646255,138.03565433105572,0.7586939672624496,True,29.501674985827616,542.5339793452281,0.03499905634089373,0.07111122840433381,0.036112172063440084,exact 95% beta posterior quantiles; NaN where the prior is capped and the posterior carries no player information
000305,turnovers_per_touch,22.0,726.0,0.030303030303030304,0.034144048151193575,0.003841017848163271,0.05434592259646255,138.03565433105572,0.8402431038127423,True,29.501674985827616,834.5339793452281,0.023096557677490637,0.04722981262602843,0.024133254948537797,exact 95% beta posterior quantiles; NaN where the prior is capped and the posterior carries no player information
000308,turnovers_per_touch,7.0,215.0,0.03255813953488372,0.041077083314165236,0.008518943779281515,0.05434592259646255,138.03565433105572,0.6090036441429393,True,14.501674985827616,338.5339793452281,0.022975567466346547,0.06408219519653358,0.04110662773018703,exact 95% beta posterior quantiles; NaN where the prior is capped and the posterior carries no player information
000310,turnovers_per_touch,0.0,7.0,0.0,0.05172297129576449,0.05172297129576449,0.05434592259646255,138.03565433105572,0.04826399434184596,False,7.5016749858276155,137.53397934522812,0.022005519800586626,0.09305319548002444,0.07104767567943782,exact 95% beta posterior quantiles; NaN where the prior is capped and the posterior carries no player information
000314,turnovers_per_touch,6.0,164.0,0.036585365853658534,0.04470225548613104,0.008116889632472507,0.05434592259646255,138.03565433105572,0.5429822527516656,True,13.501674985827616,288.5339793452281,0.0244228835508693,0.07066643671714701,0.04624355316627771,exact 95% beta posterior quantiles; NaN where the prior is capped and the posterior carries no player information
000315,turnovers_per_touch,16.0,348.0,0.04597701149425287,0.04835380856610945,0.002376797071856576,0.05434592259646255,138.03565433105572,0.715996855166854,True,23.501674985827616,462.5339793452281,0.031127009220654145,0.06909214713959955,0.0379651379189454,exact 95% beta posterior quantiles; NaN where the prior is capped and the posterior carries no player information
000318,turnovers_per_touch,16.0,455.0,0.035164835164835165,0.039629446921429216,0.004464611756594052,0.05434592259646255,138.03565433105572,0.7672388610651749,True,23.501674985827616,569.5339793452281,0.025464703241596,0.05672745799529366,0.031262754753697664,exact 95% beta posterior quantiles; NaN where the prior is capped and the posterior carries no player information
000319,turnovers_per_touch,1.0,52.0,0.019230769230769232,0.044737262677124204,0.025506493446354972,0.05434592259646255,138.03565433105572,0.27363286212287447,False,8.501674985827616,181.53397934522812,0.0202136815933045,0.07826937807840295,0.05805569648509845,exact 95% beta posterior quantiles; NaN where the prior is capped and the posterior carries no player information
000322,turnovers_per_touch,9.0,69.0,0.13043478260869565,0.07970450809135021,-0.050730274517345436,0.05434592259646255,138.03565433105572,0.3332759288391317,False,16.501674985827616,190.53397934522812,0.046919862361392006,0.120155709591927,0.073235847230535,exact 95% beta posterior quantiles; NaN where the prior is capped and the posterior carries no player information
000327,turnovers_per_touch,48.0,755.0,0.06357615894039735,0.062149450267360414,-0.0014267086730369374,0.05434592259646255,138.03565433105572,0.845430970575913,True,55.50167498582761,837.5339793452281,0.04727592066046782,0.07887865023803897,0.031602729577571154,exact 95% beta posterior quantiles; NaN where the prior is capped and the posterior carries no player information
000331,turnovers_per_touch,0.0,23.0,0.0,0.04658393830229507,0.04658393830229507,0.05434592259646255,138.03565433105572,0.1428255133656103,False,7.5016749858276155,153.53397934522812,0.019781606300966814,0.08396331805852242,0.0641817117575556,exact 95% beta posterior quantiles; NaN where the prior is capped and the posterior carries no player information
000333,turnovers_per_touch,22.0,543.0,0.040515653775322284,0.043318840648373255,0.002803186873050971,0.05434592259646255,138.03565433105572,0.7973150840881589,True,29.501674985827616,651.5339793452281,0.02935246963170357,0.05982046635472216,0.030467996723018587,exact 95% beta posterior quantiles; NaN where the prior is capped and the posterior carries no player information
000337,turnovers_per_touch,15.0,229.0,0.06550218340611354,0.061306509927048516,-0.004195673479065021,0.05434592259646255,138.03565433105572,0.6239175875634373,True,22.501674985827616,344.5339793452281,0.03914783921209164,0.08798202002071775,0.048834180808626115,exact 95% beta posterior quantiles; NaN where the prior is capped and the posterior carries no player information
000339,turnovers_per_touch,58.0,1191.0,0.04869857262804366,0.04928511494207928,0.0005865423140356193,0.05434592259646255,138.03565433105572,0.8961384866679644,True,65.50167498582762,1263.533979345228,0.03830885098432191,0.06154504997539334,0.023236198991071433,exact 95% beta posterior quantiles; NaN where the prior is capped and the posterior carries no player information
000345,turnovers_per_touch,11.0,251.0,0.043824701195219126,0.04755778751857879,0.003733086323359662,0.05434592259646255,138.03565433105572,0.6451850806106522,True,18.501674985827616,370.5339793452281,0.028728381352266297,0.07077882994781248,0.042050448595546186,exact 95% beta posterior quantiles; NaN where the prior is capped and the posterior carries no player information
000346,turnovers_per_touch,11.0,102.0,0.10784313725490197,0.0770788616274073,-0.03076427562749466,0.05434592259646255,138.03565433105572,0.42493687150044057,False,18.501674985827616,221.53397934522812,0.04688724977313541,0.113926494930638,0.06703924515750259,exact 95% beta posterior quantiles; NaN where the prior is capped and the posterior carries no player information
000350,turnovers_per_touch,34.0,345.0,0.09855072463768116,0.08591845056096795,-0.012632274076713218,0.05434592259646255,138.03565433105572,0.7142329906842634,True,41.50167498582761,441.5339793452281,0.06262483578757383,0.11245595032232814,0.049831114534754306,exact 95% beta posterior quantiles; NaN where the prior is capped and the posterior carries no player information
000351,turnovers_per_touch,45.0,755.0,0.059602649006622516,0.05879012190745612,-0.0008125270991663977,0.05434592259646255,138.03565433105572,0.845430970575913,True,52.50167498582761,840.5339793452281,0.04433049992076121,0.07511951160267927,0.030789011681918055,exact 95% beta posterior quantiles; NaN where the prior is capped and the posterior carries no player information
000353,turnovers_per_touch,6.0,268.0,0.022388059701492536,0.03325243692717489,0.010864377225682353,0.05434592259646255,138.03565433105572,0.6600405583631082,True,13.501674985827616,392.5339793452281,0.018110613425960764,0.052728377253515646,0.03461776382755488,exact 95% beta posterior quantiles; NaN where the prior is capped and the posterior carries no player information
000354,turnovers_per_touch,89.0,1047.0,0.08500477554918816,0.08143356246973188,-0.0035712130794562785,0.05434592259646255,138.03565433105572,0.8835177204782283,True,96.50167498582762,1088.533979345228,0.06655057627358474,0.09765402469201945,0.03110344841843471,exact 95% beta posterior quantiles; NaN where the prior is capped and the posterior carries no player information
000355,turnovers_per_touch,18.0,422.0,0.04265402843601896,0.04553580613771552,0.002881777701696557,0.05434592259646255,138.03565433105572,0.7535234529024142,True,25.501674985827616,534.5339793452281,0.029875900741899386,0.06426281100721098,0.0343869102653116,exact 95% beta posterior quantiles; NaN where the prior is capped and the posterior carries no player information
000356,turnovers_per_touch,13.0,167.0,0.07784431137724551,0.06721074961150972,-0.010633561765735794,0.05434592259646255,138.03565433105572,0.5474769838504013,True,20.501674985827616,284.5339793452281,0.041953063948312774,0.09782923318562098,0.055876169237308204,exact 95% beta posterior quantiles; NaN where the prior is capped and the posterior carries no player information
000357,turnovers_per_touch,33.0,890.0,0.03707865168539326,0.03939715010388634,0.0023184984184930826,0.05434592259646255,138.03565433105572,0.8657287286199469,True,40.50167498582761,987.5339793452281,0.0283835798909422,0.052105580078205094,0.023722000187262893,exact 95% beta posterior quantiles; NaN where the prior is capped and the posterior carries no player information
000358,turnovers_per_touch,20.0,1014.0,0.01972386587771203,0.02387224291404142,0.004148377036329389,0.05434592259646255,138.03565433105572,0.8801810917812194,True,27.501674985827616,1124.533979345228,0.015869725932134315,0.03343678326928057,0.017567057337146252,exact 95% beta posterior quantiles; NaN where the prior is capped and the posterior carries no player information
000359,turnovers_per_touch,7.0,434.0,0.016129032258064516,0.025350998449189362,0.009221966191124847,0.05434592259646255,138.03565433105572,0.7586939672624496,True,14.501674985827616,557.5339793452281,0.01412108787917532,0.039710009325062856,0.025588921445887536,exact 95% beta posterior quantiles; NaN where the prior is capped and the posterior carries no player information
000361,turnovers_per_touch,3.0,130.0,0.023076923076923078,0.03918014195550568,0.016103218878582605,0.05434592259646255,138.03565433105572,0.4850101018256124,False,10.501674985827616,257.5339793452281,0.019417860166868195,0.06541619569179602,0.045998335524927825,exact 95% beta posterior quantiles; NaN where the prior is capped and the posterior carries no player information
000363,turnovers_per_touch,43.0,653.0,0.06584992343032159,0.06384247626427746,-0.0020074471660441323,0.05434592259646255,138.03565433105572,0.8255000851411857,True,50.50167498582761,740.5339793452281,0.047888548084301874,0.08188306176452897,0.0339945136802271,exact 95% beta posterior quantiles; NaN where the prior is capped and the posterior carries no player information
000365,turnovers_per_touch,12.0,330.0,0.03636363636363636,0.041667071312548966,0.005303434948912604,0.05434592259646255,138.03565433105572,0.7050744894032818,True,19.501674985827616,448.5339793452281,0.02551051918999292,0.06152186865801923,0.03601134946802631,exact 95% beta posterior quantiles; NaN where the prior is capped and the posterior carries no player information
000366,turnovers_per_touch,31.0,175.0,0.17714285714285713,0.12299453577613739,-0.05414832136671974,0.05434592259646255,138.03565433105572,0.5590417499692416,True,38.50167498582761,274.5339793452281,0.08902652651886456,0.16152056949795224,0.07249404297908768,exact 95% beta posterior quantiles; NaN where the prior is capped and the posterior carries no player information
000368,turnovers_per_touch,4.0,129.0,0.031007751937984496,0.043071682748283824,0.012063930810299328,0.05434592259646255,138.03565433105572,0.4830815582404328,False,11.501674985827616,255.53397934522812,0.022168135939864442,0.07042252036626451,0.048254384426400065,exact 95% beta posterior quantiles; NaN where the prior is capped and the posterior carries no player information
000369,turnovers_per_touch,1.0,17.0,0.058823529411764705,0.05483690201786452,-0.003986627393900183,0.05434592259646255,138.03565433105572,0.10965219628575897,False,8.501674985827616,146.53397934522812,0.024863848084351048,0.09561048381146975,0.0707466357271187,exact 95% beta posterior quantiles; NaN where the prior is capped and the posterior carries no player information
000370,turnovers_per_touch,3.0,147.0,0.02040816326530612,0.03684337319299152,0.016435209927685396,0.05434592259646255,138.03565433105572,0.5157249549884951,True,10.501674985827616,274.5339793452281,0.018246546998852864,0.0615583831386175,0.04331183613976464,exact 95% beta posterior quantiles; NaN where the prior is capped and the posterior carries no player information
000373,turnovers_per_touch,105.0,1729.0,0.06072874493927125,0.060256843368176646,-0.0004719015710946059,0.05434592259646255,138.03565433105572,0.9260669425295401,True,112.50167498582762,1754.533979345228,0.049919874960323796,0.07148570034769364,0.02156582538736984,exact 95% beta posterior quantiles; NaN where the prior is capped and the posterior carries no player information
000376,turnovers_per_touch,20.0,290.0,0.06896551724137931,0.06425089757723076,-0.004714619664148545,0.05434592259646255,138.03565433105572,0.6775136535137917,True,27.501674985827616,400.5339793452281,0.04304458506521769,0.08930626857909374,0.04626168351387605,exact 95% beta posterior quantiles; NaN where the prior is capped and the posterior carries no player information
000377,turnovers_per_touch,0.0,6.0,0.0,0.05208206968384056,0.05208206968384056,0.05434592259646255,138.03565433105572,0.04165635257371363,False,7.5016749858276155,136.53397934522812,0.02216123676043935,0.09368707225075923,0.07152583549031988,exact 95% beta posterior quantiles; NaN where the prior is capped and the posterior carries no player information
000385,turnovers_per_touch,25.0,399.0,0.06265664160401002,0.06052051614024112,-0.002136125463768901,0.05434592259646255,138.03565433105572,0.7429674301550868,True,32.50167498582761,504.5339793452281,0.04197201065835543,0.08216400843230076,0.04019199777394533,exact 95% beta posterior quantiles; NaN where the prior is capped and the posterior carries no player information
000390,turnovers_per_touch,39.0,716.0,0.05446927374301676,0.054449336804622266,-1.9936938394492232e-05,0.05434592259646255,138.03565433105572,0.8383724922595,True,46.50167498582761,807.5339793452281,0.040255287633044645,0.0706174460647162,0.03036215843167156,exact 95% beta posterior quantiles; NaN where the prior is capped and the posterior carries no player information
000391,turnovers_per_touch,68.0,1133.0,0.06001765225066196,0.05940169713458121,-0.0006159551160807505,0.05434592259646255,138.03565433105572,0.8913990698367124,True,75.50167498582762,1195.533979345228,0.04708270271657966,0.07303301602951251,0.02595031331293285,exact 95% beta posterior quantiles; NaN where the prior is capped and the posterior carries no player information
000395,turnovers_per_touch,104.0,1495.0,0.06956521739130435,0.0682787755981374,-0.001286441793166948,0.05434592259646255,138.03565433105572,0.9154729696409479,True,111.50167498582762,1521.533979345228,0.05655923901940696,0.08099941370892338,0.024440174689516425,exact 95% beta posterior quantiles; NaN where the prior is capped and the posterior carries no player information
000397,turnovers_per_touch,0.0,2.0,0.0,0.053569749944489445,0.053569749944489445,0.05434592259646255,138.03565433105572,0.014282077014985317,False,7.5016749858276155,132.53397934522812,0.0228067874268163,0.0963113083562348,0.0735045209294185,exact 95% beta posterior quantiles; NaN where the prior is capped and the posterior carries no player information
000405,turnovers_per_touch,7.0,313.0,0.022364217252396165,0.03215194818098245,0.009787730928586286,0.05434592259646255,138.03565433105572,0.6939584420753155,True,14.501674985827616,436.5339793452281,0.017941306723514572,0.05027475833776407,0.0323334516142495,exact 95% beta posterior quantiles; NaN where the prior is capped and the posterior carries no player information
000406,turnovers_per_touch,7.0,88.0,0.07954545454545454,0.0641565819726308,-0.015388872572823745,0.05434592259646255,138.03565433105572,0.38931911100676925,False,14.501674985827616,211.53397934522812,0.03610517593915574,0.09948453333345242,0.06337935739429668,exact 95% beta posterior quantiles; NaN where the prior is capped and the posterior carries no player information
000407,turnovers_per_touch,0.0,6.0,0.0,0.05208206968384056,0.05208206968384056,0.05434592259646255,138.03565433105572,0.04165635257371363,False,7.5016749858276155,136.53397934522812,0.02216123676043935,0.09368707225075923,0.07152583549031988,exact 95% beta posterior quantiles; NaN where the prior is capped and the posterior carries no player information
000408,turnovers_per_touch,8.0,352.0,0.022727272727272728,0.03163376960190549,0.008906496874632762,0.05434592259646255,138.03565433105572,0.7183150795027614,True,15.501674985827616,474.5339793452281,0.01804092197562568,0.04883246912504546,0.030791547149419785,exact 95% beta posterior quantiles; NaN where the prior is capped and the posterior carries no player information
000409,turnovers_per_touch,60.0,1233.0,0.04866180048661801,0.049234077007838634,0.0005722765212206257,0.05434592259646255,138.03565433105572,0.899320157068851,True,67.50167498582762,1303.533979345228,0.038422622630605474,0.06129005292314105,0.022867430292535573,exact 95% beta posterior quantiles; NaN where the prior is capped and the posterior carries no player information
000410,turnovers_per_touch,11.0,232.0,0.04741379310344827,0.04999970886393268,0.0025859157604844057,0.05434592259646255,138.03565433105572,0.62696661060785,True,18.501674985827616,351.5339793452281,0.030220781598472968,0.07437100537936203,0.044150223780889064,exact 95% beta posterior quantiles; NaN where the prior is capped and the posterior carries no player information
000411,turnovers_per_touch,0.0,6.0,0.0,0.05208206968384056,0.05208206968384056,0.05434592259646255,138.03565433105572,0.04165635257371363,False,7.5016749858276155,136.53397934522812,0.02216123676043935,0.09368707225075923,0.07152583549031988,exact 95% beta posterior quantiles; NaN where the prior is capped and the posterior carries no player information
000414,turnovers_per_touch,137.0,1966.0,0.06968463886063073,0.06867833949884732,-0.001006299361783411,0.05434592259646255,138.03565433105572,0.9343948121568586,True,144.5016749858276,1959.533979345228,0.058268995984690264,0.07986404988332652,0.02159505389863625,exact 95% beta posterior quantiles; NaN where the prior is capped and the posterior carries no player information
000416,turnovers_per_touch,13.0,158.0,0.08227848101265822,0.06925407357486965,-0.013024407437788571,0.05434592259646255,138.03565433105572,0.5337194952311693,True,20.501674985827616,275.5339793452281,0.043248408735962585,0.10075757533195429,0.0575091665959917,exact 95% beta posterior quantiles; NaN where the prior is capped and the posterior carries no player information
000417,turnovers_per_touch,5.0,41.0,0.12195121951219512,0.06982785095258572,-0.052123368559609404,0.05434592259646255,138.03565433105572,0.2290046647590468,False,12.501674985827616,166.53397934522812,0.03737854017526843,0.11133943675667979,0.07396089658141136,exact 95% beta posterior quantiles; NaN where the prior is capped and the posterior carries no player information
000418,turnovers_per_touch,13.0,500.0,0.026,0.03213249110243292,0.006132491102432924,0.05434592259646255,138.03565433105572,0.7836552653538174,True,20.501674985827616,617.5339793452281,0.019900957209756598,0.047133437445154414,0.027232480235397816,exact 95% beta posterior quantiles; NaN where the prior is capped and the posterior carries no player information
000419,turnovers_per_touch,53.0,798.0,0.06641604010025062,0.06463607951885716,-0.0017799605813934583,0.05434592259646255,138.03565433105572,0.8525316277298177,True,60.50167498582761,875.5339793452281,0.04979493623250164,0.08123775877174921,0.03144282253924757,exact 95% beta posterior quantiles; NaN where the prior is capped and the posterior carries no player information
000422,turnovers_per_touch,10.0,95.0,0.10526315789473684,0.07510299244151,-0.030160165453226834,0.05434592259646255,138.03565433105572,0.40766294013121634,False,17.501674985827616,215.53397934522812,0.04494069531210698,0.11215190278016962,0.06721120746806264,exact 95% beta posterior quantiles; NaN where the prior is capped and the posterior carries no player information
000424,turnovers_per_touch,11.0,98.0,0.11224489795918367,0.07838508566963272,-0.033859812289550956,0.05434592259646255,138.03565433105572,0.41519151112038555,False,18.501674985827616,217.53397934522812,0.047696681547677144,0.11582152309711091,0.06812484154943377,exact 95% beta posterior quantiles; NaN where the prior is capped and the posterior carries no player information
000425,turnovers_per_touch,9.0,101.0,0.0891089108910891,0.06903436657601461,-0.020074544315074494,0.05434592259646255,138.03565433105572,0.42253110851872605,False,16.501674985827616,222.53397934522812,0.0405295007803943,0.10434691639966331,0.06381741561926901,exact 95% beta posterior quantiles; NaN where the prior is capped and the posterior carries no player information
000427,turnovers_per_touch,3.0,46.0,0.06521739130434782,0.05706326322472545,-0.008154128079622375,0.05434592259646255,138.03565433105572,0.24995156600064086,False,10.501674985827616,173.53397934522812,0.02843870615470223,0.0947544862574432,0.06631578010274097,exact 95% beta posterior quantiles; NaN where the prior is capped and the posterior carries no player information
000434,turnovers_per_touch,1.0,32.0,0.03125,0.04999936642273296,0.018749366422732963,0.05434592259646255,138.03565433105572,0.18819582355178693,False,8.501674985827616,161.53397934522812,0.02263242003391497,0.08731964070466347,0.0646872206707485,exact 95% beta posterior quantiles; NaN where the prior is capped and the posterior carries no player information
000614,turnovers_per_touch,0.0,17.0,0.0,0.048386772824584576,0.048386772824584576,0.05434592259646255,138.03565433105572,0.10965219628575897,False,7.5016749858276155,147.53397934522812,0.02056081689079292,0.08715609411592595,0.06659527722513303,exact 95% beta posterior quantiles; NaN where the prior is capped and the posterior carries no player information
000700,turnovers_per_touch,4.0,52.0,0.07692307692307693,0.06052377395344389,-0.016399302969633038,0.05434592259646255,138.03565433105572,0.27363286212287447,False,11.501674985827616,178.53397934522812,0.03131285941344686,0.09845169345499016,0.0671388340415433,exact 95% beta posterior quantiles; NaN where the prior is capped and the posterior carries no player information
000727,turnovers_per_touch,13.0,156.0,0.08333333333333333,0.06972513259478631,-0.013608200738547016,0.05434592259646255,138.03565433105572,0.5305479036374244,True,20.501674985827616,273.5339793452281,0.04354720309493132,0.10143227406661026,0.05788507097167894,exact 95% beta posterior quantiles; NaN where the prior is capped and the posterior carries no player information
000815,turnovers_per_touch,5.0,107.0,0.04672897196261682,0.05101982003377032,0.0042908480711535,0.05434592259646255,138.03565433105572,0.43667114605059687,False,12.501674985827616,232.53397934522812,0.02716348020476289,0.08178437824244611,0.05462089803768322,exact 95% beta posterior quantiles; NaN where the prior is capped and the posterior carries no player information
000823,turnovers_per_touch,4.0,66.0,0.06060606060606061,0.05637090744525319,-0.0042351531608074144,0.05434592259646255,138.03565433105572,0.32347287642635464,False,11.501674985827616,192.53397934522812,0.02912808963446878,0.09180857703904621,0.06268048740457743,exact 95% beta posterior quantiles; NaN where the prior is capped and the posterior carries no player information
000886,turnovers_per_touch,25.0,283.0,0.08833922261484099,0.07719459065163137,-0.011144631963209625,0.05434592259646255,138.03565433105572,0.672152101820527,True,32.50167498582761,388.5339793452281,0.0536956196592655,0.10449197943671606,0.05079635977745056,exact 95% beta posterior quantiles; NaN where the prior is capped and the posterior carries no player information
000921,turnovers_per_touch,34.0,292.0,0.11643835616438356,0.09650752110400186,-0.019930835060381694,0.05434592259646255,138.03565433105572,0.67901346564908,True,41.50167498582761,388.5339793452281,0.07046248248661868,0.12610329294693656,0.05564081046031788,exact 95% beta posterior quantiles; NaN where the prior is capped and the posterior carries no player information
000922,turnovers_per_touch,11.0,318.0,0.03459119496855346,0.04057067645942539,0.005979481490871928,0.05434592259646255,138.03565433105572,0.6973138985513405,True,18.501674985827616,437.5339793452281,0.024467637325869873,0.060477620660094544,0.03600998333422467,exact 95% beta posterior quantiles; NaN where the prior is capped and the posterior carries no player information
000925,turnovers_per_touch,19.0,303.0,0.0627062706270627,0.060089642924729604,-0.0026166277023330978,0.05434592259646255,138.03565433105572,0.6870192852312079,True,26.501674985827616,414.5339793452281,0.039890906860819086,0.08405920639052056,0.04416829952970147,exact 95% beta posterior quantiles; NaN where the prior is capped and the posterior carries no player information
000929,turnovers_per_touch,0.0,6.0,0.0,0.05208206968384056,0.05208206968384056,0.05434592259646255,138.03565433105572,0.04165635257371363,False,7.5016749858276155,136.53397934522812,0.02216123676043935,0.09368707225075923,0.07152583549031988,exact 95% beta posterior quantiles; NaN where the prior is capped and the posterior carries no player information
000946,turnovers_per_touch,11.0,199.0,0.05527638190954774,0.05489530483814692,-0.00038107707140082325,0.05434592259646255,138.03565433105572,0.5904419827480056,True,18.501674985827616,318.5339793452281,0.033217967400560156,0.08156015197164379,0.048342184571083635,exact 95% beta posterior quantiles; NaN where the prior is capped and the posterior carries no player information
000960,turnovers_per_touch,5.0,44.0,0.11363636363636363,0.06867706786216551,-0.04495929577419812,0.05434592259646255,138.03565433105572,0.24171088988962694,False,12.501674985827616,169.53397934522812,0.03675031286547892,0.10954038504860364,0.07279007218312472,exact 95% beta posterior quantiles; NaN where the prior is capped and the posterior carries no player information
000978,turnovers_per_touch,41.0,742.0,0.05525606469002695,0.05511330677016188,-0.0001427579198650733,0.05434592259646255,138.03565433105572,0.8431476569708062,True,48.50167498582761,831.5339793452281,0.04102764141862281,0.07111196152982302,0.030084320111200213,exact 95% beta posterior quantiles; NaN where the prior is capped and the posterior carries no player information
001001,turnovers_per_touch,85.0,1154.0,0.07365684575389948,0.071593747955601,-0.0020630977982984827,0.05434592259646255,138.03565433105572,0.8931642065229827,True,92.50167498582762,1199.533979345228,0.058181924308883026,0.08626105907023884,0.028079134761355817,exact 95% beta posterior quantiles; NaN where the prior is capped and the posterior carries no player information
001009,turnovers_per_touch,36.0,740.0,0.04864864864864865,0.04954431493897591,0.0008956662903272586,0.05434592259646255,138.03565433105572,0.8427903768483977,True,43.50167498582761,834.5339793452281,0.03619758543209173,0.06483205760014243,0.028634472168050706,exact 95% beta posterior quantiles; NaN where the prior is capped and the posterior carries no player information
001010,turnovers_per_touch,8.0,175.0,0.045714285714285714,0.049520477208751364,0.0038061914944656494,0.05434592259646255,138.03565433105572,0.5590417499692416,True,15.501674985827616,297.5339793452281,0.028370950574753806,0.07610078205470927,0.047729831479955465,exact 95% beta posterior quantiles; NaN where the prior is capped and the posterior carries no player information
001020,turnovers_per_touch,10.0,145.0,0.06896551724137931,0.06183558402630289,-0.00712993321507642,0.05434592259646255,138.03565433105572,0.5123029476364104,True,17.501674985827616,265.5339793452281,0.03688211939879693,0.09263501313398592,0.05575289373518899,exact 95% beta posterior quantiles; NaN where the prior is capped and the posterior carries no player information
001391,turnovers_per_touch,13.0,200.0,0.065,0.06064944547461632,-0.0043505545253836805,0.05434592259646255,138.03565433105572,0.5916535650530216,True,20.501674985827616,317.5339793452281,0.03780172087135725,0.08840756482095458,0.05060584394959733,exact 95% beta posterior quantiles; NaN where the prior is capped and the posterior carries no player information
001397,turnovers_per_touch,13.0,305.0,0.04262295081967213,0.0462754516152505,0.00365250079557837,0.05434592259646255,138.03565433105572,0.6884321770005684,True,20.501674985827616,422.5339793452281,0.02875021952786483,0.06766917949425988,0.03891895996639505,exact 95% beta posterior quantiles; NaN where the prior is capped and the posterior carries no player information
001402,turnovers_per_touch,11.0,39.0,0.28205128205128205,0.10450818540331759,-0.17754309664796447,0.05434592259646255,138.03565433105572,0.22029460758831218,False,18.501674985827616,158.53397934522812,0.06399292757851072,0.15346590944682248,0.08947298186831176,exact 95% beta posterior quantiles; NaN where the prior is capped and the posterior carries no player information
001406,turnovers_per_touch,28.0,466.0,0.060085836909871244,0.05877413813451829,-0.0013116987753529555,0.05434592259646255,138.03565433105572,0.7714776382133858,True,35.50167498582761,568.5339793452281,0.041458993655396625,0.07885228443774395,0.03739329078234732,exact 95% beta posterior quantiles; NaN where the prior is capped and the posterior carries no player information
001414,turnovers_per_touch,0.0,2.0,0.0,0.053569749944489445,0.053569749944489445,0.05434592259646255,138.03565433105572,0.014282077014985317,False,7.5016749858276155,132.53397934522812,0.0228067874268163,0.0963113083562348,0.0735045209294185,exact 95% beta posterior quantiles; NaN where the prior is capped and the posterior carries no player information
001415,turnovers_per_touch,1.0,59.0,0.01694915254237288,0.043147901402368814,0.026198748859995933,0.05434592259646255,138.03565433105572,0.29943819153090573,False,8.501674985827616,188.53397934522812,0.0194848662649747,0.07552934662089683,0.05604448035592213,exact 95% beta posterior quantiles; NaN where the prior is capped and the posterior carries no player information
001417,turnovers_per_touch,3.0,33.0,0.09090909090909091,0.061400501707676865,-0.029508589201414047,0.05434592259646255,138.03565433105572,0.19294222674837944,False,10.501674985827616,160.53397934522812,0.030641882884083316,0.10182040146901272,0.0711785185849294,exact 95% beta posterior quantiles; NaN where the prior is capped and the posterior carries no player information
001427,turnovers_per_touch,0.0,151.0,0.0,0.025954150892523953,0.025954150892523953,0.05434592259646255,138.03565433105572,0.5224268969497015,True,7.5016749858276155,281.5339793452281,0.010938433144474402,0.047126662655500695,0.03618822951102629,exact 95% beta posterior quantiles; NaN where the prior is capped and the posterior carries no player information
001657,turnovers_per_touch,2.0,26.0,0.07692307692307693,0.05792444956296755,-0.018998627360109377,0.05434592259646255,138.03565433105572,0.1585021262970486,False,9.501674985827616,154.53397934522812,0.027668945404002443,0.09832606752752326,0.07065712212352082,exact 95% beta posterior quantiles; NaN where the prior is capped and the posterior carries no player information
001661,turnovers_per_touch,11.0,196.0,0.05612244897959184,0.055388323808963795,-0.0007341251706280416,0.05434592259646255,138.03565433105572,0.5867637105760827,True,18.501674985827616,315.5339793452281,0.03352018984151073,0.08228322133072652,0.04876303148921579,exact 95% beta posterior quantiles; NaN where the prior is capped and the posterior carries no player information
001662,turnovers_per_touch,1.0,15.0,0.06666666666666667,0.05555355726082167,-0.011113109405844993,0.05434592259646255,138.03565433105572,0.09801637445579263,False,8.501674985827616,144.53397934522812,0.025195064634317532,0.09683634471730329,0.07164128008298576,exact 95% beta posterior quantiles; NaN where the prior is capped and the posterior carries no player information
001671,turnovers_per_touch,10.0,284.0,0.035211267605633804,0.04146965974609066,0.006258392140456856,0.05434592259646255,138.03565433105572,0.6729289269413787,True,17.501674985827616,404.5339793452281,0.024613399669760838,0.06242746990756132,0.03781407023780048,exact 95% beta posterior quantiles; NaN where the prior is capped and the posterior carries no player information
001707,turnovers_per_touch,19.0,391.0,0.04859335038363171,0.05009430795234003,0.0015009575687083207,0.05434592259646255,138.03565433105572,0.7390806211244944,True,26.501674985827616,502.5339793452281,0.0331901659083087,0.07021314618759789,0.037022980279289186,exact 95% beta posterior quantiles; NaN where the prior is capped and the posterior carries no player information
001719,turnovers_per_touch,2.0,22.0,0.09090909090909091,0.05937223817745074,-0.03153685273164017,0.05434592259646255,138.03565433105572,0.13746936638563043,False,9.501674985827616,150.53397934522812,0.028374043089570478,0.10073648209800012,0.07236243900842965,exact 95% beta posterior quantiles; NaN where the prior is capped and the posterior carries no player information
001724,turnovers_per_touch,10.0,301.0,0.03322259136212625,0.03986390356494929,0.0066413122028230395,0.05434592259646255,138.03565433105572,0.6855935207782243,True,17.501674985827616,421.5339793452281,0.023651220923056826,0.060033031419152394,0.03638181049609557,exact 95% beta posterior quantiles; NaN where the prior is capped and the posterior carries no player information
001727,turnovers_per_touch,5.0,27.0,0.18518518518518517,0.07575135831406282,-0.10943382687112235,0.05434592259646255,138.03565433105572,0.16360101160830948,False,12.501674985827616,152.53397934522812,0.04061895512859337,0.12058057173271663,0.07996161660412326,exact 95% beta posterior quantiles; NaN where the prior is capped and the posterior carries no player information
001729,turnovers_per_touch,25.0,647.0,0.03863987635239567,0.04140152718735167,0.0027616508349559976,0.05434592259646255,138.03565433105572,0.8241663884060417,True,32.50167498582761,752.5339793452281,0.028615639632334933,0.05639643347240053,0.0277807938400656,exact 95% beta posterior quantiles; NaN where the prior is capped and the posterior carries no player information
001733,turnovers_per_touch,9.0,151.0,0.059602649006622516,0.05709217786303596,-0.0025104711435865526,0.05434592259646255,138.03565433105572,0.5224268969497015,True,16.501674985827616,272.5339793452281,0.03341826543328352,0.08655105557409115,0.05313279014080763,exact 95% beta posterior quantiles; NaN where the prior is capped and the posterior carries no player information
001740,turnovers_per_touch,0.0,9.0,0.0,0.05101942804251642,0.05101942804251642,0.05434592259646255,138.03565433105572,0.06120964361294436,False,7.5016749858276155,139.53397934522812,0.021700560551835224,0.0918108181504067,0.07011025759857148,exact 95% beta posterior quantiles; NaN where the prior is capped and the posterior carries no player information
001746,turnovers_per_touch,10.0,117.0,0.08547008547008547,0.06862442442306167,-0.0168456610470238,0.05434592259646255,138.03565433105572,0.45875938525883553,False,17.501674985827616,237.53397934522812,0.04099904801114462,0.1026377001835499,0.06163865217240527,exact 95% beta posterior quantiles; NaN where the prior is capped and the posterior carries no player information
001760,turnovers_per_touch,6.0,76.0,0.07894736842105263,0.06308142925077402,-0.015865939170278606,0.05434592259646255,138.03565433105572,0.35508102721263624,False,13.501674985827616,200.53397934522812,0.03463916786131449,0.09922465050476603,0.06458548264345154,exact 95% beta posterior quantiles; NaN where the prior is capped and the posterior carries no player information
001763,turnovers_per_touch,2.0,12.0,0.16666666666666666,0.06332944677844402,-0.10333721988822264,0.05434592259646255,138.03565433105572,0.07998098887562977,False,9.501674985827616,140.53397934522812,0.030304737068945542,0.10731295557343401,0.07700821850448847,exact 95% beta posterior quantiles; NaN where the prior is capped and the posterior carries no player information
001766,turnovers_per_touch,8.0,77.0,0.1038961038961039,0.07208885909665096,-0.03180724479945295,0.05434592259646255,138.03565433105572,0.3580801529845628,False,15.501674985827616,199.53397934522812,0.041541889164363965,0.11014835684909485,0.06860646768473089,exact 95% beta posterior quantiles; NaN where the prior is capped and the posterior carries no player information
001773,turnovers_per_touch,1.0,51.0,0.0196078431372549,0.04497392312531022,0.025366079988055318,0.05434592259646255,138.03565433105572,0.2697903746278697,False,8.501674985827616,180.53397934522812,0.020322273048805073,0.07867711895960383,0.05835484591079876,exact 95% beta posterior quantiles; NaN where the prior is capped and the posterior carries no player information
001793,turnovers_per_touch,29.0,338.0,0.08579881656804733,0.07667844761989775,-0.009120368948149576,0.05434592259646255,138.03565433105572,0.7100308494223422,True,36.50167498582761,439.5339793452281,0.054538023861823604,0.10218312303186394,0.04764509917004034,exact 95% beta posterior quantiles; NaN where the prior is capped and the posterior carries no player information
001795,turnovers_per_touch,14.0,301.0,0.046511627906976744,0.04897478091748383,0.002463153010507084,0.05434592259646255,138.03565433105572,0.6855935207782243,True,21.501674985827616,417.5339793452281,0.030830149684334174,0.07100060684024356,0.04017045715590939,exact 95% beta posterior quantiles; NaN where the prior is capped and the posterior carries no player information
001796,turnovers_per_touch,5.0,159.0,0.031446540880503145,0.042088129164097245,0.0106415882835941,0.05434592259646255,138.03565433105572,0.5352892748113982,True,12.501674985827616,284.5339793452281,0.022351181920384988,0.06763621812569909,0.0452850362053141,exact 95% beta posterior quantiles; NaN where the prior is capped and the posterior carries no player information
001797,turnovers_per_touch,1.0,10.0,0.1,0.05742991459891895,-0.04257008540108106,0.05434592259646255,138.03565433105572,0.0675512939446112,False,8.501674985827616,139.53397934522812,0.026063048717333004,0.10004299486172386,0.07397994614439085,exact 95% beta posterior quantiles; NaN where the prior is capped and the posterior carries no player information
001809,turnovers_per_touch,95.0,1667.0,0.05698860227954409,0.05678650986194211,-0.0002020924176019817,0.05434592259646255,138.03565433105572,0.9235274638482355,True,102.50167498582762,1702.533979345228,0.04658658153493889,0.06791618830175139,0.021329606766812503,exact 95% beta posterior quantiles; NaN where the prior is capped and the posterior carries no player information
001810,turnovers_per_touch,111.0,1928.0,0.057572614107883814,0.05735703289408927,-0.00021558121379454398,0.05434592259646255,138.03565433105572,0.9331881547921547,True,118.50167498582762,1947.533979345228,0.04774586678831838,0.0677795113006141,0.020033644512295723,exact 95% beta posterior quantiles; NaN where the prior is capped and the posterior carries no player information
001811,turnovers_per_touch,17.0,425.0,0.04,0.04351709309588595,0.003517093095885951,0.05434592259646255,138.03565433105572,0.7548367438736072,True,24.501674985827616,538.5339793452281,0.02827040574629791,0.061827717610867694,0.03355731186456978,exact 95% beta posterior quantiles; NaN where the prior is capped and the posterior carries no player information
001812,turnovers_per_touch,25.0,513.0,0.04873294346978557,0.049923033814827454,0.0011900903450418818,0.05434592259646255,138.03565433105572,0.7879752769103123,True,32.50167498582761,618.5339793452281,0.034557425271486863,0.06790301945875399,0.033345594187267125,exact 95% beta posterior quantiles; NaN where the prior is capped and the posterior carries no player information
001813,turnovers_per_touch,38.0,413.0,0.09200968523002422,0.08257482910260239,-0.009434856127421828,0.05434592259646255,138.03565433105572,0.7494977806860288,True,45.50167498582761,505.5339793452281,0.06109033213579096,0.10692611741251312,0.04583578527672216,exact 95% beta posterior quantiles; NaN where the prior is capped and the posterior carries no player information
001814,turnovers_per_touch,62.0,1392.0,0.04454022988505747,0.0454248728054735,0.0008846429204160261,0.05434592259646255,138.03565433105572,0.9097827204612392,True,69.50167498582762,1460.533979345228,0.035569427913287655,0.05640494581894018,0.020835517905652523,exact 95% beta posterior quantiles; NaN where the prior is capped and the posterior carries no player information
001815,turnovers_per_touch,34.0,556.0,0.06115107913669065,0.05979761230830263,-0.0013534668283880155,0.05434592259646255,138.03565433105572,0.8011115805511447,True,41.50167498582761,652.5339793452281,0.043405579432146624,0.07858935368130915,0.035183774249162525,exact 95% beta posterior quantiles; NaN where the prior is capped and the posterior carries no player information
001816,turnovers_per_touch,27.0,475.0,0.056842105263157895,0.056280046261706955,-0.0005620590014509402,0.05434592259646255,138.03565433105572,0.774832583788817,True,34.50167498582761,578.5339793452281,0.03946505379281007,0.07583268437883817,0.0363676305860281,exact 95% beta posterior quantiles; NaN where the prior is capped and the posterior carries no player information
001817,turnovers_per_touch,9.0,298.0,0.030201342281879196,0.03784478361326591,0.007643441331386714,0.05434592259646255,138.03565433105572,0.6834303503395308,True,16.501674985827616,419.5339793452281,0.022046462778234854,0.05764322410686873,0.035596761328633875,exact 95% beta posterior quantiles; NaN where the prior is capped and the posterior carries no player information
001818,turnovers_per_touch,7.0,386.0,0.018134715025906734,0.02767306931498651,0.009538354289079776,0.05434592259646255,138.03565433105572,0.7365911017881758,True,14.501674985827616,509.5339793452281,0.015423901699250564,0.04332138612517156,0.027897484425920993,exact 95% beta posterior quantiles; NaN where the prior is capped and the posterior carries no player information
001819,turnovers_per_touch,16.0,416.0,0.038461538461538464,0.0424190659971218,0.003957527535583337,0.05434592259646255,138.03565433105572,0.7508542036022566,True,23.501674985827616,530.5339793452281,0.027272983716102317,0.060685968230245635,0.03341298451414332,exact 95% beta posterior quantiles; NaN where the prior is capped and the posterior carries no player information
001820,turnovers_per_touch,40.0,682.0,0.05865102639296188,0.05792635324445388,-0.0007246731485079996,0.05434592259646255,138.03565433105572,0.8316711552698787,True,47.50167498582761,772.5339793452281,0.04299586100387387,0.07489680263097398,0.03190094162710011,exact 95% beta posterior quantiles; NaN where the prior is capped and the posterior carries no player information
001821,turnovers_per_touch,39.0,974.0,0.04004106776180698,0.04181671226522019,0.0017756445034132137,0.05434592259646255,138.03565433105572,0.8758711973006919,True,46.50167498582761,1065.533979345228,0.030858139944029972,0.054334221727913246,0.023476081783883274,exact 95% beta posterior quantiles; NaN where the prior is capped and the posterior carries no player information
001823,turnovers_per_touch,5.0,72.0,0.06944444444444445,0.05952167990546321,-0.009922764538981235,0.05434592259646255,138.03565433105572,0.3427989415859578,False,12.501674985827616,197.53397934522812,0.031767237378517166,0.09518427864531986,0.0634170412668027,exact 95% beta posterior quantiles; NaN where the prior is capped and the posterior carries no player information
001824,turnovers_per_touch,13.0,146.0,0.08904109589041095,0.0721799347131682,-0.016861161177242748,0.05434592259646255,138.03565433105572,0.5140199752170224,True,20.501674985827616,263.5339793452281,0.045105332537787035,0.10494593376643024,0.05984060122864321,exact 95% beta posterior quantiles; NaN where the prior is capped and the posterior carries no player information
001825,turnovers_per_touch,8.0,77.0,0.1038961038961039,0.07208885909665096,-0.03180724479945295,0.05434592259646255,138.03565433105572,0.3580801529845628,False,15.501674985827616,199.53397934522812,0.041541889164363965,0.11014835684909485,0.06860646768473089,exact 95% beta posterior quantiles; NaN where the prior is capped and the posterior carries no player information
001826,turnovers_per_touch,15.0,398.0,0.03768844221105527,0.04197794457144557,0.004289502360390295,0.05434592259646255,138.03565433105572,0.7424879236749335,True,22.501674985827616,513.5339793452281,0.02669530114508234,0.060488911549327895,0.033793610404245555,exact 95% beta posterior quantiles; NaN where the prior is capped and the posterior carries no player information
001827,turnovers_per_touch,36.0,523.0,0.06883365200764818,0.06580836404331282,-0.003025287964335363,0.05434592259646255,138.03565433105572,0.7911827396500377,True,43.50167498582761,617.5339793452281,0.048200485383858904,0.0859015938185621,0.0377011084347032,exact 95% beta posterior quantiles; NaN where the prior is capped and the posterior carries no player information
001828,turnovers_per_touch,52.0,978.0,0.053169734151329244,0.05331520973807286,0.00014547558674361805,0.05434592259646255,138.03565433105572,0.8763160891900059,True,59.50167498582761,1056.533979345228,0.04091667916509323,0.06722862474271096,0.026311945577617735,exact 95% beta posterior quantiles; NaN where the prior is capped and the posterior carries no player information
001831,turnovers_per_touch,11.0,202.0,0.054455445544554455,0.0544109852898383,-4.446025471615406e-05,0.05434592259646255,138.03565433105572,0.594055351040731,True,18.501674985827616,321.5339793452281,0.03292114663054235,0.08084967624745332,0.047928529616910964,exact 95% beta posterior quantiles; NaN where the prior is capped and the posterior carries no player information
001832,turnovers_per_touch,45.0,796.0,0.056532663316582916,0.05620949772354101,-0.0003231655930419075,0.05434592259646255,138.03565433105572,0.8522158616847286,True,52.50167498582761,881.5339793452281,0.04236930902698077,0.07184781259275042,0.029478503565769643,exact 95% beta posterior quantiles; NaN where the prior is capped and the posterior carries no player information
001833,turnovers_per_touch,16.0,277.0,0.05776173285198556,0.056625677193220994,-0.0011360556587645676,0.05434592259646255,138.03565433105572,0.6674125394032997,True,23.501674985827616,391.5339793452281,0.03651480391272344,0.08077386268996634,0.0442590587772429,exact 95% beta posterior quantiles; NaN where the prior is capped and the posterior carries no player information
001835,turnovers_per_touch,32.0,1016.0,0.031496062992125984,0.034229163403729515,0.0027331004116035312,0.05434592259646255,138.03565433105572,0.8803887437853305,True,39.50167498582761,1114.533979345228,0.024529778078431264,0.045455187297193334,0.02092540921876207,exact 95% beta posterior quantiles; NaN where the prior is capped and the posterior carries no player information
001836,turnovers_per_touch,29.0,583.0,0.04974271012006861,0.050623952874691354,0.0008812427546227436,0.05434592259646255,138.03565433105572,0.8085591835827883,True,36.50167498582761,684.5339793452281,0.03584914017119445,0.06775614738580771,0.03190700721461326,exact 95% beta posterior quantiles; NaN where the prior is capped and the posterior carries no player information
001838,turnovers_per_touch,15.0,327.0,0.045871559633027525,0.04838698877443239,0.0025154291414048666,0.05434592259646255,138.03565433105572,0.7031718900572963,True,22.501674985827616,442.5339793452281,0.03081291847047396,0.06963047533645295,0.038817556865978986,exact 95% beta posterior quantiles; NaN where the prior is capped and the posterior carries no player information
001839,turnovers_per_touch,5.0,125.0,0.04,0.047528442551339645,0.007528442551339644,0.05434592259646255,138.03565433105572,0.47522074647217005,False,12.501674985827616,250.53397934522812,0.025279425812186673,0.07626251384499483,0.050983088032808155,exact 95% beta posterior quantiles; NaN where the prior is capped and the posterior carries no player information
001843,turnovers_per_touch,14.0,143.0,0.0979020979020979,0.07650870860854889,-0.021393389293549017,0.05434592259646255,138.03565433105572,0.5088322346158547,True,21.501674985827616,259.5339793452281,0.048454651347128674,0.11025773212895729,0.06180308078182861,exact 95% beta posterior quantiles; NaN where the prior is capped and the posterior carries no player information
001846,turnovers_per_touch,27.0,430.0,0.06279069767441861,0.060738572874370594,-0.0020521248000480163,0.05434592259646255,138.03565433105572,0.7569947356674068,True,34.50167498582761,533.5339793452281,0.042624267138307914,0.08177781317499466,0.03915354603668675,exact 95% beta posterior quantiles; NaN where the prior is capped and the posterior carries no player information
002001,turnovers_per_touch,3.0,121.0,0.024793388429752067,0.040541426673280055,0.01574803824352799,0.05434592259646255,138.03565433105572,0.4671171631275059,False,10.501674985827616,248.53397934522812,0.020100994530366734,0.06766099200467579,0.04755999747430906,exact 95% beta posterior quantiles; NaN where the prior is capped and the posterior carries no player information
002003,turnovers_per_touch,2.0,134.0,0.014925373134328358,0.03492805018221797,0.020002677047889612,0.05434592259646255,138.03565433105572,0.4925824900765682,False,9.501674985827616,262.5339793452281,0.0165591997501906,0.05972922369255684,0.04317002394236624,exact 95% beta posterior quantiles; NaN where the prior is capped and the posterior carries no player information
002006,turnovers_per_touch,23.0,303.0,0.07590759075907591,0.06915920444593367,-0.006748386313142243,0.05434592259646255,138.03565433105572,0.6870192852312079,True,30.501674985827616,410.5339793452281,0.04741872494923882,0.094594116701046,0.04717539175180718,exact 95% beta posterior quantiles; NaN where the prior is capped and the posterior carries no player information
002007,turnovers_per_touch,0.0,8.0,0.0,0.051368790862686746,0.051368790862686746,0.05434592259646255,138.03565433105572,0.05478114256854281,False,7.5016749858276155,138.53397934522812,0.021851976140169427,0.09242783425725065,0.07057585811708122,exact 95% beta posterior quantiles; NaN where the prior is capped and the posterior carries no player information
002014,turnovers_per_touch,2.0,23.0,0.08695652173913043,0.05900354816017423,-0.0279529735789562,0.05434592259646255,138.03565433105572,0.1428255133656103,False,9.501674985827616,151.53397934522812,0.028194420418003574,0.10012287276913412,0.07192845235113055,exact 95% beta posterior quantiles; NaN where the prior is capped and the posterior carries no player information
002015,turnovers_per_touch,62.0,1281.0,0.04839968774395004,0.04897810338570474,0.0005784156417547037,0.05434592259646255,138.03565433105572,0.9027257321479165,True,69.50167498582762,1349.533979345228,0.038368199981050566,0.06079114359454252,0.022422943613491952,exact 95% beta posterior quantiles; NaN where the prior is capped and the posterior carries no player information
002016,turnovers_per_touch,57.0,1012.0,0.05632411067193676,0.05608667413302632,-0.0002374365389104377,0.05434592259646255,138.03565433105572,0.8799727175316602,True,64.50167498582762,1085.533979345228,0.0435424126626458,0.07009204031783156,0.02654962765518576,exact 95% beta posterior quantiles; NaN where the prior is capped and the posterior carries no player information
002017,turnovers_per_touch,16.0,192.0,0.08333333333333333,0.07120950320795734,-0.01212383012537599,0.05434592259646255,138.03565433105572,0.5817553269787226,True,23.501674985827616,306.5339793452281,0.04605982793145813,0.10127007981645875,0.055210251885000616,exact 95% beta posterior quantiles; NaN where the prior is capped and the posterior carries no player information
002018,turnovers_per_touch,45.0,771.0,0.058365758754863814,0.05775535286837866,-0.0006104058864851575,0.05434592259646255,138.03565433105572,0.8481515508512877,True,52.50167498582761,856.5339793452281,0.043543937063077465,0.07380792484036647,0.030263987777289003,exact 95% beta posterior quantiles; NaN where the prior is capped and the posterior carries no player information
002019,turnovers_per_touch,12.0,107.0,0.11214953271028037,0.07958709127072526,-0.03256244143955511,0.05434592259646255,138.03565433105572,0.43667114605059687,False,19.501674985827616,225.53397934522812,0.04915367279318161,0.11650324656511657,0.06734957377193496,exact 95% beta posterior quantiles; NaN where the prior is capped and the posterior carries no player information
002020,turnovers_per_touch,5.0,47.0,0.10638297872340426,0.06756360027489783,-0.03881937844850643,0.05434592259646255,138.03565433105572,0.25400510063811893,False,12.501674985827616,172.53397934522812,0.036142857949016616,0.10779851299594156,0.07165565504692495,exact 95% beta posterior quantiles; NaN where the prior is capped and the posterior carries no player information
002021,turnovers_per_touch,13.0,265.0,0.04905660377358491,0.05086814222393194,0.001811538450347032,0.05434592259646255,138.03565433105572,0.6575100667950521,True,20.501674985827616,382.5339793452281,0.03163593166391365,0.07430998675408773,0.04267405509017408,exact 95% beta posterior quantiles; NaN where the prior is capped and the posterior carries no player information
002022,turnovers_per_touch,15.0,432.0,0.034722222222222224,0.039474153616291995,0.004751931394069771,0.05434592259646255,138.03565433105572,0.7578473323865287,True,22.501674985827616,547.5339793452281,0.02508974974625744,0.05691083203419112,0.03182108228793368,exact 95% beta posterior quantiles; NaN where the prior is capped and the posterior carries no player information
002023,turnovers_per_touch,56.0,749.0,0.07476635514018691,0.0715886387156742,-0.0031777164245127137,0.05434592259646255,138.03565433105572,0.8443854498327317,True,63.50167498582761,823.5339793452281,0.055569165939232334,0.08943636345793493,0.033867197518702596,exact 95% beta posterior quantiles; NaN where the prior is capped and the posterior carries no player information
002024,turnovers_per_touch,112.0,1353.0,0.0827790096082779,0.080146758824115,-0.002632250784162904,0.05434592259646255,138.03565433105572,0.9074229687733494,True,119.50167498582762,1371.533979345228,0.06691242786473595,0.09444745324435644,0.027535025379620492,exact 95% beta posterior quantiles; NaN where the prior is capped and the posterior carries no player information
002025,turnovers_per_touch,9.0,278.0,0.03237410071942446,0.03966408843578727,0.007289987716362807,0.05434592259646255,138.03565433105572,0.6682119599749126,True,16.501674985827616,399.5339793452281,0.023116681055398658,0.06038752928725444,0.03727084823185578,exact 95% beta posterior quantiles; NaN where the prior is capped and the posterior carries no player information
002026,turnovers_per_touch,17.0,704.0,0.024147727272727272,0.02909814431230071,0.004950417039573437,0.05434592259646255,138.03565433105572,0.8360691098755,True,24.501674985827616,817.5339793452281,0.018848224804969504,0.04146118075004779,0.022612955945078284,exact 95% beta posterior quantiles; NaN where the prior is capped and the posterior carries no player information
002027,turnovers_per_touch,6.0,128.0,0.046875,0.05075137398322588,0.003876373983225878,0.05434592259646255,138.03565433105572,0.48113851627089177,False,13.501674985827616,252.53397934522812,0.027773862559115514,0.08009795207181014,0.05232408951269463,exact 95% beta posterior quantiles; NaN where the prior is capped and the posterior carries no player information
002028,turnovers_per_touch,58.0,1034.0,0.05609284332688588,0.05588710099712195,-0.00020574232976393325,0.05434592259646255,138.03565433105572,0.8822257208464873,True,65.50167498582762,1106.533979345228,0.04347629760741256,0.06973224607645534,0.026255948469042778,exact 95% beta posterior quantiles; NaN where the prior is capped and the posterior carries no player information
002029,turnovers_per_touch,4.0,118.0,0.03389830508474576,0.04492216139145947,0.011023856306713709,0.05434592259646255,138.03565433105572,0.4608733119935915,False,11.501674985827616,244.53397934522812,0.02313323933049105,0.07340841324185021,0.05027517391135916,exact 95% beta posterior quantiles; NaN where the prior is capped and the posterior carries no player information
002030,turnovers_per_touch,24.0,513.0,0.04678362573099415,0.048387019629817105,0.0016033938988229551,0.05434592259646255,138.03565433105572,0.7879752769103123,True,31.501674985827616,619.5339793452281,0.033272397791733965,0.06612475230940618,0.03285235451767221,exact 95% beta posterior quantiles; NaN where the prior is capped and the posterior carries no player information
002031,turnovers_per_touch,1.0,15.0,0.06666666666666667,0.05555355726082167,-0.011113109405844993,0.05434592259646255,138.03565433105572,0.09801637445579263,False,8.501674985827616,144.53397934522812,0.025195064634317532,0.09683634471730329,0.07164128008298576,exact 95% beta posterior quantiles; NaN where the prior is capped and the posterior carries no player information
002032,turnovers_per_touch,17.0,165.0,0.10303030303030303,0.0808540996270373,-0.022176203403265732,0.05434592259646255,138.03565433105572,0.5444903846850422,True,24.501674985827616,278.5339793452281,0.05293009561137296,0.11400729205342941,0.06107719644205645,exact 95% beta posterior quantiles; NaN where the prior is capped and the posterior carries no player information
002033,turnovers_per_touch,19.0,348.0,0.05459770114942529,0.05452619524858233,-7.150590084296221e-05,0.05434592259646255,138.03565433105572,0.715996855166854,True,26.501674985827616,459.5339793452281,0.03615796464146115,0.07635921207838692,0.04020124743692577,exact 95% beta posterior quantiles; NaN where the prior is capped and the posterior carries no player information
002034,turnovers_per_touch,12.0,232.0,0.05172413793103448,0.05270215115103548,0.0009780132200009964,0.05434592259646255,138.03565433105572,0.62696661060785,True,19.501674985827616,350.5339793452281,0.03234806613181718,0.0776219742547255,0.045273908122908324,exact 95% beta posterior quantiles; NaN where the prior is capped and the posterior carries no player information
002035,turnovers_per_touch,4.0,57.0,0.07017543859649122,0.05897216601383326,-0.011203272582657964,0.05434592259646255,138.03565433105572,0.2922542557436578,False,11.501674985827616,183.53397934522812,0.030495937418891117,0.09597162282443605,0.06547568540554494,exact 95% beta posterior quantiles; NaN where the prior is capped and the posterior carries no player information
002036,turnovers_per_touch,8.0,114.0,0.07017543859649122,0.06150588109040216,-0.008669557506089061,0.05434592259646255,138.03565433105572,0.4523169561170813,False,15.501674985827616,236.53397934522812,0.0353463591018226,0.09423243519267999,0.05888607609085739,exact 95% beta posterior quantiles; NaN where the prior is capped and the posterior carries no player information
002037,turnovers_per_touch,0.0,13.0,0.0,0.04966823905953134,0.04966823905953134,0.05434592259646255,138.03565433105572,0.08607239169835516,False,7.5016749858276155,143.53397934522812,0.02111531820264645,0.08942295276210643,0.06830763455945998,exact 95% beta posterior quantiles; NaN where the prior is capped and the posterior carries no player information
002038,turnovers_per_touch,24.0,663.0,0.03619909502262444,0.039326183317189095,0.0031270882945646575,0.05434592259646255,138.03565433105572,0.8276785139528786,True,31.501674985827616,769.5339793452281,0.026998031506082043,0.05382885652943514,0.0268308250233531,exact 95% beta posterior quantiles; NaN where the prior is capped and the posterior carries no player information
002039,turnovers_per_touch,6.0,222.0,0.02702702702702703,0.03750093865262776,0.010473911625600733,0.05434592259646255,138.03565433105572,0.6166055981663116,True,13.501674985827616,346.5339793452281,0.020448177558137104,0.05939747256343253,0.038949295005295426,exact 95% beta posterior quantiles; NaN where the prior is capped and the posterior carries no player information
002040,turnovers_per_touch,5.0,77.0,0.06493506493506493,0.05813768430504461,-0.006797380630020319,0.05434592259646255,138.03565433105572,0.3580801529845628,False,12.501674985827616,202.53397934522812,0.031016261113109067,0.09300743477069773,0.06199117365758866,exact 95% beta posterior quantiles; NaN where the prior is capped and the posterior carries no player information
002041,turnovers_per_touch,1.0,2.0,0.5,0.06071078845198211,-0.43928921154801787,0.05434592259646255,138.03565433105572,0.014282077014985317,False,8.501674985827616,131.53397934522812,0.027583496033912525,0.10563977717538364,0.07805628114147112,exact 95% beta posterior quantiles; NaN where the prior is capped and the posterior carries no player information
002042,turnovers_per_touch,8.0,106.0,0.07547169811320754,0.063522172726442,-0.011949525386765539,0.05434592259646255,138.03565433105572,0.4343627585508539,False,15.501674985827616,228.53397934522812,0.03652410241193138,0.09727159453905188,0.060747492127120495,exact 95% beta posterior quantiles; NaN where the prior is capped and the posterior carries no player information
002043,turnovers_per_touch,5.0,143.0,0.03496503496503497,0.04448430223412447,0.009519267269089506,0.05434592259646255,138.03565433105572,0.5088322346158547,True,12.501674985827616,268.5339793452281,0.023639794933842495,0.07143895587068982,0.04779916093684733,exact 95% beta posterior quantiles; NaN where the prior is capped and the posterior carries no player information
002046,turnovers_per_touch,1.0,22.0,0.045454545454545456,0.05312363061446754,0.007669085159922082,0.05434592259646255,138.03565433105572,0.13746936638563043,False,8.501674985827616,151.53397934522812,0.024072698230156675,0.09267738609923981,0.06860468786908314,exact 95% beta posterior quantiles; NaN where the prior is capped and the posterior carries no player information
002047,turnovers_per_touch,1.0,8.0,0.125,0.058216433683754606,-0.0667835663162454,0.05434592259646255,138.03565433105572,0.05478114256854281,False,8.501674985827616,137.53397934522812,0.026427224249346182,0.10138588104746304,0.07495865679811686,exact 95% beta posterior quantiles; NaN where the prior is capped and the posterior carries no player information
002049,turnovers_per_touch,4.0,66.0,0.06060606060606061,0.05637090744525319,-0.0042351531608074144,0.05434592259646255,138.03565433105572,0.32347287642635464,False,11.501674985827616,192.53397934522812,0.02912808963446878,0.09180857703904621,0.06268048740457743,exact 95% beta posterior quantiles; NaN where the prior is capped and the posterior carries no player information
002051,turnovers_per_touch,10.0,158.0,0.06329113924050633,0.05912015910845505,-0.004170980132051284,0.05434592259646255,138.03565433105572,0.5337194952311693,True,17.501674985827616,278.5339793452281,0.03523925589979626,0.08862472264445387,0.053385466744657606,exact 95% beta posterior quantiles; NaN where the prior is capped and the posterior carries no player information
002054,turnovers_per_touch,8.0,175.0,0.045714285714285714,0.049520477208751364,0.0038061914944656494,0.05434592259646255,138.03565433105572,0.5590417499692416,True,15.501674985827616,297.5339793452281,0.028370950574753806,0.07610078205470927,0.047729831479955465,exact 95% beta posterior quantiles; NaN where the prior is capped and the posterior carries no player information
002055,turnovers_per_touch,1.0,5.0,0.2,0.05943745302937201,-0.140562546970628,0.05434592259646255,138.03565433105572,0.03495631927146997,False,8.501674985827616,134.53397934522812,0.02699298135121353,0.10346915261470713,0.0764761712634936,exact 95% beta posterior quantiles; NaN where the prior is capped and the posterior carries no player information
002056,turnovers_per_touch,2.0,29.0,0.06896551724137931,0.05688411269965037,-0.012081404541728936,0.05434592259646255,138.03565433105572,0.17361562784986942,False,9.501674985827616,157.53397934522812,0.027162701851921156,0.09659258319879882,0.06942988134687766,exact 95% beta posterior quantiles; NaN where the prior is capped and the posterior carries no player information
002059,turnovers_per_touch,11.0,336.0,0.03273809523809524,0.0390301337394897,0.0062920385013944605,0.05434592259646255,138.03565433105572,0.7088074429214669,True,18.501674985827616,455.5339793452281,0.023530096892500296,0.05820182498428039,0.034671728091780096,exact 95% beta posterior quantiles; NaN where the prior is capped and the posterior carries no player information
002062,turnovers_per_touch,0.0,20.0,0.0,0.047468243907245015,0.047468243907245015,0.05434592259646255,138.03565433105572,0.12655372032758927,False,7.5016749858276155,150.53397934522812,0.02016368563636206,0.08552993318880908,0.06536624755244702,exact 95% beta posterior quantiles; NaN where the prior is capped and the posterior carries no player information
002063,turnovers_per_touch,5.0,49.0,0.10204081632653061,0.06684113267355686,-0.035199683652973754,0.05434592259646255,138.03565433105572,0.26198213477131643,False,12.501674985827616,174.53397934522812,0.035748924914514646,0.10666770025272854,0.07091877533821389,exact 95% beta posterior quantiles; NaN where the prior is capped and the posterior carries no player information
002064,turnovers_per_touch,4.0,27.0,0.14814814814814814,0.06969206158782915,-0.078456086560319,0.05434592259646255,138.03565433105572,0.16360101160830948,False,11.501674985827616,153.53397934522812,0.03615566741791554,0.11305851108045317,0.07690284366253763,exact 95% beta posterior quantiles; NaN where the prior is capped and the posterior carries no player information
002065,turnovers_per_touch,0.0,54.0,0.0,0.03906396971936922,0.03906396971936922,0.05434592259646255,138.03565433105572,0.2811977816729172,False,7.5016749858276155,184.53397934522812,0.01654254729510285,0.07059982515056618,0.054057277855463326,exact 95% beta posterior quantiles; NaN where the prior is capped and the posterior carries no player information
002067,turnovers_per_touch,18.0,147.0,0.12244897959183673,0.08946836859998082,-0.03298061099185591,0.05434592259646255,138.03565433105572,0.5157249549884951,True,25.501674985827616,259.5339793452281,0.05922263805405237,0.1251601859985385,0.06593754794448614,exact 95% beta posterior quantiles; NaN where the prior is capped and the posterior carries no player information
002072,turnovers_per_touch,0.0,32.0,0.0,0.044118246936739616,0.044118246936739616,0.05434592259646255,138.03565433105572,0.18819582355178693,False,7.5016749858276155,162.53397934522812,0.018717581842793152,0.07958975588553585,0.0608721740427427,exact 95% beta posterior quantiles; NaN where the prior is capped and the posterior carries no player information
002074,turnovers_per_touch,7.0,144.0,0.04861111111111111,0.0514178784247095,0.002806767313598385,0.05434592259646255,138.03565433105572,0.5105737440946797,True,14.501674985827616,267.5339793452281,0.028838253318099305,0.07999833938083611,0.05116008606273681,exact 95% beta posterior quantiles; NaN where the prior is capped and the posterior carries no player information
003003,turnovers_per_touch,2.0,31.0,0.06451612903225806,0.0562110699274049,-0.008305059104853164,0.05434592259646255,138.03565433105572,0.18339326175107773,False,9.501674985827616,159.53397934522812,0.026835375145310536,0.09547047232626937,0.06863509718095884,exact 95% beta posterior quantiles; NaN where the prior is capped and the posterior carries no player information
003004,turnovers_per_touch,61.0,329.0,0.18541033434650456,0.14667333072020786,-0.0387370036262967,0.05434592259646255,138.03565433105572,0.7044430054729613,True,68.50167498582762,398.5339793452281,0.11609308412880637,0.18011834760545753,0.06402526347665116,exact 95% beta posterior quantiles; NaN where the prior is capped and the posterior carries no player information
003005,turnovers_per_touch,10.0,274.0,0.0364963503649635,0.04247611778704387,0.005979767422080368,0.05434592259646255,138.03565433105572,0.6649909956089647,True,17.501674985827616,394.5339793452281,0.025216856185579672,0.0639273147971835,0.038710458611603826,exact 95% beta posterior quantiles; NaN where the prior is capped and the posterior carries no player information
003006,turnovers_per_touch,29.0,476.0,0.06092436974789916,0.059445530122503,-0.001478839625396161,0.05434592259646255,138.03565433105572,0.775199284671124,True,36.50167498582761,577.5339793452281,0.04215831859619357,0.07944674461032264,0.03728842601412907,exact 95% beta posterior quantiles; NaN where the prior is capped and the posterior carries no player information
003007,turnovers_per_touch,12.0,116.0,0.10344827586206896,0.07676747201955086,-0.0266808038425181,0.05434592259646255,138.03565433105572,0.4566288157678466,False,19.501674985827616,234.53397934522812,0.0473812104028184,0.11244850596995093,0.06506729556713253,exact 95% beta posterior quantiles; NaN where the prior is capped and the posterior carries no player information
003008,turnovers_per_touch,9.0,239.0,0.03765690376569038,0.04376688198124185,0.0061099782155514745,0.05434592259646255,138.03565433105572,0.6338923050236154,True,16.501674985827616,360.5339793452281,0.02553373502450995,0.06656725241919048,0.04103351739468053,exact 95% beta posterior quantiles; NaN where the prior is capped and the posterior carries no player information
003009,turnovers_per_touch,25.0,430.0,0.05813953488372093,0.057217667127080325,-0.0009218677566406042,0.05434592259646255,138.03565433105572,0.7569947356674068,True,32.50167498582761,535.5339793452281,0.03965813040849753,0.07772519704303704,0.038067066634539515,exact 95% beta posterior quantiles; NaN where the prior is capped and the posterior carries no player information
003010,turnovers_per_touch,58.0,870.0,0.06666666666666667,0.06497952200837112,-0.0016871446582955446,0.05434592259646255,138.03565433105572,0.8630647103225155,True,65.50167498582762,942.5339793452281,0.050607175537152216,0.08098548350972123,0.03037830797256902,exact 95% beta posterior quantiles; NaN where the prior is capped and the posterior carries no player information
003011,turnovers_per_touch,1.0,52.0,0.019230769230769232,0.044737262677124204,0.025506493446354972,0.05434592259646255,138.03565433105572,0.27363286212287447,False,8.501674985827616,181.53397934522812,0.0202136815933045,0.07826937807840295,0.05805569648509845,exact 95% beta posterior quantiles; NaN where the prior is capped and the posterior carries no player information
003013,turnovers_per_touch,33.0,981.0,0.03363914373088685,0.03619337313254685,0.002554229401660002,0.05434592259646255,138.03565433105572,0.8766476708791093,True,40.50167498582761,1078.533979345228,0.02606227798969485,0.04789229916059412,0.021830021170899272,exact 95% beta posterior quantiles; NaN where the prior is capped and the posterior carries no player information
003015,turnovers_per_touch,6.0,156.0,0.038461538461538464,0.04591849589310701,0.007456957431568545,0.05434592259646255,138.03565433105572,0.5305479036374244,True,13.501674985827616,280.5339793452281,0.025095734716160223,0.07256527311983518,0.04746953840367496,exact 95% beta posterior quantiles; NaN where the prior is capped and the posterior carries no player information
003016,turnovers_per_touch,39.0,566.0,0.06890459363957598,0.06605017047043092,-0.002854423169145054,0.05434592259646255,138.03565433105572,0.8039365570736453,True,46.50167498582761,657.5339793452281,0.04891628728364594,0.085516504739644,0.03660021745599806,exact 95% beta posterior quantiles; NaN where the prior is capped and the posterior carries no player information
003017,turnovers_per_touch,20.0,351.0,0.05698005698005698,0.05623654378216396,-0.0007435131978930226,0.05434592259646255,138.03565433105572,0.7177390787183553,True,27.501674985827616,461.5339793452281,0.037617026682710275,0.07828670789604075,0.04066968121333048,exact 95% beta posterior quantiles; NaN where the prior is capped and the posterior carries no player information
003018,turnovers_per_touch,19.0,161.0,0.11801242236024845,0.08862379653393504,-0.029388625826313408,0.05434592259646255,138.03565433105572,0.5383973371341213,True,26.501674985827616,272.5339793452281,0.059168016916373745,0.12328172245179303,0.06411370553541929,exact 95% beta posterior quantiles; NaN where the prior is capped and the posterior carries no player information
003019,turnovers_per_touch,32.0,486.0,0.06584362139917696,0.0633003494458534,-0.0025432719533235587,0.05434592259646255,138.03565433105572,0.7788016544038255,True,39.50167498582761,584.5339793452281,0.045575158757856116,0.08367307044682093,0.038097911688964814,exact 95% beta posterior quantiles; NaN where the prior is capped and the posterior carries no player information
003020,turnovers_per_touch,0.0,16.0,0.0,0.0487008999209034,0.0487008999209034,0.05434592259646255,138.03565433105572,0.10387205526853258,False,7.5016749858276155,146.53397934522812,0.02069669359480031,0.08771197040914558,0.06701527681434527,exact 95% beta posterior quantiles; NaN where the prior is capped and the posterior carries no player information
003021,turnovers_per_touch,4.0,101.0,0.039603960396039604,0.04811698496617669,0.008513024570137084,0.05434592259646255,138.03565433105572,0.42253110851872605,False,11.501674985827616,227.53397934522812,0.024801990570267662,0.07855576419387944,0.05375377362361178,exact 95% beta posterior quantiles; NaN where the prior is capped and the posterior carries no player information
003022,turnovers_per_touch,20.0,498.0,0.040160642570281124,0.04323920333483857,0.003078560764557446,0.05434592259646255,138.03565433105572,0.7829749741368927,True,27.501674985827616,608.5339793452281,0.028850786009570584,0.06034229989745654,0.03149151388788596,exact 95% beta posterior quantiles; NaN where the prior is capped and the posterior carries no player information
003023,turnovers_per_touch,8.0,186.0,0.043010752688172046,0.04783941143091033,0.00482865874273828,0.05434592259646255,138.03565433105572,0.5740109074847991,True,15.501674985827616,308.5339793452281,0.027396042161853984,0.07354863107320853,0.04615258891135454,exact 95% beta posterior quantiles; NaN where the prior is capped and the posterior carries no player information
003024,turnovers_per_touch,21.0,480.0,0.04375,0.04611655458078227,0.0023665545807822694,0.05434592259646255,138.03565433105572,0.776654221542507,True,28.501674985827616,589.5339793452281,0.031031804421218112,0.0639777438773308,0.03294593945611268,exact 95% beta posterior quantiles; NaN where the prior is capped and the posterior carries no player information
003025,turnovers_per_touch,12.0,308.0,0.03896103896103896,0.043722233405478206,0.004761194444439246,0.05434592259646255,138.03565433105572,0.6905277571631007,True,19.501674985827616,426.5339793452281,0.02678131076390855,0.06452651720610447,0.03774520644219592,exact 95% beta posterior quantiles; NaN where the prior is capped and the posterior carries no player information
003027,turnovers_per_touch,10.0,352.0,0.028409090909090908,0.03571510528089845,0.007306014371807539,0.05434592259646255,138.03565433105572,0.7183150795027614,True,17.501674985827616,472.5339793452281,0.021168685372686014,0.05383794501540251,0.0326692596427165,exact 95% beta posterior quantiles; NaN where the prior is capped and the posterior carries no player information
003028,turnovers_per_touch,5.0,78.0,0.0641025641025641,0.057868572780444355,-0.006233991322119742,0.05434592259646255,138.03565433105572,0.3610515136564996,False,12.501674985827616,203.53397934522812,0.030870307149598375,0.09258395453798585,0.06171364738838747,exact 95% beta posterior quantiles; NaN where the prior is capped and the posterior carries no player information
003029,turnovers_per_touch,14.0,230.0,0.06086956521739131,0.058422804238652405,-0.0024467609787389016,0.05434592259646255,138.03565433105572,0.6249394516356022,True,21.501674985827616,346.5339793452281,0.03685364613193087,0.08452543310704641,0.04767178697511554,exact 95% beta posterior quantiles; NaN where the prior is capped and the posterior carries no player information
003030,turnovers_per_touch,1.0,10.0,0.1,0.05742991459891895,-0.04257008540108106,0.05434592259646255,138.03565433105572,0.0675512939446112,False,8.501674985827616,139.53397934522812,0.026063048717333004,0.10004299486172386,0.07397994614439085,exact 95% beta posterior quantiles; NaN where the prior is capped and the posterior carries no player information
003031,turnovers_per_touch,11.0,338.0,0.03254437869822485,0.03886615386367835,0.0063217751654535,0.05434592259646255,138.03565433105572,0.7100308494223422,True,18.501674985827616,457.5339793452281,0.023430342291248962,0.057959486002800986,0.034529143711552024,exact 95% beta posterior quantiles; NaN where the prior is capped and the posterior carries no player information
003032,turnovers_per_touch,22.0,190.0,0.11578947368421053,0.08993435498951688,-0.025855118694693646,0.05434592259646255,138.03565433105572,0.5792053317724138,True,29.501674985827616,298.5339793452281,0.061473663576180115,0.12312316711177118,0.061649503535591066,exact 95% beta posterior quantiles; NaN where the prior is capped and the posterior carries no player information
003033,turnovers_per_touch,9.0,110.0,0.08181818181818182,0.06652944726971656,-0.015288734548465258,0.05434592259646255,138.03565433105572,0.44348462843645003,False,16.501674985827616,231.53397934522812,0.0390343266481068,0.10062311138608493,0.06158878473797813,exact 95% beta posterior quantiles; NaN where the prior is capped and the posterior carries no player information
003039,turnovers_per_touch,10.0,231.0,0.04329004329004329,0.04742543106723004,0.00413538777718675,0.05434592259646255,138.03565433105572,0.6259557776842173,True,17.501674985827616,351.5339793452281,0.02818867049063556,0.07129228216945194,0.04310361167881638,exact 95% beta posterior quantiles; NaN where the prior is capped and the posterior carries no player information
003041,turnovers_per_touch,14.0,214.0,0.06542056074766354,0.06107811729094734,-0.004342443456716208,0.05434592259646255,138.03565433105572,0.6078929715418926,True,21.501674985827616,330.5339793452281,0.03855103816022165,0.08831636401009746,0.04976532584987581,exact 95% beta posterior quantiles; NaN where the prior is capped and the posterior carries no player information
003044,turnovers_per_touch,0.0,7.0,0.0,0.05172297129576449,0.05172297129576449,0.05434592259646255,138.03565433105572,0.04826399434184596,False,7.5016749858276155,137.53397934522812,0.022005519800586626,0.09305319548002444,0.07104767567943782,exact 95% beta posterior quantiles; NaN where the prior is capped and the posterior carries no player information
003045,turnovers_per_touch,1.0,14.0,0.07142857142857142,0.05591895547945172,-0.015509615949119704,0.05434592259646255,138.03565433105572,0.09208366328016175,False,8.501674985827616,143.53397934522812,0.02536400474491529,0.09746113265282474,0.07209712790790945,exact 95% beta posterior quantiles; NaN where the prior is capped and the posterior carries no player information
003047,turnovers_per_touch,4.0,19.0,0.21052631578947367,0.07324244315612738,-0.1372838726333463,0.05434592259646255,138.03565433105572,0.12099163136509769,False,11.501674985827616,145.53397934522812,0.038038286060327664,0.1186929919931572,0.08065470593282953,exact 95% beta posterior quantiles; NaN where the prior is capped and the posterior carries no player information
003048,turnovers_per_touch,60.0,1151.0,0.052128583840139006,0.05236602630736198,0.00023744246722297302,0.05434592259646255,138.03565433105572,0.8929155653163922,True,67.50167498582762,1221.533979345228,0.0408825314079877,0.06516403015120886,0.024281498743221164,exact 95% beta posterior quantiles; NaN where the prior is capped and the posterior carries no player information
003049,turnovers_per_touch,2.0,16.0,0.125,0.06168490682946998,-0.06331509317053002,0.05434592259646255,138.03565433105572,0.10387205526853258,False,9.501674985827616,144.53397934522812,0.029501760291168466,0.10458200951688923,0.07508024922572076,exact 95% beta posterior quantiles; NaN where the prior is capped and the posterior carries no player information
003052,turnovers_per_touch,0.0,13.0,0.0,0.04966823905953134,0.04966823905953134,0.05434592259646255,138.03565433105572,0.08607239169835516,False,7.5016749858276155,143.53397934522812,0.02111531820264645,0.08942295276210643,0.06830763455945998,exact 95% beta posterior quantiles; NaN where the prior is capped and the posterior carries no player information
003054,turnovers_per_touch,0.0,34.0,0.0,0.04360535038505341,0.04360535038505341,0.05434592259646255,138.03565433105572,0.19763345064838894,False,7.5016749858276155,164.53397934522812,0.01849649424548261,0.07867899854318239,0.06018250429769978,exact 95% beta posterior quantiles; NaN where the prior is capped and the posterior carries no player information
003056,turnovers_per_touch,0.0,5.0,0.0,0.05244618917507801,0.05244618917507801,0.05434592259646255,138.03565433105572,0.03495631927146997,False,7.5016749858276155,135.53397934522812,0.022319173527648672,0.09432963959989138,0.07201046607224271,exact 95% beta posterior quantiles; NaN where the prior is capped and the posterior carries no player information
003059,turnovers_per_touch,4.0,105.0,0.0380952380952381,0.04732505202779995,0.00922981393256185,0.05434592259646255,138.03565433105572,0.43203537476428133,False,11.501674985827616,231.53397934522812,0.02438804306439124,0.07728075407794677,0.05289271101355553,exact 95% beta posterior quantiles; NaN where the prior is capped and the posterior carries no player information
003066,turnovers_per_touch,0.0,6.0,0.0,0.05208206968384056,0.05208206968384056,0.05434592259646255,138.03565433105572,0.04165635257371363,False,7.5016749858276155,136.53397934522812,0.02216123676043935,0.09368707225075923,0.07152583549031988,exact 95% beta posterior quantiles; NaN where the prior is capped and the posterior carries no player information
003068,turnovers_per_touch,1.0,26.0,0.038461538461538464,0.05182821393615799,0.013366675474619526,0.05434592259646255,138.03565433105572,0.1585021262970486,False,8.501674985827616,155.53397934522812,0.023475133028114215,0.09045731640071608,0.06698218337260187,exact 95% beta posterior quantiles; NaN where the prior is capped and the posterior carries no player information
003069,turnovers_per_touch,0.0,9.0,0.0,0.05101942804251642,0.05101942804251642,0.05434592259646255,138.03565433105572,0.06120964361294436,False,7.5016749858276155,139.53397934522812,0.021700560551835224,0.0918108181504067,0.07011025759857148,exact 95% beta posterior quantiles; NaN where the prior is capped and the posterior carries no player information
003070,turnovers_per_touch,1.0,100.0,0.01,0.03571597292733146,0.02571597292733146,0.05434592259646255,138.03565433105572,0.42010513206950834,False,8.501674985827616,229.53397934522812,0.016087521595181897,0.06267691074754111,0.04658938915235922,exact 95% beta posterior quantiles; NaN where the prior is capped and the posterior carries no player information
003072,turnovers_per_touch,5.0,44.0,0.11363636363636363,0.06867706786216551,-0.04495929577419812,0.05434592259646255,138.03565433105572,0.24171088988962694,False,12.501674985827616,169.53397934522812,0.03675031286547892,0.10954038504860364,0.07279007218312472,exact 95% beta posterior quantiles; NaN where the prior is capped and the posterior carries no player information
003073,turnovers_per_touch,0.0,2.0,0.0,0.053569749944489445,0.053569749944489445,0.05434592259646255,138.03565433105572,0.014282077014985317,False,7.5016749858276155,132.53397934522812,0.0228067874268163,0.0963113083562348,0.0735045209294185,exact 95% beta posterior quantiles; NaN where the prior is capped and the posterior carries no player information
003075,turnovers_per_touch,60.0,1183.0,0.0507185122569738,0.051097542117444994,0.00037902986047119724,0.05434592259646255,138.03565433105572,0.8955095164324282,True,67.50167498582762,1253.533979345228,0.03988600292359479,0.06359537670505233,0.023709373781457543,exact 95% beta posterior quantiles; NaN where the prior is capped and the posterior carries no player information
003076,turnovers_per_touch,42.0,1036.0,0.04054054054054054,0.04216368966582431,0.0016231491252837668,0.05434592259646255,138.03565433105572,0.8824263523668658,True,49.50167498582761,1124.533979345228,0.03143083120812662,0.05437216241261922,0.0229413312044926,exact 95% beta posterior quantiles; NaN where the prior is capped and the posterior carries no player information
003077,turnovers_per_touch,17.0,349.0,0.04871060171919771,0.05030776446845705,0.0015971627492593413,0.05434592259646255,138.03565433105572,0.7165799811501522,True,24.501674985827616,462.5339793452281,0.03272708904114552,0.07137805435922928,0.03865096531808376,exact 95% beta posterior quantiles; NaN where the prior is capped and the posterior carries no player information
003078,turnovers_per_touch,41.0,659.0,0.0622154779969651,0.06085257883040953,-0.0013628991665555687,0.05434592259646255,138.03565433105572,0.8268137020207612,True,48.50167498582761,748.5339793452281,0.04533791370340623,0.07845226049539633,0.0331143467919901,exact 95% beta posterior quantiles; NaN where the prior is capped and the posterior carries no player information
003079,turnovers_per_touch,11.0,541.0,0.02033271719038817,0.027246986027639933,0.006914268837251762,0.05434592259646255,138.03565433105572,0.7967181053739513,True,18.501674985827616,660.5339793452281,0.01638145712786354,0.040740779222687706,0.024359322094824165,exact 95% beta posterior quantiles; NaN where the prior is capped and the posterior carries no player information
003080,turnovers_per_touch,44.0,941.0,0.04675876726886291,0.04772935424247487,0.0009705869736119574,0.05434592259646255,138.03565433105572,0.8720749830860498,True,51.50167498582761,1027.533979345228,0.03582883984199725,0.061216003174195066,0.025387163332197815,exact 95% beta posterior quantiles; NaN where the prior is capped and the posterior carries no player information
003081,turnovers_per_touch,29.0,664.0,0.043674698795180725,0.045511287171231964,0.0018365883760512389,0.05434592259646255,138.03565433105572,0.8278933690969319,True,36.50167498582761,765.5339793452281,0.03220115866861306,0.06096475102822296,0.028763592359609902,exact 95% beta posterior quantiles; NaN where the prior is capped and the posterior carries no player information
003082,turnovers_per_touch,8.0,319.0,0.025078369905956112,0.03391786798016181,0.008839498074205698,0.05434592259646255,138.03565433105572,0.6979761797072641,True,15.501674985827616,441.5339793452281,0.019354779069544747,0.05232846181024797,0.032973682740703225,exact 95% beta posterior quantiles; NaN where the prior is capped and the posterior carries no player information
003083,turnovers_per_touch,17.0,303.0,0.056105610561056105,0.055554862164127576,-0.0005507483969285284,0.05434592259646255,138.03565433105572,0.6870192852312079,True,24.501674985827616,416.5339793452281,0.0361792660842184,0.07873928805929609,0.04256002197507769,exact 95% beta posterior quantiles; NaN where the prior is capped and the posterior carries no player information
003084,turnovers_per_touch,30.0,313.0,0.09584664536741214,0.0831456995155903,-0.01270094585182184,0.05434592259646255,138.03565433105572,0.6939584420753155,True,37.50167498582761,413.5339793452281,0.059498199640074745,0.11028997032553889,0.050791770685464144,exact 95% beta posterior quantiles; NaN where the prior is capped and the posterior carries no player information
003085,turnovers_per_touch,24.0,791.0,0.03034134007585335,0.03390792897879698,0.0035665889029436286,0.05434592259646255,138.03565433105572,0.8514204985701576,True,31.501674985827616,897.5339793452281,0.023255821521161124,0.04645692362100817,0.02320110209984705,exact 95% beta posterior quantiles; NaN where the prior is capped and the posterior carries no player information
003086,turnovers_per_touch,16.0,153.0,0.10457516339869281,0.08075187571036999,-0.023823287688322828,0.05434592259646255,138.03565433105572,0.5257087842095151,True,23.501674985827616,267.5339793452281,0.05233743056305684,0.11461193670402281,0.06227450614096597,exact 95% beta posterior quantiles; NaN where the prior is capped and the posterior carries no player information
003087,turnovers_per_touch,15.0,234.0,0.0641025641025641,0.060482576666709774,-0.003619987435854323,0.05434592259646255,138.03565433105572,0.6289719742607659,True,22.501674985827616,349.5339793452281,0.03861489801784046,0.0868147173023317,0.04819981928449124,exact 95% beta posterior quantiles; NaN where the prior is capped and the posterior carries no player information
003088,turnovers_per_touch,9.0,173.0,0.05202312138728324,0.05305396585905163,0.0010308444717683912,0.05434592259646255,138.03565433105572,0.5562063306602937,True,16.501674985827616,294.5339793452281,0.031023303425172344,0.0805090855283197,0.04948578210314736,exact 95% beta posterior quantiles; NaN where the prior is capped and the posterior carries no player information
003089,turnovers_per_touch,2.0,121.0,0.01652892561983471,0.03668095425073869,0.020152028630903977,0.05434592259646255,138.03565433105572,0.4671171631275059,False,9.501674985827616,249.53397934522812,0.017400149576133117,0.06269175457418896,0.045291604998055845,exact 95% beta posterior quantiles; NaN where the prior is capped and the posterior carries no player information
003090,turnovers_per_touch,9.0,120.0,0.075,0.06395114283182053,-0.011048857168179466,0.05434592259646255,138.03565433105572,0.46505201116913036,False,16.501674985827616,241.53397934522812,0.037497331824852154,0.09678524741320871,0.059287915588356555,exact 95% beta posterior quantiles; NaN where the prior is capped and the posterior carries no player information
003091,turnovers_per_touch,6.0,161.0,0.037267080745341616,0.04515071962248425,0.007883638877142635,0.05434592259646255,138.03565433105572,0.5383973371341213,True,13.501674985827616,285.5339793452281,0.024670931306900457,0.07136674234061502,0.04669581103371456,exact 95% beta posterior quantiles; NaN where the prior is capped and the posterior carries no player information
003092,turnovers_per_touch,29.0,650.0,0.04461538461538461,0.0463198267555711,0.0017044421401864879,0.05434592259646255,138.03565433105572,0.8248357754215692,True,36.50167498582761,751.5339793452281,0.03277764903032221,0.06203954972443171,0.0292619006941095,exact 95% beta posterior quantiles; NaN where the prior is capped and the posterior carries no player information
003093,turnovers_per_touch,47.0,820.0,0.05731707317073171,0.05688898397407054,-0.000428089196661173,0.05434592259646255,138.03565433105572,0.8559180405165207,True,54.50167498582761,903.5339793452281,0.04312726142234169,0.07240117984474637,0.029273918422404677,exact 95% beta posterior quantiles; NaN where the prior is capped and the posterior carries no player information
003094,turnovers_per_touch,26.0,404.0,0.06435643564356436,0.061807142607939965,-0.0025492930356243934,0.05434592259646255,138.03565433105572,0.7453384233525926,True,33.50167498582761,508.5339793452281,0.043133449071319774,0.0835384885140229,0.04040503944270313,exact 95% beta posterior quantiles; NaN where the prior is capped and the posterior carries no player information
003095,turnovers_per_touch,1.0,7.0,0.14285714285714285,0.058617827630313916,-0.08423931522682893,0.05434592259646255,138.03565433105572,0.04826399434184596,False,8.501674985827616,136.53397934522812,0.026613155932864174,0.1020709264848847,0.07545777055202052,exact 95% beta posterior quantiles; NaN where the prior is capped and the posterior carries no player information
003096,turnovers_per_touch,10.0,140.0,0.07142857142857142,0.06294759219977038,-0.008480979228801047,0.05434592259646255,138.03565433105572,0.503532542748286,True,17.501674985827616,260.5339793452281,0.03755552906659432,0.09427574338042177,0.056720214313827455,exact 95% beta posterior quantiles; NaN where the prior is capped and the posterior carries no player information
003097,turnovers_per_touch,3.0,9.0,0.3333333333333333,0.07142264258016455,-0.26191069075316875,0.05434592259646255,138.03565433105572,0.06120964361294436,False,10.501674985827616,136.53397934522812,0.03575603579520248,0.11807333250180818,0.0823172967066057,exact 95% beta posterior quantiles; NaN where the prior is capped and the posterior carries no player information
003098,turnovers_per_touch,30.0,286.0,0.1048951048951049,0.08843990971700005,-0.016455195178104842,0.05434592259646255,138.03565433105572,0.6744715852990804,True,37.50167498582761,386.5339793452281,0.06334300062735565,0.11720913750468753,0.05386613687733188,exact 95% beta posterior quantiles; NaN where the prior is capped and the posterior carries no player information
003099,turnovers_per_touch,13.0,249.0,0.05220883534136546,0.052971024132808325,0.0007621887914428666,0.05434592259646255,138.03565433105572,0.6433515806970455,True,20.501674985827616,366.5339793452281,0.03295921933022328,0.07734608041937463,0.04438686108915135,exact 95% beta posterior quantiles; NaN where the prior is capped and the posterior carries no player information
003100,turnovers_per_touch,30.0,735.0,0.04081632653061224,0.042955490763504314,0.0021391642328920726,0.05434592259646255,138.03565433105572,0.8418900148621965,True,37.50167498582761,835.5339793452281,0.03053423375240527,0.05735690126311965,0.026822667510714382,exact 95% beta posterior quantiles; NaN where the prior is capped and the posterior carries no player information
003101,turnovers_per_touch,1.0,99.0,0.010101010101010102,0.03586665056706514,0.025765640466055034,0.05434592259646255,138.03565433105572,0.41765868632459696,False,8.501674985827616,228.53397934522812,0.016156227356987074,0.06293813805677928,0.046781910699792206,exact 95% beta posterior quantiles; NaN where the prior is capped and the posterior carries no player information
003102,turnovers_per_touch,3.0,180.0,0.016666666666666666,0.033020432906858965,0.0163537662401923,0.05434592259646255,138.03565433105572,0.5659742785085063,True,10.501674985827616,307.5339793452281,0.016333948966348544,0.0552350047219079,0.038901055755559355,exact 95% beta posterior quantiles; NaN where the prior is capped and the posterior carries no player information
003103,turnovers_per_touch,5.0,106.0,0.04716981132075472,0.051228887107078215,0.004059075786323495,0.05434592259646255,138.03565433105572,0.4343627585508539,False,12.501674985827616,231.53397934522812,0.027276419365080073,0.08211468128138222,0.054838261916302145,exact 95% beta posterior quantiles; NaN where the prior is capped and the posterior carries no player information
003104,turnovers_per_touch,12.0,261.0,0.04597701149425287,0.04887201124551205,0.002894999751259175,0.05434592259646255,138.03565433105572,0.6540768905413752,True,19.501674985827616,379.5339793452281,0.02997090297867544,0.07204307764186524,0.0420721746631898,exact 95% beta posterior quantiles; NaN where the prior is capped and the posterior carries no player information
003105,turnovers_per_touch,2.0,66.0,0.030303030303030304,0.04656869906869699,0.016265668765666687,0.05434592259646255,138.03565433105572,0.32347287642635464,False,9.501674985827616,194.53397934522812,0.02216187832527794,0.07933954618056305,0.05717766785528511,exact 95% beta posterior quantiles; NaN where the prior is capped and the posterior carries no player information
003106,turnovers_per_touch,41.0,624.0,0.06570512820512821,0.06364751401088214,-0.002057614194246063,0.05434592259646255,138.03565433105572,0.8188593229903018,True,48.50167498582761,713.5339793452281,0.04743958861217834,0.08202237306977622,0.03458278445759788,exact 95% beta posterior quantiles; NaN where the prior is capped and the posterior carries no player information
003108,turnovers_per_touch,0.0,6.0,0.0,0.05208206968384056,0.05208206968384056,0.05434592259646255,138.03565433105572,0.04165635257371363,False,7.5016749858276155,136.53397934522812,0.02216123676043935,0.09368707225075923,0.07152583549031988,exact 95% beta posterior quantiles; NaN where the prior is capped and the posterior carries no player information
003109,turnovers_per_touch,7.0,259.0,0.02702702702702703,0.03652486830247202,0.009497841275444993,0.05434592259646255,138.03565433105572,0.6523343613469055,True,14.501674985827616,382.5339793452281,0.020404900453286245,0.05704789867741056,0.03664299822412431,exact 95% beta posterior quantiles; NaN where the prior is capped and the posterior carries no player information
003110,turnovers_per_touch,0.0,5.0,0.0,0.05244618917507801,0.05244618917507801,0.05434592259646255,138.03565433105572,0.03495631927146997,False,7.5016749858276155,135.53397934522812,0.022319173527648672,0.09432963959989138,0.07201046607224271,exact 95% beta posterior quantiles; NaN where the prior is capped and the posterior carries no player information
003111,turnovers_per_touch,1.0,6.0,0.16666666666666666,0.059024795112792836,-0.10764187155387382,0.05434592259646255,138.03565433105572,0.04165635257371363,False,8.501674985827616,135.53397934522812,0.02680172279360704,0.10276528660324402,0.07596356380963698,exact 95% beta posterior quantiles; NaN where the prior is capped and the posterior carries no player information
003112,turnovers_per_touch,2.0,17.0,0.11764705882352941,0.06128703121114446,-0.05636002761238495,0.05434592259646255,138.03565433105572,0.10965219628575897,False,9.501674985827616,145.53397934522812,0.02930762225878425,0.1039208406873513,0.07461321842856705,exact 95% beta posterior quantiles; NaN where the prior is capped and the posterior carries no player information
003114,turnovers_per_touch,0.0,1.0,0.0,0.053955044998497216,0.053955044998497216,0.05434592259646255,138.03565433105572,0.007192399710788679,False,7.5016749858276155,131.53397934522812,0.022974095394602045,0.09699048721813597,0.07401639182353392,exact 95% beta posterior quantiles; NaN where the prior is capped and the posterior carries no player information
003115,turnovers_per_touch,2.0,43.0,0.046511627906976744,0.05248510311925696,0.005973475212280213,0.05434592259646255,138.03565433105572,0.23752227238821635,False,9.501674985827616,171.53397934522812,0.025025930983247235,0.0892493971332442,0.06422346614999697,exact 95% beta posterior quantiles; NaN where the prior is capped and the posterior carries no player information
003119,turnovers_per_touch,18.0,165.0,0.10909090909090909,0.08415404135240118,-0.02493686773850791,0.05434592259646255,138.03565433105572,0.5444903846850422,True,25.501674985827616,277.5339793452281,0.055644511681748554,0.11785220322781242,0.06220769154606387,exact 95% beta posterior quantiles; NaN where the prior is capped and the posterior carries no player information
003120,turnovers_per_touch,9.0,128.0,0.0703125,0.0620280579583249,-0.008284442041675097,0.05434592259646255,138.03565433105572,0.48113851627089177,False,16.501674985827616,249.53397934522812,0.03635223608580418,0.09391941732610576,0.05756718124030158,exact 95% beta posterior quantiles; NaN where the prior is capped and the posterior carries no player information
003121,turnovers_per_touch,6.0,95.0,0.06315789473684211,0.057938237067564055,-0.005219657669278052,0.05434592259646255,138.03565433105572,0.40766294013121634,False,13.501674985827616,219.53397934522812,0.03176973757217638,0.09126238213502802,0.05949264456285164,exact 95% beta posterior quantiles; NaN where the prior is capped and the posterior carries no player information
003125,turnovers_per_touch,0.0,2.0,0.0,0.053569749944489445,0.053569749944489445,0.05434592259646255,138.03565433105572,0.014282077014985317,False,7.5016749858276155,132.53397934522812,0.0228067874268163,0.0963113083562348,0.0735045209294185,exact 95% beta posterior quantiles; NaN where the prior is capped and the posterior carries no player information
003126,turnovers_per_touch,2.0,24.0,0.08333333333333333,0.05863940886994355,-0.024693924463389777,0.05434592259646255,138.03565433105572,0.14811554962443943,False,9.501674985827616,152.53397934522812,0.0280170580081176,0.09951668928260915,0.07149963127449155,exact 95% beta posterior quantiles; NaN where the prior is capped and the posterior carries no player information
003128,turnovers_per_touch,7.0,58.0,0.1206896551724138,0.07397468095950482,-0.046714974212908975,0.05434592259646255,138.03565433105572,0.29586454667094564,False,14.501674985827616,181.53397934522812,0.04174019503989257,0.11441167557495646,0.07267148053506389,exact 95% beta posterior quantiles; NaN where the prior is capped and the posterior carries no player information
003136,turnovers_per_touch,2.0,15.0,0.13333333333333333,0.062087982224541184,-0.07124535110879215,0.05434592259646255,138.03565433105572,0.09801637445579263,False,9.501674985827616,143.53397934522812,0.029698487924179062,0.10525163987767883,0.07555315195349976,exact 95% beta posterior quantiles; NaN where the prior is capped and the posterior carries no player information
003142,turnovers_per_touch,1.0,87.0,0.011494252873563218,0.03777923552203236,0.026284982648469145,0.05434592259646255,138.03565433105572,0.38660540374643065,False,8.501674985827616,216.53397934522812,0.017028946749633178,0.06625161055126227,0.049222663801629096,exact 95% beta posterior quantiles; NaN where the prior is capped and the posterior carries no player information
003143,turnovers_per_touch,3.0,59.0,0.05084745762711865,0.053298348572907994,0.002450890945789347,0.05434592259646255,138.03565433105572,0.29943819153090573,False,10.501674985827616,186.53397934522812,0.026531134295510128,0.08860523285693489,0.06207409856142476,exact 95% beta posterior quantiles; NaN where the prior is capped and the posterior carries no player information
003145,turnovers_per_touch,2.0,52.0,0.038461538461538464,0.0499994331025641,0.011537894641025635,0.05434592259646255,138.03565433105572,0.27363286212287447,False,9.501674985827616,180.53397934522812,0.023821289505576715,0.08509065725957043,0.06126936775399372,exact 95% beta posterior quantiles; NaN where the prior is capped and the posterior carries no player information
003149,turnovers_per_touch,9.0,141.0,0.06382978723404255,0.059138231009896555,-0.004691556224145993,0.05434592259646255,138.03565433105572,0.5053117686269355,True,16.501674985827616,262.5339793452281,0.03463358760927804,0.0896076682547573,0.05497408064547926,exact 95% beta posterior quantiles; NaN where the prior is capped and the posterior carries no player information
003151,turnovers_per_touch,5.0,21.0,0.23809523809523808,0.07860925927844815,-0.15948597881678994,0.05434592259646255,138.03565433105572,0.13204586159205195,False,12.501674985827616,146.53397934522812,0.04218637876329012,0.12502757148467936,0.08284119272138923,exact 95% beta posterior quantiles; NaN where the prior is capped and the posterior carries no player information
003152,turnovers_per_touch,2.0,21.0,0.09523809523809523,0.05974556476529788,-0.03549253047279735,0.05434592259646255,138.03565433105572,0.13204586159205195,False,9.501674985827616,149.53397934522812,0.028555969503941014,0.10135765458107926,0.07280168507713825,exact 95% beta posterior quantiles; NaN where the prior is capped and the posterior carries no player information
003153,turnovers_per_touch,6.0,84.0,0.07142857142857142,0.06080858962271251,-0.010619981805858915,0.05434592259646255,138.03565433105572,0.3783176186413547,False,13.501674985827616,208.53397934522812,0.0333701157651376,0.09570885243010707,0.062338736664969474,exact 95% beta posterior quantiles; NaN where the prior is capped and the posterior carries no player information
003156,turnovers_per_touch,23.0,484.0,0.047520661157024795,0.04903525187576179,0.0015145907187369967,0.05434592259646255,138.03565433105572,0.7780904464720743,True,30.501674985827616,591.5339793452281,0.03349683145643212,0.06731497627333738,0.03381814481690526,exact 95% beta posterior quantiles; NaN where the prior is capped and the posterior carries no player information
003157,turnovers_per_touch,9.0,283.0,0.03180212014134275,0.03919305839322702,0.00739093825188427,0.05434592259646255,138.03565433105572,0.672152101820527,True,16.501674985827616,404.5339793452281,0.022839501645648852,0.05967724768561311,0.03683774603996426,exact 95% beta posterior quantiles; NaN where the prior is capped and the posterior carries no player information
003159,turnovers_per_touch,20.0,526.0,0.03802281368821293,0.04141596133649267,0.0033931476482797415,0.05434592259646255,138.03565433105572,0.7921261404704063,True,27.501674985827616,636.5339793452281,0.02762460065423511,0.057817866530967876,0.030193265876732767,exact 95% beta posterior quantiles; NaN where the prior is capped and the posterior carries no player information
003160,turnovers_per_touch,31.0,711.0,0.04360056258790436,0.04534753610101638,0.001746973513112017,0.05434592259646255,138.03565433105572,0.8374206623397785,True,38.50167498582761,810.5339793452281,0.032404080528067425,0.060316582588711753,0.02791250206064433,exact 95% beta posterior quantiles; NaN where the prior is capped and the posterior carries no player information
003161,turnovers_per_touch,23.0,269.0,0.08550185873605948,0.07493612577000339,-0.01056573296605609,0.05434592259646255,138.03565433105572,0.6608757663799478,True,30.501674985827616,376.5339793452281,0.051434565655654296,0.10238723605289124,0.05095267039723694,exact 95% beta posterior quantiles; NaN where the prior is capped and the posterior carries no player information
003162,turnovers_per_touch,29.0,771.0,0.03761348897535668,0.040154283071205374,0.002540794095848696,0.05434592259646255,138.03565433105572,0.8481515508512877,True,36.50167498582761,872.5339793452281,0.028385552490362898,0.053836278355447575,0.025450725865084678,exact 95% beta posterior quantiles; NaN where the prior is capped and the posterior carries no player information
003163,turnovers_per_touch,7.0,156.0,0.04487179487179487,0.04931944399334691,0.004447649121552037,0.05434592259646255,138.03565433105572,0.5305479036374244,True,14.501674985827616,279.5339793452281,0.027645935566397384,0.07677559557487257,0.049129660008475184,exact 95% beta posterior quantiles; NaN where the prior is capped and the posterior carries no player information
003164,turnovers_per_touch,38.0,486.0,0.07818930041152264,0.07291518468540681,-0.00527411572611583,0.05434592259646255,138.03565433105572,0.7788016544038255,True,45.50167498582761,578.5339793452281,0.0538649151858408,0.09455532461288385,0.04069040942704305,exact 95% beta posterior quantiles; NaN where the prior is capped and the posterior carries no player information
003165,turnovers_per_touch,30.0,749.0,0.04005340453938585,0.042277528307595395,0.002224123768209546,0.05434592259646255,138.03565433105572,0.8443854498327317,True,37.50167498582761,849.5339793452281,0.030048972665099427,0.056457866419805214,0.026408893754705787,exact 95% beta posterior quantiles; NaN where the prior is capped and the posterior carries no player information
003166,turnovers_per_touch,29.0,486.0,0.059670781893004114,0.058492931826076705,-0.0011778500669274092,0.05434592259646255,138.03565433105572,0.7788016544038255,True,36.50167498582761,587.5339793452281,0.041476113809039816,0.07818601778126322,0.0367099039722234,exact 95% beta posterior quantiles; NaN where the prior is capped and the posterior carries no player information
003167,turnovers_per_touch,13.0,154.0,0.08441558441558442,0.07020264369016609,-0.01421294072541833,0.05434592259646255,138.03565433105572,0.5273328708878247,True,20.501674985827616,271.5339793452281,0.04385015557636507,0.10211606547818519,0.05826590990182012,exact 95% beta posterior quantiles; NaN where the prior is capped and the posterior carries no player information
003168,turnovers_per_touch,30.0,844.0,0.035545023696682464,0.03818769188311503,0.0026426681864325646,0.05434592259646255,138.03565433105572,0.8594392640203241,True,37.50167498582761,944.5339793452281,0.027123919484438375,0.05103013661573641,0.023906217131298035,exact 95% beta posterior quantiles; NaN where the prior is capped and the posterior carries no player information
003169,turnovers_per_touch,12.0,400.0,0.03,0.03624606441756023,0.006246064417560232,0.05434592259646255,138.03565433105572,0.7434451542013947,True,19.501674985827616,518.5339793452281,0.022164216585224494,0.053582817810820416,0.03141860122559592,exact 95% beta posterior quantiles; NaN where the prior is capped and the posterior carries no player information
003170,turnovers_per_touch,15.0,403.0,0.03722084367245657,0.04159000392247533,0.00436916025001876,0.05434592259646255,138.03565433105572,0.7448677305717957,True,22.501674985827616,518.5339793452281,0.026446422707522288,0.05993476856383495,0.03348834585631266,exact 95% beta posterior quantiles; NaN where the prior is capped and the posterior carries no player information
003171,turnovers_per_touch,5.0,52.0,0.09615384615384616,0.06578594437888378,-0.030367901774962375,0.05434592259646255,138.03565433105572,0.27363286212287447,False,12.501674985827616,177.53397934522812,0.03517387024476193,0.10501525047584437,0.06984138023108244,exact 95% beta posterior quantiles; NaN where the prior is capped and the posterior carries no player information
003172,turnovers_per_touch,11.0,149.0,0.0738255033557047,0.06445775884165424,-0.009367744514050466,0.05434592259646255,138.03565433105572,0.5190992747825997,True,18.501674985827616,268.5339793452281,0.03909246044349857,0.09555431301123463,0.05646185256773606,exact 95% beta posterior quantiles; NaN where the prior is capped and the posterior carries no player information
003173,turnovers_per_touch,2.0,53.0,0.03773584905660377,0.04973770482321412,0.01200185576661035,0.05434592259646255,138.03565433105572,0.27743512165615697,False,9.501674985827616,181.53397934522812,0.023694561939919367,0.08465236643678509,0.06095780449686572,exact 95% beta posterior quantiles; NaN where the prior is capped and the posterior carries no player information
003174,turnovers_per_touch,44.0,622.0,0.0707395498392283,0.06776218285595659,-0.0029773669832717092,0.05434592259646255,138.03565433105572,0.8183826593601748,True,51.50167498582761,708.5339793452281,0.051010797469643876,0.086665906914277,0.035655109444633126,exact 95% beta posterior quantiles; NaN where the prior is capped and the posterior carries no player information
003176,turnovers_per_touch,5.0,387.0,0.012919896640826873,0.02381109717540214,0.010891200534575268,0.05434592259646255,138.03565433105572,0.7370927989510998,True,12.501674985827616,512.5339793452281,0.012579851638292894,0.03845987669774331,0.025880025059450418,exact 95% beta posterior quantiles; NaN where the prior is capped and the posterior carries no player information
003177,turnovers_per_touch,1.0,53.0,0.018867924528301886,0.0445030798863055,0.025635155358003616,0.05434592259646255,138.03565433105572,0.27743512165615697,False,8.501674985827616,182.53397934522812,0.020106244512135163,0.07786584019777365,0.05775959568563849,exact 95% beta posterior quantiles; NaN where the prior is capped and the posterior carries no player information
003178,turnovers_per_touch,1.0,69.0,0.014492753623188406,0.041063820689711754,0.026571067066523346,0.05434592259646255,138.03565433105572,0.3332759288391317,False,8.501674985827616,198.53397934522812,0.018530409986851737,0.07193186532822438,0.05340145534137264,exact 95% beta posterior quantiles; NaN where the prior is capped and the posterior carries no player information
003179,turnovers_per_touch,7.0,112.0,0.0625,0.05799842836264825,-0.004501571637351751,0.05434592259646255,138.03565433105572,0.4479361165496349,False,14.501674985827616,235.53397934522812,0.032585982320597395,0.09008119007921778,0.05749520775862038,exact 95% beta posterior quantiles; NaN where the prior is capped and the posterior carries no player information
003180,turnovers_per_touch,2.0,92.0,0.021739130434782608,0.041305227285128955,0.019566096850346347,0.05434592259646255,138.03565433105572,0.39993800207857444,False,9.501674985827616,220.53397934522812,0.019623259344371036,0.07049092362285592,0.05086766427848488,exact 95% beta posterior quantiles; NaN where the prior is capped and the posterior carries no player information
003181,turnovers_per_touch,6.0,135.0,0.044444444444444446,0.049450226633979584,0.005005782189535138,0.05434592259646255,138.03565433105572,0.4944409195595843,False,13.501674985827616,259.5339793452281,0.02705213040462695,0.0780719205213245,0.05101979011669755,exact 95% beta posterior quantiles; NaN where the prior is capped and the posterior carries no player information
003182,turnovers_per_touch,0.0,37.0,0.0,0.042857982360777966,0.042857982360777966,0.05434592259646255,138.03565433105572,0.21138550395006733,False,7.5016749858276155,167.53397934522812,0.018174486031057313,0.07735127190244384,0.05917678587138653,exact 95% beta posterior quantiles; NaN where the prior is capped and the posterior carries no player information
003183,turnovers_per_touch,5.0,47.0,0.10638297872340426,0.06756360027489783,-0.03881937844850643,0.05434592259646255,138.03565433105572,0.25400510063811893,False,12.501674985827616,172.53397934522812,0.036142857949016616,0.10779851299594156,0.07165565504692495,exact 95% beta posterior quantiles; NaN where the prior is capped and the posterior carries no player information
003184,turnovers_per_touch,8.0,201.0,0.03980099502487562,0.04572284592431333,0.005921850899437711,0.05434592259646255,138.03565433105572,0.5928580001315464,True,15.501674985827616,323.5339793452281,0.026169774268055335,0.07033216979471035,0.04416239552665502,exact 95% beta posterior quantiles; NaN where the prior is capped and the posterior carries no player information
003185,turnovers_per_touch,6.0,137.0,0.043795620437956206,0.04909063524387961,0.005295014805923405,0.05434592259646255,138.03565433105572,0.49811723622965415,False,13.501674985827616,261.5339793452281,0.02685276066767983,0.0775117393641267,0.050658978696446866,exact 95% beta posterior quantiles; NaN where the prior is capped and the posterior carries no player information
003186,turnovers_per_touch,12.0,268.0,0.04477611940298507,0.048029464353214625,0.003253344950229553,0.05434592259646255,138.03565433105572,0.6600405583631082,True,19.501674985827616,386.5339793452281,0.029448541958117858,0.07081452125567012,0.04136597929755226,exact 95% beta posterior quantiles; NaN where the prior is capped and the posterior carries no player information
003188,turnovers_per_touch,3.0,40.0,0.075,0.058986358801478296,-0.0160136411985217,0.05434592259646255,138.03565433105572,0.22467409772662927,False,10.501674985827616,167.53397934522812,0.02941483134054579,0.09788985023624264,0.06847501889569685,exact 95% beta posterior quantiles; NaN where the prior is capped and the posterior carries no player information
003190,turnovers_per_touch,1.0,6.0,0.16666666666666666,0.059024795112792836,-0.10764187155387382,0.05434592259646255,138.03565433105572,0.04165635257371363,False,8.501674985827616,135.53397934522812,0.02680172279360704,0.10276528660324402,0.07596356380963698,exact 95% beta posterior quantiles; NaN where the prior is capped and the posterior carries no player information
003192,turnovers_per_touch,33.0,500.0,0.066,0.06347870171658561,-0.0025212982834143943,0.05434592259646255,138.03565433105572,0.7836552653538174,True,40.50167498582761,597.5339793452281,0.04590808172360994,0.0836377959640231,0.03772971424041316,exact 95% beta posterior quantiles; NaN where the prior is capped and the posterior carries no player information
003193,turnovers_per_touch,0.0,15.0,0.0,0.049019132297102155,0.049019132297102155,0.05434592259646255,138.03565433105572,0.09801637445579263,False,7.5016749858276155,145.53397934522812,0.02083437834517099,0.08827497958554886,0.06744060124037787,exact 95% beta posterior quantiles; NaN where the prior is capped and the posterior carries no player information
003194,turnovers_per_touch,0.0,8.0,0.0,0.051368790862686746,0.051368790862686746,0.05434592259646255,138.03565433105572,0.05478114256854281,False,7.5016749858276155,138.53397934522812,0.021851976140169427,0.09242783425725065,0.07057585811708122,exact 95% beta posterior quantiles; NaN where the prior is capped and the posterior carries no player information
003195,turnovers_per_touch,25.0,371.0,0.0673854447439353,0.06384950584363167,-0.0035359389003036396,0.05434592259646255,138.03565433105572,0.7288291042943662,True,32.50167498582761,476.5339793452281,0.04430698973010294,0.0866326043906156,0.042325614660512656,exact 95% beta posterior quantiles; NaN where the prior is capped and the posterior carries no player information
003199,turnovers_per_touch,2.0,11.0,0.18181818181818182,0.06375437494118935,-0.11806380687699247,0.05434592259646255,138.03565433105572,0.07380784181727072,False,9.501674985827616,139.53397934522812,0.030512359138811007,0.1080181090219412,0.07750574988313019,exact 95% beta posterior quantiles; NaN where the prior is capped and the posterior carries no player information
003203,turnovers_per_touch,3.0,87.0,0.034482758620689655,0.04666671606792732,0.012183957447237666,0.05434592259646255,138.03565433105572,0.38660540374643065,False,10.501674985827616,214.53397934522812,0.023182042787084356,0.07773829399957322,0.05455625121248886,exact 95% beta posterior quantiles; NaN where the prior is capped and the posterior carries no player information
003206,turnovers_per_touch,7.0,69.0,0.10144927536231885,0.0700443362409406,-0.03140493912137825,0.05434592259646255,138.03565433105572,0.3332759288391317,False,14.501674985827616,192.53397934522812,0.03948080455302261,0.10844568428001367,0.06896487972699106,exact 95% beta posterior quantiles; NaN where the prior is capped and the posterior carries no player information
003208,turnovers_per_touch,2.0,22.0,0.09090909090909091,0.05937223817745074,-0.03153685273164017,0.05434592259646255,138.03565433105572,0.13746936638563043,False,9.501674985827616,150.53397934522812,0.028374043089570478,0.10073648209800012,0.07236243900842965,exact 95% beta posterior quantiles; NaN where the prior is capped and the posterior carries no player information
003209,turnovers_per_touch,4.0,27.0,0.14814814814814814,0.06969206158782915,-0.078456086560319,0.05434592259646255,138.03565433105572,0.16360101160830948,False,11.501674985827616,153.53397934522812,0.03615566741791554,0.11305851108045317,0.07690284366253763,exact 95% beta posterior quantiles; NaN where the prior is capped and the posterior carries no player information
003211,turnovers_per_touch,16.0,316.0,0.05063291139240506,0.051761738889104056,0.0011288274966989933,0.05434592259646255,138.03565433105572,0.6959805843124197,True,23.501674985827616,430.5339793452281,0.03334445841028355,0.07390982596552931,0.04056536755524576,exact 95% beta posterior quantiles; NaN where the prior is capped and the posterior carries no player information
003212,turnovers_per_touch,2.0,116.0,0.017241379310344827,0.03740291893611582,0.02016153962577099,0.05434592259646255,138.03565433105572,0.4566288157678466,False,9.501674985827616,244.53397934522812,0.01774678975925781,0.06391094598802738,0.04616415622876957,exact 95% beta posterior quantiles; NaN where the prior is capped and the posterior carries no player information
003215,turnovers_per_touch,0.0,6.0,0.0,0.05208206968384056,0.05208206968384056,0.05434592259646255,138.03565433105572,0.04165635257371363,False,7.5016749858276155,136.53397934522812,0.02216123676043935,0.09368707225075923,0.07152583549031988,exact 95% beta posterior quantiles; NaN where the prior is capped and the posterior carries no player information
003220,turnovers_per_touch,0.0,1.0,0.0,0.053955044998497216,0.053955044998497216,0.05434592259646255,138.03565433105572,0.007192399710788679,False,7.5016749858276155,131.53397934522812,0.022974095394602045,0.09699048721813597,0.07401639182353392,exact 95% beta posterior quantiles; NaN where the prior is capped and the posterior carries no player information
003228,turnovers_per_touch,1.0,18.0,0.05555555555555555,0.05448546373760123,-0.0010700918179543245,0.05434592259646255,138.03565433105572,0.11535824986390605,False,8.501674985827616,147.53397934522812,0.024701484566321597,0.09500911287614144,0.07030762830981985,exact 95% beta posterior quantiles; NaN where the prior is capped and the posterior carries no player information
003229,turnovers_per_touch,0.0,11.0,0.0,0.05033476733804921,0.05033476733804921,0.05434592259646255,138.03565433105572,0.07380784181727072,False,7.5016749858276155,141.53397934522812,0.02140393914305605,0.09060116231557913,0.06919722317252308,exact 95% beta posterior quantiles; NaN where the prior is capped and the posterior carries no player information
003232,turnovers_per_touch,2.0,26.0,0.07692307692307693,0.05792444956296755,-0.018998627360109377,0.05434592259646255,138.03565433105572,0.1585021262970486,False,9.501674985827616,154.53397934522812,0.027668945404002443,0.09832606752752326,0.07065712212352082,exact 95% beta posterior quantiles; NaN where the prior is capped and the posterior carries no player information
003233,turnovers_per_touch,2.0,3.0,0.6666666666666666,0.06737072998239262,-0.599295936684274,0.05434592259646255,138.03565433105572,0.02127121694318546,False,9.501674985827616,131.53397934522812,0.03228171213413589,0.11401120232767425,0.08172949019353837,exact 95% beta posterior quantiles; NaN where the prior is capped and the posterior carries no player information
003238,turnovers_per_touch,0.0,8.0,0.0,0.051368790862686746,0.051368790862686746,0.05434592259646255,138.03565433105572,0.05478114256854281,False,7.5016749858276155,138.53397934522812,0.021851976140169427,0.09242783425725065,0.07057585811708122,exact 95% beta posterior quantiles; NaN where the prior is capped and the posterior carries no player information
003242,turnovers_per_touch,0.0,4.0,0.0,0.05281543582249259,0.05281543582249259,0.05434592259646255,138.03565433105572,0.02816194299127758,False,7.5016749858276155,134.53397934522812,0.02247937783249654,0.0949810772726778,0.07250169944018126,exact 95% beta posterior quantiles; NaN where the prior is capped and the posterior carries no player information
003246,turnovers_per_touch,2.0,11.0,0.18181818181818182,0.06375437494118935,-0.11806380687699247,0.05434592259646255,138.03565433105572,0.07380784181727072,False,9.501674985827616,139.53397934522812,0.030512359138811007,0.1080181090219412,0.07750574988313019,exact 95% beta posterior quantiles; NaN where the prior is capped and the posterior carries no player information
003248,turnovers_per_touch,18.0,334.0,0.05389221556886228,0.05402489145013263,0.00013267588127035407,0.05434592259646255,138.03565433105572,0.7075736693520055,True,25.501674985827616,446.5339793452281,0.03550573214306496,0.07611527867265977,0.04060954652959481,exact 95% beta posterior quantiles; NaN where the prior is capped and the posterior carries no player information
003249,turnovers_per_touch,1.0,41.0,0.024390243902439025,0.04748593243950798,0.023095688537068955,0.05434592259646255,138.03565433105572,0.2290046647590468,False,8.501674985827616,170.53397934522812,0.02147600901662372,0.08300092504941858,0.06152491603279486,exact 95% beta posterior quantiles; NaN where the prior is capped and the posterior carries no player information
003250,turnovers_per_touch,9.0,152.0,0.05921052631578947,0.05689533248554362,-0.0023151938302458513,0.05434592259646255,138.03565433105572,0.5240734983103231,True,16.501674985827616,273.5339793452281,0.0333014085481409,0.08625682044657879,0.05295541189843789,exact 95% beta posterior quantiles; NaN where the prior is capped and the posterior carries no player information
003251,turnovers_per_touch,0.0,15.0,0.0,0.049019132297102155,0.049019132297102155,0.05434592259646255,138.03565433105572,0.09801637445579263,False,7.5016749858276155,145.53397934522812,0.02083437834517099,0.08827497958554886,0.06744060124037787,exact 95% beta posterior quantiles; NaN where the prior is capped and the posterior carries no player information
003252,turnovers_per_touch,12.0,154.0,0.07792207792207792,0.06677840426881658,-0.01114367365326134,0.05434592259646255,138.03565433105572,0.5273328708878247,True,19.501674985827616,272.5339793452281,0.04112074911245145,0.09804025126504712,0.05691950215259567,exact 95% beta posterior quantiles; NaN where the prior is capped and the posterior carries no player information
003253,turnovers_per_touch,2.0,48.0,0.041666666666666664,0.05107448365203756,0.009407816985370895,0.05434592259646255,138.03565433105572,0.25801505723511814,False,9.501674985827616,176.53397934522812,0.024342053482541814,0.08689014657284133,0.06254809309029952,exact 95% beta posterior quantiles; NaN where the prior is capped and the posterior carries no player information
003254,turnovers_per_touch,3.0,88.0,0.03409090909090909,0.04646025874505038,0.012369349654141291,0.05434592259646255,138.03565433105572,0.38931911100676925,False,10.501674985827616,215.53397934522812,0.02307800159906037,0.07739925736677833,0.05432125576771796,exact 95% beta posterior quantiles; NaN where the prior is capped and the posterior carries no player information
003255,turnovers_per_touch,2.0,51.0,0.0392156862745098,0.050263930470954725,0.011048244196444922,0.05434592259646255,138.03565433105572,0.2697903746278697,False,9.501674985827616,179.53397934522812,0.023949380120029673,0.08553350841975771,0.061584128299728036,exact 95% beta posterior quantiles; NaN where the prior is capped and the posterior carries no player information
003256,turnovers_per_touch,6.0,41.0,0.14634146341463414,0.07541333058085516,-0.07092813283377898,0.05434592259646255,138.03565433105572,0.2290046647590468,False,13.501674985827616,165.53397934522812,0.04155300612910651,0.11822230924735777,0.07666930311825126,exact 95% beta posterior quantiles; NaN where the prior is capped and the posterior carries no player information
003257,turnovers_per_touch,11.0,216.0,0.05092592592592592,0.0522593551228229,0.001333429196896975,0.05434592259646255,138.03565433105572,0.6101080423894827,True,18.501674985827616,335.5339793452281,0.03160331983235665,0.0776913526642602,0.04608803283190355,exact 95% beta posterior quantiles; NaN where the prior is capped and the posterior carries no player information
003259,turnovers_per_touch,0.0,25.0,0.0,0.04601248123674175,0.04601248123674175,0.05434592259646255,138.03565433105572,0.1533406916577627,False,7.5016749858276155,155.53397934522812,0.019534831546479836,0.0829503939312417,0.06341556238476187,exact 95% beta posterior quantiles; NaN where the prior is capped and the posterior carries no player information
003260,turnovers_per_touch,1.0,50.0,0.02,0.04521310076045238,0.02521310076045238,0.05434592259646255,138.03565433105572,0.2659070173573037,False,8.501674985827616,179.53397934522812,0.020432037737919018,0.0790891287906561,0.05865709105273709,exact 95% beta posterior quantiles; NaN where the prior is capped and the posterior carries no player information
003261,turnovers_per_touch,3.0,78.0,0.038461538461538464,0.04861084166104693,0.010149303199508464,0.05434592259646255,138.03565433105572,0.3610515136564996,False,10.501674985827616,205.53397934522812,0.024162417132174596,0.08092872038832866,0.05676630325615406,exact 95% beta posterior quantiles; NaN where the prior is capped and the posterior carries no player information
003264,turnovers_per_touch,3.0,111.0,0.02702702702702703,0.04216936331480956,0.015142336287782533,0.05434592259646255,138.03565433105572,0.445719309944439,False,10.501674985827616,238.53397934522812,0.02091870448202826,0.07034301591920666,0.0494243114371784,exact 95% beta posterior quantiles; NaN where the prior is capped and the posterior carries no player information
003266,turnovers_per_touch,4.0,133.0,0.03007518796992481,0.04243602198469035,0.012360834014765537,0.05434592259646255,138.03565433105572,0.4907103470510471,False,11.501674985827616,259.5339793452281,0.02183685768977739,0.06939607273670845,0.04755921504693106,exact 95% beta posterior quantiles; NaN where the prior is capped and the posterior carries no player information
003267,turnovers_per_touch,18.0,308.0,0.05844155844155844,0.05717407283073342,-0.0012674856108250213,0.05434592259646255,138.03565433105572,0.6905277571631007,True,25.501674985827616,420.5339793452281,0.037599133589537814,0.08050184478634037,0.042902711196802557,exact 95% beta posterior quantiles; NaN where the prior is capped and the posterior carries no player information
003268,turnovers_per_touch,2.0,27.0,0.07407407407407407,0.05757346813536177,-0.016500605938712297,0.05434592259646255,138.03565433105572,0.16360101160830948,False,9.501674985827616,155.53397934522812,0.027498113486217335,0.09774137093336321,0.07024325744714588,exact 95% beta posterior quantiles; NaN where the prior is capped and the posterior carries no player information
003269,turnovers_per_touch,1.0,77.0,0.012987012987012988,0.03953611791623615,0.026549104929223164,0.05434592259646255,138.03565433105572,0.3580801529845628,False,8.501674985827616,206.53397934522812,0.017831635632319376,0.06929150261566974,0.051459866983350366,exact 95% beta posterior quantiles; NaN where the prior is capped and the posterior carries no player information
003270,turnovers_per_touch,8.0,168.0,0.047619047619047616,0.0506531666047597,0.0030341189857120837,0.05434592259646255,138.03565433105572,0.5489556449467325,True,15.501674985827616,290.5339793452281,0.029028314020251855,0.07781915369560011,0.04879083967534825,exact 95% beta posterior quantiles; NaN where the prior is capped and the posterior carries no player information
003271,turnovers_per_touch,1.0,37.0,0.02702702702702703,0.04857110408915817,0.021544077062131142,0.05434592259646255,138.03565433105572,0.21138550395006733,False,8.501674985827616,166.53397934522812,0.02197503947536461,0.08486645060474984,0.06289141112938523,exact 95% beta posterior quantiles; NaN where the prior is capped and the posterior carries no player information
003273,turnovers_per_touch,7.0,167.0,0.041916167664670656,0.047540917856405476,0.00562475019173482,0.05434592259646255,138.03565433105572,0.5474769838504013,True,14.501674985827616,290.5339793452281,0.026636433525709435,0.07404133494128473,0.047404901415575296,exact 95% beta posterior quantiles; NaN where the prior is capped and the posterior carries no player information
003274,turnovers_per_touch,0.0,5.0,0.0,0.05244618917507801,0.05244618917507801,0.05434592259646255,138.03565433105572,0.03495631927146997,False,7.5016749858276155,135.53397934522812,0.022319173527648672,0.09432963959989138,0.07201046607224271,exact 95% beta posterior quantiles; NaN where the prior is capped and the posterior carries no player information
003275,turnovers_per_touch,5.0,89.0,0.056179775280898875,0.05506480919335294,-0.0011149660875459377,0.05434592259646255,138.03565433105572,0.39200891270682625,False,12.501674985827616,214.53397934522812,0.029351022647460923,0.08816795676830225,0.058816934120841324,exact 95% beta posterior quantiles; NaN where the prior is capped and the posterior carries no player information
003276,turnovers_per_touch,4.0,16.0,0.25,0.07466891373803655,-0.17533108626196345,0.05434592259646255,138.03565433105572,0.10387205526853258,False,11.501674985827616,142.53397934522812,0.03879583257366903,0.12095335204503499,0.08215751947136596,exact 95% beta posterior quantiles; NaN where the prior is capped and the posterior carries no player information
003277,turnovers_per_touch,16.0,422.0,0.037914691943127965,0.04196460493912588,0.004049912995997912,0.05434592259646255,138.03565433105572,0.7535234529024142,True,23.501674985827616,536.5339793452281,0.026978250505635515,0.06004139469587244,0.033063144190236926,exact 95% beta posterior quantiles; NaN where the prior is capped and the posterior carries no player information
003278,turnovers_per_touch,4.0,79.0,0.05063291139240506,0.05299440325267256,0.0023614918602674964,0.05434592259646255,138.03565433105572,0.3639954930146971,False,11.501674985827616,205.53397934522812,0.02735578062129207,0.08639507708721794,0.05903929646592587,exact 95% beta posterior quantiles; NaN where the prior is capped and the posterior carries no player information
003279,turnovers_per_touch,1.0,28.0,0.03571428571428571,0.05120391171450602,0.01548962600022031,0.05434592259646255,138.03565433105572,0.168638477758345,False,8.501674985827616,157.53397934522812,0.023187340440927073,0.08938667751499452,0.06619933707406744,exact 95% beta posterior quantiles; NaN where the prior is capped and the posterior carries no player information
003280,turnovers_per_touch,22.0,201.0,0.10945273631840796,0.08701643797327677,-0.022436298345131195,0.05434592259646255,138.03565433105572,0.5928580001315464,True,29.501674985827616,309.5339793452281,0.05944621967501007,0.11919380971812643,0.05974759004311636,exact 95% beta posterior quantiles; NaN where the prior is capped and the posterior carries no player information
003281,turnovers_per_touch,5.0,109.0,0.045871559633027525,0.050606763706561794,0.004735204073534269,0.05434592259646255,138.03565433105572,0.4412318549529197,False,12.501674985827616,234.53397934522812,0.02694038496701978,0.08113167775445618,0.054191292787436396,exact 95% beta posterior quantiles; NaN where the prior is capped and the posterior carries no player information
003282,turnovers_per_touch,2.0,32.0,0.0625,0.0558804859087263,-0.006619514091273697,0.05434592259646255,138.03565433105572,0.18819582355178693,False,9.501674985827616,160.53397934522812,0.0266746528504882,0.0949191322142724,0.0682444793637842,exact 95% beta posterior quantiles; NaN where the prior is capped and the posterior carries no player information
003283,turnovers_per_touch,3.0,48.0,0.0625,0.05644979734443586,-0.006050202655564142,0.05434592259646255,138.03565433105572,0.25801505723511814,False,10.501674985827616,175.53397934522812,0.02812757223728113,0.09375350541085936,0.06562593317357823,exact 95% beta posterior quantiles; NaN where the prior is capped and the posterior carries no player information
003284,turnovers_per_touch,1.0,44.0,0.022727272727272728,0.04670335059947215,0.023976077872199422,0.05434592259646255,138.03565433105572,0.24171088988962694,False,8.501674985827616,173.53397934522812,0.021116362273460254,0.08165471066604368,0.06053834839258343,exact 95% beta posterior quantiles; NaN where the prior is capped and the posterior carries no player information
003285,turnovers_per_touch,10.0,194.0,0.05154639175257732,0.05271022782504433,0.001163836072467013,0.05434592259646255,138.03565433105572,0.58427460265027,True,17.501674985827616,314.5339793452281,0.03136982084834017,0.07913698183256201,0.047767160984221846,exact 95% beta posterior quantiles; NaN where the prior is capped and the posterior carries no player information
003286,turnovers_per_touch,2.0,47.0,0.0425531914893617,0.05135050874480513,0.00879731725544343,0.05434592259646255,138.03565433105572,0.25400510063811893,False,9.501674985827616,175.53397934522812,0.0244758220796939,0.08735196941415779,0.0628761473344639,exact 95% beta posterior quantiles; NaN where the prior is capped and the posterior carries no player information
003287,turnovers_per_touch,1.0,7.0,0.14285714285714285,0.058617827630313916,-0.08423931522682893,0.05434592259646255,138.03565433105572,0.04826399434184596,False,8.501674985827616,136.53397934522812,0.026613155932864174,0.1020709264848847,0.07545777055202052,exact 95% beta posterior quantiles; NaN where the prior is capped and the posterior carries no player information
003288,turnovers_per_touch,4.0,237.0,0.016877637130801686,0.030668217416135925,0.013790580285334239,0.05434592259646255,138.03565433105572,0.631939916280047,True,11.501674985827616,363.5339793452281,0.015726571349659935,0.050323806615779176,0.03459723526611924,exact 95% beta posterior quantiles; NaN where the prior is capped and the posterior carries no player information
003289,turnovers_per_touch,6.0,106.0,0.05660377358490566,0.055326648980199476,-0.0012771246047061854,0.05434592259646255,138.03565433105572,0.4343627585508539,False,13.501674985827616,230.53397934522812,0.030315856187371537,0.08721057148068212,0.05689471529331058,exact 95% beta posterior quantiles; NaN where the prior is capped and the posterior carries no player information
003290,turnovers_per_touch,10.0,51.0,0.19607843137254902,0.09258398923611075,-0.10349444213643827,0.05434592259646255,138.03565433105572,0.2697903746278697,False,17.501674985827616,171.53397934522812,0.05563992171664722,0.13767037537763827,0.08203045366099104,exact 95% beta posterior quantiles; NaN where the prior is capped and the posterior carries no player information
003291,turnovers_per_touch,4.0,35.0,0.11428571428571428,0.06646997134950207,-0.04781574293621221,0.05434592259646255,138.03565433105572,0.202270451921066,False,11.501674985827616,161.53397934522812,0.034450646344339475,0.10793441350688227,0.07348376716254279,exact 95% beta posterior quantiles; NaN where the prior is capped and the posterior carries no player information
003292,turnovers_per_touch,2.0,30.0,0.06666666666666667,0.05654558863506358,-0.010121078031603087,0.05434592259646255,138.03565433105572,0.17853353872681954,False,9.501674985827616,158.53397934522812,0.026998046290827915,0.09602825154433958,0.06903020525351167,exact 95% beta posterior quantiles; NaN where the prior is capped and the posterior carries no player information
003293,turnovers_per_touch,5.0,34.0,0.14705882352941177,0.07266909312746354,-0.07438973040194823,0.05434592259646255,138.03565433105572,0.19763345064838894,False,12.501674985827616,159.53397934522812,0.03893142080050893,0.11577602298348211,0.07684460218297318,exact 95% beta posterior quantiles; NaN where the prior is capped and the posterior carries no player information
003296,turnovers_per_touch,3.0,65.0,0.046153846153846156,0.051723304561593506,0.005569458407747349,0.05434592259646255,138.03565433105572,0.320140815730894,False,10.501674985827616,192.53397934522812,0.0257344460405875,0.08602837644866668,0.06029393040807918,exact 95% beta posterior quantiles; NaN where the prior is capped and the posterior carries no player information
003297,turnovers_per_touch,4.0,66.0,0.06060606060606061,0.05637090744525319,-0.0042351531608074144,0.05434592259646255,138.03565433105572,0.32347287642635464,False,11.501674985827616,192.53397934522812,0.02912808963446878,0.09180857703904621,0.06268048740457743,exact 95% beta posterior quantiles; NaN where the prior is capped and the posterior carries no player information
003298,turnovers_per_touch,3.0,76.0,0.039473684210526314,0.04906507291343312,0.009591388702906808,0.05434592259646255,138.03565433105572,0.35508102721263624,False,10.501674985827616,203.53397934522812,0.024391646933509037,0.08167358188075013,0.0572819349472411,exact 95% beta posterior quantiles; NaN where the prior is capped and the posterior carries no player information
003300,turnovers_per_touch,2.0,100.0,0.02,0.039917024248026546,0.019917024248026546,0.05434592259646255,138.03565433105572,0.42010513206950834,False,9.501674985827616,228.53397934522812,0.018955176608869806,0.06815208561602049,0.04919690900715068,exact 95% beta posterior quantiles; NaN where the prior is capped and the posterior carries no player information
003301,turnovers_per_touch,0.0,3.0,0.0,0.053189918686935636,0.053189918686935636,0.05434592259646255,138.03565433105572,0.02127121694318546,False,7.5016749858276155,133.53397934522812,0.022641898918664083,0.0956415701948572,0.07299967127619311,exact 95% beta posterior quantiles; NaN where the prior is capped and the posterior carries no player information
003302,turnovers_per_touch,2.0,40.0,0.05,0.053369506358312564,0.0033695063583125615,0.05434592259646255,138.03565433105572,0.22467409772662927,False,9.501674985827616,168.53397934522812,0.025455020688241348,0.09072743376600556,0.06527241307776421,exact 95% beta posterior quantiles; NaN where the prior is capped and the posterior carries no player information
003303,turnovers_per_touch,1.0,5.0,0.2,0.05943745302937201,-0.140562546970628,0.05434592259646255,138.03565433105572,0.03495631927146997,False,8.501674985827616,134.53397934522812,0.02699298135121353,0.10346915261470713,0.0764761712634936,exact 95% beta posterior quantiles; NaN where the prior is capped and the posterior carries no player information
000201,shots_on_goal_pct,1.0,3.0,0.3333333333333333,0.6152486125462279,0.28191527921289455,0.6262743037309512,76.70683165972486,0.03763792811144785,False,49.039517589101465,30.66731407062339,0.5066750257101376,0.7183420815563295,0.21166705584619194,exact 95% beta posterior quantiles; NaN where the prior is capped and the posterior carries no player information
000204,shots_on_goal_pct,4.0,6.0,0.6666666666666666,0.6292045837664795,-0.037462082900187155,0.6262743037309512,76.70683165972486,0.07254539775729042,False,52.039517589101465,30.66731407062339,0.523071456438629,0.7294172167021316,0.2063457602635026,exact 95% beta posterior quantiles; NaN where the prior is capped and the posterior carries no player information
000207,shots_on_goal_pct,1.0,1.0,1.0,0.6310837353894903,-0.36891626461050975,0.6262743037309512,76.70683165972486,0.012868881392294572,False,49.039517589101465,28.66731407062339,0.5216206704790238,0.734153688972583,0.2125330184935592,exact 95% beta posterior quantiles; NaN where the prior is capped and the posterior carries no player information
000211,shots_on_goal_pct,35.0,58.0,0.603448275862069,0.6164462230012416,0.012997947139172683,0.6262743037309512,76.70683165972486,0.43056465129036997,False,83.03951758910146,51.66731407062339,0.5331399285641965,0.6964766203600448,0.1633366917958483,exact 95% beta posterior quantiles; NaN where the prior is capped and the posterior carries no player information
000213,shots_on_goal_pct,1.0,1.0,1.0,0.6310837353894903,-0.36891626461050975,0.6262743037309512,76.70683165972486,0.012868881392294572,False,49.039517589101465,28.66731407062339,0.5216206704790238,0.734153688972583,0.2125330184935592,exact 95% beta posterior quantiles; NaN where the prior is capped and the posterior carries no player information
000216,shots_on_goal_pct,252.0,374.0,0.6737967914438503,0.6657088300264009,-0.008087961417449385,0.6262743037309512,76.70683165972486,0.8298077014336516,True,300.0395175891015,150.66731407062338,0.6215333799191285,0.7084912775608245,0.08695789764169604,exact 95% beta posterior quantiles; NaN where the prior is capped and the posterior carries no player information
000221,shots_on_goal_pct,90.0,157.0,0.5732484076433121,0.590652470913156,0.017404063269843895,0.6262743037309512,76.70683165972486,0.6717818169243365,True,138.03951758910148,95.66731407062339,0.5270711446937639,0.6527639496780466,0.1256928049842827,exact 95% beta posterior quantiles; NaN where the prior is capped and the posterior carries no player information
000222,shots_on_goal_pct,8.0,10.0,0.8,0.6463102908548751,-0.15368970914512492,0.6262743037309512,76.70683165972486,0.11533116605210912,False,56.039517589101465,30.66731407062339,0.5433385483629536,0.7428875433688518,0.19954899500589818,exact 95% beta posterior quantiles; NaN where the prior is capped and the posterior carries no player information
000223,shots_on_goal_pct,8.0,10.0,0.8,0.6463102908548751,-0.15368970914512492,0.6262743037309512,76.70683165972486,0.11533116605210912,False,56.039517589101465,30.66731407062339,0.5433385483629536,0.7428875433688518,0.19954899500589818,exact 95% beta posterior quantiles; NaN where the prior is capped and the posterior carries no player information
000225,shots_on_goal_pct,132.0,228.0,0.5789473684210527,0.5908614408427736,0.011914072421720934,0.6262743037309512,76.70683165972486,0.7482602170686293,True,180.03951758910148,124.66731407062339,0.5352215015736874,0.645371472084662,0.11014997051097453,exact 95% beta posterior quantiles; NaN where the prior is capped and the posterior carries no player information
000227,shots_on_goal_pct,100.0,145.0,0.6896551724137931,0.6677264587692643,-0.021928713644528863,0.6262743037309512,76.70683165972486,0.6540168334665739,True,148.03951758910148,73.66731407062339,0.6045022117032204,0.7280843010230456,0.12358208931982517,exact 95% beta posterior quantiles; NaN where the prior is capped and the posterior carries no player information
000231,shots_on_goal_pct,55.0,79.0,0.6962025316455697,0.6617533507731997,-0.03444918087236992,0.6262743037309512,76.70683165972486,0.5073637370815127,True,103.03951758910146,52.66731407062339,0.5858315013174433,0.7337389896565583,0.14790748833911493,exact 95% beta posterior quantiles; NaN where the prior is capped and the posterior carries no player information
000234,shots_on_goal_pct,88.0,109.0,0.8073394495412844,0.7325498818394037,-0.07478956770188072,0.6262743037309512,76.70683165972486,0.5869466353274679,True,136.03951758910148,49.66731407062339,0.6667932381678838,0.7935629539715592,0.12676971580367535,exact 95% beta posterior quantiles; NaN where the prior is capped and the posterior carries no player information
000235,shots_on_goal_pct,9.0,12.0,0.75,0.6430115530211057,-0.10698844697889431,0.6262743037309512,76.70683165972486,0.13527706688963284,False,57.039517589101465,31.66731407062339,0.5410868329636287,0.738826797256479,0.19773996429285035,exact 95% beta posterior quantiles; NaN where the prior is capped and the posterior carries no player information
000238,shots_on_goal_pct,13.0,22.0,0.5909090909090909,0.6183920257872819,0.02748293487819098,0.6262743037309512,76.70683165972486,0.22288224259736436,False,61.039517589101465,37.66731407062339,0.5209955540194642,0.711242828721879,0.19024727470241487,exact 95% beta posterior quantiles; NaN where the prior is capped and the posterior carries no player information
000240,shots_on_goal_pct,245.0,365.0,0.6712328767123288,0.6634253685594989,-0.007807508152829934,0.6262743037309512,76.70683165972486,0.8263399473096286,True,293.0395175891015,148.66731407062338,0.6187320672615897,0.7067168661451433,0.0879847988835536,exact 95% beta posterior quantiles; NaN where the prior is capped and the posterior carries no player information
000242,shots_on_goal_pct,6.0,10.0,0.6,0.6232440576444532,0.023244057644453253,0.6262743037309512,76.70683165972486,0.11533116605210912,False,54.039517589101465,32.66731407062339,0.5194167034060229,0.7216844919894356,0.20226778858341277,exact 95% beta posterior quantiles; NaN where the prior is capped and the posterior carries no player information
000246,shots_on_goal_pct,27.0,43.0,0.627906976744186,0.6268607776906718,-0.0010461990535142185,0.6262743037309512,76.70683165972486,0.35921091055379817,False,75.03951758910146,44.66731407062339,0.5387457237520721,0.710959756601369,0.17221403284929693,exact 95% beta posterior quantiles; NaN where the prior is capped and the posterior carries no player information
000251,shots_on_goal_pct,4.0,4.0,1.0,0.6447969337776737,-0.35520306622232634,0.6262743037309512,76.70683165972486,0.04956209923919143,False,52.039517589101465,28.66731407062339,0.5379464936850127,0.7448484506167006,0.2069019569316879,exact 95% beta posterior quantiles; NaN where the prior is capped and the posterior carries no player information
000254,shots_on_goal_pct,51.0,84.0,0.6071428571428571,0.6162744705141369,0.009131613371279768,0.6262743037309512,76.70683165972486,0.5226909094808037,True,99.03951758910146,61.66731407062339,0.5400606550101656,0.6897465281363111,0.14968587312614545,exact 95% beta posterior quantiles; NaN where the prior is capped and the posterior carries no player information
000256,shots_on_goal_pct,5.0,8.0,0.625,0.6261539541717969,0.001153954171796867,0.6262743037309512,76.70683165972486,0.09444338600854223,False,53.039517589101465,31.66731407062339,0.5211910985817667,0.7254725448729005,0.20428144629113376,exact 95% beta posterior quantiles; NaN where the prior is capped and the posterior carries no player information
000258,shots_on_goal_pct,6.0,12.0,0.5,0.6091922862986975,0.10919228629869748,0.6262743037309512,76.70683165972486,0.13527706688963284,False,54.039517589101465,34.66731407062339,0.5061543115589302,0.7075649350590538,0.20141062350012362,exact 95% beta posterior quantiles; NaN where the prior is capped and the posterior carries no player information
000262,shots_on_goal_pct,229.0,343.0,0.6676384839650146,0.6600786470250021,-0.007559836940012499,0.6262743037309512,76.70683165972486,0.8172371144010481,True,277.0395175891015,142.66731407062338,0.6141200061247218,0.7045922079996672,0.09047220187494531,exact 95% beta posterior quantiles; NaN where the prior is capped and the posterior carries no player information
000266,shots_on_goal_pct,46.0,69.0,0.6666666666666666,0.6454022540872745,-0.021264412579392156,0.6262743037309512,76.70683165972486,0.473553636531872,False,94.03951758910146,51.66731407062339,0.566230444033863,0.7207927060953807,0.15456226206151769,exact 95% beta posterior quantiles; NaN where the prior is capped and the posterior carries no player information
000267,shots_on_goal_pct,11.0,20.0,0.55,0.6104999675394126,0.06049996753941256,0.6262743037309512,76.70683165972486,0.2068106219255793,False,59.039517589101465,37.66731407062339,0.511877450015163,0.704791961441515,0.19291451142635196,exact 95% beta posterior quantiles; NaN where the prior is capped and the posterior carries no player information
000268,shots_on_goal_pct,1.0,1.0,1.0,0.6310837353894903,-0.36891626461050975,0.6262743037309512,76.70683165972486,0.012868881392294572,False,49.039517589101465,28.66731407062339,0.5216206704790238,0.734153688972583,0.2125330184935592,exact 95% beta posterior quantiles; NaN where the prior is capped and the posterior carries no player information
000269,shots_on_goal_pct,12.0,32.0,0.375,0.5523067563687049,0.17730675636870485,0.6262743037309512,76.70683165972486,0.2943697237002243,False,60.039517589101465,48.66731407062339,0.4585329473193269,0.6442567907797638,0.1857238434604369,exact 95% beta posterior quantiles; NaN where the prior is capped and the posterior carries no player information
000272,shots_on_goal_pct,119.0,195.0,0.6102564102564103,0.6147784969878686,0.0045220867314582636,0.6262743037309512,76.70683165972486,0.7176853037107674,True,167.03951758910148,104.66731407062339,0.5562690358783584,0.6716872835822869,0.1154182477039285,exact 95% beta posterior quantiles; NaN where the prior is capped and the posterior carries no player information
000275,shots_on_goal_pct,9.0,11.0,0.8181818181818182,0.6503429266536157,-0.16783889152820253,0.6262743037309512,76.70683165972486,0.12541782426569195,False,57.039517589101465,30.66731407062339,0.5481434380926657,0.7460467321507167,0.19790329405805096,exact 95% beta posterior quantiles; NaN where the prior is capped and the posterior carries no player information
000276,shots_on_goal_pct,9.0,15.0,0.6,0.6219767552404896,0.021976755240489587,0.6262743037309512,76.70683165972486,0.16356469554696862,False,57.039517589101465,34.66731407062339,0.5210068567248527,0.7179058482579421,0.19689899153308943,exact 95% beta posterior quantiles; NaN where the prior is capped and the posterior carries no player information
000278,shots_on_goal_pct,80.0,142.0,0.5633802816901409,0.5854390400950613,0.022058758404920442,0.6262743037309512,76.70683165972486,0.6492709849179782,True,128.03951758910148,90.66731407062339,0.5196232482267078,0.6497744780790526,0.13015122985234484,exact 95% beta posterior quantiles; NaN where the prior is capped and the posterior carries no player information
000279,shots_on_goal_pct,7.0,10.0,0.7,0.6347771742496642,-0.06522282575033578,0.6262743037309512,76.70683165972486,0.11533116605210912,False,55.039517589101465,31.66731407062339,0.5313462298654485,0.7323173718468752,0.20097114198142663,exact 95% beta posterior quantiles; NaN where the prior is capped and the posterior carries no player information
000280,shots_on_goal_pct,1.0,1.0,1.0,0.6310837353894903,-0.36891626461050975,0.6262743037309512,76.70683165972486,0.012868881392294572,False,49.039517589101465,28.66731407062339,0.5216206704790238,0.734153688972583,0.2125330184935592,exact 95% beta posterior quantiles; NaN where the prior is capped and the posterior carries no player information
000281,shots_on_goal_pct,14.0,23.0,0.6086956521739131,0.6222193259618081,0.013523673787894985,0.6262743037309512,76.70683165972486,0.23067626979155653,False,62.039517589101465,37.66731407062339,0.5254303104884457,0.7143628558551427,0.188932545366697,exact 95% beta posterior quantiles; NaN where the prior is capped and the posterior carries no player information
000282,shots_on_goal_pct,1.0,3.0,0.3333333333333333,0.6152486125462279,0.28191527921289455,0.6262743037309512,76.70683165972486,0.03763792811144785,False,49.039517589101465,30.66731407062339,0.5066750257101376,0.7183420815563295,0.21166705584619194,exact 95% beta posterior quantiles; NaN where the prior is capped and the posterior carries no player information
000294,shots_on_goal_pct,3.0,4.0,0.75,0.6324064089678758,-0.11759359103212419,0.6262743037309512,76.70683165972486,0.04956209923919143,False,51.039517589101465,29.66731407062339,0.5250667296641041,0.7335285869485233,0.20846185728441924,exact 95% beta posterior quantiles; NaN where the prior is capped and the posterior carries no player information
000295,shots_on_goal_pct,41.0,63.0,0.6507936507936508,0.6373311636324945,-0.013462487161156278,0.6262743037309512,76.70683165972486,0.4509443042373557,False,89.03951758910146,50.66731407062339,0.556168310547946,0.7147690676210914,0.15860075707314536,exact 95% beta posterior quantiles; NaN where the prior is capped and the posterior carries no player information
000298,shots_on_goal_pct,21.0,32.0,0.65625,0.635098241159393,-0.02115175884060705,0.6262743037309512,76.70683165972486,0.2943697237002243,False,69.03951758910146,39.66731407062339,0.5428615293640178,0.722625366790453,0.1797638374264352,exact 95% beta posterior quantiles; NaN where the prior is capped and the posterior carries no player information
000302,shots_on_goal_pct,24.0,41.0,0.5853658536585366,0.6120249485378924,0.026659094879355805,0.6262743037309512,76.70683165972486,0.3483230278300725,False,72.03951758910146,45.66731407062339,0.5227357526600827,0.6977073170419317,0.17497156438184902,exact 95% beta posterior quantiles; NaN where the prior is capped and the posterior carries no player information
000305,shots_on_goal_pct,102.0,196.0,0.5204081632653061,0.5501861345971565,0.02977797133185034,0.6262743037309512,76.70683165972486,0.718720535188362,True,150.03951758910148,122.66731407062339,0.49094862971105613,0.6087262881046627,0.11777765839360654,exact 95% beta posterior quantiles; NaN where the prior is capped and the posterior carries no player information
000308,shots_on_goal_pct,10.0,14.0,0.7142857142857143,0.6398582832969995,-0.07442743098871485,0.6262743037309512,76.70683165972486,0.1543433911628533,False,58.039517589101465,32.66731407062339,0.5389533175330143,0.7349201553442981,0.19596683781128377,exact 95% beta posterior quantiles; NaN where the prior is capped and the posterior carries no player information
000310,shots_on_goal_pct,0.0,2.0,0.0,0.6103602009644077,0.6103602009644077,0.6262743037309512,76.70683165972486,0.025410754795043056,False,48.039517589101465,30.66731407062339,0.5009616617753636,0.7144442787102889,0.21348261693492532,exact 95% beta posterior quantiles; NaN where the prior is capped and the posterior carries no player information
000314,shots_on_goal_pct,10.0,15.0,0.6666666666666666,0.6328810682769541,-0.03378559838971251,0.6262743037309512,76.70683165972486,0.16356469554696862,False,58.039517589101465,33.66731407062339,0.5322741816344205,0.7279967461072374,0.19572256447281688,exact 95% beta posterior quantiles; NaN where the prior is capped and the posterior carries no player information
000315,shots_on_goal_pct,0.0,4.0,0.0,0.5952348345384822,0.5952348345384822,0.6262743037309512,76.70683165972486,0.04956209923919143,False,48.039517589101465,32.66731407062339,0.4868705265398603,0.6991265041579027,0.21225597761804238,exact 95% beta posterior quantiles; NaN where the prior is capped and the posterior carries no player information
000318,shots_on_goal_pct,1.0,3.0,0.3333333333333333,0.6152486125462279,0.28191527921289455,0.6262743037309512,76.70683165972486,0.03763792811144785,False,49.039517589101465,30.66731407062339,0.5066750257101376,0.7183420815563295,0.21166705584619194,exact 95% beta posterior quantiles; NaN where the prior is capped and the posterior carries no player information
000322,shots_on_goal_pct,4.0,9.0,0.4444444444444444,0.6071805080335941,0.16273606358914972,0.6262743037309512,76.70683165972486,0.10500913201099298,False,52.039517589101465,33.66731407062339,0.5022932365245651,0.7073280408221763,0.20503480429761112,exact 95% beta posterior quantiles; NaN where the prior is capped and the posterior carries no player information
000327,shots_on_goal_pct,82.0,144.0,0.5694444444444444,0.5891957064092612,0.019751261964816802,0.6262743037309512,76.70683165972486,0.6524492192521356,True,130.03951758910148,90.66731407062339,0.5237358578888234,0.6531241241900716,0.12938826630124822,exact 95% beta posterior quantiles; NaN where the prior is capped and the posterior carries no player information
000331,shots_on_goal_pct,1.0,1.0,1.0,0.6310837353894903,-0.36891626461050975,0.6262743037309512,76.70683165972486,0.012868881392294572,False,49.039517589101465,28.66731407062339,0.5216206704790238,0.734153688972583,0.2125330184935592,exact 95% beta posterior quantiles; NaN where the prior is capped and the posterior carries no player information
000333,shots_on_goal_pct,62.0,114.0,0.543859649122807,0.5770087868978035,0.03314913777499651,0.6262743037309512,76.70683165972486,0.5977761730288109,True,110.03951758910146,80.66731407062339,0.5063911719189491,0.6460961550183129,0.13970498309936374,exact 95% beta posterior quantiles; NaN where the prior is capped and the posterior carries no player information
000337,shots_on_goal_pct,1.0,4.0,0.25,0.6076253593482801,0.3576253593482801,0.6262743037309512,76.70683165972486,0.04956209923919143,False,49.039517589101465,31.66731407062339,0.49953015576465987,0.7106662178121042,0.21113606204744428,exact 95% beta posterior quantiles; NaN where the prior is capped and the posterior carries no player information
000339,shots_on_goal_pct,148.0,283.0,0.5229681978798587,0.5449980382206107,0.02202984034075195,0.6262743037309512,76.70683165972486,0.7867518075600857,True,196.03951758910148,163.66731407062338,0.4934021098597441,0.5961199536977801,0.10271784383803606,exact 95% beta posterior quantiles; NaN where the prior is capped and the posterior carries no player information
000345,shots_on_goal_pct,11.0,26.0,0.4230769230769231,0.5748353506289011,0.15175842755197805,0.6262743037309512,76.70683165972486,0.2531477174385038,False,59.039517589101465,43.66731407062339,0.47851407711277716,0.6683949533326086,0.1898808762198314,exact 95% beta posterior quantiles; NaN where the prior is capped and the posterior carries no player information
000346,shots_on_goal_pct,24.0,32.0,0.75,0.6626954027562889,-0.08730459724371109,0.6262743037309512,76.70683165972486,0.2943697237002243,False,72.03951758910146,36.66731407062339,0.5715971596364398,0.7481226256641094,0.1765254660276696,exact 95% beta posterior quantiles; NaN where the prior is capped and the posterior carries no player information
000350,shots_on_goal_pct,17.0,25.0,0.68,0.6394803232756352,-0.04051967672436485,0.6262743037309512,76.70683165972486,0.24580453045318698,False,65.03951758910146,36.66731407062339,0.5442451328563038,0.7295185395341832,0.1852734066778794,exact 95% beta posterior quantiles; NaN where the prior is capped and the posterior carries no player information
000351,shots_on_goal_pct,85.0,127.0,0.6692913385826772,0.6530930578279909,-0.016198280754686323,0.6262743037309512,76.70683165972486,0.6234449721948591,True,133.03951758910148,70.66731407062339,0.5865445831150282,0.7167939143546391,0.1302493312396109,exact 95% beta posterior quantiles; NaN where the prior is capped and the posterior carries no player information
000353,shots_on_goal_pct,1.0,2.0,0.5,0.6230655783619292,0.12306557836192922,0.6262743037309512,76.70683165972486,0.025410754795043056,False,49.039517589101465,29.66731407062339,0.5140350535803009,0.7261701073439326,0.21213505376363173,exact 95% beta posterior quantiles; NaN where the prior is capped and the posterior carries no player information
000354,shots_on_goal_pct,135.0,228.0,0.5921052631578947,0.6007069700147292,0.008601706856834479,0.6262743037309512,76.70683165972486,0.7482602170686293,True,183.03951758910148,121.66731407062339,0.5452215980913024,0.6549400094954763,0.10971841140417382,exact 95% beta posterior quantiles; NaN where the prior is capped and the posterior carries no player information
000355,shots_on_goal_pct,14.0,19.0,0.7368421052631579,0.6482245469129745,-0.08861755835018337,0.6262743037309512,76.70683165972486,0.19852292329091425,False,62.039517589101465,33.66731407062339,0.5503638820082415,0.740216364589287,0.18985248258104548,exact 95% beta posterior quantiles; NaN where the prior is capped and the posterior carries no player information
000356,shots_on_goal_pct,19.0,41.0,0.4634146341463415,0.5695465305098347,0.10613189636349324,0.6262743037309512,76.70683165972486,0.3483230278300725,False,67.03951758910146,50.66731407062339,0.4795229246665258,0.6573307848011609,0.17780786013463512,exact 95% beta posterior quantiles; NaN where the prior is capped and the posterior carries no player information
000357,shots_on_goal_pct,116.0,186.0,0.6236559139784946,0.6244204482720732,0.0007645342935785893,0.6262743037309512,76.70683165972486,0.7080135633507979,True,164.03951758910148,98.66731407062339,0.5651265082124155,0.6819198182492983,0.11679331003688276,exact 95% beta posterior quantiles; NaN where the prior is capped and the posterior carries no player information
000358,shots_on_goal_pct,114.0,180.0,0.6333333333333333,0.6312240174577486,-0.0021093158755847163,0.6262743037309512,76.70683165972486,0.7011889743495303,True,162.03951758910148,94.66731407062339,0.5714043455955107,0.689106762263691,0.11770241666818038,exact 95% beta posterior quantiles; NaN where the prior is capped and the posterior carries no player information
000359,shots_on_goal_pct,1.0,3.0,0.3333333333333333,0.6152486125462279,0.28191527921289455,0.6262743037309512,76.70683165972486,0.03763792811144785,False,49.039517589101465,30.66731407062339,0.5066750257101376,0.7183420815563295,0.21166705584619194,exact 95% beta posterior quantiles; NaN where the prior is capped and the posterior carries no player information
000361,shots_on_goal_pct,3.0,7.0,0.42857142857142855,0.6097413625279869,0.1811699339565584,0.6262743037309512,76.70683165972486,0.08362519356192545,False,51.039517589101465,32.66731407062339,0.5036650719994213,0.7108487273508217,0.20718365535140038,exact 95% beta posterior quantiles; NaN where the prior is capped and the posterior carries no player information
000363,shots_on_goal_pct,91.0,135.0,0.674074074074074,0.656754987541351,-0.01731908653272307,0.6262743037309512,76.70683165972486,0.6376742731523407,True,139.03951758910148,72.66731407062339,0.5916217781195883,0.719082676601829,0.12746089848224074,exact 95% beta posterior quantiles; NaN where the prior is capped and the posterior carries no player information
000365,shots_on_goal_pct,7.0,12.0,0.5833333333333334,0.6204653752061668,0.03713204187283348,0.6262743037309512,76.70683165972486,0.13527706688963284,False,55.039517589101465,33.66731407062339,0.5177402069966774,0.7180437663628254,0.20030355936614797,exact 95% beta posterior quantiles; NaN where the prior is capped and the posterior carries no player information
000366,shots_on_goal_pct,8.0,14.0,0.5714285714285714,0.6178092274165918,0.046380655988020436,0.6262743037309512,76.70683165972486,0.1543433911628533,False,56.039517589101465,34.66731407062339,0.5161543272843119,0.7145417903375346,0.19838746305322275,exact 95% beta posterior quantiles; NaN where the prior is capped and the posterior carries no player information
000368,shots_on_goal_pct,6.0,7.0,0.8571428571428571,0.6455807311973836,-0.21156212594547352,0.6262743037309512,76.70683165972486,0.08362519356192545,False,54.039517589101465,29.66731407062339,0.5407223804795649,0.7438483961450402,0.20312601566547528,exact 95% beta posterior quantiles; NaN where the prior is capped and the posterior carries no player information
000369,shots_on_goal_pct,2.0,4.0,0.5,0.620015884158078,0.12001588415807796,0.6262743037309512,76.70683165972486,0.04956209923919143,False,50.039517589101465,30.66731407062339,0.5122617853048723,0.7221340125834104,0.20987222727853805,exact 95% beta posterior quantiles; NaN where the prior is capped and the posterior carries no player information
000370,shots_on_goal_pct,1.0,2.0,0.5,0.6230655783619292,0.12306557836192922,0.6262743037309512,76.70683165972486,0.025410754795043056,False,49.039517589101465,29.66731407062339,0.5140350535803009,0.7261701073439326,0.21213505376363173,exact 95% beta posterior quantiles; NaN where the prior is capped and the posterior carries no player information
000373,shots_on_goal_pct,181.0,290.0,0.6241379310344828,0.6245848122121492,0.0004468811776664472,0.6262743037309512,76.70683165972486,0.7908224635124803,True,229.03951758910148,137.66731407062338,0.5744792833866086,0.673403069289634,0.09892378590302542,exact 95% beta posterior quantiles; NaN where the prior is capped and the posterior carries no player information
000376,shots_on_goal_pct,16.0,39.0,0.41025641025641024,0.5534635826640847,0.14320717240767444,0.6262743037309512,76.70683165972486,0.3370587496051462,False,64.03951758910146,51.66731407062339,0.46256521562463604,0.6426106558355968,0.1800454402109608,exact 95% beta posterior quantiles; NaN where the prior is capped and the posterior carries no player information
000385,shots_on_goal_pct,71.0,95.0,0.7473684210526316,0.6932718776443598,-0.05409654340827175,0.6262743037309512,76.70683165972486,0.5532686095347886,True,119.03951758910146,52.66731407062339,0.6224757707386743,0.7598034989496227,0.1373277282109484,exact 95% beta posterior quantiles; NaN where the prior is capped and the posterior carries no player information
000390,shots_on_goal_pct,84.0,137.0,0.6131386861313869,0.6178535171928508,0.0047148310614638644,0.6262743037309512,76.70683165972486,0.6410651402016878,True,132.03951758910148,81.66731407062339,0.5518841203011107,0.6817332304490265,0.12984911014791578,exact 95% beta posterior quantiles; NaN where the prior is capped and the posterior carries no player information
000391,shots_on_goal_pct,82.0,144.0,0.5694444444444444,0.5891957064092612,0.019751261964816802,0.6262743037309512,76.70683165972486,0.6524492192521356,True,130.03951758910148,90.66731407062339,0.5237358578888234,0.6531241241900716,0.12938826630124822,exact 95% beta posterior quantiles; NaN where the prior is capped and the posterior carries no player information
000395,shots_on_goal_pct,195.0,323.0,0.6037151702786377,0.6080444424227502,0.004329272144112495,0.6262743037309512,76.70683165972486,0.8080922676722566,True,243.03951758910148,156.66731407062338,0.5597604671784211,0.6553042123268824,0.09554374514846131,exact 95% beta posterior quantiles; NaN where the prior is capped and the posterior carries no player information
000405,shots_on_goal_pct,2.0,10.0,0.2,0.5771115912236097,0.37711159122360965,0.6262743037309512,76.70683165972486,0.11533116605210912,False,50.039517589101465,36.66731407062339,0.4723044764541555,0.6785477376251947,0.2062432611710392,exact 95% beta posterior quantiles; NaN where the prior is capped and the posterior carries no player information
000406,shots_on_goal_pct,3.0,5.0,0.6,0.6246664636521452,0.0246664636521452,0.6262743037309512,76.70683165972486,0.061194393399354056,False,51.039517589101465,30.66731407062339,0.5177259719639551,0.7258243692049291,0.208098397240974,exact 95% beta posterior quantiles; NaN where the prior is capped and the posterior carries no player information
000407,shots_on_goal_pct,1.0,1.0,1.0,0.6310837353894903,-0.36891626461050975,0.6262743037309512,76.70683165972486,0.012868881392294572,False,49.039517589101465,28.66731407062339,0.5216206704790238,0.734153688972583,0.2125330184935592,exact 95% beta posterior quantiles; NaN where the prior is capped and the posterior carries no player information
000408,shots_on_goal_pct,0.0,2.0,0.0,0.6103602009644077,0.6103602009644077,0.6262743037309512,76.70683165972486,0.025410754795043056,False,48.039517589101465,30.66731407062339,0.5009616617753636,0.7144442787102889,0.21348261693492532,exact 95% beta posterior quantiles; NaN where the prior is capped and the posterior carries no player information
000409,shots_on_goal_pct,99.0,150.0,0.66,0.6485888251034275,-0.011411174896572507,0.6262743037309512,76.70683165972486,0.6616474629451934,True,147.03951758910148,79.66731407062339,0.5854057466203813,0.7092884689045604,0.12388272228417918,exact 95% beta posterior quantiles; NaN where the prior is capped and the posterior carries no player information
000410,shots_on_goal_pct,8.0,13.0,0.6153846153846154,0.6246962082182331,0.00931159283361771,0.6262743037309512,76.70683165972486,0.1449164992172668,False,56.039517589101465,33.66731407062339,0.5226823477132712,0.7214420173258986,0.19875966961262748,exact 95% beta posterior quantiles; NaN where the prior is capped and the posterior carries no player information
000414,shots_on_goal_pct,190.0,332.0,0.572289156626506,0.5824211859205841,0.010132029294078082,0.6262743037309512,76.70683165972486,0.8123182053301514,True,238.03951758910148,170.66731407062338,0.5343121339392383,0.629766123049194,0.09545398910995573,exact 95% beta posterior quantiles; NaN where the prior is capped and the posterior carries no player information
000416,shots_on_goal_pct,23.0,34.0,0.6764705882352942,0.6416904587013453,-0.03478012953394882,0.6262743037309512,76.70683165972486,0.30711745147313435,False,71.03951758910146,39.66731407062339,0.5505418682878371,0.7279890157806221,0.177447147492785,exact 95% beta posterior quantiles; NaN where the prior is capped and the posterior carries no player information
000418,shots_on_goal_pct,1.0,2.0,0.5,0.6230655783619292,0.12306557836192922,0.6262743037309512,76.70683165972486,0.025410754795043056,False,49.039517589101465,29.66731407062339,0.5140350535803009,0.7261701073439326,0.21213505376363173,exact 95% beta posterior quantiles; NaN where the prior is capped and the posterior carries no player information
000419,shots_on_goal_pct,150.0,236.0,0.635593220338983,0.6333072946887205,-0.0022859256502625325,0.6262743037309512,76.70683165972486,0.7547004929422387,True,198.03951758910148,114.66731407062339,0.5792136761301663,0.6857856492570136,0.1065719731268473,exact 95% beta posterior quantiles; NaN where the prior is capped and the posterior carries no player information
000422,shots_on_goal_pct,11.0,18.0,0.6111111111111112,0.6233923842075765,0.012281273096465317,0.6262743037309512,76.70683165972486,0.1900602066878635,False,59.039517589101465,35.66731407062339,0.5240933459426742,0.7177537038514856,0.19366035790881142,exact 95% beta posterior quantiles; NaN where the prior is capped and the posterior carries no player information
000424,shots_on_goal_pct,3.0,5.0,0.6,0.6246664636521452,0.0246664636521452,0.6262743037309512,76.70683165972486,0.061194393399354056,False,51.039517589101465,30.66731407062339,0.5177259719639551,0.7258243692049291,0.208098397240974,exact 95% beta posterior quantiles; NaN where the prior is capped and the posterior carries no player information
000425,shots_on_goal_pct,9.0,12.0,0.75,0.6430115530211057,-0.10698844697889431,0.6262743037309512,76.70683165972486,0.13527706688963284,False,57.039517589101465,31.66731407062339,0.5410868329636287,0.738826797256479,0.19773996429285035,exact 95% beta posterior quantiles; NaN where the prior is capped and the posterior carries no player information
000427,shots_on_goal_pct,3.0,6.0,0.5,0.6171136841402644,0.11711368414026435,0.6262743037309512,76.70683165972486,0.07254539775729042,False,51.039517589101465,31.66731407062339,0.5105952020094264,0.7182654455828015,0.20767024357337505,exact 95% beta posterior quantiles; NaN where the prior is capped and the posterior carries no player information
000434,shots_on_goal_pct,1.0,3.0,0.3333333333333333,0.6152486125462279,0.28191527921289455,0.6262743037309512,76.70683165972486,0.03763792811144785,False,49.039517589101465,30.66731407062339,0.5066750257101376,0.7183420815563295,0.21166705584619194,exact 95% beta posterior quantiles; NaN where the prior is capped and the posterior carries no player information
000700,shots_on_goal_pct,2.0,3.0,0.6666666666666666,0.6277945885833771,-0.03887207808328952,0.6262743037309512,76.70683165972486,0.03763792811144785,False,50.039517589101465,29.66731407062339,0.51961294960347,0.7298998594924342,0.21028690988896415,exact 95% beta posterior quantiles; NaN where the prior is capped and the posterior carries no player information
000727,shots_on_goal_pct,22.0,40.0,0.55,0.6001321138878272,0.05013211388782712,0.6262743037309512,76.70683165972486,0.342739147581571,False,70.03951758910146,46.66731407062339,0.5101827513717581,0.6868298362533096,0.17664708488155156,exact 95% beta posterior quantiles; NaN where the prior is capped and the posterior carries no player information
000815,shots_on_goal_pct,1.0,2.0,0.5,0.6230655783619292,0.12306557836192922,0.6262743037309512,76.70683165972486,0.025410754795043056,False,49.039517589101465,29.66731407062339,0.5140350535803009,0.7261701073439326,0.21213505376363173,exact 95% beta posterior quantiles; NaN where the prior is capped and the posterior carries no player information
000823,shots_on_goal_pct,12.0,27.0,0.4444444444444444,0.5789350289487067,0.13449058450426232,0.6262743037309512,76.70683165972486,0.26034929008910807,False,60.039517589101465,43.66731407062339,0.48312737079686485,0.6718578444269951,0.1887304736301303,exact 95% beta posterior quantiles; NaN where the prior is capped and the posterior carries no player information
000886,shots_on_goal_pct,42.0,66.0,0.6363636363636364,0.6309404850623748,-0.005423151301261586,0.6262743037309512,76.70683165972486,0.46248661842183353,False,90.03951758910146,52.66731407062339,0.5504388025437947,0.7079651748354081,0.15752637229161337,exact 95% beta posterior quantiles; NaN where the prior is capped and the posterior carries no player information
000921,shots_on_goal_pct,26.0,42.0,0.6190476190476191,0.6237174099746592,0.004669790927040118,0.6262743037309512,76.70683165972486,0.35381282957996646,False,74.03951758910146,44.66731407062339,0.5351317943714093,0.708353425754467,0.17322163138305768,exact 95% beta posterior quantiles; NaN where the prior is capped and the posterior carries no player information
000922,shots_on_goal_pct,9.0,18.0,0.5,0.6022745834644805,0.10227458346448048,0.6262743037309512,76.70683165972486,0.1900602066878635,False,57.039517589101465,37.66731407062339,0.5024125870259013,0.6980436462617945,0.1956310592358932,exact 95% beta posterior quantiles; NaN where the prior is capped and the posterior carries no player information
000925,shots_on_goal_pct,2.0,12.0,0.16666666666666666,0.5640999306688198,0.3974332640021532,0.6262743037309512,76.70683165972486,0.13527706688963284,False,50.039517589101465,38.66731407062339,0.4603725393244531,0.6650882941030432,0.20471575477859005,exact 95% beta posterior quantiles; NaN where the prior is capped and the posterior carries no player information
000929,shots_on_goal_pct,1.0,1.0,1.0,0.6310837353894903,-0.36891626461050975,0.6262743037309512,76.70683165972486,0.012868881392294572,False,49.039517589101465,28.66731407062339,0.5216206704790238,0.734153688972583,0.2125330184935592,exact 95% beta posterior quantiles; NaN where the prior is capped and the posterior carries no player information
000946,shots_on_goal_pct,15.0,27.0,0.5555555555555556,0.6078627278474965,0.05230717229194093,0.6262743037309512,76.70683165972486,0.26034929008910807,False,63.039517589101465,40.66731407062339,0.5125855604710523,0.6991980932943989,0.18661253282334656,exact 95% beta posterior quantiles; NaN where the prior is capped and the posterior carries no player information
000960,shots_on_goal_pct,14.0,18.0,0.7777777777777778,0.6550690853222204,-0.12270869245555738,0.6262743037309512,76.70683165972486,0.1900602066878635,False,62.039517589101465,32.66731407062339,0.5569874258653726,0.7469462526787538,0.18995882681338117,exact 95% beta posterior quantiles; NaN where the prior is capped and the posterior carries no player information
000978,shots_on_goal_pct,77.0,122.0,0.6311475409836066,0.6292663243870003,-0.0018812165966063388,0.6262743037309512,76.70683165972486,0.6139698317414606,True,125.03951758910146,73.66731407062339,0.561125472857384,0.6949421251483727,0.1338166522909887,exact 95% beta posterior quantiles; NaN where the prior is capped and the posterior carries no player information
001001,shots_on_goal_pct,175.0,279.0,0.6272401433691757,0.62703186370754,-0.00020827966163561307,0.6262743037309512,76.70683165972486,0.7843537856672264,True,223.03951758910148,132.66731407062338,0.5762036588566843,0.676506921852706,0.10030326299602166,exact 95% beta posterior quantiles; NaN where the prior is capped and the posterior carries no player information
001009,shots_on_goal_pct,87.0,154.0,0.564935064935065,0.5853295137279444,0.020394448792879438,0.6262743037309512,76.70683165972486,0.6675138264962104,True,135.03951758910148,95.66731407062339,0.5212548057024833,0.6480026799545158,0.1267478742520325,exact 95% beta posterior quantiles; NaN where the prior is capped and the posterior carries no player information
001010,shots_on_goal_pct,3.0,4.0,0.75,0.6324064089678758,-0.11759359103212419,0.6262743037309512,76.70683165972486,0.04956209923919143,False,51.039517589101465,29.66731407062339,0.5250667296641041,0.7335285869485233,0.20846185728441924,exact 95% beta posterior quantiles; NaN where the prior is capped and the posterior carries no player information
001020,shots_on_goal_pct,16.0,23.0,0.6956521739130435,0.6422781320306391,-0.053374041882404355,0.6262743037309512,76.70683165972486,0.23067626979155653,False,64.03951758910146,35.66731407062339,0.5461881903756876,0.7329605617851485,0.1867723714094609,exact 95% beta posterior quantiles; NaN where the prior is capped and the posterior carries no player information
001391,shots_on_goal_pct,23.0,36.0,0.6388888888888888,0.6303035631733318,-0.008585325715557035,0.6262743037309512,76.70683165972486,0.31941275848023326,False,71.03951758910146,41.66731407062339,0.5395753381599206,0.7166505186760332,0.1770751805161126,exact 95% beta posterior quantiles; NaN where the prior is capped and the posterior carries no player information
001397,shots_on_goal_pct,5.0,9.0,0.5555555555555556,0.6188481893681489,0.06329263381259331,0.6262743037309512,76.70683165972486,0.10500913201099298,False,53.039517589101465,32.66731407062339,0.5142761708411854,0.7181647161196452,0.2038885452784598,exact 95% beta posterior quantiles; NaN where the prior is capped and the posterior carries no player information
001402,shots_on_goal_pct,3.0,4.0,0.75,0.6324064089678758,-0.11759359103212419,0.6262743037309512,76.70683165972486,0.04956209923919143,False,51.039517589101465,29.66731407062339,0.5250667296641041,0.7335285869485233,0.20846185728441924,exact 95% beta posterior quantiles; NaN where the prior is capped and the posterior carries no player information
001406,shots_on_goal_pct,15.0,20.0,0.75,0.6518620919245285,-0.09813790807547151,0.6262743037309512,76.70683165972486,0.2068106219255793,False,63.039517589101465,33.66731407062339,0.5546730762871448,0.7431005147227552,0.18842743843561038,exact 95% beta posterior quantiles; NaN where the prior is capped and the posterior carries no player information
001415,shots_on_goal_pct,2.0,8.0,0.25,0.5907376844185935,0.34073768441859353,0.6262743037309512,76.70683165972486,0.09444338600854223,False,50.039517589101465,34.66731407062339,0.4848902458616067,0.6925249328196514,0.20763468695804477,exact 95% beta posterior quantiles; NaN where the prior is capped and the posterior carries no player information
001417,shots_on_goal_pct,1.0,2.0,0.5,0.6230655783619292,0.12306557836192922,0.6262743037309512,76.70683165972486,0.025410754795043056,False,49.039517589101465,29.66731407062339,0.5140350535803009,0.7261701073439326,0.21213505376363173,exact 95% beta posterior quantiles; NaN where the prior is capped and the posterior carries no player information
001427,shots_on_goal_pct,2.0,2.0,1.0,0.6357709557594508,-0.36422904424054925,0.6262743037309512,76.70683165972486,0.025410754795043056,False,50.039517589101465,28.66731407062339,0.5271868849231396,0.7378176048223395,0.2106307198991999,exact 95% beta posterior quantiles; NaN where the prior is capped and the posterior carries no player information
001657,shots_on_goal_pct,3.0,8.0,0.375,0.6025431076696612,0.22754310766966124,0.6262743037309512,76.70683165972486,0.09444338600854223,False,51.039517589101465,33.66731407062339,0.49692681871238165,0.7035711155331228,0.20664429682074115,exact 95% beta posterior quantiles; NaN where the prior is capped and the posterior carries no player information
001662,shots_on_goal_pct,0.0,4.0,0.0,0.5952348345384822,0.5952348345384822,0.6262743037309512,76.70683165972486,0.04956209923919143,False,48.039517589101465,32.66731407062339,0.4868705265398603,0.6991265041579027,0.21225597761804238,exact 95% beta posterior quantiles; NaN where the prior is capped and the posterior carries no player information
001671,shots_on_goal_pct,4.0,8.0,0.5,0.614348530920729,0.11434853092072905,0.6262743037309512,76.70683165972486,0.09444338600854223,False,52.039517589101465,32.66731407062339,0.5090267552004661,0.7145539973571431,0.20552724215667695,exact 95% beta posterior quantiles; NaN where the prior is capped and the posterior carries no player information
001707,shots_on_goal_pct,31.0,47.0,0.6595744680851063,0.6389260522532185,-0.020648415831887812,0.6262743037309512,76.70683165972486,0.37993051288615093,False,79.03951758910146,44.66731407062339,0.5526641264732461,0.7209323352144565,0.1682682087412104,exact 95% beta posterior quantiles; NaN where the prior is capped and the posterior carries no player information
001719,shots_on_goal_pct,1.0,2.0,0.5,0.6230655783619292,0.12306557836192922,0.6262743037309512,76.70683165972486,0.025410754795043056,False,49.039517589101465,29.66731407062339,0.5140350535803009,0.7261701073439326,0.21213505376363173,exact 95% beta posterior quantiles; NaN where the prior is capped and the posterior carries no player information
001727,shots_on_goal_pct,4.0,5.0,0.8,0.636905342332016,-0.16309465766798403,0.6262743037309512,76.70683165972486,0.061194393399354056,False,52.039517589101465,29.66731407062339,0.5304003741184715,0.7370603754825424,0.20666000136407092,exact 95% beta posterior quantiles; NaN where the prior is capped and the posterior carries no player information
001729,shots_on_goal_pct,76.0,127.0,0.5984251968503937,0.6089119180661503,0.010486721215756556,0.6262743037309512,76.70683165972486,0.6234449721948591,True,124.03951758910146,79.66731407062339,0.5411251767945942,0.6746726793644484,0.13354750256985426,exact 95% beta posterior quantiles; NaN where the prior is capped and the posterior carries no player information
001733,shots_on_goal_pct,8.0,11.0,0.7272727272727273,0.6389413062658256,-0.08833142100690172,0.6262743037309512,76.70683165972486,0.12541782426569195,False,56.039517589101465,31.66731407062339,0.5362667863082606,0.7356124364596326,0.19934565015137196,exact 95% beta posterior quantiles; NaN where the prior is capped and the posterior carries no player information
001740,shots_on_goal_pct,2.0,3.0,0.6666666666666666,0.6277945885833771,-0.03887207808328952,0.6262743037309512,76.70683165972486,0.03763792811144785,False,50.039517589101465,29.66731407062339,0.51961294960347,0.7298998594924342,0.21028690988896415,exact 95% beta posterior quantiles; NaN where the prior is capped and the posterior carries no player information
001746,shots_on_goal_pct,20.0,36.0,0.5555555555555556,0.603685833299979,0.048130277744423466,0.6262743037309512,76.70683165972486,0.31941275848023326,False,68.03951758910146,44.66731407062339,0.5122218669566792,0.6916632565262262,0.17944138956954703,exact 95% beta posterior quantiles; NaN where the prior is capped and the posterior carries no player information
001760,shots_on_goal_pct,2.0,9.0,0.2222222222222222,0.5838451453644845,0.3616229231422623,0.6262743037309512,76.70683165972486,0.10500913201099298,False,50.039517589101465,35.66731407062339,0.4785121836757753,0.6854700560506899,0.2069578723749146,exact 95% beta posterior quantiles; NaN where the prior is capped and the posterior carries no player information
001766,shots_on_goal_pct,3.0,4.0,0.75,0.6324064089678758,-0.11759359103212419,0.6262743037309512,76.70683165972486,0.04956209923919143,False,51.039517589101465,29.66731407062339,0.5250667296641041,0.7335285869485233,0.20846185728441924,exact 95% beta posterior quantiles; NaN where the prior is capped and the posterior carries no player information
001793,shots_on_goal_pct,41.0,68.0,0.6029411764705882,0.6153097028513212,0.012368526380733047,0.6262743037309512,76.70683165972486,0.4699156164230076,False,89.03951758910146,55.66731407062339,0.5349300933012273,0.6926695982983802,0.15773950499715284,exact 95% beta posterior quantiles; NaN where the prior is capped and the posterior carries no player information
001795,shots_on_goal_pct,13.0,16.0,0.8125,0.6584144501145669,-0.1540855498854331,0.6262743037309512,76.70683165972486,0.17258706519846442,False,61.039517589101465,31.66731407062339,0.5594197604514193,0.7509341531840619,0.1915143927326426,exact 95% beta posterior quantiles; NaN where the prior is capped and the posterior carries no player information
001796,shots_on_goal_pct,4.0,7.0,0.5714285714285714,0.6216878187511191,0.05025924732254772,0.6262743037309512,76.70683165972486,0.08362519356192545,False,52.039517589101465,31.66731407062339,0.515949967346387,0.7219160705863032,0.20596610323991627,exact 95% beta posterior quantiles; NaN where the prior is capped and the posterior carries no player information
001809,shots_on_goal_pct,180.0,273.0,0.6593406593406593,0.6520876830081224,-0.0072529763325369645,0.6262743037309512,76.70683165972486,0.7806538943043501,True,228.03951758910148,121.66731407062339,0.6014491863024887,0.7010783847945277,0.099629198492039,exact 95% beta posterior quantiles; NaN where the prior is capped and the posterior carries no player information
001810,shots_on_goal_pct,286.0,391.0,0.731457800511509,0.7142070523188945,-0.017250748192614518,0.6262743037309512,76.70683165972486,0.8359937754436478,True,334.0395175891015,133.66731407062338,0.6724637138831895,0.7542152589012403,0.08175154501805082,exact 95% beta posterior quantiles; NaN where the prior is capped and the posterior carries no player information
001811,shots_on_goal_pct,2.0,4.0,0.5,0.620015884158078,0.12001588415807796,0.6262743037309512,76.70683165972486,0.04956209923919143,False,50.039517589101465,30.66731407062339,0.5122617853048723,0.7221340125834104,0.20987222727853805,exact 95% beta posterior quantiles; NaN where the prior is capped and the posterior carries no player information
001812,shots_on_goal_pct,37.0,59.0,0.6271186440677966,0.6266413897447105,-0.00047725432308609594,0.6262743037309512,76.70683165972486,0.43476072116942693,False,85.03951758910146,50.66731407062339,0.5439329406653997,0.7058134732942563,0.1618805326288566,exact 95% beta posterior quantiles; NaN where the prior is capped and the posterior carries no player information
001813,shots_on_goal_pct,24.0,55.0,0.43636363636363634,0.5469687234996384,0.11060508713600209,0.6262743037309512,76.70683165972486,0.41759413165519693,False,72.03951758910146,59.66731407062339,0.4617396519461181,0.630846207466675,0.16910655552055687,exact 95% beta posterior quantiles; NaN where the prior is capped and the posterior carries no player information
001814,shots_on_goal_pct,223.0,363.0,0.6143250688705234,0.6164096122091874,0.0020845433386640355,0.6262743037309512,76.70683165972486,0.8255500571365109,True,271.0395175891015,168.66731407062338,0.5705334336671513,0.6612826880591456,0.09074925439199433,exact 95% beta posterior quantiles; NaN where the prior is capped and the posterior carries no player information
001815,shots_on_goal_pct,78.0,127.0,0.6141732283464567,0.6187299491243371,0.004556720777880385,0.6262743037309512,76.70683165972486,0.6234449721948591,True,126.03951758910146,77.66731407062339,0.5511671187996399,0.6840841959638055,0.13291707716416568,exact 95% beta posterior quantiles; NaN where the prior is capped and the posterior carries no player information
001816,shots_on_goal_pct,58.0,89.0,0.651685393258427,0.639922425207255,-0.011762968051172051,0.6262743037309512,76.70683165972486,0.53709312469844,True,106.03951758910146,59.66731407062339,0.5655619568133261,0.7110832468315493,0.14552129001822323,exact 95% beta posterior quantiles; NaN where the prior is capped and the posterior carries no player information
001817,shots_on_goal_pct,1.0,3.0,0.3333333333333333,0.6152486125462279,0.28191527921289455,0.6262743037309512,76.70683165972486,0.03763792811144785,False,49.039517589101465,30.66731407062339,0.5066750257101376,0.7183420815563295,0.21166705584619194,exact 95% beta posterior quantiles; NaN where the prior is capped and the posterior carries no player information
001818,shots_on_goal_pct,51.0,75.0,0.68,0.6528349218395448,-0.027165078160455214,0.6262743037309512,76.70683165972486,0.4943745721894936,False,99.03951758910146,52.66731407062339,0.5755430377612356,0.7263094492082018,0.15076641144696623,exact 95% beta posterior quantiles; NaN where the prior is capped and the posterior carries no player information
001819,shots_on_goal_pct,27.0,39.0,0.6923076923076923,0.6485314351168183,-0.04377625719087397,0.6262743037309512,76.70683165972486,0.3370587496051462,False,75.03951758910146,40.66731407062339,0.5596666888741311,0.7325318348885048,0.17286514601437375,exact 95% beta posterior quantiles; NaN where the prior is capped and the posterior carries no player information
001820,shots_on_goal_pct,40.0,59.0,0.6779661016949152,0.6487478670923085,-0.029218234602606752,0.6262743037309512,76.70683165972486,0.43476072116942693,False,88.03951758910146,47.66731407062339,0.5667967176123057,0.7265456023451407,0.159748884732835,exact 95% beta posterior quantiles; NaN where the prior is capped and the posterior carries no player information
001821,shots_on_goal_pct,129.0,195.0,0.6615384615384615,0.6515828715371387,-0.009955590001322845,0.6262743037309512,76.70683165972486,0.7176853037107674,True,177.03951758910148,94.66731407062339,0.5940271737927105,0.707024732750142,0.11299755895743147,exact 95% beta posterior quantiles; NaN where the prior is capped and the posterior carries no player information
001823,shots_on_goal_pct,6.0,7.0,0.8571428571428571,0.6455807311973836,-0.21156212594547352,0.6262743037309512,76.70683165972486,0.08362519356192545,False,54.039517589101465,29.66731407062339,0.5407223804795649,0.7438483961450402,0.20312601566547528,exact 95% beta posterior quantiles; NaN where the prior is capped and the posterior carries no player information
001824,shots_on_goal_pct,11.0,19.0,0.5789473684210527,0.6168788221828301,0.03793145376177742,0.6262743037309512,76.70683165972486,0.19852292329091425,False,59.039517589101465,36.66731407062339,0.5179108655138407,0.711218486976577,0.19330762146273628,exact 95% beta posterior quantiles; NaN where the prior is capped and the posterior carries no player information
001825,shots_on_goal_pct,7.0,8.0,0.875,0.6497648006739324,-0.22523519932606761,0.6262743037309512,76.70683165972486,0.09444338600854223,False,55.039517589101465,29.66731407062339,0.5457179277727846,0.7471117597597186,0.20139383198693395,exact 95% beta posterior quantiles; NaN where the prior is capped and the posterior carries no player information
001826,shots_on_goal_pct,34.0,58.0,0.5862068965517241,0.609022694530718,0.022815797978993912,0.6262743037309512,76.70683165972486,0.43056465129036997,False,82.03951758910146,52.66731407062339,0.5255306721956003,0.6894476105517242,0.16391693835612386,exact 95% beta posterior quantiles; NaN where the prior is capped and the posterior carries no player information
001827,shots_on_goal_pct,73.0,117.0,0.6239316239316239,0.6248593121471604,0.0009276882155364596,0.6262743037309512,76.70683165972486,0.6040055427963845,True,121.03951758910146,72.66731407062339,0.5557151319517288,0.691560994106112,0.1358458621543832,exact 95% beta posterior quantiles; NaN where the prior is capped and the posterior carries no player information
001828,shots_on_goal_pct,123.0,187.0,0.6577540106951871,0.6485972187849991,-0.009156791910188034,0.6262743037309512,76.70683165972486,0.7091208021538713,True,171.03951758910148,92.66731407062339,0.590071683836868,0.7049876730015967,0.11491598916472867,exact 95% beta posterior quantiles; NaN where the prior is capped and the posterior carries no player information
001831,shots_on_goal_pct,3.0,11.0,0.2727272727272727,0.5819332043268747,0.30920593159960197,0.6262743037309512,76.70683165972486,0.12541782426569195,False,51.039517589101465,36.66731407062339,0.4777834653214086,0.6825420873065013,0.20475862198509276,exact 95% beta posterior quantiles; NaN where the prior is capped and the posterior carries no player information
001832,shots_on_goal_pct,116.0,180.0,0.6444444444444445,0.6390150060616322,-0.0054294383828122905,0.6262743037309512,76.70683165972486,0.7011889743495303,True,164.03951758910148,92.66731407062339,0.5794053763092961,0.6965727330243681,0.11716735671507195,exact 95% beta posterior quantiles; NaN where the prior is capped and the posterior carries no player information
001833,shots_on_goal_pct,17.0,29.0,0.5862068965517241,0.6152820642516905,0.02907516769996643,0.6262743037309512,76.70683165972486,0.2743436686604356,False,65.03951758910146,40.66731407062339,0.521107562497491,0.7053234430786688,0.18421588058117777,exact 95% beta posterior quantiles; NaN where the prior is capped and the posterior carries no player information
001835,shots_on_goal_pct,89.0,134.0,0.664179104477612,0.6503800399334447,-0.013799064544167239,0.6262743037309512,76.70683165972486,0.6359547003981322,True,137.03951758910148,73.66731407062339,0.584869665937731,0.7131861787929665,0.1283165128552355,exact 95% beta posterior quantiles; NaN where the prior is capped and the posterior carries no player information
001836,shots_on_goal_pct,45.0,53.0,0.8490566037735849,0.7173062235702661,-0.13175038020331886,0.6262743037309512,76.70683165972486,0.4086137894343231,False,93.03951758910146,36.66731407062339,0.6371096160437446,0.7911563466477674,0.15404673060402274,exact 95% beta posterior quantiles; NaN where the prior is capped and the posterior carries no player information
001838,shots_on_goal_pct,40.0,59.0,0.6779661016949152,0.6487478670923085,-0.029218234602606752,0.6262743037309512,76.70683165972486,0.43476072116942693,False,88.03951758910146,47.66731407062339,0.5667967176123057,0.7265456023451407,0.159748884732835,exact 95% beta posterior quantiles; NaN where the prior is capped and the posterior carries no player information
001839,shots_on_goal_pct,0.0,1.0,0.0,0.6182148539971957,0.6182148539971957,0.6262743037309512,76.70683165972486,0.012868881392294572,False,48.039517589101465,29.66731407062339,0.508328892494319,0.722335008875234,0.21400611638091505,exact 95% beta posterior quantiles; NaN where the prior is capped and the posterior carries no player information
001843,shots_on_goal_pct,17.0,27.0,0.6296296296296297,0.6271478604466897,-0.0024817691829399635,0.6262743037309512,76.70683165972486,0.26034929008910807,False,65.03951758910146,38.66731407062339,0.5324159942974802,0.717233428003965,0.18481743370648474,exact 95% beta posterior quantiles; NaN where the prior is capped and the posterior carries no player information
001846,shots_on_goal_pct,56.0,88.0,0.6363636363636364,0.6316648589540069,-0.004698777409629429,0.6262743037309512,76.70683165972486,0.5342826348684984,True,104.03951758910146,60.66731407062339,0.5568151736806612,0.7034853866498452,0.14667021296918392,exact 95% beta posterior quantiles; NaN where the prior is capped and the posterior carries no player information
002001,shots_on_goal_pct,11.0,18.0,0.6111111111111112,0.6233923842075765,0.012281273096465317,0.6262743037309512,76.70683165972486,0.1900602066878635,False,59.039517589101465,35.66731407062339,0.5240933459426742,0.7177537038514856,0.19366035790881142,exact 95% beta posterior quantiles; NaN where the prior is capped and the posterior carries no player information
002003,shots_on_goal_pct,13.0,30.0,0.43333333333333335,0.5720300812955358,0.13869674796220244,0.6262743037309512,76.70683165972486,0.28114413607243405,False,61.039517589101465,45.66731407062339,0.47750326673849486,0.6639984124049079,0.186495145666413,exact 95% beta posterior quantiles; NaN where the prior is capped and the posterior carries no player information
002006,shots_on_goal_pct,60.0,76.0,0.7894736842105263,0.7074962947947533,-0.08197738941577304,0.6262743037309512,76.70683165972486,0.4976856580283851,False,108.03951758910146,44.66731407062339,0.6331402984505985,0.7767046438821126,0.14356434543151408,exact 95% beta posterior quantiles; NaN where the prior is capped and the posterior carries no player information
002007,shots_on_goal_pct,2.0,3.0,0.6666666666666666,0.6277945885833771,-0.03887207808328952,0.6262743037309512,76.70683165972486,0.03763792811144785,False,50.039517589101465,29.66731407062339,0.51961294960347,0.7298998594924342,0.21028690988896415,exact 95% beta posterior quantiles; NaN where the prior is capped and the posterior carries no player information
002015,shots_on_goal_pct,157.0,226.0,0.6946902654867256,0.6773534527281103,-0.017336812758615316,0.6262743037309512,76.70683165972486,0.7465969590473214,True,205.03951758910148,97.66731407062339,0.623712529806653,0.7287745561625343,0.10506202635588124,exact 95% beta posterior quantiles; NaN where the prior is capped and the posterior carries no player information
002016,shots_on_goal_pct,114.0,189.0,0.6031746031746031,0.6098432493320909,0.006668646157487745,0.6262743037309512,76.70683165972486,0.7113102768920944,True,162.03951758910148,103.66731407062339,0.5505697190819774,0.6675503266451415,0.11698060756316409,exact 95% beta posterior quantiles; NaN where the prior is capped and the posterior carries no player information
002017,shots_on_goal_pct,2.0,2.0,1.0,0.6357709557594508,-0.36422904424054925,0.6262743037309512,76.70683165972486,0.025410754795043056,False,50.039517589101465,28.66731407062339,0.5271868849231396,0.7378176048223395,0.2106307198991999,exact 95% beta posterior quantiles; NaN where the prior is capped and the posterior carries no player information
002018,shots_on_goal_pct,111.0,178.0,0.6235955056179775,0.6244022453295247,0.0008067397115472108,0.6262743037309512,76.70683165972486,0.6988426609530395,True,159.03951758910148,95.66731407062339,0.5641749024798628,0.6827789165836293,0.11860401410376653,exact 95% beta posterior quantiles; NaN where the prior is capped and the posterior carries no player information
002019,shots_on_goal_pct,14.0,22.0,0.6363636363636364,0.6285230368144348,-0.007840599549201577,0.6262743037309512,76.70683165972486,0.22288224259736436,False,62.039517589101465,36.66731407062339,0.5314414196473081,0.7206701736140531,0.189228753966745,exact 95% beta posterior quantiles; NaN where the prior is capped and the posterior carries no player information
002021,shots_on_goal_pct,14.0,23.0,0.6086956521739131,0.6222193259618081,0.013523673787894985,0.6262743037309512,76.70683165972486,0.23067626979155653,False,62.039517589101465,37.66731407062339,0.5254303104884457,0.7143628558551427,0.188932545366697,exact 95% beta posterior quantiles; NaN where the prior is capped and the posterior carries no player information
002022,shots_on_goal_pct,36.0,56.0,0.6428571428571429,0.6332719765670254,-0.00958516629011752,0.6262743037309512,76.70683165972486,0.42198279696398944,False,84.03951758910146,48.66731407062339,0.5498328645189758,0.7129054905672092,0.16307262604823336,exact 95% beta posterior quantiles; NaN where the prior is capped and the posterior carries no player information
002023,shots_on_goal_pct,59.0,91.0,0.6483516483516484,0.638253770164136,-0.010097878187512399,0.6262743037309512,76.70683165972486,0.5426135542566203,True,107.03951758910146,60.66731407062339,0.5642893776239362,0.7090943694056477,0.14480499178171158,exact 95% beta posterior quantiles; NaN where the prior is capped and the posterior carries no player information
002024,shots_on_goal_pct,144.0,207.0,0.6956521739130435,0.6768942308003064,-0.01875794311273704,0.6262743037309512,76.70683165972486,0.729626420305147,True,192.03951758910148,91.66731407062339,0.621440429444192,0.7299856753961649,0.1085452459519729,exact 95% beta posterior quantiles; NaN where the prior is capped and the posterior carries no player information
002025,shots_on_goal_pct,15.0,24.0,0.625,0.62597061738675,0.0009706173867499723,0.6262743037309512,76.70683165972486,0.2383155105215984,False,63.039517589101465,37.66731407062339,0.5297851104696747,0.7174156687397044,0.18763055827002972,exact 95% beta posterior quantiles; NaN where the prior is capped and the posterior carries no player information
002026,shots_on_goal_pct,2.0,8.0,0.25,0.5907376844185935,0.34073768441859353,0.6262743037309512,76.70683165972486,0.09444338600854223,False,50.039517589101465,34.66731407062339,0.4848902458616067,0.6925249328196514,0.20763468695804477,exact 95% beta posterior quantiles; NaN where the prior is capped and the posterior carries no player information
002027,shots_on_goal_pct,17.0,30.0,0.5666666666666667,0.6095159661051937,0.042849299438527,0.6262743037309512,76.70683165972486,0.28114413607243405,False,65.03951758910146,41.66731407062339,0.5156374555954244,0.6995048238604795,0.18386736826505512,exact 95% beta posterior quantiles; NaN where the prior is capped and the posterior carries no player information
002028,shots_on_goal_pct,166.0,302.0,0.5496688741721855,0.5651852559697681,0.015516381797582635,0.6262743037309512,76.70683165972486,0.7974506260593488,True,214.03951758910148,164.66731407062338,0.5150256124616135,0.6146926926157903,0.0996670801541768,exact 95% beta posterior quantiles; NaN where the prior is capped and the posterior carries no player information
002029,shots_on_goal_pct,6.0,17.0,0.35294117647058826,0.576687063599949,0.22374588712936078,0.6262743037309512,76.70683165972486,0.18141686896139708,False,54.039517589101465,39.66731407062339,0.4758656039193738,0.674406625010306,0.1985410210909322,exact 95% beta posterior quantiles; NaN where the prior is capped and the posterior carries no player information
002030,shots_on_goal_pct,62.0,83.0,0.7469879518072289,0.6890094584278915,-0.05797849337933736,0.6262743037309512,76.70683165972486,0.5197022515407591,True,110.03951758910146,49.66731407062339,0.615321306308033,0.7582137516292278,0.14289244532119483,exact 95% beta posterior quantiles; NaN where the prior is capped and the posterior carries no player information
002031,shots_on_goal_pct,0.0,1.0,0.0,0.6182148539971957,0.6182148539971957,0.6262743037309512,76.70683165972486,0.012868881392294572,False,48.039517589101465,29.66731407062339,0.508328892494319,0.722335008875234,0.21400611638091505,exact 95% beta posterior quantiles; NaN where the prior is capped and the posterior carries no player information
002032,shots_on_goal_pct,12.0,26.0,0.46153846153846156,0.5845718012996128,0.12303333976115127,0.6262743037309512,76.70683165972486,0.2531477174385038,False,60.039517589101465,42.66731407062339,0.48837492053280585,0.6776477631938178,0.18927284266101196,exact 95% beta posterior quantiles; NaN where the prior is capped and the posterior carries no player information
002033,shots_on_goal_pct,46.0,73.0,0.6301369863013698,0.6281578238383133,-0.0019791624630565163,0.6262743037309512,76.70683165972486,0.4876196977164333,False,94.03951758910146,55.66731407062339,0.5494978992210235,0.703573774168035,0.15407587494701147,exact 95% beta posterior quantiles; NaN where the prior is capped and the posterior carries no player information
002034,shots_on_goal_pct,26.0,40.0,0.65,0.6344060286459842,-0.015593971354015856,0.6262743037309512,76.70683165972486,0.342739147581571,False,74.03951758910146,42.66731407062339,0.5454015622672159,0.7190462613070849,0.173644699039869,exact 95% beta posterior quantiles; NaN where the prior is capped and the posterior carries no player information
002036,shots_on_goal_pct,3.0,5.0,0.6,0.6246664636521452,0.0246664636521452,0.6262743037309512,76.70683165972486,0.061194393399354056,False,51.039517589101465,30.66731407062339,0.5177259719639551,0.7258243692049291,0.208098397240974,exact 95% beta posterior quantiles; NaN where the prior is capped and the posterior carries no player information
002038,shots_on_goal_pct,2.0,3.0,0.6666666666666666,0.6277945885833771,-0.03887207808328952,0.6262743037309512,76.70683165972486,0.03763792811144785,False,50.039517589101465,29.66731407062339,0.51961294960347,0.7298998594924342,0.21028690988896415,exact 95% beta posterior quantiles; NaN where the prior is capped and the posterior carries no player information
002039,shots_on_goal_pct,1.0,1.0,1.0,0.6310837353894903,-0.36891626461050975,0.6262743037309512,76.70683165972486,0.012868881392294572,False,49.039517589101465,28.66731407062339,0.5216206704790238,0.734153688972583,0.2125330184935592,exact 95% beta posterior quantiles; NaN where the prior is capped and the posterior carries no player information
002040,shots_on_goal_pct,12.0,20.0,0.6,0.6208404986356916,0.020840498635691596,0.6262743037309512,76.70683165972486,0.2068106219255793,False,60.039517589101465,36.66731407062339,0.5225054952607024,0.7144398863019887,0.1919343910412863,exact 95% beta posterior quantiles; NaN where the prior is capped and the posterior carries no player information
002042,shots_on_goal_pct,5.0,9.0,0.5555555555555556,0.6188481893681489,0.06329263381259331,0.6262743037309512,76.70683165972486,0.10500913201099298,False,53.039517589101465,32.66731407062339,0.5142761708411854,0.7181647161196452,0.2038885452784598,exact 95% beta posterior quantiles; NaN where the prior is capped and the posterior carries no player information
002043,shots_on_goal_pct,22.0,34.0,0.6470588235294118,0.6326575924815473,-0.014401231047864504,0.6262743037309512,76.70683165972486,0.30711745147313435,False,70.03951758910146,40.66731407062339,0.5411834489495959,0.719590754393721,0.17840730544412509,exact 95% beta posterior quantiles; NaN where the prior is capped and the posterior carries no player information
002046,shots_on_goal_pct,2.0,4.0,0.5,0.620015884158078,0.12001588415807796,0.6262743037309512,76.70683165972486,0.04956209923919143,False,50.039517589101465,30.66731407062339,0.5122617853048723,0.7221340125834104,0.20987222727853805,exact 95% beta posterior quantiles; NaN where the prior is capped and the posterior carries no player information
002047,shots_on_goal_pct,1.0,3.0,0.3333333333333333,0.6152486125462279,0.28191527921289455,0.6262743037309512,76.70683165972486,0.03763792811144785,False,49.039517589101465,30.66731407062339,0.5066750257101376,0.7183420815563295,0.21166705584619194,exact 95% beta posterior quantiles; NaN where the prior is capped and the posterior carries no player information
002049,shots_on_goal_pct,8.0,14.0,0.5714285714285714,0.6178092274165918,0.046380655988020436,0.6262743037309512,76.70683165972486,0.1543433911628533,False,56.039517589101465,34.66731407062339,0.5161543272843119,0.7145417903375346,0.19838746305322275,exact 95% beta posterior quantiles; NaN where the prior is capped and the posterior carries no player information
002051,shots_on_goal_pct,15.0,19.0,0.7894736842105263,0.6586731218230226,-0.1308005623875037,0.6262743037309512,76.70683165972486,0.19852292329091425,False,63.039517589101465,32.66731407062339,0.5612808639125433,0.7497831353393849,0.18850227142684162,exact 95% beta posterior quantiles; NaN where the prior is capped and the posterior carries no player information
002054,shots_on_goal_pct,11.0,16.0,0.6875,0.6368410669647588,-0.05065893303524116,0.6262743037309512,76.70683165972486,0.17258706519846442,False,59.039517589101465,33.66731407062339,0.5369294393167365,0.7311589395685587,0.19422950025182217,exact 95% beta posterior quantiles; NaN where the prior is capped and the posterior carries no player information
002056,shots_on_goal_pct,1.0,1.0,1.0,0.6310837353894903,-0.36891626461050975,0.6262743037309512,76.70683165972486,0.012868881392294572,False,49.039517589101465,28.66731407062339,0.5216206704790238,0.734153688972583,0.2125330184935592,exact 95% beta posterior quantiles; NaN where the prior is capped and the posterior carries no player information
002059,shots_on_goal_pct,0.0,2.0,0.0,0.6103602009644077,0.6103602009644077,0.6262743037309512,76.70683165972486,0.025410754795043056,False,48.039517589101465,30.66731407062339,0.5009616617753636,0.7144442787102889,0.21348261693492532,exact 95% beta posterior quantiles; NaN where the prior is capped and the posterior carries no player information
002062,shots_on_goal_pct,2.0,2.0,1.0,0.6357709557594508,-0.36422904424054925,0.6262743037309512,76.70683165972486,0.025410754795043056,False,50.039517589101465,28.66731407062339,0.5271868849231396,0.7378176048223395,0.2106307198991999,exact 95% beta posterior quantiles; NaN where the prior is capped and the posterior carries no player information
002063,shots_on_goal_pct,4.0,4.0,1.0,0.6447969337776737,-0.35520306622232634,0.6262743037309512,76.70683165972486,0.04956209923919143,False,52.039517589101465,28.66731407062339,0.5379464936850127,0.7448484506167006,0.2069019569316879,exact 95% beta posterior quantiles; NaN where the prior is capped and the posterior carries no player information
002064,shots_on_goal_pct,6.0,9.0,0.6666666666666666,0.6305158707027037,-0.03615079596396298,0.6262743037309512,76.70683165972486,0.10500913201099298,False,54.039517589101465,31.66731407062339,0.5263220719934907,0.7289384975738358,0.2026164255803451,exact 95% beta posterior quantiles; NaN where the prior is capped and the posterior carries no player information
002065,shots_on_goal_pct,8.0,13.0,0.6153846153846154,0.6246962082182331,0.00931159283361771,0.6262743037309512,76.70683165972486,0.1449164992172668,False,56.039517589101465,33.66731407062339,0.5226823477132712,0.7214420173258986,0.19875966961262748,exact 95% beta posterior quantiles; NaN where the prior is capped and the posterior carries no player information
002067,shots_on_goal_pct,24.0,45.0,0.5333333333333333,0.5919102207057185,0.0585768873723852,0.6262743037309512,76.70683165972486,0.36974095362053017,False,72.03951758910146,49.66731407062339,0.5036809342273045,0.6772774614219088,0.17359652719460428,exact 95% beta posterior quantiles; NaN where the prior is capped and the posterior carries no player information
002072,shots_on_goal_pct,0.0,1.0,0.0,0.6182148539971957,0.6182148539971957,0.6262743037309512,76.70683165972486,0.012868881392294572,False,48.039517589101465,29.66731407062339,0.508328892494319,0.722335008875234,0.21400611638091505,exact 95% beta posterior quantiles; NaN where the prior is capped and the posterior carries no player information
002074,shots_on_goal_pct,1.0,2.0,0.5,0.6230655783619292,0.12306557836192922,0.6262743037309512,76.70683165972486,0.025410754795043056,False,49.039517589101465,29.66731407062339,0.5140350535803009,0.7261701073439326,0.21213505376363173,exact 95% beta posterior quantiles; NaN where the prior is capped and the posterior carries no player information
003003,shots_on_goal_pct,4.0,5.0,0.8,0.636905342332016,-0.16309465766798403,0.6262743037309512,76.70683165972486,0.061194393399354056,False,52.039517589101465,29.66731407062339,0.5304003741184715,0.7370603754825424,0.20666000136407092,exact 95% beta posterior quantiles; NaN where the prior is capped and the posterior carries no player information
003004,shots_on_goal_pct,18.0,37.0,0.4864864864864865,0.5807875975889386,0.0943011111024521,0.6262743037309512,76.70683165972486,0.3253982145129584,False,66.03951758910146,47.66731407062339,0.48932070590672083,0.6695616928918753,0.18024098698515445,exact 95% beta posterior quantiles; NaN where the prior is capped and the posterior carries no player information
003005,shots_on_goal_pct,15.0,21.0,0.7142857142857143,0.6451904797061043,-0.06909523457960998,0.6262743037309512,76.70683165972486,0.21492867636047075,False,63.039517589101465,34.66731407062339,0.5482255628739949,0.736524293984985,0.18829873111099005,exact 95% beta posterior quantiles; NaN where the prior is capped and the posterior carries no player information
003006,shots_on_goal_pct,19.0,30.0,0.6333333333333333,0.6282589085100226,-0.005074424823310664,0.6262743037309512,76.70683165972486,0.28114413607243405,False,67.03951758910146,39.66731407062339,0.5349183640500996,0.7170443659706507,0.18212600192055106,exact 95% beta posterior quantiles; NaN where the prior is capped and the posterior carries no player information
003007,shots_on_goal_pct,6.0,12.0,0.5,0.6091922862986975,0.10919228629869748,0.6262743037309512,76.70683165972486,0.13527706688963284,False,54.039517589101465,34.66731407062339,0.5061543115589302,0.7075649350590538,0.20141062350012362,exact 95% beta posterior quantiles; NaN where the prior is capped and the posterior carries no player information
003008,shots_on_goal_pct,1.0,2.0,0.5,0.6230655783619292,0.12306557836192922,0.6262743037309512,76.70683165972486,0.025410754795043056,False,49.039517589101465,29.66731407062339,0.5140350535803009,0.7261701073439326,0.21213505376363173,exact 95% beta posterior quantiles; NaN where the prior is capped and the posterior carries no player information
003009,shots_on_goal_pct,10.0,24.0,0.4166666666666667,0.5763215526947503,0.1596548860280836,0.6262743037309512,76.70683165972486,0.2383155105215984,False,58.039517589101465,42.66731407062339,0.4790645584871527,0.6707060840271879,0.19164152554003522,exact 95% beta posterior quantiles; NaN where the prior is capped and the posterior carries no player information
003010,shots_on_goal_pct,165.0,235.0,0.7021276595744681,0.6834611755371032,-0.018666484037364928,0.6262743037309512,76.70683165972486,0.7539135371166265,True,213.03951758910148,98.66731407062339,0.6308377114182804,0.7338547010731418,0.10301698965486139,exact 95% beta posterior quantiles; NaN where the prior is capped and the posterior carries no player information
003011,shots_on_goal_pct,4.0,6.0,0.6666666666666666,0.6292045837664795,-0.037462082900187155,0.6262743037309512,76.70683165972486,0.07254539775729042,False,52.039517589101465,30.66731407062339,0.523071456438629,0.7294172167021316,0.2063457602635026,exact 95% beta posterior quantiles; NaN where the prior is capped and the posterior carries no player information
003013,shots_on_goal_pct,129.0,198.0,0.6515151515151515,0.6444671088791764,-0.007048042635975138,0.6262743037309512,76.70683165972486,0.7207683871701435,True,177.03951758910148,97.66731407062339,0.5870188484841492,0.6999227440392133,0.11290389555506408,exact 95% beta posterior quantiles; NaN where the prior is capped and the posterior carries no player information
003015,shots_on_goal_pct,1.0,3.0,0.3333333333333333,0.6152486125462279,0.28191527921289455,0.6262743037309512,76.70683165972486,0.03763792811144785,False,49.039517589101465,30.66731407062339,0.5066750257101376,0.7183420815563295,0.21166705584619194,exact 95% beta posterior quantiles; NaN where the prior is capped and the posterior carries no player information
003016,shots_on_goal_pct,58.0,99.0,0.5858585858585859,0.603502530820534,0.0176439449619481,0.6262743037309512,76.70683165972486,0.5634385360253045,True,106.03951758910146,69.66731407062339,0.5303560201136861,0.6744167899305467,0.14406076981686056,exact 95% beta posterior quantiles; NaN where the prior is capped and the posterior carries no player information
003017,shots_on_goal_pct,47.0,69.0,0.6811594202898551,0.6522653502688958,-0.02889407002095934,0.6262743037309512,76.70683165972486,0.473553636531872,False,95.03951758910146,50.66731407062339,0.5733518392953556,0.7272190990915988,0.15386725979624316,exact 95% beta posterior quantiles; NaN where the prior is capped and the posterior carries no player information
003018,shots_on_goal_pct,11.0,22.0,0.5,0.598130003732976,0.09813000373297598,0.6262743037309512,76.70683165972486,0.22288224259736436,False,59.039517589101465,39.66731407062339,0.5002357735356782,0.6922563066764269,0.19202053314074874,exact 95% beta posterior quantiles; NaN where the prior is capped and the posterior carries no player information
003019,shots_on_goal_pct,72.0,117.0,0.6153846153846154,0.6196968716104392,0.004312256225823763,0.6262743037309512,76.70683165972486,0.6040055427963845,True,120.03951758910146,73.66731407062339,0.5504198097914923,0.6866324026777875,0.13621259288629517,exact 95% beta posterior quantiles; NaN where the prior is capped and the posterior carries no player information
003020,shots_on_goal_pct,0.0,1.0,0.0,0.6182148539971957,0.6182148539971957,0.6262743037309512,76.70683165972486,0.012868881392294572,False,48.039517589101465,29.66731407062339,0.508328892494319,0.722335008875234,0.21400611638091505,exact 95% beta posterior quantiles; NaN where the prior is capped and the posterior carries no player information
003021,shots_on_goal_pct,10.0,14.0,0.7142857142857143,0.6398582832969995,-0.07442743098871485,0.6262743037309512,76.70683165972486,0.1543433911628533,False,58.039517589101465,32.66731407062339,0.5389533175330143,0.7349201553442981,0.19596683781128377,exact 95% beta posterior quantiles; NaN where the prior is capped and the posterior carries no player information
003022,shots_on_goal_pct,69.0,114.0,0.6052631578947368,0.6137143413820287,0.008451183487291902,0.6262743037309512,76.70683165972486,0.5977761730288109,True,117.03951758910146,73.66731407062339,0.5437449559976812,0.6814242062682752,0.1376792502705939,exact 95% beta posterior quantiles; NaN where the prior is capped and the posterior carries no player information
003023,shots_on_goal_pct,18.0,31.0,0.5806451612903226,0.6131414003313944,0.032496239041071795,0.6262743037309512,76.70683165972486,0.287818326120087,False,66.03951758910146,41.66731407062339,0.519795495114522,0.7025062466564123,0.1827107515418902,exact 95% beta posterior quantiles; NaN where the prior is capped and the posterior carries no player information
003024,shots_on_goal_pct,29.0,57.0,0.5087719298245614,0.5761823583192967,0.06741042849473522,0.6262743037309512,76.70683165972486,0.4263058161834339,False,77.03951758910146,56.66731407062339,0.4917920040606987,0.6584133370488416,0.16662133298814297,exact 95% beta posterior quantiles; NaN where the prior is capped and the posterior carries no player information
003025,shots_on_goal_pct,50.0,67.0,0.746268656716418,0.6822189067618135,-0.06404974995460444,0.6262743037309512,76.70683165972486,0.4662269651775877,False,98.03951758910146,45.66731407062339,0.6040946781577077,0.7555389565241057,0.15144427836639807,exact 95% beta posterior quantiles; NaN where the prior is capped and the posterior carries no player information
003027,shots_on_goal_pct,40.0,59.0,0.6779661016949152,0.6487478670923085,-0.029218234602606752,0.6262743037309512,76.70683165972486,0.43476072116942693,False,88.03951758910146,47.66731407062339,0.5667967176123057,0.7265456023451407,0.159748884732835,exact 95% beta posterior quantiles; NaN where the prior is capped and the posterior carries no player information
003028,shots_on_goal_pct,1.0,5.0,0.2,0.6001887062924036,0.4001887062924036,0.6262743037309512,76.70683165972486,0.061194393399354056,False,49.039517589101465,32.66731407062339,0.49259068924584426,0.7031391068885569,0.2105484176427126,exact 95% beta posterior quantiles; NaN where the prior is capped and the posterior carries no player information
003029,shots_on_goal_pct,5.0,10.0,0.5,0.6117109410392424,0.1117109410392424,0.6262743037309512,76.70683165972486,0.11533116605210912,False,53.039517589101465,33.66731407062339,0.5075487645517569,0.7109900979266968,0.20344133337493986,exact 95% beta posterior quantiles; NaN where the prior is capped and the posterior carries no player information
003031,shots_on_goal_pct,63.0,96.0,0.65625,0.6429364520326374,-0.013313547967362616,0.6262743037309512,76.70683165972486,0.5558552552752732,True,111.03951758910146,61.66731407062339,0.5702171941811685,0.7125196585257072,0.14230246434453875,exact 95% beta posterior quantiles; NaN where the prior is capped and the posterior carries no player information
003032,shots_on_goal_pct,12.0,17.0,0.7058823529411765,0.6407165467627951,-0.06516580617838141,0.6262743037309512,76.70683165972486,0.18141686896139708,False,60.039517589101465,33.66731407062339,0.5414944659278262,0.7342479381768499,0.19275347224902362,exact 95% beta posterior quantiles; NaN where the prior is capped and the posterior carries no player information
003033,shots_on_goal_pct,14.0,25.0,0.56,0.6099837796212528,0.04998377962125278,0.6262743037309512,76.70683165972486,0.24580453045318698,False,62.039517589101465,39.66731407062339,0.513820474530803,0.7020487358968239,0.1882282613660209,exact 95% beta posterior quantiles; NaN where the prior is capped and the posterior carries no player information
003039,shots_on_goal_pct,10.0,16.0,0.625,0.6260543753898549,0.001054375389854867,0.6262743037309512,76.70683165972486,0.17258706519846442,False,58.039517589101465,34.66731407062339,0.5257647890539374,0.7211909247271251,0.19542613567318767,exact 95% beta posterior quantiles; NaN where the prior is capped and the posterior carries no player information
003041,shots_on_goal_pct,17.0,23.0,0.7391304347826086,0.6523075350650546,-0.08682289971755408,0.6262743037309512,76.70683165972486,0.23067626979155653,False,65.03951758910146,34.66731407062339,0.5566340497753117,0.7421925702074077,0.18555852043209597,exact 95% beta posterior quantiles; NaN where the prior is capped and the posterior carries no player information
003045,shots_on_goal_pct,0.0,1.0,0.0,0.6182148539971957,0.6182148539971957,0.6262743037309512,76.70683165972486,0.012868881392294572,False,48.039517589101465,29.66731407062339,0.508328892494319,0.722335008875234,0.21400611638091505,exact 95% beta posterior quantiles; NaN where the prior is capped and the posterior carries no player information
003047,shots_on_goal_pct,1.0,2.0,0.5,0.6230655783619292,0.12306557836192922,0.6262743037309512,76.70683165972486,0.025410754795043056,False,49.039517589101465,29.66731407062339,0.5140350535803009,0.7261701073439326,0.21213505376363173,exact 95% beta posterior quantiles; NaN where the prior is capped and the posterior carries no player information
003048,shots_on_goal_pct,164.0,245.0,0.6693877551020408,0.6591079104387174,-0.010279844663323434,0.6262743037309512,76.70683165972486,0.7615629383311976,True,212.03951758910148,109.66731407062339,0.6064946495171171,0.7098472857906017,0.10335263627348468,exact 95% beta posterior quantiles; NaN where the prior is capped and the posterior carries no player information
003049,shots_on_goal_pct,1.0,1.0,1.0,0.6310837353894903,-0.36891626461050975,0.6262743037309512,76.70683165972486,0.012868881392294572,False,49.039517589101465,28.66731407062339,0.5216206704790238,0.734153688972583,0.2125330184935592,exact 95% beta posterior quantiles; NaN where the prior is capped and the posterior carries no player information
003052,shots_on_goal_pct,3.0,3.0,1.0,0.6403405646205265,-0.35965943537947354,0.6262743037309512,76.70683165972486,0.03763792811144785,False,51.039517589101465,28.66731407062339,0.5326274617982563,0.7413811579172034,0.20875369611894712,exact 95% beta posterior quantiles; NaN where the prior is capped and the posterior carries no player information
003054,shots_on_goal_pct,3.0,4.0,0.75,0.6324064089678758,-0.11759359103212419,0.6262743037309512,76.70683165972486,0.04956209923919143,False,51.039517589101465,29.66731407062339,0.5250667296641041,0.7335285869485233,0.20846185728441924,exact 95% beta posterior quantiles; NaN where the prior is capped and the posterior carries no player information
003059,shots_on_goal_pct,0.0,3.0,0.0,0.6027026365090785,0.6027026365090785,0.6262743037309512,76.70683165972486,0.03763792811144785,False,48.039517589101465,31.66731407062339,0.4938121949962806,0.7067093042714987,0.2128971092752181,exact 95% beta posterior quantiles; NaN where the prior is capped and the posterior carries no player information
003066,shots_on_goal_pct,2.0,3.0,0.6666666666666666,0.6277945885833771,-0.03887207808328952,0.6262743037309512,76.70683165972486,0.03763792811144785,False,50.039517589101465,29.66731407062339,0.51961294960347,0.7298998594924342,0.21028690988896415,exact 95% beta posterior quantiles; NaN where the prior is capped and the posterior carries no player information
003068,shots_on_goal_pct,6.0,12.0,0.5,0.6091922862986975,0.10919228629869748,0.6262743037309512,76.70683165972486,0.13527706688963284,False,54.039517589101465,34.66731407062339,0.5061543115589302,0.7075649350590538,0.20141062350012362,exact 95% beta posterior quantiles; NaN where the prior is capped and the posterior carries no player information
003069,shots_on_goal_pct,1.0,2.0,0.5,0.6230655783619292,0.12306557836192922,0.6262743037309512,76.70683165972486,0.025410754795043056,False,49.039517589101465,29.66731407062339,0.5140350535803009,0.7261701073439326,0.21213505376363173,exact 95% beta posterior quantiles; NaN where the prior is capped and the posterior carries no player information
003070,shots_on_goal_pct,12.0,16.0,0.75,0.6476277585396629,-0.10237224146033708,0.6262743037309512,76.70683165972486,0.17258706519846442,False,60.039517589101465,32.66731407062339,0.5481473993568216,0.7410737099999096,0.19292631064308807,exact 95% beta posterior quantiles; NaN where the prior is capped and the posterior carries no player information
003072,shots_on_goal_pct,5.0,11.0,0.45454545454545453,0.6047364451024551,0.15019099055700053,0.6262743037309512,76.70683165972486,0.12541782426569195,False,53.039517589101465,34.66731407062339,0.5010009794204962,0.703945863962872,0.2029448845423758,exact 95% beta posterior quantiles; NaN where the prior is capped and the posterior carries no player information
003075,shots_on_goal_pct,165.0,294.0,0.5612244897959183,0.5746846278372673,0.013460138041348935,0.6262743037309512,76.70683165972486,0.7930795304842541,True,213.03951758910148,157.66731407062338,0.5240732170932461,0.6245326616044622,0.10045944451121613,exact 95% beta posterior quantiles; NaN where the prior is capped and the posterior carries no player information
003076,shots_on_goal_pct,97.0,129.0,0.751937984496124,0.7050787590225601,-0.046859225473563915,0.6262743037309512,76.70683165972486,0.62710605651342,True,145.03951758910148,60.66731407062339,0.6411112734640483,0.7652692854462657,0.12415801198221743,exact 95% beta posterior quantiles; NaN where the prior is capped and the posterior carries no player information
003077,shots_on_goal_pct,8.0,15.0,0.5333333333333333,0.611072442204025,0.07773910887069169,0.6262743037309512,76.70683165972486,0.16356469554696862,False,56.039517589101465,35.66731407062339,0.509792953467695,0.7077615864400286,0.19796863297233358,exact 95% beta posterior quantiles; NaN where the prior is capped and the posterior carries no player information
003078,shots_on_goal_pct,95.0,157.0,0.6050955414012739,0.6120467962929119,0.006951254891638059,0.6262743037309512,76.70683165972486,0.6717818169243365,True,143.03951758910148,90.66731407062339,0.5488599572272506,0.6734169411647599,0.12455698393750936,exact 95% beta posterior quantiles; NaN where the prior is capped and the posterior carries no player information
003079,shots_on_goal_pct,0.0,5.0,0.0,0.5879498276125328,0.5879498276125328,0.6262743037309512,76.70683165972486,0.061194393399354056,False,48.039517589101465,33.66731407062339,0.4801273265911732,0.6916923086100724,0.21156498201889917,exact 95% beta posterior quantiles; NaN where the prior is capped and the posterior carries no player information
003080,shots_on_goal_pct,121.0,179.0,0.6759776536312849,0.6610676628853092,-0.014909990745975765,0.6262743037309512,76.70683165972486,0.7000204055486462,True,169.03951758910148,86.66731407062339,0.6020275064802263,0.7177212015667465,0.11569369508652017,exact 95% beta posterior quantiles; NaN where the prior is capped and the posterior carries no player information
003081,shots_on_goal_pct,102.0,142.0,0.7183098591549296,0.6860303194485509,-0.03227953970637876,0.6262743037309512,76.70683165972486,0.6492709849179782,True,150.03951758910148,68.66731407062339,0.6231263132940512,0.7457116463629063,0.1225853330688551,exact 95% beta posterior quantiles; NaN where the prior is capped and the posterior carries no player information
003082,shots_on_goal_pct,20.0,39.0,0.5128205128205128,0.5880337108287151,0.07521319800820236,0.6262743037309512,76.70683165972486,0.3370587496051462,False,68.03951758910146,47.66731407062339,0.49746999770286493,0.6757138753600884,0.1782438776572235,exact 95% beta posterior quantiles; NaN where the prior is capped and the posterior carries no player information
003083,shots_on_goal_pct,26.0,46.0,0.5652173913043478,0.6033854561123259,0.038168064807978075,0.6262743037309512,76.70683165972486,0.37487725318800025,False,74.03951758910146,48.66731407062339,0.5157451684644911,0.6878326821897645,0.1720875137252733,exact 95% beta posterior quantiles; NaN where the prior is capped and the posterior carries no player information
003084,shots_on_goal_pct,49.0,79.0,0.620253164556962,0.6232193960581481,0.002966231501186134,0.6262743037309512,76.70683165972486,0.5073637370815127,True,97.03951758910146,58.66731407062339,0.5459651196433697,0.6974748759239446,0.15150975628057495,exact 95% beta posterior quantiles; NaN where the prior is capped and the posterior carries no player information
003085,shots_on_goal_pct,95.0,163.0,0.5828220858895705,0.5967269126152934,0.013904826725722907,0.6262743037309512,76.70683165972486,0.6799973070078628,True,143.03951758910148,96.66731407062339,0.5340493783296552,0.6578753801586572,0.12382600182900205,exact 95% beta posterior quantiles; NaN where the prior is capped and the posterior carries no player information
003086,shots_on_goal_pct,15.0,26.0,0.5769230769230769,0.6137811533117479,0.036858076388671,0.6262743037309512,76.70683165972486,0.2531477174385038,False,63.039517589101465,39.66731407062339,0.5181890846288297,0.7051747083605733,0.18698562373174354,exact 95% beta posterior quantiles; NaN where the prior is capped and the posterior carries no player information
003087,shots_on_goal_pct,12.0,19.0,0.631578947368421,0.6273273970928782,-0.004251550275542804,0.6262743037309512,76.70683165972486,0.19852292329091425,False,60.039517589101465,35.66731407062339,0.5286798161396291,0.7209331139165442,0.19225329777691513,exact 95% beta posterior quantiles; NaN where the prior is capped and the posterior carries no player information
003088,shots_on_goal_pct,22.0,39.0,0.5641025641025641,0.6053187749110303,0.04121621080846616,0.6262743037309512,76.70683165972486,0.3370587496051462,False,70.03951758910146,45.66731407062339,0.5150927571521606,0.692095198581228,0.1770024414290674,exact 95% beta posterior quantiles; NaN where the prior is capped and the posterior carries no player information
003089,shots_on_goal_pct,2.0,3.0,0.6666666666666666,0.6277945885833771,-0.03887207808328952,0.6262743037309512,76.70683165972486,0.03763792811144785,False,50.039517589101465,29.66731407062339,0.51961294960347,0.7298998594924342,0.21028690988896415,exact 95% beta posterior quantiles; NaN where the prior is capped and the posterior carries no player information
003090,shots_on_goal_pct,36.0,47.0,0.7659574468085106,0.6793441919219579,-0.08661325488655269,0.6262743037309512,76.70683165972486,0.37993051288615093,False,84.03951758910146,39.66731407062339,0.5948575639922637,0.758337913401192,0.1634803494089283,exact 95% beta posterior quantiles; NaN where the prior is capped and the posterior carries no player information
003091,shots_on_goal_pct,20.0,37.0,0.5405405405405406,0.5983766902653147,0.05783614972477413,0.6262743037309512,76.70683165972486,0.3253982145129584,False,68.03951758910146,45.66731407062339,0.5072055054770317,0.686268917605048,0.17906341212801635,exact 95% beta posterior quantiles; NaN where the prior is capped and the posterior carries no player information
003092,shots_on_goal_pct,48.0,73.0,0.6575342465753424,0.6415172676113662,-0.016016978963976247,0.6262743037309512,76.70683165972486,0.4876196977164333,False,96.03951758910146,53.66731407062339,0.563287722034147,0.7161647983302828,0.15287707629613578,exact 95% beta posterior quantiles; NaN where the prior is capped and the posterior carries no player information
003093,shots_on_goal_pct,87.0,138.0,0.6304347826086957,0.6289483969616625,-0.0014863856470331838,0.6262743037309512,76.70683165972486,0.6427368842119909,True,135.03951758910148,79.66731407062339,0.5634143110655714,0.6922067628765944,0.12879245181102306,exact 95% beta posterior quantiles; NaN where the prior is capped and the posterior carries no player information
003094,shots_on_goal_pct,67.0,108.0,0.6203703703703703,0.6228222126674361,0.0024518422970657427,0.6262743037309512,76.70683165972486,0.5847103706427189,True,115.03951758910146,69.66731407062339,0.5519420569471549,0.6911826207360718,0.13924056378891692,exact 95% beta posterior quantiles; NaN where the prior is capped and the posterior carries no player information
003095,shots_on_goal_pct,0.0,1.0,0.0,0.6182148539971957,0.6182148539971957,0.6262743037309512,76.70683165972486,0.012868881392294572,False,48.039517589101465,29.66731407062339,0.508328892494319,0.722335008875234,0.21400611638091505,exact 95% beta posterior quantiles; NaN where the prior is capped and the posterior carries no player information
003096,shots_on_goal_pct,2.0,3.0,0.6666666666666666,0.6277945885833771,-0.03887207808328952,0.6262743037309512,76.70683165972486,0.03763792811144785,False,50.039517589101465,29.66731407062339,0.51961294960347,0.7298998594924342,0.21028690988896415,exact 95% beta posterior quantiles; NaN where the prior is capped and the posterior carries no player information
003097,shots_on_goal_pct,0.0,1.0,0.0,0.6182148539971957,0.6182148539971957,0.6262743037309512,76.70683165972486,0.012868881392294572,False,48.039517589101465,29.66731407062339,0.508328892494319,0.722335008875234,0.21400611638091505,exact 95% beta posterior quantiles; NaN where the prior is capped and the posterior carries no player information
003098,shots_on_goal_pct,28.0,58.0,0.4827586206896552,0.5644815237075763,0.08172290301792112,0.6262743037309512,76.70683165972486,0.43056465129036997,False,76.03951758910146,58.66731407062339,0.4802895260218065,0.6468593487807084,0.16656982275890186,exact 95% beta posterior quantiles; NaN where the prior is capped and the posterior carries no player information
003099,shots_on_goal_pct,12.0,17.0,0.7058823529411765,0.6407165467627951,-0.06516580617838141,0.6262743037309512,76.70683165972486,0.18141686896139708,False,60.039517589101465,33.66731407062339,0.5414944659278262,0.7342479381768499,0.19275347224902362,exact 95% beta posterior quantiles; NaN where the prior is capped and the posterior carries no player information
003100,shots_on_goal_pct,91.0,130.0,0.7,0.672641133690175,-0.02735886630982498,0.6262743037309512,76.70683165972486,0.6289100314497706,True,139.03951758910148,67.66731407062339,0.6073235343501437,0.7347942624764983,0.12747072812635452,exact 95% beta posterior quantiles; NaN where the prior is capped and the posterior carries no player information
003101,shots_on_goal_pct,5.0,8.0,0.625,0.6261539541717969,0.001153954171796867,0.6262743037309512,76.70683165972486,0.09444338600854223,False,53.039517589101465,31.66731407062339,0.5211910985817667,0.7254725448729005,0.20428144629113376,exact 95% beta posterior quantiles; NaN where the prior is capped and the posterior carries no player information
003102,shots_on_goal_pct,1.0,2.0,0.5,0.6230655783619292,0.12306557836192922,0.6262743037309512,76.70683165972486,0.025410754795043056,False,49.039517589101465,29.66731407062339,0.5140350535803009,0.7261701073439326,0.21213505376363173,exact 95% beta posterior quantiles; NaN where the prior is capped and the posterior carries no player information
003103,shots_on_goal_pct,11.0,18.0,0.6111111111111112,0.6233923842075765,0.012281273096465317,0.6262743037309512,76.70683165972486,0.1900602066878635,False,59.039517589101465,35.66731407062339,0.5240933459426742,0.7177537038514856,0.19366035790881142,exact 95% beta posterior quantiles; NaN where the prior is capped and the posterior carries no player information
003104,shots_on_goal_pct,17.0,31.0,0.5483870967741935,0.6038569381984884,0.0554698414242949,0.6262743037309512,76.70683165972486,0.287818326120087,False,65.03951758910146,42.66731407062339,0.5102845687360968,0.6937748477503192,0.18349027901422232,exact 95% beta posterior quantiles; NaN where the prior is capped and the posterior carries no player information
003106,shots_on_goal_pct,75.0,112.0,0.6696428571428571,0.6520141136753632,-0.01762874346749388,0.6262743037309512,76.70683165972486,0.5935132237393387,True,123.03951758910146,65.66731407062339,0.5827948766236659,0.7181810137990396,0.13538613717537373,exact 95% beta posterior quantiles; NaN where the prior is capped and the posterior carries no player information
003115,shots_on_goal_pct,10.0,14.0,0.7142857142857143,0.6398582832969995,-0.07442743098871485,0.6262743037309512,76.70683165972486,0.1543433911628533,False,58.039517589101465,32.66731407062339,0.5389533175330143,0.7349201553442981,0.19596683781128377,exact 95% beta posterior quantiles; NaN where the prior is capped and the posterior carries no player information
003119,shots_on_goal_pct,9.0,27.0,0.3333333333333333,0.550007330049917,0.21667399671658366,0.6262743037309512,76.70683165972486,0.26034929008910807,False,57.039517589101465,46.66731407062339,0.45400413652532734,0.6441828221140895,0.19017868558876216,exact 95% beta posterior quantiles; NaN where the prior is capped and the posterior carries no player information
003120,shots_on_goal_pct,18.0,29.0,0.6206896551724138,0.6247421907572228,0.004052535584809003,0.6262743037309512,76.70683165972486,0.2743436686604356,False,66.03951758910146,39.66731407062339,0.530844069464365,0.7141681508801412,0.18332408141577616,exact 95% beta posterior quantiles; NaN where the prior is capped and the posterior carries no player information
003121,shots_on_goal_pct,13.0,22.0,0.5909090909090909,0.6183920257872819,0.02748293487819098,0.6262743037309512,76.70683165972486,0.22288224259736436,False,61.039517589101465,37.66731407062339,0.5209955540194642,0.711242828721879,0.19024727470241487,exact 95% beta posterior quantiles; NaN where the prior is capped and the posterior carries no player information
003126,shots_on_goal_pct,1.0,1.0,1.0,0.6310837353894903,-0.36891626461050975,0.6262743037309512,76.70683165972486,0.012868881392294572,False,49.039517589101465,28.66731407062339,0.5216206704790238,0.734153688972583,0.2125330184935592,exact 95% beta posterior quantiles; NaN where the prior is capped and the posterior carries no player information
003128,shots_on_goal_pct,2.0,2.0,1.0,0.6357709557594508,-0.36422904424054925,0.6262743037309512,76.70683165972486,0.025410754795043056,False,50.039517589101465,28.66731407062339,0.5271868849231396,0.7378176048223395,0.2106307198991999,exact 95% beta posterior quantiles; NaN where the prior is capped and the posterior carries no player information
003136,shots_on_goal_pct,1.0,4.0,0.25,0.6076253593482801,0.3576253593482801,0.6262743037309512,76.70683165972486,0.04956209923919143,False,49.039517589101465,31.66731407062339,0.49953015576465987,0.7106662178121042,0.21113606204744428,exact 95% beta posterior quantiles; NaN where the prior is capped and the posterior carries no player information
003142,shots_on_goal_pct,11.0,15.0,0.7333333333333333,0.6437853813134187,-0.08954795201991461,0.6262743037309512,76.70683165972486,0.16356469554696862,False,59.039517589101465,32.66731407062339,0.5435959007882047,0.7380333149631042,0.19443741417489946,exact 95% beta posterior quantiles; NaN where the prior is capped and the posterior carries no player information
003143,shots_on_goal_pct,9.0,11.0,0.8181818181818182,0.6503429266536157,-0.16783889152820253,0.6262743037309512,76.70683165972486,0.12541782426569195,False,57.039517589101465,30.66731407062339,0.5481434380926657,0.7460467321507167,0.19790329405805096,exact 95% beta posterior quantiles; NaN where the prior is capped and the posterior carries no player information
003145,shots_on_goal_pct,0.0,1.0,0.0,0.6182148539971957,0.6182148539971957,0.6262743037309512,76.70683165972486,0.012868881392294572,False,48.039517589101465,29.66731407062339,0.508328892494319,0.722335008875234,0.21400611638091505,exact 95% beta posterior quantiles; NaN where the prior is capped and the posterior carries no player information
003149,shots_on_goal_pct,18.0,22.0,0.8181818181818182,0.6690470809230465,-0.1491347372587717,0.6262743037309512,76.70683165972486,0.22288224259736436,False,66.03951758910146,32.66731407062339,0.5736825203348417,0.7579224359651562,0.1842399156303145,exact 95% beta posterior quantiles; NaN where the prior is capped and the posterior carries no player information
003151,shots_on_goal_pct,2.0,7.0,0.2857142857142857,0.5977949063048547,0.31208062059056896,0.6262743037309512,76.70683165972486,0.08362519356192545,False,50.039517589101465,33.66731407062339,0.4914460885047447,0.6997155443241354,0.20826945581939071,exact 95% beta posterior quantiles; NaN where the prior is capped and the posterior carries no player information
003153,shots_on_goal_pct,8.0,19.0,0.42105263157894735,0.5855330974526858,0.16448046587373844,0.6262743037309512,76.70683165972486,0.19852292329091425,False,56.039517589101465,39.66731407062339,0.48588709413888864,0.6817917782173026,0.195904684078414,exact 95% beta posterior quantiles; NaN where the prior is capped and the posterior carries no player information
003156,shots_on_goal_pct,60.0,92.0,0.6521739130434783,0.6403980000466903,-0.01177591299678793,0.6262743037309512,76.70683165972486,0.545324685994699,True,108.03951758910146,60.66731407062339,0.5667256855231244,0.7109168945171405,0.14419120899401605,exact 95% beta posterior quantiles; NaN where the prior is capped and the posterior carries no player information
003157,shots_on_goal_pct,36.0,54.0,0.6666666666666666,0.6429619364340912,-0.023704730232575466,0.6262743037309512,76.70683165972486,0.4131383135395761,False,84.03951758910146,46.66731407062339,0.5592163709516171,0.7225628478627186,0.1633464769111015,exact 95% beta posterior quantiles; NaN where the prior is capped and the posterior carries no player information
003159,shots_on_goal_pct,92.0,131.0,0.7022900763358778,0.674217195795085,-0.02807288054079282,0.6262743037309512,76.70683165972486,0.6306966359903385,True,140.03951758910148,67.66731407062339,0.6091246094729286,0.7361318104958627,0.12700720102293417,exact 95% beta posterior quantiles; NaN where the prior is capped and the posterior carries no player information
003160,shots_on_goal_pct,64.0,116.0,0.5517241379310345,0.581398783967021,0.029674646035986574,0.6262743037309512,76.70683165972486,0.6019506366272932,True,112.03951758910146,80.66731407062339,0.5112060848332476,0.6499908000987489,0.1387847152655013,exact 95% beta posterior quantiles; NaN where the prior is capped and the posterior carries no player information
003161,shots_on_goal_pct,35.0,55.0,0.6363636363636364,0.6304875498306778,-0.005876086532958569,0.6262743037309512,76.70683165972486,0.41759413165519693,False,83.03951758910146,48.66731407062339,0.5466385102190543,0.7105821768345777,0.1639436666155234,exact 95% beta posterior quantiles; NaN where the prior is capped and the posterior carries no player information
003162,shots_on_goal_pct,97.0,150.0,0.6466666666666666,0.639766858930825,-0.006899807735841645,0.6262743037309512,76.70683165972486,0.6616474629451934,True,145.03951758910148,81.66731407062339,0.5763116180023644,0.7008860743662808,0.1245744563639164,exact 95% beta posterior quantiles; NaN where the prior is capped and the posterior carries no player information
003163,shots_on_goal_pct,1.0,2.0,0.5,0.6230655783619292,0.12306557836192922,0.6262743037309512,76.70683165972486,0.025410754795043056,False,49.039517589101465,29.66731407062339,0.5140350535803009,0.7261701073439326,0.21213505376363173,exact 95% beta posterior quantiles; NaN where the prior is capped and the posterior carries no player information
003164,shots_on_goal_pct,89.0,138.0,0.644927536231884,0.6382634242690827,-0.006664111962801367,0.6262743037309512,76.70683165972486,0.6427368842119909,True,137.03951758910148,77.66731407062339,0.5729926959902514,0.701094076532172,0.12810138054192066,exact 95% beta posterior quantiles; NaN where the prior is capped and the posterior carries no player information
003165,shots_on_goal_pct,99.0,145.0,0.6827586206896552,0.6632159978488051,-0.019542622840850066,0.6262743037309512,76.70683165972486,0.6540168334665739,True,147.03951758910148,74.66731407062339,0.5998220322362613,0.7238206136098597,0.12399858137359843,exact 95% beta posterior quantiles; NaN where the prior is capped and the posterior carries no player information
003166,shots_on_goal_pct,63.0,102.0,0.6176470588235294,0.6213501552113658,0.003703096387836391,0.6262743037309512,76.70683165972486,0.5707672115983674,True,111.03951758910146,67.66731407062339,0.5492393242020626,0.6908878319954965,0.14164850779343396,exact 95% beta posterior quantiles; NaN where the prior is capped and the posterior carries no player information
003167,shots_on_goal_pct,39.0,54.0,0.7222222222222222,0.6659140649640676,-0.056308157258154634,0.6262743037309512,76.70683165972486,0.4131383135395761,False,87.03951758910146,43.66731407062339,0.5831143770192284,0.743904064380331,0.16078968736110255,exact 95% beta posterior quantiles; NaN where the prior is capped and the posterior carries no player information
003168,shots_on_goal_pct,115.0,171.0,0.672514619883041,0.6581954825253631,-0.014319137357677869,0.6262743037309512,76.70683165972486,0.6903321917051641,True,163.03951758910148,84.66731407062339,0.5980971225944813,0.7158740604936611,0.11777693789917976,exact 95% beta posterior quantiles; NaN where the prior is capped and the posterior carries no player information
003169,shots_on_goal_pct,3.0,4.0,0.75,0.6324064089678758,-0.11759359103212419,0.6262743037309512,76.70683165972486,0.04956209923919143,False,51.039517589101465,29.66731407062339,0.5250667296641041,0.7335285869485233,0.20846185728441924,exact 95% beta posterior quantiles; NaN where the prior is capped and the posterior carries no player information
003170,shots_on_goal_pct,54.0,83.0,0.6506024096385542,0.6389176751468545,-0.011684734491699711,0.6262743037309512,76.70683165972486,0.5197022515407591,True,102.03951758910146,57.66731407062339,0.5631220740906429,0.7114172365691047,0.14829516247846186,exact 95% beta posterior quantiles; NaN where the prior is capped and the posterior carries no player information
003171,shots_on_goal_pct,1.0,3.0,0.3333333333333333,0.6152486125462279,0.28191527921289455,0.6262743037309512,76.70683165972486,0.03763792811144785,False,49.039517589101465,30.66731407062339,0.5066750257101376,0.7183420815563295,0.21166705584619194,exact 95% beta posterior quantiles; NaN where the prior is capped and the posterior carries no player information
003172,shots_on_goal_pct,9.0,22.0,0.4090909090909091,0.5778679816786702,0.16877707258776103,0.6262743037309512,76.70683165972486,0.22288224259736436,False,57.039517589101465,41.66731407062339,0.47964798370958306,0.6730979221465532,0.19344993843697011,exact 95% beta posterior quantiles; NaN where the prior is capped and the posterior carries no player information
003173,shots_on_goal_pct,4.0,5.0,0.8,0.636905342332016,-0.16309465766798403,0.6262743037309512,76.70683165972486,0.061194393399354056,False,52.039517589101465,29.66731407062339,0.5304003741184715,0.7370603754825424,0.20666000136407092,exact 95% beta posterior quantiles; NaN where the prior is capped and the posterior carries no player information
003174,shots_on_goal_pct,66.0,117.0,0.5641025641025641,0.5887222283901118,0.024619664287547693,0.6262743037309512,76.70683165972486,0.6040055427963845,True,114.03951758910146,79.66731407062339,0.5188180853438098,0.6568906977481674,0.13807261240435764,exact 95% beta posterior quantiles; NaN where the prior is capped and the posterior carries no player information
003176,shots_on_goal_pct,0.0,5.0,0.0,0.5879498276125328,0.5879498276125328,0.6262743037309512,76.70683165972486,0.061194393399354056,False,48.039517589101465,33.66731407062339,0.4801273265911732,0.6916923086100724,0.21156498201889917,exact 95% beta posterior quantiles; NaN where the prior is capped and the posterior carries no player information
003177,shots_on_goal_pct,0.0,1.0,0.0,0.6182148539971957,0.6182148539971957,0.6262743037309512,76.70683165972486,0.012868881392294572,False,48.039517589101465,29.66731407062339,0.508328892494319,0.722335008875234,0.21400611638091505,exact 95% beta posterior quantiles; NaN where the prior is capped and the posterior carries no player information
003178,shots_on_goal_pct,5.0,7.0,0.7142857142857143,0.6336342749742513,-0.08065143931146301,0.6262743037309512,76.70683165972486,0.08362519356192545,False,53.039517589101465,30.66731407062339,0.5283019555208739,0.7329164040565956,0.20461444853572175,exact 95% beta posterior quantiles; NaN where the prior is capped and the posterior carries no player information
003179,shots_on_goal_pct,11.0,21.0,0.5238095238095238,0.6042516842088719,0.08044216039934804,0.6262743037309512,76.70683165972486,0.21492867636047075,False,59.039517589101465,38.66731407062339,0.5059875161095988,0.6984719540632796,0.19248443795368075,exact 95% beta posterior quantiles; NaN where the prior is capped and the posterior carries no player information
003180,shots_on_goal_pct,4.0,8.0,0.5,0.614348530920729,0.11434853092072905,0.6262743037309512,76.70683165972486,0.09444338600854223,False,52.039517589101465,32.66731407062339,0.5090267552004661,0.7145539973571431,0.20552724215667695,exact 95% beta posterior quantiles; NaN where the prior is capped and the posterior carries no player information
003181,shots_on_goal_pct,14.0,21.0,0.6666666666666666,0.6349557808317963,-0.03171088583487036,0.6262743037309512,76.70683165972486,0.21492867636047075,False,62.039517589101465,35.66731407062339,0.5375969457963947,0.7270802423299756,0.18948329653358087,exact 95% beta posterior quantiles; NaN where the prior is capped and the posterior carries no player information
003182,shots_on_goal_pct,0.0,1.0,0.0,0.6182148539971957,0.6182148539971957,0.6262743037309512,76.70683165972486,0.012868881392294572,False,48.039517589101465,29.66731407062339,0.508328892494319,0.722335008875234,0.21400611638091505,exact 95% beta posterior quantiles; NaN where the prior is capped and the posterior carries no player information
003183,shots_on_goal_pct,2.0,3.0,0.6666666666666666,0.6277945885833771,-0.03887207808328952,0.6262743037309512,76.70683165972486,0.03763792811144785,False,50.039517589101465,29.66731407062339,0.51961294960347,0.7298998594924342,0.21028690988896415,exact 95% beta posterior quantiles; NaN where the prior is capped and the posterior carries no player information
003184,shots_on_goal_pct,10.0,11.0,0.9090909090909091,0.661744547041406,-0.2473463620495031,0.6262743037309512,76.70683165972486,0.12541782426569195,False,58.039517589101465,29.66731407062339,0.5600829234754201,0.7564182894129772,0.19633536593755707,exact 95% beta posterior quantiles; NaN where the prior is capped and the posterior carries no player information
003186,shots_on_goal_pct,43.0,70.0,0.6142857142857143,0.620554043456276,0.006268329170561637,0.6262743037309512,76.70683165972486,0.477142060857531,False,91.03951758910146,55.66731407062339,0.540867315401556,0.6971268017950933,0.15625948639353737,exact 95% beta posterior quantiles; NaN where the prior is capped and the posterior carries no player information
003188,shots_on_goal_pct,3.0,7.0,0.42857142857142855,0.6097413625279869,0.1811699339565584,0.6262743037309512,76.70683165972486,0.08362519356192545,False,51.039517589101465,32.66731407062339,0.5036650719994213,0.7108487273508217,0.20718365535140038,exact 95% beta posterior quantiles; NaN where the prior is capped and the posterior carries no player information
003190,shots_on_goal_pct,0.0,1.0,0.0,0.6182148539971957,0.6182148539971957,0.6262743037309512,76.70683165972486,0.012868881392294572,False,48.039517589101465,29.66731407062339,0.508328892494319,0.722335008875234,0.21400611638091505,exact 95% beta posterior quantiles; NaN where the prior is capped and the posterior carries no player information
003192,shots_on_goal_pct,82.0,142.0,0.5774647887323944,0.5945837018544694,0.01711891312207503,0.6262743037309512,76.70683165972486,0.6492709849179782,True,130.03951758910148,88.66731407062339,0.5289105027040932,0.6586181181191932,0.1297076154151,exact 95% beta posterior quantiles; NaN where the prior is capped and the posterior carries no player information
003194,shots_on_goal_pct,1.0,1.0,1.0,0.6310837353894903,-0.36891626461050975,0.6262743037309512,76.70683165972486,0.012868881392294572,False,49.039517589101465,28.66731407062339,0.5216206704790238,0.734153688972583,0.2125330184935592,exact 95% beta posterior quantiles; NaN where the prior is capped and the posterior carries no player information
003195,shots_on_goal_pct,39.0,55.0,0.7090909090909091,0.660858032132874,-0.04823287695803513,0.6262743037309512,76.70683165972486,0.41759413165519693,False,87.03951758910146,44.66731407062339,0.5781529575760942,0.7389353090838995,0.1607823515078053,exact 95% beta posterior quantiles; NaN where the prior is capped and the posterior carries no player information
003199,shots_on_goal_pct,1.0,1.0,1.0,0.6310837353894903,-0.36891626461050975,0.6262743037309512,76.70683165972486,0.012868881392294572,False,49.039517589101465,28.66731407062339,0.5216206704790238,0.734153688972583,0.2125330184935592,exact 95% beta posterior quantiles; NaN where the prior is capped and the posterior carries no player information
003203,shots_on_goal_pct,10.0,16.0,0.625,0.6260543753898549,0.001054375389854867,0.6262743037309512,76.70683165972486,0.17258706519846442,False,58.039517589101465,34.66731407062339,0.5257647890539374,0.7211909247271251,0.19542613567318767,exact 95% beta posterior quantiles; NaN where the prior is capped and the posterior carries no player information
003206,shots_on_goal_pct,0.0,6.0,0.0,0.5808409852616192,0.5808409852616192,0.6262743037309512,76.70683165972486,0.07254539775729042,False,48.039517589101465,34.66731407062339,0.4735738477029372,0.6844031749351416,0.21082932723220438,exact 95% beta posterior quantiles; NaN where the prior is capped and the posterior carries no player information
003208,shots_on_goal_pct,2.0,4.0,0.5,0.620015884158078,0.12001588415807796,0.6262743037309512,76.70683165972486,0.04956209923919143,False,50.039517589101465,30.66731407062339,0.5122617853048723,0.7221340125834104,0.20987222727853805,exact 95% beta posterior quantiles; NaN where the prior is capped and the posterior carries no player information
003209,shots_on_goal_pct,2.0,4.0,0.5,0.620015884158078,0.12001588415807796,0.6262743037309512,76.70683165972486,0.04956209923919143,False,50.039517589101465,30.66731407062339,0.5122617853048723,0.7221340125834104,0.20987222727853805,exact 95% beta posterior quantiles; NaN where the prior is capped and the posterior carries no player information
003211,shots_on_goal_pct,41.0,56.0,0.7321428571428571,0.6709490120102387,-0.061193845132618385,0.6262743037309512,76.70683165972486,0.42198279696398944,False,89.03951758910146,43.66731407062339,0.5890214225219097,0.7479957389587071,0.15897431643679738,exact 95% beta posterior quantiles; NaN where the prior is capped and the posterior carries no player information
003212,shots_on_goal_pct,5.0,7.0,0.7142857142857143,0.6336342749742513,-0.08065143931146301,0.6262743037309512,76.70683165972486,0.08362519356192545,False,53.039517589101465,30.66731407062339,0.5283019555208739,0.7329164040565956,0.20461444853572175,exact 95% beta posterior quantiles; NaN where the prior is capped and the posterior carries no player information
003228,shots_on_goal_pct,0.0,1.0,0.0,0.6182148539971957,0.6182148539971957,0.6262743037309512,76.70683165972486,0.012868881392294572,False,48.039517589101465,29.66731407062339,0.508328892494319,0.722335008875234,0.21400611638091505,exact 95% beta posterior quantiles; NaN where the prior is capped and the posterior carries no player information
003232,shots_on_goal_pct,2.0,2.0,1.0,0.6357709557594508,-0.36422904424054925,0.6262743037309512,76.70683165972486,0.025410754795043056,False,50.039517589101465,28.66731407062339,0.5271868849231396,0.7378176048223395,0.2106307198991999,exact 95% beta posterior quantiles; NaN where the prior is capped and the posterior carries no player information
003238,shots_on_goal_pct,0.0,3.0,0.0,0.6027026365090785,0.6027026365090785,0.6262743037309512,76.70683165972486,0.03763792811144785,False,48.039517589101465,31.66731407062339,0.4938121949962806,0.7067093042714987,0.2128971092752181,exact 95% beta posterior quantiles; NaN where the prior is capped and the posterior carries no player information
003242,shots_on_goal_pct,0.0,1.0,0.0,0.6182148539971957,0.6182148539971957,0.6262743037309512,76.70683165972486,0.012868881392294572,False,48.039517589101465,29.66731407062339,0.508328892494319,0.722335008875234,0.21400611638091505,exact 95% beta posterior quantiles; NaN where the prior is capped and the posterior carries no player information
003248,shots_on_goal_pct,39.0,60.0,0.65,0.6366874027608976,-0.013312597239102386,0.6262743037309512,76.70683165972486,0.4388954031891047,False,87.03951758910146,49.66731407062339,0.5546057906758506,0.7149801474006381,0.1603743567247875,exact 95% beta posterior quantiles; NaN where the prior is capped and the posterior carries no player information
003249,shots_on_goal_pct,7.0,10.0,0.7,0.6347771742496642,-0.06522282575033578,0.6262743037309512,76.70683165972486,0.11533116605210912,False,55.039517589101465,31.66731407062339,0.5313462298654485,0.7323173718468752,0.20097114198142663,exact 95% beta posterior quantiles; NaN where the prior is capped and the posterior carries no player information
003250,shots_on_goal_pct,31.0,38.0,0.8157894736842105,0.6890567583940453,-0.12673271529016517,0.6262743037309512,76.70683165972486,0.33127930961188184,False,79.03951758910146,35.66731407062339,0.6017939563316759,0.770075175067177,0.16828121873550117,exact 95% beta posterior quantiles; NaN where the prior is capped and the posterior carries no player information
003251,shots_on_goal_pct,0.0,1.0,0.0,0.6182148539971957,0.6182148539971957,0.6262743037309512,76.70683165972486,0.012868881392294572,False,48.039517589101465,29.66731407062339,0.508328892494319,0.722335008875234,0.21400611638091505,exact 95% beta posterior quantiles; NaN where the prior is capped and the posterior carries no player information
003252,shots_on_goal_pct,22.0,44.0,0.5,0.5802448513149974,0.08024485131499737,0.6262743037309512,76.70683165972486,0.3645195503435708,False,70.03951758910146,50.66731407062339,0.4914686412375886,0.6665015104517806,0.17503286921419203,exact 95% beta posterior quantiles; NaN where the prior is capped and the posterior carries no player information
003253,shots_on_goal_pct,3.0,7.0,0.42857142857142855,0.6097413625279869,0.1811699339565584,0.6262743037309512,76.70683165972486,0.08362519356192545,False,51.039517589101465,32.66731407062339,0.5036650719994213,0.7108487273508217,0.20718365535140038,exact 95% beta posterior quantiles; NaN where the prior is capped and the posterior carries no player information
003254,shots_on_goal_pct,5.0,5.0,1.0,0.6491442210118868,-0.35085577898811315,0.6262743037309512,76.70683165972486,0.061194393399354056,False,53.039517589101465,28.66731407062339,0.543147904536454,0.7482233625778463,0.20507545804139227,exact 95% beta posterior quantiles; NaN where the prior is capped and the posterior carries no player information
003255,shots_on_goal_pct,0.0,1.0,0.0,0.6182148539971957,0.6182148539971957,0.6262743037309512,76.70683165972486,0.012868881392294572,False,48.039517589101465,29.66731407062339,0.508328892494319,0.722335008875234,0.21400611638091505,exact 95% beta posterior quantiles; NaN where the prior is capped and the posterior carries no player information
003256,shots_on_goal_pct,8.0,11.0,0.7272727272727273,0.6389413062658256,-0.08833142100690172,0.6262743037309512,76.70683165972486,0.12541782426569195,False,56.039517589101465,31.66731407062339,0.5362667863082606,0.7356124364596326,0.19934565015137196,exact 95% beta posterior quantiles; NaN where the prior is capped and the posterior carries no player information
003257,shots_on_goal_pct,26.0,40.0,0.65,0.6344060286459842,-0.015593971354015856,0.6262743037309512,76.70683165972486,0.342739147581571,False,74.03951758910146,42.66731407062339,0.5454015622672159,0.7190462613070849,0.173644699039869,exact 95% beta posterior quantiles; NaN where the prior is capped and the posterior carries no player information
003259,shots_on_goal_pct,1.0,1.0,1.0,0.6310837353894903,-0.36891626461050975,0.6262743037309512,76.70683165972486,0.012868881392294572,False,49.039517589101465,28.66731407062339,0.5216206704790238,0.734153688972583,0.2125330184935592,exact 95% beta posterior quantiles; NaN where the prior is capped and the posterior carries no player information
003260,shots_on_goal_pct,0.0,1.0,0.0,0.6182148539971957,0.6182148539971957,0.6262743037309512,76.70683165972486,0.012868881392294572,False,48.039517589101465,29.66731407062339,0.508328892494319,0.722335008875234,0.21400611638091505,exact 95% beta posterior quantiles; NaN where the prior is capped and the posterior carries no player information
003261,shots_on_goal_pct,10.0,13.0,0.7692307692307693,0.6469910542516588,-0.12223971497911046,0.6262743037309512,76.70683165972486,0.1449164992172668,False,58.039517589101465,31.66731407062339,0.5458093442430254,0.7419634068210144,0.19615406257798895,exact 95% beta posterior quantiles; NaN where the prior is capped and the posterior carries no player information
003266,shots_on_goal_pct,16.0,27.0,0.5925925925925926,0.6175052941470931,0.024912701554500538,0.6262743037309512,76.70683165972486,0.26034929008910807,False,64.03951758910146,39.66731407062339,0.5224812735978048,0.7082352477882523,0.18575397419044748,exact 95% beta posterior quantiles; NaN where the prior is capped and the posterior carries no player information
003267,shots_on_goal_pct,36.0,57.0,0.631578947368421,0.628535704166385,-0.0030432432020359723,0.6262743037309512,76.70683165972486,0.4263058161834339,False,84.03951758910146,49.66731407062339,0.5452622259326745,0.7081662385899108,0.1629040126572363,exact 95% beta posterior quantiles; NaN where the prior is capped and the posterior carries no player information
003268,shots_on_goal_pct,2.0,6.0,0.3333333333333333,0.6050227845140493,0.271689451180716,0.6262743037309512,76.70683165972486,0.07254539775729042,False,50.039517589101465,32.66731407062339,0.49818760287598707,0.7070451018225867,0.20885749894659966,exact 95% beta posterior quantiles; NaN where the prior is capped and the posterior carries no player information
003269,shots_on_goal_pct,7.0,11.0,0.6363636363636364,0.6275396858780354,-0.008823950485600918,0.6262743037309512,76.70683165972486,0.12541782426569195,False,55.039517589101465,32.66731407062339,0.5244516091479454,0.7251167499634903,0.20066514081554487,exact 95% beta posterior quantiles; NaN where the prior is capped and the posterior carries no player information
003270,shots_on_goal_pct,15.0,37.0,0.40540540540540543,0.5544039585743744,0.14899855316896898,0.6262743037309512,76.70683165972486,0.3253982145129584,False,63.039517589101465,50.66731407062339,0.46271492514642887,0.6442795397888403,0.18156461464241147,exact 95% beta posterior quantiles; NaN where the prior is capped and the posterior carries no player information
003271,shots_on_goal_pct,1.0,1.0,1.0,0.6310837353894903,-0.36891626461050975,0.6262743037309512,76.70683165972486,0.012868881392294572,False,49.039517589101465,28.66731407062339,0.5216206704790238,0.734153688972583,0.2125330184935592,exact 95% beta posterior quantiles; NaN where the prior is capped and the posterior carries no player information
003273,shots_on_goal_pct,18.0,29.0,0.6206896551724138,0.6247421907572228,0.004052535584809003,0.6262743037309512,76.70683165972486,0.2743436686604356,False,66.03951758910146,39.66731407062339,0.530844069464365,0.7141681508801412,0.18332408141577616,exact 95% beta posterior quantiles; NaN where the prior is capped and the posterior carries no player information
003275,shots_on_goal_pct,8.0,19.0,0.42105263157894735,0.5855330974526858,0.16448046587373844,0.6262743037309512,76.70683165972486,0.19852292329091425,False,56.039517589101465,39.66731407062339,0.48588709413888864,0.6817917782173026,0.195904684078414,exact 95% beta posterior quantiles; NaN where the prior is capped and the posterior carries no player information
003277,shots_on_goal_pct,33.0,63.0,0.5238095238095238,0.5800683948404494,0.05625887103092553,0.6262743037309512,76.70683165972486,0.4509443042373557,False,81.03951758910146,58.66731407062339,0.49756334922858514,0.6604014243057463,0.1628380750771612,exact 95% beta posterior quantiles; NaN where the prior is capped and the posterior carries no player information
003278,shots_on_goal_pct,10.0,12.0,0.8333333333333334,0.654284641928575,-0.17904869140475832,0.6262743037309512,76.70683165972486,0.13527706688963284,False,58.039517589101465,30.66731407062339,0.552849854080705,0.7491287252341863,0.1962788711534813,exact 95% beta posterior quantiles; NaN where the prior is capped and the posterior carries no player information
003279,shots_on_goal_pct,3.0,8.0,0.375,0.6025431076696612,0.22754310766966124,0.6262743037309512,76.70683165972486,0.09444338600854223,False,51.039517589101465,33.66731407062339,0.49692681871238165,0.7035711155331228,0.20664429682074115,exact 95% beta posterior quantiles; NaN where the prior is capped and the posterior carries no player information
003280,shots_on_goal_pct,39.0,64.0,0.609375,0.6185877157662927,0.009212715766292678,0.6262743037309512,76.70683165972486,0.45484642959464067,False,87.03951758910146,53.66731407062339,0.5371496667212341,0.6968319263251033,0.15968225960386917,exact 95% beta posterior quantiles; NaN where the prior is capped and the posterior carries no player information
003281,shots_on_goal_pct,12.0,23.0,0.5217391304347826,0.602160519892977,0.08042138945819444,0.6262743037309512,76.70683165972486,0.23067626979155653,False,60.039517589101465,39.66731407062339,0.5048459214449394,0.695591824449366,0.1907459030044265,exact 95% beta posterior quantiles; NaN where the prior is capped and the posterior carries no player information
003282,shots_on_goal_pct,3.0,4.0,0.75,0.6324064089678758,-0.11759359103212419,0.6262743037309512,76.70683165972486,0.04956209923919143,False,51.039517589101465,29.66731407062339,0.5250667296641041,0.7335285869485233,0.20846185728441924,exact 95% beta posterior quantiles; NaN where the prior is capped and the posterior carries no player information
003283,shots_on_goal_pct,3.0,3.0,1.0,0.6403405646205265,-0.35965943537947354,0.6262743037309512,76.70683165972486,0.03763792811144785,False,51.039517589101465,28.66731407062339,0.5326274617982563,0.7413811579172034,0.20875369611894712,exact 95% beta posterior quantiles; NaN where the prior is capped and the posterior carries no player information
003284,shots_on_goal_pct,1.0,2.0,0.5,0.6230655783619292,0.12306557836192922,0.6262743037309512,76.70683165972486,0.025410754795043056,False,49.039517589101465,29.66731407062339,0.5140350535803009,0.7261701073439326,0.21213505376363173,exact 95% beta posterior quantiles; NaN where the prior is capped and the posterior carries no player information
003285,shots_on_goal_pct,24.0,50.0,0.48,0.5685527500408647,0.08855275004086471,0.6262743037309512,76.70683165972486,0.39461171386777755,False,72.03951758910146,54.66731407062339,0.4817777169228066,0.6532772643549833,0.17149954743217677,exact 95% beta posterior quantiles; NaN where the prior is capped and the posterior carries no player information
003286,shots_on_goal_pct,1.0,1.0,1.0,0.6310837353894903,-0.36891626461050975,0.6262743037309512,76.70683165972486,0.012868881392294572,False,49.039517589101465,28.66731407062339,0.5216206704790238,0.734153688972583,0.2125330184935592,exact 95% beta posterior quantiles; NaN where the prior is capped and the posterior carries no player information
003287,shots_on_goal_pct,0.0,1.0,0.0,0.6182148539971957,0.6182148539971957,0.6262743037309512,76.70683165972486,0.012868881392294572,False,48.039517589101465,29.66731407062339,0.508328892494319,0.722335008875234,0.21400611638091505,exact 95% beta posterior quantiles; NaN where the prior is capped and the posterior carries no player information
003288,shots_on_goal_pct,20.0,35.0,0.5714285714285714,0.6090900312736437,0.0376614598450723,0.6262743037309512,76.70683165972486,0.3133201387952266,False,68.03951758910146,43.66731407062339,0.517341557511827,0.6971374427375849,0.17979588522575796,exact 95% beta posterior quantiles; NaN where the prior is capped and the posterior carries no player information
003289,shots_on_goal_pct,3.0,11.0,0.2727272727272727,0.5819332043268747,0.30920593159960197,0.6262743037309512,76.70683165972486,0.12541782426569195,False,51.039517589101465,36.66731407062339,0.4777834653214086,0.6825420873065013,0.20475862198509276,exact 95% beta posterior quantiles; NaN where the prior is capped and the posterior carries no player information
003290,shots_on_goal_pct,4.0,6.0,0.6666666666666666,0.6292045837664795,-0.037462082900187155,0.6262743037309512,76.70683165972486,0.07254539775729042,False,52.039517589101465,30.66731407062339,0.523071456438629,0.7294172167021316,0.2063457602635026,exact 95% beta posterior quantiles; NaN where the prior is capped and the posterior carries no player information
003292,shots_on_goal_pct,1.0,1.0,1.0,0.6310837353894903,-0.36891626461050975,0.6262743037309512,76.70683165972486,0.012868881392294572,False,49.039517589101465,28.66731407062339,0.5216206704790238,0.734153688972583,0.2125330184935592,exact 95% beta posterior quantiles; NaN where the prior is capped and the posterior carries no player information
003293,shots_on_goal_pct,1.0,4.0,0.25,0.6076253593482801,0.3576253593482801,0.6262743037309512,76.70683165972486,0.04956209923919143,False,49.039517589101465,31.66731407062339,0.49953015576465987,0.7106662178121042,0.21113606204744428,exact 95% beta posterior quantiles; NaN where the prior is capped and the posterior carries no player information
003296,shots_on_goal_pct,1.0,4.0,0.25,0.6076253593482801,0.3576253593482801,0.6262743037309512,76.70683165972486,0.04956209923919143,False,49.039517589101465,31.66731407062339,0.49953015576465987,0.7106662178121042,0.21113606204744428,exact 95% beta posterior quantiles; NaN where the prior is capped and the posterior carries no player information
003297,shots_on_goal_pct,13.0,18.0,0.7222222222222222,0.6445101849506725,-0.07771203727154974,0.6262743037309512,76.70683165972486,0.1900602066878635,False,61.039517589101465,33.66731407062339,0.5459717982157599,0.7372662744892295,0.19129447627346963,exact 95% beta posterior quantiles; NaN where the prior is capped and the posterior carries no player information
003298,shots_on_goal_pct,14.0,17.0,0.8235294117647058,0.662059707817077,-0.16146970394762883,0.6262743037309512,76.70683165972486,0.18141686896139708,False,62.039517589101465,31.66731407062339,0.5637797079689335,0.7537865399790462,0.1900068320101127,exact 95% beta posterior quantiles; NaN where the prior is capped and the posterior carries no player information
003300,shots_on_goal_pct,6.0,10.0,0.6,0.6232440576444532,0.023244057644453253,0.6262743037309512,76.70683165972486,0.11533116605210912,False,54.039517589101465,32.66731407062339,0.5194167034060229,0.7216844919894356,0.20226778858341277,exact 95% beta posterior quantiles; NaN where the prior is capped and the posterior carries no player information
003302,shots_on_goal_pct,5.0,6.0,0.8333333333333334,0.6412954833926946,-0.19203784994063877,0.6262743037309512,76.70683165972486,0.07254539775729042,False,53.039517589101465,29.66731407062339,0.5356177024368662,0.7404990914219525,0.20488138898508623,exact 95% beta posterior quantiles; NaN where the prior is capped and the posterior carries no player information
000201,goals_per_shot_on_goal,0.0,1.0,0.0,0.43189988143858665,0.43189988143858665,0.4350562174861554,136.83583589626562,0.0072550073317115705,False,59.531281181585605,78.30455471468001,0.3505727619922254,0.5150994663417805,0.16452670434955508,exact 95% beta posterior quantiles; NaN where the prior is capped and the posterior carries no player information
000204,goals_per_shot_on_goal,2.0,4.0,0.5,0.43690074184604005,-0.06309925815395995,0.4350562174861554,136.83583589626562,0.02840186217197056,False,61.531281181585605,79.30455471468001,0.3562489146424923,0.5192505737941246,0.16300165915163234,exact 95% beta posterior quantiles; NaN where the prior is capped and the posterior carries no player information
000207,goals_per_shot_on_goal,1.0,1.0,1.0,0.4391548887702982,-0.5608451112297018,0.4350562174861554,136.83583589626562,0.0072550073317115705,False,60.531281181585605,77.30455471468001,0.3575705590483267,0.5224122157378588,0.1648416566895321,exact 95% beta posterior quantiles; NaN where the prior is capped and the posterior carries no player information
000211,goals_per_shot_on_goal,14.0,35.0,0.4,0.4279158698071291,0.027915869807129068,0.4350562174861554,136.83583589626562,0.203682775583138,False,73.5312811815856,98.30455471468001,0.35504209643113427,0.5023793834552635,0.14733728702412918,exact 95% beta posterior quantiles; NaN where the prior is capped and the posterior carries no player information
000213,goals_per_shot_on_goal,1.0,1.0,1.0,0.4391548887702982,-0.5608451112297018,0.4350562174861554,136.83583589626562,0.0072550073317115705,False,60.531281181585605,77.30455471468001,0.3575705590483267,0.5224122157378588,0.1648416566895321,exact 95% beta posterior quantiles; NaN where the prior is capped and the posterior carries no player information
000216,goals_per_shot_on_goal,123.0,252.0,0.4880952380952381,0.46943019220656823,-0.01866504588866985,0.4350562174861554,136.83583589626562,0.6480884135052538,True,182.5312811815856,206.30455471468002,0.4200653569132555,0.5190929260861594,0.0990275691729039,exact 95% beta posterior quantiles; NaN where the prior is capped and the posterior carries no player information
000221,goals_per_shot_on_goal,43.0,90.0,0.4777777777777778,0.45200653933919954,-0.02577123843857826,0.4350562174861554,136.83583589626562,0.3967627057003371,False,102.5312811815856,124.30455471468001,0.3878443909052294,0.5169704591680784,0.129126068262849,exact 95% beta posterior quantiles; NaN where the prior is capped and the posterior carries no player information
000222,goals_per_shot_on_goal,4.0,8.0,0.5,0.43864338399709313,-0.06135661600290687,0.4350562174861554,136.83583589626562,0.055234948937152285,False,63.531281181585605,81.30455471468001,0.3590316748886835,0.5198605935147498,0.1608289186260663,exact 95% beta posterior quantiles; NaN where the prior is capped and the posterior carries no player information
000223,goals_per_shot_on_goal,1.0,8.0,0.125,0.417930278145661,0.292930278145661,0.4350562174861554,136.83583589626562,0.055234948937152285,False,60.531281181585605,84.30455471468001,0.33907847889349796,0.49892951737274416,0.1598510384792462,exact 95% beta posterior quantiles; NaN where the prior is capped and the posterior carries no player information
000225,goals_per_shot_on_goal,60.0,132.0,0.45454545454545453,0.4446255492058304,-0.009919905339624113,0.4350562174861554,136.83583589626562,0.4910059686050717,False,119.5312811815856,149.30455471468002,0.3857726001588162,0.5042590223310981,0.11848642217228189,exact 95% beta posterior quantiles; NaN where the prior is capped and the posterior carries no player information
000227,goals_per_shot_on_goal,39.0,100.0,0.39,0.4160319776300341,0.026031977630034064,0.4350562174861554,136.83583589626562,0.42223339901905776,False,98.5312811815856,138.30455471468002,0.3541203178174328,0.47928712048451416,0.12516680266708136,exact 95% beta posterior quantiles; NaN where the prior is capped and the posterior carries no player information
000231,goals_per_shot_on_goal,25.0,55.0,0.45454545454545453,0.44064384939681195,-0.013901605148642582,0.4350562174861554,136.83583589626562,0.28670347092886755,False,84.5312811815856,107.30455471468001,0.3712380451906938,0.5112221985764336,0.13998415338573977,exact 95% beta posterior quantiles; NaN where the prior is capped and the posterior carries no player information
000234,goals_per_shot_on_goal,53.0,88.0,0.6022727272727273,0.5005042044699008,-0.10176852280282644,0.4350562174861554,136.83583589626562,0.3913966812683779,False,112.5312811815856,112.30455471468001,0.4353504986211192,0.5656494120776188,0.13029891345649958,exact 95% beta posterior quantiles; NaN where the prior is capped and the posterior carries no player information
000235,goals_per_shot_on_goal,1.0,9.0,0.1111111111111111,0.41506451970174235,0.30395340859063125,0.4350562174861554,136.83583589626562,0.06171322668868428,False,60.531281181585605,85.30455471468001,0.33659313336829655,0.4957430792564992,0.15914994588820264,exact 95% beta posterior quantiles; NaN where the prior is capped and the posterior carries no player information
000238,goals_per_shot_on_goal,4.0,13.0,0.3076923076923077,0.42400591822085604,0.11631361052854833,0.4350562174861554,136.83583589626562,0.08676162095828772,False,63.531281181585605,86.30455471468001,0.34621750717633404,0.5037164370587561,0.1574989298824221,exact 95% beta posterior quantiles; NaN where the prior is capped and the posterior carries no player information
000240,goals_per_shot_on_goal,112.0,245.0,0.45714285714285713,0.44922782268185524,-0.00791503446100189,0.4350562174861554,136.83583589626562,0.6416369993793872,True,171.5312811815856,210.30455471468002,0.3996812460536603,0.4992782362678554,0.0995969902141951,exact 95% beta posterior quantiles; NaN where the prior is capped and the posterior carries no player information
000242,goals_per_shot_on_goal,3.0,6.0,0.5,0.43778426323628533,-0.06221573676371467,0.4350562174861554,136.83583589626562,0.042006265180941665,False,62.531281181585605,80.30455471468001,0.3576573382888455,0.5195619693549816,0.16190463106613606,exact 95% beta posterior quantiles; NaN where the prior is capped and the posterior carries no player information
000246,goals_per_shot_on_goal,10.0,27.0,0.37037037037037035,0.4243960474289035,0.05402567705853317,0.4350562174861554,136.83583589626562,0.16479911035516878,False,69.5312811815856,94.30455471468001,0.3499205668049399,0.5006203249504324,0.15069975814549252,exact 95% beta posterior quantiles; NaN where the prior is capped and the posterior carries no player information
000251,goals_per_shot_on_goal,3.0,4.0,0.75,0.4440012073890327,-0.3059987926109673,0.4350562174861554,136.83583589626562,0.02840186217197056,False,62.531281181585605,78.30455471468001,0.3631131961301435,0.5263961604505312,0.1632829643203877,exact 95% beta posterior quantiles; NaN where the prior is capped and the posterior carries no player information
000254,goals_per_shot_on_goal,22.0,51.0,0.43137254901960786,0.4340560510860778,0.002683502066469945,0.4350562174861554,136.83583589626562,0.2715136851104669,False,81.5312811815856,106.30455471468001,0.3641124801069964,0.5053300455620047,0.1412175654550083,exact 95% beta posterior quantiles; NaN where the prior is capped and the posterior carries no player information
000256,goals_per_shot_on_goal,1.0,5.0,0.2,0.4267700105483661,0.2267700105483661,0.4350562174861554,136.83583589626562,0.03525202194780201,False,60.531281181585605,81.30455471468001,0.346761845954461,0.5087348773668054,0.16197303141234443,exact 95% beta posterior quantiles; NaN where the prior is capped and the posterior carries no player information
000258,goals_per_shot_on_goal,1.0,6.0,0.16666666666666666,0.42378217484263814,0.2571155081759715,0.4350562174861554,136.83583589626562,0.042006265180941665,False,60.531281181585605,82.30455471468001,0.3441619653312955,0.5054246517538559,0.16126268642256036,exact 95% beta posterior quantiles; NaN where the prior is capped and the posterior carries no player information
000262,goals_per_shot_on_goal,109.0,229.0,0.4759825327510917,0.4606746104265559,-0.015307922324535816,0.4350562174861554,136.83583589626562,0.6259638272969353,True,168.5312811815856,197.30455471468002,0.4099004970921669,0.5118560400151182,0.10195554292295128,exact 95% beta posterior quantiles; NaN where the prior is capped and the posterior carries no player information
000266,goals_per_shot_on_goal,14.0,46.0,0.30434782608695654,0.4021710559154528,0.09782322982849628,0.4350562174861554,136.83583589626562,0.2515918160928732,False,73.5312811815856,109.30455471468001,0.33239227239391766,0.47397746084607206,0.1415851884521544,exact 95% beta posterior quantiles; NaN where the prior is capped and the posterior carries no player information
000267,goals_per_shot_on_goal,1.0,11.0,0.09090909090909091,0.40944931122153344,0.31854022031244256,0.4350562174861554,136.83583589626562,0.07440685766960149,False,60.531281181585605,87.30455471468001,0.3317310834827367,0.4894887701666448,0.1577576866839081,exact 95% beta posterior quantiles; NaN where the prior is capped and the posterior carries no player information
000268,goals_per_shot_on_goal,0.0,1.0,0.0,0.43189988143858665,0.43189988143858665,0.4350562174861554,136.83583589626562,0.0072550073317115705,False,59.531281181585605,78.30455471468001,0.3505727619922254,0.5150994663417805,0.16452670434955508,exact 95% beta posterior quantiles; NaN where the prior is capped and the posterior carries no player information
000269,goals_per_shot_on_goal,3.0,12.0,0.25,0.4201359222732363,0.17013592227323632,0.4350562174861554,136.83583589626562,0.08062574397985484,False,62.531281181585605,86.30455471468001,0.34223977880901657,0.5000656222400721,0.15782584343105555,exact 95% beta posterior quantiles; NaN where the prior is capped and the posterior carries no player information
000272,goals_per_shot_on_goal,52.0,119.0,0.4369747899159664,0.4359486261604432,-0.0010261637555231684,0.4350562174861554,136.83583589626562,0.46514202978292385,False,111.5312811815856,144.30455471468002,0.37582935133832507,0.4970166099083144,0.12118725856998935,exact 95% beta posterior quantiles; NaN where the prior is capped and the posterior carries no player information
000275,goals_per_shot_on_goal,3.0,9.0,0.3333333333333333,0.42877857007700554,0.09544523674367222,0.4350562174861554,136.83583589626562,0.06171322668868428,False,62.531281181585605,83.30455471468001,0.3497771169350017,0.5096308503707405,0.15985373343573883,exact 95% beta posterior quantiles; NaN where the prior is capped and the posterior carries no player information
000276,goals_per_shot_on_goal,4.0,9.0,0.4444444444444444,0.4356355952646371,-0.008808849179807343,0.4350562174861554,136.83583589626562,0.06171322668868428,False,63.531281181585605,82.30455471468001,0.35639276457368396,0.5165510730294045,0.16015830845572054,exact 95% beta posterior quantiles; NaN where the prior is capped and the posterior carries no player information
000278,goals_per_shot_on_goal,32.0,80.0,0.4,0.4221224817533123,0.022122481753312273,0.4350562174861554,136.83583589626562,0.3689427057540067,False,91.5312811815856,125.30455471468001,0.35728246849612333,0.4883234894659836,0.13104102096986026,exact 95% beta posterior quantiles; NaN where the prior is capped and the posterior carries no player information
000279,goals_per_shot_on_goal,4.0,7.0,0.5714285714285714,0.44169299525192285,-0.12973557617664855,0.4350562174861554,136.83583589626562,0.048666592413370464,False,63.531281181585605,80.30455471468001,0.36171036525047384,0.5232119424908888,0.16150157724041492,exact 95% beta posterior quantiles; NaN where the prior is capped and the posterior carries no player information
000280,goals_per_shot_on_goal,1.0,1.0,1.0,0.4391548887702982,-0.5608451112297018,0.4350562174861554,136.83583589626562,0.0072550073317115705,False,60.531281181585605,77.30455471468001,0.3575705590483267,0.5224122157378588,0.1648416566895321,exact 95% beta posterior quantiles; NaN where the prior is capped and the posterior carries no player information
000281,goals_per_shot_on_goal,4.0,14.0,0.2857142857142857,0.4211948758999022,0.13548059018561648,0.4350562174861554,136.83583589626562,0.09281613959184225,False,63.531281181585605,87.30455471468001,0.34376465875539,0.5006050751835573,0.15684041642816737,exact 95% beta posterior quantiles; NaN where the prior is capped and the posterior carries no player information
000282,goals_per_shot_on_goal,1.0,1.0,1.0,0.4391548887702982,-0.5608451112297018,0.4350562174861554,136.83583589626562,0.0072550073317115705,False,60.531281181585605,77.30455471468001,0.3575705590483267,0.5224122157378588,0.1648416566895321,exact 95% beta posterior quantiles; NaN where the prior is capped and the posterior carries no player information
000294,goals_per_shot_on_goal,1.0,3.0,0.3333333333333333,0.4328738823894149,0.09954054905608156,0.4350562174861554,136.83583589626562,0.02145372808602145,False,60.531281181585605,79.30455471468001,0.35208243850502186,0.5154846074001398,0.16340216889511794,exact 95% beta posterior quantiles; NaN where the prior is capped and the posterior carries no player information
000295,goals_per_shot_on_goal,19.0,41.0,0.4634146341463415,0.44159424216047266,-0.021820391985868826,0.4350562174861554,136.83583589626562,0.2305497077873322,False,78.5312811815856,99.30455471468001,0.36952647982980125,0.5149066288431641,0.14538014901336282,exact 95% beta posterior quantiles; NaN where the prior is capped and the posterior carries no player information
000298,goals_per_shot_on_goal,6.0,21.0,0.2857142857142857,0.4151863283104776,0.12947204259619188,0.4350562174861554,136.83583589626562,0.13304963274501122,False,65.5312811815856,92.30455471468001,0.3396821809874382,0.4927268757892307,0.1530446948017925,exact 95% beta posterior quantiles; NaN where the prior is capped and the posterior carries no player information
000302,goals_per_shot_on_goal,6.0,24.0,0.25,0.40744204061494943,0.15744204061494943,0.4350562174861554,136.83583589626562,0.14922047606031838,False,65.5312811815856,95.30455471468001,0.3329363692610059,0.4841285688744392,0.15119219961343333,exact 95% beta posterior quantiles; NaN where the prior is capped and the posterior carries no player information
000305,goals_per_shot_on_goal,29.0,102.0,0.28431372549019607,0.37067838186576696,0.08636465637557089,0.4350562174861554,136.83583589626562,0.42707158922458355,False,88.5312811815856,150.30455471468002,0.31063896531122737,0.4327694991079625,0.12213053379673511,exact 95% beta posterior quantiles; NaN where the prior is capped and the posterior carries no player information
000308,goals_per_shot_on_goal,3.0,10.0,0.3,0.42585844797288974,0.12585844797288975,0.4350562174861554,136.83583589626562,0.06810326606554445,False,62.531281181585605,84.30455471468001,0.34722770741791464,0.5064027686894406,0.15917506127152592,exact 95% beta posterior quantiles; NaN where the prior is capped and the posterior carries no player information
000314,goals_per_shot_on_goal,3.0,10.0,0.3,0.42585844797288974,0.12585844797288975,0.4350562174861554,136.83583589626562,0.06810326606554445,False,62.531281181585605,84.30455471468001,0.34722770741791464,0.5064027686894406,0.15917506127152592,exact 95% beta posterior quantiles; NaN where the prior is capped and the posterior carries no player information
000318,goals_per_shot_on_goal,0.0,1.0,0.0,0.43189988143858665,0.43189988143858665,0.4350562174861554,136.83583589626562,0.0072550073317115705,False,59.531281181585605,78.30455471468001,0.3505727619922254,0.5150994663417805,0.16452670434955508,exact 95% beta posterior quantiles; NaN where the prior is capped and the posterior carries no player information
000322,goals_per_shot_on_goal,1.0,4.0,0.25,0.4298002763030474,0.1798002763030474,0.4350562174861554,136.83583589626562,0.02840186217197056,False,60.531281181585605,80.30455471468001,0.34940169026958756,0.5120879255409818,0.16268623527139425,exact 95% beta posterior quantiles; NaN where the prior is capped and the posterior carries no player information
000327,goals_per_shot_on_goal,31.0,82.0,0.3780487804878049,0.41369495453432037,0.03564617404651549,0.4350562174861554,136.83583589626562,0.37471010935736465,False,90.5312811815856,128.30455471468002,0.34940563698182814,0.47947874778765254,0.1300731108058244,exact 95% beta posterior quantiles; NaN where the prior is capped and the posterior carries no player information
000331,goals_per_shot_on_goal,0.0,1.0,0.0,0.43189988143858665,0.43189988143858665,0.4350562174861554,136.83583589626562,0.0072550073317115705,False,59.531281181585605,78.30455471468001,0.3505727619922254,0.5150994663417805,0.16452670434955508,exact 95% beta posterior quantiles; NaN where the prior is capped and the posterior carries no player information
000333,goals_per_shot_on_goal,20.0,62.0,0.3225806451612903,0.39998464473515605,0.07740399957386573,0.4350562174861554,136.83583589626562,0.3118150192621512,False,79.5312811815856,119.30455471468001,0.3330927297647577,0.46878265411942266,0.13568992435466498,exact 95% beta posterior quantiles; NaN where the prior is capped and the posterior carries no player information
000337,goals_per_shot_on_goal,1.0,1.0,1.0,0.4391548887702982,-0.5608451112297018,0.4350562174861554,136.83583589626562,0.0072550073317115705,False,60.531281181585605,77.30455471468001,0.3575705590483267,0.5224122157378588,0.1648416566895321,exact 95% beta posterior quantiles; NaN where the prior is capped and the posterior carries no player information
000339,goals_per_shot_on_goal,61.0,148.0,0.41216216216216217,0.4231605226298909,0.01099836046772873,0.4350562174861554,136.83583589626562,0.5195975412795324,True,120.5312811815856,164.30455471468002,0.3664403446309734,0.4809029200405348,0.1144625754095614,exact 95% beta posterior quantiles; NaN where the prior is capped and the posterior carries no player information
000345,goals_per_shot_on_goal,6.0,11.0,0.5454545454545454,0.4432706101622613,-0.10218393529228409,0.4350562174861554,136.83583589626562,0.07440685766960149,False,65.5312811815856,82.30455471468001,0.36430668583489023,0.5236888304643799,0.15938214462948963,exact 95% beta posterior quantiles; NaN where the prior is capped and the posterior carries no player information
000346,goals_per_shot_on_goal,11.0,24.0,0.4583333333333333,0.4385296397941824,-0.0198036935391509,0.4350562174861554,136.83583589626562,0.14922047606031838,False,70.5312811815856,90.30455471468001,0.36290846081101336,0.5155992408690508,0.1526907800580375,exact 95% beta posterior quantiles; NaN where the prior is capped and the posterior carries no player information
000350,goals_per_shot_on_goal,11.0,17.0,0.6470588235294118,0.4584840766825368,-0.18857474684687497,0.4350562174861554,136.83583589626562,0.1105074113645628,False,70.5312811815856,83.30455471468001,0.38062178730615415,0.5373691447603051,0.15674735745415092,exact 95% beta posterior quantiles; NaN where the prior is capped and the posterior carries no player information
000351,goals_per_shot_on_goal,34.0,85.0,0.4,0.4216238589391954,0.021623858939195384,0.4350562174861554,136.83583589626562,0.38316622585607635,False,93.5312811815856,128.30455471468002,0.35752088428125717,0.4870656632410828,0.12954477895982563,exact 95% beta posterior quantiles; NaN where the prior is capped and the posterior carries no player information
000353,goals_per_shot_on_goal,0.0,1.0,0.0,0.43189988143858665,0.43189988143858665,0.4350562174861554,136.83583589626562,0.0072550073317115705,False,59.531281181585605,78.30455471468001,0.3505727619922254,0.5150994663417805,0.16452670434955508,exact 95% beta posterior quantiles; NaN where the prior is capped and the posterior carries no player information
000354,goals_per_shot_on_goal,56.0,135.0,0.4148148148148148,0.42500386603064766,0.010189051215832856,0.4350562174861554,136.83583589626562,0.4966232636506281,False,115.5312811815856,156.30455471468002,0.3669162095466163,0.4841369415225927,0.11722073197597638,exact 95% beta posterior quantiles; NaN where the prior is capped and the posterior carries no player information
000355,goals_per_shot_on_goal,4.0,14.0,0.2857142857142857,0.4211948758999022,0.13548059018561648,0.4350562174861554,136.83583589626562,0.09281613959184225,False,63.531281181585605,87.30455471468001,0.34376465875539,0.5006050751835573,0.15684041642816737,exact 95% beta posterior quantiles; NaN where the prior is capped and the posterior carries no player information
000356,goals_per_shot_on_goal,8.0,19.0,0.42105263157894735,0.43334885582119104,0.012296224242243692,0.4350562174861554,136.83583589626562,0.121923175697839,False,67.5312811815856,88.30455471468001,0.35671500299940817,0.5116036003164481,0.15488859731703997,exact 95% beta posterior quantiles; NaN where the prior is capped and the posterior carries no player information
000357,goals_per_shot_on_goal,46.0,116.0,0.39655172413793105,0.4173905206415571,0.020838796503626023,0.4350562174861554,136.83583589626562,0.45879572248450134,False,105.5312811815856,147.30455471468002,0.35739874860155396,0.47862038321909495,0.12122163461754099,exact 95% beta posterior quantiles; NaN where the prior is capped and the posterior carries no player information
000358,goals_per_shot_on_goal,63.0,114.0,0.5526315789473685,0.48849192837126754,-0.06413965057610094,0.4350562174861554,136.83583589626562,0.45448051548402063,False,122.5312811815856,128.30455471468002,0.426894325442845,0.550263386889128,0.12336906144628301,exact 95% beta posterior quantiles; NaN where the prior is capped and the posterior carries no player information
000359,goals_per_shot_on_goal,0.0,1.0,0.0,0.43189988143858665,0.43189988143858665,0.4350562174861554,136.83583589626562,0.0072550073317115705,False,59.531281181585605,78.30455471468001,0.3505727619922254,0.5150994663417805,0.16452670434955508,exact 95% beta posterior quantiles; NaN where the prior is capped and the posterior carries no player information
000361,goals_per_shot_on_goal,2.0,3.0,0.6666666666666666,0.4400251250847554,-0.22664154158191124,0.4350562174861554,136.83583589626562,0.02145372808602145,False,61.531281181585605,78.30455471468001,0.35898491021362133,0.522690817801049,0.16370590758742765,exact 95% beta posterior quantiles; NaN where the prior is capped and the posterior carries no player information
000363,goals_per_shot_on_goal,41.0,91.0,0.45054945054945056,0.44124437574147823,-0.009305074807972324,0.4350562174861554,136.83583589626562,0.39941038968704023,False,100.5312811815856,127.30455471468001,0.37746095142210834,0.5060050475003663,0.128544096078258,exact 95% beta posterior quantiles; NaN where the prior is capped and the posterior carries no player information
000365,goals_per_shot_on_goal,2.0,7.0,0.2857142857142857,0.42778825456238845,0.14207396884810275,0.4350562174861554,136.83583589626562,0.048666592413370464,False,61.531281181585605,82.30455471468001,0.3482879406947177,0.5091912289790343,0.16090328828431666,exact 95% beta posterior quantiles; NaN where the prior is capped and the posterior carries no player information
000366,goals_per_shot_on_goal,2.0,8.0,0.25,0.424834646762805,0.17483464676280502,0.4350562174861554,136.83583589626562,0.055234948937152285,False,61.531281181585605,83.30455471468001,0.34571350933401845,0.5059225824370515,0.160209073103033,exact 95% beta posterior quantiles; NaN where the prior is capped and the posterior carries no player information
000368,goals_per_shot_on_goal,0.0,6.0,0.0,0.4167811306458145,0.4167811306458145,0.4350562174861554,136.83583589626562,0.042006265180941665,False,59.531281181585605,83.30455471468001,0.33743920500273816,0.49833105914876796,0.1608918541460298,exact 95% beta posterior quantiles; NaN where the prior is capped and the posterior carries no player information
000369,goals_per_shot_on_goal,2.0,2.0,1.0,0.4431945166344525,-0.5568054833655476,0.4350562174861554,136.83583589626562,0.01440550263618066,False,61.531281181585605,77.30455471468001,0.3617637052957434,0.5261760045250412,0.1644122992292978,exact 95% beta posterior quantiles; NaN where the prior is capped and the posterior carries no player information
000370,goals_per_shot_on_goal,0.0,1.0,0.0,0.43189988143858665,0.43189988143858665,0.4350562174861554,136.83583589626562,0.0072550073317115705,False,59.531281181585605,78.30455471468001,0.3505727619922254,0.5150994663417805,0.16452670434955508,exact 95% beta posterior quantiles; NaN where the prior is capped and the posterior carries no player information
000373,goals_per_shot_on_goal,91.0,181.0,0.5027624309392266,0.473613306558407,-0.02914912438081957,0.4350562174861554,136.83583589626562,0.569476376034181,True,150.5312811815856,167.30455471468002,0.4190011977625545,0.5285400001739617,0.10953880241140723,exact 95% beta posterior quantiles; NaN where the prior is capped and the posterior carries no player information
000376,goals_per_shot_on_goal,7.0,16.0,0.4375,0.43531205094296355,-0.0021879490570364535,0.4350562174861554,136.83583589626562,0.1046874897249863,False,66.5312811815856,86.30455471468001,0.35787925045588054,0.5143488910689484,0.1564696406130679,exact 95% beta posterior quantiles; NaN where the prior is capped and the posterior carries no player information
000385,goals_per_shot_on_goal,45.0,71.0,0.6338028169014085,0.5029511909282042,-0.13085162597320432,0.4350562174861554,136.83583589626562,0.3416157742663652,False,104.5312811815856,103.30455471468001,0.4351814489054959,0.5706671219377313,0.13548567303223535,exact 95% beta posterior quantiles; NaN where the prior is capped and the posterior carries no player information
000390,goals_per_shot_on_goal,33.0,84.0,0.39285714285714285,0.4190048268481697,0.02614768399102685,0.4350562174861554,136.83583589626562,0.38037304796608173,False,92.5312811815856,128.30455471468002,0.35483758375630714,0.4845619013358373,0.12972431757953018,exact 95% beta posterior quantiles; NaN where the prior is capped and the posterior carries no player information
000391,goals_per_shot_on_goal,34.0,82.0,0.4146341463414634,0.42740386097422395,0.012769714632760554,0.4350562174861554,136.83583589626562,0.37471010935736465,False,93.5312811815856,125.30455471468001,0.36270350983249955,0.493361317057861,0.13065780722536147,exact 95% beta posterior quantiles; NaN where the prior is capped and the posterior carries no player information
000395,goals_per_shot_on_goal,75.0,195.0,0.38461538461538464,0.4054151680701571,0.020799783454772458,0.4350562174861554,136.83583589626562,0.5876399680381671,True,134.5312811815856,197.30455471468002,0.35324485864839517,0.4586655121820513,0.10542065353365615,exact 95% beta posterior quantiles; NaN where the prior is capped and the posterior carries no player information
000405,goals_per_shot_on_goal,1.0,2.0,0.5,0.43599176531636213,-0.06400823468363787,0.4350562174861554,136.83583589626562,0.01440550263618066,False,60.531281181585605,78.30455471468001,0.35480506080784835,0.5189257538004313,0.16412069299258292,exact 95% beta posterior quantiles; NaN where the prior is capped and the posterior carries no player information
000406,goals_per_shot_on_goal,1.0,3.0,0.3333333333333333,0.4328738823894149,0.09954054905608156,0.4350562174861554,136.83583589626562,0.02145372808602145,False,60.531281181585605,79.30455471468001,0.35208243850502186,0.5154846074001398,0.16340216889511794,exact 95% beta posterior quantiles; NaN where the prior is capped and the posterior carries no player information
000407,goals_per_shot_on_goal,1.0,1.0,1.0,0.4391548887702982,-0.5608451112297018,0.4350562174861554,136.83583589626562,0.0072550073317115705,False,60.531281181585605,77.30455471468001,0.3575705590483267,0.5224122157378588,0.1648416566895321,exact 95% beta posterior quantiles; NaN where the prior is capped and the posterior carries no player information
000409,goals_per_shot_on_goal,46.0,99.0,0.46464646464646464,0.44747771593119723,-0.017168748715267412,0.4350562174861554,136.83583589626562,0.4197835313016042,False,105.5312811815856,130.30455471468002,0.384631330933189,0.5111680367554072,0.1265367058222182,exact 95% beta posterior quantiles; NaN where the prior is capped and the posterior carries no player information
000410,goals_per_shot_on_goal,5.0,8.0,0.625,0.4455477526142371,-0.17945224738576288,0.4350562174861554,136.83583589626562,0.055234948937152285,False,64.5312811815856,80.30455471468001,0.3657146254845429,0.5268057250941638,0.16109109960962087,exact 95% beta posterior quantiles; NaN where the prior is capped and the posterior carries no player information
000414,goals_per_shot_on_goal,76.0,190.0,0.4,0.4146769304226537,0.014676930422653667,0.4350562174861554,136.83583589626562,0.5813316017779154,True,135.5312811815856,191.30455471468002,0.3618776681541931,0.46846538307727315,0.10658771492308006,exact 95% beta posterior quantiles; NaN where the prior is capped and the posterior carries no player information
000416,goals_per_shot_on_goal,10.0,23.0,0.43478260869565216,0.43501684582618755,0.0002342371305353863,0.4350562174861554,136.83583589626562,0.14389764267211724,False,69.5312811815856,90.30455471468001,0.359274946647929,0.5122995160345454,0.15302456938661635,exact 95% beta posterior quantiles; NaN where the prior is capped and the posterior carries no player information
000418,goals_per_shot_on_goal,0.0,1.0,0.0,0.43189988143858665,0.43189988143858665,0.4350562174861554,136.83583589626562,0.0072550073317115705,False,59.531281181585605,78.30455471468001,0.3505727619922254,0.5150994663417805,0.16452670434955508,exact 95% beta posterior quantiles; NaN where the prior is capped and the posterior carries no player information
000419,goals_per_shot_on_goal,62.0,150.0,0.41333333333333333,0.4236962958336122,0.01036296250027885,0.4350562174861554,136.83583589626562,0.5229472096166101,True,121.5312811815856,165.30455471468002,0.36715827565058134,0.4812423292605672,0.11408405360998586,exact 95% beta posterior quantiles; NaN where the prior is capped and the posterior carries no player information
000422,goals_per_shot_on_goal,5.0,11.0,0.45454545454545453,0.4365063503741157,-0.018039104171338805,0.4350562174861554,136.83583589626562,0.07440685766960149,False,64.5312811815856,83.30455471468001,0.35776116015040316,0.5168792320473585,0.15911807189695537,exact 95% beta posterior quantiles; NaN where the prior is capped and the posterior carries no player information
000424,goals_per_shot_on_goal,1.0,3.0,0.3333333333333333,0.4328738823894149,0.09954054905608156,0.4350562174861554,136.83583589626562,0.02145372808602145,False,60.531281181585605,79.30455471468001,0.35208243850502186,0.5154846074001398,0.16340216889511794,exact 95% beta posterior quantiles; NaN where the prior is capped and the posterior carries no player information
000425,goals_per_shot_on_goal,3.0,9.0,0.3333333333333333,0.42877857007700554,0.09544523674367222,0.4350562174861554,136.83583589626562,0.06171322668868428,False,62.531281181585605,83.30455471468001,0.3497771169350017,0.5096308503707405,0.15985373343573883,exact 95% beta posterior quantiles; NaN where the prior is capped and the posterior carries no player information
000427,goals_per_shot_on_goal,1.0,3.0,0.3333333333333333,0.4328738823894149,0.09954054905608156,0.4350562174861554,136.83583589626562,0.02145372808602145,False,60.531281181585605,79.30455471468001,0.35208243850502186,0.5154846074001398,0.16340216889511794,exact 95% beta posterior quantiles; NaN where the prior is capped and the posterior carries no player information
000434,goals_per_shot_on_goal,0.0,1.0,0.0,0.43189988143858665,0.43189988143858665,0.4350562174861554,136.83583589626562,0.0072550073317115705,False,59.531281181585605,78.30455471468001,0.3505727619922254,0.5150994663417805,0.16452670434955508,exact 95% beta posterior quantiles; NaN where the prior is capped and the posterior carries no player information
000700,goals_per_shot_on_goal,0.0,2.0,0.0,0.4287890139982718,0.4287890139982718,0.4350562174861554,136.83583589626562,0.01440550263618066,False,59.531281181585605,79.30455471468001,0.3478641069086734,0.511657807714073,0.16379370080539957,exact 95% beta posterior quantiles; NaN where the prior is capped and the posterior carries no player information
000727,goals_per_shot_on_goal,11.0,22.0,0.5,0.4440514370299219,-0.05594856297007811,0.4350562174861554,136.83583589626562,0.1385077862049218,False,70.5312811815856,88.30455471468001,0.36779715385637246,0.5216406433319207,0.15384348947554827,exact 95% beta posterior quantiles; NaN where the prior is capped and the posterior carries no player information
000815,goals_per_shot_on_goal,0.0,1.0,0.0,0.43189988143858665,0.43189988143858665,0.4350562174861554,136.83583589626562,0.0072550073317115705,False,59.531281181585605,78.30455471468001,0.3505727619922254,0.5150994663417805,0.16452670434955508,exact 95% beta posterior quantiles; NaN where the prior is capped and the posterior carries no player information
000823,goals_per_shot_on_goal,6.0,12.0,0.5,0.44029235826819996,-0.05970764173180004,0.4350562174861554,136.83583589626562,0.08062574397985484,False,65.5312811815856,83.30455471468001,0.361683124123374,0.5204219464503694,0.15873882232699543,exact 95% beta posterior quantiles; NaN where the prior is capped and the posterior carries no player information
000886,goals_per_shot_on_goal,26.0,42.0,0.6190476190476191,0.4782670137275972,-0.14078060532002185,0.4350562174861554,136.83583589626562,0.2348522587182261,False,85.5312811815856,93.30455471468001,0.4055767137615476,0.551417861453956,0.1458411476924084,exact 95% beta posterior quantiles; NaN where the prior is capped and the posterior carries no player information
000921,goals_per_shot_on_goal,16.0,26.0,0.6153846153846154,0.4638492550847512,-0.1515353602998642,0.4350562174861554,136.83583589626562,0.15967001278860551,False,75.5312811815856,87.30455471468001,0.3880091297032777,0.5405307483451907,0.15252161864191294,exact 95% beta posterior quantiles; NaN where the prior is capped and the posterior carries no player information
000922,goals_per_shot_on_goal,2.0,9.0,0.2222222222222222,0.42192154488937395,0.19969932266715174,0.4350562174861554,136.83583589626562,0.06171322668868428,False,61.531281181585605,84.30455471468001,0.3431772067269776,0.5026948857412208,0.15951767901424319,exact 95% beta posterior quantiles; NaN where the prior is capped and the posterior carries no player information
000925,goals_per_shot_on_goal,0.0,2.0,0.0,0.4287890139982718,0.4287890139982718,0.4350562174861554,136.83583589626562,0.01440550263618066,False,59.531281181585605,79.30455471468001,0.3478641069086734,0.511657807714073,0.16379370080539957,exact 95% beta posterior quantiles; NaN where the prior is capped and the posterior carries no player information
000929,goals_per_shot_on_goal,0.0,1.0,0.0,0.43189988143858665,0.43189988143858665,0.4350562174861554,136.83583589626562,0.0072550073317115705,False,59.531281181585605,78.30455471468001,0.3505727619922254,0.5150994663417805,0.16452670434955508,exact 95% beta posterior quantiles; NaN where the prior is capped and the posterior carries no player information
000946,goals_per_shot_on_goal,6.0,15.0,0.4,0.43159298195161666,0.03159298195161664,0.4350562174861554,136.83583589626562,0.098790907373461,False,65.5312811815856,86.30455471468001,0.3540365354565438,0.5108568562718574,0.1568203208153136,exact 95% beta posterior quantiles; NaN where the prior is capped and the posterior carries no player information
000960,goals_per_shot_on_goal,3.0,14.0,0.21428571428571427,0.414565151643342,0.20027943735762774,0.4350562174861554,136.83583589626562,0.09281613959184225,False,62.531281181585605,88.30455471468001,0.33739436310133897,0.49388247515889816,0.1564881120575592,exact 95% beta posterior quantiles; NaN where the prior is capped and the posterior carries no player information
000978,goals_per_shot_on_goal,33.0,77.0,0.42857142857142855,0.43272111427793447,0.004149685706505923,0.4350562174861554,136.83583589626562,0.360089316541656,False,92.5312811815856,121.30455471468001,0.36713340241112746,0.49950110717327334,0.13236770476214588,exact 95% beta posterior quantiles; NaN where the prior is capped and the posterior carries no player information
001001,goals_per_shot_on_goal,82.0,175.0,0.4685714285714286,0.45386470985543487,-0.014706718715993716,0.4350562174861554,136.83583589626562,0.5611927169852761,True,141.5312811815856,170.30455471468002,0.39901301116333343,0.5092770198534708,0.11026400869013742,exact 95% beta posterior quantiles; NaN where the prior is capped and the posterior carries no player information
001009,goals_per_shot_on_goal,38.0,87.0,0.4367816091954023,0.43572683878369434,-0.0010547704117079837,0.4350562174861554,136.83583589626562,0.388677709499203,False,97.5312811815856,126.30455471468001,0.3715203696337994,0.5010214289359283,0.12950105930212885,exact 95% beta posterior quantiles; NaN where the prior is capped and the posterior carries no player information
001010,goals_per_shot_on_goal,0.0,3.0,0.0,0.4257226396940744,0.4257226396940744,0.4350562174861554,136.83583589626562,0.02145372808602145,False,59.531281181585605,80.30455471468001,0.345197386253858,0.5082609724195208,0.16306358616566285,exact 95% beta posterior quantiles; NaN where the prior is capped and the posterior carries no player information
001020,goals_per_shot_on_goal,10.0,16.0,0.625,0.4549409552663985,-0.1700590447336015,0.4350562174861554,136.83583589626562,0.1046874897249863,False,69.5312811815856,83.30455471468001,0.37692116454127245,0.5340780749975238,0.15715691045625135,exact 95% beta posterior quantiles; NaN where the prior is capped and the posterior carries no player information
001391,goals_per_shot_on_goal,9.0,23.0,0.391304347826087,0.42876042657957375,0.03745607875348678,0.4350562174861554,136.83583589626562,0.14389764267211724,False,68.5312811815856,91.30455471468001,0.3532260534411762,0.5059839014138561,0.15275784797267988,exact 95% beta posterior quantiles; NaN where the prior is capped and the posterior carries no player information
001397,goals_per_shot_on_goal,3.0,5.0,0.6,0.44087081932748695,-0.15912918067251303,0.4350562174861554,136.83583589626562,0.03525202194780201,False,62.531281181585605,79.30455471468001,0.3603644024406094,0.5229571907839272,0.1625927883433178,exact 95% beta posterior quantiles; NaN where the prior is capped and the posterior carries no player information
001402,goals_per_shot_on_goal,0.0,3.0,0.0,0.4257226396940744,0.4257226396940744,0.4350562174861554,136.83583589626562,0.02145372808602145,False,59.531281181585605,80.30455471468001,0.345197386253858,0.5082609724195208,0.16306358616566285,exact 95% beta posterior quantiles; NaN where the prior is capped and the posterior carries no player information
001406,goals_per_shot_on_goal,5.0,15.0,0.3333333333333333,0.4250069214600526,0.09167358812671927,0.4350562174861554,136.83583589626562,0.098790907373461,False,64.5312811815856,87.30455471468001,0.3476844437245745,0.5042011996556539,0.1565167559310794,exact 95% beta posterior quantiles; NaN where the prior is capped and the posterior carries no player information
001415,goals_per_shot_on_goal,2.0,2.0,1.0,0.4431945166344525,-0.5568054833655476,0.4350562174861554,136.83583589626562,0.01440550263618066,False,61.531281181585605,77.30455471468001,0.3617637052957434,0.5261760045250412,0.1644122992292978,exact 95% beta posterior quantiles; NaN where the prior is capped and the posterior carries no player information
001417,goals_per_shot_on_goal,0.0,1.0,0.0,0.43189988143858665,0.43189988143858665,0.4350562174861554,136.83583589626562,0.0072550073317115705,False,59.531281181585605,78.30455471468001,0.3505727619922254,0.5150994663417805,0.16452670434955508,exact 95% beta posterior quantiles; NaN where the prior is capped and the posterior carries no player information
001427,goals_per_shot_on_goal,0.0,2.0,0.0,0.4287890139982718,0.4287890139982718,0.4350562174861554,136.83583589626562,0.01440550263618066,False,59.531281181585605,79.30455471468001,0.3478641069086734,0.511657807714073,0.16379370080539957,exact 95% beta posterior quantiles; NaN where the prior is capped and the posterior carries no player information
001657,goals_per_shot_on_goal,1.0,3.0,0.3333333333333333,0.4328738823894149,0.09954054905608156,0.4350562174861554,136.83583589626562,0.02145372808602145,False,60.531281181585605,79.30455471468001,0.35208243850502186,0.5154846074001398,0.16340216889511794,exact 95% beta posterior quantiles; NaN where the prior is capped and the posterior carries no player information
001671,goals_per_shot_on_goal,1.0,4.0,0.25,0.4298002763030474,0.1798002763030474,0.4350562174861554,136.83583589626562,0.02840186217197056,False,60.531281181585605,80.30455471468001,0.34940169026958756,0.5120879255409818,0.16268623527139425,exact 95% beta posterior quantiles; NaN where the prior is capped and the posterior carries no player information
001707,goals_per_shot_on_goal,13.0,31.0,0.41935483870967744,0.4321561053648581,0.012801266655180665,0.4350562174861554,136.83583589626562,0.18470429651960732,False,72.5312811815856,95.30455471468001,0.3582975158060435,0.5075465961417649,0.14924908033572137,exact 95% beta posterior quantiles; NaN where the prior is capped and the posterior carries no player information
001719,goals_per_shot_on_goal,1.0,1.0,1.0,0.4391548887702982,-0.5608451112297018,0.4350562174861554,136.83583589626562,0.0072550073317115705,False,60.531281181585605,77.30455471468001,0.3575705590483267,0.5224122157378588,0.1648416566895321,exact 95% beta posterior quantiles; NaN where the prior is capped and the posterior carries no player information
001727,goals_per_shot_on_goal,2.0,4.0,0.5,0.43690074184604005,-0.06309925815395995,0.4350562174861554,136.83583589626562,0.02840186217197056,False,61.531281181585605,79.30455471468001,0.3562489146424923,0.5192505737941246,0.16300165915163234,exact 95% beta posterior quantiles; NaN where the prior is capped and the posterior carries no player information
001729,goals_per_shot_on_goal,29.0,76.0,0.3815789473684211,0.4159604082121537,0.034381460843732614,0.4350562174861554,136.83583589626562,0.3570827237807911,False,88.5312811815856,124.30455471468001,0.35071518245968036,0.48270191650954075,0.1319867340498604,exact 95% beta posterior quantiles; NaN where the prior is capped and the posterior carries no player information
001733,goals_per_shot_on_goal,4.0,8.0,0.5,0.43864338399709313,-0.06135661600290687,0.4350562174861554,136.83583589626562,0.055234948937152285,False,63.531281181585605,81.30455471468001,0.3590316748886835,0.5198605935147498,0.1608289186260663,exact 95% beta posterior quantiles; NaN where the prior is capped and the posterior carries no player information
001740,goals_per_shot_on_goal,1.0,2.0,0.5,0.43599176531636213,-0.06400823468363787,0.4350562174861554,136.83583589626562,0.01440550263618066,False,60.531281181585605,78.30455471468001,0.35480506080784835,0.5189257538004313,0.16412069299258292,exact 95% beta posterior quantiles; NaN where the prior is capped and the posterior carries no player information
001746,goals_per_shot_on_goal,9.0,20.0,0.45,0.43696187666518743,-0.013038123334812579,0.4350562174861554,136.83583589626562,0.12752187588829125,False,68.5312811815856,88.30455471468001,0.36045027096406557,0.5149967369798105,0.15454646601574495,exact 95% beta posterior quantiles; NaN where the prior is capped and the posterior carries no player information
001760,goals_per_shot_on_goal,1.0,2.0,0.5,0.43599176531636213,-0.06400823468363787,0.4350562174861554,136.83583589626562,0.01440550263618066,False,60.531281181585605,78.30455471468001,0.35480506080784835,0.5189257538004313,0.16412069299258292,exact 95% beta posterior quantiles; NaN where the prior is capped and the posterior carries no player information
001766,goals_per_shot_on_goal,1.0,3.0,0.3333333333333333,0.4328738823894149,0.09954054905608156,0.4350562174861554,136.83583589626562,0.02145372808602145,False,60.531281181585605,79.30455471468001,0.35208243850502186,0.5154846074001398,0.16340216889511794,exact 95% beta posterior quantiles; NaN where the prior is capped and the posterior carries no player information
001793,goals_per_shot_on_goal,18.0,41.0,0.43902439024390244,0.4359710785559036,-0.0030533116879988276,0.4350562174861554,136.83583589626562,0.2305497077873322,False,77.5312811815856,100.30455471468001,0.3640651757887099,0.5092414287209976,0.14517625293228775,exact 95% beta posterior quantiles; NaN where the prior is capped and the posterior carries no player information
001795,goals_per_shot_on_goal,6.0,13.0,0.46153846153846156,0.4373538599067464,-0.024184601631715152,0.4350562174861554,136.83583589626562,0.08676162095828772,False,65.5312811815856,84.30455471468001,0.35909745810204186,0.5171947858470958,0.15809732774505392,exact 95% beta posterior quantiles; NaN where the prior is capped and the posterior carries no player information
001796,goals_per_shot_on_goal,4.0,4.0,1.0,0.4511016729320253,-0.5488983270679747,0.4350562174861554,136.83583589626562,0.02840186217197056,False,63.531281181585605,77.30455471468001,0.36999444707180373,0.5335247736366,0.16353032656479627,exact 95% beta posterior quantiles; NaN where the prior is capped and the posterior carries no player information
001809,goals_per_shot_on_goal,89.0,180.0,0.49444444444444446,0.46879571170167705,-0.02564873274276741,0.4350562174861554,136.83583589626562,0.5681175536561884,True,148.5312811815856,168.30455471468002,0.4141575326502789,0.5238070853811223,0.10964955273084342,exact 95% beta posterior quantiles; NaN where the prior is capped and the posterior carries no player information
001810,goals_per_shot_on_goal,125.0,286.0,0.4370629370629371,0.4364135333762408,-0.0006494036866963038,0.4350562174861554,136.83583589626562,0.6763854331168005,True,184.5312811815856,238.30455471468002,0.3895078411733266,0.48388903072918765,0.09438118955586106,exact 95% beta posterior quantiles; NaN where the prior is capped and the posterior carries no player information
001811,goals_per_shot_on_goal,0.0,2.0,0.0,0.4287890139982718,0.4287890139982718,0.4350562174861554,136.83583589626562,0.01440550263618066,False,59.531281181585605,79.30455471468001,0.3478641069086734,0.511657807714073,0.16379370080539957,exact 95% beta posterior quantiles; NaN where the prior is capped and the posterior carries no player information
001812,goals_per_shot_on_goal,13.0,37.0,0.35135135135135137,0.41724009786375543,0.06588874651240406,0.4350562174861554,136.83583589626562,0.2128444909488012,False,72.5312811815856,101.30455471468001,0.34514374713762663,0.49114060672582127,0.14599685958819464,exact 95% beta posterior quantiles; NaN where the prior is capped and the posterior carries no player information
001813,goals_per_shot_on_goal,8.0,24.0,0.3333333333333333,0.4198770802866426,0.0865437469533093,0.4350562174861554,136.83583589626562,0.14922047606031838,False,67.5312811815856,93.30455471468001,0.34488800159306265,0.49675405214657076,0.1518660505535081,exact 95% beta posterior quantiles; NaN where the prior is capped and the posterior carries no player information
001814,goals_per_shot_on_goal,103.0,223.0,0.4618834080717489,0.45168175308820696,-0.010201654983541919,0.4350562174861554,136.83583589626562,0.6197270470423268,True,162.5312811815856,197.30455471468002,0.4006185563339386,0.5032537550723646,0.10263519873842597,exact 95% beta posterior quantiles; NaN where the prior is capped and the posterior carries no player information
001815,goals_per_shot_on_goal,40.0,78.0,0.5128205128205128,0.46328993841439325,-0.04953057440611952,0.4350562174861554,136.83583589626562,0.36306791962614016,False,99.5312811815856,115.30455471468001,0.3971554683812428,0.5300719475781079,0.1329164791968651,exact 95% beta posterior quantiles; NaN where the prior is capped and the posterior carries no player information
001816,goals_per_shot_on_goal,26.0,58.0,0.4482758620689655,0.4389915273447135,-0.009284334724252052,0.4350562174861554,136.83583589626562,0.29768650994409634,False,85.5312811815856,109.30455471468001,0.3701578334730584,0.5090118440857623,0.13885401061270386,exact 95% beta posterior quantiles; NaN where the prior is capped and the posterior carries no player information
001817,goals_per_shot_on_goal,0.0,1.0,0.0,0.43189988143858665,0.43189988143858665,0.4350562174861554,136.83583589626562,0.0072550073317115705,False,59.531281181585605,78.30455471468001,0.3505727619922254,0.5150994663417805,0.16452670434955508,exact 95% beta posterior quantiles; NaN where the prior is capped and the posterior carries no player information
001818,goals_per_shot_on_goal,23.0,51.0,0.45098039215686275,0.43937984883334186,-0.011600543323520895,0.4350562174861554,136.83583589626562,0.2715136851104669,False,82.5312811815856,105.30455471468001,0.36928544149850495,0.5106972770590801,0.14141183556057513,exact 95% beta posterior quantiles; NaN where the prior is capped and the posterior carries no player information
001819,goals_per_shot_on_goal,14.0,27.0,0.5185185185185185,0.44881073044448405,-0.06970778807403444,0.4350562174861554,136.83583589626562,0.16479911035516878,False,73.5312811815856,90.30455471468001,0.37357491606962867,0.5252306322508957,0.15165571618126705,exact 95% beta posterior quantiles; NaN where the prior is capped and the posterior carries no player information
001820,goals_per_shot_on_goal,19.0,40.0,0.475,0.44409144098854003,-0.030908559011459946,0.4350562174861554,136.83583589626562,0.22619849532910602,False,78.5312811815856,98.30455471468001,0.37175451710936613,0.5176265154441353,0.14587199833476916,exact 95% beta posterior quantiles; NaN where the prior is capped and the posterior carries no player information
001821,goals_per_shot_on_goal,72.0,129.0,0.5581395348837209,0.49478386064139107,-0.06335567424232985,0.4350562174861554,136.83583589626562,0.485261889410344,False,131.5312811815856,134.30455471468002,0.4348798189603258,0.554762256651884,0.11988243769155815,exact 95% beta posterior quantiles; NaN where the prior is capped and the posterior carries no player information
001823,goals_per_shot_on_goal,2.0,6.0,0.3333333333333333,0.43078321903946176,0.09744988570612845,0.4350562174861554,136.83583589626562,0.042006265180941665,False,61.531281181585605,81.30455471468001,0.35090137770748697,0.5125015870144125,0.16160020930692554,exact 95% beta posterior quantiles; NaN where the prior is capped and the posterior carries no player information
001824,goals_per_shot_on_goal,5.0,11.0,0.45454545454545453,0.4365063503741157,-0.018039104171338805,0.4350562174861554,136.83583589626562,0.07440685766960149,False,64.5312811815856,83.30455471468001,0.35776116015040316,0.5168792320473585,0.15911807189695537,exact 95% beta posterior quantiles; NaN where the prior is capped and the posterior carries no player information
001825,goals_per_shot_on_goal,1.0,7.0,0.14285714285714285,0.42083588421762125,0.2779787413604784,0.4350562174861554,136.83583589626562,0.048666592413370464,False,60.531281181585605,83.30455471468001,0.34160113739199005,0.5021564563212451,0.160555318929255,exact 95% beta posterior quantiles; NaN where the prior is capped and the posterior carries no player information
001826,goals_per_shot_on_goal,21.0,34.0,0.6176470588235294,0.47139571600472363,-0.1462513428188058,0.4350562174861554,136.83583589626562,0.19902147474869014,False,80.5312811815856,90.30455471468001,0.39717044148710556,0.5462555412959773,0.14908509980887175,exact 95% beta posterior quantiles; NaN where the prior is capped and the posterior carries no player information
001827,goals_per_shot_on_goal,37.0,73.0,0.5068493150684932,0.46003239041260224,-0.046816924655890935,0.4350562174861554,136.83583589626562,0.34789100578648663,False,96.5312811815856,113.30455471468001,0.39318714788532816,0.5275994345720392,0.134412286686711,exact 95% beta posterior quantiles; NaN where the prior is capped and the posterior carries no player information
001828,goals_per_shot_on_goal,59.0,123.0,0.4796747967479675,0.45617757370814277,-0.02349722303982471,0.4350562174861554,136.83583589626562,0.4733758127539626,False,118.5312811815856,141.30455471468002,0.39610216979053803,0.5168920740543399,0.12078990426380187,exact 95% beta posterior quantiles; NaN where the prior is capped and the posterior carries no player information
001831,goals_per_shot_on_goal,2.0,3.0,0.6666666666666666,0.4400251250847554,-0.22664154158191124,0.4350562174861554,136.83583589626562,0.02145372808602145,False,61.531281181585605,78.30455471468001,0.35898491021362133,0.522690817801049,0.16370590758742765,exact 95% beta posterior quantiles; NaN where the prior is capped and the posterior carries no player information
001832,goals_per_shot_on_goal,50.0,116.0,0.43103448275862066,0.4332110627961951,0.002176580037574427,0.4350562174861554,136.83583589626562,0.45879572248450134,False,109.5312811815856,143.30455471468002,0.3728060689463746,0.4946170518815052,0.1218109829351306,exact 95% beta posterior quantiles; NaN where the prior is capped and the posterior carries no player information
001833,goals_per_shot_on_goal,6.0,17.0,0.35294117647058826,0.4259818968694301,0.07304072039884185,0.4350562174861554,136.83583589626562,0.1105074113645628,False,65.5312811815856,88.30455471468001,0.34911759922397323,0.5046696370409336,0.15555203781696036,exact 95% beta posterior quantiles; NaN where the prior is capped and the posterior carries no player information
001835,goals_per_shot_on_goal,40.0,89.0,0.449438202247191,0.4407240364957129,-0.008714165751478098,0.4350562174861554,136.83583589626562,0.3940915738496031,False,99.5312811815856,126.30455471468001,0.3766752030060161,0.5057675045973156,0.12909230159129947,exact 95% beta posterior quantiles; NaN where the prior is capped and the posterior carries no player information
001836,goals_per_shot_on_goal,19.0,45.0,0.4222222222222222,0.4318801120500054,0.009657889827783206,0.4350562174861554,136.83583589626562,0.24747597071938982,False,78.5312811815856,103.30455471468001,0.36087754133041017,0.5043023625330534,0.14342482120264322,exact 95% beta posterior quantiles; NaN where the prior is capped and the posterior carries no player information
001838,goals_per_shot_on_goal,24.0,40.0,0.6,0.4723662529046783,-0.12763374709532166,0.4350562174861554,136.83583589626562,0.22619849532910602,False,83.5312811815856,93.30455471468001,0.3993768769141752,0.5459478444245178,0.1465709675103426,exact 95% beta posterior quantiles; NaN where the prior is capped and the posterior carries no player information
001843,goals_per_shot_on_goal,8.0,17.0,0.47058823529411764,0.4389827687946728,-0.031605466499444845,0.4350562174861554,136.83583589626562,0.1105074113645628,False,67.5312811815856,86.30455471468001,0.36167835709056817,0.5177903663425241,0.1561120092519559,exact 95% beta posterior quantiles; NaN where the prior is capped and the posterior carries no player information
001846,goals_per_shot_on_goal,21.0,56.0,0.375,0.4176157445388248,0.042615744538824774,0.4350562174861554,136.83583589626562,0.2904024541897115,False,80.5312811815856,112.30455471468001,0.3490790078358259,0.48777145755593665,0.13869244972011074,exact 95% beta posterior quantiles; NaN where the prior is capped and the posterior carries no player information
002001,goals_per_shot_on_goal,3.0,11.0,0.2727272727272727,0.4229778307978246,0.15025055807055188,0.4350562174861554,136.83583589626562,0.07440685766960149,False,62.531281181585605,85.30455471468001,0.3447155344474595,0.5032145978475455,0.15849906340008602,exact 95% beta posterior quantiles; NaN where the prior is capped and the posterior carries no player information
002003,goals_per_shot_on_goal,5.0,13.0,0.38461538461538464,0.43067988906380117,0.04606450444841653,0.4350562174861554,136.83583589626562,0.08676162095828772,False,64.5312811815856,85.30455471468001,0.3526501406158786,0.5104629554261919,0.15781281481031328,exact 95% beta posterior quantiles; NaN where the prior is capped and the posterior carries no player information
002006,goals_per_shot_on_goal,31.0,60.0,0.5166666666666667,0.45993292211940745,-0.05673374454725927,0.4350562174861554,136.83583589626562,0.3048225427387144,False,90.5312811815856,106.30455471468001,0.3909453797095921,0.5296918642416131,0.13874648453202099,exact 95% beta posterior quantiles; NaN where the prior is capped and the posterior carries no player information
002007,goals_per_shot_on_goal,1.0,2.0,0.5,0.43599176531636213,-0.06400823468363787,0.4350562174861554,136.83583589626562,0.01440550263618066,False,60.531281181585605,78.30455471468001,0.35480506080784835,0.5189257538004313,0.16412069299258292,exact 95% beta posterior quantiles; NaN where the prior is capped and the posterior carries no player information
002015,goals_per_shot_on_goal,79.0,157.0,0.5031847133757962,0.47145808733313255,-0.03172662604266363,0.4350562174861554,136.83583589626562,0.534311955249143,True,138.5312811815856,155.30455471468002,0.4147038798837457,0.5285803724837024,0.11387649259995669,exact 95% beta posterior quantiles; NaN where the prior is capped and the posterior carries no player information
002016,goals_per_shot_on_goal,51.0,114.0,0.4473684210526316,0.4406518741097917,-0.006716546942839907,0.4350562174861554,136.83583589626562,0.45448051548402063,False,110.5312811815856,140.30455471468002,0.3798366441333201,0.5023636780388188,0.12252703390549868,exact 95% beta posterior quantiles; NaN where the prior is capped and the posterior carries no player information
002017,goals_per_shot_on_goal,1.0,2.0,0.5,0.43599176531636213,-0.06400823468363787,0.4350562174861554,136.83583589626562,0.01440550263618066,False,60.531281181585605,78.30455471468001,0.35480506080784835,0.5189257538004313,0.16412069299258292,exact 95% beta posterior quantiles; NaN where the prior is capped and the posterior carries no player information
002018,goals_per_shot_on_goal,43.0,111.0,0.38738738738738737,0.41370643922738104,0.026319051839993668,0.4350562174861554,136.83583589626562,0.44787711832949073,False,102.5312811815856,145.30455471468002,0.35322909787646495,0.47550317787681706,0.12227408000035211,exact 95% beta posterior quantiles; NaN where the prior is capped and the posterior carries no player information
002019,goals_per_shot_on_goal,6.0,14.0,0.42857142857142855,0.43445432441302245,0.005882895841593905,0.4350562174861554,136.83583589626562,0.09281613959184225,False,65.5312811815856,85.30455471468001,0.3565488622698467,0.5140066501044203,0.15745778783457354,exact 95% beta posterior quantiles; NaN where the prior is capped and the posterior carries no player information
002021,goals_per_shot_on_goal,8.0,14.0,0.5714285714285714,0.44771377292614273,-0.12371479850242867,0.4350562174861554,136.83583589626562,0.09281613959184225,False,67.5312811815856,83.30455471468001,0.36939066197373904,0.527350614516763,0.15795995254302397,exact 95% beta posterior quantiles; NaN where the prior is capped and the posterior carries no player information
002022,goals_per_shot_on_goal,18.0,36.0,0.5,0.448583366866806,-0.051416633133194,0.4350562174861554,136.83583589626562,0.20829013736252502,False,77.5312811815856,95.30455471468001,0.37530654555303045,0.5229875861259643,0.14768104057293385,exact 95% beta posterior quantiles; NaN where the prior is capped and the posterior carries no player information
002023,goals_per_shot_on_goal,25.0,59.0,0.423728813559322,0.43164357940270887,0.00791476584338685,0.4350562174861554,136.83583589626562,0.30127274576677754,False,84.5312811815856,111.30455471468001,0.3631883840134833,0.5014215178380255,0.13823313382454216,exact 95% beta posterior quantiles; NaN where the prior is capped and the posterior carries no player information
002024,goals_per_shot_on_goal,61.0,144.0,0.4236111111111111,0.4291876811124173,0.00557657000130618,0.4350562174861554,136.83583589626562,0.5127550746521905,True,120.5312811815856,160.30455471468002,0.37192482946556993,0.4874059945286717,0.1154811650631018,exact 95% beta posterior quantiles; NaN where the prior is capped and the posterior carries no player information
002025,goals_per_shot_on_goal,4.0,15.0,0.26666666666666666,0.4184208609684886,0.1517541943018219,0.4350562174861554,136.83583589626562,0.098790907373461,False,63.531281181585605,88.30455471468001,0.34134662893484347,0.4975312620808836,0.15618463314604014,exact 95% beta posterior quantiles; NaN where the prior is capped and the posterior carries no player information
002026,goals_per_shot_on_goal,0.0,2.0,0.0,0.4287890139982718,0.4287890139982718,0.4350562174861554,136.83583589626562,0.01440550263618066,False,59.531281181585605,79.30455471468001,0.3478641069086734,0.511657807714073,0.16379370080539957,exact 95% beta posterior quantiles; NaN where the prior is capped and the posterior carries no player information
002027,goals_per_shot_on_goal,6.0,17.0,0.35294117647058826,0.4259818968694301,0.07304072039884185,0.4350562174861554,136.83583589626562,0.1105074113645628,False,65.5312811815856,88.30455471468001,0.34911759922397323,0.5046696370409336,0.15555203781696036,exact 95% beta posterior quantiles; NaN where the prior is capped and the posterior carries no player information
002028,goals_per_shot_on_goal,60.0,166.0,0.3614457831325301,0.3947065274749394,0.033260744342409276,0.4350562174861554,136.83583589626562,0.5481517717634388,True,119.5312811815856,183.30455471468002,0.3404463999613654,0.45028410796658136,0.10983770800521597,exact 95% beta posterior quantiles; NaN where the prior is capped and the posterior carries no player information
002029,goals_per_shot_on_goal,2.0,6.0,0.3333333333333333,0.43078321903946176,0.09744988570612845,0.4350562174861554,136.83583589626562,0.042006265180941665,False,61.531281181585605,81.30455471468001,0.35090137770748697,0.5125015870144125,0.16160020930692554,exact 95% beta posterior quantiles; NaN where the prior is capped and the posterior carries no player information
002030,goals_per_shot_on_goal,29.0,62.0,0.46774193548387094,0.4452481152732103,-0.022493820210660653,0.4350562174861554,136.83583589626562,0.3118150192621512,False,88.5312811815856,110.30455471468001,0.37693830401985906,0.5146014342608396,0.13766313024098054,exact 95% beta posterior quantiles; NaN where the prior is capped and the posterior carries no player information
002032,goals_per_shot_on_goal,4.0,12.0,0.3333333333333333,0.4268547342715575,0.0935214009382242,0.4350562174861554,136.83583589626562,0.08062574397985484,False,63.531281181585605,85.30455471468001,0.3487059406179469,0.5068660211109091,0.15816008049296215,exact 95% beta posterior quantiles; NaN where the prior is capped and the posterior carries no player information
002033,goals_per_shot_on_goal,11.0,46.0,0.2391304347826087,0.3857628939963524,0.14663245921374368,0.4350562174861554,136.83583589626562,0.2515918160928732,False,70.5312811815856,112.30455471468001,0.316670299944235,0.4572231301863212,0.1405528302420862,exact 95% beta posterior quantiles; NaN where the prior is capped and the posterior carries no player information
002034,goals_per_shot_on_goal,12.0,26.0,0.46153846153846156,0.439284637732658,-0.02225382380580354,0.4350562174861554,136.83583589626562,0.15967001278860551,False,71.5312811815856,91.30455471468001,0.36409763412666507,0.5158846982230898,0.15178706409642473,exact 95% beta posterior quantiles; NaN where the prior is capped and the posterior carries no player information
002036,goals_per_shot_on_goal,2.0,3.0,0.6666666666666666,0.4400251250847554,-0.22664154158191124,0.4350562174861554,136.83583589626562,0.02145372808602145,False,61.531281181585605,78.30455471468001,0.35898491021362133,0.522690817801049,0.16370590758742765,exact 95% beta posterior quantiles; NaN where the prior is capped and the posterior carries no player information
002038,goals_per_shot_on_goal,0.0,2.0,0.0,0.4287890139982718,0.4287890139982718,0.4350562174861554,136.83583589626562,0.01440550263618066,False,59.531281181585605,79.30455471468001,0.3478641069086734,0.511657807714073,0.16379370080539957,exact 95% beta posterior quantiles; NaN where the prior is capped and the posterior carries no player information
002039,goals_per_shot_on_goal,0.0,1.0,0.0,0.43189988143858665,0.43189988143858665,0.4350562174861554,136.83583589626562,0.0072550073317115705,False,59.531281181585605,78.30455471468001,0.3505727619922254,0.5150994663417805,0.16452670434955508,exact 95% beta posterior quantiles; NaN where the prior is capped and the posterior carries no player information
002040,goals_per_shot_on_goal,4.0,12.0,0.3333333333333333,0.4268547342715575,0.0935214009382242,0.4350562174861554,136.83583589626562,0.08062574397985484,False,63.531281181585605,85.30455471468001,0.3487059406179469,0.5068660211109091,0.15816008049296215,exact 95% beta posterior quantiles; NaN where the prior is capped and the posterior carries no player information
002042,goals_per_shot_on_goal,2.0,5.0,0.4,0.4338204149379265,0.03382041493792648,0.4350562174861554,136.83583589626562,0.03525202194780201,False,61.531281181585605,80.30455471468001,0.35355472468654625,0.5158544358855579,0.16229971119901165,exact 95% beta posterior quantiles; NaN where the prior is capped and the posterior carries no player information
002043,goals_per_shot_on_goal,7.0,22.0,0.3181818181818182,0.41886820317448153,0.10068638499266336,0.4350562174861554,136.83583589626562,0.1385077862049218,False,66.5312811815856,92.30455471468001,0.34345643952838145,0.4962157061963808,0.15275926666799933,exact 95% beta posterior quantiles; NaN where the prior is capped and the posterior carries no player information
002046,goals_per_shot_on_goal,1.0,2.0,0.5,0.43599176531636213,-0.06400823468363787,0.4350562174861554,136.83583589626562,0.01440550263618066,False,60.531281181585605,78.30455471468001,0.35480506080784835,0.5189257538004313,0.16412069299258292,exact 95% beta posterior quantiles; NaN where the prior is capped and the posterior carries no player information
002047,goals_per_shot_on_goal,1.0,1.0,1.0,0.4391548887702982,-0.5608451112297018,0.4350562174861554,136.83583589626562,0.0072550073317115705,False,60.531281181585605,77.30455471468001,0.3575705590483267,0.5224122157378588,0.1648416566895321,exact 95% beta posterior quantiles; NaN where the prior is capped and the posterior carries no player information
002049,goals_per_shot_on_goal,2.0,8.0,0.25,0.424834646762805,0.17483464676280502,0.4350562174861554,136.83583589626562,0.055234948937152285,False,61.531281181585605,83.30455471468001,0.34571350933401845,0.5059225824370515,0.160209073103033,exact 95% beta posterior quantiles; NaN where the prior is capped and the posterior carries no player information
002051,goals_per_shot_on_goal,8.0,15.0,0.5333333333333333,0.4447651029347448,-0.08856823039858852,0.4350562174861554,136.83583589626562,0.098790907373461,False,67.5312811815856,84.30455471468001,0.36678322762600146,0.5241256500885356,0.15734242246253416,exact 95% beta posterior quantiles; NaN where the prior is capped and the posterior carries no player information
002054,goals_per_shot_on_goal,5.0,11.0,0.45454545454545453,0.4365063503741157,-0.018039104171338805,0.4350562174861554,136.83583589626562,0.07440685766960149,False,64.5312811815856,83.30455471468001,0.35776116015040316,0.5168792320473585,0.15911807189695537,exact 95% beta posterior quantiles; NaN where the prior is capped and the posterior carries no player information
002056,goals_per_shot_on_goal,0.0,1.0,0.0,0.43189988143858665,0.43189988143858665,0.4350562174861554,136.83583589626562,0.0072550073317115705,False,59.531281181585605,78.30455471468001,0.3505727619922254,0.5150994663417805,0.16452670434955508,exact 95% beta posterior quantiles; NaN where the prior is capped and the posterior carries no player information
002062,goals_per_shot_on_goal,0.0,2.0,0.0,0.4287890139982718,0.4287890139982718,0.4350562174861554,136.83583589626562,0.01440550263618066,False,59.531281181585605,79.30455471468001,0.3478641069086734,0.511657807714073,0.16379370080539957,exact 95% beta posterior quantiles; NaN where the prior is capped and the posterior carries no player information
002063,goals_per_shot_on_goal,1.0,4.0,0.25,0.4298002763030474,0.1798002763030474,0.4350562174861554,136.83583589626562,0.02840186217197056,False,60.531281181585605,80.30455471468001,0.34940169026958756,0.5120879255409818,0.16268623527139425,exact 95% beta posterior quantiles; NaN where the prior is capped and the posterior carries no player information
002064,goals_per_shot_on_goal,1.0,6.0,0.16666666666666666,0.42378217484263814,0.2571155081759715,0.4350562174861554,136.83583589626562,0.042006265180941665,False,60.531281181585605,82.30455471468001,0.3441619653312955,0.5054246517538559,0.16126268642256036,exact 95% beta posterior quantiles; NaN where the prior is capped and the posterior carries no player information
002065,goals_per_shot_on_goal,1.0,8.0,0.125,0.417930278145661,0.292930278145661,0.4350562174861554,136.83583589626562,0.055234948937152285,False,60.531281181585605,84.30455471468001,0.33907847889349796,0.49892951737274416,0.1598510384792462,exact 95% beta posterior quantiles; NaN where the prior is capped and the posterior carries no player information
002067,goals_per_shot_on_goal,8.0,24.0,0.3333333333333333,0.4198770802866426,0.0865437469533093,0.4350562174861554,136.83583589626562,0.14922047606031838,False,67.5312811815856,93.30455471468001,0.34488800159306265,0.49675405214657076,0.1518660505535081,exact 95% beta posterior quantiles; NaN where the prior is capped and the posterior carries no player information
002074,goals_per_shot_on_goal,0.0,1.0,0.0,0.43189988143858665,0.43189988143858665,0.4350562174861554,136.83583589626562,0.0072550073317115705,False,59.531281181585605,78.30455471468001,0.3505727619922254,0.5150994663417805,0.16452670434955508,exact 95% beta posterior quantiles; NaN where the prior is capped and the posterior carries no player information
003003,goals_per_shot_on_goal,0.0,4.0,0.0,0.42269981076005475,0.42269981076005475,0.4350562174861554,136.83583589626562,0.02840186217197056,False,59.531281181585605,81.30455471468001,0.34257162219728343,0.5049081158067565,0.1623364936094731,exact 95% beta posterior quantiles; NaN where the prior is capped and the posterior carries no player information
003004,goals_per_shot_on_goal,7.0,18.0,0.3888888888888889,0.429689165925123,0.04080027703623412,0.4350562174861554,136.83583589626562,0.11625215762105193,False,66.5312811815856,88.30455471468001,0.3529376635851804,0.5081615994859021,0.1552239359007217,exact 95% beta posterior quantiles; NaN where the prior is capped and the posterior carries no player information
003005,goals_per_shot_on_goal,7.0,15.0,0.4666666666666667,0.43817904244318073,-0.02848762422348594,0.4350562174861554,136.83583589626562,0.098790907373461,False,66.5312811815856,85.30455471468001,0.36040282147587277,0.5174983148172032,0.15709549334133044,exact 95% beta posterior quantiles; NaN where the prior is capped and the posterior carries no player information
003006,goals_per_shot_on_goal,8.0,19.0,0.42105263157894735,0.43334885582119104,0.012296224242243692,0.4350562174861554,136.83583589626562,0.121923175697839,False,67.5312811815856,88.30455471468001,0.35671500299940817,0.5116036003164481,0.15488859731703997,exact 95% beta posterior quantiles; NaN where the prior is capped and the posterior carries no player information
003007,goals_per_shot_on_goal,3.0,6.0,0.5,0.43778426323628533,-0.06221573676371467,0.4350562174861554,136.83583589626562,0.042006265180941665,False,62.531281181585605,80.30455471468001,0.3576573382888455,0.5195619693549816,0.16190463106613606,exact 95% beta posterior quantiles; NaN where the prior is capped and the posterior carries no player information
003008,goals_per_shot_on_goal,1.0,1.0,1.0,0.4391548887702982,-0.5608451112297018,0.4350562174861554,136.83583589626562,0.0072550073317115705,False,60.531281181585605,77.30455471468001,0.3575705590483267,0.5224122157378588,0.1648416566895321,exact 95% beta posterior quantiles; NaN where the prior is capped and the posterior carries no player information
003009,goals_per_shot_on_goal,4.0,10.0,0.4,0.43266877457944414,0.032668774579444115,0.4350562174861554,136.83583589626562,0.06810326606554445,False,63.531281181585605,83.30455471468001,0.35379274367005564,0.5132826263725292,0.15948988270247355,exact 95% beta posterior quantiles; NaN where the prior is capped and the posterior carries no player information
003010,goals_per_shot_on_goal,90.0,165.0,0.5454545454545454,0.49540599027140114,-0.05004855518314427,0.4350562174861554,136.83583589626562,0.5466547718234057,True,149.5312811815856,152.30455471468002,0.4391630004683975,0.5517066542815883,0.11254365381319076,exact 95% beta posterior quantiles; NaN where the prior is capped and the posterior carries no player information
003011,goals_per_shot_on_goal,2.0,4.0,0.5,0.43690074184604005,-0.06309925815395995,0.4350562174861554,136.83583589626562,0.02840186217197056,False,61.531281181585605,79.30455471468001,0.3562489146424923,0.5192505737941246,0.16300165915163234,exact 95% beta posterior quantiles; NaN where the prior is capped and the posterior carries no player information
003013,goals_per_shot_on_goal,51.0,129.0,0.3953488372093023,0.41578773910947464,0.020438901900172335,0.4350562174861554,136.83583589626562,0.485261889410344,False,110.5312811815856,155.30455471468002,0.35730203581624664,0.47547382235643454,0.1181717865401879,exact 95% beta posterior quantiles; NaN where the prior is capped and the posterior carries no player information
003015,goals_per_shot_on_goal,1.0,1.0,1.0,0.4391548887702982,-0.5608451112297018,0.4350562174861554,136.83583589626562,0.0072550073317115705,False,60.531281181585605,77.30455471468001,0.3575705590483267,0.5224122157378588,0.1648416566895321,exact 95% beta posterior quantiles; NaN where the prior is capped and the posterior carries no player information
003016,goals_per_shot_on_goal,22.0,58.0,0.3793103448275862,0.4184614232106379,0.03915107838305171,0.4350562174861554,136.83583589626562,0.29768650994409634,False,81.5312811815856,113.30455471468001,0.3502426062768791,0.4882661471783649,0.13802354090148583,exact 95% beta posterior quantiles; NaN where the prior is capped and the posterior carries no player information
003017,goals_per_shot_on_goal,22.0,47.0,0.46808510638297873,0.4435004784790265,-0.024584627903952216,0.4350562174861554,136.83583589626562,0.25566288406641796,False,81.5312811815856,102.30455471468001,0.3725475240207743,0.515618131525116,0.14307060750434175,exact 95% beta posterior quantiles; NaN where the prior is capped and the posterior carries no player information
003018,goals_per_shot_on_goal,3.0,11.0,0.2727272727272727,0.4229778307978246,0.15025055807055188,0.4350562174861554,136.83583589626562,0.07440685766960149,False,62.531281181585605,85.30455471468001,0.3447155344474595,0.5032145978475455,0.15849906340008602,exact 95% beta posterior quantiles; NaN where the prior is capped and the posterior carries no player information
003019,goals_per_shot_on_goal,23.0,72.0,0.3194444444444444,0.3951969298151545,0.07575248537071005,0.4350562174861554,136.83583589626562,0.34476841434323724,False,82.5312811815856,126.30455471468001,0.33007137224194594,0.46222415575175546,0.13215278350980952,exact 95% beta posterior quantiles; NaN where the prior is capped and the posterior carries no player information
003021,goals_per_shot_on_goal,4.0,10.0,0.4,0.43266877457944414,0.032668774579444115,0.4350562174861554,136.83583589626562,0.06810326606554445,False,63.531281181585605,83.30455471468001,0.35379274367005564,0.5132826263725292,0.15948988270247355,exact 95% beta posterior quantiles; NaN where the prior is capped and the posterior carries no player information
003022,goals_per_shot_on_goal,25.0,69.0,0.36231884057971014,0.41067329609304054,0.0483544555133304,0.4350562174861554,136.83583589626562,0.3352185964098773,False,84.5312811815856,121.30455471468001,0.3445243145979475,0.47846678280620836,0.13394246820826083,exact 95% beta posterior quantiles; NaN where the prior is capped and the posterior carries no player information
003023,goals_per_shot_on_goal,5.0,18.0,0.2777777777777778,0.4167722595227839,0.13899448174500612,0.4350562174861554,136.83583589626562,0.11625215762105193,False,64.5312811815856,90.30455471468001,0.3404949551622849,0.49508661768049933,0.15459166251821443,exact 95% beta posterior quantiles; NaN where the prior is capped and the posterior carries no player information
003024,goals_per_shot_on_goal,13.0,29.0,0.4482758620689655,0.4373679596426655,-0.01090790242630002,0.4350562174861554,136.83583589626562,0.17487173289939703,False,72.5312811815856,93.30455471468001,0.3629099199024495,0.5132572852016892,0.15034736529923975,exact 95% beta posterior quantiles; NaN where the prior is capped and the posterior carries no player information
003025,goals_per_shot_on_goal,19.0,50.0,0.38,0.4203223691261642,0.040322369126164215,0.4350562174861554,136.83583589626562,0.26761461343936627,False,78.5312811815856,108.30455471468001,0.35062424346688204,0.49163658093311824,0.1410123374662362,exact 95% beta posterior quantiles; NaN where the prior is capped and the posterior carries no player information
003027,goals_per_shot_on_goal,20.0,40.0,0.5,0.4497464033717677,-0.05025359662823231,0.4350562174861554,136.83583589626562,0.22619849532910602,False,79.5312811815856,97.30455471468001,0.37725990658509545,0.5233098662283737,0.14604995964327827,exact 95% beta posterior quantiles; NaN where the prior is capped and the posterior carries no player information
003028,goals_per_shot_on_goal,0.0,1.0,0.0,0.43189988143858665,0.43189988143858665,0.4350562174861554,136.83583589626562,0.0072550073317115705,False,59.531281181585605,78.30455471468001,0.3505727619922254,0.5150994663417805,0.16452670434955508,exact 95% beta posterior quantiles; NaN where the prior is capped and the posterior carries no player information
003029,goals_per_shot_on_goal,2.0,5.0,0.4,0.4338204149379265,0.03382041493792648,0.4350562174861554,136.83583589626562,0.03525202194780201,False,61.531281181585605,80.30455471468001,0.35355472468654625,0.5158544358855579,0.16229971119901165,exact 95% beta posterior quantiles; NaN where the prior is capped and the posterior carries no player information
003031,goals_per_shot_on_goal,29.0,63.0,0.4603174603174603,0.4430200458517461,-0.0172974144657142,0.4350562174861554,136.83583589626562,0.31525877086781956,False,88.5312811815856,111.30455471468001,0.37493467653985135,0.5121859501523431,0.1372512736124918,exact 95% beta posterior quantiles; NaN where the prior is capped and the posterior carries no player information
003032,goals_per_shot_on_goal,8.0,12.0,0.6666666666666666,0.4537299822648424,-0.21293668440182423,0.4350562174861554,136.83583589626562,0.08062574397985484,False,67.5312811815856,81.30455471468001,0.3747195928299334,0.5339185729681049,0.15919898013817146,exact 95% beta posterior quantiles; NaN where the prior is capped and the posterior carries no player information
003033,goals_per_shot_on_goal,3.0,14.0,0.21428571428571427,0.414565151643342,0.20027943735762774,0.4350562174861554,136.83583589626562,0.09281613959184225,False,62.531281181585605,88.30455471468001,0.33739436310133897,0.49388247515889816,0.1564881120575592,exact 95% beta posterior quantiles; NaN where the prior is capped and the posterior carries no player information
003039,goals_per_shot_on_goal,4.0,10.0,0.4,0.43266877457944414,0.032668774579444115,0.4350562174861554,136.83583589626562,0.06810326606554445,False,63.531281181585605,83.30455471468001,0.35379274367005564,0.5132826263725292,0.15948988270247355,exact 95% beta posterior quantiles; NaN where the prior is capped and the posterior carries no player information
003041,goals_per_shot_on_goal,6.0,17.0,0.35294117647058826,0.4259818968694301,0.07304072039884185,0.4350562174861554,136.83583589626562,0.1105074113645628,False,65.5312811815856,88.30455471468001,0.34911759922397323,0.5046696370409336,0.15555203781696036,exact 95% beta posterior quantiles; NaN where the prior is capped and the posterior carries no player information
003047,goals_per_shot_on_goal,0.0,1.0,0.0,0.43189988143858665,0.43189988143858665,0.4350562174861554,136.83583589626562,0.0072550073317115705,False,59.531281181585605,78.30455471468001,0.3505727619922254,0.5150994663417805,0.16452670434955508,exact 95% beta posterior quantiles; NaN where the prior is capped and the posterior carries no player information
003048,goals_per_shot_on_goal,67.0,164.0,0.40853658536585363,0.42059909785886074,0.012062512493007105,0.4350562174861554,136.83583589626562,0.5451478196119912,True,126.5312811815856,174.30455471468002,0.3654488752654288,0.4767494258994702,0.11130055063404143,exact 95% beta posterior quantiles; NaN where the prior is capped and the posterior carries no player information
003049,goals_per_shot_on_goal,0.0,1.0,0.0,0.43189988143858665,0.43189988143858665,0.4350562174861554,136.83583589626562,0.0072550073317115705,False,59.531281181585605,78.30455471468001,0.3505727619922254,0.5150994663417805,0.16452670434955508,exact 95% beta posterior quantiles; NaN where the prior is capped and the posterior carries no player information
003052,goals_per_shot_on_goal,0.0,3.0,0.0,0.4257226396940744,0.4257226396940744,0.4350562174861554,136.83583589626562,0.02145372808602145,False,59.531281181585605,80.30455471468001,0.345197386253858,0.5082609724195208,0.16306358616566285,exact 95% beta posterior quantiles; NaN where the prior is capped and the posterior carries no player information
003054,goals_per_shot_on_goal,2.0,3.0,0.6666666666666666,0.4400251250847554,-0.22664154158191124,0.4350562174861554,136.83583589626562,0.02145372808602145,False,61.531281181585605,78.30455471468001,0.35898491021362133,0.522690817801049,0.16370590758742765,exact 95% beta posterior quantiles; NaN where the prior is capped and the posterior carries no player information
003066,goals_per_shot_on_goal,0.0,2.0,0.0,0.4287890139982718,0.4287890139982718,0.4350562174861554,136.83583589626562,0.01440550263618066,False,59.531281181585605,79.30455471468001,0.3478641069086734,0.511657807714073,0.16379370080539957,exact 95% beta posterior quantiles; NaN where the prior is capped and the posterior carries no player information
003068,goals_per_shot_on_goal,2.0,6.0,0.3333333333333333,0.43078321903946176,0.09744988570612845,0.4350562174861554,136.83583589626562,0.042006265180941665,False,61.531281181585605,81.30455471468001,0.35090137770748697,0.5125015870144125,0.16160020930692554,exact 95% beta posterior quantiles; NaN where the prior is capped and the posterior carries no player information
003069,goals_per_shot_on_goal,0.0,1.0,0.0,0.43189988143858665,0.43189988143858665,0.4350562174861554,136.83583589626562,0.0072550073317115705,False,59.531281181585605,78.30455471468001,0.3505727619922254,0.5150994663417805,0.16452670434955508,exact 95% beta posterior quantiles; NaN where the prior is capped and the posterior carries no player information
003070,goals_per_shot_on_goal,2.0,12.0,0.16666666666666666,0.41341711027491507,0.2467504436082484,0.4350562174861554,136.83583589626562,0.08062574397985484,False,61.531281181585605,87.30455471468001,0.335788694123039,0.49325014153146185,0.15746144740842283,exact 95% beta posterior quantiles; NaN where the prior is capped and the posterior carries no player information
003072,goals_per_shot_on_goal,1.0,5.0,0.2,0.4267700105483661,0.2267700105483661,0.4350562174861554,136.83583589626562,0.03525202194780201,False,60.531281181585605,81.30455471468001,0.346761845954461,0.5087348773668054,0.16197303141234443,exact 95% beta posterior quantiles; NaN where the prior is capped and the posterior carries no player information
003075,goals_per_shot_on_goal,67.0,165.0,0.40606060606060607,0.4192056281384416,0.013145022077835522,0.4350562174861554,136.83583589626562,0.5466547718234057,True,126.5312811815856,175.30455471468002,0.36417982875718735,0.4752457116555888,0.11106588289840147,exact 95% beta posterior quantiles; NaN where the prior is capped and the posterior carries no player information
003076,goals_per_shot_on_goal,51.0,97.0,0.5257731958762887,0.47268751925012703,-0.05308567662616165,0.4350562174861554,136.83583589626562,0.41482093464506953,False,110.5312811815856,123.30455471468001,0.4091132800967898,0.5367043782316614,0.12759109813487157,exact 95% beta posterior quantiles; NaN where the prior is capped and the posterior carries no player information
003077,goals_per_shot_on_goal,3.0,8.0,0.375,0.4317390153799491,0.056739015379949076,0.4350562174861554,136.83583589626562,0.055234948937152285,False,62.531281181585605,82.30455471468001,0.3523646071262192,0.5128995751438197,0.16053496801760048,exact 95% beta posterior quantiles; NaN where the prior is capped and the posterior carries no player information
003078,goals_per_shot_on_goal,34.0,95.0,0.35789473684210527,0.4034375480391045,0.04554281119699921,0.4350562174861554,136.83583589626562,0.4097727153903313,False,93.5312811815856,138.30455471468002,0.3412737759936135,0.46717962084221654,0.125905844848603,exact 95% beta posterior quantiles; NaN where the prior is capped and the posterior carries no player information
003080,goals_per_shot_on_goal,47.0,121.0,0.3884297520661157,0.41317484364138596,0.024745091575270273,0.4350562174861554,136.83583589626562,0.4692908554755034,False,106.5312811815856,151.30455471468002,0.3538777459471021,0.4737479701580014,0.11987022421089932,exact 95% beta posterior quantiles; NaN where the prior is capped and the posterior carries no player information
003081,goals_per_shot_on_goal,38.0,102.0,0.37254901960784315,0.408361169150289,0.03581214954244588,0.4350562174861554,136.83583589626562,0.42707158922458355,False,97.5312811815856,141.30455471468002,0.3469392595870886,0.4712370037159417,0.12429774412885308,exact 95% beta posterior quantiles; NaN where the prior is capped and the posterior carries no player information
003082,goals_per_shot_on_goal,8.0,20.0,0.4,0.43058578287077287,0.03058578287077285,0.4350562174861554,136.83583589626562,0.12752187588829125,False,67.5312811815856,89.30455471468001,0.3542845460760873,0.5085643353231717,0.1542797892470844,exact 95% beta posterior quantiles; NaN where the prior is capped and the posterior carries no player information
003083,goals_per_shot_on_goal,10.0,26.0,0.38461538461538464,0.42700232905661145,0.042386944441226815,0.4350562174861554,136.83583589626562,0.15967001278860551,False,69.5312811815856,93.30455471468001,0.3522127740725409,0.5034907720109913,0.15127799793845043,exact 95% beta posterior quantiles; NaN where the prior is capped and the posterior carries no player information
003084,goals_per_shot_on_goal,19.0,49.0,0.3877551020408163,0.42258416307510305,0.034829061034286735,0.4350562174861554,136.83583589626562,0.2636735792301761,False,78.5312811815856,107.30455471468001,0.3526276266493369,0.4941193651466165,0.14149173849727958,exact 95% beta posterior quantiles; NaN where the prior is capped and the posterior carries no player information
003085,goals_per_shot_on_goal,32.0,95.0,0.3368421052631579,0.39481075403088695,0.05796864876772906,0.4350562174861554,136.83583589626562,0.4097727153903313,False,91.5312811815856,140.30455471468002,0.33294622678658925,0.45839456949033774,0.1254483427037485,exact 95% beta posterior quantiles; NaN where the prior is capped and the posterior carries no player information
003086,goals_per_shot_on_goal,5.0,15.0,0.3333333333333333,0.4250069214600526,0.09167358812671927,0.4350562174861554,136.83583589626562,0.098790907373461,False,64.5312811815856,87.30455471468001,0.3476844437245745,0.5042011996556539,0.1565167559310794,exact 95% beta posterior quantiles; NaN where the prior is capped and the posterior carries no player information
003087,goals_per_shot_on_goal,9.0,12.0,0.75,0.46044879426316365,-0.28955120573683635,0.4350562174861554,136.83583589626562,0.08062574397985484,False,68.5312811815856,80.30455471468001,0.38125989396939985,0.5406448153371457,0.15938492136774585,exact 95% beta posterior quantiles; NaN where the prior is capped and the posterior carries no player information
003088,goals_per_shot_on_goal,10.0,22.0,0.45454545454545453,0.4377556285660618,-0.016789825979392714,0.4350562174861554,136.83583589626562,0.1385077862049218,False,69.5312811815856,89.30455471468001,0.36169298048480414,0.5153034082904924,0.15361042780568823,exact 95% beta posterior quantiles; NaN where the prior is capped and the posterior carries no player information
003089,goals_per_shot_on_goal,0.0,2.0,0.0,0.4287890139982718,0.4287890139982718,0.4350562174861554,136.83583589626562,0.01440550263618066,False,59.531281181585605,79.30455471468001,0.3478641069086734,0.511657807714073,0.16379370080539957,exact 95% beta posterior quantiles; NaN where the prior is capped and the posterior carries no player information
003090,goals_per_shot_on_goal,19.0,36.0,0.5277777777777778,0.454369204015765,-0.07340857376201276,0.4350562174861554,136.83583589626562,0.20829013736252502,False,78.5312811815856,94.30455471468001,0.38094485059264116,0.5287940948910546,0.1478492442984134,exact 95% beta posterior quantiles; NaN where the prior is capped and the posterior carries no player information
003091,goals_per_shot_on_goal,8.0,20.0,0.4,0.43058578287077287,0.03058578287077285,0.4350562174861554,136.83583589626562,0.12752187588829125,False,67.5312811815856,89.30455471468001,0.3542845460760873,0.5085643353231717,0.1542797892470844,exact 95% beta posterior quantiles; NaN where the prior is capped and the posterior carries no player information
003092,goals_per_shot_on_goal,15.0,48.0,0.3125,0.40322960545061387,0.09072960545061387,0.4350562174861554,136.83583589626562,0.2596899014049352,False,74.5312811815856,110.30455471468001,0.333779741107719,0.474663447617786,0.14088370651006699,exact 95% beta posterior quantiles; NaN where the prior is capped and the posterior carries no player information
003093,goals_per_shot_on_goal,44.0,87.0,0.5057471264367817,0.46253219805950146,-0.04321492837728019,0.4350562174861554,136.83583589626562,0.388677709499203,False,103.5312811815856,120.30455471468001,0.3977395819092635,0.5279591395228636,0.13021955761360005,exact 95% beta posterior quantiles; NaN where the prior is capped and the posterior carries no player information
003094,goals_per_shot_on_goal,30.0,67.0,0.44776119402985076,0.43923229096550565,-0.008528903064345117,0.4350562174861554,136.83583589626562,0.3286958826714703,False,89.5312811815856,114.30455471468001,0.3719050691870507,0.507689254853176,0.13578418566612527,exact 95% beta posterior quantiles; NaN where the prior is capped and the posterior carries no player information
003096,goals_per_shot_on_goal,0.0,2.0,0.0,0.4287890139982718,0.4287890139982718,0.4350562174861554,136.83583589626562,0.01440550263618066,False,59.531281181585605,79.30455471468001,0.3478641069086734,0.511657807714073,0.16379370080539957,exact 95% beta posterior quantiles; NaN where the prior is capped and the posterior carries no player information
003098,goals_per_shot_on_goal,11.0,28.0,0.39285714285714285,0.4278880305249418,0.03503088766779894,0.4350562174861554,136.83583589626562,0.16986597512461393,False,70.5312811815856,94.30455471468001,0.35351439358782955,0.5039195757417474,0.15040518215391785,exact 95% beta posterior quantiles; NaN where the prior is capped and the posterior carries no player information
003099,goals_per_shot_on_goal,6.0,12.0,0.5,0.44029235826819996,-0.05970764173180004,0.4350562174861554,136.83583589626562,0.08062574397985484,False,65.5312811815856,83.30455471468001,0.361683124123374,0.5204219464503694,0.15873882232699543,exact 95% beta posterior quantiles; NaN where the prior is capped and the posterior carries no player information
003100,goals_per_shot_on_goal,45.0,91.0,0.4945054945054945,0.4588008763870624,-0.03570461811843212,0.4350562174861554,136.83583589626562,0.39941038968704023,False,104.5312811815856,123.30455471468001,0.3946424158930313,0.5236445837363135,0.12900216784328222,exact 95% beta posterior quantiles; NaN where the prior is capped and the posterior carries no player information
003101,goals_per_shot_on_goal,2.0,5.0,0.4,0.4338204149379265,0.03382041493792648,0.4350562174861554,136.83583589626562,0.03525202194780201,False,61.531281181585605,80.30455471468001,0.35355472468654625,0.5158544358855579,0.16229971119901165,exact 95% beta posterior quantiles; NaN where the prior is capped and the posterior carries no player information
003102,goals_per_shot_on_goal,0.0,1.0,0.0,0.43189988143858665,0.43189988143858665,0.4350562174861554,136.83583589626562,0.0072550073317115705,False,59.531281181585605,78.30455471468001,0.3505727619922254,0.5150994663417805,0.16452670434955508,exact 95% beta posterior quantiles; NaN where the prior is capped and the posterior carries no player information
003103,goals_per_shot_on_goal,3.0,11.0,0.2727272727272727,0.4229778307978246,0.15025055807055188,0.4350562174861554,136.83583589626562,0.07440685766960149,False,62.531281181585605,85.30455471468001,0.3447155344474595,0.5032145978475455,0.15849906340008602,exact 95% beta posterior quantiles; NaN where the prior is capped and the posterior carries no player information
003104,goals_per_shot_on_goal,5.0,17.0,0.29411764705882354,0.41948146090680877,0.12536381384798523,0.4350562174861554,136.83583589626562,0.1105074113645628,False,64.5312811815856,89.30455471468001,0.34285788910347037,0.4980885981058236,0.15523070900235325,exact 95% beta posterior quantiles; NaN where the prior is capped and the posterior carries no player information
003106,goals_per_shot_on_goal,41.0,75.0,0.5466666666666666,0.47457164533207213,-0.0720950213345945,0.4350562174861554,136.83583589626562,0.3540477449562732,False,100.5312811815856,111.30455471468001,0.40778048706124537,0.5418176969105843,0.13403720984933898,exact 95% beta posterior quantiles; NaN where the prior is capped and the posterior carries no player information
003115,goals_per_shot_on_goal,5.0,10.0,0.5,0.43947910118599853,-0.06052089881400147,0.4350562174861554,136.83583589626562,0.06810326606554445,False,64.5312811815856,82.30455471468001,0.36037319971364923,0.5201470600732137,0.15977386035956442,exact 95% beta posterior quantiles; NaN where the prior is capped and the posterior carries no player information
003119,goals_per_shot_on_goal,3.0,9.0,0.3333333333333333,0.42877857007700554,0.09544523674367222,0.4350562174861554,136.83583589626562,0.06171322668868428,False,62.531281181585605,83.30455471468001,0.3497771169350017,0.5096308503707405,0.15985373343573883,exact 95% beta posterior quantiles; NaN where the prior is capped and the posterior carries no player information
003120,goals_per_shot_on_goal,4.0,18.0,0.2222222222222222,0.4103138063216144,0.1880915840993922,0.4350562174861554,136.83583589626562,0.11625215762105193,False,63.531281181585605,91.30455471468001,0.3342941151058767,0.4885286064527463,0.15423449134686962,exact 95% beta posterior quantiles; NaN where the prior is capped and the posterior carries no player information
003121,goals_per_shot_on_goal,6.0,13.0,0.46153846153846156,0.4373538599067464,-0.024184601631715152,0.4350562174861554,136.83583589626562,0.08676162095828772,False,65.5312811815856,84.30455471468001,0.35909745810204186,0.5171947858470958,0.15809732774505392,exact 95% beta posterior quantiles; NaN where the prior is capped and the posterior carries no player information
003126,goals_per_shot_on_goal,0.0,1.0,0.0,0.43189988143858665,0.43189988143858665,0.4350562174861554,136.83583589626562,0.0072550073317115705,False,59.531281181585605,78.30455471468001,0.3505727619922254,0.5150994663417805,0.16452670434955508,exact 95% beta posterior quantiles; NaN where the prior is capped and the posterior carries no player information
003128,goals_per_shot_on_goal,0.0,2.0,0.0,0.4287890139982718,0.4287890139982718,0.4350562174861554,136.83583589626562,0.01440550263618066,False,59.531281181585605,79.30455471468001,0.3478641069086734,0.511657807714073,0.16379370080539957,exact 95% beta posterior quantiles; NaN where the prior is capped and the posterior carries no player information
003136,goals_per_shot_on_goal,0.0,1.0,0.0,0.43189988143858665,0.43189988143858665,0.4350562174861554,136.83583589626562,0.0072550073317115705,False,59.531281181585605,78.30455471468001,0.3505727619922254,0.5150994663417805,0.16452670434955508,exact 95% beta posterior quantiles; NaN where the prior is capped and the posterior carries no player information
003142,goals_per_shot_on_goal,4.0,11.0,0.36363636363636365,0.4297420905859702,0.06610572694960654,0.4350562174861554,136.83583589626562,0.07440685766960149,False,63.531281181585605,84.30455471468001,0.35123074837611057,0.5100545159948524,0.15882376761874184,exact 95% beta posterior quantiles; NaN where the prior is capped and the posterior carries no player information
003143,goals_per_shot_on_goal,3.0,9.0,0.3333333333333333,0.42877857007700554,0.09544523674367222,0.4350562174861554,136.83583589626562,0.06171322668868428,False,62.531281181585605,83.30455471468001,0.3497771169350017,0.5096308503707405,0.15985373343573883,exact 95% beta posterior quantiles; NaN where the prior is capped and the posterior carries no player information
003149,goals_per_shot_on_goal,5.0,18.0,0.2777777777777778,0.4167722595227839,0.13899448174500612,0.4350562174861554,136.83583589626562,0.11625215762105193,False,64.5312811815856,90.30455471468001,0.3404949551622849,0.49508661768049933,0.15459166251821443,exact 95% beta posterior quantiles; NaN where the prior is capped and the posterior carries no player information
003151,goals_per_shot_on_goal,1.0,2.0,0.5,0.43599176531636213,-0.06400823468363787,0.4350562174861554,136.83583589626562,0.01440550263618066,False,60.531281181585605,78.30455471468001,0.35480506080784835,0.5189257538004313,0.16412069299258292,exact 95% beta posterior quantiles; NaN where the prior is capped and the posterior carries no player information
003153,goals_per_shot_on_goal,5.0,8.0,0.625,0.4455477526142371,-0.17945224738576288,0.4350562174861554,136.83583589626562,0.055234948937152285,False,64.5312811815856,80.30455471468001,0.3657146254845429,0.5268057250941638,0.16109109960962087,exact 95% beta posterior quantiles; NaN where the prior is capped and the posterior carries no player information
003156,goals_per_shot_on_goal,18.0,60.0,0.3,0.39388803785935267,0.09388803785935268,0.4350562174861554,136.83583589626562,0.3048225427387144,False,77.5312811815856,119.30455471468001,0.32690262465621345,0.4629162698693108,0.13601364521309733,exact 95% beta posterior quantiles; NaN where the prior is capped and the posterior carries no player information
003157,goals_per_shot_on_goal,14.0,36.0,0.3888888888888889,0.4254400182709699,0.036551129382080993,0.4350562174861554,136.83583589626562,0.20829013736252502,False,73.5312811815856,99.30455471468001,0.35285514625138603,0.49965971245546825,0.14680456620408222,exact 95% beta posterior quantiles; NaN where the prior is capped and the posterior carries no player information
003159,goals_per_shot_on_goal,49.0,92.0,0.532608695652174,0.4742757215298407,-0.05833297412233324,0.4350562174861554,136.83583589626562,0.4020349332073358,False,108.5312811815856,120.30455471468001,0.4099933487304952,0.5389840870921034,0.12899073836160824,exact 95% beta posterior quantiles; NaN where the prior is capped and the posterior carries no player information
003160,goals_per_shot_on_goal,36.0,64.0,0.5625,0.47566850186501963,-0.08683149813498037,0.4350562174861554,136.83583589626562,0.31866822827902513,False,95.5312811815856,105.30455471468001,0.4070737224246841,0.5447223990049679,0.1376486765802838,exact 95% beta posterior quantiles; NaN where the prior is capped and the posterior carries no player information
003161,goals_per_shot_on_goal,14.0,35.0,0.4,0.4279158698071291,0.027915869807129068,0.4350562174861554,136.83583589626562,0.203682775583138,False,73.5312811815856,98.30455471468001,0.35504209643113427,0.5023793834552635,0.14733728702412918,exact 95% beta posterior quantiles; NaN where the prior is capped and the posterior carries no player information
003162,goals_per_shot_on_goal,37.0,97.0,0.38144329896907214,0.41281645651784893,0.03137315754877679,0.4350562174861554,136.83583589626562,0.41482093464506953,False,96.5312811815856,137.30455471468002,0.3506133491464425,0.4764323904819321,0.1258190413354896,exact 95% beta posterior quantiles; NaN where the prior is capped and the posterior carries no player information
003163,goals_per_shot_on_goal,0.0,1.0,0.0,0.43189988143858665,0.43189988143858665,0.4350562174861554,136.83583589626562,0.0072550073317115705,False,59.531281181585605,78.30455471468001,0.3505727619922254,0.5150994663417805,0.16452670434955508,exact 95% beta posterior quantiles; NaN where the prior is capped and the posterior carries no player information
003164,goals_per_shot_on_goal,38.0,89.0,0.42696629213483145,0.4318680460721263,0.0049017539372948615,0.4350562174861554,136.83583589626562,0.3940915738496031,False,97.5312811815856,128.30455471468002,0.3680418764415663,0.496837444457924,0.12879556801635772,exact 95% beta posterior quantiles; NaN where the prior is capped and the posterior carries no player information
003165,goals_per_shot_on_goal,54.0,99.0,0.5454545454545454,0.4813996174505188,-0.06405492800402662,0.4350562174861554,136.83583589626562,0.4197835313016042,False,113.5312811815856,122.30455471468001,0.41797184423194267,0.5451262679707725,0.1271544237388298,exact 95% beta posterior quantiles; NaN where the prior is capped and the posterior carries no player information
003166,goals_per_shot_on_goal,30.0,63.0,0.47619047619047616,0.44802415332583845,-0.028166322864637716,0.4350562174861554,136.83583589626562,0.31525877086781956,False,89.5312811815856,110.30455471468001,0.37981529513490386,0.5172186547133606,0.13740335957845673,exact 95% beta posterior quantiles; NaN where the prior is capped and the posterior carries no player information
003167,goals_per_shot_on_goal,19.0,39.0,0.48717948717948717,0.44661704356963466,-0.040562443609852505,0.4350562174861554,136.83583589626562,0.22179779111129574,False,78.5312811815856,97.30455471468001,0.37400985482963733,0.5203747679770458,0.14636491314740852,exact 95% beta posterior quantiles; NaN where the prior is capped and the posterior carries no player information
003168,goals_per_shot_on_goal,52.0,115.0,0.45217391304347826,0.44287295644265157,-0.009300956600826693,0.4350562174861554,136.83583589626562,0.45664668648416645,False,111.5312811815856,140.30455471468002,0.3821281278214883,0.5044773785339203,0.12234925071243197,exact 95% beta posterior quantiles; NaN where the prior is capped and the posterior carries no player information
003169,goals_per_shot_on_goal,0.0,3.0,0.0,0.4257226396940744,0.4257226396940744,0.4350562174861554,136.83583589626562,0.02145372808602145,False,59.531281181585605,80.30455471468001,0.345197386253858,0.5082609724195208,0.16306358616566285,exact 95% beta posterior quantiles; NaN where the prior is capped and the posterior carries no player information
003170,goals_per_shot_on_goal,14.0,54.0,0.25925925925925924,0.3853117043570143,0.12605244509775504,0.4350562174861554,136.83583589626562,0.28296572153960264,False,73.5312811815856,117.30455471468001,0.31766625537420623,0.4552344821568113,0.13756822678260505,exact 95% beta posterior quantiles; NaN where the prior is capped and the posterior carries no player information
003171,goals_per_shot_on_goal,0.0,1.0,0.0,0.43189988143858665,0.43189988143858665,0.4350562174861554,136.83583589626562,0.0072550073317115705,False,59.531281181585605,78.30455471468001,0.3505727619922254,0.5150994663417805,0.16452670434955508,exact 95% beta posterior quantiles; NaN where the prior is capped and the posterior carries no player information
003172,goals_per_shot_on_goal,2.0,9.0,0.2222222222222222,0.42192154488937395,0.19969932266715174,0.4350562174861554,136.83583589626562,0.06171322668868428,False,61.531281181585605,84.30455471468001,0.3431772067269776,0.5026948857412208,0.15951767901424319,exact 95% beta posterior quantiles; NaN where the prior is capped and the posterior carries no player information
003173,goals_per_shot_on_goal,2.0,4.0,0.5,0.43690074184604005,-0.06309925815395995,0.4350562174861554,136.83583589626562,0.02840186217197056,False,61.531281181585605,79.30455471468001,0.3562489146424923,0.5192505737941246,0.16300165915163234,exact 95% beta posterior quantiles; NaN where the prior is capped and the posterior carries no player information
003174,goals_per_shot_on_goal,36.0,66.0,0.5454545454545454,0.4709783197799537,-0.07447622567459172,0.4350562174861554,136.83583589626562,0.3253862894018084,False,95.5312811815856,107.30455471468001,0.40279732501949184,0.5397015309135895,0.13690420589409769,exact 95% beta posterior quantiles; NaN where the prior is capped and the posterior carries no player information
003178,goals_per_shot_on_goal,4.0,5.0,0.8,0.44792122371704735,-0.3520787762829527,0.4350562174861554,136.83583589626562,0.03525202194780201,False,63.531281181585605,78.30455471468001,0.36719078876194544,0.5300432330404874,0.16285244427854195,exact 95% beta posterior quantiles; NaN where the prior is capped and the posterior carries no player information
003179,goals_per_shot_on_goal,5.0,11.0,0.45454545454545453,0.4365063503741157,-0.018039104171338805,0.4350562174861554,136.83583589626562,0.07440685766960149,False,64.5312811815856,83.30455471468001,0.35776116015040316,0.5168792320473585,0.15911807189695537,exact 95% beta posterior quantiles; NaN where the prior is capped and the posterior carries no player information
003180,goals_per_shot_on_goal,3.0,4.0,0.75,0.4440012073890327,-0.3059987926109673,0.4350562174861554,136.83583589626562,0.02840186217197056,False,62.531281181585605,78.30455471468001,0.3631131961301435,0.5263961604505312,0.1632829643203877,exact 95% beta posterior quantiles; NaN where the prior is capped and the posterior carries no player information
003181,goals_per_shot_on_goal,5.0,14.0,0.35714285714285715,0.4278246001564623,0.07068174301360514,0.4350562174861554,136.83583589626562,0.09281613959184225,False,64.5312811815856,86.30455471468001,0.35014952163328417,0.5073131035023835,0.1571635818690993,exact 95% beta posterior quantiles; NaN where the prior is capped and the posterior carries no player information
003183,goals_per_shot_on_goal,1.0,2.0,0.5,0.43599176531636213,-0.06400823468363787,0.4350562174861554,136.83583589626562,0.01440550263618066,False,60.531281181585605,78.30455471468001,0.35480506080784835,0.5189257538004313,0.16412069299258292,exact 95% beta posterior quantiles; NaN where the prior is capped and the posterior carries no player information
003184,goals_per_shot_on_goal,3.0,10.0,0.3,0.42585844797288974,0.12585844797288975,0.4350562174861554,136.83583589626562,0.06810326606554445,False,62.531281181585605,84.30455471468001,0.34722770741791464,0.5064027686894406,0.15917506127152592,exact 95% beta posterior quantiles; NaN where the prior is capped and the posterior carries no player information
003186,goals_per_shot_on_goal,17.0,43.0,0.3953488372093023,0.4255619065030565,0.03021306929375417,0.4350562174861554,136.83583589626562,0.2391069598875922,False,76.5312811815856,103.30455471468001,0.3543723038455937,0.4983201136055868,0.1439478097599931,exact 95% beta posterior quantiles; NaN where the prior is capped and the posterior carries no player information
003188,goals_per_shot_on_goal,2.0,3.0,0.6666666666666666,0.4400251250847554,-0.22664154158191124,0.4350562174861554,136.83583589626562,0.02145372808602145,False,61.531281181585605,78.30455471468001,0.35898491021362133,0.522690817801049,0.16370590758742765,exact 95% beta posterior quantiles; NaN where the prior is capped and the posterior carries no player information
003192,goals_per_shot_on_goal,35.0,82.0,0.4268292682926829,0.4319734964541918,0.00514422816150889,0.4350562174861554,136.83583589626562,0.37471010935736465,False,94.5312811815856,124.30455471468001,0.36714759239112027,0.497977379913209,0.13082978752208874,exact 95% beta posterior quantiles; NaN where the prior is capped and the posterior carries no player information
003194,goals_per_shot_on_goal,0.0,1.0,0.0,0.43189988143858665,0.43189988143858665,0.4350562174861554,136.83583589626562,0.0072550073317115705,False,59.531281181585605,78.30455471468001,0.3505727619922254,0.5150994663417805,0.16452670434955508,exact 95% beta posterior quantiles; NaN where the prior is capped and the posterior carries no player information
003195,goals_per_shot_on_goal,24.0,39.0,0.6153846153846154,0.4750526578146726,-0.14033195756994282,0.4350562174861554,136.83583589626562,0.22179779111129574,False,83.5312811815856,92.30455471468001,0.40180870340554975,0.5488342976605054,0.14702559425495565,exact 95% beta posterior quantiles; NaN where the prior is capped and the posterior carries no player information
003199,goals_per_shot_on_goal,0.0,1.0,0.0,0.43189988143858665,0.43189988143858665,0.4350562174861554,136.83583589626562,0.0072550073317115705,False,59.531281181585605,78.30455471468001,0.3505727619922254,0.5150994663417805,0.16452670434955508,exact 95% beta posterior quantiles; NaN where the prior is capped and the posterior carries no player information
003203,goals_per_shot_on_goal,4.0,10.0,0.4,0.43266877457944414,0.032668774579444115,0.4350562174861554,136.83583589626562,0.06810326606554445,False,63.531281181585605,83.30455471468001,0.35379274367005564,0.5132826263725292,0.15948988270247355,exact 95% beta posterior quantiles; NaN where the prior is capped and the posterior carries no player information
003208,goals_per_shot_on_goal,0.0,2.0,0.0,0.4287890139982718,0.4287890139982718,0.4350562174861554,136.83583589626562,0.01440550263618066,False,59.531281181585605,79.30455471468001,0.3478641069086734,0.511657807714073,0.16379370080539957,exact 95% beta posterior quantiles; NaN where the prior is capped and the posterior carries no player information
003209,goals_per_shot_on_goal,0.0,2.0,0.0,0.4287890139982718,0.4287890139982718,0.4350562174861554,136.83583589626562,0.01440550263618066,False,59.531281181585605,79.30455471468001,0.3478641069086734,0.511657807714073,0.16379370080539957,exact 95% beta posterior quantiles; NaN where the prior is capped and the posterior carries no player information
003211,goals_per_shot_on_goal,20.0,41.0,0.4878048780487805,0.44721740576504176,-0.04058747228373871,0.4350562174861554,136.83583589626562,0.2305497077873322,False,79.5312811815856,98.30455471468001,0.37499727131216787,0.5205623399524484,0.14556506864028051,exact 95% beta posterior quantiles; NaN where the prior is capped and the posterior carries no player information
003212,goals_per_shot_on_goal,3.0,5.0,0.6,0.44087081932748695,-0.15912918067251303,0.4350562174861554,136.83583589626562,0.03525202194780201,False,62.531281181585605,79.30455471468001,0.3603644024406094,0.5229571907839272,0.1625927883433178,exact 95% beta posterior quantiles; NaN where the prior is capped and the posterior carries no player information
003232,goals_per_shot_on_goal,2.0,2.0,1.0,0.4431945166344525,-0.5568054833655476,0.4350562174861554,136.83583589626562,0.01440550263618066,False,61.531281181585605,77.30455471468001,0.3617637052957434,0.5261760045250412,0.1644122992292978,exact 95% beta posterior quantiles; NaN where the prior is capped and the posterior carries no player information
003248,goals_per_shot_on_goal,18.0,39.0,0.46153846153846156,0.4409299207206271,-0.020608540817834475,0.4350562174861554,136.83583589626562,0.22179779111129574,False,77.5312811815856,98.30455471468001,0.3684791400155518,0.5146538031694945,0.14617466315394267,exact 95% beta posterior quantiles; NaN where the prior is capped and the posterior carries no player information
003249,goals_per_shot_on_goal,1.0,7.0,0.14285714285714285,0.42083588421762125,0.2779787413604784,0.4350562174861554,136.83583589626562,0.048666592413370464,False,60.531281181585605,83.30455471468001,0.34160113739199005,0.5021564563212451,0.160555318929255,exact 95% beta posterior quantiles; NaN where the prior is capped and the posterior carries no player information
003250,goals_per_shot_on_goal,11.0,31.0,0.3548387096774194,0.42023969913778664,0.06540098946036726,0.4350562174861554,136.83583589626562,0.18470429651960732,False,70.5312811815856,97.30455471468001,0.34678468518541194,0.49549566113273613,0.1487109759473242,exact 95% beta posterior quantiles; NaN where the prior is capped and the posterior carries no player information
003252,goals_per_shot_on_goal,8.0,22.0,0.36363636363636365,0.4251640116383416,0.061527648001977964,0.4350562174861554,136.83583589626562,0.1385077862049218,False,67.5312811815856,91.30455471468001,0.3495225562073756,0.5025910071271937,0.15306845091981813,exact 95% beta posterior quantiles; NaN where the prior is capped and the posterior carries no player information
003253,goals_per_shot_on_goal,0.0,3.0,0.0,0.4257226396940744,0.4257226396940744,0.4350562174861554,136.83583589626562,0.02145372808602145,False,59.531281181585605,80.30455471468001,0.345197386253858,0.5082609724195208,0.16306358616566285,exact 95% beta posterior quantiles; NaN where the prior is capped and the posterior carries no player information
003254,goals_per_shot_on_goal,2.0,5.0,0.4,0.4338204149379265,0.03382041493792648,0.4350562174861554,136.83583589626562,0.03525202194780201,False,61.531281181585605,80.30455471468001,0.35355472468654625,0.5158544358855579,0.16229971119901165,exact 95% beta posterior quantiles; NaN where the prior is capped and the posterior carries no player information
003256,goals_per_shot_on_goal,3.0,8.0,0.375,0.4317390153799491,0.056739015379949076,0.4350562174861554,136.83583589626562,0.055234948937152285,False,62.531281181585605,82.30455471468001,0.3523646071262192,0.5128995751438197,0.16053496801760048,exact 95% beta posterior quantiles; NaN where the prior is capped and the posterior carries no player information
003257,goals_per_shot_on_goal,16.0,26.0,0.6153846153846154,0.4638492550847512,-0.1515353602998642,0.4350562174861554,136.83583589626562,0.15967001278860551,False,75.5312811815856,87.30455471468001,0.3880091297032777,0.5405307483451907,0.15252161864191294,exact 95% beta posterior quantiles; NaN where the prior is capped and the posterior carries no player information
003259,goals_per_shot_on_goal,0.0,1.0,0.0,0.43189988143858665,0.43189988143858665,0.4350562174861554,136.83583589626562,0.0072550073317115705,False,59.531281181585605,78.30455471468001,0.3505727619922254,0.5150994663417805,0.16452670434955508,exact 95% beta posterior quantiles; NaN where the prior is capped and the posterior carries no player information
003261,goals_per_shot_on_goal,4.0,10.0,0.4,0.43266877457944414,0.032668774579444115,0.4350562174861554,136.83583589626562,0.06810326606554445,False,63.531281181585605,83.30455471468001,0.35379274367005564,0.5132826263725292,0.15948988270247355,exact 95% beta posterior quantiles; NaN where the prior is capped and the posterior carries no player information
003266,goals_per_shot_on_goal,6.0,16.0,0.375,0.4287690828351519,0.053769082835151916,0.4350562174861554,136.83583589626562,0.1046874897249863,False,65.5312811815856,87.30455471468001,0.3515596996003296,0.5077447363000829,0.15618503669975325,exact 95% beta posterior quantiles; NaN where the prior is capped and the posterior carries no player information
003267,goals_per_shot_on_goal,19.0,36.0,0.5277777777777778,0.454369204015765,-0.07340857376201276,0.4350562174861554,136.83583589626562,0.20829013736252502,False,78.5312811815856,94.30455471468001,0.38094485059264116,0.5287940948910546,0.1478492442984134,exact 95% beta posterior quantiles; NaN where the prior is capped and the posterior carries no player information
003268,goals_per_shot_on_goal,1.0,2.0,0.5,0.43599176531636213,-0.06400823468363787,0.4350562174861554,136.83583589626562,0.01440550263618066,False,60.531281181585605,78.30455471468001,0.35480506080784835,0.5189257538004313,0.16412069299258292,exact 95% beta posterior quantiles; NaN where the prior is capped and the posterior carries no player information
003269,goals_per_shot_on_goal,1.0,7.0,0.14285714285714285,0.42083588421762125,0.2779787413604784,0.4350562174861554,136.83583589626562,0.048666592413370464,False,60.531281181585605,83.30455471468001,0.34160113739199005,0.5021564563212451,0.160555318929255,exact 95% beta posterior quantiles; NaN where the prior is capped and the posterior carries no player information
003270,goals_per_shot_on_goal,3.0,15.0,0.2,0.4118348004769245,0.2118348004769245,0.4350562174861554,136.83583589626562,0.098790907373461,False,62.531281181585605,89.30455471468001,0.3350231821241323,0.49084695204510354,0.15582376992097124,exact 95% beta posterior quantiles; NaN where the prior is capped and the posterior carries no player information
003271,goals_per_shot_on_goal,0.0,1.0,0.0,0.43189988143858665,0.43189988143858665,0.4350562174861554,136.83583589626562,0.0072550073317115705,False,59.531281181585605,78.30455471468001,0.3505727619922254,0.5150994663417805,0.16452670434955508,exact 95% beta posterior quantiles; NaN where the prior is capped and the posterior carries no player information
003273,goals_per_shot_on_goal,9.0,18.0,0.5,0.44260607232746213,-0.05739392767253787,0.4350562174861554,136.83583589626562,0.11625215762105193,False,68.5312811815856,86.30455471468001,0.36543453446938656,0.5211824048601557,0.1557478703907691,exact 95% beta posterior quantiles; NaN where the prior is capped and the posterior carries no player information
003275,goals_per_shot_on_goal,2.0,8.0,0.25,0.424834646762805,0.17483464676280502,0.4350562174861554,136.83583589626562,0.055234948937152285,False,61.531281181585605,83.30455471468001,0.34571350933401845,0.5059225824370515,0.160209073103033,exact 95% beta posterior quantiles; NaN where the prior is capped and the posterior carries no player information
003277,goals_per_shot_on_goal,16.0,33.0,0.48484848484848486,0.44473111804106824,-0.04011736680741662,0.4350562174861554,136.83583589626562,0.19430528207342612,False,75.5312811815856,94.30455471468001,0.3709255428693723,0.5197699670388829,0.1488444241695106,exact 95% beta posterior quantiles; NaN where the prior is capped and the posterior carries no player information
003278,goals_per_shot_on_goal,5.0,10.0,0.5,0.43947910118599853,-0.06052089881400147,0.4350562174861554,136.83583589626562,0.06810326606554445,False,64.5312811815856,82.30455471468001,0.36037319971364923,0.5201470600732137,0.15977386035956442,exact 95% beta posterior quantiles; NaN where the prior is capped and the posterior carries no player information
003279,goals_per_shot_on_goal,0.0,3.0,0.0,0.4257226396940744,0.4257226396940744,0.4350562174861554,136.83583589626562,0.02145372808602145,False,59.531281181585605,80.30455471468001,0.345197386253858,0.5082609724195208,0.16306358616566285,exact 95% beta posterior quantiles; NaN where the prior is capped and the posterior carries no player information
003280,goals_per_shot_on_goal,20.0,39.0,0.5128205128205128,0.4523041664186423,-0.06051634640187048,0.4350562174861554,136.83583589626562,0.22179779111129574,False,79.5312811815856,96.30455471468001,0.3795502957946155,0.52608600500389,0.1465357092092745,exact 95% beta posterior quantiles; NaN where the prior is capped and the posterior carries no player information
003281,goals_per_shot_on_goal,7.0,12.0,0.5833333333333334,0.4470111702665212,-0.13632216306681216,0.4350562174861554,136.83583589626562,0.08062574397985484,False,66.5312811815856,82.30455471468001,0.3681939830130432,0.527177636657143,0.15898365364409983,exact 95% beta posterior quantiles; NaN where the prior is capped and the posterior carries no player information
003282,goals_per_shot_on_goal,1.0,3.0,0.3333333333333333,0.4328738823894149,0.09954054905608156,0.4350562174861554,136.83583589626562,0.02145372808602145,False,60.531281181585605,79.30455471468001,0.35208243850502186,0.5154846074001398,0.16340216889511794,exact 95% beta posterior quantiles; NaN where the prior is capped and the posterior carries no player information
003283,goals_per_shot_on_goal,1.0,3.0,0.3333333333333333,0.4328738823894149,0.09954054905608156,0.4350562174861554,136.83583589626562,0.02145372808602145,False,60.531281181585605,79.30455471468001,0.35208243850502186,0.5154846074001398,0.16340216889511794,exact 95% beta posterior quantiles; NaN where the prior is capped and the posterior carries no player information
003284,goals_per_shot_on_goal,1.0,1.0,1.0,0.4391548887702982,-0.5608451112297018,0.4350562174861554,136.83583589626562,0.0072550073317115705,False,60.531281181585605,77.30455471468001,0.3575705590483267,0.5224122157378588,0.1648416566895321,exact 95% beta posterior quantiles; NaN where the prior is capped and the posterior carries no player information
003285,goals_per_shot_on_goal,12.0,24.0,0.5,0.44474715963002903,-0.05525284036997097,0.4350562174861554,136.83583589626562,0.14922047606031838,False,71.5312811815856,89.30455471468001,0.3689398104615975,0.5218564349634107,0.1529166245018132,exact 95% beta posterior quantiles; NaN where the prior is capped and the posterior carries no player information
003286,goals_per_shot_on_goal,0.0,1.0,0.0,0.43189988143858665,0.43189988143858665,0.4350562174861554,136.83583589626562,0.0072550073317115705,False,59.531281181585605,78.30455471468001,0.3505727619922254,0.5150994663417805,0.16452670434955508,exact 95% beta posterior quantiles; NaN where the prior is capped and the posterior carries no player information
003288,goals_per_shot_on_goal,10.0,20.0,0.5,0.443337970459602,-0.05666202954039801,0.4350562174861554,136.83583589626562,0.12752187588829125,False,69.5312811815856,87.30455471468001,0.3666290294204373,0.5214161020994652,0.15478707267902792,exact 95% beta posterior quantiles; NaN where the prior is capped and the posterior carries no player information
003289,goals_per_shot_on_goal,2.0,3.0,0.6666666666666666,0.4400251250847554,-0.22664154158191124,0.4350562174861554,136.83583589626562,0.02145372808602145,False,61.531281181585605,78.30455471468001,0.35898491021362133,0.522690817801049,0.16370590758742765,exact 95% beta posterior quantiles; NaN where the prior is capped and the posterior carries no player information
003290,goals_per_shot_on_goal,1.0,4.0,0.25,0.4298002763030474,0.1798002763030474,0.4350562174861554,136.83583589626562,0.02840186217197056,False,60.531281181585605,80.30455471468001,0.34940169026958756,0.5120879255409818,0.16268623527139425,exact 95% beta posterior quantiles; NaN where the prior is capped and the posterior carries no player information
003292,goals_per_shot_on_goal,1.0,1.0,1.0,0.4391548887702982,-0.5608451112297018,0.4350562174861554,136.83583589626562,0.0072550073317115705,False,60.531281181585605,77.30455471468001,0.3575705590483267,0.5224122157378588,0.1648416566895321,exact 95% beta posterior quantiles; NaN where the prior is capped and the posterior carries no player information
003293,goals_per_shot_on_goal,0.0,1.0,0.0,0.43189988143858665,0.43189988143858665,0.4350562174861554,136.83583589626562,0.0072550073317115705,False,59.531281181585605,78.30455471468001,0.3505727619922254,0.5150994663417805,0.16452670434955508,exact 95% beta posterior quantiles; NaN where the prior is capped and the posterior carries no player information
003296,goals_per_shot_on_goal,1.0,1.0,1.0,0.4391548887702982,-0.5608451112297018,0.4350562174861554,136.83583589626562,0.0072550073317115705,False,60.531281181585605,77.30455471468001,0.3575705590483267,0.5224122157378588,0.1648416566895321,exact 95% beta posterior quantiles; NaN where the prior is capped and the posterior carries no player information
003297,goals_per_shot_on_goal,3.0,13.0,0.23076923076923078,0.4173319473779108,0.18656271660868,0.4350562174861554,136.83583589626562,0.08676162095828772,False,62.531281181585605,87.30455471468001,0.33979964556056075,0.4969551425019745,0.15715549694141373,exact 95% beta posterior quantiles; NaN where the prior is capped and the posterior carries no player information
003298,goals_per_shot_on_goal,10.0,14.0,0.7142857142857143,0.46097322143926306,-0.25331249284645124,0.4350562174861554,136.83583589626562,0.09281613959184225,False,69.5312811815856,81.30455471468001,0.3822895114135463,0.5406375179009046,0.15834800648735836,exact 95% beta posterior quantiles; NaN where the prior is capped and the posterior carries no player information
003300,goals_per_shot_on_goal,2.0,6.0,0.3333333333333333,0.43078321903946176,0.09744988570612845,0.4350562174861554,136.83583589626562,0.042006265180941665,False,61.531281181585605,81.30455471468001,0.35090137770748697,0.5125015870144125,0.16160020930692554,exact 95% beta posterior quantiles; NaN where the prior is capped and the posterior carries no player information
003302,goals_per_shot_on_goal,1.0,5.0,0.2,0.4267700105483661,0.2267700105483661,0.4350562174861554,136.83583589626562,0.03525202194780201,False,60.531281181585605,81.30455471468001,0.346761845954461,0.5087348773668054,0.16197303141234443,exact 95% beta posterior quantiles; NaN where the prior is capped and the posterior carries no player information
000201,two_point_attempt_share,3.0,3.0,1.0,0.5652022551179815,-0.4347977448820185,0.12953231739358906,2.9939941265151577,0.5005009909384357,True,3.387818997470303,2.6061751290448547,0.19468348220107146,0.8952421284338925,0.700558646232821,exact 95% beta posterior quantiles; NaN where the prior is capped and the posterior carries no player information
000204,two_point_attempt_share,0.0,6.0,0.0,0.043119774375544144,0.043119774375544144,0.12953231739358906,2.9939941265151577,0.6671118432589836,True,0.38781899747030285,8.606175129044855,6.5575295593589544e-06,0.23141883718199097,0.2314122796524316,exact 95% beta posterior quantiles; NaN where the prior is capped and the posterior carries no player information
000207,two_point_attempt_share,0.0,1.0,0.0,0.09710054276135928,0.09710054276135928,0.12953231739358906,2.9939941265151577,0.2503759315421229,False,0.38781899747030285,3.6061751290448547,1.6448466340079904e-05,0.4818465138960164,0.4818300654296763,exact 95% beta posterior quantiles; NaN where the prior is capped and the posterior carries no player information
000211,two_point_attempt_share,14.0,58.0,0.2413793103448276,0.23588911012495353,-0.005490200219874064,0.12953231739358906,2.9939941265151577,0.9509132961467495,True,14.387818997470303,46.60617512904486,0.13900282213580795,0.3491605930903461,0.21015777095453814,exact 95% beta posterior quantiles; NaN where the prior is capped and the posterior carries no player information
000213,two_point_attempt_share,0.0,1.0,0.0,0.09710054276135928,0.09710054276135928,0.12953231739358906,2.9939941265151577,0.2503759315421229,False,0.38781899747030285,3.6061751290448547,1.6448466340079904e-05,0.4818465138960164,0.4818300654296763,exact 95% beta posterior quantiles; NaN where the prior is capped and the posterior carries no player information
000216,two_point_attempt_share,71.0,374.0,0.18983957219251338,0.1893606267199931,-0.0004789454725202813,0.12953231739358906,2.9939941265151577,0.9920582444994857,True,71.3878189974703,305.60617512904486,0.15146910920157097,0.23037287659826688,0.07890376739669591,exact 95% beta posterior quantiles; NaN where the prior is capped and the posterior carries no player information
000221,two_point_attempt_share,5.0,157.0,0.03184713375796178,0.03367513278785882,0.00182799902989704,0.12953231739358906,2.9939941265151577,0.9812868342786188,True,5.387818997470303,154.60617512904486,0.011686881334753707,0.06656583151197992,0.054878950177226216,exact 95% beta posterior quantiles; NaN where the prior is capped and the posterior carries no player information
000222,two_point_attempt_share,1.0,10.0,0.1,0.10680465020669515,0.0068046502066951425,0.12953231739358906,2.9939941265151577,0.76958631061671,True,1.3878189974703028,11.606175129044855,0.0071280130941886455,0.31510660549975,0.30797859240556136,exact 95% beta posterior quantiles; NaN where the prior is capped and the posterior carries no player information
000223,two_point_attempt_share,8.0,10.0,0.8,0.6455150676383922,-0.15448493236160787,0.12953231739358906,2.9939941265151577,0.76958631061671,True,8.387818997470303,4.606175129044855,0.37896920475759543,0.86977989031584,0.4908106855582446,exact 95% beta posterior quantiles; NaN where the prior is capped and the posterior carries no player information
000225,two_point_attempt_share,40.0,228.0,0.17543859649122806,0.1748435891166501,-0.0005950073745779605,0.12953231739358906,2.9939941265151577,0.9870386494772875,True,40.387818997470305,190.60617512904486,0.1287302180135157,0.22628627190715633,0.09755605389364064,exact 95% beta posterior quantiles; NaN where the prior is capped and the posterior carries no player information
000227,two_point_attempt_share,7.0,145.0,0.04827586206896552,0.04991972168245355,0.0016438596134880357,0.12953231739358906,2.9939941265151577,0.979769488997265,True,7.387818997470303,140.60617512904486,0.021054146898677573,0.0902094405319076,0.06915529363323003,exact 95% beta posterior quantiles; NaN where the prior is capped and the posterior carries no player information
000231,two_point_attempt_share,2.0,79.0,0.02531645569620253,0.02912187682656298,0.003805421130360448,0.12953231739358906,2.9939941265151577,0.9634852020759535,True,2.387818997470303,79.60617512904486,0.004644878179533407,0.07466077341814525,0.07001589523861185,exact 95% beta posterior quantiles; NaN where the prior is capped and the posterior carries no player information
000234,two_point_attempt_share,0.0,109.0,0.0,0.0034628553119750256,0.0034628553119750256,0.12953231739358906,2.9939941265151577,0.9732664760296613,True,0.38781899747030285,111.60617512904486,4.892644938081503e-07,0.019462400261545554,0.019461910997051746,exact 95% beta posterior quantiles; NaN where the prior is capped and the posterior carries no player information
000235,two_point_attempt_share,4.0,12.0,0.3333333333333333,0.2926384364597655,-0.04069489687356781,0.12953231739358906,2.9939941265151577,0.8003204415546207,True,4.387818997470303,10.606175129044855,0.10020346569945104,0.5372022632218432,0.4369987975223921,exact 95% beta posterior quantiles; NaN where the prior is capped and the posterior carries no player information
000238,two_point_attempt_share,1.0,22.0,0.045454545454545456,0.05552609920789009,0.010071553753344634,0.12953231739358906,2.9939941265151577,0.8802114575461573,True,1.3878189974703028,23.606175129044853,0.0035396786697674543,0.17100743899936788,0.16746776032960042,exact 95% beta posterior quantiles; NaN where the prior is capped and the posterior carries no player information
000240,two_point_attempt_share,6.0,365.0,0.01643835616438356,0.01735848709333607,0.0009201309289525103,0.12953231739358906,2.9939941265151577,0.9918640136135325,True,6.387818997470303,361.60617512904486,0.006664123764494434,0.032966144528472796,0.026302020763978362,exact 95% beta posterior quantiles; NaN where the prior is capped and the posterior carries no player information
000242,two_point_attempt_share,6.0,10.0,0.6,0.49159780551505017,-0.10840219448494981,0.12953231739358906,2.9939941265151577,0.76958631061671,True,6.387818997470303,6.606175129044855,0.23581832522177137,0.749825091130333,0.5140067659085616,exact 95% beta posterior quantiles; NaN where the prior is capped and the posterior carries no player information
000246,two_point_attempt_share,2.0,43.0,0.046511627906976744,0.05191588690693304,0.0054042589999562934,0.12953231739358906,2.9939941265151577,0.9349046721561165,True,2.387818997470303,43.60617512904486,0.00840424039051868,0.1312321008008439,0.12282786041032523,exact 95% beta posterior quantiles; NaN where the prior is capped and the posterior carries no player information
000251,two_point_attempt_share,0.0,4.0,0.0,0.05545028927033691,0.05545028927033691,0.12953231739358906,2.9939941265151577,0.5719192678237275,True,0.38781899747030285,6.606175129044855,8.635950507596135e-06,0.2927935620828066,0.292784926132299,exact 95% beta posterior quantiles; NaN where the prior is capped and the posterior carries no player information
000254,two_point_attempt_share,7.0,84.0,0.08333333333333333,0.08492332225516873,0.0015899889218354002,0.12953231739358906,2.9939941265151577,0.965583898560158,True,7.387818997470303,79.60617512904486,0.03629152130451985,0.15149919691612013,0.11520767561160028,exact 95% beta posterior quantiles; NaN where the prior is capped and the posterior carries no player information
000256,two_point_attempt_share,0.0,8.0,0.0,0.03527553253234569,0.03527553253234569,0.12953231739358906,2.9939941265151577,0.7276700267381182,True,0.38781899747030285,10.606175129044855,5.28516829945147e-06,0.19119608410983346,0.191190798941534,exact 95% beta posterior quantiles; NaN where the prior is capped and the posterior carries no player information
000258,two_point_attempt_share,11.0,12.0,0.9166666666666666,0.7594920273666276,-0.15717463930003905,0.12953231739358906,2.9939941265151577,0.8003204415546207,True,11.387818997470303,3.6061751290448547,0.5223896680690814,0.9316232333949301,0.40923356532584876,exact 95% beta posterior quantiles; NaN where the prior is capped and the posterior carries no player information
000262,two_point_attempt_share,5.0,343.0,0.014577259475218658,0.015572001505610554,0.0009947420303918954,0.12953231739358906,2.9939941265151577,0.9913466875803042,True,5.387818997470303,340.60617512904486,0.005362485680961981,0.031014284963021055,0.025651799282059073,exact 95% beta posterior quantiles; NaN where the prior is capped and the posterior carries no player information
000266,two_point_attempt_share,4.0,69.0,0.057971014492753624,0.0609470144101129,0.002975999917359279,0.12953231739358906,2.9939941265151577,0.9584132792903001,True,4.387818997470303,67.60617512904486,0.018454356613801792,0.12621184732415713,0.10775749071035534,exact 95% beta posterior quantiles; NaN where the prior is capped and the posterior carries no player information
000267,two_point_attempt_share,8.0,20.0,0.4,0.36478303644506993,-0.03521696355493009,0.12953231739358906,2.9939941265151577,0.8697923418592736,True,8.387818997470303,14.606175129044855,0.1854501712077763,0.5663893879682291,0.38093921676045284,exact 95% beta posterior quantiles; NaN where the prior is capped and the posterior carries no player information
000268,two_point_attempt_share,0.0,1.0,0.0,0.09710054276135928,0.09710054276135928,0.12953231739358906,2.9939941265151577,0.2503759315421229,False,0.38781899747030285,3.6061751290448547,1.6448466340079904e-05,0.4818465138960164,0.4818300654296763,exact 95% beta posterior quantiles; NaN where the prior is capped and the posterior carries no player information
000269,two_point_attempt_share,31.0,32.0,0.96875,0.8969487416610031,-0.07180125833899687,0.12953231739358906,2.9939941265151577,0.9144426293354554,True,31.3878189974703,3.6061751290448547,0.7786236492975149,0.9729636165720876,0.1943399672745727,exact 95% beta posterior quantiles; NaN where the prior is capped and the posterior carries no player information
000272,two_point_attempt_share,2.0,195.0,0.010256410256410256,0.012060057720460565,0.0018036474640503088,0.12953231739358906,2.9939941265151577,0.9848783588627338,True,2.387818997470303,195.60617512904486,0.0019026318041142076,0.03124089739867486,0.029338265594560653,exact 95% beta posterior quantiles; NaN where the prior is capped and the posterior carries no player information
000275,two_point_attempt_share,5.0,11.0,0.45454545454545453,0.3850093796496397,-0.06953607489581481,0.12953231739358906,2.9939941265151577,0.7860514947021251,True,5.387818997470303,8.606175129044855,0.15879789882455952,0.6422954931913409,0.4834975943667814,exact 95% beta posterior quantiles; NaN where the prior is capped and the posterior carries no player information
000276,two_point_attempt_share,12.0,15.0,0.8,0.6884418717918863,-0.11155812820811373,0.12953231739358906,2.9939941265151577,0.8336114758366326,True,12.387818997470303,5.606175129044855,0.46368875665939413,0.8736252408416476,0.4099364841822535,exact 95% beta posterior quantiles; NaN where the prior is capped and the posterior carries no player information
000278,two_point_attempt_share,27.0,142.0,0.19014084507042253,0.18888933408905845,-0.0012515109813640846,0.12953231739358906,2.9939941265151577,0.9793509093631648,True,27.3878189974703,117.60617512904486,0.12964633901719935,0.2562539449718315,0.12660760595463216,exact 95% beta posterior quantiles; NaN where the prior is capped and the posterior carries no player information
000279,two_point_attempt_share,3.0,10.0,0.3,0.26072191233003716,-0.039278087669962825,0.12953231739358906,2.9939941265151577,0.76958631061671,True,3.387818997470303,9.606175129044855,0.071047375415219,0.5195033553463873,0.44845597993116826,exact 95% beta posterior quantiles; NaN where the prior is capped and the posterior carries no player information
000280,two_point_attempt_share,0.0,1.0,0.0,0.09710054276135928,0.09710054276135928,0.12953231739358906,2.9939941265151577,0.2503759315421229,False,0.38781899747030285,3.6061751290448547,1.6448466340079904e-05,0.4818465138960164,0.4818300654296763,exact 95% beta posterior quantiles; NaN where the prior is capped and the posterior carries no player information
000281,two_point_attempt_share,16.0,23.0,0.6956521739130435,0.6304463607135279,-0.06520581319951557,0.12953231739358906,2.9939941265151577,0.8848197736775998,True,16.3878189974703,9.606175129044855,0.440615708444966,0.8012636801868211,0.36064797174185514,exact 95% beta posterior quantiles; NaN where the prior is capped and the posterior carries no player information
000282,two_point_attempt_share,0.0,3.0,0.0,0.06470126417954576,0.06470126417954576,0.12953231739358906,2.9939941265151577,0.5005009909384357,True,0.38781899747030285,5.606175129044855,1.0261632269248366e-05,0.3372864070988726,0.33727614546660334,exact 95% beta posterior quantiles; NaN where the prior is capped and the posterior carries no player information
000294,two_point_attempt_share,0.0,4.0,0.0,0.05545028927033691,0.05545028927033691,0.12953231739358906,2.9939941265151577,0.5719192678237275,True,0.38781899747030285,6.606175129044855,8.635950507596135e-06,0.2927935620828066,0.292784926132299,exact 95% beta posterior quantiles; NaN where the prior is capped and the posterior carries no player information
000295,two_point_attempt_share,2.0,63.0,0.031746031746031744,0.0361823682453995,0.0044363364993677545,0.12953231739358906,2.9939941265151577,0.9546323242570307,True,2.387818997470303,63.60617512904486,0.005797431425889954,0.09236026045982726,0.0865628290339373,exact 95% beta posterior quantiles; NaN where the prior is capped and the posterior carries no player information
000298,two_point_attempt_share,1.0,32.0,0.03125,0.03965877665901373,0.008408776659013732,0.12953231739358906,2.9939941265151577,0.9144426293354554,True,1.3878189974703028,33.60617512904486,0.0024936576082836837,0.1236982740520034,0.12120461644371971,exact 95% beta posterior quantiles; NaN where the prior is capped and the posterior carries no player information
000302,two_point_attempt_share,23.0,41.0,0.5609756097560976,0.5316139046210054,-0.029361705135092175,0.12953231739358906,2.9939941265151577,0.9319453896842097,True,23.3878189974703,20.606175129044853,0.3851839743729215,0.6753190098970663,0.29013503552414477,exact 95% beta posterior quantiles; NaN where the prior is capped and the posterior carries no player information
000305,two_point_attempt_share,110.0,196.0,0.5612244897959183,0.5547294001611356,-0.006495089634782736,0.12953231739358906,2.9939941265151577,0.9849543493025641,True,110.3878189974703,88.60617512904486,0.485403527476592,0.6230130227922928,0.13760949531570077,exact 95% beta posterior quantiles; NaN where the prior is capped and the posterior carries no player information
000308,two_point_attempt_share,2.0,14.0,0.14285714285714285,0.14050958119049067,-0.002347561666652176,0.12953231739358906,2.9939941265151577,0.8238204565550762,True,2.387818997470303,14.606175129044855,0.02415997997741215,0.33514023580937646,0.3109802558319643,exact 95% beta posterior quantiles; NaN where the prior is capped and the posterior carries no player information
000310,two_point_attempt_share,0.0,2.0,0.0,0.07765707921265128,0.07765707921265128,0.12953231739358906,2.9939941265151577,0.400481047701114,False,0.38781899747030285,4.606175129044855,1.2639822671189904e-05,0.3972512844775338,0.3972386446548626,exact 95% beta posterior quantiles; NaN where the prior is capped and the posterior carries no player information
000314,two_point_attempt_share,12.0,15.0,0.8,0.6884418717918863,-0.11155812820811373,0.12953231739358906,2.9939941265151577,0.8336114758366326,True,12.387818997470303,5.606175129044855,0.46368875665939413,0.8736252408416476,0.4099364841822535,exact 95% beta posterior quantiles; NaN where the prior is capped and the posterior carries no player information
000315,two_point_attempt_share,4.0,4.0,1.0,0.6273695570940645,-0.3726304429059355,0.12953231739358906,2.9939941265151577,0.5719192678237275,True,4.387818997470303,2.6061751290448547,0.2717963678005617,0.9149862314516213,0.6431898636510596,exact 95% beta posterior quantiles; NaN where the prior is capped and the posterior carries no player information
000318,two_point_attempt_share,3.0,3.0,1.0,0.5652022551179815,-0.4347977448820185,0.12953231739358906,2.9939941265151577,0.5005009909384357,True,3.387818997470303,2.6061751290448547,0.19468348220107146,0.8952421284338925,0.700558646232821,exact 95% beta posterior quantiles; NaN where the prior is capped and the posterior carries no player information
000322,two_point_attempt_share,6.0,9.0,0.6666666666666666,0.5325848028680231,-0.1340818637986435,0.12953231739358906,2.9939941265151577,0.7503755550541478,True,6.387818997470303,5.606175129044855,0.2617747072072234,0.7931177334103268,0.5313430262031034,exact 95% beta posterior quantiles; NaN where the prior is capped and the posterior carries no player information
000327,two_point_attempt_share,3.0,144.0,0.020833333333333332,0.02304732936608598,0.002213996032752647,0.12953231739358906,2.9939941265151577,0.9796318608504625,True,3.387818997470303,143.60617512904486,0.00545761754619889,0.052661014458863065,0.047203396912664175,exact 95% beta posterior quantiles; NaN where the prior is capped and the posterior carries no player information
000331,two_point_attempt_share,0.0,1.0,0.0,0.09710054276135928,0.09710054276135928,0.12953231739358906,2.9939941265151577,0.2503759315421229,False,0.38781899747030285,3.6061751290448547,1.6448466340079904e-05,0.4818465138960164,0.4818300654296763,exact 95% beta posterior quantiles; NaN where the prior is capped and the posterior carries no player information
000333,two_point_attempt_share,37.0,114.0,0.32456140350877194,0.31957041279435083,-0.004990990714421106,0.12953231739358906,2.9939941265151577,0.9744089929669594,True,37.387818997470305,79.60617512904486,0.23854517526342534,0.40643884512246586,0.16789366985904053,exact 95% beta posterior quantiles; NaN where the prior is capped and the posterior carries no player information
000337,two_point_attempt_share,3.0,4.0,0.75,0.4843897401381326,-0.2656102598618674,0.12953231739358906,2.9939941265151577,0.5719192678237275,True,3.387818997470303,3.6061751290448547,0.15544173316447996,0.821702712244587,0.6662609790801071,exact 95% beta posterior quantiles; NaN where the prior is capped and the posterior carries no player information
000339,two_point_attempt_share,86.0,283.0,0.303886925795053,0.30206165434108706,-0.0018252714539659376,0.12953231739358906,2.9939941265151577,0.9895312692294137,True,86.3878189974703,199.60617512904486,0.25030291694565676,0.35644252991187386,0.1061396129662171,exact 95% beta posterior quantiles; NaN where the prior is capped and the posterior carries no player information
000345,two_point_attempt_share,7.0,26.0,0.2692307692307692,0.2548051491365277,-0.014425620094241531,0.12953231739358906,2.9939941265151577,0.8967374376413654,True,7.387818997470303,21.606175129044853,0.11660440903506242,0.4249623113137204,0.308357902278658,exact 95% beta posterior quantiles; NaN where the prior is capped and the posterior carries no player information
000346,two_point_attempt_share,0.0,32.0,0.0,0.011082444492280751,0.011082444492280751,0.12953231739358906,2.9939941265151577,0.9144426293354554,True,0.38781899747030285,34.60617512904486,1.5875848475843668e-06,0.06178070997702889,0.06177912239218131,exact 95% beta posterior quantiles; NaN where the prior is capped and the posterior carries no player information
000350,two_point_attempt_share,0.0,25.0,0.0,0.0138536500264166,0.0138536500264166,0.12953231739358906,2.9939941265151577,0.8930486977676642,True,0.38781899747030285,27.606175129044853,1.9946310203522444e-06,0.07699406667961739,0.07699207204859704,exact 95% beta posterior quantiles; NaN where the prior is capped and the posterior carries no player information
000351,two_point_attempt_share,7.0,127.0,0.05511811023622047,0.05683200248682407,0.001713892250603595,0.12953231739358906,2.9939941265151577,0.9769682119036877,True,7.387818997470303,122.60617512904486,0.02403126427088864,0.10244200480519794,0.0784107405343093,exact 95% beta posterior quantiles; NaN where the prior is capped and the posterior carries no player information
000353,two_point_attempt_share,2.0,2.0,1.0,0.4781381269137653,-0.5218618730862348,0.12953231739358906,2.9939941265151577,0.400481047701114,False,2.387818997470303,2.6061751290448547,0.109190837276401,0.8632281716272701,0.7540373343508691,exact 95% beta posterior quantiles; NaN where the prior is capped and the posterior carries no player information
000354,two_point_attempt_share,0.0,228.0,0.0,0.0016789137697575582,0.0016789137697575582,0.12953231739358906,2.9939941265151577,0.9870386494772875,True,0.38781899747030285,230.60617512904486,2.3646862246096134e-07,0.009453663980821148,0.009453427512198687,exact 95% beta posterior quantiles; NaN where the prior is capped and the posterior carries no player information
000355,two_point_attempt_share,11.0,19.0,0.5789473684210527,0.5177694843403438,-0.0611778840807089,0.12953231739358906,2.9939941265151577,0.8638721957779507,True,11.387818997470303,10.606175129044855,0.31415028157061897,0.7183252190297935,0.40417493745917454,exact 95% beta posterior quantiles; NaN where the prior is capped and the posterior carries no player information
000356,two_point_attempt_share,30.0,41.0,0.7317073170731707,0.6907265321280657,-0.04098078494510504,0.12953231739358906,2.9939941265151577,0.9319453896842097,True,30.3878189974703,13.606175129044855,0.5483194169064518,0.8167141783342231,0.2683947614277713,exact 95% beta posterior quantiles; NaN where the prior is capped and the posterior carries no player information
000357,two_point_attempt_share,47.0,186.0,0.25268817204301075,0.25073716874700397,-0.0019510032960067814,0.12953231739358906,2.9939941265151577,0.9841582578306116,True,47.387818997470305,141.60617512904486,0.1917100529826712,0.3147599241056014,0.1230498711229302,exact 95% beta posterior quantiles; NaN where the prior is capped and the posterior carries no player information
000358,two_point_attempt_share,11.0,180.0,0.06111111111111111,0.06223056145546063,0.0011194503443495221,0.12953231739358906,2.9939941265151577,0.9836388394012252,True,11.387818997470303,171.60617512904486,0.03208821339649148,0.10139004889060743,0.06930183549411595,exact 95% beta posterior quantiles; NaN where the prior is capped and the posterior carries no player information
000359,two_point_attempt_share,1.0,3.0,0.3333333333333333,0.231534927825691,-0.10179840550764233,0.12953231739358906,2.9939941265151577,0.5005009909384357,True,1.3878189974703028,4.606175129044855,0.01745685705100186,0.6070834737911355,0.5896266167401336,exact 95% beta posterior quantiles; NaN where the prior is capped and the posterior carries no player information
000361,two_point_attempt_share,3.0,7.0,0.42857142857142855,0.33898549014373036,-0.08958593842769819,0.12953231739358906,2.9939941265151577,0.7004206637892887,True,3.387818997470303,6.606175129044855,0.09738983833813109,0.6411401764198672,0.5437503380817361,exact 95% beta posterior quantiles; NaN where the prior is capped and the posterior carries no player information
000363,two_point_attempt_share,13.0,135.0,0.0962962962962963,0.09701740341826856,0.0007211071219722642,0.12953231739358906,2.9939941265151577,0.9783034461357049,True,13.387818997470303,124.60617512904486,0.053625774424290285,0.1514324355230201,0.09780666109872982,exact 95% beta posterior quantiles; NaN where the prior is capped and the posterior carries no player information
000365,two_point_attempt_share,10.0,12.0,0.8333333333333334,0.6927986572370758,-0.14053467609625758,0.12953231739358906,2.9939941265151577,0.8003204415546207,True,10.387818997470303,4.606175129044855,0.44684758814400993,0.8902423135295976,0.44339472538558766,exact 95% beta posterior quantiles; NaN where the prior is capped and the posterior carries no player information
000366,two_point_attempt_share,2.0,14.0,0.14285714285714285,0.14050958119049067,-0.002347561666652176,0.12953231739358906,2.9939941265151577,0.8238204565550762,True,2.387818997470303,14.606175129044855,0.02415997997741215,0.33514023580937646,0.3109802558319643,exact 95% beta posterior quantiles; NaN where the prior is capped and the posterior carries no player information
000368,two_point_attempt_share,2.0,7.0,0.2857142857142857,0.23892539531668908,-0.04678889039759662,0.12953231739358906,2.9939941265151577,0.7004206637892887,True,2.387818997470303,7.606175129044855,0.044177968200528994,0.5308086028962862,0.4866306346957572,exact 95% beta posterior quantiles; NaN where the prior is capped and the posterior carries no player information
000369,two_point_attempt_share,0.0,4.0,0.0,0.05545028927033691,0.05545028927033691,0.12953231739358906,2.9939941265151577,0.5719192678237275,True,0.38781899747030285,6.606175129044855,8.635950507596135e-06,0.2927935620828066,0.292784926132299,exact 95% beta posterior quantiles; NaN where the prior is capped and the posterior carries no player information
000370,two_point_attempt_share,2.0,2.0,1.0,0.4781381269137653,-0.5218618730862348,0.12953231739358906,2.9939941265151577,0.400481047701114,False,2.387818997470303,2.6061751290448547,0.109190837276401,0.8632281716272701,0.7540373343508691,exact 95% beta posterior quantiles; NaN where the prior is capped and the posterior carries no player information
000373,two_point_attempt_share,14.0,290.0,0.04827586206896552,0.04910619086361759,0.0008303287946520715,0.12953231739358906,2.9939941265151577,0.9897813805520453,True,14.387818997470303,278.60617512904486,0.02745237891213037,0.07656572802807204,0.049113349115941674,exact 95% beta posterior quantiles; NaN where the prior is capped and the posterior carries no player information
000376,two_point_attempt_share,36.0,39.0,0.9230769230769231,0.8665005497653987,-0.05657637331152443,0.12953231739358906,2.9939941265151577,0.9287042304788833,True,36.387818997470305,5.606175129044855,0.7498860537016299,0.9503159749729093,0.20042992127127945,exact 95% beta posterior quantiles; NaN where the prior is capped and the posterior carries no player information
000385,two_point_attempt_share,0.0,95.0,0.0,0.003957579246842507,0.003957579246842507,0.12953231739358906,2.9939941265151577,0.9694471671126114,True,0.38781899747030285,97.60617512904486,5.596957635134459e-07,0.022231346898479387,0.022230787202715874,exact 95% beta posterior quantiles; NaN where the prior is capped and the posterior carries no player information
000390,two_point_attempt_share,32.0,137.0,0.23357664233576642,0.2313514890374571,-0.002225153298309329,0.12953231739358906,2.9939941265151577,0.9786134102023731,True,32.387818997470305,107.60617512904486,0.16555467146099545,0.30441514993435703,0.13886047847336158,exact 95% beta posterior quantiles; NaN where the prior is capped and the posterior carries no player information
000391,two_point_attempt_share,9.0,144.0,0.0625,0.06386532356818858,0.0013653235681885811,0.12953231739358906,2.9939941265151577,0.9796318608504625,True,9.387818997470303,137.60617512904486,0.03040401774342172,0.10849773537483998,0.07809371763141826,exact 95% beta posterior quantiles; NaN where the prior is capped and the posterior carries no player information
000395,two_point_attempt_share,94.0,323.0,0.29102167182662536,0.28953852125520846,-0.0014831505714169024,0.12953231739358906,2.9939941265151577,0.9908157997372393,True,94.3878189974703,231.60617512904486,0.24164588245912455,0.33987703602178954,0.09823115356266499,exact 95% beta posterior quantiles; NaN where the prior is capped and the posterior carries no player information
000405,two_point_attempt_share,7.0,10.0,0.7,0.5685564365767212,-0.1314435634232788,0.12953231739358906,2.9939941265151577,0.76958631061671,True,7.387818997470303,5.606175129044855,0.3040719608834479,0.8130791184084956,0.5090071575250477,exact 95% beta posterior quantiles; NaN where the prior is capped and the posterior carries no player information
000406,two_point_attempt_share,0.0,5.0,0.0,0.04851379564865477,0.04851379564865477,0.12953231739358906,2.9939941265151577,0.6254695613817848,True,0.38781899747030285,7.606175129044855,7.454684237018228e-06,0.25855172573938034,0.2585442710551433,exact 95% beta posterior quantiles; NaN where the prior is capped and the posterior carries no player information
000407,two_point_attempt_share,0.0,1.0,0.0,0.09710054276135928,0.09710054276135928,0.12953231739358906,2.9939941265151577,0.2503759315421229,False,0.38781899747030285,3.6061751290448547,1.6448466340079904e-05,0.4818465138960164,0.4818300654296763,exact 95% beta posterior quantiles; NaN where the prior is capped and the posterior carries no player information
000408,two_point_attempt_share,2.0,2.0,1.0,0.4781381269137653,-0.5218618730862348,0.12953231739358906,2.9939941265151577,0.400481047701114,False,2.387818997470303,2.6061751290448547,0.109190837276401,0.8632281716272701,0.7540373343508691,exact 95% beta posterior quantiles; NaN where the prior is capped and the posterior carries no player information
000409,two_point_attempt_share,11.0,150.0,0.07333333333333333,0.07443311132888907,0.0010997779955557313,0.12953231739358906,2.9939941265151577,0.9804306427607914,True,11.387818997470303,141.60617512904486,0.038522222224855796,0.12083146857912652,0.08230924635427073,exact 95% beta posterior quantiles; NaN where the prior is capped and the posterior carries no player information
000410,two_point_attempt_share,2.0,13.0,0.15384615384615385,0.1492947276697901,-0.004551426176363754,0.12953231739358906,2.9939941265151577,0.8128051002875101,True,2.387818997470303,13.606175129044855,0.02583091435371898,0.3539468908275012,0.3281159764737822,exact 95% beta posterior quantiles; NaN where the prior is capped and the posterior carries no player information
000414,two_point_attempt_share,11.0,332.0,0.03313253012048193,0.03399409899023305,0.0008615688697511184,0.12953231739358906,2.9939941265151577,0.9910625438694152,True,11.387818997470303,323.60617512904486,0.01738118621869944,0.05584709599497728,0.03846590977627784,exact 95% beta posterior quantiles; NaN where the prior is capped and the posterior carries no player information
000416,two_point_attempt_share,26.0,34.0,0.7647058823529411,0.713300080743567,-0.051405801609374135,0.12953231739358906,2.9939941265151577,0.9190681028851321,True,26.3878189974703,10.606175129044855,0.5597460386052262,0.8450306004087906,0.28528456180356443,exact 95% beta posterior quantiles; NaN where the prior is capped and the posterior carries no player information
000418,two_point_attempt_share,2.0,2.0,1.0,0.4781381269137653,-0.5218618730862348,0.12953231739358906,2.9939941265151577,0.400481047701114,False,2.387818997470303,2.6061751290448547,0.109190837276401,0.8632281716272701,0.7540373343508691,exact 95% beta posterior quantiles; NaN where the prior is capped and the posterior carries no player information
000419,two_point_attempt_share,16.0,236.0,0.06779661016949153,0.06857000343194883,0.0007733932624573031,0.12953231739358906,2.9939941265151577,0.987472513117086,True,16.3878189974703,222.60617512904486,0.04016723987297155,0.10378875929745845,0.0636215194244869,exact 95% beta posterior quantiles; NaN where the prior is capped and the posterior carries no player information
000422,two_point_attempt_share,10.0,18.0,0.5555555555555556,0.49479955719100704,-0.060755998364548536,0.12953231739358906,2.9939941265151577,0.8573880649640756,True,10.387818997470303,10.606175129044855,0.28862968416069634,0.7019086610816885,0.41327897692099214,exact 95% beta posterior quantiles; NaN where the prior is capped and the posterior carries no player information
000424,two_point_attempt_share,3.0,5.0,0.6,0.42379553247772567,-0.1762044675222743,0.12953231739358906,2.9939941265151577,0.6254695613817848,True,3.387818997470303,4.606175129044855,0.12957777120755054,0.7538259814900812,0.6242482102825306,exact 95% beta posterior quantiles; NaN where the prior is capped and the posterior carries no player information
000425,two_point_attempt_share,1.0,12.0,0.08333333333333333,0.09255832607111031,0.00922499273777698,0.12953231739358906,2.9939941265151577,0.8003204415546207,True,1.3878189974703028,13.606175129044855,0.0060976620588917285,0.27643830617307685,0.2703406441141851,exact 95% beta posterior quantiles; NaN where the prior is capped and the posterior carries no player information
000427,two_point_attempt_share,0.0,6.0,0.0,0.043119774375544144,0.043119774375544144,0.12953231739358906,2.9939941265151577,0.6671118432589836,True,0.38781899747030285,8.606175129044855,6.5575295593589544e-06,0.23141883718199097,0.2314122796524316,exact 95% beta posterior quantiles; NaN where the prior is capped and the posterior carries no player information
000434,two_point_attempt_share,1.0,3.0,0.3333333333333333,0.231534927825691,-0.10179840550764233,0.12953231739358906,2.9939941265151577,0.5005009909384357,True,1.3878189974703028,4.606175129044855,0.01745685705100186,0.6070834737911355,0.5896266167401336,exact 95% beta posterior quantiles; NaN where the prior is capped and the posterior carries no player information
000700,two_point_attempt_share,0.0,3.0,0.0,0.06470126417954576,0.06470126417954576,0.12953231739358906,2.9939941265151577,0.5005009909384357,True,0.38781899747030285,5.606175129044855,1.0261632269248366e-05,0.3372864070988726,0.33727614546660334,exact 95% beta posterior quantiles; NaN where the prior is capped and the posterior carries no player information
000727,two_point_attempt_share,22.0,40.0,0.55,0.520719683116469,-0.029280316883531055,0.12953231739358906,2.9939941265151577,0.9303625032439425,True,22.3878189974703,20.606175129044853,0.372946683812188,0.6666652540734503,0.29371857026126236,exact 95% beta posterior quantiles; NaN where the prior is capped and the posterior carries no player information
000815,two_point_attempt_share,2.0,2.0,1.0,0.4781381269137653,-0.5218618730862348,0.12953231739358906,2.9939941265151577,0.400481047701114,False,2.387818997470303,2.6061751290448547,0.109190837276401,0.8632281716272701,0.7540373343508691,exact 95% beta posterior quantiles; NaN where the prior is capped and the posterior carries no player information
000823,two_point_attempt_share,0.0,27.0,0.0,0.012929888424811846,0.012929888424811846,0.12953231739358906,2.9939941265151577,0.9001802122822842,True,0.38781899747030285,29.606175129044853,1.8584833014756441e-06,0.07193352837930433,0.07193166989600286,exact 95% beta posterior quantiles; NaN where the prior is capped and the posterior carries no player information
000886,two_point_attempt_share,0.0,66.0,0.0,0.005621054446553047,0.005621054446553047,0.12953231739358906,2.9939941265151577,0.9566050036032842,True,0.38781899747030285,68.60617512904486,7.972994353622198e-07,0.03152028031763621,0.031519483018200845,exact 95% beta posterior quantiles; NaN where the prior is capped and the posterior carries no player information
000921,two_point_attempt_share,1.0,42.0,0.023809523809523808,0.03084453879706703,0.0070350149875432234,0.12953231739358906,2.9939941265151577,0.9334579162255173,True,1.3878189974703028,43.60617512904486,0.0019248516473453492,0.09687441473943181,0.09494956309208646,exact 95% beta posterior quantiles; NaN where the prior is capped and the posterior carries no player information
000922,two_point_attempt_share,12.0,18.0,0.6666666666666666,0.590064897742571,-0.07660176892409565,0.12953231739358906,2.9939941265151577,0.8573880649640756,True,12.387818997470303,8.606175129044855,0.3787684834387619,0.7851037875807378,0.40633530414197594,exact 95% beta posterior quantiles; NaN where the prior is capped and the posterior carries no player information
000925,two_point_attempt_share,4.0,12.0,0.3333333333333333,0.2926384364597655,-0.04069489687356781,0.12953231739358906,2.9939941265151577,0.8003204415546207,True,4.387818997470303,10.606175129044855,0.10020346569945104,0.5372022632218432,0.4369987975223921,exact 95% beta posterior quantiles; NaN where the prior is capped and the posterior carries no player information
000929,two_point_attempt_share,1.0,1.0,1.0,0.34747647430348216,-0.6525235256965178,0.12953231739358906,2.9939941265151577,0.2503759315421229,False,1.3878189974703028,2.6061751290448547,0.029836946196155623,0.8013064135157038,0.7714694673195481,exact 95% beta posterior quantiles; NaN where the prior is capped and the posterior carries no player information
000946,two_point_attempt_share,0.0,27.0,0.0,0.012929888424811846,0.012929888424811846,0.12953231739358906,2.9939941265151577,0.9001802122822842,True,0.38781899747030285,29.606175129044853,1.8584833014756441e-06,0.07193352837930433,0.07193166989600286,exact 95% beta posterior quantiles; NaN where the prior is capped and the posterior carries no player information
000960,two_point_attempt_share,0.0,18.0,0.0,0.01847285443318726,0.01847285443318726,0.12953231739358906,2.9939941265151577,0.8573880649640756,True,0.38781899747030285,20.606175129044853,2.6822963263839483e-06,0.10213567377650179,0.1021329914801754,exact 95% beta posterior quantiles; NaN where the prior is capped and the posterior carries no player information
000978,two_point_attempt_share,9.0,122.0,0.07377049180327869,0.07510616060455061,0.001335668801271922,0.12953231739358906,2.9939941265151577,0.9760468961133866,True,9.387818997470303,115.60617512904486,0.03588971044518985,0.12712513710721396,0.09123542666202411,exact 95% beta posterior quantiles; NaN where the prior is capped and the posterior carries no player information
001001,two_point_attempt_share,11.0,279.0,0.03942652329749104,0.04038319692851763,0.0009566736310265903,0.12953231739358906,2.9939941265151577,0.9893827734317919,True,11.387818997470303,270.60617512904486,0.02068715510540642,0.06621972963330336,0.04553257452789694,exact 95% beta posterior quantiles; NaN where the prior is capped and the posterior carries no player information
001009,two_point_attempt_share,10.0,154.0,0.06493506493506493,0.06616698336306531,0.0012319184280003836,0.12953231739358906,2.9939941265151577,0.9809292441843194,True,10.387818997470303,146.60617512904486,0.032921761594479904,0.10982374005834572,0.07690197846386582,exact 95% beta posterior quantiles; NaN where the prior is capped and the posterior carries no player information
001010,two_point_attempt_share,1.0,4.0,0.25,0.19843010622626878,-0.051569893773731224,0.12953231739358906,2.9939941265151577,0.5719192678237275,True,1.3878189974703028,5.606175129044855,0.014461160259088501,0.5378855296585243,0.5234243693994358,exact 95% beta posterior quantiles; NaN where the prior is capped and the posterior carries no player information
001020,two_point_attempt_share,2.0,23.0,0.08695652173913043,0.09186041151846724,0.004903889779336812,0.12953231739358906,2.9939941265151577,0.8848197736775998,True,2.387818997470303,23.606175129044853,0.015272175922291353,0.22634816003846936,0.211075984116178,exact 95% beta posterior quantiles; NaN where the prior is capped and the posterior carries no player information
001391,two_point_attempt_share,5.0,36.0,0.1388888888888889,0.13817048286948094,-0.0007184060194079522,0.12953231739358906,2.9939941265151577,0.9232190958227771,True,5.387818997470303,33.60617512904486,0.0502400791447144,0.2609658515139017,0.21072577236918733,exact 95% beta posterior quantiles; NaN where the prior is capped and the posterior carries no player information
001397,two_point_attempt_share,6.0,9.0,0.6666666666666666,0.5325848028680231,-0.1340818637986435,0.12953231739358906,2.9939941265151577,0.7503755550541478,True,6.387818997470303,5.606175129044855,0.2617747072072234,0.7931177334103268,0.5313430262031034,exact 95% beta posterior quantiles; NaN where the prior is capped and the posterior carries no player information
001402,two_point_attempt_share,0.0,4.0,0.0,0.05545028927033691,0.05545028927033691,0.12953231739358906,2.9939941265151577,0.5719192678237275,True,0.38781899747030285,6.606175129044855,8.635950507596135e-06,0.2927935620828066,0.292784926132299,exact 95% beta posterior quantiles; NaN where the prior is capped and the posterior carries no player information
001406,two_point_attempt_share,11.0,20.0,0.55,0.49525188772396095,-0.054748112276039096,0.12953231739358906,2.9939941265151577,0.8697923418592736,True,11.387818997470303,11.606175129044855,0.2975934980495367,0.6936933007964399,0.39609980274690315,exact 95% beta posterior quantiles; NaN where the prior is capped and the posterior carries no player information
001415,two_point_attempt_share,2.0,8.0,0.25,0.21719303921687527,-0.03280696078312473,0.12953231739358906,2.9939941265151577,0.7276700267381182,True,2.387818997470303,8.606175129044855,0.03949785258737393,0.49046578889829107,0.45096793631091714,exact 95% beta posterior quantiles; NaN where the prior is capped and the posterior carries no player information
001417,two_point_attempt_share,0.0,2.0,0.0,0.07765707921265128,0.07765707921265128,0.12953231739358906,2.9939941265151577,0.400481047701114,False,0.38781899747030285,4.606175129044855,1.2639822671189904e-05,0.3972512844775338,0.3972386446548626,exact 95% beta posterior quantiles; NaN where the prior is capped and the posterior carries no player information
001427,two_point_attempt_share,2.0,2.0,1.0,0.4781381269137653,-0.5218618730862348,0.12953231739358906,2.9939941265151577,0.400481047701114,False,2.387818997470303,2.6061751290448547,0.109190837276401,0.8632281716272701,0.7540373343508691,exact 95% beta posterior quantiles; NaN where the prior is capped and the posterior carries no player information
001657,two_point_attempt_share,0.0,8.0,0.0,0.03527553253234569,0.03527553253234569,0.12953231739358906,2.9939941265151577,0.7276700267381182,True,0.38781899747030285,10.606175129044855,5.28516829945147e-06,0.19119608410983346,0.191190798941534,exact 95% beta posterior quantiles; NaN where the prior is capped and the posterior carries no player information
001662,two_point_attempt_share,1.0,4.0,0.25,0.19843010622626878,-0.051569893773731224,0.12953231739358906,2.9939941265151577,0.5719192678237275,True,1.3878189974703028,5.606175129044855,0.014461160259088501,0.5378855296585243,0.5234243693994358,exact 95% beta posterior quantiles; NaN where the prior is capped and the posterior carries no player information
001671,two_point_attempt_share,2.0,8.0,0.25,0.21719303921687527,-0.03280696078312473,0.12953231739358906,2.9939941265151577,0.7276700267381182,True,2.387818997470303,8.606175129044855,0.03949785258737393,0.49046578889829107,0.45096793631091714,exact 95% beta posterior quantiles; NaN where the prior is capped and the posterior carries no player information
001707,two_point_attempt_share,6.0,47.0,0.1276595744680851,0.1277717275660201,0.00011215309793499717,0.12953231739358906,2.9939941265151577,0.9401129239856585,True,6.387818997470303,43.60617512904486,0.051301056024385616,0.23225037517840974,0.18094931915402412,exact 95% beta posterior quantiles; NaN where the prior is capped and the posterior carries no player information
001719,two_point_attempt_share,0.0,2.0,0.0,0.07765707921265128,0.07765707921265128,0.12953231739358906,2.9939941265151577,0.400481047701114,False,0.38781899747030285,4.606175129044855,1.2639822671189904e-05,0.3972512844775338,0.3972386446548626,exact 95% beta posterior quantiles; NaN where the prior is capped and the posterior carries no player information
001727,two_point_attempt_share,0.0,5.0,0.0,0.04851379564865477,0.04851379564865477,0.12953231739358906,2.9939941265151577,0.6254695613817848,True,0.38781899747030285,7.606175129044855,7.454684237018228e-06,0.25855172573938034,0.2585442710551433,exact 95% beta posterior quantiles; NaN where the prior is capped and the posterior carries no player information
001729,two_point_attempt_share,42.0,127.0,0.33070866141732286,0.3260752104917774,-0.004633450925545457,0.12953231739358906,2.9939941265151577,0.9769682119036877,True,42.387818997470305,87.60617512904486,0.2484952034719754,0.40872461805702187,0.16022941458504647,exact 95% beta posterior quantiles; NaN where the prior is capped and the posterior carries no player information
001733,two_point_attempt_share,1.0,11.0,0.09090909090909091,0.09917247248523058,0.008263381576139664,0.12953231739358906,2.9939941265151577,0.7860514947021251,True,1.3878189974703028,12.606175129044855,0.006572692975169048,0.2945229404431302,0.28795024746796116,exact 95% beta posterior quantiles; NaN where the prior is capped and the posterior carries no player information
001740,two_point_attempt_share,1.0,3.0,0.3333333333333333,0.231534927825691,-0.10179840550764233,0.12953231739358906,2.9939941265151577,0.5005009909384357,True,1.3878189974703028,4.606175129044855,0.01745685705100186,0.6070834737911355,0.5896266167401336,exact 95% beta posterior quantiles; NaN where the prior is capped and the posterior carries no player information
001746,two_point_attempt_share,0.0,36.0,0.0,0.0099456084496508,0.0099456084496508,0.12953231739358906,2.9939941265151577,0.9232190958227771,True,0.38781899747030285,38.60617512904486,1.4218094293028116e-06,0.05551195252337493,0.05551053071394563,exact 95% beta posterior quantiles; NaN where the prior is capped and the posterior carries no player information
001760,two_point_attempt_share,5.0,9.0,0.5555555555555556,0.4492097411953401,-0.10634581436021551,0.12953231739358906,2.9939941265151577,0.7503755550541478,True,5.387818997470303,6.606175129044855,0.19239656478748657,0.7220389450958464,0.5296423803083599,exact 95% beta posterior quantiles; NaN where the prior is capped and the posterior carries no player information
001766,two_point_attempt_share,3.0,4.0,0.75,0.4843897401381326,-0.2656102598618674,0.12953231739358906,2.9939941265151577,0.5719192678237275,True,3.387818997470303,3.6061751290448547,0.15544173316447996,0.821702712244587,0.6662609790801071,exact 95% beta posterior quantiles; NaN where the prior is capped and the posterior carries no player information
001793,two_point_attempt_share,3.0,68.0,0.04411764705882353,0.04771979713429034,0.003602150075466805,0.12953231739358906,2.9939941265151577,0.9578275012787744,True,3.387818997470303,67.60617512904486,0.011452716105850413,0.1076355136174243,0.09618279751157388,exact 95% beta posterior quantiles; NaN where the prior is capped and the posterior carries no player information
001795,two_point_attempt_share,2.0,16.0,0.125,0.1257144222308127,0.0007144222308126946,0.12953231739358906,2.9939941265151577,0.8423715356247471,True,2.387818997470303,16.606175129044853,0.021392750524682924,0.3028842732019257,0.28149152267724276,exact 95% beta posterior quantiles; NaN where the prior is capped and the posterior carries no player information
001796,two_point_attempt_share,0.0,7.0,0.0,0.038805205662606576,0.038805205662606576,0.12953231739358906,2.9939941265151577,0.7004206637892887,True,0.38781899747030285,9.606175129044855,5.853042239323258e-06,0.20940553638502024,0.20939968334278092,exact 95% beta posterior quantiles; NaN where the prior is capped and the posterior carries no player information
001809,two_point_attempt_share,3.0,273.0,0.01098901098901099,0.012274973621046743,0.0012859626320357535,0.12953231739358906,2.9939941265151577,0.9891519591359561,True,3.387818997470303,272.60617512904486,0.0028899488679599017,0.028203507856233045,0.025313558988273144,exact 95% beta posterior quantiles; NaN where the prior is capped and the posterior carries no player information
001810,two_point_attempt_share,11.0,391.0,0.028132992327365727,0.028903534488430725,0.0007705421610649972,0.12953231739358906,2.9939941265151577,0.9924009143003492,True,11.387818997470303,382.60617512904486,0.014756125136045739,0.04755447860225104,0.0327983534662053,exact 95% beta posterior quantiles; NaN where the prior is capped and the posterior carries no player information
001811,two_point_attempt_share,2.0,4.0,0.5,0.3414099231822007,-0.1585900768177993,0.12953231739358906,2.9939941265151577,0.5719192678237275,True,2.387818997470303,4.606175129044855,0.06862038516555913,0.69858171659871,0.6299613314331509,exact 95% beta posterior quantiles; NaN where the prior is capped and the posterior carries no player information
001812,two_point_attempt_share,3.0,59.0,0.05084745762711865,0.054647535542823096,0.0038000779157044487,0.12953231739358906,2.9939941265151577,0.9517050938772372,True,3.387818997470303,58.60617512904486,0.013165434909751639,0.12280916413874365,0.10964372922899202,exact 95% beta posterior quantiles; NaN where the prior is capped and the posterior carries no player information
001813,two_point_attempt_share,38.0,55.0,0.6909090909090909,0.6619274905212847,-0.028981600387806172,0.12953231739358906,2.9939941265151577,0.9483740657699193,True,38.387818997470305,19.606175129044853,0.5364617852901574,0.7768133764911909,0.24035159120103344,exact 95% beta posterior quantiles; NaN where the prior is capped and the posterior carries no player information
001814,two_point_attempt_share,59.0,363.0,0.162534435261708,0.16226446321668708,-0.0002699720450209109,0.12953231739358906,2.9939941265151577,0.9918195539419694,True,59.387818997470305,306.60617512904486,0.12634250990231521,0.20168071312946267,0.07533820322714746,exact 95% beta posterior quantiles; NaN where the prior is capped and the posterior carries no player information
001815,two_point_attempt_share,27.0,127.0,0.2125984251968504,0.21068526420394024,-0.0019131609929101678,0.12953231739358906,2.9939941265151577,0.9769682119036877,True,27.3878189974703,102.60617512904486,0.14527258640737273,0.28452357012429275,0.13925098371692002,exact 95% beta posterior quantiles; NaN where the prior is capped and the posterior carries no player information
001816,two_point_attempt_share,9.0,89.0,0.10112359550561797,0.10204817267266016,0.0009245771670421815,0.12953231739358906,2.9939941265151577,0.967454460968423,True,9.387818997470303,82.60617512904486,0.04920955016859807,0.17119020139216445,0.12198065122356638,exact 95% beta posterior quantiles; NaN where the prior is capped and the posterior carries no player information
001817,two_point_attempt_share,1.0,3.0,0.3333333333333333,0.231534927825691,-0.10179840550764233,0.12953231739358906,2.9939941265151577,0.5005009909384357,True,1.3878189974703028,4.606175129044855,0.01745685705100186,0.6070834737911355,0.5896266167401336,exact 95% beta posterior quantiles; NaN where the prior is capped and the posterior carries no player information
001818,two_point_attempt_share,22.0,75.0,0.29333333333333333,0.28704542251233733,-0.006287910820996001,0.12953231739358906,2.9939941265151577,0.9616125041415553,True,22.3878189974703,55.60617512904486,0.19282970906351693,0.39160301905940287,0.19877330999588594,exact 95% beta posterior quantiles; NaN where the prior is capped and the posterior carries no player information
001819,two_point_attempt_share,16.0,39.0,0.41025641025641024,0.39024197003263794,-0.0200144402237723,0.12953231739358906,2.9939941265151577,0.9287042304788833,True,16.3878189974703,25.606175129044853,0.25021260013454594,0.5401787573646288,0.2899661572300829,exact 95% beta posterior quantiles; NaN where the prior is capped and the posterior carries no player information
001820,two_point_attempt_share,9.0,59.0,0.15254237288135594,0.1514311044116947,-0.001111268469661253,0.12953231739358906,2.9939941265151577,0.9517050938772372,True,9.387818997470303,52.60617512904486,0.07428103699930944,0.24979770634672605,0.1755166693474166,exact 95% beta posterior quantiles; NaN where the prior is capped and the posterior carries no player information
001821,two_point_attempt_share,38.0,195.0,0.19487179487179487,0.19388375474127295,-0.0009880401305219222,0.12953231739358906,2.9939941265151577,0.9848783588627338,True,38.387818997470305,159.60617512904486,0.14199891264433973,0.2516225234430749,0.10962361079873517,exact 95% beta posterior quantiles; NaN where the prior is capped and the posterior carries no player information
001823,two_point_attempt_share,0.0,7.0,0.0,0.038805205662606576,0.038805205662606576,0.12953231739358906,2.9939941265151577,0.7004206637892887,True,0.38781899747030285,9.606175129044855,5.853042239323258e-06,0.20940553638502024,0.20939968334278092,exact 95% beta posterior quantiles; NaN where the prior is capped and the posterior carries no player information
001824,two_point_attempt_share,1.0,19.0,0.05263157894736842,0.06309990761510656,0.010468328667738142,0.12953231739358906,2.9939941265151577,0.8638721957779507,True,1.3878189974703028,20.606175129044853,0.004049260372994468,0.19314118640613742,0.18909192603314295,exact 95% beta posterior quantiles; NaN where the prior is capped and the posterior carries no player information
001825,two_point_attempt_share,0.0,8.0,0.0,0.03527553253234569,0.03527553253234569,0.12953231739358906,2.9939941265151577,0.7276700267381182,True,0.38781899747030285,10.606175129044855,5.28516829945147e-06,0.19119608410983346,0.191190798941534,exact 95% beta posterior quantiles; NaN where the prior is capped and the posterior carries no player information
001826,two_point_attempt_share,14.0,58.0,0.2413793103448276,0.23588911012495353,-0.005490200219874064,0.12953231739358906,2.9939941265151577,0.9509132961467495,True,14.387818997470303,46.60617512904486,0.13900282213580795,0.3491605930903461,0.21015777095453814,exact 95% beta posterior quantiles; NaN where the prior is capped and the posterior carries no player information
001827,two_point_attempt_share,3.0,117.0,0.02564102564102564,0.02823323802271612,0.0025922123816904813,0.12953231739358906,2.9939941265151577,0.975048800164461,True,3.387818997470303,116.60617512904486,0.006704395898850635,0.0643367969605606,0.05763240106170997,exact 95% beta posterior quantiles; NaN where the prior is capped and the posterior carries no player information
001828,two_point_attempt_share,17.0,187.0,0.09090909090909091,0.09151772969145498,0.000608638782364071,0.12953231739358906,2.9939941265151577,0.9842416380566141,True,17.3878189974703,172.60617512904486,0.054880317562492564,0.13627731052110903,0.08139699295861647,exact 95% beta posterior quantiles; NaN where the prior is capped and the posterior carries no player information
001831,two_point_attempt_share,8.0,11.0,0.7272727272727273,0.5993870600229466,-0.12788566724978068,0.12953231739358906,2.9939941265151577,0.7860514947021251,True,8.387818997470303,5.606175129044855,0.3424266288348008,0.8294791808293667,0.4870525519945659,exact 95% beta posterior quantiles; NaN where the prior is capped and the posterior carries no player information
001832,two_point_attempt_share,8.0,180.0,0.044444444444444446,0.04583658079877354,0.001392136354329096,0.12953231739358906,2.9939941265151577,0.9836388394012252,True,8.387818997470303,174.60617512904486,0.020584182668244466,0.08042087548528798,0.05983669281704351,exact 95% beta posterior quantiles; NaN where the prior is capped and the posterior carries no player information
001833,two_point_attempt_share,0.0,29.0,0.0,0.012121618699332579,0.012121618699332579,0.12953231739358906,2.9939941265151577,0.9064201201426779,True,0.38781899747030285,31.606175129044853,1.7397396732121706e-06,0.0674968596722465,0.06749511993257329,exact 95% beta posterior quantiles; NaN where the prior is capped and the posterior carries no player information
001835,two_point_attempt_share,0.0,134.0,0.0,0.002830919705225534,0.002830919705225534,0.12953231739358906,2.9939941265151577,0.9781450701864333,True,0.38781899747030285,136.60617512904486,3.9950828067958355e-07,0.015921255253488198,0.01592085574520752,exact 95% beta posterior quantiles; NaN where the prior is capped and the posterior carries no player information
001836,two_point_attempt_share,0.0,53.0,0.0,0.006926082047193285,0.006926082047193285,0.12953231739358906,2.9939941265151577,0.9465300846417493,True,0.38781899747030285,55.60617512904486,9.847281035035849e-07,0.03878430122858845,0.03878331650048494,exact 95% beta posterior quantiles; NaN where the prior is capped and the posterior carries no player information
001838,two_point_attempt_share,0.0,59.0,0.0,0.006255751108387299,0.006255751108387299,0.12953231739358906,2.9939941265151577,0.9517050938772372,True,0.38781899747030285,61.60617512904486,8.883362170308828e-07,0.03505569082335569,0.03505480248713866,exact 95% beta posterior quantiles; NaN where the prior is capped and the posterior carries no player information
001839,two_point_attempt_share,1.0,1.0,1.0,0.34747647430348216,-0.6525235256965178,0.12953231739358906,2.9939941265151577,0.2503759315421229,False,1.3878189974703028,2.6061751290448547,0.029836946196155623,0.8013064135157038,0.7714694673195481,exact 95% beta posterior quantiles; NaN where the prior is capped and the posterior carries no player information
001843,two_point_attempt_share,1.0,27.0,0.037037037037037035,0.04626989628711867,0.009232859250081632,0.12953231739358906,2.9939941265151577,0.9001802122822842,True,1.3878189974703028,28.606175129044853,0.002925987617345527,0.1435632877110038,0.14063730009365827,exact 95% beta posterior quantiles; NaN where the prior is capped and the posterior carries no player information
001846,two_point_attempt_share,2.0,88.0,0.022727272727272728,0.026241501105560387,0.0035142283782876593,0.12953231739358906,2.9939941265151577,0.9670967940768441,True,2.387818997470303,88.60617512904486,0.004177702212473378,0.06739489457686432,0.06321719236439094,exact 95% beta posterior quantiles; NaN where the prior is capped and the posterior carries no player information
002001,two_point_attempt_share,2.0,18.0,0.1111111111111111,0.11373819498475123,0.002627083873640121,0.12953231739358906,2.9939941265151577,0.8573880649640756,True,2.387818997470303,18.606175129044853,0.019194599677575752,0.27624093877966516,0.2570463391020894,exact 95% beta posterior quantiles; NaN where the prior is capped and the posterior carries no player information
002003,two_point_attempt_share,5.0,30.0,0.16666666666666666,0.16329696176858013,-0.003369704898086523,0.12953231739358906,2.9939941265151577,0.9092563902680375,True,5.387818997470303,27.606175129044853,0.06007649071398191,0.30489788684644736,0.24482139613246545,exact 95% beta posterior quantiles; NaN where the prior is capped and the posterior carries no player information
002006,two_point_attempt_share,0.0,76.0,0.0,0.004909474470289221,0.004909474470289221,0.12953231739358906,2.9939941265151577,0.9620984587547246,True,0.38781899747030285,78.60617512904486,6.954942364245653e-07,0.02755084101227112,0.027550145518034697,exact 95% beta posterior quantiles; NaN where the prior is capped and the posterior carries no player information
002007,two_point_attempt_share,0.0,3.0,0.0,0.06470126417954576,0.06470126417954576,0.12953231739358906,2.9939941265151577,0.5005009909384357,True,0.38781899747030285,5.606175129044855,1.0261632269248366e-05,0.3372864070988726,0.33727614546660334,exact 95% beta posterior quantiles; NaN where the prior is capped and the posterior carries no player information
002015,two_point_attempt_share,7.0,226.0,0.030973451327433628,0.03226206445130025,0.0012886131238666193,0.12953231739358906,2.9939941265151577,0.9869254469404948,True,7.387818997470303,221.60617512904486,0.013518323568860069,0.05867401193245314,0.04515568836359307,exact 95% beta posterior quantiles; NaN where the prior is capped and the posterior carries no player information
002016,two_point_attempt_share,14.0,189.0,0.07407407407407407,0.07493890141162123,0.0008648273375471555,0.12953231739358906,2.9939941265151577,0.9844057927950483,True,14.387818997470303,177.60617512904486,0.04218502828734927,0.11604887942667119,0.07386385113932192,exact 95% beta posterior quantiles; NaN where the prior is capped and the posterior carries no player information
002017,two_point_attempt_share,1.0,2.0,0.5,0.27789760306320826,-0.22210239693679174,0.12953231739358906,2.9939941265151577,0.400481047701114,False,1.3878189974703028,3.6061751290448547,0.02202220234903507,0.6937353915709537,0.6717131892219186,exact 95% beta posterior quantiles; NaN where the prior is capped and the posterior carries no player information
002018,two_point_attempt_share,21.0,178.0,0.11797752808988764,0.11816866687035026,0.00019113878046261856,0.12953231739358906,2.9939941265151577,0.9834580470972846,True,21.3878189974703,159.60617512904486,0.07543824243475683,0.1688757575757336,0.09343751514097676,exact 95% beta posterior quantiles; NaN where the prior is capped and the posterior carries no player information
002019,two_point_attempt_share,15.0,22.0,0.6818181818181818,0.6156606631008993,-0.06615751871728248,0.12953231739358906,2.9939941265151577,0.8802114575461573,True,15.387818997470303,9.606175129044855,0.4217409717675764,0.7920448314689565,0.37030385970138013,exact 95% beta posterior quantiles; NaN where the prior is capped and the posterior carries no player information
002021,two_point_attempt_share,7.0,23.0,0.30434782608695654,0.2842125362309889,-0.02013528985596763,0.12953231739358906,2.9939941265151577,0.8848197736775998,True,7.387818997470303,18.606175129044853,0.13173042036942206,0.4680843375681434,0.3363539171987213,exact 95% beta posterior quantiles; NaN where the prior is capped and the posterior carries no player information
002022,two_point_attempt_share,11.0,56.0,0.19642857142857142,0.1930335310582402,-0.003395040370331226,0.12953231739358906,2.9939941265151577,0.9492491706851649,True,11.387818997470303,47.60617512904486,0.10370921951835044,0.30202361263218336,0.19831439311383292,exact 95% beta posterior quantiles; NaN where the prior is capped and the posterior carries no player information
002023,two_point_attempt_share,2.0,91.0,0.02197802197802198,0.025403952876566962,0.003425930898544982,0.12953231739358906,2.9939941265151577,0.9681469634912495,True,2.387818997470303,91.60617512904486,0.004042183427372947,0.06527722973260097,0.061235046305228025,exact 95% beta posterior quantiles; NaN where the prior is capped and the posterior carries no player information
002024,two_point_attempt_share,1.0,207.0,0.004830917874396135,0.006608850901869998,0.0017779330274738632,0.12953231739358906,2.9939941265151577,0.9857424773552744,True,1.3878189974703028,208.60617512904486,0.000404076388804242,0.021146312326891348,0.020742235938087106,exact 95% beta posterior quantiles; NaN where the prior is capped and the posterior carries no player information
002025,two_point_attempt_share,1.0,24.0,0.041666666666666664,0.05141213971396333,0.009745473047296664,0.12953231739358906,2.9939941265151577,0.889086657110358,True,1.3878189974703028,25.606175129044853,0.003265700157498941,0.15886306393076666,0.15559736377326772,exact 95% beta posterior quantiles; NaN where the prior is capped and the posterior carries no player information
002026,two_point_attempt_share,8.0,8.0,1.0,0.7629455592704639,-0.23705444072953608,0.12953231739358906,2.9939941265151577,0.7276700267381182,True,8.387818997470303,2.6061751290448547,0.48533398311701603,0.9513915104616899,0.46605752734467387,exact 95% beta posterior quantiles; NaN where the prior is capped and the posterior carries no player information
002027,two_point_attempt_share,1.0,30.0,0.03333333333333333,0.04206277639950847,0.008729443066175138,0.12953231739358906,2.9939941265151577,0.9092563902680375,True,1.3878189974703028,31.606175129044853,0.0026502950058784336,0.13094708023709245,0.12829678523121402,exact 95% beta posterior quantiles; NaN where the prior is capped and the posterior carries no player information
002028,two_point_attempt_share,25.0,302.0,0.08278145695364239,0.08324038993023296,0.00045893297659056753,0.12953231739358906,2.9939941265151577,0.9901834325128606,True,25.3878189974703,279.60617512904486,0.05497338270652108,0.11667394536198117,0.06170056265546009,exact 95% beta posterior quantiles; NaN where the prior is capped and the posterior carries no player information
002029,two_point_attempt_share,3.0,17.0,0.17647058823529413,0.16944183218387196,-0.007028756051422169,0.12953231739358906,2.9939941265151577,0.8502553262959773,True,3.387818997470303,16.606175129044853,0.043610242108115926,0.3570898718026001,0.3134796296944842,exact 95% beta posterior quantiles; NaN where the prior is capped and the posterior carries no player information
002030,two_point_attempt_share,0.0,83.0,0.0,0.0045098381742769145,0.0045098381742769145,0.12953231739358906,2.9939941265151577,0.9651836833847911,True,0.38781899747030285,85.60617512904486,6.383925210684538e-07,0.0253188660426531,0.02531822765013203,exact 95% beta posterior quantiles; NaN where the prior is capped and the posterior carries no player information
002031,two_point_attempt_share,1.0,1.0,1.0,0.34747647430348216,-0.6525235256965178,0.12953231739358906,2.9939941265151577,0.2503759315421229,False,1.3878189974703028,2.6061751290448547,0.029836946196155623,0.8013064135157038,0.7714694673195481,exact 95% beta posterior quantiles; NaN where the prior is capped and the posterior carries no player information
002032,two_point_attempt_share,2.0,26.0,0.07692307692307693,0.08235564189780359,0.005432564974726661,0.12953231739358906,2.9939941265151577,0.8967374376413654,True,2.387818997470303,26.606175129044853,0.01360435740207322,0.20418396129389293,0.19057960389181972,exact 95% beta posterior quantiles; NaN where the prior is capped and the posterior carries no player information
002033,two_point_attempt_share,13.0,73.0,0.1780821917808219,0.17616943485273584,-0.001912756928086068,0.12953231739358906,2.9939941265151577,0.9606022270453275,True,13.387818997470303,62.60617512904486,0.099644952948438,0.2688014878949616,0.1691565349465236,exact 95% beta posterior quantiles; NaN where the prior is capped and the posterior carries no player information
002034,two_point_attempt_share,0.0,40.0,0.0,0.009020306332300679,0.009020306332300679,0.12953231739358906,2.9939941265151577,0.9303625032439425,True,0.38781899747030285,42.60617512904486,1.287349732592702e-06,0.050397830986185,0.05039654363645241,exact 95% beta posterior quantiles; NaN where the prior is capped and the posterior carries no player information
002036,two_point_attempt_share,1.0,5.0,0.2,0.17360770792501173,-0.026392292074988277,0.12953231739358906,2.9939941265151577,0.6254695613817848,True,1.3878189974703028,6.606175129044855,0.012343769863946363,0.48202990894787945,0.4696861390839331,exact 95% beta posterior quantiles; NaN where the prior is capped and the posterior carries no player information
002038,two_point_attempt_share,3.0,3.0,1.0,0.5652022551179815,-0.4347977448820185,0.12953231739358906,2.9939941265151577,0.5005009909384357,True,3.387818997470303,2.6061751290448547,0.19468348220107146,0.8952421284338925,0.700558646232821,exact 95% beta posterior quantiles; NaN where the prior is capped and the posterior carries no player information
002039,two_point_attempt_share,1.0,1.0,1.0,0.34747647430348216,-0.6525235256965178,0.12953231739358906,2.9939941265151577,0.2503759315421229,False,1.3878189974703028,2.6061751290448547,0.029836946196155623,0.8013064135157038,0.7714694673195481,exact 95% beta posterior quantiles; NaN where the prior is capped and the posterior carries no player information
002040,two_point_attempt_share,0.0,20.0,0.0,0.01686609970136052,0.01686609970136052,0.12953231739358906,2.9939941265151577,0.8697923418592736,True,0.38781899747030285,22.606175129044853,2.441782271489501e-06,0.09342145672417246,0.09341901494190097,exact 95% beta posterior quantiles; NaN where the prior is capped and the posterior carries no player information
002042,two_point_attempt_share,1.0,9.0,0.1111111111111111,0.1157094945046077,0.004598383393496594,0.12953231739358906,2.9939941265151577,0.7503755550541478,True,1.3878189974703028,10.606175129044855,0.007785864436300471,0.33873519967892207,0.3309493352426216,exact 95% beta posterior quantiles; NaN where the prior is capped and the posterior carries no player information
002043,two_point_attempt_share,12.0,34.0,0.35294117647058826,0.3348602736732185,-0.018080902797369736,0.12953231739358906,2.9939941265151577,0.9190681028851321,True,12.387818997470303,24.606175129044853,0.19431940847425722,0.4923117892758455,0.2979923808015883,exact 95% beta posterior quantiles; NaN where the prior is capped and the posterior carries no player information
002046,two_point_attempt_share,0.0,4.0,0.0,0.05545028927033691,0.05545028927033691,0.12953231739358906,2.9939941265151577,0.5719192678237275,True,0.38781899747030285,6.606175129044855,8.635950507596135e-06,0.2927935620828066,0.292784926132299,exact 95% beta posterior quantiles; NaN where the prior is capped and the posterior carries no player information
002047,two_point_attempt_share,0.0,3.0,0.0,0.06470126417954576,0.06470126417954576,0.12953231739358906,2.9939941265151577,0.5005009909384357,True,0.38781899747030285,5.606175129044855,1.0261632269248366e-05,0.3372864070988726,0.33727614546660334,exact 95% beta posterior quantiles; NaN where the prior is capped and the posterior carries no player information
002049,two_point_attempt_share,2.0,14.0,0.14285714285714285,0.14050958119049067,-0.002347561666652176,0.12953231739358906,2.9939941265151577,0.8238204565550762,True,2.387818997470303,14.606175129044855,0.02415997997741215,0.33514023580937646,0.3109802558319643,exact 95% beta posterior quantiles; NaN where the prior is capped and the posterior carries no player information
002051,two_point_attempt_share,1.0,19.0,0.05263157894736842,0.06309990761510656,0.010468328667738142,0.12953231739358906,2.9939941265151577,0.8638721957779507,True,1.3878189974703028,20.606175129044853,0.004049260372994468,0.19314118640613742,0.18909192603314295,exact 95% beta posterior quantiles; NaN where the prior is capped and the posterior carries no player information
002054,two_point_attempt_share,2.0,16.0,0.125,0.1257144222308127,0.0007144222308126946,0.12953231739358906,2.9939941265151577,0.8423715356247471,True,2.387818997470303,16.606175129044853,0.021392750524682924,0.3028842732019257,0.28149152267724276,exact 95% beta posterior quantiles; NaN where the prior is capped and the posterior carries no player information
002056,two_point_attempt_share,1.0,1.0,1.0,0.34747647430348216,-0.6525235256965178,0.12953231739358906,2.9939941265151577,0.2503759315421229,False,1.3878189974703028,2.6061751290448547,0.029836946196155623,0.8013064135157038,0.7714694673195481,exact 95% beta posterior quantiles; NaN where the prior is capped and the posterior carries no player information
002059,two_point_attempt_share,1.0,2.0,0.5,0.27789760306320826,-0.22210239693679174,0.12953231739358906,2.9939941265151577,0.400481047701114,False,1.3878189974703028,3.6061751290448547,0.02202220234903507,0.6937353915709537,0.6717131892219186,exact 95% beta posterior quantiles; NaN where the prior is capped and the posterior carries no player information
002062,two_point_attempt_share,1.0,2.0,0.5,0.27789760306320826,-0.22210239693679174,0.12953231739358906,2.9939941265151577,0.400481047701114,False,1.3878189974703028,3.6061751290448547,0.02202220234903507,0.6937353915709537,0.6717131892219186,exact 95% beta posterior quantiles; NaN where the prior is capped and the posterior carries no player information
002063,two_point_attempt_share,1.0,4.0,0.25,0.19843010622626878,-0.051569893773731224,0.12953231739358906,2.9939941265151577,0.5719192678237275,True,1.3878189974703028,5.606175129044855,0.014461160259088501,0.5378855296585243,0.5234243693994358,exact 95% beta posterior quantiles; NaN where the prior is capped and the posterior carries no player information
002064,two_point_attempt_share,0.0,9.0,0.0,0.03233443283192462,0.03233443283192462,0.12953231739358906,2.9939941265151577,0.7503755550541478,True,0.38781899747030285,11.606175129044855,4.817702574655414e-06,0.17588751480798237,0.17588269710540771,exact 95% beta posterior quantiles; NaN where the prior is capped and the posterior carries no player information
002065,two_point_attempt_share,1.0,13.0,0.07692307692307693,0.08677125841690471,0.009848181493827782,0.12953231739358906,2.9939941265151577,0.8128051002875101,True,1.3878189974703028,14.606175129044855,0.005686678778147325,0.2604282136016991,0.2547415348235518,exact 95% beta posterior quantiles; NaN where the prior is capped and the posterior carries no player information
002067,two_point_attempt_share,17.0,45.0,0.37777777777777777,0.36229155989049233,-0.015486217887285436,0.12953231739358906,2.9939941265151577,0.9376173168954682,True,17.3878189974703,30.606175129044853,0.2338319999689702,0.5016252124623861,0.2677932124934159,exact 95% beta posterior quantiles; NaN where the prior is capped and the posterior carries no player information
002072,two_point_attempt_share,0.0,1.0,0.0,0.09710054276135928,0.09710054276135928,0.12953231739358906,2.9939941265151577,0.2503759315421229,False,0.38781899747030285,3.6061751290448547,1.6448466340079904e-05,0.4818465138960164,0.4818300654296763,exact 95% beta posterior quantiles; NaN where the prior is capped and the posterior carries no player information
002074,two_point_attempt_share,1.0,2.0,0.5,0.27789760306320826,-0.22210239693679174,0.12953231739358906,2.9939941265151577,0.400481047701114,False,1.3878189974703028,3.6061751290448547,0.02202220234903507,0.6937353915709537,0.6717131892219186,exact 95% beta posterior quantiles; NaN where the prior is capped and the posterior carries no player information
003003,two_point_attempt_share,0.0,5.0,0.0,0.04851379564865477,0.04851379564865477,0.12953231739358906,2.9939941265151577,0.6254695613817848,True,0.38781899747030285,7.606175129044855,7.454684237018228e-06,0.25855172573938034,0.2585442710551433,exact 95% beta posterior quantiles; NaN where the prior is capped and the posterior carries no player information
003004,two_point_attempt_share,2.0,37.0,0.05405405405405406,0.059704439369491,0.005650385315436941,0.12953231739358906,2.9939941265151577,0.9251389066807358,True,2.387818997470303,37.60617512904486,0.009714776504551992,0.15018223415245302,0.14046745764790103,exact 95% beta posterior quantiles; NaN where the prior is capped and the posterior carries no player information
003005,two_point_attempt_share,3.0,21.0,0.14285714285714285,0.1411944580634247,-0.0016626847937181444,0.12953231739358906,2.9939941265151577,0.8752190189458048,True,3.387818997470303,20.606175129044853,0.03573426933144219,0.3024855896655936,0.2667513203341514,exact 95% beta posterior quantiles; NaN where the prior is capped and the posterior carries no player information
003006,two_point_attempt_share,4.0,30.0,0.13333333333333333,0.13298841542631223,-0.00034491790702109726,0.12953231739358906,2.9939941265151577,0.9092563902680375,True,4.387818997470303,28.606175129044853,0.04174101320677437,0.2659220992063638,0.2241810859995894,exact 95% beta posterior quantiles; NaN where the prior is capped and the posterior carries no player information
003007,two_point_attempt_share,5.0,12.0,0.4166666666666667,0.3593318065893172,-0.0573348600773495,0.12953231739358906,2.9939941265151577,0.8003204415546207,True,5.387818997470303,9.606175129044855,0.1460869281727355,0.6080449204600882,0.4619579922873527,exact 95% beta posterior quantiles; NaN where the prior is capped and the posterior carries no player information
003008,two_point_attempt_share,1.0,2.0,0.5,0.27789760306320826,-0.22210239693679174,0.12953231739358906,2.9939941265151577,0.400481047701114,False,1.3878189974703028,3.6061751290448547,0.02202220234903507,0.6937353915709537,0.6717131892219186,exact 95% beta posterior quantiles; NaN where the prior is capped and the posterior carries no player information
003009,two_point_attempt_share,18.0,24.0,0.75,0.6811818551671335,-0.06881814483286652,0.12953231739358906,2.9939941265151577,0.889086657110358,True,18.3878189974703,8.606175129044855,0.4976129926217254,0.8393436377809849,0.34173064515925944,exact 95% beta posterior quantiles; NaN where the prior is capped and the posterior carries no player information
003010,two_point_attempt_share,2.0,235.0,0.00851063829787234,0.01003310611359782,0.0015224678157254798,0.12953231739358906,2.9939941265151577,0.9874198752892748,True,2.387818997470303,235.60617512904486,0.001580813288455829,0.026021912606665865,0.024441099318210036,exact 95% beta posterior quantiles; NaN where the prior is capped and the posterior carries no player information
003011,two_point_attempt_share,0.0,6.0,0.0,0.043119774375544144,0.043119774375544144,0.12953231739358906,2.9939941265151577,0.6671118432589836,True,0.38781899747030285,8.606175129044855,6.5575295593589544e-06,0.23141883718199097,0.2314122796524316,exact 95% beta posterior quantiles; NaN where the prior is capped and the posterior carries no player information
003013,two_point_attempt_share,45.0,198.0,0.22727272727272727,0.2258167921619641,-0.001455935110763168,0.12953231739358906,2.9939941265151577,0.9851040617431056,True,45.387818997470305,155.60617512904486,0.17084323058952577,0.28595669331843965,0.11511346272891387,exact 95% beta posterior quantiles; NaN where the prior is capped and the posterior carries no player information
003015,two_point_attempt_share,1.0,3.0,0.3333333333333333,0.231534927825691,-0.10179840550764233,0.12953231739358906,2.9939941265151577,0.5005009909384357,True,1.3878189974703028,4.606175129044855,0.01745685705100186,0.6070834737911355,0.5896266167401336,exact 95% beta posterior quantiles; NaN where the prior is capped and the posterior carries no player information
003016,two_point_attempt_share,1.0,99.0,0.010101010101010102,0.013606869790282234,0.0035058596892721325,0.12953231739358906,2.9939941265151577,0.9706453879744982,True,1.3878189974703028,100.60617512904486,0.000836836319649592,0.04330744410981424,0.04247060779016465,exact 95% beta posterior quantiles; NaN where the prior is capped and the posterior carries no player information
003017,two_point_attempt_share,2.0,69.0,0.028985507246376812,0.033166919358220144,0.004181412111843332,0.12953231739358906,2.9939941265151577,0.9584132792903001,True,2.387818997470303,69.60617512904486,0.005303899029968306,0.0848203297064174,0.07951643067644909,exact 95% beta posterior quantiles; NaN where the prior is capped and the posterior carries no player information
003018,two_point_attempt_share,1.0,22.0,0.045454545454545456,0.05552609920789009,0.010071553753344634,0.12953231739358906,2.9939941265151577,0.8802114575461573,True,1.3878189974703028,23.606175129044853,0.0035396786697674543,0.17100743899936788,0.16746776032960042,exact 95% beta posterior quantiles; NaN where the prior is capped and the posterior carries no player information
003019,two_point_attempt_share,26.0,117.0,0.2222222222222222,0.2199094978841059,-0.002312724338116301,0.12953231739358906,2.9939941265151577,0.975048800164461,True,26.3878189974703,93.60617512904486,0.15075594894005917,0.2979002180218231,0.14714426908176392,exact 95% beta posterior quantiles; NaN where the prior is capped and the posterior carries no player information
003020,two_point_attempt_share,0.0,1.0,0.0,0.09710054276135928,0.09710054276135928,0.12953231739358906,2.9939941265151577,0.2503759315421229,False,0.38781899747030285,3.6061751290448547,1.6448466340079904e-05,0.4818465138960164,0.4818300654296763,exact 95% beta posterior quantiles; NaN where the prior is capped and the posterior carries no player information
003021,two_point_attempt_share,0.0,14.0,0.0,0.022820944539765485,0.022820944539765485,0.12953231739358906,2.9939941265151577,0.8238204565550762,True,0.38781899747030285,16.606175129044853,3.340392140671611e-06,0.12554828033898957,0.1255449399468489,exact 95% beta posterior quantiles; NaN where the prior is capped and the posterior carries no player information
003022,two_point_attempt_share,8.0,114.0,0.07017543859649122,0.07169444089924709,0.0015190023027558675,0.12953231739358906,2.9939941265151577,0.9744089929669594,True,8.387818997470303,108.60617512904486,0.032489652425283566,0.1246751043072436,0.09218545188196003,exact 95% beta posterior quantiles; NaN where the prior is capped and the posterior carries no player information
003023,two_point_attempt_share,20.0,31.0,0.6451612903225806,0.5997476766511499,-0.04541361367143071,0.12953231739358906,2.9939941265151577,0.9119257914979796,True,20.3878189974703,13.606175129044855,0.4329897403076757,0.7553822378104087,0.322392497502733,exact 95% beta posterior quantiles; NaN where the prior is capped and the posterior carries no player information
003024,two_point_attempt_share,12.0,57.0,0.21052631578947367,0.20648431860274058,-0.004041997186733093,0.12953231739358906,2.9939941265151577,0.9500951025164047,True,12.387818997470303,47.60617512904486,0.11481886377441697,0.31664891648688354,0.20183005271246657,exact 95% beta posterior quantiles; NaN where the prior is capped and the posterior carries no player information
003025,two_point_attempt_share,4.0,67.0,0.05970149253731343,0.06268850709589821,0.0029870145585847788,0.12953231739358906,2.9939941265151577,0.9572249853165476,True,4.387818997470303,65.60617512904486,0.018997757375473157,0.12971138241118751,0.11071362503571436,exact 95% beta posterior quantiles; NaN where the prior is capped and the posterior carries no player information
003027,two_point_attempt_share,1.0,59.0,0.01694915254237288,0.022386345919865894,0.005437193377493012,0.12953231739358906,2.9939941265151577,0.9517050938772372,True,1.3878189974703028,60.60617512904486,0.0013870133261661977,0.07077247716370039,0.06938546383753419,exact 95% beta posterior quantiles; NaN where the prior is capped and the posterior carries no player information
003028,two_point_attempt_share,4.0,5.0,0.8,0.5488894447540826,-0.2511105552459174,0.12953231739358906,2.9939941265151577,0.6254695613817848,True,4.387818997470303,3.6061751290448547,0.22295643112738617,0.8518294280220289,0.6288729968946427,exact 95% beta posterior quantiles; NaN where the prior is capped and the posterior carries no player information
003029,two_point_attempt_share,9.0,10.0,0.9,0.7224736987000632,-0.17752630129993685,0.12953231739358906,2.9939941265151577,0.76958631061671,True,9.387818997470303,3.6061751290448547,0.4613553913368378,0.9192418047750834,0.45788641343824565,exact 95% beta posterior quantiles; NaN where the prior is capped and the posterior carries no player information
003031,two_point_attempt_share,19.0,96.0,0.19791666666666666,0.19584843675155186,-0.0020682299151147943,0.12953231739358906,2.9939941265151577,0.9697558003095742,True,19.3878189974703,79.60617512904486,0.12420414175721817,0.27911811191006564,0.15491397015284747,exact 95% beta posterior quantiles; NaN where the prior is capped and the posterior carries no player information
003032,two_point_attempt_share,1.0,17.0,0.058823529411764705,0.06941179379610991,0.010588264384345208,0.12953231739358906,2.9939941265151577,0.8502553262959773,True,1.3878189974703028,18.606175129044853,0.004479157185414806,0.21136412370833568,0.20688496652292088,exact 95% beta posterior quantiles; NaN where the prior is capped and the posterior carries no player information
003033,two_point_attempt_share,5.0,25.0,0.2,0.19246338957994943,-0.007536610420050577,0.12953231739358906,2.9939941265151577,0.8930486977676642,True,5.387818997470303,22.606175129044853,0.07179659637040459,0.3544903500296641,0.28269375365925953,exact 95% beta posterior quantiles; NaN where the prior is capped and the posterior carries no player information
003039,two_point_attempt_share,1.0,16.0,0.0625,0.073066201254266,0.010566201254265994,0.12953231739358906,2.9939941265151577,0.8423715356247471,True,1.3878189974703028,17.606175129044853,0.0047302595630753785,0.2218216081673745,0.21709134860429913,exact 95% beta posterior quantiles; NaN where the prior is capped and the posterior carries no player information
003041,two_point_attempt_share,9.0,23.0,0.391304347826087,0.3611533861159976,-0.030150961710089352,0.12953231739358906,2.9939941265151577,0.8848197736775998,True,9.387818997470303,16.606175129044853,0.19184794984175824,0.5506938420876395,0.35884589224588126,exact 95% beta posterior quantiles; NaN where the prior is capped and the posterior carries no player information
003045,two_point_attempt_share,0.0,1.0,0.0,0.09710054276135928,0.09710054276135928,0.12953231739358906,2.9939941265151577,0.2503759315421229,False,0.38781899747030285,3.6061751290448547,1.6448466340079904e-05,0.4818465138960164,0.4818300654296763,exact 95% beta posterior quantiles; NaN where the prior is capped and the posterior carries no player information
003047,two_point_attempt_share,0.0,2.0,0.0,0.07765707921265128,0.07765707921265128,0.12953231739358906,2.9939941265151577,0.400481047701114,False,0.38781899747030285,4.606175129044855,1.2639822671189904e-05,0.3972512844775338,0.3972386446548626,exact 95% beta posterior quantiles; NaN where the prior is capped and the posterior carries no player information
003048,two_point_attempt_share,8.0,245.0,0.0326530612244898,0.03382266988768778,0.0011696086631979782,0.12953231739358906,2.9939941265151577,0.9879271506672546,True,8.387818997470303,239.60617512904486,0.015125878126127645,0.059585010778391734,0.04445913265226409,exact 95% beta posterior quantiles; NaN where the prior is capped and the posterior carries no player information
003049,two_point_attempt_share,1.0,1.0,1.0,0.34747647430348216,-0.6525235256965178,0.12953231739358906,2.9939941265151577,0.2503759315421229,False,1.3878189974703028,2.6061751290448547,0.029836946196155623,0.8013064135157038,0.7714694673195481,exact 95% beta posterior quantiles; NaN where the prior is capped and the posterior carries no player information
003052,two_point_attempt_share,0.0,3.0,0.0,0.06470126417954576,0.06470126417954576,0.12953231739358906,2.9939941265151577,0.5005009909384357,True,0.38781899747030285,5.606175129044855,1.0261632269248366e-05,0.3372864070988726,0.33727614546660334,exact 95% beta posterior quantiles; NaN where the prior is capped and the posterior carries no player information
003054,two_point_attempt_share,0.0,4.0,0.0,0.05545028927033691,0.05545028927033691,0.12953231739358906,2.9939941265151577,0.5719192678237275,True,0.38781899747030285,6.606175129044855,8.635950507596135e-06,0.2927935620828066,0.292784926132299,exact 95% beta posterior quantiles; NaN where the prior is capped and the posterior carries no player information
003059,two_point_attempt_share,1.0,3.0,0.3333333333333333,0.231534927825691,-0.10179840550764233,0.12953231739358906,2.9939941265151577,0.5005009909384357,True,1.3878189974703028,4.606175129044855,0.01745685705100186,0.6070834737911355,0.5896266167401336,exact 95% beta posterior quantiles; NaN where the prior is capped and the posterior carries no player information
003066,two_point_attempt_share,0.0,3.0,0.0,0.06470126417954576,0.06470126417954576,0.12953231739358906,2.9939941265151577,0.5005009909384357,True,0.38781899747030285,5.606175129044855,1.0261632269248366e-05,0.3372864070988726,0.33727614546660334,exact 95% beta posterior quantiles; NaN where the prior is capped and the posterior carries no player information
003068,two_point_attempt_share,2.0,12.0,0.16666666666666666,0.15925169620066204,-0.007414970466004617,0.12953231739358906,2.9939941265151577,0.8003204415546207,True,2.387818997470303,12.606175129044855,0.02775044212467037,0.37494832239462994,0.34719788026995957,exact 95% beta posterior quantiles; NaN where the prior is capped and the posterior carries no player information
003069,two_point_attempt_share,1.0,2.0,0.5,0.27789760306320826,-0.22210239693679174,0.12953231739358906,2.9939941265151577,0.400481047701114,False,1.3878189974703028,3.6061751290448547,0.02202220234903507,0.6937353915709537,0.6717131892219186,exact 95% beta posterior quantiles; NaN where the prior is capped and the posterior carries no player information
003070,two_point_attempt_share,3.0,16.0,0.1875,0.1783626432073594,-0.009137356792640605,0.12953231739358906,2.9939941265151577,0.8423715356247471,True,3.387818997470303,15.606175129044855,0.046154298674082384,0.373913384944899,0.3277590862708166,exact 95% beta posterior quantiles; NaN where the prior is capped and the posterior carries no player information
003072,two_point_attempt_share,2.0,11.0,0.18181818181818182,0.17063169927633287,-0.011186482541848952,0.12953231739358906,2.9939941265151577,0.7860514947021251,True,2.387818997470303,11.606175129044855,0.02997858202434145,0.3985410319000948,0.3685624498757534,exact 95% beta posterior quantiles; NaN where the prior is capped and the posterior carries no player information
003075,two_point_attempt_share,40.0,294.0,0.1360544217687075,0.13598867248563173,-6.574928307576111e-05,0.12953231739358906,2.9939941265151577,0.9899190078394658,True,40.387818997470305,256.60617512904486,0.09946899095666595,0.17714758976944722,0.07767859881278127,exact 95% beta posterior quantiles; NaN where the prior is capped and the posterior carries no player information
003076,two_point_attempt_share,2.0,129.0,0.015503875968992248,0.018090360953708227,0.002586484984715979,0.12953231739358906,2.9939941265151577,0.9773171942683586,True,2.387818997470303,129.60617512904486,0.0028649975720327348,0.04669164711958729,0.04382664954755455,exact 95% beta posterior quantiles; NaN where the prior is capped and the posterior carries no player information
003077,two_point_attempt_share,4.0,15.0,0.26666666666666666,0.24384908467901553,-0.02281758198765113,0.12953231739358906,2.9939941265151577,0.8336114758366326,True,4.387818997470303,13.606175129044855,0.08120637878892012,0.46007530062342994,0.3788689218345098,exact 95% beta posterior quantiles; NaN where the prior is capped and the posterior carries no player information
003078,two_point_attempt_share,15.0,157.0,0.09554140127388536,0.09617747892025492,0.0006360776463695678,0.12953231739358906,2.9939941265151577,0.9812868342786188,True,15.387818997470303,144.60617512904486,0.05564453304396011,0.14624252179055475,0.09059798874659464,exact 95% beta posterior quantiles; NaN where the prior is capped and the posterior carries no player information
003079,two_point_attempt_share,5.0,5.0,1.0,0.6739833570304397,-0.32601664296956034,0.12953231739358906,2.9939941265151577,0.6254695613817848,True,5.387818997470303,2.6061751290448547,0.3382790267060045,0.9284235426748637,0.5901445159688592,exact 95% beta posterior quantiles; NaN where the prior is capped and the posterior carries no player information
003080,two_point_attempt_share,10.0,179.0,0.055865921787709494,0.05707781208565099,0.001211890297941498,0.12953231739358906,2.9939941265151577,0.9835489399477993,True,10.387818997470303,171.60617512904486,0.02831805622554384,0.09500504404422827,0.06668698781868443,exact 95% beta posterior quantiles; NaN where the prior is capped and the posterior carries no player information
003081,two_point_attempt_share,4.0,142.0,0.028169014084507043,0.03026207412178529,0.002093060037278247,0.12953231739358906,2.9939941265151577,0.9793509093631648,True,4.387818997470303,140.60617512904486,0.009028860105900094,0.06357230586581863,0.05454344575991854,exact 95% beta posterior quantiles; NaN where the prior is capped and the posterior carries no player information
003082,two_point_attempt_share,34.0,39.0,0.8717948717948718,0.8188746917921226,-0.05292018000274923,0.12953231739358906,2.9939941265151577,0.9287042304788833,True,34.387818997470305,7.606175129044855,0.6906593279272784,0.9184453903872054,0.22778606245992705,exact 95% beta posterior quantiles; NaN where the prior is capped and the posterior carries no player information
003083,two_point_attempt_share,32.0,46.0,0.6956521739130435,0.6610569228921526,-0.034595251020890894,0.12953231739358906,2.9939941265151577,0.9388905889406793,True,32.387818997470305,16.606175129044853,0.5243107784481253,0.785347481345525,0.26103670289739966,exact 95% beta posterior quantiles; NaN where the prior is capped and the posterior carries no player information
003084,two_point_attempt_share,3.0,79.0,0.0379746835443038,0.04131789204271429,0.0033432084984104937,0.12953231739358906,2.9939941265151577,0.9634852020759535,True,3.387818997470303,78.60617512904486,0.009881575795589015,0.09351094687008299,0.08362937107449397,exact 95% beta posterior quantiles; NaN where the prior is capped and the posterior carries no player information
003085,two_point_attempt_share,72.0,163.0,0.44171779141104295,0.43608697638963184,-0.005630815021411106,0.12953231739358906,2.9939941265151577,0.9819632382347928,True,72.3878189974703,93.60617512904486,0.3617032449983526,0.5119298732897732,0.15022662829142064,exact 95% beta posterior quantiles; NaN where the prior is capped and the posterior carries no player information
003086,two_point_attempt_share,6.0,26.0,0.23076923076923078,0.22031524768878288,-0.010453983080447898,0.12953231739358906,2.9939941265151577,0.8967374376413654,True,6.387818997470303,22.606175129044853,0.0920912072469946,0.38493231558823027,0.29284110834123567,exact 95% beta posterior quantiles; NaN where the prior is capped and the posterior carries no player information
003087,two_point_attempt_share,6.0,19.0,0.3157894736842105,0.29043469597772514,-0.025354777706485365,0.12953231739358906,2.9939941265151577,0.8638721957779507,True,6.387818997470303,15.606175129044855,0.125403532612836,0.49147727139643393,0.36607373878359795,exact 95% beta posterior quantiles; NaN where the prior is capped and the posterior carries no player information
003088,two_point_attempt_share,3.0,39.0,0.07692307692307693,0.08067389320634358,0.0037508162832666503,0.12953231739358906,2.9939941265151577,0.9287042304788833,True,3.387818997470303,38.60617512904486,0.019719180098036304,0.17877604087698273,0.15905686077894643,exact 95% beta posterior quantiles; NaN where the prior is capped and the posterior carries no player information
003089,two_point_attempt_share,2.0,3.0,0.6666666666666666,0.39836859147183623,-0.2682980751948304,0.12953231739358906,2.9939941265151577,0.5005009909384357,True,2.387818997470303,3.6061751290448547,0.0842223682848271,0.7754825944139156,0.6912602261290886,exact 95% beta posterior quantiles; NaN where the prior is capped and the posterior carries no player information
003090,two_point_attempt_share,1.0,47.0,0.02127659574468085,0.027759714376056416,0.006483118631375566,0.12953231739358906,2.9939941265151577,0.9401129239856585,True,1.3878189974703028,48.60617512904486,0.0017277970619034022,0.08739554401836358,0.08566774695646018,exact 95% beta posterior quantiles; NaN where the prior is capped and the posterior carries no player information
003091,two_point_attempt_share,10.0,37.0,0.2702702702702703,0.25973447324640686,-0.010535797023863425,0.12953231739358906,2.9939941265151577,0.9251389066807358,True,10.387818997470303,29.606175129044853,0.13794747399515472,0.4042488111590501,0.26630133716389537,exact 95% beta posterior quantiles; NaN where the prior is capped and the posterior carries no player information
003092,two_point_attempt_share,1.0,73.0,0.0136986301369863,0.018262219448024475,0.004563589311038174,0.12953231739358906,2.9939941265151577,0.9606022270453275,True,1.3878189974703028,74.60617512904486,0.001127554482081905,0.05791784010943957,0.05679028562735766,exact 95% beta posterior quantiles; NaN where the prior is capped and the posterior carries no player information
003093,two_point_attempt_share,1.0,138.0,0.007246376811594203,0.009843107190970138,0.0025967303793759345,0.12953231739358906,2.9939941265151577,0.9787650946051742,True,1.3878189974703028,139.60617512904486,0.0006034535763319582,0.03141801277524792,0.03081455919891596,exact 95% beta posterior quantiles; NaN where the prior is capped and the posterior carries no player information
003094,two_point_attempt_share,4.0,108.0,0.037037037037037035,0.03953203983693839,0.0024950027999013566,0.12953231739358906,2.9939941265151577,0.9730256204394042,True,4.387818997470303,106.60617512904486,0.01184695292613469,0.08269025754998438,0.07084330462384969,exact 95% beta posterior quantiles; NaN where the prior is capped and the posterior carries no player information
003095,two_point_attempt_share,1.0,1.0,1.0,0.34747647430348216,-0.6525235256965178,0.12953231739358906,2.9939941265151577,0.2503759315421229,False,1.3878189974703028,2.6061751290448547,0.029836946196155623,0.8013064135157038,0.7714694673195481,exact 95% beta posterior quantiles; NaN where the prior is capped and the posterior carries no player information
003096,two_point_attempt_share,1.0,3.0,0.3333333333333333,0.231534927825691,-0.10179840550764233,0.12953231739358906,2.9939941265151577,0.5005009909384357,True,1.3878189974703028,4.606175129044855,0.01745685705100186,0.6070834737911355,0.5896266167401336,exact 95% beta posterior quantiles; NaN where the prior is capped and the posterior carries no player information
003097,two_point_attempt_share,0.0,1.0,0.0,0.09710054276135928,0.09710054276135928,0.12953231739358906,2.9939941265151577,0.2503759315421229,False,0.38781899747030285,3.6061751290448547,1.6448466340079904e-05,0.4818465138960164,0.4818300654296763,exact 95% beta posterior quantiles; NaN where the prior is capped and the posterior carries no player information
003098,two_point_attempt_share,13.0,58.0,0.22413793103448276,0.21949405329483718,-0.0046438777396455855,0.12953231739358906,2.9939941265151577,0.9509132961467495,True,13.387818997470303,47.60617512904486,0.12578981500701047,0.3305942185979802,0.20480440359096974,exact 95% beta posterior quantiles; NaN where the prior is capped and the posterior carries no player information
003099,two_point_attempt_share,9.0,17.0,0.5294117647058824,0.4695319473471581,-0.059879817358724274,0.12953231739358906,2.9939941265151577,0.8502553262959773,True,9.387818997470303,10.606175129044855,0.2614396363205742,0.6834014354099054,0.4219617990893312,exact 95% beta posterior quantiles; NaN where the prior is capped and the posterior carries no player information
003100,two_point_attempt_share,2.0,130.0,0.015384615384615385,0.017954337059753293,0.002569721675137908,0.12953231739358906,2.9939941265151577,0.9774877493816223,True,2.387818997470303,130.60617512904486,0.002843207825208083,0.046344385511474684,0.0435011776862666,exact 95% beta posterior quantiles; NaN where the prior is capped and the posterior carries no player information
003101,two_point_attempt_share,3.0,8.0,0.375,0.30815179255914005,-0.06684820744085995,0.12953231739358906,2.9939941265151577,0.7276700267381182,True,3.387818997470303,7.606175129044855,0.08666502896812744,0.5952033876383211,0.5085383586701937,exact 95% beta posterior quantiles; NaN where the prior is capped and the posterior carries no player information
003102,two_point_attempt_share,2.0,2.0,1.0,0.4781381269137653,-0.5218618730862348,0.12953231739358906,2.9939941265151577,0.400481047701114,False,2.387818997470303,2.6061751290448547,0.109190837276401,0.8632281716272701,0.7540373343508691,exact 95% beta posterior quantiles; NaN where the prior is capped and the posterior carries no player information
003103,two_point_attempt_share,9.0,18.0,0.5,0.44716688691522505,-0.05283311308477495,0.12953231739358906,2.9939941265151577,0.8573880649640756,True,9.387818997470303,11.606175129044855,0.24647806331631728,0.6573959734232631,0.4109179101069458,exact 95% beta posterior quantiles; NaN where the prior is capped and the posterior carries no player information
003104,two_point_attempt_share,2.0,31.0,0.06451612903225806,0.07024237836200058,0.005726249329742514,0.12953231739358906,2.9939941265151577,0.9119257914979796,True,2.387818997470303,31.606175129044853,0.011509641975862905,0.17551150583312847,0.16400186385726556,exact 95% beta posterior quantiles; NaN where the prior is capped and the posterior carries no player information
003106,two_point_attempt_share,0.0,112.0,0.0,0.0033725152380012866,0.0033725152380012866,0.12953231739358906,2.9939941265151577,0.973963908730562,True,0.38781899747030285,114.60617512904486,4.76400600746274e-07,0.018956456653540954,0.018955980252940208,exact 95% beta posterior quantiles; NaN where the prior is capped and the posterior carries no player information
003115,two_point_attempt_share,1.0,14.0,0.07142857142857142,0.08166526286512807,0.010236691436556644,0.12953231739358906,2.9939941265151577,0.8238204565550762,True,1.3878189974703028,15.606175129044855,0.005327606078935787,0.24615811111289077,0.24083050503395498,exact 95% beta posterior quantiles; NaN where the prior is capped and the posterior carries no player information
003119,two_point_attempt_share,9.0,27.0,0.3333333333333333,0.31298995918557326,-0.02034337414776005,0.12953231739358906,2.9939941265151577,0.9001802122822842,True,9.387818997470303,20.606175129044853,0.16305721647222526,0.4865262884122785,0.32346907194005325,exact 95% beta posterior quantiles; NaN where the prior is capped and the posterior carries no player information
003120,two_point_attempt_share,0.0,29.0,0.0,0.012121618699332579,0.012121618699332579,0.12953231739358906,2.9939941265151577,0.9064201201426779,True,0.38781899747030285,31.606175129044853,1.7397396732121706e-06,0.0674968596722465,0.06749511993257329,exact 95% beta posterior quantiles; NaN where the prior is capped and the posterior carries no player information
003121,two_point_attempt_share,0.0,22.0,0.0,0.015516487501246578,0.015516487501246578,0.12953231739358906,2.9939941265151577,0.8802114575461573,True,0.38781899747030285,24.606175129044853,2.2408494260162115e-06,0.08607613304047845,0.08607389219105244,exact 95% beta posterior quantiles; NaN where the prior is capped and the posterior carries no player information
003126,two_point_attempt_share,0.0,1.0,0.0,0.09710054276135928,0.09710054276135928,0.12953231739358906,2.9939941265151577,0.2503759315421229,False,0.38781899747030285,3.6061751290448547,1.6448466340079904e-05,0.4818465138960164,0.4818300654296763,exact 95% beta posterior quantiles; NaN where the prior is capped and the posterior carries no player information
003128,two_point_attempt_share,2.0,2.0,1.0,0.4781381269137653,-0.5218618730862348,0.12953231739358906,2.9939941265151577,0.400481047701114,False,2.387818997470303,2.6061751290448547,0.109190837276401,0.8632281716272701,0.7540373343508691,exact 95% beta posterior quantiles; NaN where the prior is capped and the posterior carries no player information
003136,two_point_attempt_share,1.0,4.0,0.25,0.19843010622626878,-0.051569893773731224,0.12953231739358906,2.9939941265151577,0.5719192678237275,True,1.3878189974703028,5.606175129044855,0.014461160259088501,0.5378855296585243,0.5234243693994358,exact 95% beta posterior quantiles; NaN where the prior is capped and the posterior carries no player information
003142,two_point_attempt_share,0.0,15.0,0.0,0.021552691122580164,0.021552691122580164,0.12953231739358906,2.9939941265151577,0.8336114758366326,True,0.38781899747030285,17.606175129044853,3.147375537082553e-06,0.1187450299912598,0.11874188261572272,exact 95% beta posterior quantiles; NaN where the prior is capped and the posterior carries no player information
003143,two_point_attempt_share,0.0,11.0,0.0,0.027713245694128294,0.027713245694128294,0.12953231739358906,2.9939941265151577,0.7860514947021251,True,0.38781899747030285,13.606175129044855,4.093599272891879e-06,0.1515897689096164,0.1515856753103435,exact 95% beta posterior quantiles; NaN where the prior is capped and the posterior carries no player information
003145,two_point_attempt_share,1.0,1.0,1.0,0.34747647430348216,-0.6525235256965178,0.12953231739358906,2.9939941265151577,0.2503759315421229,False,1.3878189974703028,2.6061751290448547,0.029836946196155623,0.8013064135157038,0.7714694673195481,exact 95% beta posterior quantiles; NaN where the prior is capped and the posterior carries no player information
003149,two_point_attempt_share,0.0,22.0,0.0,0.015516487501246578,0.015516487501246578,0.12953231739358906,2.9939941265151577,0.8802114575461573,True,0.38781899747030285,24.606175129044853,2.2408494260162115e-06,0.08607613304047845,0.08607389219105244,exact 95% beta posterior quantiles; NaN where the prior is capped and the posterior carries no player information
003151,two_point_attempt_share,2.0,7.0,0.2857142857142857,0.23892539531668908,-0.04678889039759662,0.12953231739358906,2.9939941265151577,0.7004206637892887,True,2.387818997470303,7.606175129044855,0.044177968200528994,0.5308086028962862,0.4866306346957572,exact 95% beta posterior quantiles; NaN where the prior is capped and the posterior carries no player information
003153,two_point_attempt_share,0.0,19.0,0.0,0.017632949942582844,0.017632949942582844,0.12953231739358906,2.9939941265151577,0.8638721957779507,True,0.38781899747030285,21.606175129044853,2.5563931558281183e-06,0.0975846289366018,0.09758207254344597,exact 95% beta posterior quantiles; NaN where the prior is capped and the posterior carries no player information
003156,two_point_attempt_share,12.0,92.0,0.13043478260869565,0.13040633896256562,-2.8443646130027478e-05,0.12953231739358906,2.9939941265151577,0.9684822798109984,True,12.387818997470303,82.60617512904486,0.07083013103692792,0.2046739088546019,0.13384377781767398,exact 95% beta posterior quantiles; NaN where the prior is capped and the posterior carries no player information
003157,two_point_attempt_share,0.0,54.0,0.0,0.006804559031420451,0.006804559031420451,0.12953231739358906,2.9939941265151577,0.9474682521833951,True,0.38781899747030285,56.60617512904486,9.672075975686312e-07,0.03810875295312144,0.03810778574552387,exact 95% beta posterior quantiles; NaN where the prior is capped and the posterior carries no player information
003159,two_point_attempt_share,3.0,131.0,0.022900763358778626,0.0252833645235739,0.0023826011647952727,0.12953231739358906,2.9939941265151577,0.9776557587820819,True,3.387818997470303,130.60617512904486,0.00599433938623406,0.0577031715947669,0.05170883220853284,exact 95% beta posterior quantiles; NaN where the prior is capped and the posterior carries no player information
003160,two_point_attempt_share,12.0,116.0,0.10344827586206896,0.10410457341485231,0.000656297552783347,0.12953231739358906,2.9939941265151577,0.9748391156335846,True,12.387818997470303,106.60617512904486,0.056101669470081106,0.16466397754265927,0.10856230807257816,exact 95% beta posterior quantiles; NaN where the prior is capped and the posterior carries no player information
003161,two_point_attempt_share,3.0,55.0,0.05454545454545454,0.05841672139497243,0.003871266849517885,0.12953231739358906,2.9939941265151577,0.9483740657699193,True,3.387818997470303,54.60617512904486,0.014102806948358193,0.13101609263685532,0.11691328568849713,exact 95% beta posterior quantiles; NaN where the prior is capped and the posterior carries no player information
003162,two_point_attempt_share,16.0,150.0,0.10666666666666667,0.10711413275424876,0.00044746608758208795,0.12953231739358906,2.9939941265151577,0.9804306427607914,True,16.3878189974703,136.60617512904486,0.06336540248594247,0.1605646911484655,0.09719928866252303,exact 95% beta posterior quantiles; NaN where the prior is capped and the posterior carries no player information
003163,two_point_attempt_share,2.0,2.0,1.0,0.4781381269137653,-0.5218618730862348,0.12953231739358906,2.9939941265151577,0.400481047701114,False,2.387818997470303,2.6061751290448547,0.109190837276401,0.8632281716272701,0.7540373343508691,exact 95% beta posterior quantiles; NaN where the prior is capped and the posterior carries no player information
003164,two_point_attempt_share,5.0,138.0,0.036231884057971016,0.0382131099331491,0.001981225875178086,0.12953231739358906,2.9939941265151577,0.9787650946051742,True,5.387818997470303,135.60617512904486,0.013287766691064462,0.07539226111839525,0.06210449442733079,exact 95% beta posterior quantiles; NaN where the prior is capped and the posterior carries no player information
003165,two_point_attempt_share,7.0,145.0,0.04827586206896552,0.04991972168245355,0.0016438596134880357,0.12953231739358906,2.9939941265151577,0.979769488997265,True,7.387818997470303,140.60617512904486,0.021054146898677573,0.0902094405319076,0.06915529363323003,exact 95% beta posterior quantiles; NaN where the prior is capped and the posterior carries no player information
003166,two_point_attempt_share,3.0,102.0,0.029411764705882353,0.032266788454471645,0.002855023748589293,0.12953231739358906,2.9939941265151577,0.9714841391507835,True,3.387818997470303,101.60617512904486,0.0076789869053754956,0.07337380715762265,0.06569482025224715,exact 95% beta posterior quantiles; NaN where the prior is capped and the posterior carries no player information
003167,two_point_attempt_share,0.0,54.0,0.0,0.006804559031420451,0.006804559031420451,0.12953231739358906,2.9939941265151577,0.9474682521833951,True,0.38781899747030285,56.60617512904486,9.672075975686312e-07,0.03810875295312144,0.03810778574552387,exact 95% beta posterior quantiles; NaN where the prior is capped and the posterior carries no player information
003168,two_point_attempt_share,20.0,171.0,0.11695906432748537,0.11717541803566986,0.00021635370818448574,0.12953231739358906,2.9939941265151577,0.9827925432625096,True,20.3878189974703,153.60617512904486,0.07387341445428319,0.16879562931717373,0.09492221486289054,exact 95% beta posterior quantiles; NaN where the prior is capped and the posterior carries no player information
003169,two_point_attempt_share,4.0,4.0,1.0,0.6273695570940645,-0.3726304429059355,0.12953231739358906,2.9939941265151577,0.5719192678237275,True,4.387818997470303,2.6061751290448547,0.2717963678005617,0.9149862314516213,0.6431898636510596,exact 95% beta posterior quantiles; NaN where the prior is capped and the posterior carries no player information
003170,two_point_attempt_share,8.0,83.0,0.0963855421686747,0.09753959078967847,0.001154048621003767,0.12953231739358906,2.9939941265151577,0.9651836833847911,True,8.387818997470303,77.60617512904486,0.044610866432776675,0.1680924668617081,0.12348160042893142,exact 95% beta posterior quantiles; NaN where the prior is capped and the posterior carries no player information
003171,two_point_attempt_share,2.0,3.0,0.6666666666666666,0.39836859147183623,-0.2682980751948304,0.12953231739358906,2.9939941265151577,0.5005009909384357,True,2.387818997470303,3.6061751290448547,0.0842223682848271,0.7754825944139156,0.6912602261290886,exact 95% beta posterior quantiles; NaN where the prior is capped and the posterior carries no player information
003172,two_point_attempt_share,2.0,22.0,0.09090909090909091,0.09553571091453361,0.0046266200054427,0.12953231739358906,2.9939941265151577,0.8802114575461573,True,2.387818997470303,22.606175129044853,0.01592289682594128,0.23483954128460027,0.218916644458659,exact 95% beta posterior quantiles; NaN where the prior is capped and the posterior carries no player information
003173,two_point_attempt_share,1.0,5.0,0.2,0.17360770792501173,-0.026392292074988277,0.12953231739358906,2.9939941265151577,0.6254695613817848,True,1.3878189974703028,6.606175129044855,0.012343769863946363,0.48202990894787945,0.4696861390839331,exact 95% beta posterior quantiles; NaN where the prior is capped and the posterior carries no player information
003174,two_point_attempt_share,3.0,117.0,0.02564102564102564,0.02823323802271612,0.0025922123816904813,0.12953231739358906,2.9939941265151577,0.975048800164461,True,3.387818997470303,116.60617512904486,0.006704395898850635,0.0643367969605606,0.05763240106170997,exact 95% beta posterior quantiles; NaN where the prior is capped and the posterior carries no player information
003176,two_point_attempt_share,5.0,5.0,1.0,0.6739833570304397,-0.32601664296956034,0.12953231739358906,2.9939941265151577,0.6254695613817848,True,5.387818997470303,2.6061751290448547,0.3382790267060045,0.9284235426748637,0.5901445159688592,exact 95% beta posterior quantiles; NaN where the prior is capped and the posterior carries no player information
003177,two_point_attempt_share,1.0,1.0,1.0,0.34747647430348216,-0.6525235256965178,0.12953231739358906,2.9939941265151577,0.2503759315421229,False,1.3878189974703028,2.6061751290448547,0.029836946196155623,0.8013064135157038,0.7714694673195481,exact 95% beta posterior quantiles; NaN where the prior is capped and the posterior carries no player information
003178,two_point_attempt_share,4.0,7.0,0.5714285714285714,0.43904558497077156,-0.13238298645779983,0.12953231739358906,2.9939941265151577,0.7004206637892887,True,4.387818997470303,5.606175129044855,0.16475549721508287,0.7363537157943938,0.5715982185793109,exact 95% beta posterior quantiles; NaN where the prior is capped and the posterior carries no player information
003179,two_point_attempt_share,14.0,21.0,0.6666666666666666,0.5996425156064653,-0.06702415106020132,0.12953231739358906,2.9939941265151577,0.8752190189458048,True,14.387818997470303,9.606175129044855,0.4016280915529933,0.7819179568032268,0.38028986525023356,exact 95% beta posterior quantiles; NaN where the prior is capped and the posterior carries no player information
003180,two_point_attempt_share,1.0,8.0,0.125,0.12623428587461047,0.001234285874610469,0.12953231739358906,2.9939941265151577,0.7276700267381182,True,1.3878189974703028,9.606175129044855,0.00857754415483214,0.36612102584331296,0.3575434816884808,exact 95% beta posterior quantiles; NaN where the prior is capped and the posterior carries no player information
003181,two_point_attempt_share,21.0,21.0,1.0,0.8913821885884002,-0.10861781141159976,0.12953231739358906,2.9939941265151577,0.8752190189458048,True,21.3878189974703,2.6061751290448547,0.7427426075737458,0.9796274551481474,0.23688484757440165,exact 95% beta posterior quantiles; NaN where the prior is capped and the posterior carries no player information
003182,two_point_attempt_share,1.0,1.0,1.0,0.34747647430348216,-0.6525235256965178,0.12953231739358906,2.9939941265151577,0.2503759315421229,False,1.3878189974703028,2.6061751290448547,0.029836946196155623,0.8013064135157038,0.7714694673195481,exact 95% beta posterior quantiles; NaN where the prior is capped and the posterior carries no player information
003183,two_point_attempt_share,0.0,3.0,0.0,0.06470126417954576,0.06470126417954576,0.12953231739358906,2.9939941265151577,0.5005009909384357,True,0.38781899747030285,5.606175129044855,1.0261632269248366e-05,0.3372864070988726,0.33727614546660334,exact 95% beta posterior quantiles; NaN where the prior is capped and the posterior carries no player information
003184,two_point_attempt_share,3.0,11.0,0.2727272727272727,0.24209092606743515,-0.030636346659837554,0.12953231739358906,2.9939941265151577,0.7860514947021251,True,3.387818997470303,10.606175129044855,0.06518170746858232,0.4881228547601495,0.4229411472915672,exact 95% beta posterior quantiles; NaN where the prior is capped and the posterior carries no player information
003186,two_point_attempt_share,13.0,70.0,0.18571428571428572,0.1834098703280461,-0.0023044153862396277,0.12953231739358906,2.9939941265151577,0.9589830072687091,True,13.387818997470303,59.60617512904486,0.10396522303926758,0.27925110919750296,0.17528588615823537,exact 95% beta posterior quantiles; NaN where the prior is capped and the posterior carries no player information
003188,two_point_attempt_share,0.0,7.0,0.0,0.038805205662606576,0.038805205662606576,0.12953231739358906,2.9939941265151577,0.7004206637892887,True,0.38781899747030285,9.606175129044855,5.853042239323258e-06,0.20940553638502024,0.20939968334278092,exact 95% beta posterior quantiles; NaN where the prior is capped and the posterior carries no player information
003190,two_point_attempt_share,0.0,1.0,0.0,0.09710054276135928,0.09710054276135928,0.12953231739358906,2.9939941265151577,0.2503759315421229,False,0.38781899747030285,3.6061751290448547,1.6448466340079904e-05,0.4818465138960164,0.4818300654296763,exact 95% beta posterior quantiles; NaN where the prior is capped and the posterior carries no player information
003192,two_point_attempt_share,24.0,142.0,0.16901408450704225,0.16819882191941413,-0.0008152625876281239,0.12953231739358906,2.9939941265151577,0.9793509093631648,True,24.3878189974703,120.60617512904486,0.11205730025540106,0.23299932011286728,0.12094201985746622,exact 95% beta posterior quantiles; NaN where the prior is capped and the posterior carries no player information
003194,two_point_attempt_share,0.0,1.0,0.0,0.09710054276135928,0.09710054276135928,0.12953231739358906,2.9939941265151577,0.2503759315421229,False,0.38781899747030285,3.6061751290448547,1.6448466340079904e-05,0.4818465138960164,0.4818300654296763,exact 95% beta posterior quantiles; NaN where the prior is capped and the posterior carries no player information
003195,two_point_attempt_share,1.0,55.0,0.01818181818181818,0.02393039173061172,0.005748573548793538,0.12953231739358906,2.9939941265151577,0.9483740657699193,True,1.3878189974703028,56.60617512904486,0.0014846199483145028,0.07556369280791841,0.07407907285960391,exact 95% beta posterior quantiles; NaN where the prior is capped and the posterior carries no player information
003199,two_point_attempt_share,0.0,1.0,0.0,0.09710054276135928,0.09710054276135928,0.12953231739358906,2.9939941265151577,0.2503759315421229,False,0.38781899747030285,3.6061751290448547,1.6448466340079904e-05,0.4818465138960164,0.4818300654296763,exact 95% beta posterior quantiles; NaN where the prior is capped and the posterior carries no player information
003203,two_point_attempt_share,6.0,16.0,0.375,0.33630730613699944,-0.03869269386300056,0.12953231739358906,2.9939941265151577,0.8423715356247471,True,6.387818997470303,12.606175129044855,0.14847948445822112,0.5567357373947743,0.4082562529365532,exact 95% beta posterior quantiles; NaN where the prior is capped and the posterior carries no player information
003206,two_point_attempt_share,0.0,6.0,0.0,0.043119774375544144,0.043119774375544144,0.12953231739358906,2.9939941265151577,0.6671118432589836,True,0.38781899747030285,8.606175129044855,6.5575295593589544e-06,0.23141883718199097,0.2314122796524316,exact 95% beta posterior quantiles; NaN where the prior is capped and the posterior carries no player information
003208,two_point_attempt_share,1.0,4.0,0.25,0.19843010622626878,-0.051569893773731224,0.12953231739358906,2.9939941265151577,0.5719192678237275,True,1.3878189974703028,5.606175129044855,0.014461160259088501,0.5378855296585243,0.5234243693994358,exact 95% beta posterior quantiles; NaN where the prior is capped and the posterior carries no player information
003209,two_point_attempt_share,0.0,4.0,0.0,0.05545028927033691,0.05545028927033691,0.12953231739358906,2.9939941265151577,0.5719192678237275,True,0.38781899747030285,6.606175129044855,8.635950507596135e-06,0.2927935620828066,0.292784926132299,exact 95% beta posterior quantiles; NaN where the prior is capped and the posterior carries no player information
003211,two_point_attempt_share,4.0,56.0,0.07142857142857142,0.07437738472259459,0.0029488132940231615,0.12953231739358906,2.9939941265151577,0.9492491706851649,True,4.387818997470303,54.60617512904486,0.022669208090519533,0.15304487207322381,0.13037566398270428,exact 95% beta posterior quantiles; NaN where the prior is capped and the posterior carries no player information
003212,two_point_attempt_share,2.0,7.0,0.2857142857142857,0.23892539531668908,-0.04678889039759662,0.12953231739358906,2.9939941265151577,0.7004206637892887,True,2.387818997470303,7.606175129044855,0.044177968200528994,0.5308086028962862,0.4866306346957572,exact 95% beta posterior quantiles; NaN where the prior is capped and the posterior carries no player information
003228,two_point_attempt_share,0.0,1.0,0.0,0.09710054276135928,0.09710054276135928,0.12953231739358906,2.9939941265151577,0.2503759315421229,False,0.38781899747030285,3.6061751290448547,1.6448466340079904e-05,0.4818465138960164,0.4818300654296763,exact 95% beta posterior quantiles; NaN where the prior is capped and the posterior carries no player information
003232,two_point_attempt_share,0.0,2.0,0.0,0.07765707921265128,0.07765707921265128,0.12953231739358906,2.9939941265151577,0.400481047701114,False,0.38781899747030285,4.606175129044855,1.2639822671189904e-05,0.3972512844775338,0.3972386446548626,exact 95% beta posterior quantiles; NaN where the prior is capped and the posterior carries no player information
003238,two_point_attempt_share,0.0,3.0,0.0,0.06470126417954576,0.06470126417954576,0.12953231739358906,2.9939941265151577,0.5005009909384357,True,0.38781899747030285,5.606175129044855,1.0261632269248366e-05,0.3372864070988726,0.33727614546660334,exact 95% beta posterior quantiles; NaN where the prior is capped and the posterior carries no player information
003242,two_point_attempt_share,0.0,1.0,0.0,0.09710054276135928,0.09710054276135928,0.12953231739358906,2.9939941265151577,0.2503759315421229,False,0.38781899747030285,3.6061751290448547,1.6448466340079904e-05,0.4818465138960164,0.4818300654296763,exact 95% beta posterior quantiles; NaN where the prior is capped and the posterior carries no player information
003248,two_point_attempt_share,2.0,60.0,0.03333333333333333,0.03790550243051238,0.0045721690971790505,0.12953231739358906,2.9939941265151577,0.9524717527753184,True,2.387818997470303,60.60617512904486,0.006080322928028181,0.09665590143413283,0.09057557850610465,exact 95% beta posterior quantiles; NaN where the prior is capped and the posterior carries no player information
003249,two_point_attempt_share,0.0,10.0,0.0,0.029846019145024157,0.029846019145024157,0.12953231739358906,2.9939941265151577,0.76958631061671,True,0.38781899747030285,12.606175129044855,4.426256055012345e-06,0.16284042442566715,0.16283599816961214,exact 95% beta posterior quantiles; NaN where the prior is capped and the posterior carries no player information
003250,two_point_attempt_share,2.0,38.0,0.05263157894736842,0.05824802018805598,0.00561644124068756,0.12953231739358906,2.9939941265151577,0.9269650545083475,True,2.387818997470303,38.60617512904486,0.009468685515457764,0.1466534437786322,0.13718475826317444,exact 95% beta posterior quantiles; NaN where the prior is capped and the posterior carries no player information
003251,two_point_attempt_share,0.0,1.0,0.0,0.09710054276135928,0.09710054276135928,0.12953231739358906,2.9939941265151577,0.2503759315421229,False,0.38781899747030285,3.6061751290448547,1.6448466340079904e-05,0.4818465138960164,0.4818300654296763,exact 95% beta posterior quantiles; NaN where the prior is capped and the posterior carries no player information
003252,two_point_attempt_share,0.0,44.0,0.0,0.008252522576102676,0.008252522576102676,0.12953231739358906,2.9939941265151577,0.9362898561366192,True,0.38781899747030285,46.60617512904486,1.1761148925870657e-06,0.04614631106960587,0.046145134954713285,exact 95% beta posterior quantiles; NaN where the prior is capped and the posterior carries no player information
003253,two_point_attempt_share,0.0,7.0,0.0,0.038805205662606576,0.038805205662606576,0.12953231739358906,2.9939941265151577,0.7004206637892887,True,0.38781899747030285,9.606175129044855,5.853042239323258e-06,0.20940553638502024,0.20939968334278092,exact 95% beta posterior quantiles; NaN where the prior is capped and the posterior carries no player information
003254,two_point_attempt_share,0.0,5.0,0.0,0.04851379564865477,0.04851379564865477,0.12953231739358906,2.9939941265151577,0.6254695613817848,True,0.38781899747030285,7.606175129044855,7.454684237018228e-06,0.25855172573938034,0.2585442710551433,exact 95% beta posterior quantiles; NaN where the prior is capped and the posterior carries no player information
003255,two_point_attempt_share,0.0,1.0,0.0,0.09710054276135928,0.09710054276135928,0.12953231739358906,2.9939941265151577,0.2503759315421229,False,0.38781899747030285,3.6061751290448547,1.6448466340079904e-05,0.4818465138960164,0.4818300654296763,exact 95% beta posterior quantiles; NaN where the prior is capped and the posterior carries no player information
003256,two_point_attempt_share,0.0,11.0,0.0,0.027713245694128294,0.027713245694128294,0.12953231739358906,2.9939941265151577,0.7860514947021251,True,0.38781899747030285,13.606175129044855,4.093599272891879e-06,0.1515897689096164,0.1515856753103435,exact 95% beta posterior quantiles; NaN where the prior is capped and the posterior carries no player information
003257,two_point_attempt_share,0.0,40.0,0.0,0.009020306332300679,0.009020306332300679,0.12953231739358906,2.9939941265151577,0.9303625032439425,True,0.38781899747030285,42.60617512904486,1.287349732592702e-06,0.050397830986185,0.05039654363645241,exact 95% beta posterior quantiles; NaN where the prior is capped and the posterior carries no player information
003259,two_point_attempt_share,0.0,1.0,0.0,0.09710054276135928,0.09710054276135928,0.12953231739358906,2.9939941265151577,0.2503759315421229,False,0.38781899747030285,3.6061751290448547,1.6448466340079904e-05,0.4818465138960164,0.4818300654296763,exact 95% beta posterior quantiles; NaN where the prior is capped and the posterior carries no player information
003260,two_point_attempt_share,0.0,1.0,0.0,0.09710054276135928,0.09710054276135928,0.12953231739358906,2.9939941265151577,0.2503759315421229,False,0.38781899747030285,3.6061751290448547,1.6448466340079904e-05,0.4818465138960164,0.4818300654296763,exact 95% beta posterior quantiles; NaN where the prior is capped and the posterior carries no player information
003261,two_point_attempt_share,0.0,13.0,0.0,0.024247789164019318,0.024247789164019318,0.12953231739358906,2.9939941265151577,0.8128051002875101,True,0.38781899747030285,15.606175129044855,3.5586708690971136e-06,0.1331766304501798,0.1331730717793107,exact 95% beta posterior quantiles; NaN where the prior is capped and the posterior carries no player information
003266,two_point_attempt_share,2.0,27.0,0.07407407407407407,0.0796099041494255,0.005535830075351425,0.12953231739358906,2.9939941265151577,0.9001802122822842,True,2.387818997470303,27.606175129044853,0.01312654439243488,0.1977264217857737,0.18459987739333883,exact 95% beta posterior quantiles; NaN where the prior is capped and the posterior carries no player information
003267,two_point_attempt_share,2.0,57.0,0.03508771929824561,0.03980096728407309,0.004713247985827479,0.12953231739358906,2.9939941265151577,0.9500951025164047,True,2.387818997470303,57.60617512904486,0.006392240436980501,0.10137026445590891,0.09497802401892841,exact 95% beta posterior quantiles; NaN where the prior is capped and the posterior carries no player information
003268,two_point_attempt_share,1.0,6.0,0.16666666666666666,0.15430508158537476,-0.012361585081291898,0.12953231739358906,2.9939941265151577,0.6671118432589836,True,1.3878189974703028,7.606175129044855,0.010767589177703485,0.43626621217117645,0.42549862299347296,exact 95% beta posterior quantiles; NaN where the prior is capped and the posterior carries no player information
003269,two_point_attempt_share,7.0,11.0,0.6363636363636364,0.5279278332318443,-0.10843580313179202,0.12953231739358906,2.9939941265151577,0.7860514947021251,True,7.387818997470303,6.606175129044855,0.2758517263282556,0.7724464626808185,0.4965947363525629,exact 95% beta posterior quantiles; NaN where the prior is capped and the posterior carries no player information
003270,two_point_attempt_share,1.0,37.0,0.02702702702702703,0.03470068513487651,0.007673658107849479,0.12953231739358906,2.9939941265151577,0.9251389066807358,True,1.3878189974703028,38.60617512904486,0.0021726417762693018,0.10865710055804811,0.10648445878177881,exact 95% beta posterior quantiles; NaN where the prior is capped and the posterior carries no player information
003271,two_point_attempt_share,0.0,1.0,0.0,0.09710054276135928,0.09710054276135928,0.12953231739358906,2.9939941265151577,0.2503759315421229,False,0.38781899747030285,3.6061751290448547,1.6448466340079904e-05,0.4818465138960164,0.4818300654296763,exact 95% beta posterior quantiles; NaN where the prior is capped and the posterior carries no player information
003273,two_point_attempt_share,7.0,29.0,0.2413793103448276,0.23091268218204794,-0.010466628162779656,0.12953231739358906,2.9939941265151577,0.9064201201426779,True,7.387818997470303,24.606175129044853,0.10460431457613595,0.3889848749677185,0.28438056039158255,exact 95% beta posterior quantiles; NaN where the prior is capped and the posterior carries no player information
003275,two_point_attempt_share,3.0,19.0,0.15789473684210525,0.154033822960154,-0.0038609138819512556,0.12953231739358906,2.9939941265151577,0.8638721957779507,True,3.387818997470303,18.606175129044853,0.039280886558117345,0.32755531431757845,0.2882744277594611,exact 95% beta posterior quantiles; NaN where the prior is capped and the posterior carries no player information
003277,two_point_attempt_share,5.0,63.0,0.07936507936507936,0.08164105035287715,0.00227597098779779,0.12953231739358906,2.9939941265151577,0.9546323242570307,True,5.387818997470303,60.60617512904486,0.028934369940543547,0.1581115729350131,0.12917720299446955,exact 95% beta posterior quantiles; NaN where the prior is capped and the posterior carries no player information
003278,two_point_attempt_share,3.0,12.0,0.25,0.22594506633021377,-0.024054933669786227,0.12953231739358906,2.9939941265151577,0.8003204415546207,True,3.387818997470303,11.606175129044855,0.060213365155505016,0.46018752074451186,0.39997415558900684,exact 95% beta posterior quantiles; NaN where the prior is capped and the posterior carries no player information
003279,two_point_attempt_share,1.0,8.0,0.125,0.12623428587461047,0.001234285874610469,0.12953231739358906,2.9939941265151577,0.7276700267381182,True,1.3878189974703028,9.606175129044855,0.00857754415483214,0.36612102584331296,0.3575434816884808,exact 95% beta posterior quantiles; NaN where the prior is capped and the posterior carries no player information
003280,two_point_attempt_share,4.0,64.0,0.0625,0.0654957068119286,0.0029957068119285946,0.12953231739358906,2.9939941265151577,0.9553095144489947,True,4.387818997470303,62.60617512904486,0.019875646597938612,0.1353398404608015,0.11546419386286288,exact 95% beta posterior quantiles; NaN where the prior is capped and the posterior carries no player information
003281,two_point_attempt_share,0.0,23.0,0.0,0.014919561633458565,0.014919561633458565,0.12953231739358906,2.9939941265151577,0.8848197736775998,True,0.38781899747030285,25.606175129044853,2.152257366105914e-06,0.08281989963143133,0.08281774737406522,exact 95% beta posterior quantiles; NaN where the prior is capped and the posterior carries no player information
003282,two_point_attempt_share,1.0,4.0,0.25,0.19843010622626878,-0.051569893773731224,0.12953231739358906,2.9939941265151577,0.5719192678237275,True,1.3878189974703028,5.606175129044855,0.014461160259088501,0.5378855296585243,0.5234243693994358,exact 95% beta posterior quantiles; NaN where the prior is capped and the posterior carries no player information
003283,two_point_attempt_share,0.0,3.0,0.0,0.06470126417954576,0.06470126417954576,0.12953231739358906,2.9939941265151577,0.5005009909384357,True,0.38781899747030285,5.606175129044855,1.0261632269248366e-05,0.3372864070988726,0.33727614546660334,exact 95% beta posterior quantiles; NaN where the prior is capped and the posterior carries no player information
003284,two_point_attempt_share,0.0,2.0,0.0,0.07765707921265128,0.07765707921265128,0.12953231739358906,2.9939941265151577,0.400481047701114,False,0.38781899747030285,4.606175129044855,1.2639822671189904e-05,0.3972512844775338,0.3972386446548626,exact 95% beta posterior quantiles; NaN where the prior is capped and the posterior carries no player information
003285,two_point_attempt_share,2.0,50.0,0.04,0.045058294563903714,0.005058294563903713,0.12953231739358906,2.9939941265151577,0.9435031426510815,True,2.387818997470303,50.60617512904486,0.007261435530381277,0.11438640902633779,0.10712497349595651,exact 95% beta posterior quantiles; NaN where the prior is capped and the posterior carries no player information
003286,two_point_attempt_share,1.0,1.0,1.0,0.34747647430348216,-0.6525235256965178,0.12953231739358906,2.9939941265151577,0.2503759315421229,False,1.3878189974703028,2.6061751290448547,0.029836946196155623,0.8013064135157038,0.7714694673195481,exact 95% beta posterior quantiles; NaN where the prior is capped and the posterior carries no player information
003287,two_point_attempt_share,0.0,1.0,0.0,0.09710054276135928,0.09710054276135928,0.12953231739358906,2.9939941265151577,0.2503759315421229,False,0.38781899747030285,3.6061751290448547,1.6448466340079904e-05,0.4818465138960164,0.4818300654296763,exact 95% beta posterior quantiles; NaN where the prior is capped and the posterior carries no player information
003288,two_point_attempt_share,3.0,35.0,0.08571428571428572,0.08916722432996378,0.0034529386156780667,0.12953231739358906,2.9939941265151577,0.9211982263158347,True,3.387818997470303,34.60617512904486,0.021899806888541207,0.19668287711101584,0.17478307022247463,exact 95% beta posterior quantiles; NaN where the prior is capped and the posterior carries no player information
003289,two_point_attempt_share,10.0,11.0,0.9090909090909091,0.7423055136051512,-0.16678539548575788,0.12953231739358906,2.9939941265151577,0.7860514947021251,True,10.387818997470303,3.6061751290448547,0.49362200367613696,0.9259485820366535,0.4323265783605166,exact 95% beta posterior quantiles; NaN where the prior is capped and the posterior carries no player information
003290,two_point_attempt_share,0.0,6.0,0.0,0.043119774375544144,0.043119774375544144,0.12953231739358906,2.9939941265151577,0.6671118432589836,True,0.38781899747030285,8.606175129044855,6.5575295593589544e-06,0.23141883718199097,0.2314122796524316,exact 95% beta posterior quantiles; NaN where the prior is capped and the posterior carries no player information
003292,two_point_attempt_share,1.0,1.0,1.0,0.34747647430348216,-0.6525235256965178,0.12953231739358906,2.9939941265151577,0.2503759315421229,False,1.3878189974703028,2.6061751290448547,0.029836946196155623,0.8013064135157038,0.7714694673195481,exact 95% beta posterior quantiles; NaN where the prior is capped and the posterior carries no player information
003293,two_point_attempt_share,0.0,4.0,0.0,0.05545028927033691,0.05545028927033691,0.12953231739358906,2.9939941265151577,0.5719192678237275,True,0.38781899747030285,6.606175129044855,8.635950507596135e-06,0.2927935620828066,0.292784926132299,exact 95% beta posterior quantiles; NaN where the prior is capped and the posterior carries no player information
003296,two_point_attempt_share,2.0,4.0,0.5,0.3414099231822007,-0.1585900768177993,0.12953231739358906,2.9939941265151577,0.5719192678237275,True,2.387818997470303,4.606175129044855,0.06862038516555913,0.69858171659871,0.6299613314331509,exact 95% beta posterior quantiles; NaN where the prior is capped and the posterior carries no player information
003297,two_point_attempt_share,0.0,18.0,0.0,0.01847285443318726,0.01847285443318726,0.12953231739358906,2.9939941265151577,0.8573880649640756,True,0.38781899747030285,20.606175129044853,2.6822963263839483e-06,0.10213567377650179,0.1021329914801754,exact 95% beta posterior quantiles; NaN where the prior is capped and the posterior carries no player information
003298,two_point_attempt_share,0.0,17.0,0.0,0.01939677460222889,0.01939677460222889,0.12953231739358906,2.9939941265151577,0.8502553262959773,True,0.38781899747030285,19.606175129044853,2.821238012984395e-06,0.10713136297999881,0.10712854174198583,exact 95% beta posterior quantiles; NaN where the prior is capped and the posterior carries no player information
003300,two_point_attempt_share,2.0,10.0,0.2,0.18376328126836616,-0.016236718731633848,0.12953231739358906,2.9939941265151577,0.76958631061671,True,2.387818997470303,10.606175129044855,0.032596399571048096,0.4252183926582802,0.3926219930872321,exact 95% beta posterior quantiles; NaN where the prior is capped and the posterior carries no player information
003302,two_point_attempt_share,0.0,6.0,0.0,0.043119774375544144,0.043119774375544144,0.12953231739358906,2.9939941265151577,0.6671118432589836,True,0.38781899747030285,8.606175129044855,6.5575295593589544e-06,0.23141883718199097,0.2314122796524316,exact 95% beta posterior quantiles; NaN where the prior is capped and the posterior carries no player information
