season,player_id,team_id,aggregation_level,player_name,positions,games_played,touches,turnovers,faceoffs,faceoff_wins,caused_turnovers,ground_balls,penalties,shots,a1,a2,g1,g2,sog,unresolved_sog,team_shots_in_appearances,team_a2_in_appearances,team_faceoffs_in_appearances,sv1,sv2,ga1,ga2,unresolved_goalie_sog,sog2_faced,attempts,goals,scoring_points,resolved_saves,resolved_shots_faced,p1,p2,league_turnover_per_touch,league_faceoff_rate,league_save_rate,shooting_pct,shots_on_goal_pct,scoring_points_per_shot,turnovers_per_touch,turnovers_below_expected,shooting_value_above_expected,shot_share,team_two_point_attempt_share,two_point_attempt_rate,two_point_conversion_pct,two_point_shooting_value,faceoff_pct,draw_share,faceoff_wins_above_average,save_pct,one_point_save_pct,two_point_save_pct,saves_above_average,resolved_coverage,goalie_two_point_shot_mix_faced,caused_turnovers_per_game,ground_balls_per_game,penalties_per_game
2026,000216,ALL,SEASON,Marcus Holman,A,12,468,14,0,0,4,18,4,81,59,22,22,6,60,4,526,79,323,0,0,0,0,0,0,81,28,34,0,0,0.292079207921,0.136801541426,0.0518324191112,0.496817820207,0.537666810159,0.345679012346,0.740740740741,0.41975308642,0.0299145299145,10.257572144,10.7480589099,0.153992395437,0.278481012658,0.271604938272,0.272727272727,5.98073217726,,0,,,,,,,,0.333333333333,1.5,0.333333333333
2026,000216,CAN,STINT,Marcus Holman,A,12,468,14,0,0,4,18,4,81,59,22,22,6,60,4,526,79,323,0,0,0,0,0,0,81,28,34,0,0,0.292079207921,0.136801541426,0.0518324191112,0.496817820207,0.537666810159,0.345679012346,0.740740740741,0.41975308642,0.0299145299145,10.257572144,10.7480589099,0.153992395437,0.278481012658,0.271604938272,0.272727272727,5.98073217726,,0,,,,,,,,0.333333333333,1.5,0.333333333333
2026,000221,ALL,SEASON,Ryan Ambler,M,12,216,18,0,0,2,10,1,28,27,1,4,0,13,0,493,67,288,0,0,0,0,0,0,28,4,4,0,0,0.292079207921,0.136801541426,0.0518324191112,0.496817820207,0.537666810159,0.142857142857,0.464285714286,0.142857142857,0.0833333333333,-6.80419747198,-4.15974169671,0.0567951318458,0.0149253731343,0.0357142857143,0,-0.273603082852,,0,,,,,,,,0.166666666667,0.833333333333,0.0833333333333
2026,000221,ARC,STINT,Ryan Ambler,M,12,216,18,0,0,2,10,1,28,27,1,4,0,13,0,493,67,288,0,0,0,0,0,0,28,4,4,0,0,0.292079207921,0.136801541426,0.0518324191112,0.496817820207,0.537666810159,0.142857142857,0.464285714286,0.142857142857,0.0833333333333,-6.80419747198,-4.15974169671,0.0567951318458,0.0149253731343,0.0357142857143,0,-0.273603082852,,0,,,,,,,,0.166666666667,0.833333333333,0.0833333333333
2026,000240,ALL,SEASON,Kieran McArdle,A,12,284,22,0,0,1,13,3,45,45,0,11,0,28,2,500,69,309,0,0,0,0,0,0,45,11,11,0,0,0.292079207921,0.136801541426,0.0518324191112,0.496817820207,0.537666810159,0.244444444444,0.622222222222,0.244444444444,0.0774647887324,-7.27959297241,-2.14356435644,0.09,0,0,,,,0,,,,,,,,0.0833333333333,1.08333333333,0.25
2026,000240,WAT,STINT,Kieran McArdle,A,12,284,22,0,0,1,13,3,45,45,0,11,0,28,2,500,69,309,0,0,0,0,0,0,45,11,11,0,0,0.292079207921,0.136801541426,0.0518324191112,0.496817820207,0.537666810159,0.244444444444,0.622222222222,0.244444444444,0.0774647887324,-7.27959297241,-2.14356435644,0.09,0,0,,,,0,,,,,,,,0.0833333333333,1.08333333333,0.25
2026,000242,ALL,SEASON,Kyle Hartzell,LSM,3,24,0,0,0,1,5,0,3,1,2,0,0,2,0,141,12,86,0,0,0,0,0,0,3,0,0,0,0,0.292079207921,0.136801541426,0.0518324191112,0.496817820207,0.537666810159,0,0.666666666667,0,0,1.24397805867,-0.839285373624,0.0212765957447,0.166666666667,0.666666666667,0,-0.547206165703,,0,,,,,,,,0.333333333333,1.66666666667,0
2026,000242,RED,STINT,Kyle Hartzell,LSM,3,24,0,0,0,1,5,0,3,1,2,0,0,2,0,141,12,86,0,0,0,0,0,0,3,0,0,0,0,0.292079207921,0.136801541426,0.0518324191112,0.496817820207,0.537666810159,0,0.666666666667,0,0,1.24397805867,-0.839285373624,0.0212765957447,0.166666666667,0.666666666667,0,-0.547206165703,,0,,,,,,,,0.333333333333,1.66666666667,0
2026,000254,ALL,SEASON,Trevor Baptiste,FO,7,61,7,177,94,0,54,3,8,7,1,0,0,4,2,288,46,192,0,0,0,0,0,0,8,0,0,0,0,0.292079207921,0.136801541426,0.0518324191112,0.496817820207,0.537666810159,0,0.5,0,0.114754098361,-3.83822243422,-2.3181575383,0.0277777777778,0.0217391304348,0.125,0,-0.273603082852,0.531073446328,0.921875,6.06324582339,,,,,,,0,7.71428571429,0.428571428571
2026,000254,ATL,STINT,Trevor Baptiste,FO,7,61,7,177,94,0,54,3,8,7,1,0,0,4,2,288,46,192,0,0,0,0,0,0,8,0,0,0,0,0.292079207921,0.136801541426,0.0518324191112,0.496817820207,0.537666810159,0,0.5,0,0.114754098361,-3.83822243422,-2.3181575383,0.0277777777778,0.0217391304348,0.125,0,-0.273603082852,0.531073446328,0.921875,6.06324582339,,,,,,,0,7.71428571429,0.428571428571
2026,000258,ALL,SEASON,Blaze Riorden,G,11,185,2,0,0,6,22,0,2,0,2,0,0,1,0,420,53,282,129,13,116,5,21,20,2,0,0,142,263,0.292079207921,0.136801541426,0.0518324191112,0.496817820207,0.537666810159,0,0.5,0,0.0108108108108,7.58899753558,-0.547206165703,0.0047619047619,0.0377358490566,1,0,-0.547206165703,,0,,0.539923954373,0.526530612245,0.722222222222,0.59362892811,0.926056338028,0.0704225352113,0.545454545455,2,0
2026,000258,CHA,STINT,Blaze Riorden,G,11,185,2,0,0,6,22,0,2,0,2,0,0,1,0,420,53,282,129,13,116,5,21,20,2,0,0,142,263,0.292079207921,0.136801541426,0.0518324191112,0.496817820207,0.537666810159,0,0.5,0,0.0108108108108,7.58899753558,-0.547206165703,0.0047619047619,0.0377358490566,1,0,-0.547206165703,,0,,0.539923954373,0.526530612245,0.722222222222,0.59362892811,0.926056338028,0.0704225352113,0.545454545455,2,0
2026,000262,ALL,SEASON,Connor Fields,A,12,357,28,0,0,1,22,2,77,77,0,24,0,51,6,493,67,288,0,0,0,0,0,0,77,24,24,0,0,0.292079207921,0.136801541426,0.0518324191112,0.496817820207,0.537666810159,0.311688311688,0.662337662338,0.311688311688,0.078431372549,-9.4958263773,1.5099009901,0.156186612576,0,0,,,,0,,,,,,,,0.0833333333333,1.83333333333,0.166666666667
2026,000262,ARC,STINT,Connor Fields,A,12,357,28,0,0,1,22,2,77,77,0,24,0,51,6,493,67,288,0,0,0,0,0,0,77,24,24,0,0,0.292079207921,0.136801541426,0.0518324191112,0.496817820207,0.537666810159,0.311688311688,0.662337662338,0.311688311688,0.078431372549,-9.4958263773,1.5099009901,0.156186612576,0,0,,,,0,,,,,,,,0.0833333333333,1.83333333333,0.166666666667
2026,000269,ALL,SEASON,Jarrod Neumann,D,12,80,5,0,0,5,14,6,6,1,5,0,0,3,1,466,57,311,0,0,0,0,0,0,6,0,0,0,0,0.292079207921,0.136801541426,0.0518324191112,0.496817820207,0.537666810159,0,0.5,0,0.0625,-0.853406471103,-1.66009462218,0.0128755364807,0.0877192982456,0.833333333333,0,-1.36801541426,,0,,,,,,,,0.416666666667,1.16666666667,0.5
2026,000269,CHA,STINT,Jarrod Neumann,D,12,80,5,0,0,5,14,6,6,1,5,0,0,3,1,466,57,311,0,0,0,0,0,0,6,0,0,0,0,0.292079207921,0.136801541426,0.0518324191112,0.496817820207,0.537666810159,0,0.5,0,0.0625,-0.853406471103,-1.66009462218,0.0128755364807,0.0877192982456,0.833333333333,0,-1.36801541426,,0,,,,,,,,0.416666666667,1.16666666667,0.5
2026,000275,ALL,SEASON,Mark Glicini,SSDM,1,2,0,3,1,0,1,0,0,0,0,0,0,0,0,46,4,29,0,0,0,0,0,0,0,0,0,0,0,0.292079207921,0.136801541426,0.0518324191112,0.496817820207,0.537666810159,,,,0,0.103664838222,,0,0,,,,0.333333333333,0.103448275862,-0.490453460621,,,,,,,0,1,0
2026,000275,CHA,STINT,Mark Glicini,SSDM,1,2,0,3,1,0,1,0,0,0,0,0,0,0,0,46,4,29,0,0,0,0,0,0,0,0,0,0,0,0.292079207921,0.136801541426,0.0518324191112,0.496817820207,0.537666810159,,,,0,0.103664838222,,0,0,,,,0.333333333333,0.103448275862,-0.490453460621,,,,,,,0,1,0
2026,000281,ALL,SEASON,Troy Reh,LSM,12,95,2,0,0,12,43,2,1,0,1,0,0,1,0,466,57,311,0,0,0,0,0,0,1,0,0,0,0,0.292079207921,0.136801541426,0.0518324191112,0.496817820207,0.537666810159,0,1,0,0.0210526315789,2.92407981557,-0.273603082852,0.00214592274678,0.0175438596491,1,0,-0.273603082852,,0,,,,,,,,1,3.58333333333,0.166666666667
2026,000281,CHA,STINT,Troy Reh,LSM,12,95,2,0,0,12,43,2,1,0,1,0,0,1,0,466,57,311,0,0,0,0,0,0,1,0,0,0,0,0.292079207921,0.136801541426,0.0518324191112,0.496817820207,0.537666810159,0,1,0,0.0210526315789,2.92407981557,-0.273603082852,0.00214592274678,0.0175438596491,1,0,-0.273603082852,,0,,,,,,,,1,3.58333333333,0.166666666667
2026,000302,ALL,SEASON,Michael Manley,D,10,67,5,0,0,8,20,1,4,2,2,0,0,2,0,403,58,256,0,0,0,0,0,0,4,0,0,0,0,0.292079207921,0.136801541426,0.0518324191112,0.496817820207,0.537666810159,0,0.5,0,0.0746268656716,-1.52722791955,-1.13136458154,0.00992555831266,0.0344827586207,0.5,0,-0.547206165703,,0,,,,,,,,0.8,2,0.1
2026,000302,OUT,STINT,Michael Manley,D,10,67,5,0,0,8,20,1,4,2,2,0,0,2,0,403,58,256,0,0,0,0,0,0,4,0,0,0,0,0.292079207921,0.136801541426,0.0518324191112,0.496817820207,0.537666810159,0,0.5,0,0.0746268656716,-1.52722791955,-1.13136458154,0.00992555831266,0.0344827586207,0.5,0,-0.547206165703,,0,,,,,,,,0.8,2,0.1
2026,000305,ALL,SEASON,Romar Dennis,M,2,21,0,0,0,0,1,0,7,2,5,0,0,3,0,87,16,41,0,0,0,0,0,0,7,0,0,0,0,0.292079207921,0.136801541426,0.0518324191112,0.496817820207,0.537666810159,0,0.428571428571,0,0,1.08848080134,-1.9521738301,0.0804597701149,0.3125,0.714285714286,0,-1.36801541426,,0,,,,,,,,0,0.5,0
2026,000305,RED,STINT,Romar Dennis,M,2,21,0,0,0,0,1,0,7,2,5,0,0,3,0,87,16,41,0,0,0,0,0,0,7,0,0,0,0,0.292079207921,0.136801541426,0.0518324191112,0.496817820207,0.537666810159,0,0.428571428571,0,0,1.08848080134,-1.9521738301,0.0804597701149,0.3125,0.714285714286,0,-1.36801541426,,0,,,,,,,,0,0.5,0
2026,000339,ALL,SEASON,Connor Kelly,M,5,129,8,0,0,1,2,0,27,12,15,1,3,13,0,212,32,130,0,0,0,0,0,0,27,4,7,0,0,0.292079207921,0.136801541426,0.0518324191112,0.496817820207,0.537666810159,0.148148148148,0.481481481481,0.259259259259,0.062015503876,-1.31361793465,-0.608996737824,0.127358490566,0.46875,0.555555555556,0.2,1.89595375723,,0,,,,,,,,0.2,0.4,0
2026,000339,WAT,STINT,Connor Kelly,M,5,129,8,0,0,1,2,0,27,12,15,1,3,13,0,212,32,130,0,0,0,0,0,0,27,4,7,0,0,0.292079207921,0.136801541426,0.0518324191112,0.496817820207,0.537666810159,0.148148148148,0.481481481481,0.259259259259,0.062015503876,-1.31361793465,-0.608996737824,0.127358490566,0.46875,0.555555555556,0.2,1.89595375723,,0,,,,,,,,0.2,0.4,0
2026,000345,ALL,SEASON,Jake Bernhardt,SSDM,2,12,2,3,0,1,2,0,1,1,0,0,0,0,0,80,6,50,0,0,0,0,0,0,1,0,0,0,0,0.292079207921,0.136801541426,0.0518324191112,0.496817820207,0.537666810159,0,0,0,0.166666666667,-1.37801097067,-0.292079207921,0.0125,0,0,,,0,0.06,-1.49045346062,,,,,,,0.5,1,0
2026,000345,WHP,STINT,Jake Bernhardt,SSDM,2,12,2,3,0,1,2,0,1,1,0,0,0,0,0,80,6,50,0,0,0,0,0,0,1,0,0,0,0,0.292079207921,0.136801541426,0.0518324191112,0.496817820207,0.537666810159,0,0,0,0.166666666667,-1.37801097067,-0.292079207921,0.0125,0,0,,,0,0.06,-1.49045346062,,,,,,,0.5,1,0
2026,000354,ALL,SEASON,Matt Rambo,A,6,110,7,0,0,1,9,0,16,16,0,3,0,8,0,242,35,165,0,0,0,0,0,0,16,3,3,0,0,0.292079207921,0.136801541426,0.0518324191112,0.496817820207,0.537666810159,0.1875,0.5,0.1875,0.0636363636364,-1.29843389777,-1.67326732673,0.0661157024793,0,0,,,,0,,,,,,,,0.166666666667,1.5,0
2026,000354,ATL,STINT,Matt Rambo,A,5,97,4,0,0,1,7,0,15,15,0,3,0,8,0,199,30,137,0,0,0,0,0,0,15,3,3,0,0,0.292079207921,0.136801541426,0.0518324191112,0.496817820207,0.537666810159,0.2,0.533333333333,0.2,0.0412371134021,1.02774465379,-1.38118811881,0.0753768844221,0,0,,,,0,,,,,,,,0.2,1.4,0
2026,000354,WHP,STINT,Matt Rambo,,1,13,3,0,0,0,2,0,1,1,0,0,0,0,0,43,5,28,0,0,0,0,0,0,1,0,0,0,0,0.292079207921,0.136801541426,0.0518324191112,0.496817820207,0.537666810159,0,0,0,0.230769230769,-2.32617855155,-0.292079207921,0.0232558139535,0,0,,,,0,,,,,,,,0,2,0
2026,000355,ALL,SEASON,Matthew Dunn,D,11,86,3,0,0,9,11,2,4,1,3,1,0,2,0,462,31,291,0,0,0,0,0,0,4,1,1,0,0,0.292079207921,0.136801541426,0.0518324191112,0.496817820207,0.537666810159,0.25,0.5,0.25,0.0348837209302,1.45758804356,-0.112888456476,0.00865800865801,0.0967741935484,0.75,0,-0.820809248555,,0,,,,,,,,0.818181818182,1,0.181818181818
2026,000355,WHP,STINT,Matthew Dunn,D,11,86,3,0,0,9,11,2,4,1,3,1,0,2,0,462,31,291,0,0,0,0,0,0,4,1,1,0,0,0.292079207921,0.136801541426,0.0518324191112,0.496817820207,0.537666810159,0.25,0.5,0.25,0.0348837209302,1.45758804356,-0.112888456476,0.00865800865801,0.0967741935484,0.75,0,-0.820809248555,,0,,,,,,,,0.818181818182,1,0.181818181818
2026,000359,ALL,SEASON,Tim Muller,D,12,104,2,0,0,11,14,0,0,0,0,0,0,0,0,505,36,319,0,0,0,0,0,0,0,0,0,0,0,0.292079207921,0.136801541426,0.0518324191112,0.496817820207,0.537666810159,,,,0.0192307692308,3.39057158757,,0,0,,,,,0,,,,,,,,0.916666666667,1.16666666667,0
2026,000359,WHP,STINT,Tim Muller,D,12,104,2,0,0,11,14,0,0,0,0,0,0,0,0,505,36,319,0,0,0,0,0,0,0,0,0,0,0,0.292079207921,0.136801541426,0.0518324191112,0.496817820207,0.537666810159,,,,0.0192307692308,3.39057158757,,0,0,,,,,0,,,,,,,,0.916666666667,1.16666666667,0
2026,000365,ALL,SEASON,Jack Rowlett,D,6,34,2,0,0,2,4,3,3,0,3,0,0,1,0,247,33,158,0,0,0,0,0,0,3,0,0,0,0,0.292079207921,0.136801541426,0.0518324191112,0.496817820207,0.537666810159,0,0.333333333333,0,0.0588235294118,-0.237697750219,-0.820809248555,0.0121457489879,0.0909090909091,1,0,-0.820809248555,,0,,,,,,,,0.333333333333,0.666666666667,0.5
2026,000365,CHA,STINT,Jack Rowlett,D,6,34,2,0,0,2,4,3,3,0,3,0,0,1,0,247,33,158,0,0,0,0,0,0,3,0,0,0,0,0.292079207921,0.136801541426,0.0518324191112,0.496817820207,0.537666810159,0,0.333333333333,0,0.0588235294118,-0.237697750219,-0.820809248555,0.0121457489879,0.0909090909091,1,0,-0.820809248555,,0,,,,,,,,0.333333333333,0.666666666667,0.5
2026,000366,ALL,SEASON,Connor Farrell,FO,5,24,4,119,57,0,33,0,1,1,0,0,0,1,0,217,34,126,0,0,0,0,0,0,1,0,0,0,0,0.292079207921,0.136801541426,0.0518324191112,0.496817820207,0.537666810159,0,1,0,0.166666666667,-2.75602194133,-0.292079207921,0.00460829493088,0,0,,,0.478991596639,0.944444444444,-2.12132060461,,,,,,,0,6.6,0
2026,000366,WAT,STINT,Connor Farrell,FO,5,24,4,119,57,0,33,0,1,1,0,0,0,1,0,217,34,126,0,0,0,0,0,0,1,0,0,0,0,0.292079207921,0.136801541426,0.0518324191112,0.496817820207,0.537666810159,0,1,0,0.166666666667,-2.75602194133,-0.292079207921,0.00460829493088,0,0,,,0.478991596639,0.944444444444,-2.12132060461,,,,,,,0,6.6,0
2026,000370,ALL,SEASON,Tim Troutner,G,2,2,0,0,0,0,0,0,0,0,0,0,0,0,0,75,10,47,0,0,0,1,0,1,0,0,0,0,1,0.292079207921,0.136801541426,0.0518324191112,0.496817820207,0.537666810159,,,,0,0.103664838222,,0,0,,,,,0,,0,,0,-0.537666810159,1,1,0,0,0
2026,000370,WAT,STINT,Tim Troutner,G,2,2,0,0,0,0,0,0,0,0,0,0,0,0,0,75,10,47,0,0,0,1,0,1,0,0,0,0,1,0.292079207921,0.136801541426,0.0518324191112,0.496817820207,0.537666810159,,,,0,0.103664838222,,0,0,,,,,0,,0,,0,-0.537666810159,1,1,0,0,0
2026,000373,ALL,SEASON,Ryder Garnsey,M,10,271,25,0,0,1,19,2,44,44,0,18,0,31,2,436,47,292,0,0,0,0,0,0,44,18,18,0,0,0.292079207921,0.136801541426,0.0518324191112,0.496817820207,0.537666810159,0.409090909091,0.704545454545,0.409090909091,0.0922509225092,-10.9534144209,5.14851485149,0.100917431193,0,0,,,,0,,,,,,,,0.1,1.9,0.2
2026,000373,RED,STINT,Ryder Garnsey,M,10,271,25,0,0,1,19,2,44,44,0,18,0,31,2,436,47,292,0,0,0,0,0,0,44,18,18,0,0,0.292079207921,0.136801541426,0.0518324191112,0.496817820207,0.537666810159,0.409090909091,0.704545454545,0.409090909091,0.0922509225092,-10.9534144209,5.14851485149,0.100917431193,0,0,,,,0,,,,,,,,0.1,1.9,0.2
2026,000390,ALL,SEASON,Brad Smith,M,2,26,2,0,0,0,4,0,5,1,4,0,1,3,0,80,6,50,0,0,0,0,0,0,5,1,2,0,0,0.292079207921,0.136801541426,0.0518324191112,0.496817820207,0.537666810159,0.2,0.6,0.4,0.0769230769231,-0.652357103108,0.613508460673,0.0625,0.666666666667,0.8,0.25,0.905587668593,,0,,,,,,,,0,2,0
2026,000390,WHP,STINT,Brad Smith,M,2,26,2,0,0,0,4,0,5,1,4,0,1,3,0,80,6,50,0,0,0,0,0,0,5,1,2,0,0,0.292079207921,0.136801541426,0.0518324191112,0.496817820207,0.537666810159,0.2,0.6,0.4,0.0769230769231,-0.652357103108,0.613508460673,0.0625,0.666666666667,0.8,0.25,0.905587668593,,0,,,,,,,,0,2,0
2026,000395,ALL,SEASON,Bryan Costabile,M,11,310,21,1,0,2,11,2,62,33,29,10,7,39,3,424,72,300,0,0,0,0,0,0,62,17,24,0,0,0.292079207921,0.136801541426,0.0518324191112,0.496817820207,0.537666810159,0.274193548387,0.629032258065,0.387096774194,0.0677419354839,-4.93195007552,6.42689673592,0.146226415094,0.402777777778,0.467741935484,0.241379310345,6.0655105973,0,0.00333333333333,-0.496817820207,,,,,,,0.181818181818,1,0.181818181818
2026,000395,ATL,STINT,Bryan Costabile,M,11,310,21,1,0,2,11,2,62,33,29,10,7,39,3,424,72,300,0,0,0,0,0,0,62,17,24,0,0,0.292079207921,0.136801541426,0.0518324191112,0.496817820207,0.537666810159,0.274193548387,0.629032258065,0.387096774194,0.0677419354839,-4.93195007552,6.42689673592,0.146226415094,0.402777777778,0.467741935484,0.241379310345,6.0655105973,0,0.00333333333333,-0.496817820207,,,,,,,0.181818181818,1,0.181818181818
2026,000408,ALL,SEASON,Matt DeLuca,G,9,99,3,0,0,0,12,0,2,0,2,0,0,0,0,373,50,239,69,16,68,5,8,23,2,0,0,85,158,0.292079207921,0.136801541426,0.0518324191112,0.496817820207,0.537666810159,0,0,0,0.030303030303,2.13140949201,-0.547206165703,0.00536193029491,0.04,1,0,-0.547206165703,,0,,0.537974683544,0.503649635036,0.761904761905,0.0486439948343,0.951807228916,0.138554216867,0,1.33333333333,0
2026,000408,WAT,STINT,Matt DeLuca,G,9,99,3,0,0,0,12,0,2,0,2,0,0,0,0,373,50,239,69,16,68,5,8,23,2,0,0,85,158,0.292079207921,0.136801541426,0.0518324191112,0.496817820207,0.537666810159,0,0,0,0.030303030303,2.13140949201,-0.547206165703,0.00536193029491,0.04,1,0,-0.547206165703,,0,,0.537974683544,0.503649635036,0.761904761905,0.0486439948343,0.951807228916,0.138554216867,0,1.33333333333,0
2026,000409,ALL,SEASON,Zach Currier,SSDM,11,186,5,13,6,9,68,2,10,8,2,2,0,8,1,459,61,281,0,0,0,0,0,0,10,2,2,0,0,0.292079207921,0.136801541426,0.0518324191112,0.496817820207,0.537666810159,0.2,0.8,0.2,0.0268817204301,4.64082995469,-0.88383982907,0.0217864923747,0.0327868852459,0.2,0,-0.547206165703,0.461538461538,0.0462633451957,-0.458631662689,,,,,,,0.818181818182,6.18181818182,0.181818181818
2026,000409,WAT,STINT,Zach Currier,SSDM,11,186,5,13,6,9,68,2,10,8,2,2,0,8,1,459,61,281,0,0,0,0,0,0,10,2,2,0,0,0.292079207921,0.136801541426,0.0518324191112,0.496817820207,0.537666810159,0.2,0.8,0.2,0.0268817204301,4.64082995469,-0.88383982907,0.0217864923747,0.0327868852459,0.2,0,-0.547206165703,0.461538461538,0.0462633451957,-0.458631662689,,,,,,,0.818181818182,6.18181818182,0.181818181818
2026,000410,ALL,SEASON,Eli Gobrecht,SSDM,10,39,4,2,0,8,15,2,4,4,0,2,0,2,0,394,64,275,0,0,0,0,0,0,4,2,2,0,0,0.292079207921,0.136801541426,0.0518324191112,0.496817820207,0.537666810159,0.5,0.5,0.5,0.102564102564,-1.97853565466,0.831683168317,0.010152284264,0,0,,,0,0.00727272727273,-0.993635640414,,,,,,,0.8,1.5,0.2
2026,000410,ATL,STINT,Eli Gobrecht,SSDM,10,39,4,2,0,8,15,2,4,4,0,2,0,2,0,394,64,275,0,0,0,0,0,0,4,2,2,0,0,0.292079207921,0.136801541426,0.0518324191112,0.496817820207,0.537666810159,0.5,0.5,0.5,0.102564102564,-1.97853565466,0.831683168317,0.010152284264,0,0,,,0,0.00727272727273,-0.993635640414,,,,,,,0.8,1.5,0.2
2026,000414,ALL,SEASON,Rob Pannell,A,12,357,22,0,0,1,20,2,69,68,1,15,0,39,3,505,36,319,0,0,0,0,0,0,69,15,15,0,0,0.292079207921,0.136801541426,0.0518324191112,0.496817820207,0.537666810159,0.217391304348,0.565217391304,0.217391304348,0.0616246498599,-3.4958263773,-5.13498922147,0.136633663366,0.0277777777778,0.0144927536232,0,-0.273603082852,,0,,,,,,,,0.0833333333333,1.66666666667,0.166666666667
2026,000414,WHP,STINT,Rob Pannell,A,12,357,22,0,0,1,20,2,69,68,1,15,0,39,3,505,36,319,0,0,0,0,0,0,69,15,15,0,0,0.292079207921,0.136801541426,0.0518324191112,0.496817820207,0.537666810159,0.217391304348,0.565217391304,0.217391304348,0.0616246498599,-3.4958263773,-5.13498922147,0.136633663366,0.0277777777778,0.0144927536232,0,-0.273603082852,,0,,,,,,,,0.0833333333333,1.66666666667,0.166666666667
2026,000418,ALL,SEASON,Dillon Ward,G,12,139,3,0,0,1,13,1,1,0,1,0,0,1,0,523,63,333,118,24,114,9,17,36,1,0,0,142,265,0.292079207921,0.136801541426,0.0518324191112,0.496817820207,0.537666810159,0,1,0,0.0215827338129,4.20470625646,-0.273603082852,0.0019120458891,0.015873015873,1,0,-0.273603082852,,0,,0.535849056604,0.508620689655,0.727272727273,-0.481704692208,0.939716312057,0.127659574468,0.0833333333333,1.08333333333,0.0833333333333
2026,000418,RED,STINT,Dillon Ward,G,12,139,3,0,0,1,13,1,1,0,1,0,0,1,0,523,63,333,118,24,114,9,17,36,1,0,0,142,265,0.292079207921,0.136801541426,0.0518324191112,0.496817820207,0.537666810159,0,1,0,0.0215827338129,4.20470625646,-0.273603082852,0.0019120458891,0.015873015873,1,0,-0.273603082852,,0,,0.535849056604,0.508620689655,0.727272727273,-0.481704692208,0.939716312057,0.127659574468,0.0833333333333,1.08333333333,0.0833333333333
2026,000419,ALL,SEASON,Zed Williams,M,2,43,3,0,0,0,1,0,5,3,2,0,1,4,0,84,17,51,0,0,0,0,0,0,5,1,2,0,0,0.292079207921,0.136801541426,0.0518324191112,0.496817820207,0.537666810159,0.2,0.8,0.4,0.0697674418605,-0.771205978218,0.576556210534,0.0595238095238,0.117647058824,0.4,0.5,1.4527938343,,0,,,,,,,,0,0.5,0
2026,000419,WAT,STINT,Zed Williams,M,2,43,3,0,0,0,1,0,5,3,2,0,1,4,0,84,17,51,0,0,0,0,0,0,5,1,2,0,0,0.292079207921,0.136801541426,0.0518324191112,0.496817820207,0.537666810159,0.2,0.8,0.4,0.0697674418605,-0.771205978218,0.576556210534,0.0595238095238,0.117647058824,0.4,0.5,1.4527938343,,0,,,,,,,,0,0.5,0
2026,000815,ALL,SEASON,Austin Kaut,G,4,33,2,0,0,0,3,0,2,0,2,0,0,1,0,172,19,107,18,6,15,4,3,10,2,0,0,24,43,0.292079207921,0.136801541426,0.0518324191112,0.496817820207,0.537666810159,0,0.5,0,0.0606060606061,-0.28953016933,-0.547206165703,0.0116279069767,0.105263157895,1,0,-0.547206165703,,0,,0.558139534884,0.545454545455,0.6,0.880327163151,0.934782608696,0.217391304348,0,0.75,0
2026,000815,CHA,STINT,Austin Kaut,G,4,33,2,0,0,0,3,0,2,0,2,0,0,1,0,172,19,107,18,6,15,4,3,10,2,0,0,24,43,0.292079207921,0.136801541426,0.0518324191112,0.496817820207,0.537666810159,0,0.5,0,0.0606060606061,-0.28953016933,-0.547206165703,0.0116279069767,0.105263157895,1,0,-0.547206165703,,0,,0.558139534884,0.545454545455,0.6,0.880327163151,0.934782608696,0.217391304348,0,0.75,0
2026,000925,ALL,SEASON,Liam Byrnes,D,5,38,2,0,0,6,9,0,0,0,0,0,0,0,0,194,25,128,0,0,0,0,0,0,0,0,0,0,0,0.292079207921,0.136801541426,0.0518324191112,0.496817820207,0.537666810159,,,,0.0526315789474,-0.0303680737737,,0,0,,,,,0,,,,,,,,1.2,1.8,0
2026,000925,CHA,STINT,Liam Byrnes,D,5,38,2,0,0,6,9,0,0,0,0,0,0,0,0,194,25,128,0,0,0,0,0,0,0,0,0,0,0,0.292079207921,0.136801541426,0.0518324191112,0.496817820207,0.537666810159,,,,0.0526315789474,-0.0303680737737,,0,0,,,,,0,,,,,,,,1.2,1.8,0
2026,000978,ALL,SEASON,Kyle Jackson,M,1,10,2,0,0,0,0,0,1,1,0,0,0,1,0,38,8,29,0,0,0,0,0,0,1,0,0,0,0,0.292079207921,0.136801541426,0.0518324191112,0.496817820207,0.537666810159,0,1,0,0.2,-1.48167580889,-0.292079207921,0.0263157894737,0,0,,,,0,,,,,,,,0,0,0
2026,000978,ATL,STINT,Kyle Jackson,M,1,10,2,0,0,0,0,0,1,1,0,0,0,1,0,38,8,29,0,0,0,0,0,0,1,0,0,0,0,0.292079207921,0.136801541426,0.0518324191112,0.496817820207,0.537666810159,0,1,0,0.2,-1.48167580889,-0.292079207921,0.0263157894737,0,0,,,,0,,,,,,,,0,0,0
2026,001001,ALL,SEASON,Dylan Molloy,A,12,304,29,0,0,4,17,1,87,83,4,25,0,54,4,523,63,333,0,0,0,0,0,0,87,25,25,0,0,0.292079207921,0.136801541426,0.0518324191112,0.496817820207,0.537666810159,0.287356321839,0.620689655172,0.287356321839,0.0953947368421,-13.2429445902,-0.336986588832,0.166347992352,0.0634920634921,0.0459770114943,0,-1.09441233141,,0,,,,,,,,0.333333333333,1.41666666667,0.0833333333333
2026,001001,RED,STINT,Dylan Molloy,A,12,304,29,0,0,4,17,1,87,83,4,25,0,54,4,523,63,333,0,0,0,0,0,0,87,25,25,0,0,0.292079207921,0.136801541426,0.0518324191112,0.496817820207,0.537666810159,0.287356321839,0.620689655172,0.287356321839,0.0953947368421,-13.2429445902,-0.336986588832,0.166347992352,0.0634920634921,0.0459770114943,0,-1.09441233141,,0,,,,,,,,0.333333333333,1.41666666667,0.0833333333333
2026,001009,ALL,SEASON,Colin Heacock,M,12,162,5,0,0,2,5,1,38,35,3,10,0,24,5,505,36,319,0,0,0,0,0,0,38,10,10,0,0,0.292079207921,0.136801541426,0.0518324191112,0.496817820207,0.537666810159,0.263157894737,0.631578947368,0.263157894737,0.0308641975309,3.39685189602,-1.04358152578,0.0752475247525,0.0833333333333,0.0789473684211,0,-0.820809248555,,0,,,,,,,,0.166666666667,0.416666666667,0.0833333333333
2026,001009,WHP,STINT,Colin Heacock,M,12,162,5,0,0,2,5,1,38,35,3,10,0,24,5,505,36,319,0,0,0,0,0,0,38,10,10,0,0,0.292079207921,0.136801541426,0.0518324191112,0.496817820207,0.537666810159,0.263157894737,0.631578947368,0.263157894737,0.0308641975309,3.39685189602,-1.04358152578,0.0752475247525,0.0833333333333,0.0789473684211,0,-0.820809248555,,0,,,,,,,,0.166666666667,0.416666666667,0.0833333333333
2026,001391,ALL,SEASON,Mikie Schlosser,M,1,4,0,0,0,0,0,0,1,1,0,0,0,0,0,29,5,20,0,0,0,0,0,0,1,0,0,0,0,0.292079207921,0.136801541426,0.0518324191112,0.496817820207,0.537666810159,0,0,0,0,0.207329676445,-0.292079207921,0.0344827586207,0,0,,,,0,,,,,,,,0,0,0
2026,001391,OUT,STINT,Mikie Schlosser,M,1,4,0,0,0,0,0,0,1,1,0,0,0,0,0,29,5,20,0,0,0,0,0,0,1,0,0,0,0,0.292079207921,0.136801541426,0.0518324191112,0.496817820207,0.537666810159,0,0,0,0,0.207329676445,-0.292079207921,0.0344827586207,0,0,,,,0,,,,,,,,0,0,0
2026,001397,ALL,SEASON,Michael Rexrode,D,12,73,2,0,0,16,12,5,2,0,2,0,0,0,0,474,77,326,0,0,0,0,0,0,2,0,0,0,0,0.292079207921,0.136801541426,0.0518324191112,0.496817820207,0.537666810159,0,0,0,0.027397260274,1.78376659512,-0.547206165703,0.0042194092827,0.025974025974,1,0,-0.547206165703,,0,,,,,,,,1.33333333333,1,0.416666666667
2026,001397,ATL,STINT,Michael Rexrode,D,12,73,2,0,0,16,12,5,2,0,2,0,0,0,0,474,77,326,0,0,0,0,0,0,2,0,0,0,0,0.292079207921,0.136801541426,0.0518324191112,0.496817820207,0.537666810159,0,0,0,0.027397260274,1.78376659512,-0.547206165703,0.0042194092827,0.025974025974,1,0,-0.547206165703,,0,,,,,,,,1.33333333333,1,0.416666666667
2026,001406,ALL,SEASON,Ben Randall,D,10,62,6,0,0,12,25,3,1,1,0,0,0,1,0,396,58,252,0,0,0,0,0,0,1,0,0,0,0,0.292079207921,0.136801541426,0.0518324191112,0.496817820207,0.537666810159,0,1,0,0.0967741935484,-2.7863900151,-0.292079207921,0.00252525252525,0,0,,,,0,,,,,,,,1.2,2.5,0.3
2026,001406,OUT,STINT,Ben Randall,D,10,62,6,0,0,12,25,3,1,1,0,0,0,1,0,396,58,252,0,0,0,0,0,0,1,0,0,0,0,0.292079207921,0.136801541426,0.0518324191112,0.496817820207,0.537666810159,0,1,0,0.0967741935484,-2.7863900151,-0.292079207921,0.00252525252525,0,0,,,,0,,,,,,,,1.2,2.5,0.3
2026,001415,ALL,SEASON,Greg Weyl,LSM,10,26,1,0,0,8,14,2,4,2,2,0,0,0,0,398,59,248,0,0,0,0,0,0,4,0,0,0,0,0.292079207921,0.136801541426,0.0518324191112,0.496817820207,0.537666810159,0,0,0,0.0384615384615,0.347642896892,-1.13136458154,0.0100502512563,0.0338983050847,0.5,0,-0.547206165703,,0,,,,,,,,0.8,1.4,0.2
2026,001415,OUT,STINT,Greg Weyl,LSM,10,26,1,0,0,8,14,2,4,2,2,0,0,0,0,398,59,248,0,0,0,0,0,0,4,0,0,0,0,0.292079207921,0.136801541426,0.0518324191112,0.496817820207,0.537666810159,0,0,0,0.0384615384615,0.347642896892,-1.13136458154,0.0100502512563,0.0338983050847,0.5,0,-0.547206165703,,0,,,,,,,,0.8,1.4,0.2
2026,001661,ALL,SEASON,Warren Jeffrey,D,10,49,1,0,0,2,12,6,0,0,0,0,0,0,0,423,57,250,0,0,0,0,0,0,0,0,0,0,0,0.292079207921,0.136801541426,0.0518324191112,0.496817820207,0.537666810159,,,,0.0204081632653,1.53978853645,,0,0,,,,,0,,,,,,,,0.2,1.2,0.6
2026,001661,ARC,STINT,Warren Jeffrey,D,10,49,1,0,0,2,12,6,0,0,0,0,0,0,0,423,57,250,0,0,0,0,0,0,0,0,0,0,0,0.292079207921,0.136801541426,0.0518324191112,0.496817820207,0.537666810159,,,,0.0204081632653,1.53978853645,,0,0,,,,,0,,,,,,,,0.2,1.2,0.6
2026,001671,ALL,SEASON,Zach Goodrich,SSDM,12,40,3,0,0,8,3,9,0,0,0,0,0,0,0,526,79,323,0,0,0,0,0,0,0,0,0,0,0,0.292079207921,0.136801541426,0.0518324191112,0.496817820207,0.537666810159,,,,0.075,-0.926703235551,,0,0,,,,,0,,,,,,,,0.666666666667,0.25,0.75
2026,001671,CAN,STINT,Zach Goodrich,SSDM,12,40,3,0,0,8,3,9,0,0,0,0,0,0,0,526,79,323,0,0,0,0,0,0,0,0,0,0,0,0.292079207921,0.136801541426,0.0518324191112,0.496817820207,0.537666810159,,,,0.075,-0.926703235551,,0,0,,,,,0,,,,,,,,0.666666666667,0.25,0.75
2026,001707,ALL,SEASON,Matt Whitcher,SSDM,11,82,3,1,0,6,14,4,9,7,2,2,0,6,1,457,60,286,0,0,0,0,0,0,9,2,2,0,0,0.292079207921,0.136801541426,0.0518324191112,0.496817820207,0.537666810159,0.222222222222,0.666666666667,0.222222222222,0.0365853658537,1.25025836712,-0.591760621149,0.019693654267,0.0333333333333,0.222222222222,0,-0.547206165703,0,0.0034965034965,-0.496817820207,,,,,,,0.545454545455,1.27272727273,0.363636363636
2026,001707,WAT,STINT,Matt Whitcher,SSDM,11,82,3,1,0,6,14,4,9,7,2,2,0,6,1,457,60,286,0,0,0,0,0,0,9,2,2,0,0,0.292079207921,0.136801541426,0.0518324191112,0.496817820207,0.537666810159,0.222222222222,0.666666666667,0.222222222222,0.0365853658537,1.25025836712,-0.591760621149,0.019693654267,0.0333333333333,0.222222222222,0,-0.547206165703,0,0.0034965034965,-0.496817820207,,,,,,,0.545454545455,1.27272727273,0.363636363636
2026,001729,ALL,SEASON,Chris Aslanian,M,5,83,3,0,0,0,2,0,14,8,6,2,1,10,0,180,28,124,0,0,0,0,0,0,14,3,4,0,0,0.292079207921,0.136801541426,0.0518324191112,0.496817820207,0.537666810159,0.214285714286,0.714285714286,0.285714285714,0.0361445783133,1.30209078623,0.0217478395238,0.0777777777778,0.214285714286,0.428571428571,0.166666666667,0.35838150289,,0,,,,,,,,0,0.4,0
2026,001729,CHA,STINT,Chris Aslanian,M,5,83,3,0,0,0,2,0,14,8,6,2,1,10,0,180,28,124,0,0,0,0,0,0,14,3,4,0,0,0.292079207921,0.136801541426,0.0518324191112,0.496817820207,0.537666810159,0.214285714286,0.714285714286,0.285714285714,0.0361445783133,1.30209078623,0.0217478395238,0.0777777777778,0.214285714286,0.428571428571,0.166666666667,0.35838150289,,0,,,,,,,,0,0.4,0
2026,001733,ALL,SEASON,Charlie Hayes,SSDM,10,43,3,0,0,3,9,1,0,0,0,0,0,0,0,414,57,260,0,0,0,0,0,0,0,0,0,0,0,0.292079207921,0.136801541426,0.0518324191112,0.496817820207,0.537666810159,,,,0.0697674418605,-0.771205978218,,0,0,,,,,0,,,,,,,,0.3,0.9,0.1
2026,001733,WAT,STINT,Charlie Hayes,SSDM,10,43,3,0,0,3,9,1,0,0,0,0,0,0,0,414,57,260,0,0,0,0,0,0,0,0,0,0,0,0.292079207921,0.136801541426,0.0518324191112,0.496817820207,0.537666810159,,,,0.0697674418605,-0.771205978218,,0,0,,,,,0,,,,,,,,0.3,0.9,0.1
2026,001773,ALL,SEASON,Nick Washuta,G,3,39,0,0,0,1,5,0,0,0,0,0,0,0,0,112,18,59,19,7,15,1,3,9,0,0,0,26,42,0.292079207921,0.136801541426,0.0518324191112,0.496817820207,0.537666810159,,,,0,2.02146434534,,0,0,,,,,0,,0.619047619048,0.558823529412,0.875,3.41799397331,0.933333333333,0.2,0.333333333333,1.66666666667,0
2026,001773,ARC,STINT,Nick Washuta,G,3,39,0,0,0,1,5,0,0,0,0,0,0,0,0,112,18,59,19,7,15,1,3,9,0,0,0,26,42,0.292079207921,0.136801541426,0.0518324191112,0.496817820207,0.537666810159,,,,0,2.02146434534,,0,0,,,,,0,,0.619047619048,0.558823529412,0.875,3.41799397331,0.933333333333,0.2,0.333333333333,1.66666666667,0
2026,001795,ALL,SEASON,Christian Scarpello,SSDM,11,58,4,12,1,2,8,1,4,4,0,1,0,2,0,420,53,282,0,0,0,0,0,0,4,1,1,0,0,0.292079207921,0.136801541426,0.0518324191112,0.496817820207,0.537666810159,0.25,0.5,0.25,0.0689655172414,-0.993719691549,-0.168316831683,0.00952380952381,0,0,,,0.0833333333333,0.0425531914894,-4.96181384248,,,,,,,0.181818181818,0.727272727273,0.0909090909091
2026,001795,CHA,STINT,Christian Scarpello,SSDM,11,58,4,12,1,2,8,1,4,4,0,1,0,2,0,420,53,282,0,0,0,0,0,0,4,1,1,0,0,0.292079207921,0.136801541426,0.0518324191112,0.496817820207,0.537666810159,0.25,0.5,0.25,0.0689655172414,-0.993719691549,-0.168316831683,0.00952380952381,0,0,,,0.0833333333333,0.0425531914894,-4.96181384248,,,,,,,0.181818181818,0.727272727273,0.0909090909091
2026,001810,ALL,SEASON,Michael Sowers,A,12,448,22,0,0,2,13,0,78,78,0,29,0,62,9,500,69,309,0,0,0,0,0,0,78,29,29,0,0,0.292079207921,0.136801541426,0.0518324191112,0.496817820207,0.537666810159,0.371794871795,0.794871794872,0.371794871795,0.0491071428571,1.22092376183,6.21782178218,0.156,0,0,,,,0,,,,,,,,0.166666666667,1.08333333333,0
2026,001810,WAT,STINT,Michael Sowers,A,12,448,22,0,0,2,13,0,78,78,0,29,0,62,9,500,69,309,0,0,0,0,0,0,78,29,29,0,0,0.292079207921,0.136801541426,0.0518324191112,0.496817820207,0.537666810159,0.371794871795,0.794871794872,0.371794871795,0.0491071428571,1.22092376183,6.21782178218,0.156,0,0,,,,0,,,,,,,,0.166666666667,1.08333333333,0
2026,001811,ALL,SEASON,JT Giles-Harris,D,11,75,2,0,0,4,17,2,1,0,1,0,0,0,0,432,63,276,0,0,0,0,0,0,1,0,0,0,0,0.292079207921,0.136801541426,0.0518324191112,0.496817820207,0.537666810159,0,0,0,0.0266666666667,1.88743143334,-0.273603082852,0.00231481481481,0.015873015873,1,0,-0.273603082852,,0,,,,,,,,0.363636363636,1.54545454545,0.181818181818
2026,001811,OUT,STINT,JT Giles-Harris,D,11,75,2,0,0,4,17,2,1,0,1,0,0,0,0,432,63,276,0,0,0,0,0,0,1,0,0,0,0,0.292079207921,0.136801541426,0.0518324191112,0.496817820207,0.537666810159,0,0,0,0.0266666666667,1.88743143334,-0.273603082852,0.00231481481481,0.015873015873,1,0,-0.273603082852,,0,,,,,,,,0.363636363636,1.54545454545,0.181818181818
2026,001812,ALL,SEASON,TD Ierlan,FO,12,119,3,321,189,2,111,2,13,11,2,2,0,6,0,523,63,333,0,0,0,0,0,0,13,2,2,0,0,0.292079207921,0.136801541426,0.0518324191112,0.496817820207,0.537666810159,0.153846153846,0.461538461538,0.153846153846,0.0252100840336,3.16805787423,-1.76007745283,0.0248565965583,0.031746031746,0.153846153846,0,-0.547206165703,0.588785046729,0.963963963964,29.5214797136,,,,,,,0.166666666667,9.25,0.166666666667
2026,001812,RED,STINT,TD Ierlan,FO,12,119,3,321,189,2,111,2,13,11,2,2,0,6,0,523,63,333,0,0,0,0,0,0,13,2,2,0,0,0.292079207921,0.136801541426,0.0518324191112,0.496817820207,0.537666810159,0.153846153846,0.461538461538,0.153846153846,0.0252100840336,3.16805787423,-1.76007745283,0.0248565965583,0.031746031746,0.153846153846,0,-0.547206165703,0.588785046729,0.963963963964,29.5214797136,,,,,,,0.166666666667,9.25,0.166666666667
2026,001813,ALL,SEASON,Jared Conners,LSM,12,100,7,0,0,10,33,0,19,6,13,2,1,8,0,523,63,333,0,0,0,0,0,0,19,3,4,0,0,0.292079207921,0.136801541426,0.0518324191112,0.496817820207,0.537666810159,0.157894736842,0.421052631579,0.210526315789,0.07,-1.81675808888,-1.3093153246,0.0363288718929,0.206349206349,0.684210526316,0.0769230769231,-1.55684007707,,0,,,,,,,,0.833333333333,2.75,0
2026,001813,RED,STINT,Jared Conners,LSM,12,100,7,0,0,10,33,0,19,6,13,2,1,8,0,523,63,333,0,0,0,0,0,0,19,3,4,0,0,0.292079207921,0.136801541426,0.0518324191112,0.496817820207,0.537666810159,0.157894736842,0.421052631579,0.210526315789,0.07,-1.81675808888,-1.3093153246,0.0363288718929,0.206349206349,0.684210526316,0.0769230769231,-1.55684007707,,0,,,,,,,,0.833333333333,2.75,0
2026,001814,ALL,SEASON,Mac O'Keefe,A,12,314,12,0,0,2,12,3,69,57,12,19,3,41,2,493,67,288,0,0,0,0,0,0,69,22,25,0,0,0.292079207921,0.136801541426,0.0518324191112,0.496817820207,0.537666810159,0.31884057971,0.594202898551,0.36231884058,0.0382165605096,4.27537960092,5.0682481543,0.139959432049,0.179104477612,0.173913043478,0.25,2.71676300578,,0,,,,,,,,0.166666666667,1,0.25
2026,001814,ARC,STINT,Mac O'Keefe,A,12,314,12,0,0,2,12,3,69,57,12,19,3,41,2,493,67,288,0,0,0,0,0,0,69,22,25,0,0,0.292079207921,0.136801541426,0.0518324191112,0.496817820207,0.537666810159,0.31884057971,0.594202898551,0.36231884058,0.0382165605096,4.27537960092,5.0682481543,0.139959432049,0.179104477612,0.173913043478,0.25,2.71676300578,,0,,,,,,,,0.166666666667,1,0.25
2026,001815,ALL,SEASON,Connor Kirst,M,11,78,4,16,6,5,19,2,17,11,6,4,0,8,0,485,69,298,0,0,0,0,0,0,17,4,4,0,0,0.292079207921,0.136801541426,0.0518324191112,0.496817820207,0.537666810159,0.235294117647,0.470588235294,0.235294117647,0.0512820512821,0.0429286906749,-0.854489784239,0.0350515463918,0.0869565217391,0.352941176471,0,-1.64161849711,0.375,0.0536912751678,-1.94908512331,,,,,,,0.454545454545,1.72727272727,0.181818181818
2026,001815,CAN,STINT,Connor Kirst,M,11,78,4,16,6,5,19,2,17,11,6,4,0,8,0,485,69,298,0,0,0,0,0,0,17,4,4,0,0,0.292079207921,0.136801541426,0.0518324191112,0.496817820207,0.537666810159,0.235294117647,0.470588235294,0.235294117647,0.0512820512821,0.0429286906749,-0.854489784239,0.0350515463918,0.0869565217391,0.352941176471,0,-1.64161849711,0.375,0.0536912751678,-1.94908512331,,,,,,,0.454545454545,1.72727272727,0.181818181818
2026,001816,ALL,SEASON,Dox Aitken,M,1,6,0,0,0,0,0,0,2,2,0,1,0,2,0,42,5,24,0,0,0,0,0,0,2,1,1,0,0,0.292079207921,0.136801541426,0.0518324191112,0.496817820207,0.537666810159,0.5,1,0.5,0,0.310994514667,0.415841584158,0.047619047619,0,0,,,,0,,,,,,,,0,0,0
2026,001816,WAT,STINT,Dox Aitken,M,1,6,0,0,0,0,0,0,2,2,0,1,0,2,0,42,5,24,0,0,0,0,0,0,2,1,1,0,0,0.292079207921,0.136801541426,0.0518324191112,0.496817820207,0.537666810159,0.5,1,0.5,0,0.310994514667,0.415841584158,0.047619047619,0,0,,,,0,,,,,,,,0,0,0
2026,001817,ALL,SEASON,Jack Kielty,D,12,63,4,0,0,13,24,1,0,0,0,0,0,0,0,526,79,323,0,0,0,0,0,0,0,0,0,0,0,0.292079207921,0.136801541426,0.0518324191112,0.496817820207,0.537666810159,,,,0.0634920634921,-0.734557595993,,0,0,,,,,0,,,,,,,,1.08333333333,2,0.0833333333333
2026,001817,CAN,STINT,Jack Kielty,D,12,63,4,0,0,13,24,1,0,0,0,0,0,0,0,526,79,323,0,0,0,0,0,0,0,0,0,0,0,0.292079207921,0.136801541426,0.0518324191112,0.496817820207,0.537666810159,,,,0.0634920634921,-0.734557595993,,0,0,,,,,0,,,,,,,,1.08333333333,2,0.0833333333333
2026,001819,ALL,SEASON,Danny Logan,SSDM,9,78,4,14,1,5,19,1,5,3,2,1,0,4,1,346,56,243,0,0,0,0,0,0,5,1,1,0,0,0.292079207921,0.136801541426,0.0518324191112,0.496817820207,0.537666810159,0.2,0.8,0.2,0.0512820512821,0.0429286906749,-0.423443789466,0.014450867052,0.0357142857143,0.4,0,-0.547206165703,0.0714285714286,0.0576131687243,-5.9554494829,,,,,,,0.555555555556,2.11111111111,0.111111111111
2026,001819,ATL,STINT,Danny Logan,SSDM,9,78,4,14,1,5,19,1,5,3,2,1,0,4,1,346,56,243,0,0,0,0,0,0,5,1,1,0,0,0.292079207921,0.136801541426,0.0518324191112,0.496817820207,0.537666810159,0.2,0.8,0.2,0.0512820512821,0.0429286906749,-0.423443789466,0.014450867052,0.0357142857143,0.4,0,-0.547206165703,0.0714285714286,0.0576131687243,-5.9554494829,,,,,,,0.555555555556,2.11111111111,0.111111111111
2026,001820,ALL,SEASON,Ryan Terefenko,SSDM,10,134,6,1,0,1,17,2,15,12,3,3,1,12,0,388,61,262,0,0,0,0,0,0,15,4,5,0,0,0.292079207921,0.136801541426,0.0518324191112,0.496817820207,0.537666810159,0.266666666667,0.8,0.333333333333,0.044776119403,0.945544160903,0.674240256396,0.0386597938144,0.0491803278689,0.2,0.333333333333,1.17919075145,0,0.00381679389313,-0.496817820207,,,,,,,0.1,1.7,0.2
2026,001820,OUT,STINT,Ryan Terefenko,SSDM,10,134,6,1,0,1,17,2,15,12,3,3,1,12,0,388,61,262,0,0,0,0,0,0,15,4,5,0,0,0.292079207921,0.136801541426,0.0518324191112,0.496817820207,0.537666810159,0.266666666667,0.8,0.333333333333,0.044776119403,0.945544160903,0.674240256396,0.0386597938144,0.0491803278689,0.2,0.333333333333,1.17919075145,0,0.00381679389313,-0.496817820207,,,,,,,0.1,1.7,0.2
2026,001821,ALL,SEASON,Tre Leclaire,M,10,236,7,0,0,0,6,2,48,31,17,13,3,29,1,423,57,250,0,0,0,0,0,0,48,16,19,0,0,0.292079207921,0.136801541426,0.0518324191112,0.496817820207,0.537666810159,0.333333333333,0.604166666667,0.395833333333,0.0296610169492,5.23245091025,5.29429214598,0.113475177305,0.298245614035,0.354166666667,0.176470588235,1.34874759152,,0,,,,,,,,0,0.6,0.2
2026,001821,ARC,STINT,Tre Leclaire,M,10,236,7,0,0,0,6,2,48,31,17,13,3,29,1,423,57,250,0,0,0,0,0,0,48,16,19,0,0,0.292079207921,0.136801541426,0.0518324191112,0.496817820207,0.537666810159,0.333333333333,0.604166666667,0.395833333333,0.0296610169492,5.23245091025,5.29429214598,0.113475177305,0.298245614035,0.354166666667,0.176470588235,1.34874759152,,0,,,,,,,,0,0.6,0.2
2026,001826,ALL,SEASON,Jeff Trainor,SSDM,10,67,3,0,0,4,13,4,10,7,3,3,1,7,0,428,73,266,0,0,0,0,0,0,10,4,5,0,0,0.292079207921,0.136801541426,0.0518324191112,0.496817820207,0.537666810159,0.4,0.7,0.5,0.044776119403,0.472772080452,2.134636296,0.0233644859813,0.041095890411,0.3,0.333333333333,1.17919075145,,0,,,,,,,,0.4,1.3,0.4
2026,001826,CAN,STINT,Jeff Trainor,SSDM,10,67,3,0,0,4,13,4,10,7,3,3,1,7,0,428,73,266,0,0,0,0,0,0,10,4,5,0,0,0.292079207921,0.136801541426,0.0518324191112,0.496817820207,0.537666810159,0.4,0.7,0.5,0.044776119403,0.472772080452,2.134636296,0.0233644859813,0.041095890411,0.3,0.333333333333,1.17919075145,,0,,,,,,,,0.4,1.3,0.4
2026,001827,ALL,SEASON,Jared Bernhardt,A,8,220,16,0,0,3,6,0,49,47,2,14,0,31,2,311,45,197,0,0,0,0,0,0,49,14,14,0,0,0.292079207921,0.136801541426,0.0518324191112,0.496817820207,0.537666810159,0.285714285714,0.632653061224,0.285714285714,0.0727272727273,-4.59686779553,-0.274928937981,0.157556270096,0.0444444444444,0.0408163265306,0,-0.547206165703,,0,,,,,,,,0.375,0.75,0
2026,001827,OUT,STINT,Jared Bernhardt,A,8,220,16,0,0,3,6,0,49,47,2,14,0,31,2,311,45,197,0,0,0,0,0,0,49,14,14,0,0,0.292079207921,0.136801541426,0.0518324191112,0.496817820207,0.537666810159,0.285714285714,0.632653061224,0.285714285714,0.0727272727273,-4.59686779553,-0.274928937981,0.157556270096,0.0444444444444,0.0408163265306,0,-0.547206165703,,0,,,,,,,,0.375,0.75,0
2026,001828,ALL,SEASON,Justin Anderson,M,12,151,8,0,0,2,9,1,30,27,3,10,1,24,1,466,71,305,0,0,0,0,0,0,30,11,12,0,0,0.292079207921,0.136801541426,0.0518324191112,0.496817820207,0.537666810159,0.366666666667,0.8,0.4,0.0529801324503,-0.173304714206,3.29305213758,0.0643776824034,0.0422535211268,0.1,0.333333333333,1.17919075145,,0,,,,,,,,0.166666666667,0.75,0.0833333333333
2026,001828,OUT,STINT,Justin Anderson,M,12,151,8,0,0,2,9,1,30,27,3,10,1,24,1,466,71,305,0,0,0,0,0,0,30,11,12,0,0,0.292079207921,0.136801541426,0.0518324191112,0.496817820207,0.537666810159,0.366666666667,0.8,0.4,0.0529801324503,-0.173304714206,3.29305213758,0.0643776824034,0.0422535211268,0.1,0.333333333333,1.17919075145,,0,,,,,,,,0.166666666667,0.75,0.0833333333333
2026,001839,ALL,SEASON,Nick Grill,LSM,1,4,0,0,0,0,0,0,0,0,0,0,0,0,0,34,8,29,0,0,0,0,0,0,0,0,0,0,0,0.292079207921,0.136801541426,0.0518324191112,0.496817820207,0.537666810159,,,,0,0.207329676445,,0,0,,,,,0,,,,,,,,0,0,0
2026,001839,OUT,STINT,Nick Grill,LSM,1,4,0,0,0,0,0,0,0,0,0,0,0,0,0,34,8,29,0,0,0,0,0,0,0,0,0,0,0,0.292079207921,0.136801541426,0.0518324191112,0.496817820207,0.537666810159,,,,0,0.207329676445,,0,0,,,,,0,,,,,,,,0,0,0
2026,001843,ALL,SEASON,Cole Williams,M,2,33,5,0,0,0,3,0,7,7,0,1,0,3,0,77,14,54,0,0,0,0,0,0,7,1,1,0,0,0.292079207921,0.136801541426,0.0518324191112,0.496817820207,0.537666810159,0.142857142857,0.428571428571,0.142857142857,0.151515151515,-3.28953016933,-1.04455445545,0.0909090909091,0,0,,,,0,,,,,,,,0,1.5,0
2026,001843,ATL,STINT,Cole Williams,M,1,23,3,0,0,0,2,0,6,6,0,1,0,3,0,43,7,29,0,0,0,0,0,0,6,1,1,0,0,0.292079207921,0.136801541426,0.0518324191112,0.496817820207,0.537666810159,0.166666666667,0.5,0.166666666667,0.130434782609,-1.80785436044,-0.752475247525,0.139534883721,0,0,,,,0,,,,,,,,0,2,0
2026,001843,CHA,STINT,Cole Williams,M,1,10,2,0,0,0,1,0,1,1,0,0,0,0,0,34,7,25,0,0,0,0,0,0,1,0,0,0,0,0.292079207921,0.136801541426,0.0518324191112,0.496817820207,0.537666810159,0,0,0,0.2,-1.48167580889,-0.292079207921,0.0294117647059,0,0,,,,0,,,,,,,,0,1,0
2026,001846,ALL,SEASON,Adam Charalambides,A,1,27,1,0,0,1,2,0,5,5,0,0,0,5,0,46,4,29,0,0,0,0,0,0,5,0,0,0,0,0.292079207921,0.136801541426,0.0518324191112,0.496817820207,0.537666810159,0,1,0,0.037037037037,0.399475316003,-1.4603960396,0.108695652174,0,0,,,,0,,,,,,,,1,2,0
2026,001846,CHA,STINT,Adam Charalambides,A,1,27,1,0,0,1,2,0,5,5,0,0,0,5,0,46,4,29,0,0,0,0,0,0,5,0,0,0,0,0.292079207921,0.136801541426,0.0518324191112,0.496817820207,0.537666810159,0,1,0,0.037037037037,0.399475316003,-1.4603960396,0.108695652174,0,0,,,,0,,,,,,,,1,2,0
2026,002006,ALL,SEASON,Reid Bowering,A,11,144,14,1,0,3,16,1,42,42,0,15,0,33,3,443,71,301,0,0,0,0,0,0,42,15,15,0,0,0.292079207921,0.136801541426,0.0518324191112,0.496817820207,0.537666810159,0.357142857143,0.785714285714,0.357142857143,0.0972222222222,-6.53613164798,2.73267326733,0.0948081264108,0,0,,,0,0.00332225913621,-0.496817820207,,,,,,,0.272727272727,1.45454545455,0.0909090909091
2026,002006,ATL,STINT,Reid Bowering,A,11,144,14,1,0,3,16,1,42,42,0,15,0,33,3,443,71,301,0,0,0,0,0,0,42,15,15,0,0,0.292079207921,0.136801541426,0.0518324191112,0.496817820207,0.537666810159,0.357142857143,0.785714285714,0.357142857143,0.0972222222222,-6.53613164798,2.73267326733,0.0948081264108,0,0,,,0,0.00332225913621,-0.496817820207,,,,,,,0.272727272727,1.45454545455,0.0909090909091
2026,002015,ALL,SEASON,Logan Wisnauskas,A,12,295,13,0,0,0,6,0,42,41,1,25,0,34,1,466,71,305,0,0,0,0,0,0,42,25,25,0,0,0.292079207921,0.136801541426,0.0518324191112,0.496817820207,0.537666810159,0.595238095238,0.809523809524,0.595238095238,0.0440677966102,2.29056363781,12.7511493924,0.0901287553648,0.0140845070423,0.0238095238095,0,-0.273603082852,,0,,,,,,,,0,0.5,0
2026,002015,OUT,STINT,Logan Wisnauskas,A,12,295,13,0,0,0,6,0,42,41,1,25,0,34,1,466,71,305,0,0,0,0,0,0,42,25,25,0,0,0.292079207921,0.136801541426,0.0518324191112,0.496817820207,0.537666810159,0.595238095238,0.809523809524,0.595238095238,0.0440677966102,2.29056363781,12.7511493924,0.0901287553648,0.0140845070423,0.0238095238095,0,-0.273603082852,,0,,,,,,,,0,0.5,0
2026,002017,ALL,SEASON,Arden Cohen,LSM,1,2,0,0,0,0,1,0,0,0,0,0,0,0,0,45,7,23,0,0,0,0,0,0,0,0,0,0,0,0.292079207921,0.136801541426,0.0518324191112,0.496817820207,0.537666810159,,,,0,0.103664838222,,0,0,,,,,0,,,,,,,,0,1,0
2026,002017,RED,STINT,Arden Cohen,LSM,1,2,0,0,0,0,1,0,0,0,0,0,0,0,0,45,7,23,0,0,0,0,0,0,0,0,0,0,0,0.292079207921,0.136801541426,0.0518324191112,0.496817820207,0.537666810159,,,,0,0.103664838222,,0,0,,,,,0,,,,,,,,0,1,0
2026,002022,ALL,SEASON,Zach Geddes,SSDM,12,99,1,6,1,4,11,1,14,10,4,4,1,8,1,466,71,305,0,0,0,0,0,0,14,5,6,0,0,0.292079207921,0.136801541426,0.0518324191112,0.496817820207,0.537666810159,0.357142857143,0.571428571429,0.428571428571,0.010101010101,4.13140949201,1.98479558939,0.0300429184549,0.056338028169,0.285714285714,0.25,0.905587668593,0.166666666667,0.0196721311475,-1.98090692124,,,,,,,0.333333333333,0.916666666667,0.0833333333333
2026,002022,OUT,STINT,Zach Geddes,SSDM,12,99,1,6,1,4,11,1,14,10,4,4,1,8,1,466,71,305,0,0,0,0,0,0,14,5,6,0,0,0.292079207921,0.136801541426,0.0518324191112,0.496817820207,0.537666810159,0.357142857143,0.571428571429,0.428571428571,0.010101010101,4.13140949201,1.98479558939,0.0300429184549,0.056338028169,0.285714285714,0.25,0.905587668593,0.166666666667,0.0196721311475,-1.98090692124,,,,,,,0.333333333333,0.916666666667,0.0833333333333
2026,002023,ALL,SEASON,Brendan Nichtern,A,6,155,10,0,0,1,9,2,24,24,0,8,0,16,1,237,34,158,0,0,0,0,0,0,24,8,8,0,0,0.292079207921,0.136801541426,0.0518324191112,0.496817820207,0.537666810159,0.333333333333,0.666666666667,0.333333333333,0.0645161290323,-1.96597503776,0.990099009901,0.101265822785,0,0,,,,0,,,,,,,,0.166666666667,1.5,0.333333333333
2026,002023,CHA,STINT,Brendan Nichtern,A,6,155,10,0,0,1,9,2,24,24,0,8,0,16,1,237,34,158,0,0,0,0,0,0,24,8,8,0,0,0.292079207921,0.136801541426,0.0518324191112,0.496817820207,0.537666810159,0.333333333333,0.666666666667,0.333333333333,0.0645161290323,-1.96597503776,0.990099009901,0.101265822785,0,0,,,,0,,,,,,,,0.166666666667,1.5,0.333333333333
2026,002024,ALL,SEASON,Asher Nolting,A,1,38,5,0,0,0,3,0,0,0,0,0,0,0,0,41,10,25,0,0,0,0,0,0,0,0,0,0,0,0.292079207921,0.136801541426,0.0518324191112,0.496817820207,0.537666810159,,,,0.131578947368,-3.03036807377,,0,0,,,,,0,,,,,,,,0,3,0
2026,002024,CAN,STINT,Asher Nolting,A,1,38,5,0,0,0,3,0,0,0,0,0,0,0,0,41,10,25,0,0,0,0,0,0,0,0,0,0,0,0.292079207921,0.136801541426,0.0518324191112,0.496817820207,0.537666810159,,,,0.131578947368,-3.03036807377,,0,0,,,,,0,,,,,,,,0,3,0
2026,002026,ALL,SEASON,Brett Dobson,G,10,171,3,0,0,4,17,3,5,0,5,0,0,1,0,423,57,250,108,23,86,5,12,29,5,0,0,131,222,0.292079207921,0.136801541426,0.0518324191112,0.496817820207,0.537666810159,0,0.2,0,0.0175438596491,5.86334366802,-1.36801541426,0.0118203309693,0.0877192982456,1,0,-1.36801541426,,0,,0.59009009009,0.556701030928,0.821428571429,11.6379681446,0.948717948718,0.123931623932,0.4,1.7,0.3
2026,002026,ARC,STINT,Brett Dobson,G,10,171,3,0,0,4,17,3,5,0,5,0,0,1,0,423,57,250,108,23,86,5,12,29,5,0,0,131,222,0.292079207921,0.136801541426,0.0518324191112,0.496817820207,0.537666810159,0,0.2,0,0.0175438596491,5.86334366802,-1.36801541426,0.0118203309693,0.0877192982456,1,0,-1.36801541426,,0,,0.59009009009,0.556701030928,0.821428571429,11.6379681446,0.948717948718,0.123931623932,0.4,1.7,0.3
2026,002028,ALL,SEASON,Jack Hannah,M,10,227,9,0,0,0,12,3,57,53,4,11,0,26,2,425,59,256,0,0,0,0,0,0,57,11,11,0,0,0.292079207921,0.136801541426,0.0518324191112,0.496817820207,0.537666810159,0.19298245614,0.456140350877,0.19298245614,0.0396475770925,2.76595913825,-5.57461035121,0.134117647059,0.0677966101695,0.0701754385965,0,-1.09441233141,,0,,,,,,,,0,1.2,0.3
2026,002028,WAT,STINT,Jack Hannah,M,10,227,9,0,0,0,12,3,57,53,4,11,0,26,2,425,59,256,0,0,0,0,0,0,57,11,11,0,0,0.292079207921,0.136801541426,0.0518324191112,0.496817820207,0.537666810159,0.19298245614,0.456140350877,0.19298245614,0.0396475770925,2.76595913825,-5.57461035121,0.134117647059,0.0677966101695,0.0701754385965,0,-1.09441233141,,0,,,,,,,,0,1.2,0.3
2026,002030,ALL,SEASON,Jonathan Donville,M,3,49,2,0,0,1,1,0,3,3,0,1,0,2,0,119,18,69,0,0,0,0,0,0,3,1,1,0,0,0.292079207921,0.136801541426,0.0518324191112,0.496817820207,0.537666810159,0.333333333333,0.666666666667,0.333333333333,0.0408163265306,0.53978853645,0.123762376238,0.0252100840336,0,0,,,,0,,,,,,,,0.333333333333,0.333333333333,0
2026,002030,OUT,STINT,Jonathan Donville,M,3,49,2,0,0,1,1,0,3,3,0,1,0,2,0,119,18,69,0,0,0,0,0,0,3,1,1,0,0,0.292079207921,0.136801541426,0.0518324191112,0.496817820207,0.537666810159,0.333333333333,0.666666666667,0.333333333333,0.0408163265306,0.53978853645,0.123762376238,0.0252100840336,0,0,,,,0,,,,,,,,0.333333333333,0.333333333333,0
2026,002032,ALL,SEASON,Justin Inacio,FO,9,51,8,194,92,2,47,1,6,5,1,0,0,1,0,368,43,239,0,0,0,0,0,0,6,0,0,0,0,0.292079207921,0.136801541426,0.0518324191112,0.496817820207,0.537666810159,0,0.166666666667,0,0.156862745098,-5.35654662533,-1.73399912246,0.0163043478261,0.0232558139535,0.166666666667,0,-0.273603082852,0.474226804124,0.811715481172,-4.38265712013,,,,,,,0.222222222222,5.22222222222,0.111111111111
2026,002032,CHA,STINT,Justin Inacio,FO,9,51,8,194,92,2,47,1,6,5,1,0,0,1,0,368,43,239,0,0,0,0,0,0,6,0,0,0,0,0.292079207921,0.136801541426,0.0518324191112,0.496817820207,0.537666810159,0,0.166666666667,0,0.156862745098,-5.35654662533,-1.73399912246,0.0163043478261,0.0232558139535,0.166666666667,0,-0.273603082852,0.474226804124,0.811715481172,-4.38265712013,,,,,,,0.222222222222,5.22222222222,0.111111111111
2026,002033,ALL,SEASON,Nakeie Montgomery,SSDM,1,11,0,0,0,0,2,0,1,1,0,0,0,1,0,43,9,23,0,0,0,0,0,0,1,0,0,0,0,0.292079207921,0.136801541426,0.0518324191112,0.496817820207,0.537666810159,0,1,0,0,0.570156610223,-0.292079207921,0.0232558139535,0,0,,,,0,,,,,,,,0,2,0
2026,002033,WAT,STINT,Nakeie Montgomery,SSDM,1,11,0,0,0,0,2,0,1,1,0,0,0,1,0,43,9,23,0,0,0,0,0,0,1,0,0,0,0,0.292079207921,0.136801541426,0.0518324191112,0.496817820207,0.537666810159,0,1,0,0,0.570156610223,-0.292079207921,0.0232558139535,0,0,,,,0,,,,,,,,0,2,0
2026,002038,ALL,SEASON,Colin Kirst,G,11,105,5,0,0,3,14,1,1,0,1,0,0,1,0,488,72,302,87,13,101,6,9,19,1,0,0,100,207,0.292079207921,0.136801541426,0.0518324191112,0.496817820207,0.537666810159,0,1,0,0.047619047619,0.442404006678,-0.273603082852,0.00204918032787,0.0138888888889,1,0,-0.273603082852,,0,,0.48309178744,0.462765957447,0.684210526316,-11.297029703,0.958333333333,0.087962962963,0.272727272727,1.27272727273,0.0909090909091
2026,002038,CAN,STINT,Colin Kirst,G,11,105,5,0,0,3,14,1,1,0,1,0,0,1,0,488,72,302,87,13,101,6,9,19,1,0,0,100,207,0.292079207921,0.136801541426,0.0518324191112,0.496817820207,0.537666810159,0,1,0,0.047619047619,0.442404006678,-0.273603082852,0.00204918032787,0.0138888888889,1,0,-0.273603082852,,0,,0.48309178744,0.462765957447,0.684210526316,-11.297029703,0.958333333333,0.087962962963,0.272727272727,1.27272727273,0.0909090909091
2026,002039,ALL,SEASON,Owen McElroy,G,4,40,2,0,0,0,5,0,0,0,0,0,0,0,0,144,25,109,30,4,20,3,3,8,0,0,0,34,57,0.292079207921,0.136801541426,0.0518324191112,0.496817820207,0.537666810159,,,,0.05,0.0732967644487,,0,0,,,,,0,,0.59649122807,0.6,0.571428571429,3.35299182092,0.95,0.133333333333,0,1.25,0
2026,002039,OUT,STINT,Owen McElroy,G,4,40,2,0,0,0,5,0,0,0,0,0,0,0,0,144,25,109,30,4,20,3,3,8,0,0,0,34,57,0.292079207921,0.136801541426,0.0518324191112,0.496817820207,0.537666810159,,,,0.05,0.0732967644487,,0,0,,,,,0,,0.59649122807,0.6,0.571428571429,3.35299182092,0.95,0.133333333333,0,1.25,0
2026,002042,ALL,SEASON,Jon Robbins,LSM,10,20,3,0,0,9,9,1,2,1,1,0,0,1,0,401,61,268,0,0,0,0,0,0,2,0,0,0,0,0.292079207921,0.136801541426,0.0518324191112,0.496817820207,0.537666810159,0,0.5,0,0.15,-1.96335161778,-0.565682290772,0.00498753117207,0.016393442623,0.5,0,-0.273603082852,,0,,,,,,,,0.9,0.9,0.1
2026,002042,ATL,STINT,Jon Robbins,LSM,10,20,3,0,0,9,9,1,2,1,1,0,0,1,0,401,61,268,0,0,0,0,0,0,2,0,0,0,0,0.292079207921,0.136801541426,0.0518324191112,0.496817820207,0.537666810159,0,0.5,0,0.15,-1.96335161778,-0.565682290772,0.00498753117207,0.016393442623,0.5,0,-0.273603082852,,0,,,,,,,,0.9,0.9,0.1
2026,002054,ALL,SEASON,Chris Merle,SSDM,10,35,1,1,1,5,14,3,5,5,0,1,0,3,0,443,50,281,0,0,0,0,0,0,5,1,1,0,0,0.292079207921,0.136801541426,0.0518324191112,0.496817820207,0.537666810159,0.2,0.6,0.2,0.0285714285714,0.814134668893,-0.460396039604,0.0112866817156,0,0,,,1,0.00355871886121,0.503182179793,,,,,,,0.5,1.4,0.3
2026,002054,RED,STINT,Chris Merle,SSDM,10,35,1,1,1,5,14,3,5,5,0,1,0,3,0,443,50,281,0,0,0,0,0,0,5,1,1,0,0,0.292079207921,0.136801541426,0.0518324191112,0.496817820207,0.537666810159,0.2,0.6,0.2,0.0285714285714,0.814134668893,-0.460396039604,0.0112866817156,0,0,,,1,0.00355871886121,0.503182179793,,,,,,,0.5,1.4,0.3
2026,002067,ALL,SEASON,Zac Tucci,FO,4,17,4,91,44,0,17,1,2,1,1,0,1,2,0,148,33,103,0,0,0,0,0,0,2,1,2,0,0,0.292079207921,0.136801541426,0.0518324191112,0.496817820207,0.537666810159,0.5,1,1,0.235294117647,-3.11884887511,1.43431770923,0.0135135135135,0.030303030303,0.5,1,1.72639691715,0.483516483516,0.883495145631,-1.21042163882,,,,,,,0,4.25,0.25
2026,002067,ATL,STINT,Zac Tucci,FO,1,1,0,16,6,0,1,0,0,0,0,0,0,0,0,31,6,25,0,0,0,0,0,0,0,0,0,0,0,0.292079207921,0.136801541426,0.0518324191112,0.496817820207,0.537666810159,,,,0,0.0518324191112,,0,0,,,,0.375,0.64,-1.94908512331,,,,,,,0,1,0
2026,002067,CAN,STINT,Zac Tucci,FO,3,16,4,75,38,0,16,1,2,1,1,0,1,2,0,117,27,78,0,0,0,0,0,0,2,1,2,0,0,0.292079207921,0.136801541426,0.0518324191112,0.496817820207,0.537666810159,0.5,1,1,0.25,-3.17068129422,1.43431770923,0.017094017094,0.037037037037,0.5,1,1.72639691715,0.506666666667,0.961538461538,0.738663484487,,,,,,,0,5.33333333333,0.333333333333
2026,002074,ALL,SEASON,Alexander Smith,SSDM,6,23,0,3,0,3,6,3,0,0,0,0,0,0,0,250,38,155,0,0,0,0,0,0,0,0,0,0,0,0.292079207921,0.136801541426,0.0518324191112,0.496817820207,0.537666810159,,,,0,1.19214563956,,0,0,,,,0,0.0193548387097,-1.49045346062,,,,,,,0.5,1,0.5
2026,002074,OUT,STINT,Alexander Smith,SSDM,6,23,0,3,0,3,6,3,0,0,0,0,0,0,0,250,38,155,0,0,0,0,0,0,0,0,0,0,0,0.292079207921,0.136801541426,0.0518324191112,0.496817820207,0.537666810159,,,,0,1.19214563956,,0,0,,,,0,0.0193548387097,-1.49045346062,,,,,,,0.5,1,0.5
2026,003004,ALL,SEASON,Mike Sisselberger,FO,12,97,13,268,159,0,110,1,9,9,0,1,0,3,0,493,67,288,0,0,0,0,0,0,9,1,1,0,0,0.292079207921,0.136801541426,0.0518324191112,0.496817820207,0.537666810159,0.111111111111,0.333333333333,0.111111111111,0.134020618557,-7.97225534621,-1.62871287129,0.0182555780933,0,0,,,0.59328358209,0.930555555556,25.8528241846,,,,,,,0,9.16666666667,0.0833333333333
2026,003004,ARC,STINT,Mike Sisselberger,FO,12,97,13,268,159,0,110,1,9,9,0,1,0,3,0,493,67,288,0,0,0,0,0,0,9,1,1,0,0,0.292079207921,0.136801541426,0.0518324191112,0.496817820207,0.537666810159,0.111111111111,0.333333333333,0.111111111111,0.134020618557,-7.97225534621,-1.62871287129,0.0182555780933,0,0,,,0.59328358209,0.930555555556,25.8528241846,,,,,,,0,9.16666666667,0.0833333333333
2026,003005,ALL,SEASON,Connor Maher,SSDM,12,64,2,4,1,5,7,2,6,6,0,1,0,3,0,493,67,288,0,0,0,0,0,0,6,1,1,0,0,0.292079207921,0.136801541426,0.0518324191112,0.496817820207,0.537666810159,0.166666666667,0.5,0.166666666667,0.03125,1.31727482312,-0.752475247525,0.0121703853955,0,0,,,0.25,0.0138888888889,-0.987271280827,,,,,,,0.416666666667,0.583333333333,0.166666666667
2026,003005,ARC,STINT,Connor Maher,SSDM,12,64,2,4,1,5,7,2,6,6,0,1,0,3,0,493,67,288,0,0,0,0,0,0,6,1,1,0,0,0.292079207921,0.136801541426,0.0518324191112,0.496817820207,0.537666810159,0.166666666667,0.5,0.166666666667,0.03125,1.31727482312,-0.752475247525,0.0121703853955,0,0,,,0.25,0.0138888888889,-0.987271280827,,,,,,,0.416666666667,0.583333333333,0.166666666667
2026,003006,ALL,SEASON,Piper Bond,SSDM,12,95,3,2,0,7,20,6,8,7,1,3,1,6,0,493,67,288,0,0,0,0,0,0,8,4,5,0,0,0.292079207921,0.136801541426,0.0518324191112,0.496817820207,0.537666810159,0.5,0.75,0.625,0.0315789473684,1.92407981557,2.6818424617,0.0162271805274,0.0149253731343,0.125,1,1.72639691715,0,0.00694444444444,-0.993635640414,,,,,,,0.583333333333,1.66666666667,0.5
2026,003006,ARC,STINT,Piper Bond,SSDM,12,95,3,2,0,7,20,6,8,7,1,3,1,6,0,493,67,288,0,0,0,0,0,0,8,4,5,0,0,0.292079207921,0.136801541426,0.0518324191112,0.496817820207,0.537666810159,0.5,0.75,0.625,0.0315789473684,1.92407981557,2.6818424617,0.0162271805274,0.0149253731343,0.125,1,1.72639691715,0,0.00694444444444,-0.993635640414,,,,,,,0.583333333333,1.66666666667,0.5
2026,003007,ALL,SEASON,Cam Wyers,D,11,35,4,0,0,4,11,7,1,0,1,0,0,0,0,440,66,262,0,0,0,0,0,0,1,0,0,0,0,0.292079207921,0.136801541426,0.0518324191112,0.496817820207,0.537666810159,0,0,0,0.114285714286,-2.18586533111,-0.273603082852,0.00227272727273,0.0151515151515,1,0,-0.273603082852,,0,,,,,,,,0.363636363636,1,0.636363636364
2026,003007,ARC,STINT,Cam Wyers,D,11,35,4,0,0,4,11,7,1,0,1,0,0,0,0,440,66,262,0,0,0,0,0,0,1,0,0,0,0,0.292079207921,0.136801541426,0.0518324191112,0.496817820207,0.537666810159,0,0,0,0.114285714286,-2.18586533111,-0.273603082852,0.00227272727273,0.0151515151515,1,0,-0.273603082852,,0,,,,,,,,0.363636363636,1,0.636363636364
2026,003008,ALL,SEASON,Gavin Adler,D,11,42,2,0,0,10,8,0,1,0,1,0,0,0,0,454,62,280,0,0,0,0,0,0,1,0,0,0,0,0.292079207921,0.136801541426,0.0518324191112,0.496817820207,0.537666810159,0,0,0,0.047619047619,0.176961602671,-0.273603082852,0.00220264317181,0.0161290322581,1,0,-0.273603082852,,0,,,,,,,,0.909090909091,0.727272727273,0
2026,003008,WAT,STINT,Gavin Adler,D,11,42,2,0,0,10,8,0,1,0,1,0,0,0,0,454,62,280,0,0,0,0,0,0,1,0,0,0,0,0.292079207921,0.136801541426,0.0518324191112,0.496817820207,0.537666810159,0,0,0,0.047619047619,0.176961602671,-0.273603082852,0.00220264317181,0.0161290322581,1,0,-0.273603082852,,0,,,,,,,,0.909090909091,0.727272727273,0
2026,003009,ALL,SEASON,Brett Makar,D,12,157,12,0,0,24,52,0,8,1,7,0,2,4,0,474,77,326,0,0,0,0,0,0,8,2,4,0,0,0.292079207921,0.136801541426,0.0518324191112,0.496817820207,0.537666810159,0.25,0.5,0.5,0.0764331210191,-3.86231019954,1.79269921212,0.0168776371308,0.0909090909091,0.875,0.285714285714,2.08477842004,,0,,,,,,,,2,4.33333333333,0
2026,003009,ATL,STINT,Brett Makar,D,12,157,12,0,0,24,52,0,8,1,7,0,2,4,0,474,77,326,0,0,0,0,0,0,8,2,4,0,0,0.292079207921,0.136801541426,0.0518324191112,0.496817820207,0.537666810159,0.25,0.5,0.5,0.0764331210191,-3.86231019954,1.79269921212,0.0168776371308,0.0909090909091,0.875,0.285714285714,2.08477842004,,0,,,,,,,,2,4.33333333333,0
2026,003010,ALL,SEASON,Xander Dickson,A,12,251,12,0,0,1,23,3,65,64,1,20,0,47,2,474,77,326,0,0,0,0,0,0,65,20,20,0,0,0.292079207921,0.136801541426,0.0518324191112,0.496817820207,0.537666810159,0.307692307692,0.723076923077,0.307692307692,0.0478087649402,1.00993719692,1.03332761022,0.137130801688,0.012987012987,0.0153846153846,0,-0.273603082852,,0,,,,,,,,0.0833333333333,1.91666666667,0.25
2026,003010,ATL,STINT,Xander Dickson,A,12,251,12,0,0,1,23,3,65,64,1,20,0,47,2,474,77,326,0,0,0,0,0,0,65,20,20,0,0,0.292079207921,0.136801541426,0.0518324191112,0.496817820207,0.537666810159,0.307692307692,0.723076923077,0.307692307692,0.0478087649402,1.00993719692,1.03332761022,0.137130801688,0.012987012987,0.0153846153846,0,-0.273603082852,,0,,,,,,,,0.0833333333333,1.91666666667,0.25
2026,003013,ALL,SEASON,Matt Campbell,M,4,121,0,0,0,0,2,0,20,15,5,4,1,11,0,161,38,107,0,0,0,0,0,0,20,5,6,0,0,0.292079207921,0.136801541426,0.0518324191112,0.496817820207,0.537666810159,0.25,0.55,0.3,0,6.27172271246,0.25079646693,0.124223602484,0.131578947368,0.25,0.2,0.631984585742,,0,,,,,,,,0,0.5,0
2026,003013,CAN,STINT,Matt Campbell,M,4,121,0,0,0,0,2,0,20,15,5,4,1,11,0,161,38,107,0,0,0,0,0,0,20,5,6,0,0,0.292079207921,0.136801541426,0.0518324191112,0.496817820207,0.537666810159,0.25,0.55,0.3,0,6.27172271246,0.25079646693,0.124223602484,0.131578947368,0.25,0.2,0.631984585742,,0,,,,,,,,0,0.5,0
2026,003017,ALL,SEASON,Tye Kurtz,M,2,23,3,0,0,1,1,0,5,5,0,1,0,2,0,93,13,51,0,0,0,0,0,0,5,1,1,0,0,0.292079207921,0.136801541426,0.0518324191112,0.496817820207,0.537666810159,0.2,0.4,0.2,0.130434782609,-1.80785436044,-0.460396039604,0.0537634408602,0,0,,,,0,,,,,,,,0.5,0.5,0
2026,003017,CAN,STINT,Tye Kurtz,M,2,23,3,0,0,1,1,0,5,5,0,1,0,2,0,93,13,51,0,0,0,0,0,0,5,1,1,0,0,0.292079207921,0.136801541426,0.0518324191112,0.496817820207,0.537666810159,0.2,0.4,0.2,0.130434782609,-1.80785436044,-0.460396039604,0.0537634408602,0,0,,,,0,,,,,,,,0.5,0.5,0
2026,003018,ALL,SEASON,Nick Rowlett,FO,1,4,0,27,8,1,3,0,0,0,0,0,0,0,0,36,4,28,0,0,0,0,0,0,0,0,0,0,0,0.292079207921,0.136801541426,0.0518324191112,0.496817820207,0.537666810159,,,,0,0.207329676445,,0,0,,,,0.296296296296,0.964285714286,-5.41408114558,,,,,,,1,3,0
2026,003018,CHA,STINT,Nick Rowlett,FO,1,4,0,27,8,1,3,0,0,0,0,0,0,0,0,36,4,28,0,0,0,0,0,0,0,0,0,0,0,0.292079207921,0.136801541426,0.0518324191112,0.496817820207,0.537666810159,,,,0,0.207329676445,,0,0,,,,0.296296296296,0.964285714286,-5.41408114558,,,,,,,1,3,0
2026,003023,ALL,SEASON,Owen Grant,D,12,104,4,0,0,11,16,3,9,2,7,1,0,4,0,526,79,323,0,0,0,0,0,0,9,1,1,0,0,0.292079207921,0.136801541426,0.0518324191112,0.496817820207,0.537666810159,0.111111111111,0.444444444444,0.111111111111,0.0384615384615,1.39057158757,-1.4993799958,0.0171102661597,0.0886075949367,0.777777777778,0,-1.91522157996,,0,,,,,,,,0.916666666667,1.33333333333,0.25
2026,003023,CAN,STINT,Owen Grant,D,12,104,4,0,0,11,16,3,9,2,7,1,0,4,0,526,79,323,0,0,0,0,0,0,9,1,1,0,0,0.292079207921,0.136801541426,0.0518324191112,0.496817820207,0.537666810159,0.111111111111,0.444444444444,0.111111111111,0.0384615384615,1.39057158757,-1.4993799958,0.0171102661597,0.0886075949367,0.777777777778,0,-1.91522157996,,0,,,,,,,,0.916666666667,1.33333333333,0.25
2026,003024,ALL,SEASON,Brian Tevlin,SSDM,12,113,5,3,1,9,25,2,16,12,4,7,0,12,0,523,63,333,0,0,0,0,0,0,16,7,7,0,0,0.292079207921,0.136801541426,0.0518324191112,0.496817820207,0.537666810159,0.4375,0.75,0.4375,0.0442477876106,0.857063359568,2.40063717354,0.0305927342256,0.0634920634921,0.25,0,-1.09441233141,0.333333333333,0.00900900900901,-0.490453460621,,,,,,,0.75,2.08333333333,0.166666666667
2026,003024,RED,STINT,Brian Tevlin,SSDM,12,113,5,3,1,9,25,2,16,12,4,7,0,12,0,523,63,333,0,0,0,0,0,0,16,7,7,0,0,0.292079207921,0.136801541426,0.0518324191112,0.496817820207,0.537666810159,0.4375,0.75,0.4375,0.0442477876106,0.857063359568,2.40063717354,0.0305927342256,0.0634920634921,0.25,0,-1.09441233141,0.333333333333,0.00900900900901,-0.490453460621,,,,,,,0.75,2.08333333333,0.166666666667
2026,003027,ALL,SEASON,Thomas McConvey,M,4,86,1,0,0,2,1,0,12,12,0,3,0,7,0,175,30,102,0,0,0,0,0,0,12,3,3,0,0,0.292079207921,0.136801541426,0.0518324191112,0.496817820207,0.537666810159,0.25,0.583333333333,0.25,0.0116279069767,3.45758804356,-0.50495049505,0.0685714285714,0,0,,,,0,,,,,,,,0.5,0.25,0
2026,003027,WAT,STINT,Thomas McConvey,M,4,86,1,0,0,2,1,0,12,12,0,3,0,7,0,175,30,102,0,0,0,0,0,0,12,3,3,0,0,0.292079207921,0.136801541426,0.0518324191112,0.496817820207,0.537666810159,0.25,0.583333333333,0.25,0.0116279069767,3.45758804356,-0.50495049505,0.0685714285714,0,0,,,,0,,,,,,,,0.5,0.25,0
2026,003029,ALL,SEASON,Chris Fake,D,8,64,4,0,0,6,8,0,1,1,0,0,0,0,0,339,44,208,0,0,0,0,0,0,1,0,0,0,0,0.292079207921,0.136801541426,0.0518324191112,0.496817820207,0.537666810159,0,0,0,0.0625,-0.682725176882,-0.292079207921,0.00294985250737,0,0,,,,0,,,,,,,,0.75,1,0
2026,003029,RED,STINT,Chris Fake,D,8,64,4,0,0,6,8,0,1,1,0,0,0,0,0,339,44,208,0,0,0,0,0,0,1,0,0,0,0,0.292079207921,0.136801541426,0.0518324191112,0.496817820207,0.537666810159,0,0,0,0.0625,-0.682725176882,-0.292079207921,0.00294985250737,0,0,,,,0,,,,,,,,0.75,1,0
2026,003032,ALL,SEASON,Petey LaSalla,FO,10,62,11,239,117,2,59,0,9,9,0,6,0,7,0,420,30,266,0,0,0,0,0,0,9,6,6,0,0,0.292079207921,0.136801541426,0.0518324191112,0.496817820207,0.537666810159,0.666666666667,0.777777777778,0.666666666667,0.177419354839,-7.7863900151,3.37128712871,0.0214285714286,0,0,,,0.489539748954,0.898496240602,-1.73945902944,,,,,,,0.2,5.9,0
2026,003032,WHP,STINT,Petey LaSalla,FO,10,62,11,239,117,2,59,0,9,9,0,6,0,7,0,420,30,266,0,0,0,0,0,0,9,6,6,0,0,0.292079207921,0.136801541426,0.0518324191112,0.496817820207,0.537666810159,0.666666666667,0.777777777778,0.666666666667,0.177419354839,-7.7863900151,3.37128712871,0.0214285714286,0,0,,,0.489539748954,0.898496240602,-1.73945902944,,,,,,,0.2,5.9,0
2026,003039,ALL,SEASON,Chet Comizio,SSDM,1,7,0,1,0,0,0,1,0,0,0,0,0,0,0,38,8,29,0,0,0,0,0,0,0,0,0,0,0,0.292079207921,0.136801541426,0.0518324191112,0.496817820207,0.537666810159,,,,0,0.362826933779,,0,0,,,,0,0.0344827586207,-0.496817820207,,,,,,,0,0,1
2026,003039,ATL,STINT,Chet Comizio,SSDM,1,7,0,1,0,0,0,1,0,0,0,0,0,0,0,38,8,29,0,0,0,0,0,0,0,0,0,0,0,0.292079207921,0.136801541426,0.0518324191112,0.496817820207,0.537666810159,,,,0,0.362826933779,,0,0,,,,0,0.0344827586207,-0.496817820207,,,,,,,0,0,1
2026,003041,ALL,SEASON,Ethan Rall,LSM,12,62,4,0,0,12,43,1,5,1,4,1,0,4,0,526,79,323,0,0,0,0,0,0,5,1,1,0,0,0.292079207921,0.136801541426,0.0518324191112,0.496817820207,0.537666810159,0.2,0.8,0.2,0.0645161290323,-0.786390015105,-0.386491539327,0.00950570342205,0.0506329113924,0.8,0,-1.09441233141,,0,,,,,,,,1,3.58333333333,0.0833333333333
2026,003041,CAN,STINT,Ethan Rall,LSM,12,62,4,0,0,12,43,1,5,1,4,1,0,4,0,526,79,323,0,0,0,0,0,0,5,1,1,0,0,0.292079207921,0.136801541426,0.0518324191112,0.496817820207,0.537666810159,0.2,0.8,0.2,0.0645161290323,-0.786390015105,-0.386491539327,0.00950570342205,0.0506329113924,0.8,0,-1.09441233141,,0,,,,,,,,1,3.58333333333,0.0833333333333
2026,003044,ALL,SEASON,Tate Gallagher,,1,7,0,0,0,1,1,0,0,0,0,0,0,0,0,43,9,23,0,0,0,0,0,0,0,0,0,0,0,0.292079207921,0.136801541426,0.0518324191112,0.496817820207,0.537666810159,,,,0,0.362826933779,,0,0,,,,,0,,,,,,,,1,1,0
2026,003044,WAT,STINT,Tate Gallagher,,1,7,0,0,0,1,1,0,0,0,0,0,0,0,0,43,9,23,0,0,0,0,0,0,0,0,0,0,0,0.292079207921,0.136801541426,0.0518324191112,0.496817820207,0.537666810159,,,,0,0.362826933779,,0,0,,,,,0,,,,,,,,1,1,0
2026,003048,ALL,SEASON,TJ Malone,A,12,372,14,0,0,2,20,0,79,78,1,24,0,60,2,505,36,319,0,0,0,0,0,0,79,24,24,0,0,0.292079207921,0.136801541426,0.0518324191112,0.496817820207,0.537666810159,0.303797468354,0.759493670886,0.303797468354,0.0376344086022,5.28165990937,0.944218699327,0.156435643564,0.0277777777778,0.0126582278481,0,-0.273603082852,,0,,,,,,,,0.166666666667,1.66666666667,0
2026,003048,WHP,STINT,TJ Malone,A,12,372,14,0,0,2,20,0,79,78,1,24,0,60,2,505,36,319,0,0,0,0,0,0,79,24,24,0,0,0.292079207921,0.136801541426,0.0518324191112,0.496817820207,0.537666810159,0.303797468354,0.759493670886,0.303797468354,0.0376344086022,5.28165990937,0.944218699327,0.156435643564,0.0277777777778,0.0126582278481,0,-0.273603082852,,0,,,,,,,,0.166666666667,1.66666666667,0
2026,003059,ALL,SEASON,BJ Farrare,LSM,11,43,1,0,0,8,14,1,0,0,0,0,0,0,0,474,60,309,0,0,0,0,0,0,0,0,0,0,0,0.292079207921,0.136801541426,0.0518324191112,0.496817820207,0.537666810159,,,,0.0232558139535,1.22879402178,,0,0,,,,,0,,,,,,,,0.727272727273,1.27272727273,0.0909090909091
2026,003059,RED,STINT,BJ Farrare,LSM,11,43,1,0,0,8,14,1,0,0,0,0,0,0,0,474,60,309,0,0,0,0,0,0,0,0,0,0,0,0.292079207921,0.136801541426,0.0518324191112,0.496817820207,0.537666810159,,,,0.0232558139535,1.22879402178,,0,0,,,,,0,,,,,,,,0.727272727273,1.27272727273,0.0909090909091
2026,003075,ALL,SEASON,Brennan O'Neill,A,11,384,26,0,0,0,11,0,84,72,12,10,3,44,3,436,64,278,0,0,0,0,0,0,84,13,16,0,0,0.292079207921,0.136801541426,0.0518324191112,0.496817820207,0.537666810159,0.154761904762,0.52380952381,0.190476190476,0.0677083333333,-6.09635106129,-8.31293996452,0.192660550459,0.1875,0.142857142857,0.25,2.71676300578,,0,,,,,,,,0,1,0
2026,003075,OUT,STINT,Brennan O'Neill,A,11,384,26,0,0,0,11,0,84,72,12,10,3,44,3,436,64,278,0,0,0,0,0,0,84,13,16,0,0,0.292079207921,0.136801541426,0.0518324191112,0.496817820207,0.537666810159,0.154761904762,0.52380952381,0.190476190476,0.0677083333333,-6.09635106129,-8.31293996452,0.192660550459,0.1875,0.142857142857,0.25,2.71676300578,,0,,,,,,,,0,1,0
2026,003076,ALL,SEASON,Connor Shellenberger,A,10,310,15,0,0,1,13,0,32,31,1,9,0,25,3,385,59,267,0,0,0,0,0,0,32,9,9,0,0,0.292079207921,0.136801541426,0.0518324191112,0.496817820207,0.537666810159,0.28125,0.78125,0.28125,0.0483870967742,1.06804992448,-0.328058528396,0.0831168831169,0.0169491525424,0.03125,0,-0.273603082852,,0,,,,,,,,0.1,1.3,0
2026,003076,ATL,STINT,Connor Shellenberger,A,10,310,15,0,0,1,13,0,32,31,1,9,0,25,3,385,59,267,0,0,0,0,0,0,32,9,9,0,0,0.292079207921,0.136801541426,0.0518324191112,0.496817820207,0.537666810159,0.28125,0.78125,0.28125,0.0483870967742,1.06804992448,-0.328058528396,0.0831168831169,0.0169491525424,0.03125,0,-0.273603082852,,0,,,,,,,,0.1,1.3,0
2026,003077,ALL,SEASON,Ajax Zappitello,D,12,120,6,0,0,20,26,1,6,2,4,0,1,4,1,505,36,319,0,0,0,0,0,0,6,1,2,0,0,0.292079207921,0.136801541426,0.0518324191112,0.496817820207,0.537666810159,0.166666666667,0.666666666667,0.333333333333,0.05,0.219890293346,0.321429252752,0.0118811881188,0.111111111111,0.666666666667,0.25,0.905587668593,,0,,,,,,,,1.66666666667,2.16666666667,0.0833333333333
2026,003077,WHP,STINT,Ajax Zappitello,D,12,120,6,0,0,20,26,1,6,2,4,0,1,4,1,505,36,319,0,0,0,0,0,0,6,1,2,0,0,0.292079207921,0.136801541426,0.0518324191112,0.496817820207,0.537666810159,0.166666666667,0.666666666667,0.333333333333,0.05,0.219890293346,0.321429252752,0.0118811881188,0.111111111111,0.666666666667,0.25,0.905587668593,,0,,,,,,,,1.66666666667,2.16666666667,0.0833333333333
2026,003078,ALL,SEASON,Shane Knobloch,M,12,301,19,1,0,2,8,1,72,63,9,14,0,44,3,466,57,311,0,0,0,0,0,0,72,14,14,0,0,0.292079207921,0.136801541426,0.0518324191112,0.496817820207,0.537666810159,0.194444444444,0.611111111111,0.194444444444,0.063122923588,-3.39844184752,-6.86341784467,0.154506437768,0.157894736842,0.125,0,-2.46242774566,0,0.0032154340836,-0.496817820207,,,,,,,0.166666666667,0.666666666667,0.0833333333333
2026,003078,CHA,STINT,Shane Knobloch,M,12,301,19,1,0,2,8,1,72,63,9,14,0,44,3,466,57,311,0,0,0,0,0,0,72,14,14,0,0,0.292079207921,0.136801541426,0.0518324191112,0.496817820207,0.537666810159,0.194444444444,0.611111111111,0.194444444444,0.063122923588,-3.39844184752,-6.86341784467,0.154506437768,0.157894736842,0.125,0,-2.46242774566,0,0.0032154340836,-0.496817820207,,,,,,,0.166666666667,0.666666666667,0.0833333333333
2026,003079,ALL,SEASON,Liam Entenmann,G,12,203,5,0,0,0,20,0,1,0,1,0,0,0,0,474,77,326,118,21,153,8,15,30,1,0,0,139,300,0.292079207921,0.136801541426,0.0518324191112,0.496817820207,0.537666810159,0,0,0,0.0246305418719,5.52198107958,-0.273603082852,0.00210970464135,0.012987012987,1,0,-0.273603082852,,0,,0.463333333333,0.435424354244,0.724137931034,-22.3000430478,0.952380952381,0.0952380952381,0,1.66666666667,0
2026,003079,ATL,STINT,Liam Entenmann,G,12,203,5,0,0,0,20,0,1,0,1,0,0,0,0,474,77,326,118,21,153,8,15,30,1,0,0,139,300,0.292079207921,0.136801541426,0.0518324191112,0.496817820207,0.537666810159,0,0,0,0.0246305418719,5.52198107958,-0.273603082852,0.00210970464135,0.012987012987,1,0,-0.273603082852,,0,,0.463333333333,0.435424354244,0.724137931034,-22.3000430478,0.952380952381,0.0952380952381,0,1.66666666667,0
2026,003080,ALL,SEASON,Pat Kavanagh,A,6,237,9,0,0,1,8,1,34,29,5,11,1,24,0,215,36,153,0,0,0,0,0,0,34,12,13,0,0,0.292079207921,0.136801541426,0.0518324191112,0.496817820207,0.537666810159,0.352941176471,0.705882352941,0.382352941176,0.0379746835443,3.28428332936,3.16168755604,0.158139534884,0.138888888889,0.147058823529,0.2,0.631984585742,,0,,,,,,,,0.166666666667,1.33333333333,0.166666666667
2026,003080,OUT,STINT,Pat Kavanagh,A,6,237,9,0,0,1,8,1,34,29,5,11,1,24,0,215,36,153,0,0,0,0,0,0,34,12,13,0,0,0.292079207921,0.136801541426,0.0518324191112,0.496817820207,0.537666810159,0.352941176471,0.705882352941,0.382352941176,0.0379746835443,3.28428332936,3.16168755604,0.158139534884,0.138888888889,0.147058823529,0.2,0.631984585742,,0,,,,,,,,0.166666666667,1.33333333333,0.166666666667
2026,003081,ALL,SEASON,Matt Brandau,M,11,298,12,0,0,0,9,1,52,49,3,10,0,37,5,471,33,290,0,0,0,0,0,0,52,10,10,0,0,0.292079207921,0.136801541426,0.0518324191112,0.496817820207,0.537666810159,0.192307692308,0.711538461538,0.192307692308,0.0402684563758,3.44606089514,-5.13269043667,0.110403397028,0.0909090909091,0.0576923076923,0,-0.820809248555,,0,,,,,,,,0,0.818181818182,0.0909090909091
2026,003081,WHP,STINT,Matt Brandau,M,11,298,12,0,0,0,9,1,52,49,3,10,0,37,5,471,33,290,0,0,0,0,0,0,52,10,10,0,0,0.292079207921,0.136801541426,0.0518324191112,0.496817820207,0.537666810159,0.192307692308,0.711538461538,0.192307692308,0.0402684563758,3.44606089514,-5.13269043667,0.110403397028,0.0909090909091,0.0576923076923,0,-0.820809248555,,0,,,,,,,,0,0.818181818182,0.0909090909091
2026,003082,ALL,SEASON,Mason Woodward,D,12,129,4,0,0,10,26,1,15,1,14,0,0,6,2,493,67,288,0,0,0,0,0,0,15,0,0,0,0,0.292079207921,0.136801541426,0.0518324191112,0.496817820207,0.537666810159,0,0.4,0,0.031007751938,2.68638206535,-4.12252236784,0.0304259634888,0.208955223881,0.933333333333,0,-3.83044315992,,0,,,,,,,,0.833333333333,2.16666666667,0.0833333333333
2026,003082,ARC,STINT,Mason Woodward,D,12,129,4,0,0,10,26,1,15,1,14,0,0,6,2,493,67,288,0,0,0,0,0,0,15,0,0,0,0,0.292079207921,0.136801541426,0.0518324191112,0.496817820207,0.537666810159,0,0.4,0,0.031007751938,2.68638206535,-4.12252236784,0.0304259634888,0.208955223881,0.933333333333,0,-3.83044315992,,0,,,,,,,,0.833333333333,2.16666666667,0.0833333333333
2026,003083,ALL,SEASON,Jake Piseno,LSM,12,111,5,0,0,15,38,1,18,6,12,2,2,9,1,466,71,305,0,0,0,0,0,0,18,4,6,0,0,0.292079207921,0.136801541426,0.0518324191112,0.496817820207,0.537666810159,0.222222222222,0.5,0.333333333333,0.045045045045,0.753398521345,0.964287758256,0.0386266094421,0.169014084507,0.666666666667,0.166666666667,0.71676300578,,0,,,,,,,,1.25,3.16666666667,0.0833333333333
2026,003083,OUT,STINT,Jake Piseno,LSM,12,111,5,0,0,15,38,1,18,6,12,2,2,9,1,466,71,305,0,0,0,0,0,0,18,4,6,0,0,0.292079207921,0.136801541426,0.0518324191112,0.496817820207,0.537666810159,0.222222222222,0.5,0.333333333333,0.045045045045,0.753398521345,0.964287758256,0.0386266094421,0.169014084507,0.666666666667,0.166666666667,0.71676300578,,0,,,,,,,,1.25,3.16666666667,0.0833333333333
2026,003084,ALL,SEASON,Jake Stevens,M,7,77,3,0,0,1,6,1,15,14,1,1,0,9,0,293,51,198,0,0,0,0,0,0,15,1,1,0,0,0.292079207921,0.136801541426,0.0518324191112,0.496817820207,0.537666810159,0.0666666666667,0.6,0.0666666666667,0.038961038961,0.991096271564,-3.36271199374,0.0511945392491,0.0196078431373,0.0666666666667,0,-0.273603082852,,0,,,,,,,,0.142857142857,0.857142857143,0.142857142857
2026,003084,ATL,STINT,Jake Stevens,M,7,77,3,0,0,1,6,1,15,14,1,1,0,9,0,293,51,198,0,0,0,0,0,0,15,1,1,0,0,0.292079207921,0.136801541426,0.0518324191112,0.496817820207,0.537666810159,0.0666666666667,0.6,0.0666666666667,0.038961038961,0.991096271564,-3.36271199374,0.0511945392491,0.0196078431373,0.0666666666667,0,-0.273603082852,,0,,,,,,,,0.142857142857,0.857142857143,0.142857142857
2026,003085,ALL,SEASON,Graham Bundy,M,12,249,8,0,0,0,7,2,42,24,18,5,4,29,2,466,71,305,0,0,0,0,0,0,42,9,13,0,0,0.292079207921,0.136801541426,0.0518324191112,0.496817820207,0.537666810159,0.214285714286,0.690476190476,0.309523809524,0.0321285140562,4.90627235869,1.06524351857,0.0901287553648,0.253521126761,0.428571428571,0.222222222222,3.07514450867,,0,,,,,,,,0,0.583333333333,0.166666666667
2026,003085,OUT,STINT,Graham Bundy,M,12,249,8,0,0,0,7,2,42,24,18,5,4,29,2,466,71,305,0,0,0,0,0,0,42,9,13,0,0,0.292079207921,0.136801541426,0.0518324191112,0.496817820207,0.537666810159,0.214285714286,0.690476190476,0.309523809524,0.0321285140562,4.90627235869,1.06524351857,0.0901287553648,0.253521126761,0.428571428571,0.222222222222,3.07514450867,,0,,,,,,,,0,0.583333333333,0.166666666667
2026,003087,ALL,SEASON,Beau Pederson,SSDM,12,76,7,14,2,7,15,4,6,5,1,4,0,5,0,493,67,288,0,0,0,0,0,0,6,4,4,0,0,0.292079207921,0.136801541426,0.0518324191112,0.496817820207,0.537666810159,0.666666666667,0.833333333333,0.666666666667,0.0921052631579,-3.06073614755,2.26600087754,0.0121703853955,0.0149253731343,0.166666666667,0,-0.273603082852,0.142857142857,0.0486111111111,-4.9554494829,,,,,,,0.583333333333,1.25,0.333333333333
2026,003087,ARC,STINT,Beau Pederson,SSDM,12,76,7,14,2,7,15,4,6,5,1,4,0,5,0,493,67,288,0,0,0,0,0,0,6,4,4,0,0,0.292079207921,0.136801541426,0.0518324191112,0.496817820207,0.537666810159,0.666666666667,0.833333333333,0.666666666667,0.0921052631579,-3.06073614755,2.26600087754,0.0121703853955,0.0149253731343,0.166666666667,0,-0.273603082852,0.142857142857,0.0486111111111,-4.9554494829,,,,,,,0.583333333333,1.25,0.333333333333
2026,003089,ALL,SEASON,Kenny Brower,D,12,64,2,0,0,13,17,7,2,1,1,0,0,1,0,500,69,309,0,0,0,0,0,0,2,0,0,0,0,0.292079207921,0.136801541426,0.0518324191112,0.496817820207,0.537666810159,0,0.5,0,0.03125,1.31727482312,-0.565682290772,0.004,0.0144927536232,0.5,0,-0.273603082852,,0,,,,,,,,1.08333333333,1.41666666667,0.583333333333
2026,003089,WAT,STINT,Kenny Brower,D,12,64,2,0,0,13,17,7,2,1,1,0,0,1,0,500,69,309,0,0,0,0,0,0,2,0,0,0,0,0.292079207921,0.136801541426,0.0518324191112,0.496817820207,0.537666810159,0,0.5,0,0.03125,1.31727482312,-0.565682290772,0.004,0.0144927536232,0.5,0,-0.273603082852,,0,,,,,,,,1.08333333333,1.41666666667,0.583333333333
2026,003090,ALL,SEASON,Dyson Williams,M,1,9,0,0,0,0,1,0,4,4,0,0,0,3,0,33,6,18,0,0,0,0,0,0,4,0,0,0,0,0.292079207921,0.136801541426,0.0518324191112,0.496817820207,0.537666810159,0,0.75,0,0,0.466491772001,-1.16831683168,0.121212121212,0,0,,,,0,,,,,,,,0,1,0
2026,003090,ARC,STINT,Dyson Williams,M,1,9,0,0,0,0,1,0,4,4,0,0,0,3,0,33,6,18,0,0,0,0,0,0,4,0,0,0,0,0.292079207921,0.136801541426,0.0518324191112,0.496817820207,0.537666810159,0,0.75,0,0,0.466491772001,-1.16831683168,0.121212121212,0,0,,,,0,,,,,,,,0,1,0
2026,003091,ALL,SEASON,Garrett Degnon,M,1,17,1,0,0,0,1,0,4,2,2,0,0,2,0,42,4,29,0,0,0,0,0,0,4,0,0,0,0,0.292079207921,0.136801541426,0.0518324191112,0.496817820207,0.537666810159,0,0.5,0,0.0588235294118,-0.118848875109,-1.13136458154,0.0952380952381,0.5,0.5,0,-0.547206165703,,0,,,,,,,,0,1,0
2026,003091,WHP,STINT,Garrett Degnon,M,1,17,1,0,0,0,1,0,4,2,2,0,0,2,0,42,4,29,0,0,0,0,0,0,4,0,0,0,0,0.292079207921,0.136801541426,0.0518324191112,0.496817820207,0.537666810159,0,0.5,0,0.0588235294118,-0.118848875109,-1.13136458154,0.0952380952381,0.5,0.5,0,-0.547206165703,,0,,,,,,,,0,1,0
2026,003093,ALL,SEASON,Ross Scott,M,12,268,18,0,0,1,10,0,40,40,0,17,0,30,1,466,57,311,0,0,0,0,0,0,40,17,17,0,0,0.292079207921,0.136801541426,0.0518324191112,0.496817820207,0.537666810159,0.425,0.75,0.425,0.0671641791045,-4.10891167819,5.31683168317,0.0858369098712,0,0,,,,0,,,,,,,,0.0833333333333,0.833333333333,0
2026,003093,CHA,STINT,Ross Scott,M,12,268,18,0,0,1,10,0,40,40,0,17,0,30,1,466,57,311,0,0,0,0,0,0,40,17,17,0,0,0.292079207921,0.136801541426,0.0518324191112,0.496817820207,0.537666810159,0.425,0.75,0.425,0.0671641791045,-4.10891167819,5.31683168317,0.0858369098712,0,0,,,,0,,,,,,,,0.0833333333333,0.833333333333,0
2026,003094,ALL,SEASON,Levi Anderson,M,9,120,8,0,0,0,9,2,35,32,3,6,2,19,2,342,57,245,0,0,0,0,0,0,35,8,10,0,0,0.292079207921,0.136801541426,0.0518324191112,0.496817820207,0.537666810159,0.228571428571,0.542857142857,0.285714285714,0.0666666666667,-1.78010970665,-0.16734390202,0.102339181287,0.0526315789474,0.0857142857143,0.666666666667,3.17919075145,,0,,,,,,,,0,1,0.222222222222
2026,003094,ATL,STINT,Levi Anderson,M,9,120,8,0,0,0,9,2,35,32,3,6,2,19,2,342,57,245,0,0,0,0,0,0,35,8,10,0,0,0.292079207921,0.136801541426,0.0518324191112,0.496817820207,0.537666810159,0.228571428571,0.542857142857,0.285714285714,0.0666666666667,-1.78010970665,-0.16734390202,0.102339181287,0.0526315789474,0.0857142857143,0.666666666667,3.17919075145,,0,,,,,,,,0,1,0.222222222222
2026,003096,ALL,SEASON,Marcus Hudgins,D,12,49,4,0,0,11,20,1,1,1,0,0,0,1,0,500,69,309,0,0,0,0,0,0,1,0,0,0,0,0.292079207921,0.136801541426,0.0518324191112,0.496817820207,0.537666810159,0,1,0,0.0816326530612,-1.46021146355,-0.292079207921,0.002,0,0,,,,0,,,,,,,,0.916666666667,1.66666666667,0.0833333333333
2026,003096,WAT,STINT,Marcus Hudgins,D,12,49,4,0,0,11,20,1,1,1,0,0,0,1,0,500,69,309,0,0,0,0,0,0,1,0,0,0,0,0.292079207921,0.136801541426,0.0518324191112,0.496817820207,0.537666810159,0,1,0,0.0816326530612,-1.46021146355,-0.292079207921,0.002,0,0,,,,0,,,,,,,,0.916666666667,1.66666666667,0.0833333333333
2026,003098,ALL,SEASON,Luke Wierman,FO,12,94,9,287,148,2,74,1,14,12,2,2,0,7,0,466,71,305,0,0,0,0,0,0,14,2,2,0,0,0.292079207921,0.136801541426,0.0518324191112,0.496817820207,0.537666810159,0.142857142857,0.5,0.142857142857,0.0957446808511,-4.12775260355,-2.05215666075,0.0300429184549,0.0281690140845,0.142857142857,0,-0.547206165703,0.515679442509,0.940983606557,5.41328560064,,,,,,,0.166666666667,6.16666666667,0.0833333333333
2026,003098,OUT,STINT,Luke Wierman,FO,12,94,9,287,148,2,74,1,14,12,2,2,0,7,0,466,71,305,0,0,0,0,0,0,14,2,2,0,0,0.292079207921,0.136801541426,0.0518324191112,0.496817820207,0.537666810159,0.142857142857,0.5,0.142857142857,0.0957446808511,-4.12775260355,-2.05215666075,0.0300429184549,0.0281690140845,0.142857142857,0,-0.547206165703,0.515679442509,0.940983606557,5.41328560064,,,,,,,0.166666666667,6.16666666667,0.0833333333333
2026,003099,ALL,SEASON,Tyler Carpenter,LSM,12,63,3,0,0,7,26,1,4,2,2,1,0,3,0,474,77,326,0,0,0,0,0,0,4,1,1,0,0,0.292079207921,0.136801541426,0.0518324191112,0.496817820207,0.537666810159,0.25,0.75,0.25,0.047619047619,0.265442404007,-0.131364581545,0.0084388185654,0.025974025974,0.5,0,-0.547206165703,,0,,,,,,,,0.583333333333,2.16666666667,0.0833333333333
2026,003099,ATL,STINT,Tyler Carpenter,LSM,12,63,3,0,0,7,26,1,4,2,2,1,0,3,0,474,77,326,0,0,0,0,0,0,4,1,1,0,0,0.292079207921,0.136801541426,0.0518324191112,0.496817820207,0.537666810159,0.25,0.75,0.25,0.047619047619,0.265442404007,-0.131364581545,0.0084388185654,0.025974025974,0.5,0,-0.547206165703,,0,,,,,,,,0.583333333333,2.16666666667,0.0833333333333
2026,003100,ALL,SEASON,Adam Poitras,M,12,275,5,0,0,2,32,2,48,47,1,22,0,39,0,505,36,319,0,0,0,0,0,0,48,22,22,0,0,0.292079207921,0.136801541426,0.0518324191112,0.496817820207,0.537666810159,0.458333333333,0.8125,0.458333333333,0.0181818181818,9.25391525558,7.99867414487,0.0950495049505,0.0277777777778,0.0208333333333,0,-0.273603082852,,0,,,,,,,,0.166666666667,2.66666666667,0.166666666667
2026,003100,WHP,STINT,Adam Poitras,M,12,275,5,0,0,2,32,2,48,47,1,22,0,39,0,505,36,319,0,0,0,0,0,0,48,22,22,0,0,0.292079207921,0.136801541426,0.0518324191112,0.496817820207,0.537666810159,0.458333333333,0.8125,0.458333333333,0.0181818181818,9.25391525558,7.99867414487,0.0950495049505,0.0277777777778,0.0208333333333,0,-0.273603082852,,0,,,,,,,,0.166666666667,2.66666666667,0.166666666667
2026,003101,ALL,SEASON,Dylan Hess,SSDM,1,9,0,0,0,0,3,0,1,1,0,1,0,1,0,41,8,28,0,0,0,0,0,0,1,1,1,0,0,0.292079207921,0.136801541426,0.0518324191112,0.496817820207,0.537666810159,1,1,1,0,0.466491772001,0.707920792079,0.0243902439024,0,0,,,,0,,,,,,,,0,3,0
2026,003101,WAT,STINT,Dylan Hess,SSDM,1,9,0,0,0,0,3,0,1,1,0,1,0,1,0,41,8,28,0,0,0,0,0,0,1,1,1,0,0,0.292079207921,0.136801541426,0.0518324191112,0.496817820207,0.537666810159,1,1,1,0,0.466491772001,0.707920792079,0.0243902439024,0,0,,,,0,,,,,,,,0,3,0
2026,003103,ALL,SEASON,Scott Smith,D,12,66,5,0,0,11,27,5,6,3,3,1,0,3,0,466,57,311,0,0,0,0,0,0,6,1,1,0,0,0.292079207921,0.136801541426,0.0518324191112,0.496817820207,0.537666810159,0.166666666667,0.5,0.166666666667,0.0757575757576,-1.57906033866,-0.697046872317,0.0128755364807,0.0526315789474,0.5,0,-0.820809248555,,0,,,,,,,,0.916666666667,2.25,0.416666666667
2026,003103,CHA,STINT,Scott Smith,D,12,66,5,0,0,11,27,5,6,3,3,1,0,3,0,466,57,311,0,0,0,0,0,0,6,1,1,0,0,0.292079207921,0.136801541426,0.0518324191112,0.496817820207,0.537666810159,0.166666666667,0.5,0.166666666667,0.0757575757576,-1.57906033866,-0.697046872317,0.0128755364807,0.0526315789474,0.5,0,-0.820809248555,,0,,,,,,,,0.916666666667,2.25,0.416666666667
2026,003104,ALL,SEASON,Michael Boehm,A,6,205,10,0,0,0,9,0,25,23,2,5,0,14,0,267,31,154,0,0,0,0,0,0,25,5,5,0,0,0.292079207921,0.136801541426,0.0518324191112,0.496817820207,0.537666810159,0.2,0.56,0.2,0.0487804878049,0.6256459178,-2.26502794788,0.0936329588015,0.0645161290323,0.08,0,-0.547206165703,,0,,,,,,,,0,1.5,0
2026,003104,RED,STINT,Michael Boehm,A,5,179,10,0,0,0,7,0,22,20,2,5,0,12,0,216,28,130,0,0,0,0,0,0,22,5,5,0,0,0.292079207921,0.136801541426,0.0518324191112,0.496817820207,0.537666810159,0.227272727273,0.545454545455,0.227272727273,0.0558659217877,-0.721996979092,-1.38879032412,0.101851851852,0.0714285714286,0.0909090909091,0,-0.547206165703,,0,,,,,,,,0,1.4,0
2026,003104,WHP,STINT,Michael Boehm,A,1,26,0,0,0,0,2,0,3,3,0,0,0,2,0,51,3,24,0,0,0,0,0,0,3,0,0,0,0,0.292079207921,0.136801541426,0.0518324191112,0.496817820207,0.537666810159,0,0.666666666667,0,0,1.34764289689,-0.876237623762,0.0588235294118,0,0,,,,0,,,,,,,,0,2,0
2026,003105,ALL,SEASON,Cole Kastner,D,4,22,0,0,0,4,3,0,0,0,0,0,0,0,0,171,23,105,0,0,0,0,0,0,0,0,0,0,0,0.292079207921,0.136801541426,0.0518324191112,0.496817820207,0.537666810159,,,,0,1.14031322045,,0,0,,,,,0,,,,,,,,1,0.75,0
2026,003105,RED,STINT,Cole Kastner,D,4,22,0,0,0,4,3,0,0,0,0,0,0,0,0,171,23,105,0,0,0,0,0,0,0,0,0,0,0,0.292079207921,0.136801541426,0.0518324191112,0.496817820207,0.537666810159,,,,0,1.14031322045,,0,0,,,,,0,,,,,,,,1,0.75,0
2026,003106,ALL,SEASON,Dalton Young,M,12,280,25,0,0,0,10,0,43,43,0,15,0,32,3,466,71,305,0,0,0,0,0,0,43,15,15,0,0,0.292079207921,0.136801541426,0.0518324191112,0.496817820207,0.537666810159,0.348837209302,0.744186046512,0.348837209302,0.0892857142857,-10.4869226489,2.44059405941,0.0922746781116,0,0,,,,0,,,,,,,,0,0.833333333333,0
2026,003106,OUT,STINT,Dalton Young,M,12,280,25,0,0,0,10,0,43,43,0,15,0,32,3,466,71,305,0,0,0,0,0,0,43,15,15,0,0,0.292079207921,0.136801541426,0.0518324191112,0.496817820207,0.537666810159,0.348837209302,0.744186046512,0.348837209302,0.0892857142857,-10.4869226489,2.44059405941,0.0922746781116,0,0,,,,0,,,,,,,,0,0.833333333333,0
2026,003108,ALL,SEASON,Will Mark,G,2,5,0,0,0,1,3,0,0,0,0,0,0,0,0,89,18,59,7,0,3,0,1,0,0,0,0,7,10,0.292079207921,0.136801541426,0.0518324191112,0.496817820207,0.537666810159,,,,0,0.259162095556,,0,0,,,,,0,,0.7,0.7,,1.62333189841,0.909090909091,0,0.5,1.5,0
2026,003108,ATL,STINT,Will Mark,G,2,5,0,0,0,1,3,0,0,0,0,0,0,0,0,89,18,59,7,0,3,0,1,0,0,0,0,7,10,0.292079207921,0.136801541426,0.0518324191112,0.496817820207,0.537666810159,,,,0,0.259162095556,,0,0,,,,,0,,0.7,0.7,,1.62333189841,0.909090909091,0,0.5,1.5,0
2026,003109,ALL,SEASON,Chris Conlin,D,12,89,5,0,0,10,24,0,0,0,0,0,0,0,0,523,63,333,0,0,0,0,0,0,0,0,0,0,0,0.292079207921,0.136801541426,0.0518324191112,0.496817820207,0.537666810159,,,,0.0561797752809,-0.386914699102,,0,0,,,,,0,,,,,,,,0.833333333333,2,0
2026,003109,RED,STINT,Chris Conlin,D,12,89,5,0,0,10,24,0,0,0,0,0,0,0,0,523,63,333,0,0,0,0,0,0,0,0,0,0,0,0.292079207921,0.136801541426,0.0518324191112,0.496817820207,0.537666810159,,,,0.0561797752809,-0.386914699102,,0,0,,,,,0,,,,,,,,0.833333333333,2,0
2026,003111,ALL,SEASON,AJ Mercurio,D,1,4,1,0,0,1,0,0,0,0,0,0,0,0,0,43,5,28,0,0,0,0,0,0,0,0,0,0,0,0.292079207921,0.136801541426,0.0518324191112,0.496817820207,0.537666810159,,,,0.25,-0.792670323555,,0,0,,,,,0,,,,,,,,1,0,0
2026,003111,WHP,STINT,AJ Mercurio,D,1,4,1,0,0,1,0,0,0,0,0,0,0,0,0,43,5,28,0,0,0,0,0,0,0,0,0,0,0,0.292079207921,0.136801541426,0.0518324191112,0.496817820207,0.537666810159,,,,0.25,-0.792670323555,,0,0,,,,,0,,,,,,,,1,0,0
2026,003119,ALL,SEASON,Alec Stathakis,FO,7,57,5,176,101,0,47,0,9,6,3,1,0,3,0,283,35,183,0,0,0,0,0,0,9,1,1,0,0,0.292079207921,0.136801541426,0.0518324191112,0.496817820207,0.537666810159,0.111111111111,0.333333333333,0.111111111111,0.0877192982456,-2.04555211066,-1.57328449608,0.0318021201413,0.0857142857143,0.333333333333,0,-0.820809248555,0.573863636364,0.96174863388,13.5600636436,,,,,,,0,6.71428571429,0
2026,003119,WAT,STINT,Alec Stathakis,FO,7,57,5,176,101,0,47,0,9,6,3,1,0,3,0,283,35,183,0,0,0,0,0,0,9,1,1,0,0,0.292079207921,0.136801541426,0.0518324191112,0.496817820207,0.537666810159,0.111111111111,0.333333333333,0.111111111111,0.0877192982456,-2.04555211066,-1.57328449608,0.0318021201413,0.0857142857143,0.333333333333,0,-0.820809248555,0.573863636364,0.96174863388,13.5600636436,,,,,,,0,6.71428571429,0
2026,003121,ALL,SEASON,Brayden Mayea,A,3,59,1,0,0,1,8,2,10,10,0,5,0,7,0,129,23,73,0,0,0,0,0,0,10,5,5,0,0,0.292079207921,0.136801541426,0.0518324191112,0.496817820207,0.537666810159,0.5,0.7,0.5,0.0169491525424,2.05811272756,2.07920792079,0.077519379845,0,0,,,,0,,,,,,,,0.333333333333,2.66666666667,0.666666666667
2026,003121,RED,STINT,Brayden Mayea,A,3,59,1,0,0,1,8,2,10,10,0,5,0,7,0,129,23,73,0,0,0,0,0,0,10,5,5,0,0,0.292079207921,0.136801541426,0.0518324191112,0.496817820207,0.537666810159,0.5,0.7,0.5,0.0169491525424,2.05811272756,2.07920792079,0.077519379845,0,0,,,,0,,,,,,,,0.333333333333,2.66666666667,0.666666666667
2026,003125,ALL,SEASON,Matt Knote,G,1,1,0,0,0,0,0,0,0,0,0,0,0,0,0,41,5,23,0,0,0,0,0,0,0,0,0,0,0,0.292079207921,0.136801541426,0.0518324191112,0.496817820207,0.537666810159,,,,0,0.0518324191112,,0,0,,,,,0,,,,,,,,0,0,0
2026,003125,WHP,STINT,Matt Knote,G,1,1,0,0,0,0,0,0,0,0,0,0,0,0,0,41,5,23,0,0,0,0,0,0,0,0,0,0,0,0.292079207921,0.136801541426,0.0518324191112,0.496817820207,0.537666810159,,,,0,0.0518324191112,,0,0,,,,,0,,,,,,,,0,0,0
2026,003128,ALL,SEASON,Jack Posey,D,7,19,3,0,0,6,10,3,2,0,2,0,0,2,0,307,22,182,0,0,0,0,0,0,2,0,0,0,0,0.292079207921,0.136801541426,0.0518324191112,0.496817820207,0.537666810159,0,1,0,0.157894736842,-2.01518403689,-0.547206165703,0.00651465798046,0.0909090909091,1,0,-0.547206165703,,0,,,,,,,,0.857142857143,1.42857142857,0.428571428571
2026,003128,WHP,STINT,Jack Posey,D,7,19,3,0,0,6,10,3,2,0,2,0,0,2,0,307,22,182,0,0,0,0,0,0,2,0,0,0,0,0.292079207921,0.136801541426,0.0518324191112,0.496817820207,0.537666810159,0,1,0,0.157894736842,-2.01518403689,-0.547206165703,0.00651465798046,0.0909090909091,1,0,-0.547206165703,,0,,,,,,,,0.857142857143,1.42857142857,0.428571428571
2026,003145,ALL,SEASON,JC Higginbotham,G,6,39,2,0,0,0,7,0,1,0,1,0,0,0,0,271,39,161,31,11,31,0,8,12,1,0,0,42,73,0.292079207921,0.136801541426,0.0518324191112,0.496817820207,0.537666810159,0,0,0,0.0512820512821,0.0214643453375,-0.273603082852,0.00369003690037,0.025641025641,1,0,-0.273603082852,,0,,0.575342465753,0.5,1,2.75032285837,0.901234567901,0.148148148148,0,1.16666666667,0
2026,003145,CAN,STINT,JC Higginbotham,G,6,39,2,0,0,0,7,0,1,0,1,0,0,0,0,271,39,161,31,11,31,0,8,12,1,0,0,42,73,0.292079207921,0.136801541426,0.0518324191112,0.496817820207,0.537666810159,0,0,0,0.0512820512821,0.0214643453375,-0.273603082852,0.00369003690037,0.025641025641,1,0,-0.273603082852,,0,,0.575342465753,0.5,1,2.75032285837,0.901234567901,0.148148148148,0,1.16666666667,0
2026,003151,ALL,SEASON,Nathan Laliberte,FO,4,21,5,105,48,2,21,2,7,5,2,1,0,2,0,155,25,109,0,0,0,0,0,0,7,1,1,0,0,0.292079207921,0.136801541426,0.0518324191112,0.496817820207,0.537666810159,0.142857142857,0.285714285714,0.142857142857,0.238095238095,-3.91151919866,-1.00760220531,0.0451612903226,0.08,0.285714285714,0,-0.547206165703,0.457142857143,0.963302752294,-4.16587112172,,,,,,,0.5,5.25,0.5
2026,003151,ATL,STINT,Nathan Laliberte,FO,4,21,5,105,48,2,21,2,7,5,2,1,0,2,0,155,25,109,0,0,0,0,0,0,7,1,1,0,0,0.292079207921,0.136801541426,0.0518324191112,0.496817820207,0.537666810159,0.142857142857,0.285714285714,0.142857142857,0.238095238095,-3.91151919866,-1.00760220531,0.0451612903226,0.08,0.285714285714,0,-0.547206165703,0.457142857143,0.963302752294,-4.16587112172,,,,,,,0.5,5.25,0.5
2026,003152,ALL,SEASON,James Shipley,SSDM,2,21,2,2,0,1,3,0,0,0,0,0,0,0,0,89,7,59,0,0,0,0,0,0,0,0,0,0,0,0.292079207921,0.136801541426,0.0518324191112,0.496817820207,0.537666810159,,,,0.0952380952381,-0.911519198664,,0,0,,,,0,0.0338983050847,-0.993635640414,,,,,,,0.5,1.5,0
2026,003152,WHP,STINT,James Shipley,SSDM,2,21,2,2,0,1,3,0,0,0,0,0,0,0,0,89,7,59,0,0,0,0,0,0,0,0,0,0,0,0.292079207921,0.136801541426,0.0518324191112,0.496817820207,0.537666810159,,,,0.0952380952381,-0.911519198664,,0,0,,,,0,0.0338983050847,-0.993635640414,,,,,,,0.5,1.5,0
2026,003153,ALL,SEASON,Richie Connell,A,5,84,6,0,0,0,2,0,19,19,0,5,0,8,1,211,15,143,0,0,0,0,0,0,19,5,5,0,0,0.292079207921,0.136801541426,0.0518324191112,0.496817820207,0.537666810159,0.263157894737,0.421052631579,0.263157894737,0.0714285714286,-1.64607679466,-0.549504950495,0.0900473933649,0,0,,,,0,,,,,,,,0,0.4,0
2026,003153,WHP,STINT,Richie Connell,A,5,84,6,0,0,0,2,0,19,19,0,5,0,8,1,211,15,143,0,0,0,0,0,0,19,5,5,0,0,0.292079207921,0.136801541426,0.0518324191112,0.496817820207,0.537666810159,0.263157894737,0.421052631579,0.263157894737,0.0714285714286,-1.64607679466,-0.549504950495,0.0900473933649,0,0,,,,0,,,,,,,,0,0.4,0
2026,003156,ALL,SEASON,Aidan Danenza,M,12,295,11,0,0,5,11,1,55,47,8,8,0,36,1,523,63,333,0,0,0,0,0,0,55,8,8,0,0,0.292079207921,0.136801541426,0.0518324191112,0.496817820207,0.537666810159,0.145454545455,0.654545454545,0.145454545455,0.0372881355932,4.29056363781,-7.91654743509,0.105162523901,0.126984126984,0.145454545455,0,-2.18882466281,,0,,,,,,,,0.416666666667,0.916666666667,0.0833333333333
2026,003156,RED,STINT,Aidan Danenza,M,12,295,11,0,0,5,11,1,55,47,8,8,0,36,1,523,63,333,0,0,0,0,0,0,55,8,8,0,0,0.292079207921,0.136801541426,0.0518324191112,0.496817820207,0.537666810159,0.145454545455,0.654545454545,0.145454545455,0.0372881355932,4.29056363781,-7.91654743509,0.105162523901,0.126984126984,0.145454545455,0,-2.18882466281,,0,,,,,,,,0.416666666667,0.916666666667,0.0833333333333
2026,003157,ALL,SEASON,Graydon Hogg,M,11,216,5,0,0,0,10,1,42,42,0,11,0,28,3,482,68,294,0,0,0,0,0,0,42,11,11,0,0,0.292079207921,0.136801541426,0.0518324191112,0.496817820207,0.537666810159,0.261904761905,0.666666666667,0.261904761905,0.0231481481481,6.19580252802,-1.26732673267,0.0871369294606,0,0,,,,0,,,,,,,,0,0.909090909091,0.0909090909091
2026,003157,CAN,STINT,Graydon Hogg,M,11,216,5,0,0,0,10,1,42,42,0,11,0,28,3,482,68,294,0,0,0,0,0,0,42,11,11,0,0,0.292079207921,0.136801541426,0.0518324191112,0.496817820207,0.537666810159,0.261904761905,0.666666666667,0.261904761905,0.0231481481481,6.19580252802,-1.26732673267,0.0871369294606,0,0,,,,0,,,,,,,,0,0.909090909091,0.0909090909091
2026,003159,ALL,SEASON,CJ Kirst,A,10,351,14,0,0,4,16,1,84,83,1,34,0,60,5,416,52,258,0,0,0,0,0,0,84,34,34,0,0,0.292079207921,0.136801541426,0.0518324191112,0.496817820207,0.537666810159,0.404761904762,0.714285714286,0.404761904762,0.039886039886,4.19317910804,9.48382265972,0.201923076923,0.0192307692308,0.0119047619048,0,-0.273603082852,,0,,,,,,,,0.4,1.6,0.1
2026,003159,WAT,STINT,CJ Kirst,A,10,351,14,0,0,4,16,1,84,83,1,34,0,60,5,416,52,258,0,0,0,0,0,0,84,34,34,0,0,0.292079207921,0.136801541426,0.0518324191112,0.496817820207,0.537666810159,0.404761904762,0.714285714286,0.404761904762,0.039886039886,4.19317910804,9.48382265972,0.201923076923,0.0192307692308,0.0119047619048,0,-0.273603082852,,0,,,,,,,,0.4,1.6,0.1
2026,003160,ALL,SEASON,Andrew McAdorey,M,12,346,14,6,1,0,16,1,60,54,6,16,1,30,0,523,63,333,0,0,0,0,0,0,60,17,18,0,0,0.292079207921,0.136801541426,0.0518324191112,0.496817820207,0.537666810159,0.283333333333,0.5,0.3,0.0404624277457,3.93401701248,0.586104275167,0.114722753346,0.0952380952381,0.1,0.166666666667,0.35838150289,0.166666666667,0.018018018018,-1.98090692124,,,,,,,0,1.33333333333,0.0833333333333
2026,003160,RED,STINT,Andrew McAdorey,M,12,346,14,6,1,0,16,1,60,54,6,16,1,30,0,523,63,333,0,0,0,0,0,0,60,17,18,0,0,0.292079207921,0.136801541426,0.0518324191112,0.496817820207,0.537666810159,0.283333333333,0.5,0.3,0.0404624277457,3.93401701248,0.586104275167,0.114722753346,0.0952380952381,0.1,0.166666666667,0.35838150289,0.166666666667,0.018018018018,-1.98090692124,,,,,,,0,1.33333333333,0.0833333333333
2026,003161,ALL,SEASON,Sam English,M,10,183,14,2,0,2,27,0,43,41,2,11,0,27,0,436,47,292,0,0,0,0,0,0,43,11,11,0,0,0.292079207921,0.136801541426,0.0518324191112,0.496817820207,0.537666810159,0.255813953488,0.627906976744,0.255813953488,0.0765027322404,-4.51466730265,-1.52245369046,0.098623853211,0.0425531914894,0.046511627907,0,-0.547206165703,0,0.00684931506849,-0.993635640414,,,,,,,0.2,2.7,0
2026,003161,RED,STINT,Sam English,M,10,183,14,2,0,2,27,0,43,41,2,11,0,27,0,436,47,292,0,0,0,0,0,0,43,11,11,0,0,0.292079207921,0.136801541426,0.0518324191112,0.496817820207,0.537666810159,0.255813953488,0.627906976744,0.255813953488,0.0765027322404,-4.51466730265,-1.52245369046,0.098623853211,0.0425531914894,0.046511627907,0,-0.547206165703,0,0.00684931506849,-0.993635640414,,,,,,,0.2,2.7,0
2026,003162,ALL,SEASON,Coulter Mackesy,A,12,478,15,0,0,3,25,4,85,73,12,16,3,54,2,526,79,323,0,0,0,0,0,0,85,19,22,0,0,0.292079207921,0.136801541426,0.0518324191112,0.496817820207,0.537666810159,0.223529411765,0.635294117647,0.258823529412,0.0313807531381,9.77589633516,-2.60501917244,0.161596958175,0.151898734177,0.141176470588,0.25,2.71676300578,,0,,,,,,,,0.25,2.08333333333,0.333333333333
2026,003162,CAN,STINT,Coulter Mackesy,A,12,478,15,0,0,3,25,4,85,73,12,16,3,54,2,526,79,323,0,0,0,0,0,0,85,19,22,0,0,0.292079207921,0.136801541426,0.0518324191112,0.496817820207,0.537666810159,0.223529411765,0.635294117647,0.258823529412,0.0313807531381,9.77589633516,-2.60501917244,0.161596958175,0.151898734177,0.141176470588,0.25,2.71676300578,,0,,,,,,,,0.25,2.08333333333,0.333333333333
2026,003163,ALL,SEASON,Brendan Lavelle,D,12,73,4,0,0,15,33,3,2,0,2,0,0,1,0,493,67,288,0,0,0,0,0,0,2,0,0,0,0,0.292079207921,0.136801541426,0.0518324191112,0.496817820207,0.537666810159,0,0.5,0,0.0547945205479,-0.216233404881,-0.547206165703,0.00405679513185,0.0298507462687,1,0,-0.547206165703,,0,,,,,,,,1.25,2.75,0.25
2026,003163,ARC,STINT,Brendan Lavelle,D,12,73,4,0,0,15,33,3,2,0,2,0,0,1,0,493,67,288,0,0,0,0,0,0,2,0,0,0,0,0.292079207921,0.136801541426,0.0518324191112,0.496817820207,0.537666810159,0,0.5,0,0.0547945205479,-0.216233404881,-0.547206165703,0.00405679513185,0.0298507462687,1,0,-0.547206165703,,0,,,,,,,,1.25,2.75,0.25
2026,003164,ALL,SEASON,Matt Traynor,M,11,262,24,0,0,1,11,1,70,67,3,20,0,50,4,424,72,300,0,0,0,0,0,0,70,20,20,0,0,0.292079207921,0.136801541426,0.0518324191112,0.496817820207,0.537666810159,0.285714285714,0.714285714286,0.285714285714,0.0916030534351,-10.4199061929,-0.390116179248,0.165094339623,0.0416666666667,0.0428571428571,0,-0.820809248555,,0,,,,,,,,0.0909090909091,1,0.0909090909091
2026,003164,ATL,STINT,Matt Traynor,M,11,262,24,0,0,1,11,1,70,67,3,20,0,50,4,424,72,300,0,0,0,0,0,0,70,20,20,0,0,0.292079207921,0.136801541426,0.0518324191112,0.496817820207,0.537666810159,0.285714285714,0.714285714286,0.285714285714,0.0916030534351,-10.4199061929,-0.390116179248,0.165094339623,0.0416666666667,0.0428571428571,0,-0.820809248555,,0,,,,,,,,0.0909090909091,1,0.0909090909091
2026,003165,ALL,SEASON,Aidan Carroll,M,12,390,12,0,0,1,11,0,77,71,6,28,0,48,3,505,36,319,0,0,0,0,0,0,77,28,28,0,0,0.292079207921,0.136801541426,0.0518324191112,0.496817820207,0.537666810159,0.363636363636,0.623376623377,0.363636363636,0.0307692307692,8.21464345337,5.62075774051,0.152475247525,0.166666666667,0.0779220779221,0,-1.64161849711,,0,,,,,,,,0.0833333333333,0.916666666667,0
2026,003165,WHP,STINT,Aidan Carroll,M,12,390,12,0,0,1,11,0,77,71,6,28,0,48,3,505,36,319,0,0,0,0,0,0,77,28,28,0,0,0.292079207921,0.136801541426,0.0518324191112,0.496817820207,0.537666810159,0.363636363636,0.623376623377,0.363636363636,0.0307692307692,8.21464345337,5.62075774051,0.152475247525,0.166666666667,0.0779220779221,0,-1.64161849711,,0,,,,,,,,0.0833333333333,0.916666666667,0
2026,003166,ALL,SEASON,Owen Hiltz,A,10,251,13,0,0,2,11,1,49,48,1,12,0,25,0,386,46,257,0,0,0,0,0,0,49,12,12,0,0,0.292079207921,0.136801541426,0.0518324191112,0.496817820207,0.537666810159,0.244897959184,0.510204081633,0.244897959184,0.0517928286853,0.00993719691549,-2.29340506305,0.126943005181,0.0217391304348,0.0204081632653,0,-0.273603082852,,0,,,,,,,,0.2,1.1,0.1
2026,003166,CHA,STINT,Owen Hiltz,A,10,251,13,0,0,2,11,1,49,48,1,12,0,25,0,386,46,257,0,0,0,0,0,0,49,12,12,0,0,0.292079207921,0.136801541426,0.0518324191112,0.496817820207,0.537666810159,0.244897959184,0.510204081633,0.244897959184,0.0517928286853,0.00993719691549,-2.29340506305,0.126943005181,0.0217391304348,0.0204081632653,0,-0.273603082852,,0,,,,,,,,0.2,1.1,0.1
2026,003167,ALL,SEASON,Jake Taylor,A,4,56,3,0,0,1,7,0,16,16,0,5,0,9,1,154,30,104,0,0,0,0,0,0,16,5,5,0,0,0.292079207921,0.136801541426,0.0518324191112,0.496817820207,0.537666810159,0.3125,0.5625,0.3125,0.0535714285714,-0.0973845297718,0.326732673267,0.103896103896,0,0,,,,0,,,,,,,,0.25,1.75,0
2026,003167,OUT,STINT,Jake Taylor,A,2,30,3,0,0,0,2,0,8,8,0,3,0,4,1,70,13,53,0,0,0,0,0,0,8,3,3,0,0,0.292079207921,0.136801541426,0.0518324191112,0.496817820207,0.537666810159,0.375,0.5,0.375,0.1,-1.44502742666,0.663366336634,0.114285714286,0,0,,,,0,,,,,,,,0,1,0
2026,003167,WAT,STINT,Jake Taylor,A,2,26,0,0,0,1,5,0,8,8,0,2,0,5,0,84,17,51,0,0,0,0,0,0,8,2,2,0,0,0.292079207921,0.136801541426,0.0518324191112,0.496817820207,0.537666810159,0.25,0.625,0.25,0,1.34764289689,-0.336633663366,0.0952380952381,0,0,,,,0,,,,,,,,0.5,2.5,0
2026,003168,ALL,SEASON,Chris Kavanagh,A,10,341,14,0,0,2,11,2,68,58,10,22,1,49,3,436,47,292,0,0,0,0,0,0,68,23,24,0,0,0.292079207921,0.136801541426,0.0518324191112,0.496817820207,0.537666810159,0.338235294118,0.720588235294,0.352941176471,0.0410557184751,3.67485491693,4.32337511208,0.155963302752,0.212765957447,0.147058823529,0.1,-0.736030828516,,0,,,,,,,,0.2,1.1,0.2
2026,003168,RED,STINT,Chris Kavanagh,A,10,341,14,0,0,2,11,2,68,58,10,22,1,49,3,436,47,292,0,0,0,0,0,0,68,23,24,0,0,0.292079207921,0.136801541426,0.0518324191112,0.496817820207,0.537666810159,0.338235294118,0.720588235294,0.352941176471,0.0410557184751,3.67485491693,4.32337511208,0.155963302752,0.212765957447,0.147058823529,0.1,-0.736030828516,,0,,,,,,,,0.2,1.1,0.2
2026,003169,ALL,SEASON,Logan McNaney,G,11,178,4,0,0,6,21,0,2,0,2,0,0,2,0,430,66,281,89,18,102,8,15,27,2,0,0,107,217,0.292079207921,0.136801541426,0.0518324191112,0.496817820207,0.537666810159,0,1,0,0.0224719101124,5.2261706018,-0.547206165703,0.0046511627907,0.030303030303,1,0,-0.547206165703,,0,,0.493087557604,0.465968586387,0.692307692308,-9.67369780456,0.935344827586,0.116379310345,0.545454545455,1.90909090909,0
2026,003169,OUT,STINT,Logan McNaney,G,11,178,4,0,0,6,21,0,2,0,2,0,0,2,0,430,66,281,89,18,102,8,15,27,2,0,0,107,217,0.292079207921,0.136801541426,0.0518324191112,0.496817820207,0.537666810159,0,1,0,0.0224719101124,5.2261706018,-0.547206165703,0.0046511627907,0.030303030303,1,0,-0.547206165703,,0,,0.493087557604,0.465968586387,0.692307692308,-9.67369780456,0.935344827586,0.116379310345,0.545454545455,1.90909090909,0
2026,003170,ALL,SEASON,Mic Kelly,M,11,306,9,0,0,3,7,3,59,52,7,10,1,40,3,471,74,295,0,0,0,0,0,0,59,11,12,0,0,0.292079207921,0.136801541426,0.0518324191112,0.496817820207,0.537666810159,0.186440677966,0.677966101695,0.203389830508,0.0294117647059,6.86072024803,-5.10334039184,0.125265392781,0.0945945945946,0.118644067797,0.142857142857,0.0847784200385,,0,,,,,,,,0.272727272727,0.636363636364,0.272727272727
2026,003170,CAN,STINT,Mic Kelly,M,11,306,9,0,0,3,7,3,59,52,7,10,1,40,3,471,74,295,0,0,0,0,0,0,59,11,12,0,0,0.292079207921,0.136801541426,0.0518324191112,0.496817820207,0.537666810159,0.186440677966,0.677966101695,0.203389830508,0.0294117647059,6.86072024803,-5.10334039184,0.125265392781,0.0945945945946,0.118644067797,0.142857142857,0.0847784200385,,0,,,,,,,,0.272727272727,0.636363636364,0.272727272727
2026,003172,ALL,SEASON,Max Krevsky,SSDM,9,73,4,9,0,8,13,3,14,12,2,1,0,5,1,366,60,241,0,0,0,0,0,0,14,1,1,0,0,0.292079207921,0.136801541426,0.0518324191112,0.496817820207,0.537666810159,0.0714285714286,0.357142857143,0.0714285714286,0.0547945205479,-0.216233404881,-3.05215666075,0.0382513661202,0.0333333333333,0.142857142857,0,-0.547206165703,0,0.0373443983402,-4.47136038186,,,,,,,0.888888888889,1.44444444444,0.333333333333
2026,003172,ATL,STINT,Max Krevsky,SSDM,9,73,4,9,0,8,13,3,14,12,2,1,0,5,1,366,60,241,0,0,0,0,0,0,14,1,1,0,0,0.292079207921,0.136801541426,0.0518324191112,0.496817820207,0.537666810159,0.0714285714286,0.357142857143,0.0714285714286,0.0547945205479,-0.216233404881,-3.05215666075,0.0382513661202,0.0333333333333,0.142857142857,0,-0.547206165703,0,0.0373443983402,-4.47136038186,,,,,,,0.888888888889,1.44444444444,0.333333333333
2026,003173,ALL,SEASON,Jack McDonald,LSM,9,30,1,0,0,5,9,2,2,2,0,0,0,2,0,367,26,241,0,0,0,0,0,0,2,0,0,0,0,0.292079207921,0.136801541426,0.0518324191112,0.496817820207,0.537666810159,0,1,0,0.0333333333333,0.554972573337,-0.584158415842,0.00544959128065,0,0,,,,0,,,,,,,,0.555555555556,1,0.222222222222
2026,003173,WHP,STINT,Jack McDonald,LSM,9,30,1,0,0,5,9,2,2,2,0,0,0,2,0,367,26,241,0,0,0,0,0,0,2,0,0,0,0,0.292079207921,0.136801541426,0.0518324191112,0.496817820207,0.537666810159,0,1,0,0.0333333333333,0.554972573337,-0.584158415842,0.00544959128065,0,0,,,,0,,,,,,,,0.555555555556,1,0.222222222222
2026,003174,ALL,SEASON,Sam King,M,12,399,24,0,0,1,22,2,78,77,1,23,0,44,2,493,67,288,0,0,0,0,0,0,78,23,23,0,0,0.292079207921,0.136801541426,0.0518324191112,0.496817820207,0.537666810159,0.294871794872,0.564102564103,0.294871794872,0.0601503759398,-3.31886477462,0.236297907247,0.158215010142,0.0149253731343,0.0128205128205,0,-0.273603082852,,0,,,,,,,,0.0833333333333,1.83333333333,0.166666666667
2026,003174,ARC,STINT,Sam King,M,12,399,24,0,0,1,22,2,78,77,1,23,0,44,2,493,67,288,0,0,0,0,0,0,78,23,23,0,0,0.292079207921,0.136801541426,0.0518324191112,0.496817820207,0.537666810159,0.294871794872,0.564102564103,0.294871794872,0.0601503759398,-3.31886477462,0.236297907247,0.158215010142,0.0149253731343,0.0128205128205,0,-0.273603082852,,0,,,,,,,,0.0833333333333,1.83333333333,0.166666666667
2026,003176,ALL,SEASON,Emmet Carroll,G,12,234,4,0,0,2,23,0,2,0,2,0,0,0,0,505,36,319,139,26,117,9,22,36,2,0,0,165,291,0.292079207921,0.136801541426,0.0518324191112,0.496817820207,0.537666810159,0,0,0,0.017094017094,8.12878607202,-0.547206165703,0.0039603960396,0.0555555555556,1,0,-0.547206165703,,0,,0.567010309278,0.54296875,0.742857142857,8.53895824365,0.929712460064,0.115015974441,0.166666666667,1.91666666667,0
2026,003176,WHP,STINT,Emmet Carroll,G,12,234,4,0,0,2,23,0,2,0,2,0,0,0,0,505,36,319,139,26,117,9,22,36,2,0,0,165,291,0.292079207921,0.136801541426,0.0518324191112,0.496817820207,0.537666810159,0,0,0,0.017094017094,8.12878607202,-0.547206165703,0.0039603960396,0.0555555555556,1,0,-0.547206165703,,0,,0.567010309278,0.54296875,0.742857142857,8.53895824365,0.929712460064,0.115015974441,0.166666666667,1.91666666667,0
2026,003177,ALL,SEASON,Mitchell Dunham,D,12,53,1,0,0,12,27,5,1,0,1,0,0,0,0,493,67,288,0,0,0,0,0,0,1,0,0,0,0,0.292079207921,0.136801541426,0.0518324191112,0.496817820207,0.537666810159,0,0,0,0.0188679245283,1.74711821289,-0.273603082852,0.00202839756592,0.0149253731343,1,0,-0.273603082852,,0,,,,,,,,1,2.25,0.416666666667
2026,003177,ARC,STINT,Mitchell Dunham,D,12,53,1,0,0,12,27,5,1,0,1,0,0,0,0,493,67,288,0,0,0,0,0,0,1,0,0,0,0,0.292079207921,0.136801541426,0.0518324191112,0.496817820207,0.537666810159,0,0,0,0.0188679245283,1.74711821289,-0.273603082852,0.00202839756592,0.0149253731343,1,0,-0.273603082852,,0,,,,,,,,1,2.25,0.416666666667
2026,003179,ALL,SEASON,Ben Wayer,LSM,3,23,1,0,0,2,5,1,5,0,5,0,0,2,0,130,24,80,0,0,0,0,0,0,5,0,0,0,0,0.292079207921,0.136801541426,0.0518324191112,0.496817820207,0.537666810159,0,0.4,0,0.0434782608696,0.192145639558,-1.36801541426,0.0384615384615,0.208333333333,1,0,-1.36801541426,,0,,,,,,,,0.666666666667,1.66666666667,0.333333333333
2026,003179,WAT,STINT,Ben Wayer,LSM,3,23,1,0,0,2,5,1,5,0,5,0,0,2,0,130,24,80,0,0,0,0,0,0,5,0,0,0,0,0.292079207921,0.136801541426,0.0518324191112,0.496817820207,0.537666810159,0,0.4,0,0.0434782608696,0.192145639558,-1.36801541426,0.0384615384615,0.208333333333,1,0,-1.36801541426,,0,,,,,,,,0.666666666667,1.66666666667,0.333333333333
2026,003180,ALL,SEASON,Christian Mazur,SSDM,1,6,0,1,0,0,0,1,1,1,0,1,0,1,0,51,3,24,0,0,0,0,0,0,1,1,1,0,0,0.292079207921,0.136801541426,0.0518324191112,0.496817820207,0.537666810159,1,1,1,0,0.310994514667,0.707920792079,0.0196078431373,0,0,,,0,0.0416666666667,-0.496817820207,,,,,,,0,0,1
2026,003180,WHP,STINT,Christian Mazur,SSDM,1,6,0,1,0,0,0,1,1,1,0,1,0,1,0,51,3,24,0,0,0,0,0,0,1,1,1,0,0,0.292079207921,0.136801541426,0.0518324191112,0.496817820207,0.537666810159,1,1,1,0,0.310994514667,0.707920792079,0.0196078431373,0,0,,,0,0.0416666666667,-0.496817820207,,,,,,,0,0,1
2026,003181,ALL,SEASON,Jimmy Freehill,D,12,56,4,0,0,6,12,4,12,0,12,0,2,7,0,500,69,309,0,0,0,0,0,0,12,2,4,0,0,0.292079207921,0.136801541426,0.0518324191112,0.496817820207,0.537666810159,0.166666666667,0.583333333333,0.333333333333,0.0714285714286,-1.09738452977,0.71676300578,0.024,0.173913043478,1,0.166666666667,0.71676300578,,0,,,,,,,,0.5,1,0.333333333333
2026,003181,WAT,STINT,Jimmy Freehill,D,12,56,4,0,0,6,12,4,12,0,12,0,2,7,0,500,69,309,0,0,0,0,0,0,12,2,4,0,0,0.292079207921,0.136801541426,0.0518324191112,0.496817820207,0.537666810159,0.166666666667,0.583333333333,0.333333333333,0.0714285714286,-1.09738452977,0.71676300578,0.024,0.173913043478,1,0.166666666667,0.71676300578,,0,,,,,,,,0.5,1,0.333333333333
2026,003182,ALL,SEASON,Kevin Parnham,D,4,37,0,0,0,3,5,1,1,0,1,0,0,0,0,129,25,100,0,0,0,0,0,0,1,0,0,0,0,0.292079207921,0.136801541426,0.0518324191112,0.496817820207,0.537666810159,0,0,0,0,1.91779950712,-0.273603082852,0.0077519379845,0.04,1,0,-0.273603082852,,0,,,,,,,,0.75,1.25,0.25
2026,003182,OUT,STINT,Kevin Parnham,D,4,37,0,0,0,3,5,1,1,0,1,0,0,0,0,129,25,100,0,0,0,0,0,0,1,0,0,0,0,0.292079207921,0.136801541426,0.0518324191112,0.496817820207,0.537666810159,0,0,0,0,1.91779950712,-0.273603082852,0.0077519379845,0.04,1,0,-0.273603082852,,0,,,,,,,,0.75,1.25,0.25
2026,003183,ALL,SEASON,Jack Gray,SSDM,10,26,3,7,1,3,6,5,2,2,0,0,0,1,0,387,58,249,0,0,0,0,0,0,2,0,0,0,0,0.292079207921,0.136801541426,0.0518324191112,0.496817820207,0.537666810159,0,0.5,0,0.115384615385,-1.65235710311,-0.584158415842,0.00516795865633,0,0,,,0.142857142857,0.0281124497992,-2.47772474145,,,,,,,0.3,0.6,0.5
2026,003183,OUT,STINT,Jack Gray,SSDM,10,26,3,7,1,3,6,5,2,2,0,0,0,1,0,387,58,249,0,0,0,0,0,0,2,0,0,0,0,0.292079207921,0.136801541426,0.0518324191112,0.496817820207,0.537666810159,0,0.5,0,0.115384615385,-1.65235710311,-0.584158415842,0.00516795865633,0,0,,,0.142857142857,0.0281124497992,-2.47772474145,,,,,,,0.3,0.6,0.5
2026,003184,ALL,SEASON,Ben Ramsey,SSDM,12,101,5,0,0,4,19,2,6,4,2,1,0,5,0,526,79,323,0,0,0,0,0,0,6,1,1,0,0,0.292079207921,0.136801541426,0.0518324191112,0.496817820207,0.537666810159,0.166666666667,0.833333333333,0.166666666667,0.049504950495,0.235074330233,-0.715522997386,0.0114068441065,0.0253164556962,0.333333333333,0,-0.547206165703,,0,,,,,,,,0.333333333333,1.58333333333,0.166666666667
2026,003184,CAN,STINT,Ben Ramsey,SSDM,12,101,5,0,0,4,19,2,6,4,2,1,0,5,0,526,79,323,0,0,0,0,0,0,6,1,1,0,0,0.292079207921,0.136801541426,0.0518324191112,0.496817820207,0.537666810159,0.166666666667,0.833333333333,0.166666666667,0.049504950495,0.235074330233,-0.715522997386,0.0114068441065,0.0253164556962,0.333333333333,0,-0.547206165703,,0,,,,,,,,0.333333333333,1.58333333333,0.166666666667
2026,003185,ALL,SEASON,Carter Rice,SSDM,11,56,3,0,0,2,6,0,0,0,0,0,0,0,0,483,58,304,0,0,0,0,0,0,0,0,0,0,0,0.292079207921,0.136801541426,0.0518324191112,0.496817820207,0.537666810159,,,,0.0535714285714,-0.0973845297718,,0,0,,,,,0,,,,,,,,0.181818181818,0.545454545455,0
2026,003185,RED,STINT,Carter Rice,SSDM,11,56,3,0,0,2,6,0,0,0,0,0,0,0,0,483,58,304,0,0,0,0,0,0,0,0,0,0,0,0.292079207921,0.136801541426,0.0518324191112,0.496817820207,0.537666810159,,,,0.0535714285714,-0.0973845297718,,0,0,,,,,0,,,,,,,,0.181818181818,0.545454545455,0
2026,003186,ALL,SEASON,Hugh Kelleher,M,10,169,8,0,0,1,12,1,41,33,8,10,1,30,2,394,64,275,0,0,0,0,0,0,41,11,12,0,0,0.292079207921,0.136801541426,0.0518324191112,0.496817820207,0.537666810159,0.268292682927,0.731707317073,0.292682926829,0.0473372781065,0.759678829796,0.172561475801,0.104060913706,0.125,0.19512195122,0.125,-0.188824662813,,0,,,,,,,,0.1,1.2,0.1
2026,003186,ATL,STINT,Hugh Kelleher,M,10,169,8,0,0,1,12,1,41,33,8,10,1,30,2,394,64,275,0,0,0,0,0,0,41,11,12,0,0,0.292079207921,0.136801541426,0.0518324191112,0.496817820207,0.537666810159,0.268292682927,0.731707317073,0.292682926829,0.0473372781065,0.759678829796,0.172561475801,0.104060913706,0.125,0.19512195122,0.125,-0.188824662813,,0,,,,,,,,0.1,1.2,0.1
2026,003188,ALL,SEASON,Bryce Ford,M,1,18,2,0,0,0,0,0,3,3,0,0,0,0,0,37,4,20,0,0,0,0,0,0,3,0,0,0,0,0.292079207921,0.136801541426,0.0518324191112,0.496817820207,0.537666810159,0,0,0,0.111111111111,-1.067016456,-0.876237623762,0.0810810810811,0,0,,,,0,,,,,,,,0,0,0
2026,003188,ARC,STINT,Bryce Ford,M,1,18,2,0,0,0,0,0,3,3,0,0,0,0,0,37,4,20,0,0,0,0,0,0,3,0,0,0,0,0.292079207921,0.136801541426,0.0518324191112,0.496817820207,0.537666810159,0,0,0,0.111111111111,-1.067016456,-0.876237623762,0.0810810810811,0,0,,,,0,,,,,,,,0,0,0
2026,003192,ALL,SEASON,Jackson Eicher,A,12,250,17,0,0,2,12,1,64,51,13,15,0,35,1,466,57,311,0,0,0,0,0,0,64,15,15,0,0,0.292079207921,0.136801541426,0.0518324191112,0.496817820207,0.537666810159,0.234375,0.546875,0.234375,0.068,-4.0418952222,-3.45287968103,0.137339055794,0.228070175439,0.203125,0,-3.55684007707,,0,,,,,,,,0.166666666667,1,0.0833333333333
2026,003192,CHA,STINT,Jackson Eicher,A,12,250,17,0,0,2,12,1,64,51,13,15,0,35,1,466,57,311,0,0,0,0,0,0,64,15,15,0,0,0.292079207921,0.136801541426,0.0518324191112,0.496817820207,0.537666810159,0.234375,0.546875,0.234375,0.068,-4.0418952222,-3.45287968103,0.137339055794,0.228070175439,0.203125,0,-3.55684007707,,0,,,,,,,,0.166666666667,1,0.0833333333333
2026,003194,ALL,SEASON,Colin Sharkey,SSDM,2,8,0,0,0,0,1,0,1,1,0,0,0,1,0,70,10,38,0,0,0,0,0,0,1,0,0,0,0,0.292079207921,0.136801541426,0.0518324191112,0.496817820207,0.537666810159,0,1,0,0,0.41465935289,-0.292079207921,0.0142857142857,0,0,,,,0,,,,,,,,0,0.5,0
2026,003194,ARC,STINT,Colin Sharkey,SSDM,2,8,0,0,0,0,1,0,1,1,0,0,0,1,0,70,10,38,0,0,0,0,0,0,1,0,0,0,0,0.292079207921,0.136801541426,0.0518324191112,0.496817820207,0.537666810159,0,1,0,0,0.41465935289,-0.292079207921,0.0142857142857,0,0,,,,0,,,,,,,,0,0.5,0
2026,003195,ALL,SEASON,Brian Kelly,A,11,341,24,0,0,1,15,2,51,50,1,22,0,37,5,485,69,298,0,0,0,0,0,0,51,22,22,0,0,0.292079207921,0.136801541426,0.0518324191112,0.496817820207,0.537666810159,0.43137254902,0.725490196078,0.43137254902,0.0703812316716,-6.32514508307,7.12243652111,0.105154639175,0.0144927536232,0.0196078431373,0,-0.273603082852,,0,,,,,,,,0.0909090909091,1.36363636364,0.181818181818
2026,003195,CAN,STINT,Brian Kelly,A,11,341,24,0,0,1,15,2,51,50,1,22,0,37,5,485,69,298,0,0,0,0,0,0,51,22,22,0,0,0.292079207921,0.136801541426,0.0518324191112,0.496817820207,0.537666810159,0.43137254902,0.725490196078,0.43137254902,0.0703812316716,-6.32514508307,7.12243652111,0.105154639175,0.0144927536232,0.0196078431373,0,-0.273603082852,,0,,,,,,,,0.0909090909091,1.36363636364,0.181818181818
2026,003203,ALL,SEASON,CK Giancola,M,3,87,3,0,0,0,5,1,16,10,6,4,0,10,1,101,16,55,0,0,0,0,0,0,16,4,4,0,0,0.292079207921,0.136801541426,0.0518324191112,0.496817820207,0.537666810159,0.25,0.625,0.25,0.0344827586207,1.50942046268,-0.562410576318,0.158415841584,0.375,0.375,0,-1.64161849711,,0,,,,,,,,0,1.66666666667,0.333333333333
2026,003203,ARC,STINT,CK Giancola,M,3,87,3,0,0,0,5,1,16,10,6,4,0,10,1,101,16,55,0,0,0,0,0,0,16,4,4,0,0,0.292079207921,0.136801541426,0.0518324191112,0.496817820207,0.537666810159,0.25,0.625,0.25,0.0344827586207,1.50942046268,-0.562410576318,0.158415841584,0.375,0.375,0,-1.64161849711,,0,,,,,,,,0,1.66666666667,0.333333333333
2026,003206,ALL,SEASON,Greg Langermeier,SSDM,2,9,2,0,0,0,5,1,0,0,0,0,0,0,0,62,10,44,0,0,0,0,0,0,0,0,0,0,0,0.292079207921,0.136801541426,0.0518324191112,0.496817820207,0.537666810159,,,,0.222222222222,-1.533508228,,0,0,,,,,0,,,,,,,,0,2.5,0.5
2026,003206,CHA,STINT,Greg Langermeier,SSDM,2,9,2,0,0,0,5,1,0,0,0,0,0,0,0,62,10,44,0,0,0,0,0,0,0,0,0,0,0,0.292079207921,0.136801541426,0.0518324191112,0.496817820207,0.537666810159,,,,0.222222222222,-1.533508228,,0,0,,,,,0,,,,,,,,0,2.5,0.5
2026,003209,ALL,SEASON,Michael Lampert,A,1,7,0,0,0,0,0,0,1,1,0,0,0,0,0,41,8,28,0,0,0,0,0,0,1,0,0,0,0,0.292079207921,0.136801541426,0.0518324191112,0.496817820207,0.537666810159,0,0,0,0,0.362826933779,-0.292079207921,0.0243902439024,0,0,,,,0,,,,,,,,0,0,0
2026,003209,WAT,STINT,Michael Lampert,A,1,7,0,0,0,0,0,0,1,1,0,0,0,0,0,41,8,28,0,0,0,0,0,0,1,0,0,0,0,0.292079207921,0.136801541426,0.0518324191112,0.496817820207,0.537666810159,0,0,0,0,0.362826933779,-0.292079207921,0.0243902439024,0,0,,,,0,,,,,,,,0,0,0
2026,003211,ALL,SEASON,Josh Balcarcel,M,9,117,7,0,0,0,4,0,28,26,2,11,0,17,0,394,51,244,0,0,0,0,0,0,28,11,11,0,0,0.292079207921,0.136801541426,0.0518324191112,0.496817820207,0.537666810159,0.392857142857,0.607142857143,0.392857142857,0.0598290598291,-0.935606963988,2.85873442836,0.0710659898477,0.0392156862745,0.0714285714286,0,-0.547206165703,,0,,,,,,,,0,0.444444444444,0
2026,003211,RED,STINT,Josh Balcarcel,M,9,117,7,0,0,0,4,0,28,26,2,11,0,17,0,394,51,244,0,0,0,0,0,0,28,11,11,0,0,0.292079207921,0.136801541426,0.0518324191112,0.496817820207,0.537666810159,0.392857142857,0.607142857143,0.392857142857,0.0598290598291,-0.935606963988,2.85873442836,0.0710659898477,0.0392156862745,0.0714285714286,0,-0.547206165703,,0,,,,,,,,0,0.444444444444,0
2026,003212,ALL,SEASON,Ray Dearth,SSDM,12,67,1,37,4,7,11,1,3,2,1,1,0,2,0,466,57,311,0,0,0,0,0,0,3,1,1,0,0,0.292079207921,0.136801541426,0.0518324191112,0.496817820207,0.537666810159,0.333333333333,0.666666666667,0.333333333333,0.0149253731343,2.47277208045,0.142238501307,0.00643776824034,0.0175438596491,0.333333333333,0,-0.273603082852,0.108108108108,0.118971061093,-14.3822593477,,,,,,,0.583333333333,0.916666666667,0.0833333333333
2026,003212,CHA,STINT,Ray Dearth,SSDM,12,67,1,37,4,7,11,1,3,2,1,1,0,2,0,466,57,311,0,0,0,0,0,0,3,1,1,0,0,0.292079207921,0.136801541426,0.0518324191112,0.496817820207,0.537666810159,0.333333333333,0.666666666667,0.333333333333,0.0149253731343,2.47277208045,0.142238501307,0.00643776824034,0.0175438596491,0.333333333333,0,-0.273603082852,0.108108108108,0.118971061093,-14.3822593477,,,,,,,0.583333333333,0.916666666667,0.0833333333333
2026,003215,ALL,SEASON,Tommy Stull,LSM,2,6,0,0,0,1,4,0,0,0,0,0,0,0,0,86,7,44,0,0,0,0,0,0,0,0,0,0,0,0.292079207921,0.136801541426,0.0518324191112,0.496817820207,0.537666810159,,,,0,0.310994514667,,0,0,,,,,0,,,,,,,,0.5,2,0
2026,003215,ARC,STINT,Tommy Stull,LSM,2,6,0,0,0,1,4,0,0,0,0,0,0,0,0,86,7,44,0,0,0,0,0,0,0,0,0,0,0,0.292079207921,0.136801541426,0.0518324191112,0.496817820207,0.537666810159,,,,0,0.310994514667,,0,0,,,,,0,,,,,,,,0.5,2,0
2026,003228,ALL,SEASON,Remington Reynolds,D,4,18,1,0,0,2,8,3,1,1,0,0,0,0,0,163,30,109,0,0,0,0,0,0,1,0,0,0,0,0.292079207921,0.136801541426,0.0518324191112,0.496817820207,0.537666810159,0,0,0,0.0555555555556,-0.0670164559981,-0.292079207921,0.00613496932515,0,0,,,,0,,,,,,,,0.5,2,0.75
2026,003228,CAN,STINT,Remington Reynolds,D,4,18,1,0,0,2,8,3,1,1,0,0,0,0,0,163,30,109,0,0,0,0,0,0,1,0,0,0,0,0.292079207921,0.136801541426,0.0518324191112,0.496817820207,0.537666810159,0,0,0,0.0555555555556,-0.0670164559981,-0.292079207921,0.00613496932515,0,0,,,,0,,,,,,,,0.5,2,0.75
2026,003229,ALL,SEASON,Matt Wright,LSM,2,11,0,0,0,0,3,0,0,0,0,0,0,0,0,92,10,63,0,0,0,0,0,0,0,0,0,0,0,0.292079207921,0.136801541426,0.0518324191112,0.496817820207,0.537666810159,,,,0,0.570156610223,,0,0,,,,,0,,,,,,,,0,1.5,0
2026,003229,RED,STINT,Matt Wright,LSM,2,11,0,0,0,0,3,0,0,0,0,0,0,0,0,92,10,63,0,0,0,0,0,0,0,0,0,0,0,0.292079207921,0.136801541426,0.0518324191112,0.496817820207,0.537666810159,,,,0,0.570156610223,,0,0,,,,,0,,,,,,,,0,1.5,0
2026,003232,ALL,SEASON,Casey Wilson,M,4,26,2,0,0,0,4,1,2,2,0,2,0,2,0,161,22,102,0,0,0,0,0,0,2,2,2,0,0,0.292079207921,0.136801541426,0.0518324191112,0.496817820207,0.537666810159,1,1,1,0.0769230769231,-0.652357103108,1.41584158416,0.0124223602484,0,0,,,,0,,,,,,,,0,1,0.25
2026,003232,WAT,STINT,Casey Wilson,M,4,26,2,0,0,0,4,1,2,2,0,2,0,2,0,161,22,102,0,0,0,0,0,0,2,2,2,0,0,0.292079207921,0.136801541426,0.0518324191112,0.496817820207,0.537666810159,1,1,1,0.0769230769231,-0.652357103108,1.41584158416,0.0124223602484,0,0,,,,0,,,,,,,,0,1,0.25
2026,003233,ALL,SEASON,Christian Fournier,,2,3,2,0,0,0,2,0,0,0,0,0,0,0,0,81,18,48,0,0,0,0,0,0,0,0,0,0,0,0.292079207921,0.136801541426,0.0518324191112,0.496817820207,0.537666810159,,,,0.666666666667,-1.84450274267,,0,0,,,,,0,,,,,,,,0,1,0
2026,003233,CAN,STINT,Christian Fournier,,2,3,2,0,0,0,2,0,0,0,0,0,0,0,0,81,18,48,0,0,0,0,0,0,0,0,0,0,0,0.292079207921,0.136801541426,0.0518324191112,0.496817820207,0.537666810159,,,,0.666666666667,-1.84450274267,,0,0,,,,,0,,,,,,,,0,1,0
2026,003238,ALL,SEASON,Aidan McLane,M,1,8,0,0,0,0,0,0,3,3,0,0,0,0,0,42,5,22,0,0,0,0,0,0,3,0,0,0,0,0.292079207921,0.136801541426,0.0518324191112,0.496817820207,0.537666810159,0,0,0,0,0.41465935289,-0.876237623762,0.0714285714286,0,0,,,,0,,,,,,,,0,0,0
2026,003238,ATL,STINT,Aidan McLane,M,1,8,0,0,0,0,0,0,3,3,0,0,0,0,0,42,5,22,0,0,0,0,0,0,3,0,0,0,0,0.292079207921,0.136801541426,0.0518324191112,0.496817820207,0.537666810159,0,0,0,0,0.41465935289,-0.876237623762,0.0714285714286,0,0,,,,0,,,,,,,,0,0,0
2026,003242,ALL,SEASON,Cooper Frankenheimer,SSDM,1,4,0,0,0,0,1,0,1,1,0,0,0,0,0,42,5,22,0,0,0,0,0,0,1,0,0,0,0,0.292079207921,0.136801541426,0.0518324191112,0.496817820207,0.537666810159,0,0,0,0,0.207329676445,-0.292079207921,0.0238095238095,0,0,,,,0,,,,,,,,0,1,0
2026,003242,ATL,STINT,Cooper Frankenheimer,SSDM,1,4,0,0,0,0,1,0,1,1,0,0,0,0,0,42,5,22,0,0,0,0,0,0,1,0,0,0,0,0.292079207921,0.136801541426,0.0518324191112,0.496817820207,0.537666810159,0,0,0,0,0.207329676445,-0.292079207921,0.0238095238095,0,0,,,,0,,,,,,,,0,1,0
2026,003246,ALL,SEASON,Nathan Kapp,FO,1,5,0,23,13,0,5,0,0,0,0,0,0,0,0,51,3,24,0,0,0,0,0,0,0,0,0,0,0,0.292079207921,0.136801541426,0.0518324191112,0.496817820207,0.537666810159,,,,0,0.259162095556,,0,0,,,,0.565217391304,0.958333333333,1.57319013524,,,,,,,0,5,0
2026,003246,WHP,STINT,Nathan Kapp,FO,1,5,0,23,13,0,5,0,0,0,0,0,0,0,0,51,3,24,0,0,0,0,0,0,0,0,0,0,0,0.292079207921,0.136801541426,0.0518324191112,0.496817820207,0.537666810159,,,,0,0.259162095556,,0,0,,,,0.565217391304,0.958333333333,1.57319013524,,,,,,,0,5,0
2026,003248,ALL,SEASON,Ryan Stines,A,12,334,18,0,0,1,12,1,60,58,2,18,0,39,2,493,67,288,0,0,0,0,0,0,60,18,18,0,0,0.292079207921,0.136801541426,0.0518324191112,0.496817820207,0.537666810159,0.3,0.65,0.3,0.0538922155689,-0.687972016853,0.512199774891,0.121703853955,0.0298507462687,0.0333333333333,0,-0.547206165703,,0,,,,,,,,0.0833333333333,1,0.0833333333333
2026,003248,ARC,STINT,Ryan Stines,A,12,334,18,0,0,1,12,1,60,58,2,18,0,39,2,493,67,288,0,0,0,0,0,0,60,18,18,0,0,0.292079207921,0.136801541426,0.0518324191112,0.496817820207,0.537666810159,0.3,0.65,0.3,0.0538922155689,-0.687972016853,0.512199774891,0.121703853955,0.0298507462687,0.0333333333333,0,-0.547206165703,,0,,,,,,,,0.0833333333333,1,0.0833333333333
2026,003249,ALL,SEASON,Logan Ip,M,3,41,1,0,0,0,0,0,10,10,0,1,0,7,0,145,19,88,0,0,0,0,0,0,10,1,1,0,0,0.292079207921,0.136801541426,0.0518324191112,0.496817820207,0.537666810159,0.1,0.7,0.1,0.0243902439024,1.12512918356,-1.92079207921,0.0689655172414,0,0,,,,0,,,,,,,,0,0,0
2026,003249,CAN,STINT,Logan Ip,M,3,41,1,0,0,0,0,0,10,10,0,1,0,7,0,145,19,88,0,0,0,0,0,0,10,1,1,0,0,0.292079207921,0.136801541426,0.0518324191112,0.496817820207,0.537666810159,0.1,0.7,0.1,0.0243902439024,1.12512918356,-1.92079207921,0.0689655172414,0,0,,,,0,,,,,,,,0,0,0
2026,003250,ALL,SEASON,Eric Spanos,M,9,152,9,0,0,0,9,0,38,36,2,11,0,31,3,368,43,239,0,0,0,0,0,0,38,11,11,0,0,0.292079207921,0.136801541426,0.0518324191112,0.496817820207,0.537666810159,0.289473684211,0.815789473684,0.289473684211,0.0592105263158,-1.12147229509,-0.0620576508518,0.103260869565,0.046511627907,0.0526315789474,0,-0.547206165703,,0,,,,,,,,0,1,0
2026,003250,CHA,STINT,Eric Spanos,M,9,152,9,0,0,0,9,0,38,36,2,11,0,31,3,368,43,239,0,0,0,0,0,0,38,11,11,0,0,0.292079207921,0.136801541426,0.0518324191112,0.496817820207,0.537666810159,0.289473684211,0.815789473684,0.289473684211,0.0592105263158,-1.12147229509,-0.0620576508518,0.103260869565,0.046511627907,0.0526315789474,0,-0.547206165703,,0,,,,,,,,0,1,0
2026,003251,ALL,SEASON,Nikko DiPonio,D,2,15,0,0,0,1,6,0,1,1,0,0,0,0,0,80,13,51,0,0,0,0,0,0,1,0,0,0,0,0.292079207921,0.136801541426,0.0518324191112,0.496817820207,0.537666810159,0,0,0,0,0.777486286668,-0.292079207921,0.0125,0,0,,,,0,,,,,,,,0.5,3,0
2026,003251,ATL,STINT,Nikko DiPonio,D,2,15,0,0,0,1,6,0,1,1,0,0,0,0,0,80,13,51,0,0,0,0,0,0,1,0,0,0,0,0.292079207921,0.136801541426,0.0518324191112,0.496817820207,0.537666810159,0,0,0,0,0.777486286668,-0.292079207921,0.0125,0,0,,,,0,,,,,,,,0.5,3,0
2026,003252,ALL,SEASON,Leo Johnson,M,9,154,12,0,0,0,7,0,44,44,0,8,0,22,0,392,51,233,0,0,0,0,0,0,44,8,8,0,0,0.292079207921,0.136801541426,0.0518324191112,0.496817820207,0.537666810159,0.181818181818,0.5,0.181818181818,0.0779220779221,-4.01780745687,-4.85148514851,0.112244897959,0,0,,,,0,,,,,,,,0,0.777777777778,0
2026,003252,ARC,STINT,Leo Johnson,M,9,154,12,0,0,0,7,0,44,44,0,8,0,22,0,392,51,233,0,0,0,0,0,0,44,8,8,0,0,0.292079207921,0.136801541426,0.0518324191112,0.496817820207,0.537666810159,0.181818181818,0.5,0.181818181818,0.0779220779221,-4.01780745687,-4.85148514851,0.112244897959,0,0,,,,0,,,,,,,,0,0.777777777778,0
2026,003253,ALL,SEASON,Marcus Wertheim,M,2,48,2,0,0,0,1,0,7,7,0,0,0,3,0,87,16,41,0,0,0,0,0,0,7,0,0,0,0,0.292079207921,0.136801541426,0.0518324191112,0.496817820207,0.537666810159,0,0.428571428571,0,0.0416666666667,0.487956117338,-2.04455445545,0.0804597701149,0,0,,,,0,,,,,,,,0,0.5,0
2026,003253,RED,STINT,Marcus Wertheim,M,2,48,2,0,0,0,1,0,7,7,0,0,0,3,0,87,16,41,0,0,0,0,0,0,7,0,0,0,0,0.292079207921,0.136801541426,0.0518324191112,0.496817820207,0.537666810159,0,0.428571428571,0,0.0416666666667,0.487956117338,-2.04455445545,0.0804597701149,0,0,,,,0,,,,,,,,0,0.5,0
2026,003254,ALL,SEASON,Peter Detwiler,SSDM,12,88,3,8,2,2,16,3,5,5,0,2,0,5,0,466,57,311,0,0,0,0,0,0,5,2,2,0,0,0.292079207921,0.136801541426,0.0518324191112,0.496817820207,0.537666810159,0.4,1,0.4,0.0340909090909,1.56125288179,0.539603960396,0.0107296137339,0,0,,,0.25,0.0257234726688,-1.97454256165,,,,,,,0.166666666667,1.33333333333,0.25
2026,003254,CHA,STINT,Peter Detwiler,SSDM,12,88,3,8,2,2,16,3,5,5,0,2,0,5,0,466,57,311,0,0,0,0,0,0,5,2,2,0,0,0.292079207921,0.136801541426,0.0518324191112,0.496817820207,0.537666810159,0.4,1,0.4,0.0340909090909,1.56125288179,0.539603960396,0.0107296137339,0,0,,,0.25,0.0257234726688,-1.97454256165,,,,,,,0.166666666667,1.33333333333,0.25
2026,003255,ALL,SEASON,Joe Juengerkes,SSDM,8,51,2,19,1,1,4,1,1,1,0,0,0,0,0,329,23,211,0,0,0,0,0,0,1,0,0,0,0,0.292079207921,0.136801541426,0.0518324191112,0.496817820207,0.537666810159,0,0,0,0.0392156862745,0.643453374672,-0.292079207921,0.00303951367781,0,0,,,0.0526315789474,0.0900473933649,-8.43953858393,,,,,,,0.125,0.5,0.125
2026,003255,WHP,STINT,Joe Juengerkes,SSDM,8,51,2,19,1,1,4,1,1,1,0,0,0,0,0,329,23,211,0,0,0,0,0,0,1,0,0,0,0,0.292079207921,0.136801541426,0.0518324191112,0.496817820207,0.537666810159,0,0,0,0.0392156862745,0.643453374672,-0.292079207921,0.00303951367781,0,0,,,0.0526315789474,0.0900473933649,-8.43953858393,,,,,,,0.125,0.5,0.125
2026,003256,ALL,SEASON,Nolan Byrne,M,3,41,6,0,0,0,2,0,11,11,0,3,0,8,1,110,17,80,0,0,0,0,0,0,11,3,3,0,0,0.292079207921,0.136801541426,0.0518324191112,0.496817820207,0.537666810159,0.272727272727,0.727272727273,0.272727272727,0.146341463415,-3.87487081644,-0.212871287129,0.1,0,0,,,,0,,,,,,,,0,0.666666666667,0
2026,003256,OUT,STINT,Nolan Byrne,M,3,41,6,0,0,0,2,0,11,11,0,3,0,8,1,110,17,80,0,0,0,0,0,0,11,3,3,0,0,0.292079207921,0.136801541426,0.0518324191112,0.496817820207,0.537666810159,0.272727272727,0.727272727273,0.272727272727,0.146341463415,-3.87487081644,-0.212871287129,0.1,0,0,,,,0,,,,,,,,0,0.666666666667,0
2026,003257,ALL,SEASON,Teddy Malone,M,10,216,11,0,0,1,5,0,40,40,0,16,0,26,3,385,41,255,0,0,0,0,0,0,40,16,16,0,0,0.292079207921,0.136801541426,0.0518324191112,0.496817820207,0.537666810159,0.4,0.65,0.4,0.0509259259259,0.195802528023,4.31683168317,0.103896103896,0,0,,,,0,,,,,,,,0.1,0.5,0
2026,003257,CHA,STINT,Teddy Malone,M,10,216,11,0,0,1,5,0,40,40,0,16,0,26,3,385,41,255,0,0,0,0,0,0,40,16,16,0,0,0.292079207921,0.136801541426,0.0518324191112,0.496817820207,0.537666810159,0.4,0.65,0.4,0.0509259259259,0.195802528023,4.31683168317,0.103896103896,0,0,,,,0,,,,,,,,0.1,0.5,0
2026,003259,ALL,SEASON,Liam Kammar,SSDM,6,25,0,0,0,1,4,0,1,1,0,0,0,1,0,234,36,160,0,0,0,0,0,0,1,0,0,0,0,0.292079207921,0.136801541426,0.0518324191112,0.496817820207,0.537666810159,0,1,0,0,1.29581047778,-0.292079207921,0.0042735042735,0,0,,,,0,,,,,,,,0.166666666667,0.666666666667,0
2026,003259,ATL,STINT,Liam Kammar,SSDM,6,25,0,0,0,1,4,0,1,1,0,0,0,1,0,234,36,160,0,0,0,0,0,0,1,0,0,0,0,0.292079207921,0.136801541426,0.0518324191112,0.496817820207,0.537666810159,0,1,0,0,1.29581047778,-0.292079207921,0.0042735042735,0,0,,,,0,,,,,,,,0.166666666667,0.666666666667,0
2026,003260,ALL,SEASON,Jack Pilling,SSDM,7,50,1,8,0,4,13,1,1,1,0,0,0,0,0,292,21,187,0,0,0,0,0,0,1,0,0,0,0,0.292079207921,0.136801541426,0.0518324191112,0.496817820207,0.537666810159,0,0,0,0.02,1.59162095556,-0.292079207921,0.00342465753425,0,0,,,0,0.0427807486631,-3.97454256165,,,,,,,0.571428571429,1.85714285714,0.142857142857
2026,003260,WHP,STINT,Jack Pilling,SSDM,7,50,1,8,0,4,13,1,1,1,0,0,0,0,0,292,21,187,0,0,0,0,0,0,1,0,0,0,0,0.292079207921,0.136801541426,0.0518324191112,0.496817820207,0.537666810159,0,0,0,0.02,1.59162095556,-0.292079207921,0.00342465753425,0,0,,,0,0.0427807486631,-3.97454256165,,,,,,,0.571428571429,1.85714285714,0.142857142857
2026,003261,ALL,SEASON,Truitt Sunderland,M,6,78,3,0,0,0,0,0,13,13,0,4,0,10,0,234,16,153,0,0,0,0,0,0,13,4,4,0,0,0.292079207921,0.136801541426,0.0518324191112,0.496817820207,0.537666810159,0.307692307692,0.769230769231,0.307692307692,0.0384615384615,1.04292869067,0.20297029703,0.0555555555556,0,0,,,,0,,,,,,,,0,0,0
2026,003261,WHP,STINT,Truitt Sunderland,M,6,78,3,0,0,0,0,0,13,13,0,4,0,10,0,234,16,153,0,0,0,0,0,0,13,4,4,0,0,0.292079207921,0.136801541426,0.0518324191112,0.496817820207,0.537666810159,0.307692307692,0.769230769231,0.307692307692,0.0384615384615,1.04292869067,0.20297029703,0.0555555555556,0,0,,,,0,,,,,,,,0,0,0
2026,003264,ALL,SEASON,Sean Byrne,G,7,111,3,0,0,2,11,0,0,0,0,0,0,0,0,282,40,174,70,16,47,5,14,22,0,0,0,86,138,0.292079207921,0.136801541426,0.0518324191112,0.496817820207,0.537666810159,,,,0.027027027027,2.75339852135,,0,0,,,,,0,,0.623188405797,0.598290598291,0.761904761905,11.801980198,0.907894736842,0.144736842105,0.285714285714,1.57142857143,0
2026,003264,WAT,STINT,Sean Byrne,G,7,111,3,0,0,2,11,0,0,0,0,0,0,0,0,282,40,174,70,16,47,5,14,22,0,0,0,86,138,0.292079207921,0.136801541426,0.0518324191112,0.496817820207,0.537666810159,,,,0.027027027027,2.75339852135,,0,0,,,,,0,,0.623188405797,0.598290598291,0.761904761905,11.801980198,0.907894736842,0.144736842105,0.285714285714,1.57142857143,0
2026,003266,ALL,SEASON,Silas Richmond,A,7,133,4,0,0,3,11,1,27,25,2,5,1,16,2,288,37,179,0,0,0,0,0,0,27,6,7,0,0,0.292079207921,0.136801541426,0.0518324191112,0.496817820207,0.537666810159,0.222222222222,0.592592592593,0.259259259259,0.0300751879699,2.89371174179,-0.849186363723,0.09375,0.0540540540541,0.0740740740741,0.5,1.4527938343,,0,,,,,,,,0.428571428571,1.57142857143,0.142857142857
2026,003266,WAT,STINT,Silas Richmond,A,7,133,4,0,0,3,11,1,27,25,2,5,1,16,2,288,37,179,0,0,0,0,0,0,27,6,7,0,0,0.292079207921,0.136801541426,0.0518324191112,0.496817820207,0.537666810159,0.222222222222,0.592592592593,0.259259259259,0.0300751879699,2.89371174179,-0.849186363723,0.09375,0.0540540540541,0.0740740740741,0.5,1.4527938343,,0,,,,,,,,0.428571428571,1.57142857143,0.142857142857
2026,003267,ALL,SEASON,Mikey Weisshaar,M,12,287,17,0,0,1,14,0,53,52,1,18,0,34,3,526,79,323,0,0,0,0,0,0,53,18,18,0,0,0.292079207921,0.136801541426,0.0518324191112,0.496817820207,0.537666810159,0.339622641509,0.641509433962,0.339622641509,0.0592334494774,-2.12409571508,2.53827810527,0.100760456274,0.0126582278481,0.0188679245283,0,-0.273603082852,,0,,,,,,,,0.0833333333333,1.16666666667,0
2026,003267,CAN,STINT,Mikey Weisshaar,M,12,287,17,0,0,1,14,0,53,52,1,18,0,34,3,526,79,323,0,0,0,0,0,0,53,18,18,0,0,0.292079207921,0.136801541426,0.0518324191112,0.496817820207,0.537666810159,0.339622641509,0.641509433962,0.339622641509,0.0592334494774,-2.12409571508,2.53827810527,0.100760456274,0.0126582278481,0.0188679245283,0,-0.273603082852,,0,,,,,,,,0.0833333333333,1.16666666667,0
2026,003268,ALL,SEASON,Jack Taylor,M,1,27,2,0,0,0,1,0,6,5,1,1,0,2,0,36,4,28,0,0,0,0,0,0,6,1,1,0,0,0.292079207921,0.136801541426,0.0518324191112,0.496817820207,0.537666810159,0.166666666667,0.333333333333,0.166666666667,0.0740740740741,-0.600524683997,-0.733999122456,0.166666666667,0.25,0.166666666667,0,-0.273603082852,,0,,,,,,,,0,1,0
2026,003268,CHA,STINT,Jack Taylor,M,1,27,2,0,0,0,1,0,6,5,1,1,0,2,0,36,4,28,0,0,0,0,0,0,6,1,1,0,0,0.292079207921,0.136801541426,0.0518324191112,0.496817820207,0.537666810159,0.166666666667,0.333333333333,0.166666666667,0.0740740740741,-0.600524683997,-0.733999122456,0.166666666667,0.25,0.166666666667,0,-0.273603082852,,0,,,,,,,,0,1,0
2026,003269,ALL,SEASON,Brendan Staub,LSM,10,77,1,0,0,6,14,2,11,4,7,1,0,7,1,416,52,258,0,0,0,0,0,0,11,1,1,0,0,0.292079207921,0.136801541426,0.0518324191112,0.496817820207,0.537666810159,0.0909090909091,0.636363636364,0.0909090909091,0.012987012987,2.99109627156,-2.08353841164,0.0264423076923,0.134615384615,0.636363636364,0,-1.91522157996,,0,,,,,,,,0.6,1.4,0.2
2026,003269,WAT,STINT,Brendan Staub,LSM,10,77,1,0,0,6,14,2,11,4,7,1,0,7,1,416,52,258,0,0,0,0,0,0,11,1,1,0,0,0.292079207921,0.136801541426,0.0518324191112,0.496817820207,0.537666810159,0.0909090909091,0.636363636364,0.0909090909091,0.012987012987,2.99109627156,-2.08353841164,0.0264423076923,0.134615384615,0.636363636364,0,-1.91522157996,,0,,,,,,,,0.6,1.4,0.2
2026,003270,ALL,SEASON,Evan Plunkett,M,9,168,8,0,0,1,5,0,37,36,1,3,0,15,0,373,50,233,0,0,0,0,0,0,37,3,3,0,0,0.292079207921,0.136801541426,0.0518324191112,0.496817820207,0.537666810159,0.0810810810811,0.405405405405,0.0810810810811,0.047619047619,0.707846410684,-7.788454568,0.0991957104558,0.02,0.027027027027,0,-0.273603082852,,0,,,,,,,,0.111111111111,0.555555555556,0
2026,003270,OUT,STINT,Evan Plunkett,M,9,168,8,0,0,1,5,0,37,36,1,3,0,15,0,373,50,233,0,0,0,0,0,0,37,3,3,0,0,0.292079207921,0.136801541426,0.0518324191112,0.496817820207,0.537666810159,0.0810810810811,0.405405405405,0.0810810810811,0.047619047619,0.707846410684,-7.788454568,0.0991957104558,0.02,0.027027027027,0,-0.273603082852,,0,,,,,,,,0.111111111111,0.555555555556,0
2026,003271,ALL,SEASON,Hunter Smith,LSM,9,34,0,0,0,9,15,2,1,1,0,0,0,1,0,399,58,244,0,0,0,0,0,0,1,0,0,0,0,0.292079207921,0.136801541426,0.0518324191112,0.496817820207,0.537666810159,0,1,0,0,1.76230224978,-0.292079207921,0.00250626566416,0,0,,,,0,,,,,,,,1,1.66666666667,0.222222222222
2026,003271,CAN,STINT,Hunter Smith,LSM,9,34,0,0,0,9,15,2,1,1,0,0,0,1,0,399,58,244,0,0,0,0,0,0,1,0,0,0,0,0.292079207921,0.136801541426,0.0518324191112,0.496817820207,0.537666810159,0,1,0,0,1.76230224978,-0.292079207921,0.00250626566416,0,0,,,,0,,,,,,,,1,1.66666666667,0.222222222222
2026,003273,ALL,SEASON,Matt Collison,M,8,167,7,0,0,1,2,1,29,22,7,5,4,18,1,325,39,207,0,0,0,0,0,0,29,9,13,0,0,0.292079207921,0.136801541426,0.0518324191112,0.496817820207,0.537666810159,0.310344827586,0.620689655172,0.448275862069,0.0419161676647,1.65601399157,4.65903584578,0.0892307692308,0.179487179487,0.241379310345,0.571428571429,6.08477842004,,0,,,,,,,,0.125,0.25,0.125
2026,003273,WAT,STINT,Matt Collison,M,8,167,7,0,0,1,2,1,29,22,7,5,4,18,1,325,39,207,0,0,0,0,0,0,29,9,13,0,0,0.292079207921,0.136801541426,0.0518324191112,0.496817820207,0.537666810159,0.310344827586,0.620689655172,0.448275862069,0.0419161676647,1.65601399157,4.65903584578,0.0892307692308,0.179487179487,0.241379310345,0.571428571429,6.08477842004,,0,,,,,,,,0.125,0.25,0.125
2026,003274,ALL,SEASON,Patty Eldredge,SSDM,1,5,0,0,0,1,2,0,0,0,0,0,0,0,0,45,6,22,0,0,0,0,0,0,0,0,0,0,0,0.292079207921,0.136801541426,0.0518324191112,0.496817820207,0.537666810159,,,,0,0.259162095556,,0,0,,,,,0,,,,,,,,1,2,0
2026,003274,WAT,STINT,Patty Eldredge,SSDM,1,5,0,0,0,1,2,0,0,0,0,0,0,0,0,45,6,22,0,0,0,0,0,0,0,0,0,0,0,0.292079207921,0.136801541426,0.0518324191112,0.496817820207,0.537666810159,,,,0,0.259162095556,,0,0,,,,,0,,,,,,,,1,2,0
2026,003275,ALL,SEASON,Andrew McMeekin,FO,9,84,5,232,145,3,79,1,19,16,3,2,0,8,1,409,52,245,0,0,0,0,0,0,19,2,2,0,0,0.292079207921,0.136801541426,0.0518324191112,0.496817820207,0.537666810159,0.105263157895,0.421052631579,0.105263157895,0.0595238095238,-0.646076794658,-3.49407657529,0.0464547677262,0.0576923076923,0.157894736842,0,-0.820809248555,0.625,0.94693877551,29.738265712,,,,,,,0.333333333333,8.77777777778,0.111111111111
2026,003275,CAN,STINT,Andrew McMeekin,FO,9,84,5,232,145,3,79,1,19,16,3,2,0,8,1,409,52,245,0,0,0,0,0,0,19,2,2,0,0,0.292079207921,0.136801541426,0.0518324191112,0.496817820207,0.537666810159,0.105263157895,0.421052631579,0.105263157895,0.0595238095238,-0.646076794658,-3.49407657529,0.0464547677262,0.0576923076923,0.157894736842,0,-0.820809248555,0.625,0.94693877551,29.738265712,,,,,,,0.333333333333,8.77777777778,0.111111111111
2026,003276,ALL,SEASON,Richard Checo,LSM,6,16,4,0,0,8,2,0,0,0,0,0,0,0,0,219,24,153,0,0,0,0,0,0,0,0,0,0,0,0.292079207921,0.136801541426,0.0518324191112,0.496817820207,0.537666810159,,,,0.25,-3.17068129422,,0,0,,,,,0,,,,,,,,1.33333333333,0.333333333333,0
2026,003276,CHA,STINT,Richard Checo,LSM,6,16,4,0,0,8,2,0,0,0,0,0,0,0,0,219,24,153,0,0,0,0,0,0,0,0,0,0,0,0.292079207921,0.136801541426,0.0518324191112,0.496817820207,0.537666810159,,,,0.25,-3.17068129422,,0,0,,,,,0,,,,,,,,1.33333333333,0.333333333333,0
2026,003277,ALL,SEASON,Joey Spallina,A,10,392,12,0,0,0,16,3,59,56,3,14,2,29,1,425,30,269,0,0,0,0,0,0,59,16,18,0,0,0.292079207921,0.136801541426,0.0518324191112,0.496817820207,0.537666810159,0.271186440678,0.491525423729,0.305084745763,0.030612244898,8.3183082916,0.822755107881,0.138823529412,0.1,0.0508474576271,0.666666666667,3.17919075145,,0,,,,,,,,0,1.6,0.3
2026,003277,WHP,STINT,Joey Spallina,A,10,392,12,0,0,0,16,3,59,56,3,14,2,29,1,425,30,269,0,0,0,0,0,0,59,16,18,0,0,0.292079207921,0.136801541426,0.0518324191112,0.496817820207,0.537666810159,0.271186440678,0.491525423729,0.305084745763,0.030612244898,8.3183082916,0.822755107881,0.138823529412,0.1,0.0508474576271,0.666666666667,3.17919075145,,0,,,,,,,,0,1.6,0.3
2026,003278,ALL,SEASON,Aidan Maguire,SSDM,10,79,4,0,0,2,12,3,12,9,3,4,1,10,0,423,57,250,0,0,0,0,0,0,12,5,6,0,0,0.292079207921,0.136801541426,0.0518324191112,0.496817820207,0.537666810159,0.416666666667,0.833333333333,0.5,0.0506329113924,0.0947611097862,2.55047788016,0.0283687943262,0.0526315789474,0.25,0.333333333333,1.17919075145,,0,,,,,,,,0.2,1.2,0.3
2026,003278,ARC,STINT,Aidan Maguire,SSDM,10,79,4,0,0,2,12,3,12,9,3,4,1,10,0,423,57,250,0,0,0,0,0,0,12,5,6,0,0,0.292079207921,0.136801541426,0.0518324191112,0.496817820207,0.537666810159,0.416666666667,0.833333333333,0.5,0.0506329113924,0.0947611097862,2.55047788016,0.0283687943262,0.0526315789474,0.25,0.333333333333,1.17919075145,,0,,,,,,,,0.2,1.2,0.3
2026,003279,ALL,SEASON,Luke Rhoa,M,2,28,1,0,0,1,1,0,8,7,1,0,0,3,1,93,12,54,0,0,0,0,0,0,8,0,0,0,0,0.292079207921,0.136801541426,0.0518324191112,0.496817820207,0.537666810159,0,0.375,0,0.0357142857143,0.451307735114,-2.3181575383,0.0860215053763,0.0833333333333,0.125,0,-0.273603082852,,0,,,,,,,,0.5,0.5,0
2026,003279,ATL,STINT,Luke Rhoa,M,2,28,1,0,0,1,1,0,8,7,1,0,0,3,1,93,12,54,0,0,0,0,0,0,8,0,0,0,0,0.292079207921,0.136801541426,0.0518324191112,0.496817820207,0.537666810159,0,0.375,0,0.0357142857143,0.451307735114,-2.3181575383,0.0860215053763,0.0833333333333,0.125,0,-0.273603082852,,0,,,,,,,,0.5,0.5,0
2026,003280,ALL,SEASON,Chad Palumbo,M,10,201,22,0,0,4,8,1,64,60,4,19,1,39,0,386,46,257,0,0,0,0,0,0,64,20,21,0,0,0.292079207921,0.136801541426,0.0518324191112,0.496817820207,0.537666810159,0.3125,0.609375,0.328125,0.109452736318,-11.5816837586,2.38083519335,0.165803108808,0.0869565217391,0.0625,0.25,0.905587668593,,0,,,,,,,,0.4,0.8,0.1
2026,003280,CHA,STINT,Chad Palumbo,M,10,201,22,0,0,4,8,1,64,60,4,19,1,39,0,386,46,257,0,0,0,0,0,0,64,20,21,0,0,0.292079207921,0.136801541426,0.0518324191112,0.496817820207,0.537666810159,0.3125,0.609375,0.328125,0.109452736318,-11.5816837586,2.38083519335,0.165803108808,0.0869565217391,0.0625,0.25,0.905587668593,,0,,,,,,,,0.4,0.8,0.1
2026,003281,ALL,SEASON,Kyle Lewis,M,9,109,5,0,0,2,5,1,23,23,0,7,0,12,0,371,46,236,0,0,0,0,0,0,23,7,7,0,0,0.292079207921,0.136801541426,0.0518324191112,0.496817820207,0.537666810159,0.304347826087,0.521739130435,0.304347826087,0.045871559633,0.649733683123,0.282178217822,0.0619946091644,0,0,,,,0,,,,,,,,0.222222222222,0.555555555556,0.111111111111
2026,003281,WAT,STINT,Kyle Lewis,M,9,109,5,0,0,2,5,1,23,23,0,7,0,12,0,371,46,236,0,0,0,0,0,0,23,7,7,0,0,0.292079207921,0.136801541426,0.0518324191112,0.496817820207,0.537666810159,0.304347826087,0.521739130435,0.304347826087,0.045871559633,0.649733683123,0.282178217822,0.0619946091644,0,0,,,,0,,,,,,,,0.222222222222,0.555555555556,0.111111111111
2026,003282,ALL,SEASON,Billy Dwan,D,8,30,2,0,0,3,10,2,4,3,1,1,0,3,0,336,24,215,0,0,0,0,0,0,4,1,1,0,0,0.292079207921,0.136801541426,0.0518324191112,0.496817820207,0.537666810159,0.25,0.75,0.25,0.0666666666667,-0.445027426663,-0.149840706614,0.0119047619048,0.0416666666667,0.25,0,-0.273603082852,,0,,,,,,,,0.375,1.25,0.25
2026,003282,WHP,STINT,Billy Dwan,D,8,30,2,0,0,3,10,2,4,3,1,1,0,3,0,336,24,215,0,0,0,0,0,0,4,1,1,0,0,0.292079207921,0.136801541426,0.0518324191112,0.496817820207,0.537666810159,0.25,0.75,0.25,0.0666666666667,-0.445027426663,-0.149840706614,0.0119047619048,0.0416666666667,0.25,0,-0.273603082852,,0,,,,,,,,0.375,1.25,0.25
2026,003283,ALL,SEASON,Blake Eiland,SSDM,9,44,2,20,2,3,10,0,3,3,0,1,0,3,0,383,26,240,0,0,0,0,0,0,3,1,1,0,0,0.292079207921,0.136801541426,0.0518324191112,0.496817820207,0.537666810159,0.333333333333,1,0.333333333333,0.0454545454545,0.280626440894,0.123762376238,0.00783289817232,0,0,,,0.1,0.0833333333333,-7.93635640414,,,,,,,0.333333333333,1.11111111111,0
2026,003283,WHP,STINT,Blake Eiland,SSDM,9,44,2,20,2,3,10,0,3,3,0,1,0,3,0,383,26,240,0,0,0,0,0,0,3,1,1,0,0,0.292079207921,0.136801541426,0.0518324191112,0.496817820207,0.537666810159,0.333333333333,1,0.333333333333,0.0454545454545,0.280626440894,0.123762376238,0.00783289817232,0,0,,,0.1,0.0833333333333,-7.93635640414,,,,,,,0.333333333333,1.11111111111,0
2026,003284,ALL,SEASON,Eric Kolar,SSDM,7,44,1,4,0,2,8,0,2,2,0,1,0,1,0,283,21,186,0,0,0,0,0,0,2,1,1,0,0,0.292079207921,0.136801541426,0.0518324191112,0.496817820207,0.537666810159,0.5,0.5,0.5,0.0227272727273,1.28062644089,0.415841584158,0.00706713780919,0,0,,,0,0.0215053763441,-1.98727128083,,,,,,,0.285714285714,1.14285714286,0
2026,003284,WHP,STINT,Eric Kolar,SSDM,7,44,1,4,0,2,8,0,2,2,0,1,0,1,0,283,21,186,0,0,0,0,0,0,2,1,1,0,0,0.292079207921,0.136801541426,0.0518324191112,0.496817820207,0.537666810159,0.5,0.5,0.5,0.0227272727273,1.28062644089,0.415841584158,0.00706713780919,0,0,,,0,0.0215053763441,-1.98727128083,,,,,,,0.285714285714,1.14285714286,0
2026,003285,ALL,SEASON,Jack Regnery,A,8,175,9,0,0,1,4,0,47,45,2,11,0,23,3,365,41,216,0,0,0,0,0,0,47,11,11,0,0,0.292079207921,0.136801541426,0.0518324191112,0.496817820207,0.537666810159,0.234042553191,0.489361702128,0.234042553191,0.0514285714286,0.070673344463,-2.69077052214,0.128767123288,0.0487804878049,0.0425531914894,0,-0.547206165703,,0,,,,,,,,0.125,0.5,0
2026,003285,CAN,STINT,Jack Regnery,A,8,175,9,0,0,1,4,0,47,45,2,11,0,23,3,365,41,216,0,0,0,0,0,0,47,11,11,0,0,0.292079207921,0.136801541426,0.0518324191112,0.496817820207,0.537666810159,0.234042553191,0.489361702128,0.234042553191,0.0514285714286,0.070673344463,-2.69077052214,0.128767123288,0.0487804878049,0.0425531914894,0,-0.547206165703,,0,,,,,,,,0.125,0.5,0
2026,003286,ALL,SEASON,Will Donovan,D,9,44,2,0,0,11,25,1,1,0,1,0,0,1,0,409,52,245,0,0,0,0,0,0,1,0,0,0,0,0.292079207921,0.136801541426,0.0518324191112,0.496817820207,0.537666810159,0,1,0,0.0454545454545,0.280626440894,-0.273603082852,0.00244498777506,0.0192307692308,1,0,-0.273603082852,,0,,,,,,,,1.22222222222,2.77777777778,0.111111111111
2026,003286,CAN,STINT,Will Donovan,D,9,44,2,0,0,11,25,1,1,0,1,0,0,1,0,409,52,245,0,0,0,0,0,0,1,0,0,0,0,0.292079207921,0.136801541426,0.0518324191112,0.496817820207,0.537666810159,0,1,0,0.0454545454545,0.280626440894,-0.273603082852,0.00244498777506,0.0192307692308,1,0,-0.273603082852,,0,,,,,,,,1.22222222222,2.77777777778,0.111111111111
2026,003287,ALL,SEASON,Dante Bowen,SSDM,1,5,1,0,0,2,2,0,1,1,0,0,0,0,0,40,5,29,0,0,0,0,0,0,1,0,0,0,0,0.292079207921,0.136801541426,0.0518324191112,0.496817820207,0.537666810159,0,0,0,0.2,-0.740837904444,-0.292079207921,0.025,0,0,,,,0,,,,,,,,2,2,0
2026,003287,RED,STINT,Dante Bowen,SSDM,1,5,1,0,0,2,2,0,1,1,0,0,0,0,0,40,5,29,0,0,0,0,0,0,1,0,0,0,0,0.292079207921,0.136801541426,0.0518324191112,0.496817820207,0.537666810159,0,0,0,0.2,-0.740837904444,-0.292079207921,0.025,0,0,,,,0,,,,,,,,2,2,0
2026,003288,ALL,SEASON,Josh Yago,M,10,237,4,0,0,0,10,1,35,32,3,9,1,20,2,416,52,258,0,0,0,0,0,0,35,10,11,0,0,0.292079207921,0.136801541426,0.0518324191112,0.496817820207,0.537666810159,0.285714285714,0.571428571429,0.314285714286,0.0168776371308,8.28428332936,0.83265609798,0.0841346153846,0.0576923076923,0.0857142857143,0.333333333333,1.17919075145,,0,,,,,,,,0,1,0.1
2026,003288,WAT,STINT,Josh Yago,M,10,237,4,0,0,0,10,1,35,32,3,9,1,20,2,416,52,258,0,0,0,0,0,0,35,10,11,0,0,0.292079207921,0.136801541426,0.0518324191112,0.496817820207,0.537666810159,0.285714285714,0.571428571429,0.314285714286,0.0168776371308,8.28428332936,0.83265609798,0.0841346153846,0.0576923076923,0.0857142857143,0.333333333333,1.17919075145,,0,,,,,,,,0,1,0.1
2026,003289,ALL,SEASON,Alex Ross,D,10,106,6,0,0,4,20,2,11,1,10,0,2,3,0,394,64,275,0,0,0,0,0,0,11,2,4,0,0,0.292079207921,0.136801541426,0.0518324191112,0.496817820207,0.537666810159,0.181818181818,0.272727272727,0.363636363636,0.0566037735849,-0.505763574211,0.971889963563,0.0279187817259,0.15625,0.909090909091,0.2,1.26396917148,,0,,,,,,,,0.4,2,0.2
2026,003289,ATL,STINT,Alex Ross,D,10,106,6,0,0,4,20,2,11,1,10,0,2,3,0,394,64,275,0,0,0,0,0,0,11,2,4,0,0,0.292079207921,0.136801541426,0.0518324191112,0.496817820207,0.537666810159,0.181818181818,0.272727272727,0.363636363636,0.0566037735849,-0.505763574211,0.971889963563,0.0279187817259,0.15625,0.909090909091,0.2,1.26396917148,,0,,,,,,,,0.4,2,0.2
2026,003290,ALL,SEASON,John Dunphey,M,4,51,10,1,1,0,2,0,6,6,0,1,0,4,0,142,29,110,0,0,0,0,0,0,6,1,1,0,0,0.292079207921,0.136801541426,0.0518324191112,0.496817820207,0.537666810159,0.166666666667,0.666666666667,0.166666666667,0.196078431373,-7.35654662533,-0.752475247525,0.0422535211268,0,0,,,1,0.00909090909091,0.503182179793,,,,,,,0,0.5,0
2026,003290,OUT,STINT,John Dunphey,M,4,51,10,1,1,0,2,0,6,6,0,1,0,4,0,142,29,110,0,0,0,0,0,0,6,1,1,0,0,0.292079207921,0.136801541426,0.0518324191112,0.496817820207,0.537666810159,0.166666666667,0.666666666667,0.166666666667,0.196078431373,-7.35654662533,-0.752475247525,0.0422535211268,0,0,,,1,0.00909090909091,0.503182179793,,,,,,,0,0.5,0
2026,003291,ALL,SEASON,Ryan Croddick,G,4,24,4,0,0,1,3,0,0,0,0,0,0,0,0,166,23,117,12,7,15,2,0,9,0,0,0,19,36,0.292079207921,0.136801541426,0.0518324191112,0.496817820207,0.537666810159,,,,0.166666666667,-2.75602194133,,0,0,,,,,0,,0.527777777778,0.444444444444,0.777777777778,-0.356005165734,1,0.25,0.25,0.75,0
2026,003291,RED,STINT,Ryan Croddick,G,4,24,4,0,0,1,3,0,0,0,0,0,0,0,0,166,23,117,12,7,15,2,0,9,0,0,0,19,36,0.292079207921,0.136801541426,0.0518324191112,0.496817820207,0.537666810159,,,,0.166666666667,-2.75602194133,,0,0,,,,,0,,0.527777777778,0.444444444444,0.777777777778,-0.356005165734,1,0.25,0.25,0.75,0
2026,003292,ALL,SEASON,Henry Bard,D,5,30,2,0,0,3,8,0,1,0,1,0,1,1,0,201,22,135,0,0,0,0,0,0,1,1,2,0,0,0.292079207921,0.136801541426,0.0518324191112,0.496817820207,0.537666810159,1,1,2,0.0666666666667,-0.445027426663,1.72639691715,0.00497512437811,0.0454545454545,1,1,1.72639691715,,0,,,,,,,,0.6,1.6,0
2026,003292,CHA,STINT,Henry Bard,D,5,30,2,0,0,3,8,0,1,0,1,0,1,1,0,201,22,135,0,0,0,0,0,0,1,1,2,0,0,0.292079207921,0.136801541426,0.0518324191112,0.496817820207,0.537666810159,1,1,2,0.0666666666667,-0.445027426663,1.72639691715,0.00497512437811,0.0454545454545,1,1,1.72639691715,,0,,,,,,,,0.6,1.6,0
2026,003293,ALL,SEASON,Hunter Drouin,A,2,34,5,0,0,0,1,1,4,4,0,0,0,1,0,80,9,49,0,0,0,0,0,0,4,0,0,0,0,0.292079207921,0.136801541426,0.0518324191112,0.496817820207,0.537666810159,0,0.25,0,0.147058823529,-3.23769775022,-1.16831683168,0.05,0,0,,,,0,,,,,,,,0,0.5,0.5
2026,003293,ATL,STINT,Hunter Drouin,A,2,34,5,0,0,0,1,1,4,4,0,0,0,1,0,80,9,49,0,0,0,0,0,0,4,0,0,0,0,0.292079207921,0.136801541426,0.0518324191112,0.496817820207,0.537666810159,0,0.25,0,0.147058823529,-3.23769775022,-1.16831683168,0.05,0,0,,,,0,,,,,,,,0,0.5,0.5
2026,003296,ALL,SEASON,Cullen Brown,D,10,64,3,0,0,9,22,0,4,2,2,1,0,1,0,436,47,292,0,0,0,0,0,0,4,1,1,0,0,0.292079207921,0.136801541426,0.0518324191112,0.496817820207,0.537666810159,0.25,0.25,0.25,0.046875,0.317274823118,-0.131364581545,0.00917431192661,0.0425531914894,0.5,0,-0.547206165703,,0,,,,,,,,0.9,2.2,0
2026,003296,RED,STINT,Cullen Brown,D,10,64,3,0,0,9,22,0,4,2,2,1,0,1,0,436,47,292,0,0,0,0,0,0,4,1,1,0,0,0.292079207921,0.136801541426,0.0518324191112,0.496817820207,0.537666810159,0.25,0.25,0.25,0.046875,0.317274823118,-0.131364581545,0.00917431192661,0.0425531914894,0.5,0,-0.547206165703,,0,,,,,,,,0.9,2.2,0
2026,003297,ALL,SEASON,Michael Leo,M,5,66,4,0,0,0,1,0,18,18,0,3,0,13,0,216,23,149,0,0,0,0,0,0,18,3,3,0,0,0.292079207921,0.136801541426,0.0518324191112,0.496817820207,0.537666810159,0.166666666667,0.722222222222,0.166666666667,0.0606060606061,-0.57906033866,-2.25742574257,0.0833333333333,0,0,,,,0,,,,,,,,0,0.2,0
2026,003297,RED,STINT,Michael Leo,M,5,66,4,0,0,0,1,0,18,18,0,3,0,13,0,216,23,149,0,0,0,0,0,0,18,3,3,0,0,0.292079207921,0.136801541426,0.0518324191112,0.496817820207,0.537666810159,0.166666666667,0.722222222222,0.166666666667,0.0606060606061,-0.57906033866,-2.25742574257,0.0833333333333,0,0,,,,0,,,,,,,,0,0.2,0
2026,003298,ALL,SEASON,Finn Thomson,A,4,55,3,0,0,2,5,1,11,11,0,7,0,10,1,178,17,111,0,0,0,0,0,0,11,7,7,0,0,0.292079207921,0.136801541426,0.0518324191112,0.496817820207,0.537666810159,0.636363636364,0.909090909091,0.636363636364,0.0545454545455,-0.149216948883,3.78712871287,0.061797752809,0,0,,,,0,,,,,,,,0.5,1.25,0.25
2026,003298,RED,STINT,Finn Thomson,A,4,55,3,0,0,2,5,1,11,11,0,7,0,10,1,178,17,111,0,0,0,0,0,0,11,7,7,0,0,0.292079207921,0.136801541426,0.0518324191112,0.496817820207,0.537666810159,0.636363636364,0.909090909091,0.636363636364,0.0545454545455,-0.149216948883,3.78712871287,0.061797752809,0,0,,,,0,,,,,,,,0.5,1.25,0.25
2026,003300,ALL,SEASON,Ty English,M,7,100,2,29,1,10,15,4,10,8,2,1,1,6,0,272,32,183,0,0,0,0,0,0,10,2,3,0,0,0.292079207921,0.136801541426,0.0518324191112,0.496817820207,0.537666810159,0.2,0.6,0.3,0.02,3.18324191112,0.11616017093,0.0367647058824,0.0625,0.2,0.5,1.4527938343,0.0344827586207,0.158469945355,-13.407716786,,,,,,,1.42857142857,2.14285714286,0.571428571429
2026,003300,CHA,STINT,Ty English,M,7,100,2,29,1,10,15,4,10,8,2,1,1,6,0,272,32,183,0,0,0,0,0,0,10,2,3,0,0,0.292079207921,0.136801541426,0.0518324191112,0.496817820207,0.537666810159,0.2,0.6,0.3,0.02,3.18324191112,0.11616017093,0.0367647058824,0.0625,0.2,0.5,1.4527938343,0.0344827586207,0.158469945355,-13.407716786,,,,,,,1.42857142857,2.14285714286,0.571428571429
2026,003301,ALL,SEASON,Carson Billig,SSDM,2,3,0,0,0,0,0,0,0,0,0,0,0,0,0,73,16,58,0,0,0,0,0,0,0,0,0,0,0,0.292079207921,0.136801541426,0.0518324191112,0.496817820207,0.537666810159,,,,0,0.155497257334,,0,0,,,,,0,,,,,,,,0,0,0
2026,003301,ATL,STINT,Carson Billig,SSDM,2,3,0,0,0,0,0,0,0,0,0,0,0,0,0,73,16,58,0,0,0,0,0,0,0,0,0,0,0,0.292079207921,0.136801541426,0.0518324191112,0.496817820207,0.537666810159,,,,0,0.155497257334,,0,0,,,,,0,,,,,,,,0,0,0
2026,003302,ALL,SEASON,Vinny Butrico,A,2,40,2,0,0,0,2,0,6,6,0,1,0,5,0,89,18,59,0,0,0,0,0,0,6,1,1,0,0,0.292079207921,0.136801541426,0.0518324191112,0.496817820207,0.537666810159,0.166666666667,0.833333333333,0.166666666667,0.05,0.0732967644487,-0.752475247525,0.0674157303371,0,0,,,,0,,,,,,,,0,1,0
2026,003302,ATL,STINT,Vinny Butrico,A,2,40,2,0,0,0,2,0,6,6,0,1,0,5,0,89,18,59,0,0,0,0,0,0,6,1,1,0,0,0.292079207921,0.136801541426,0.0518324191112,0.496817820207,0.537666810159,0.166666666667,0.833333333333,0.166666666667,0.05,0.0732967644487,-0.752475247525,0.0674157303371,0,0,,,,0,,,,,,,,0,1,0
2026,003303,ALL,SEASON,Leif Hagerup,SSDM,2,5,1,0,0,1,1,0,0,0,0,0,0,0,0,71,10,48,0,0,0,0,0,0,0,0,0,0,0,0.292079207921,0.136801541426,0.0518324191112,0.496817820207,0.537666810159,,,,0.2,-0.740837904444,,0,0,,,,,0,,,,,,,,0.5,0.5,0
2026,003303,CHA,STINT,Leif Hagerup,SSDM,2,5,1,0,0,1,1,0,0,0,0,0,0,0,0,71,10,48,0,0,0,0,0,0,0,0,0,0,0,0.292079207921,0.136801541426,0.0518324191112,0.496817820207,0.537666810159,,,,0.2,-0.740837904444,,0,0,,,,,0,,,,,,,,0.5,0.5,0
