player_id,player_name,team_id,n_teams,raw_position,canonical_position,position_group,value_role,mapping_reason,mapping_confidence,games_played,recorded_offensive_opportunities,team_recorded_offensive_opportunities,offensive_opportunities_per_game,shots,one_point_attempts,two_point_attempts,shots_on_goal,turnovers,touches,ground_balls,official_assists,caused_turnovers,faceoffs,faceoff_wins,shots_on_goal_faced,one_point_shots_on_goal_faced,two_point_shots_on_goal_faced,saves,penalties,offensive_play_share,offensive_play_share_season,shot_share,touch_share,faceoff_team_share,caused_turnover_team_share,event_log_play_shares,event_log_play_share,shooting_value_raw,shooting_value_one_point_raw,shooting_value_two_point_raw,turnover_value_raw,faceoff_value_raw,goalie_value_raw,defensive_value_partial_raw,defensive_value_scope,offensive_EPA_points_raw,EPA_points_raw,components_supported,EPA_per_recorded_opportunity,shooting_EPA_per_shot,faceoff_EPA_per_faceoff,goalie_EPA_per_SOG,defensive_EPA_partial_per_game,EPA_points_per_game,uaEPA_per_event_log_play_share,expected_EPA_given_usage,EPA_vs_usage_expectation,EPA_vs_usage_expectation_z,shooting_value_null_sd,faceoff_value_null_sd,goalie_value_null_sd,offensive_EPA_null_sd,EPA_points_null_sd,EPA_points_null_z,shooting_value_null_z,faceoff_value_null_z,goalie_value_null_z,shooting_rate_raw,shooting_rate_shrunk,one_point_rate_raw,one_point_rate_shrunk,two_point_rate_raw,two_point_rate_shrunk,faceoff_rate_raw,faceoff_rate_shrunk,save_rate_raw,save_rate_shrunk,shooting_reliability,one_point_reliability,two_point_reliability,faceoff_reliability,save_reliability,shooting_posterior_ci_width,faceoff_posterior_ci_width,save_posterior_ci_width,position_n_players,position_EPA_mean,position_EPA_sd,EPA_position_z,EPA_position_robust_z,EPA_position_percentile,usage_position_z,usage_position_percentile,efficiency_position_z,efficiency_position_percentile,position_baseline_note,descriptive_eligible,role_rate_reliability,role_rate_name,rate_ranking_eligible,reliability_adjusted_eligible,future_award_input_eligible,offensive_rate_ranking_eligible,defense_partial,usage_proxy_only,small_sample,chance_variation_exceeds_peer_spread,unsupported_components,role_interpretation_caveat,faceoff_share_of_absolute_value,offensive_share_of_absolute_value,defensive_partial_share_of_absolute_value
000201,Adam Ghitelman,CAN,1,G,goalie,goalie,goalie,roster_position: rostered goalie who faced no shot on goal (no goalie opportunity to measure),medium,1,0.0,56.0,0.0,0.0,0.0,0.0,0.0,0.0,1.0,0.0,0.0,0.0,0.0,0.0,0,0,0,0.0,0.0,0.0,0.0,0.0,0.0038910505836575876,0.0,0.0,0.0,0.0,0.0,0.0,0.0,0.005189391960559488,,,-0.052348209810896384,"partial: caused turnovers only, relative to positional per-game average",0.005189391960559488,-0.0471588178503369,shooting+turnover+defense,,,,,-0.052348209810896384,-0.0471588178503369,,,,,,,,0.03307035908546898,0.11134419973876084,-0.4235408576376889,,,,,,,,,,,,,,,,,,,,,,16,-0.3271258080481808,6.982201543348508,0.04009723701896723,0.00032035993666862486,56.25,-0.9381751379960799,21.875,,50.0,,True,,save_pct,False,False,False,False,True,True,True,False,"ground_ball_value,assist_value,possession_participation,penalty_value",goalie metrics are standardized only against other goalies; a goalie total is not comparable with a field player total,0.0,0.09019131491041603,0.909808685089584
000216,Marcus Holman,CAN,1,A,attack,attack,offensive_field,"roster_position: measurable opportunities cannot separate offensive from defensive field roles (the feed attributes one defensive act, caused turnovers, 741 league-wide)",medium,10,66.0,538.0,6.6,55.0,36.0,19.0,34.0,11.0,376.0,24.0,5.0,4.0,0.0,0.0,0,0,0,0.0,2.0,0.12267657992565056,0.12267657992565056,0.13253012048192772,0.14528593508500773,0.0,0.04938271604938271,104.0,0.061284619917501476,2.9998960573714974,-1.4755459858505073,4.475442043222004,2.1933857830211076,,,0.5634167199188062,"partial: caused turnovers only, relative to positional per-game average",5.193281840392605,5.756698560311412,shooting+turnover+defense,0.07868608849079704,0.05454356467948177,,,0.056341671991880615,0.5756698560311412,0.05535287077222511,0.07506594764256846,5.118215892750037,1.2130964459108526,4.107317294848044,,,4.219133532212295,4.226811997194033,1.3619480980306182,0.730378454358609,,,0.2545454545454545,0.26644612411317636,0.25,0.2825949680168388,0.2631578947368421,0.14538534180424248,,,,,0.28871142583673903,0.2047561649325099,1.899963900685887e-05,,,0.12502761540235952,,,34,0.5944244459259438,3.7653461911498685,1.3709958798792425,2.0388974729395306,89.70588235294117,0.1079730531084124,51.470588235294116,1.077495423809135,86.76470588235294,,True,0.28871142583673903,shooting_pct,False,True,True,False,True,True,True,True,"ground_ball_value,assist_value,possession_participation,penalty_value","offensive value covers finishing and possession security only; shot creation, assists and off-ball work are not measured",0.0,0.9021285005605143,0.09787149943948564
000221,Ryan Ambler,ARC,1,M,midfield,midfield,offensive_field,"roster_position: measurable opportunities cannot separate offensive from defensive field roles (the feed attributes one defensive act, caused turnovers, 741 league-wide)",medium,9,27.0,472.0,3.0,19.0,18.0,1.0,11.0,8.0,107.0,4.0,1.0,0.0,0.0,0.0,0,0,0,0.0,0.0,0.057203389830508475,0.05232558139534884,0.05864197530864197,0.05227161700048852,0.0,0.0,26.0,0.018220042046250877,1.4714607988232729,1.7622270070747463,-0.2907662082514735,-0.4273595914686584,,,-0.2702958677648857,"partial: caused turnovers only, relative to positional per-game average",1.0441012073546145,0.7738053395897289,shooting+turnover+defense,0.03867041508720795,0.07744530520122489,,,-0.03003287419609841,0.08597837106552543,0.029761743830374186,0.07506594764256846,0.9690352597120461,0.4580520086942116,2.0519830742045273,,,2.1155572758528365,2.1293072335152976,0.363407087248863,0.7170920741603583,,,0.3684210526315789,0.2832230364772601,0.3888888888888889,0.30215352390879213,0.0,0.145382958742778,,,,,0.12297604120107576,0.1140547935232499,9.99999000001e-07,,,0.14136468741344288,,,53,-0.5493676434547139,3.0482728979742424,0.43407300702104773,0.8002712671153085,74.52830188679246,-0.8733347021566288,21.698113207547166,0.5856071018944813,78.30188679245283,,True,0.12297604120107576,shooting_pct,False,True,True,False,True,True,True,False,"ground_ball_value,assist_value,possession_participation,penalty_value","offensive value covers finishing and possession security only; shot creation, assists and off-ball work are not measured",0.0,0.8753889438793716,0.1246110561206285
000225,Tom Schreiber,ARC,1,M,midfield,midfield,offensive_field,"roster_position: measurable opportunities cannot separate offensive from defensive field roles (the feed attributes one defensive act, caused turnovers, 741 league-wide)",medium,8,55.0,417.0,6.875,34.0,31.0,3.0,18.0,21.0,207.0,8.0,9.0,2.0,0.0,0.0,0,0,0,0.0,1.0,0.13189448441247004,0.1065891472868217,0.11846689895470383,0.11063602351683592,0.0,0.04081632653061224,69.0,0.05537720706260032,-3.892907668125691,-3.0206090433712696,-0.8722986247544204,-2.0194563310911335,,,0.19160973737110787,"partial: caused turnovers only, relative to positional per-game average",-5.912363999216824,-5.720754261845716,shooting+turnover+defense,-0.10749752725848771,-0.11449728435663797,,,0.023951217171388484,-0.7150942827307145,-0.08290948205573502,0.07506594764256846,-5.987429946859392,-2.0659517175076627,2.808324742818156,,,2.898146116445814,2.9070831480812735,-1.9678674363413085,-1.3862028164944895,,,0.17647058823529413,0.25225964545160456,0.1935483870967742,0.2733042787125788,0.0,0.1453826679777328,,,,,0.20058803015403176,0.18147876650382885,2.999991000027e-06,,,0.13012997474288568,,,53,-0.5493676434547139,3.0482728979742424,-1.6964972597524632,-2.2904300035089076,4.716981132075471,1.6968858279000918,95.28301886792453,-0.7496352027273147,17.924528301886788,,True,0.20058803015403176,shooting_pct,False,True,True,False,True,True,True,False,"ground_ball_value,assist_value,possession_participation,penalty_value","offensive value covers finishing and possession security only; shot creation, assists and off-ball work are not measured",0.0,0.9686090167422287,0.031390983257771364
000227,Will Manny,CAN,1,A,attack,attack,offensive_field,"roster_position: measurable opportunities cannot separate offensive from defensive field roles (the feed attributes one defensive act, caused turnovers, 741 league-wide)",medium,5,28.0,263.0,5.6,23.0,23.0,0.0,16.0,5.0,94.0,4.0,3.0,2.0,0.0,0.0,0,0,0,0.0,1.0,0.10646387832699619,0.05204460966542751,0.11442786069651742,0.07526020816653323,0.0,0.05405405405405406,37.0,0.04312354312354312,0.30729006459550945,0.30729006459550945,0.0,0.06248962344789484,,,0.2817083599594031,"partial: caused turnovers only, relative to positional per-game average",0.3697796880434043,0.6514880480028074,shooting+turnover+defense,0.01320641743012158,0.013360437591109107,,,0.056341671991880615,0.13029760960056147,0.017607785081156957,0.07506594764256846,0.29471374040083576,0.13209125880668815,2.178351612880925,,,2.2311373444638076,2.2383922351441488,0.2910517816198789,0.1410654105510132,,,0.30434782608695654,0.27607552589882994,0.30434782608695654,0.29287470070945854,,,,,,,0.14510890899679016,0.14126125740575057,,,,0.13849455543095246,,,34,0.5944244459259438,3.7653461911498685,0.015154941718503012,0.21911098877051918,63.23529411764706,-0.2508496021306134,30.882352941176467,0.30153144534255516,63.23529411764706,,True,0.14510890899679016,shooting_pct,False,True,True,False,True,True,True,False,"ground_ball_value,assist_value,possession_participation,penalty_value","offensive value covers finishing and possession security only; shot creation, assists and off-ball work are not measured",0.0,0.5675924357737578,0.4324075642262422
000234,Eric Law,OUT,1,A,attack,attack,offensive_field,"roster_position: measurable opportunities cannot separate offensive from defensive field roles (the feed attributes one defensive act, caused turnovers, 741 league-wide)",medium,1,0.0,77.0,0.0,0.0,0.0,0.0,0.0,0.0,4.0,0.0,0.0,0.0,0.0,0.0,0,0,0,0.0,0.0,0.0,0.0,0.0,0.012738853503184714,0.0,0.0,0.0,0.0,0.0,0.0,0.0,0.04860304045947373,,,-0.03003287419609841,"partial: caused turnovers only, relative to positional per-game average",0.04860304045947373,0.01857016626337532,shooting+turnover+defense,,,,,-0.03003287419609841,0.01857016626337532,,,,,,,,0.0995218570070477,0.1280226140986541,0.14505379689454842,,,,,,,,,,,,,,,,,,,,,,34,0.5944244459259438,3.7653461911498685,-0.1529352814931243,-0.006496829751632248,48.529411764705884,-2.6071287993933336,2.941176470588236,,50.0,,True,,shooting_pct,False,False,False,False,True,True,True,False,"ground_ball_value,assist_value,possession_participation,penalty_value","offensive value covers finishing and possession security only; shot creation, assists and off-ball work are not measured",0.0,0.6180768758442834,0.38192312415571655
000240,Kieran McArdle,WAT,1,A,attack,attack,offensive_field,"roster_position: measurable opportunities cannot separate offensive from defensive field roles (the feed attributes one defensive act, caused turnovers, 741 league-wide)",medium,12,95.0,667.0,7.916666666666667,70.0,70.0,0.0,54.0,25.0,342.0,15.0,14.0,0.0,0.0,0.0,0,0,0,0.0,1.0,0.1424287856071964,0.1424287856071964,0.13861386138613863,0.11903933170901497,0.0,0.0,124.0,0.06022340942204954,4.630882805290678,4.630882805290678,0.0,-1.2428491774636856,,,-0.3603944903531809,"partial: caused turnovers only, relative to positional per-game average",3.3880336278269927,3.0276391374738116,shooting+turnover+defense,0.035663511871863084,0.06615546864700969,,,-0.030032874196098406,0.25230326145615095,0.024416444657046867,0.07506594764256846,3.3129676801844243,0.8472867962774756,3.8002580144320457,,,3.9100900601069553,3.9200288971549018,0.7723512292654849,1.218570630653027,,,0.35714285714285715,0.30052521054346343,0.35714285714285715,0.31305824675827465,,,,,,,0.34062988562122026,0.3336210703939266,,,,0.12489756807917729,,,34,0.5944244459259438,3.7653461911498685,0.6462127432709734,1.0661059611693027,80.88235294117648,0.5451326989793944,63.23529411764706,0.5676582609715782,77.94117647058823,,True,0.34062988562122026,shooting_pct,False,True,True,False,True,True,True,True,"ground_ball_value,assist_value,possession_participation,penalty_value","offensive value covers finishing and possession security only; shot creation, assists and off-ball work are not measured",0.0,0.9421900579162402,0.057809942083759794
000254,Trevor Baptiste,ATL,1,FO,faceoff,faceoff,faceoff,measured_opportunity: took 95.0% of team faceoffs in games played (threshold 50%),high,12,23.0,688.0,1.9166666666666667,15.0,15.0,0.0,11.0,8.0,132.0,101.0,1.0,5.0,320.0,193.0,0,0,0,0.0,1.0,0.03343023255813953,0.03343023255813953,0.029182879377431907,0.04245738179478932,0.9495548961424333,0.060240963855421686,535.0,0.23809523809523808,-0.36481082743771154,-0.36481082743771154,0.0,1.0876794705152912,10.637556629003576,,0.4100364692631588,"partial: caused turnovers only, relative to positional per-game average",0.7228686430775797,11.770461741344315,shooting+turnover+defense+faceoff,0.03142907143815564,-0.02432072182918077,0.03324236446563618,,0.0341697057719299,0.9808718117786929,0.0220008630679333,,,,1.7591776270414572,2.781206501351921,,1.9085503166623135,3.3944476279908997,3.4675632183227987,-0.2073757770846834,3.8247992818342507,,0.26666666666666666,0.2708171393803309,0.26666666666666666,0.28863101682633946,,,0.603125,0.597469799601278,,,0.09966668826667181,0.09688740679895118,,0.9470998705063213,,0.14123527181800455,0.10435816354583949,,10,1.1496775888259447,6.901774226979002,1.5388483893028224,2.710195329848215,95.0,-0.018637482474306973,55.00000000000001,0.8154091152879422,64.99999999999999,,True,0.9470998705063213,faceoff_win_pct,True,True,True,False,True,True,False,False,"ground_ball_value,assist_value,possession_participation,penalty_value",faceoff value dominates this role's total; see the faceoff share-of-total column before comparing across roles,0.8509988527133008,0.11619844859533206,0.03280269869136726
000258,Blaze Riorden,CHA,1,G,goalie,goalie,goalie,measured_opportunity: faced 296 shots on goal as goalie of record,high,11,9.0,621.0,0.8181818181818182,4.0,0.0,4.0,3.0,5.0,196.0,17.0,0.0,6.0,0.0,0.0,296,268,28,159.0,0.0,0.014492753623188406,0.014492753623188406,0.008771929824561403,0.06923348640056518,0.0,0.09836065573770492,489.0,0.2620578778135048,-1.163064833005894,0.0,-1.163064833005894,-0.06256100308007835,,-0.2578881987577688,0.7197878848998251,"partial: caused turnovers only, relative to positional per-game average",-1.2256258360859722,-0.7637261499439159,shooting+turnover+defense+goalie,-0.1361806484539969,-0.2907662082514735,,-0.0008712439147221919,0.06543526226362047,-0.06942964999490144,-0.00156181216757447,,,,1.409946706286458,,9.397895344362114,1.4840164587956008,9.520876244200371,-0.08021595180476572,-0.8248998545974793,,-0.02744105880179634,0.0,0.26349814678948846,,,0.0,0.14538252259564635,,,0.5618374558303887,0.5488244636522227,0.02867349810933653,,3.9999840000639995e-06,,0.4063049421542093,0.14535719057312235,,0.07383379136445001,16,-0.3271258080481808,6.982201543348508,-0.06253046967852939,-0.08815222677063349,40.625,1.231095846303913,84.375,-0.8413981530378369,31.25,,True,0.4063049421542093,save_pct,False,True,True,False,True,True,True,True,"ground_ball_value,assist_value,possession_participation,penalty_value",goalie metrics are standardized only against other goalies; a goalie total is not comparable with a field player total,0.0,0.5562677657125711,0.3266859972525229
000262,Connor Fields,ARC,1,A,attack,attack,offensive_field,"roster_position: measurable opportunities cannot separate offensive from defensive field roles (the feed attributes one defensive act, caused turnovers, 741 league-wide)",medium,10,63.0,516.0,6.3,47.0,47.0,0.0,31.0,16.0,254.0,15.0,6.0,3.0,0.0,0.0,0,0,0,0.0,1.0,0.12209302325581395,0.12209302325581395,0.13314447592067988,0.11009969657563935,0.0,0.045454545454545456,84.0,0.05394990366088632,0.32359274069517063,0.32359274069517063,0.0,-0.3686887783425795,,,0.3474803544488586,"partial: caused turnovers only, relative to positional per-game average",-0.04509603764740888,0.3023843168014497,shooting+turnover+defense,-0.0007158101213874426,0.006884951929684482,,,0.03474803544488586,0.03023843168014497,0.003599813295255354,0.07506594764256846,-0.1201619852899774,-0.037394489610695844,3.1139597343116154,,,3.2133607529064334,3.2234359347293715,0.09380807403167356,0.10391680313962227,,,0.2978723404255319,0.2781258492778395,0.2978723404255319,0.2927195085965554,,,,,,,0.257531932846767,0.2515805656158443,,,,0.12944931868696585,,,34,0.5944244459259438,3.7653461911498685,-0.07755996774238448,0.09467062532585512,57.352941176470594,0.09505766374661737,48.529411764705884,0.13654669656494686,51.470588235294116,,True,0.257531932846767,shooting_pct,False,True,True,False,True,True,True,False,"ground_ball_value,assist_value,possession_participation,penalty_value","offensive value covers finishing and possession security only; shot creation, assists and off-ball work are not measured",0.0,0.6658077553049132,0.3341922446950868
000269,Jarrod Neumann,CHA,1,D,defense,defensive_field,defensive_field,"roster_position: measurable opportunities cannot separate offensive from defensive field roles (the feed attributes one defensive act, caused turnovers, 741 league-wide)",medium,11,11.0,621.0,1.0,6.0,0.0,6.0,4.0,5.0,82.0,14.0,0.0,2.0,0.0,0.0,0,0,0,0.0,2.0,0.017713365539452495,0.017713365539452495,0.013157894736842105,0.028965030024726245,0.0,0.03278688524590164,23.0,0.01232583065380493,2.255402750491159,0.0,2.255402750491159,-0.22550373238724955,,,-1.0965236608682853,"partial: caused turnovers only, relative to positional per-game average",2.0298990181039094,0.933375357235624,shooting+turnover+defense,0.18453627437308268,0.3759004584151932,,,-0.09968396916984412,0.08485230520323855,0.04058153727111409,0.07506594764256846,1.9548330704613415,1.1001191525549412,1.7268249974598024,,,1.776928495355611,1.8674879489440344,0.4998026133252418,1.3060980434085134,,,0.3333333333333333,0.2739079463532112,,,0.3333333333333333,0.14538423182034582,,,,,0.04240233552031815,,5.9999640002159985e-06,,,0.14612910675350577,,,80,0.027815821989010826,1.4913697162411945,0.6071998950930555,0.8689770876428451,78.125,0.4991301092547393,66.875,0.7055607180591441,82.5,,True,0.04240233552031815,shooting_pct,False,True,True,False,True,True,True,True,"ground_ball_value,assist_value,possession_participation,penalty_value","defensive value is PARTIAL (caused turnovers only, on a games-played denominator); a value near zero does NOT mean an average defender",0.0,0.6934884493034768,0.30651155069652325
000275,Mark Glicini,CHA,1,SSDM,short_stick_defensive_midfield,defensive_field,defensive_field,"roster_position: measurable opportunities cannot separate offensive from defensive field roles (the feed attributes one defensive act, caused turnovers, 741 league-wide)",medium,11,10.0,621.0,0.9090909090909091,7.0,5.0,2.0,5.0,3.0,79.0,14.0,0.0,5.0,15.0,1.0,0,0,0,0.0,4.0,0.01610305958132045,0.01610305958132045,0.015350877192982455,0.027905333804309432,0.05244755244755245,0.08196721311475409,47.0,0.025187566988210074,0.9635306410178162,-0.4549369424792371,1.418467583497053,0.17511858044426187,-2.0035983990126764,,-0.4487145644584427,"partial: caused turnovers only, relative to positional per-game average",1.138649221462078,-1.3136637420090411,shooting+turnover+defense+faceoff,0.1138649221462078,0.1376472344311166,-0.13357322660084509,,-0.040792233132585703,-0.11942397654627647,-0.027950292383171087,0.07506594764256846,1.0635832738195097,0.71793770667628,1.423215900151866,0.6021488708353008,,1.4814422810349508,1.6992030062740313,-0.7731058250006332,0.6770094691290347,-3.3274136946122397,,0.2857142857142857,0.27198580744255385,0.2,0.28784596842539545,0.5,0.14538381335811004,0.06666666666666667,0.300218371192695,,,0.049122241810577456,0.0345258845471243,1.999996000008e-06,0.4562938231225572,,0.14529940887587145,0.3060162308975123,,80,0.027815821989010826,1.4913697162411945,-0.8994949739083334,-0.9643019396024192,16.875,0.3197373982241798,63.74999999999999,0.36622675235363367,72.5,,True,0.049122241810577456,shooting_pct,False,True,True,False,True,True,True,True,"ground_ball_value,assist_value,possession_participation,penalty_value","defensive value is PARTIAL (caused turnovers only, on a games-played denominator); a value near zero does NOT mean an average defender",0.5579558613619735,0.317087499901718,0.12495663873630855
000278,Myles Jones,ATL,1,M,midfield,midfield,offensive_field,"roster_position: measurable opportunities cannot separate offensive from defensive field roles (the feed attributes one defensive act, caused turnovers, 741 league-wide)",medium,3,10.0,167.0,3.3333333333333335,5.0,5.0,0.0,3.0,5.0,59.0,2.0,4.0,0.0,0.0,0.0,0,0,0,0.0,0.0,0.059880239520958084,0.014534883720930232,0.041666666666666664,0.07160194174757281,0.0,0.0,14.0,0.025830258302583026,-0.4549369424792371,-0.4549369424792371,0.0,-0.36278698057250036,,,-0.09009862258829522,"partial: caused turnovers only, relative to positional per-game average",-0.8177239230517375,-0.9078225456400327,shooting+turnover+defense,-0.08177239230517375,-0.09098738849584742,,,-0.030032874196098406,-0.3026075152133442,-0.06484446754571663,0.07506594764256846,-0.8927898706943059,-0.8226953017440077,1.0156616765247526,,,1.0852011295089528,1.0941284479361058,-0.8297220928241938,-0.4479217371239958,,,0.2,0.2687400916890851,0.2,0.28784596842539545,,,,,,,0.035586773317312824,0.0345258845471243,,,,0.1457629194483161,,,53,-0.5493676434547139,3.0482728979742424,-0.1175927858767282,-1.558617577514282e-14,50.0,-0.7812207216509641,25.47169811320754,-0.5146364202957224,21.698113207547166,,True,0.035586773317312824,shooting_pct,False,True,True,False,True,True,True,False,"ground_ball_value,assist_value,possession_participation,penalty_value","offensive value covers finishing and possession security only; shot creation, assists and off-ball work are not measured",0.0,0.9007530458226569,0.09924695417734303
000279,Patrick Resch,CHA,2,SSDM,short_stick_defensive_midfield,defensive_field,defensive_field,"roster_position: measurable opportunities cannot separate offensive from defensive field roles (the feed attributes one defensive act, caused turnovers, 741 league-wide)",medium,3,3.0,152.0,1.0,0.0,0.0,0.0,0.0,3.0,25.0,4.0,1.0,0.0,1.0,0.0,0,0,0,0.0,2.0,0.019736842105263157,0.004830917874396135,0.0,0.036284470246734396,0.0136986301369863,0.0,11.0,0.023554603854389723,0.0,0.0,0.0,-0.3873889455066451,-0.15430370782075734,,-0.41683537958404926,"partial: caused turnovers only, relative to positional per-game average",-0.3873889455066451,-0.9585280329114517,shooting+turnover+defense+faceoff,-0.12912964850221503,,-0.15430370782075734,,-0.1389451265280164,-0.3195093443038172,-0.08713891208285925,0.07506594764256846,-0.46245489314921356,-1.9989664528727065,,0.15547416991218138,,0.2313470005885399,0.40951626226300375,-2.340634844669138,,-0.992471662063961,,,,,,,,0.0,0.46992975997914377,,,,,,0.052984189280608794,,,0.4333804848138243,,80,0.027815821989010826,1.4913697162411945,-0.6613677642499106,-0.6745593857085691,23.125,0.724551213247087,79.375,-0.8005304796054953,20.0,,True,,shooting_pct,False,False,True,False,True,True,True,False,"ground_ball_value,assist_value,possession_participation,penalty_value","defensive value is PARTIAL (caused turnovers only, on a games-played denominator); a value near zero does NOT mean an average defender",0.16097985924529745,0.40414983412637645,0.4348703066283261
000281,Troy Reh,CHA,1,LSM,long_stick_midfield,defensive_field,defensive_field,"roster_position: measurable opportunities cannot separate offensive from defensive field roles (the feed attributes one defensive act, caused turnovers, 741 league-wide)",medium,11,10.0,621.0,0.9090909090909091,4.0,2.0,2.0,1.0,6.0,127.0,42.0,0.0,11.0,0.0,0.0,0,0,0,0.0,2.0,0.01610305958132045,0.01610305958132045,0.008771929824561403,0.04486047333097845,0.0,0.18032786885245902,59.0,0.03161843515541265,-0.1635071934946417,0.41802522300830514,-0.581532416502947,0.027316173768558622,,,0.8469036283612427,"partial: caused turnovers only, relative to positional per-game average",-0.13619101972608308,0.7107126086351596,shooting+turnover+defense,-0.013619101972608308,-0.04087679837366043,,,0.07699123894193115,0.06461023714865087,0.012045976417545078,0.07506594764256846,-0.21125696736865157,-0.16306152758367073,1.1860026617796622,,,1.295565977451368,1.4172253045207592,0.5014817378493606,-0.13786410331431312,,,0.25,0.27066652131682256,0.5,0.2939349876951085,0.0,0.14538281336011002,,,,,0.02867349810933653,0.014102494476523461,1.999996000008e-06,,,0.14661034231539816,,,80,0.027815821989010826,1.4913697162411945,0.4578990569604044,0.6873144956144143,75.625,0.3197373982241798,63.74999999999999,-0.24589765315454404,48.74999999999999,,True,0.02867349810933653,shooting_pct,False,True,True,False,True,True,True,False,"ground_ball_value,assist_value,possession_participation,penalty_value","defensive value is PARTIAL (caused turnovers only, on a games-played denominator); a value near zero does NOT mean an average defender",0.0,0.1838859045469604,0.8161140954530396
000302,Michael Manley,OUT,1,D,defense,defensive_field,defensive_field,"roster_position: measurable opportunities cannot separate offensive from defensive field roles (the feed attributes one defensive act, caused turnovers, 741 league-wide)",medium,12,14.0,716.0,1.1666666666666667,9.0,4.0,5.0,6.0,5.0,80.0,20.0,1.0,9.0,0.0,0.0,0,0,0,0.0,4.0,0.019553072625698324,0.019553072625698324,0.01651376146788991,0.024242424242424242,0.0,0.11392405063291139,35.0,0.017241379310344827,1.382219404759243,0.8360504460166103,0.5461689587426326,-0.24633734445950534,,,0.27608577089333114,"partial: caused turnovers only, relative to positional per-game average",1.1358820602997377,1.4119678311930688,shooting+turnover+defense,0.0811344328785527,0.1535799338621381,,,0.02300714757444426,0.11766398593275573,0.04034193803408768,0.07506594764256846,1.0608161126571694,0.5685378231807265,1.8193933209009248,,,1.8658672640675968,1.959974569882416,0.720401097488615,0.7597144547473647,,,0.3333333333333333,0.2751416774126275,0.5,0.29680060602625613,0.2,0.1453833772088507,,,,,0.06228303030634141,0.027812759663515325,4.9999750001249995e-06,,,0.14482462062733248,,,80,0.027815821989010826,1.4913697162411945,0.9281078958024138,1.2594436110774136,85.625,0.7040787651527808,77.5,0.2090687757095777,68.75,,True,0.06228303030634141,shooting_pct,False,True,True,False,True,True,True,True,"ground_ball_value,assist_value,possession_participation,penalty_value","defensive value is PARTIAL (caused turnovers only, on a games-played denominator); a value near zero does NOT mean an average defender",0.0,0.8550458850004647,0.1449541149995353
000305,Romar Dennis,RED,1,M,midfield,midfield,offensive_field,"roster_position: measurable opportunities cannot separate offensive from defensive field roles (the feed attributes one defensive act, caused turnovers, 741 league-wide)",medium,10,52.0,547.0,5.2,51.0,23.0,28.0,25.0,1.0,182.0,4.0,1.0,1.0,0.0,0.0,0,0,0,0.0,0.0,0.09506398537477148,0.07807807807807808,0.11724137931034483,0.06753246753246753,0.0,0.016129032258064516,61.0,0.03479749001711352,-3.834163766445748,-5.6927099354044906,1.8585461689587426,1.995501975436107,,,-0.08439237649103652,"partial: caused turnovers only, relative to positional per-game average",-1.838661791009641,-1.9230541675006776,shooting+turnover+defense,-0.03535888059633925,-0.07517968169501467,,,-0.008439237649103652,-0.19230541675006776,-0.03152547815574881,0.07506594764256846,-1.9137277386522094,-0.4377563983174139,4.31982218978017,,,4.3716727979486425,4.379083802499026,-0.4391453222254486,-0.8875744412620983,,,0.11764705882352941,0.22926567080704105,0.043478260869565216,0.2560239379079584,0.17857142857142858,0.1453840333728023,,,,,0.27345604093828246,0.14126125740575057,2.7999216021951386e-05,,,0.12010635086335242,,,53,-0.5493676434547139,3.0482728979742424,-0.4506442073998229,-0.4831394053215186,31.132075471698112,0.4294990626003797,68.8679245283019,-0.09064957786535915,48.11320754716981,,True,0.27345604093828246,shooting_pct,False,True,True,False,True,True,True,True,"ground_ball_value,assist_value,possession_participation,penalty_value","offensive value covers finishing and possession security only; shot creation, assists and off-ball work are not measured",0.0,0.9857302084622978,0.014269791537702206
000315,Garrett Epple,CAN,1,D,defense,defensive_field,defensive_field,"roster_position: measurable opportunities cannot separate offensive from defensive field roles (the feed attributes one defensive act, caused turnovers, 741 league-wide)",medium,10,3.0,538.0,0.3,2.0,0.0,2.0,0.0,1.0,74.0,14.0,0.0,12.0,0.0,0.0,0,0,0,0.0,2.0,0.0055762081784386614,0.0055762081784386614,0.004819277108433735,0.0285935085007728,0.0,0.14814814814814814,19.0,0.011196228638774307,-0.581532416502947,0.0,-0.581532416502947,0.5549072812035175,,,1.2017851203592067,"partial: caused turnovers only, relative to positional per-game average",-0.026625135299429448,1.1751599850597771,shooting+turnover+defense,-0.008875045099809816,-0.2907662082514735,,,0.12017851203592067,0.11751599850597771,0.06185052552946196,0.07506594764256846,-0.10169108294199791,-0.09472869776236895,0.9969828771267917,,,1.0734981620574413,1.2051686023801496,0.9751000671100236,-0.5832922809856746,,,0.0,0.26733080140379806,,,0.0,0.14538281336011002,,,,,0.014545281099724626,,1.999996000008e-06,,,0.14707915514009073,,,80,0.027815821989010826,1.4913697162411945,0.7693224225864661,1.066240538665714,81.875,-0.8529840974904623,21.875000000000007,-0.22311869702234466,50.0,,True,0.014545281099724626,shooting_pct,False,True,True,False,True,True,True,False,"ground_ball_value,assist_value,possession_participation,penalty_value","defensive value is PARTIAL (caused turnovers only, on a games-played denominator); a value near zero does NOT mean an average defender",0.0,0.4860267023624357,0.5139732976375643
000333,Sergio Perkovic,CHA,1,M,midfield,midfield,offensive_field,"roster_position: measurable opportunities cannot separate offensive from defensive field roles (the feed attributes one defensive act, caused turnovers, 741 league-wide)",medium,8,39.0,463.0,4.875,33.0,23.0,10.0,21.0,6.0,129.0,2.0,1.0,0.0,0.0,0.0,0,0,0,0.0,1.0,0.08423326133909287,0.06280193236714976,0.09482758620689655,0.06163401815575729,0.0,0.0,43.0,0.03093525179856115,-1.6003720179192253,-0.6927099354044906,-0.9076620825147348,0.27182986199834247,,,-0.24026299356878728,"partial: caused turnovers only, relative to positional per-game average",-1.328542155920883,-1.5688051494896702,shooting+turnover+defense,-0.03406518348515085,-0.04849612175512804,,,-0.03003287419609841,-0.19610064368620878,-0.03648384068580628,0.07506594764256846,-1.4036081035634513,-0.4430958766104647,3.116903918275474,,,3.1677300052994943,3.1759085163245664,-0.49397050998976066,-0.5134492624349749,,,0.21212121212121213,0.2596913811204565,0.2608695652173913,0.28673290690920855,0.1,0.14538265029923375,,,,,0.19584379163130197,0.14126125740575057,9.99990000099999e-06,,,0.13176737312460318,,,53,-0.5493676434547139,3.0482728979742424,-0.3344311812477265,-0.3145555509456178,40.56603773584905,0.05679935284672357,59.43396226415094,-0.07883167111710403,50.0,,True,0.19584379163130197,shooting_pct,False,True,True,False,True,True,True,True,"ground_ball_value,assist_value,possession_participation,penalty_value","offensive value covers finishing and possession security only; shot creation, assists and off-ball work are not measured",0.0,0.8862641473549031,0.11373585264509688
000337,Bryce Young,CAN,1,D,defense,defensive_field,defensive_field,"roster_position: measurable opportunities cannot separate offensive from defensive field roles (the feed attributes one defensive act, caused turnovers, 741 league-wide)",medium,10,4.0,538.0,0.4,0.0,0.0,0.0,0.0,4.0,37.0,13.0,0.0,5.0,0.0,0.0,0,0,0,0.0,1.0,0.007434944237918215,0.007434944237918215,0.0,0.0142967542503864,0.0,0.06172839506172839,14.0,0.008249852681202121,0.0,0.0,0.0,-0.4783236385430577,,,-0.30976943793042633,"partial: caused turnovers only, relative to positional per-game average",-0.4783236385430577,-0.788093076473484,shooting+turnover+defense,-0.11958090963576443,,,,-0.03097694379304263,-0.0788093076473484,-0.05629236260524886,0.07506594764256846,-0.5533895861856262,-1.966238752238103,,,,0.28144577333537013,0.615828530965043,-1.279728100999951,,,,,,,,,,,,,,,,,,,,,,80,0.027815821989010826,1.4913697162411945,-0.5470869426790348,-0.5355075858301348,29.375,-0.6459155592934783,33.12499999999999,-0.7546814711326273,22.499999999999996,,True,,shooting_pct,False,False,False,False,True,True,True,False,"ground_ball_value,assist_value,possession_participation,penalty_value","defensive value is PARTIAL (caused turnovers only, on a games-played denominator); a value near zero does NOT mean an average defender",0.0,0.6069380036726554,0.3930619963273447
000339,Connor Kelly,WAT,1,M,midfield,midfield,offensive_field,"roster_position: measurable opportunities cannot separate offensive from defensive field roles (the feed attributes one defensive act, caused turnovers, 741 league-wide)",medium,12,80.0,667.0,6.666666666666667,69.0,50.0,19.0,32.0,11.0,271.0,11.0,5.0,2.0,0.0,0.0,0,0,0,0.0,1.0,0.1199400299850075,0.1199400299850075,0.13663366336633664,0.09432648799164636,0.0,0.022727272727272728,94.0,0.045653229723166586,-7.073927381570368,-7.549369424792372,0.4754420432220039,0.917555970959922,,,0.07147824058671423,"partial: caused turnovers only, relative to positional per-game average",-6.156371410610445,-6.084893170023731,shooting+turnover+defense,-0.07695464263263056,-0.10252068668942561,,,0.005956520048892852,-0.5070744308353109,-0.06473290606408225,0.07506594764256846,-6.231437358253014,-1.3786674834159378,4.445047531332916,,,4.51989869436343,4.528499363331136,-1.3436886442549307,-1.5914177141428996,,,0.14492753623188406,0.22864571453304727,0.14,0.25121595298083543,0.15789473684210525,0.14538334184224175,,,,,0.3374056077347837,0.2634089900568471,1.899963900685887e-05,,,0.11463543231366202,,,53,-0.5493676434547139,3.0482728979742424,-1.8159547100417752,-2.4637203657900937,2.8301886792452824,1.285517051380486,83.9622641509434,-0.4706263379710813,23.584905660377352,,True,0.3374056077347837,shooting_pct,False,True,True,False,True,True,True,True,"ground_ball_value,assist_value,possession_participation,penalty_value","offensive value covers finishing and possession security only; shot creation, assists and off-ball work are not measured",0.0,0.9911349893260397,0.008865010673960306
000345,Jake Bernhardt,WHP,1,SSDM,short_stick_defensive_midfield,defensive_field,defensive_field,"roster_position: measurable opportunities cannot separate offensive from defensive field roles (the feed attributes one defensive act, caused turnovers, 741 league-wide)",medium,11,8.0,593.0,0.7272727272727273,5.0,2.0,3.0,2.0,3.0,55.0,8.0,0.0,1.0,15.0,3.0,0,0,0,0.0,1.0,0.013490725126475547,0.013490725126475547,0.011111111111111112,0.018631436314363144,0.0528169014084507,0.015151515151515152,30.0,0.0165016501650165,0.5457265982538848,-0.5819747769916949,1.1277013752455796,-0.07488476442280782,-1.3816839624153092,,-1.312460026338233,"partial: caused turnovers only, relative to positional per-game average",0.470841833831077,-2.2233021549224654,shooting+turnover+defense+faceoff,0.05885522922888462,0.10914531965077696,-0.09211226416102061,,-0.11931454784893028,-0.20211837772022412,-0.07411007183074884,0.07506594764256846,0.39577588618850856,0.2783748384687405,1.3797063971695034,0.6021488708353008,,1.421737281880637,1.6474090333557148,-1.3495750660014754,0.39553820970421993,-2.2945886463236866,,0.2,0.2687400916890851,0.0,0.2868837404568468,0.3333333333333333,0.14538366797473282,0.2,0.36105754760903597,,,0.035586773317312824,0.014102494476523461,2.999991000027e-06,0.4562938231225572,,0.1457629194483161,0.32101494137896225,,80,0.027815821989010826,1.4913697162411945,-1.5094298565919184,-1.706443465013087,3.1250000000000053,0.02871583328084399,54.37499999999999,0.1020934555977941,62.5,,True,0.035586773317312824,shooting_pct,False,True,True,False,True,True,True,True,"ground_ball_value,assist_value,possession_participation,penalty_value","defensive value is PARTIAL (caused turnovers only, on a games-played denominator); a value near zero does NOT mean an average defender",0.41682833751792475,0.18722689818086097,0.3959447643012143
000350,Joseph Nardella,WHP,1,FO,faceoff,faceoff,faceoff,measured_opportunity: took 94.4% of team faceoffs in games played (threshold 50%),high,11,14.0,593.0,1.2727272727272727,6.0,6.0,0.0,4.0,8.0,91.0,61.0,0.0,5.0,268.0,159.0,0,0,0,0.0,1.0,0.023608768971332208,0.023608768971332208,0.013333333333333334,0.030826558265582657,0.9436619718309859,0.07575757575757576,391.0,0.21507150715071507,1.2540756690249153,1.2540756690249153,0.0,0.21327048441476282,8.08880401352772,,0.4658402491037071,"partial: caused turnovers only, relative to positional per-game average",1.4673461534396781,10.021990416071105,shooting+turnover+defense+faceoff,0.10481043953140558,0.20901261150415254,0.03018210452808851,,0.04234911355488246,0.9110900378246459,0.025631689043660116,,,,1.1126016220522443,2.5452218552904844,,1.2710517776838628,2.8681488164986186,3.4942365467304306,1.1271560675165255,3.178034950750708,,0.5,0.2809750022732642,0.5,0.29958761675070855,,,0.5932835820895522,0.5872150195718022,,,0.04240233552031815,0.041146934593897753,,0.9374774108997254,,0.14728725916938856,0.113855620555114,,10,1.1496775888259447,6.901774226979002,1.285511889473772,2.3716838288415802,85.0,-1.1799190373211796,5.000000000000004,1.4861578382488647,95.0,,True,0.9374774108997254,faceoff_win_pct,True,True,True,False,True,True,False,False,"ground_ball_value,assist_value,possession_participation,penalty_value",faceoff value dominates this role's total; see the faceoff share-of-total column before comparing across roles,0.8071055426830824,0.1464126478395614,0.046481809477356216
000351,Jules Heningburg,CAN,1,M,midfield,midfield,offensive_field,"roster_position: measurable opportunities cannot separate offensive from defensive field roles (the feed attributes one defensive act, caused turnovers, 741 league-wide)",medium,4,13.0,206.0,3.25,11.0,9.0,2.0,4.0,2.0,50.0,1.0,1.0,0.0,0.0,0.0,0,0,0,0.0,0.0,0.06310679611650485,0.024163568773234202,0.07142857142857142,0.049554013875123884,0.0,0.0,15.0,0.022156573116691284,-0.2004189129655738,-1.6188864964626268,1.418467583497053,0.1756652748035265,,,-0.12013149678439364,"partial: caused turnovers only, relative to positional per-game average",-0.024753638162047287,-0.14488513494644092,shooting+turnover+defense,-0.001904126012465176,-0.018219901178688526,,,-0.03003287419609841,-0.03622128373661023,-0.009659008996429396,0.07506594764256846,-0.09981958580461575,-0.057876338110247075,1.6884307540950394,,,1.7247045867772788,1.7322086105445471,-0.0836418512553716,-0.11870129259342577,,,0.18181818181818182,0.2645596569055049,0.1111111111111111,0.2801091553391304,0.5,0.14538381335811004,,,,,0.07508448388873329,0.060476196833057876,1.999996000008e-06,,,0.1420656181871891,,,53,-0.5493676434547139,3.0482728979742424,0.1326923546697789,0.3630749072063575,63.20754716981132,-0.6701905908210561,31.132075471698112,0.21495918212854556,65.09433962264151,,True,0.07508448388873329,shooting_pct,False,True,True,False,True,True,True,False,"ground_ball_value,assist_value,possession_participation,penalty_value","offensive value covers finishing and possession security only; shot creation, assists and off-ball work are not measured",0.0,0.7579046762850903,0.2420953237149097
000354,Matt Rambo,WHP,1,A,attack,attack,offensive_field,"roster_position: measurable opportunities cannot separate offensive from defensive field roles (the feed attributes one defensive act, caused turnovers, 741 league-wide)",medium,6,20.0,333.0,3.3333333333333335,16.0,16.0,0.0,8.0,4.0,74.0,2.0,4.0,0.0,0.0,0.0,0,0,0,0.0,0.0,0.06006006006006006,0.03372681281618887,0.06201550387596899,0.04827136333985649,0.0,0.0,28.0,0.02854230377166157,-4.655798215933559,-4.655798215933559,0.0,0.0354107866204738,,,-0.18019724517659044,"partial: caused turnovers only, relative to positional per-game average",-4.6203874293130855,-4.800584674489676,shooting+turnover+defense,-0.23101937146565427,-0.29098738849584743,,,-0.030032874196098406,-0.8000974457482793,-0.17144945266034559,0.07506594764256846,-4.695453376955654,-2.5154899242064315,1.8168708406805991,,,1.8666158555323735,1.8770098269098072,-2.5575703470839373,-2.562536704144307,,,0.0,0.24262723232726063,0.0,0.2611078375946573,,,,,,,0.10560941808774488,0.10268331921751499,,,,0.13576726021710783,,,34,0.5944244459259438,3.7653461911498685,-1.4328056031331564,-1.724316853661734,4.411764705882354,-1.2778679051846347,13.235294117647056,-2.5926555859285565,4.411764705882348,,True,0.10560941808774488,shooting_pct,False,True,True,False,True,True,True,False,"ground_ball_value,assist_value,possession_participation,penalty_value","offensive value covers finishing and possession security only; shot creation, assists and off-ball work are not measured",0.0,0.9630091936470014,0.036990806352998486
000355,Matthew Dunn,WHP,1,D,defense,defensive_field,defensive_field,"roster_position: measurable opportunities cannot separate offensive from defensive field roles (the feed attributes one defensive act, caused turnovers, 741 league-wide)",medium,11,12.0,593.0,1.0909090909090908,5.0,2.0,3.0,4.0,7.0,86.0,11.0,0.0,6.0,0.0,0.0,0,0,0,0.0,1.0,0.02023608768971332,0.02023608768971332,0.011111111111111112,0.029132791327913278,0.0,0.09090909090909091,19.0,0.010451045104510451,-0.4542734017461152,0.41802522300830514,-0.8722986247544204,-0.6157092391826331,,,-0.23277819898849514,"partial: caused turnovers only, relative to positional per-game average",-1.0699826409287483,-1.3027608399172435,shooting+turnover+defense,-0.08916522007739569,-0.09085468034922303,,,-0.02116165445349956,-0.11843280362884032,-0.0685663599956444,0.07506594764256846,-1.1450485885713166,-0.7924821856731433,1.3797063971695034,,,1.444888742323841,1.5549083058298363,-0.8378377265288163,-0.3292536750413469,,,0.2,0.2687400916890851,0.5,0.2939349876951085,0.0,0.1453826679777328,,,,,0.035586773317312824,0.014102494476523461,2.999991000027e-06,,,0.1457629194483161,,,80,0.027815821989010826,1.4913697162411945,-0.8921843104470443,-0.9554066507987129,19.374999999999996,0.7801686059619732,80.625,-0.608638184393534,31.250000000000007,,True,0.035586773317312824,shooting_pct,False,True,True,False,True,True,True,True,"ground_ball_value,assist_value,possession_participation,penalty_value","defensive value is PARTIAL (caused turnovers only, on a games-played denominator); a value near zero does NOT mean an average defender",0.0,0.8213193152142322,0.17868068478576785
000358,Ryan Drenner,CAN,1,M,midfield,midfield,offensive_field,"roster_position: measurable opportunities cannot separate offensive from defensive field roles (the feed attributes one defensive act, caused turnovers, 741 league-wide)",medium,10,44.0,538.0,4.4,39.0,37.0,2.0,24.0,5.0,212.0,4.0,2.0,2.0,0.0,0.0,0,0,0,0.0,0.0,0.08178438661710037,0.08178438661710037,0.09397590361445783,0.08191653786707882,0.0,0.024691358024691357,54.0,0.03182086034177961,6.651934209150697,7.233466625653644,-0.581532416502947,1.4962793170023698,,,0.13154398897891106,"partial: caused turnovers only, relative to positional per-game average",8.148213526153068,8.27975751513198,shooting+turnover+defense,0.18518667104893335,0.17056241561924865,,,0.013154398897891106,0.827975751513198,0.15332884287281445,0.07506594764256846,8.073147578510499,2.668531855762973,2.937274723595997,,,3.0253142982257057,3.0360135869317366,2.7271806525410476,2.2646619179723784,,,0.46153846153846156,0.3137989054602678,0.4864864864864865,0.33189629225116996,0.0,0.14538281336011002,,,,,0.2234936020320314,0.20925367009765605,1.999996000008e-06,,,0.13709419965744019,,,53,-0.5493676434547139,3.0482728979742424,2.896435277974675,4.372284975491409,99.05660377358491,-0.027469703875898654,53.77358490566038,1.9240312469933003,95.28301886792453,,True,0.2234936020320314,shooting_pct,False,True,True,False,True,True,True,False,"ground_ball_value,assist_value,possession_participation,penalty_value","offensive value covers finishing and possession security only; shot creation, assists and off-ball work are not measured",0.0,0.9841125795364776,0.015887420463522383
000359,Tim Muller,WHP,1,D,defense,defensive_field,defensive_field,"roster_position: measurable opportunities cannot separate offensive from defensive field roles (the feed attributes one defensive act, caused turnovers, 741 league-wide)",medium,11,3.0,593.0,0.2727272727272727,2.0,2.0,0.0,1.0,1.0,75.0,20.0,0.0,5.0,0.0,0.0,0,0,0,0.0,1.0,0.00505902192242833,0.00505902192242833,0.0044444444444444444,0.02540650406504065,0.0,0.07575757575757576,25.0,0.013751375137513752,-0.5819747769916949,-0.5819747769916949,0.0,0.5653240872396454,,,-0.4487145644584427,"partial: caused turnovers only, relative to positional per-game average",-0.01665068975204942,-0.46536525421049213,shooting+turnover+defense,-0.005550229917349807,-0.29098738849584743,,,-0.040792233132585703,-0.04230593220095383,-0.018614610168419685,0.07506594764256846,-0.09171663739461788,-0.12114295257729983,0.6423608459926775,,,0.7570942877266807,0.9503831450277358,-0.48966067700717797,-0.9059935402699326,,,0.0,0.26733080140379806,0.0,0.2868837404568468,,,,,,,0.014545281099724626,0.014102494476523461,,,,0.14707915514009073,,,80,0.027815821989010826,1.4913697162411945,-0.33069001658589553,-0.27220547049882543,35.625,-0.9106001325705675,18.125000000000004,-0.20715433967596,52.5,,True,0.014545281099724626,shooting_pct,False,True,True,False,True,True,True,False,"ground_ball_value,assist_value,possession_participation,penalty_value","defensive value is PARTIAL (caused turnovers only, on a games-played denominator); a value near zero does NOT mean an average defender",0.0,0.7188528890845195,0.28114711091548045
000365,Jack Rowlett,CHA,1,D,defense,defensive_field,defensive_field,"roster_position: measurable opportunities cannot separate offensive from defensive field roles (the feed attributes one defensive act, caused turnovers, 741 league-wide)",medium,11,3.0,621.0,0.2727272727272727,0.0,0.0,0.0,0.0,3.0,76.0,10.0,0.0,7.0,0.0,0.0,0,0,0,0.0,3.0,0.004830917874396135,0.004830917874396135,0.0,0.026845637583892617,0.0,0.11475409836065574,15.0,0.008038585209003215,0.0,0.0,0.0,0.14386816233587812,,,-0.016841833518547573,"partial: caused turnovers only, relative to positional per-game average",0.14386816233587812,0.12702632881733056,shooting+turnover+defense,0.04795605411195938,,,,-0.0015310757744134158,0.011547848074302779,0.008468421921155371,0.07506594764256846,0.06880221469330963,0.17056964792747212,,,,0.4033672785826761,0.7019554994981053,0.1809606576316501,,,,,,,,,,,,,,,,,,,,,,80,0.027815821989010826,1.4913697162411945,0.06652307992304353,0.2111056857007221,59.375,-0.9360115789897362,16.875,0.04976022298223627,60.0,,True,,shooting_pct,False,False,False,False,True,True,True,False,"ground_ball_value,assist_value,possession_participation,penalty_value","defensive value is PARTIAL (caused turnovers only, on a games-played denominator); a value near zero does NOT mean an average defender",0.0,0.8952035719433206,0.10479642805667944
000373,Ryder Garnsey,RED,1,A,attack,attack,offensive_field,"roster_position: measurable opportunities cannot separate offensive from defensive field roles (the feed attributes one defensive act, caused turnovers, 741 league-wide)",medium,12,74.0,666.0,6.166666666666667,54.0,49.0,5.0,36.0,20.0,378.0,23.0,10.0,2.0,0.0,0.0,0,0,0,0.0,0.0,0.1111111111111111,0.1111111111111111,0.10344827586206896,0.11797752808988764,0.0,0.023529411764705882,106.0,0.0505002382086708,-1.7122130775538906,-0.2583820362965241,-1.4538310412573674,0.27426001402131606,,,0.07147824058671423,"partial: caused turnovers only, relative to positional per-game average",-1.4379530635325746,-1.3664748229458603,shooting+turnover+defense,-0.019431798155845604,-0.03170764958433131,,,0.005956520048892852,-0.11387290191215503,-0.012891271914583589,0.07506594764256846,-1.513019011175143,-0.4113303544167773,3.548846266970229,,,3.678354867149163,3.6889181076654705,-0.3704269878223545,-0.4824703435281983,,,0.25925925925925924,0.2678521600959903,0.2857142857142857,0.28961897643045087,0.0,0.14538237721385067,,,,,0.28495795660251166,0.2595079447685745,4.9999750001249995e-06,,,0.1255650413222611,,,34,0.5944244459259438,3.7653461911498685,-0.5207752937779623,-0.5002053938259478,36.764705882352935,-0.14799614510724068,39.70588235294117,-0.08524630118383021,42.647058823529406,,True,0.28495795660251166,shooting_pct,False,True,True,False,True,True,True,False,"ground_ball_value,assist_value,possession_participation,penalty_value","offensive value covers finishing and possession security only; shot creation, assists and off-ball work are not measured",0.0,0.9652672833076064,0.034732716692393716
000390,Brad Smith,WHP,1,M,midfield,midfield,offensive_field,"roster_position: measurable opportunities cannot separate offensive from defensive field roles (the feed attributes one defensive act, caused turnovers, 741 league-wide)",medium,11,64.0,593.0,5.818181818181818,50.0,33.0,17.0,26.0,14.0,290.0,10.0,2.0,1.0,0.0,0.0,0,0,0,0.0,1.0,0.10792580101180438,0.10792580101180438,0.1111111111111111,0.09823848238482384,0.0,0.015151515151515152,70.0,0.03850385038503851,1.4543906393619856,-3.602583820362966,5.056974459724951,0.5006113167325795,,,-0.11442525068713492,"partial: caused turnovers only, relative to positional per-game average",1.955001956094565,1.8405767054074302,shooting+turnover+defense,0.03054690556397758,0.029087812787239712,,,-0.010402295517012265,0.16732515503703912,0.02629395293439186,0.07506594764256846,1.8799360084519967,0.470348327748107,3.9060388270698487,,,3.9969016525531016,4.005815760474444,0.45947612557933376,0.37234413270105926,,,0.22,0.25745553307140917,0.18181818181818182,0.2701413803584438,0.29411764705882354,0.14538563256998305,,,,,0.2695393965326832,0.19095135681395786,1.6999711004912916e-05,,,0.12528529431438074,,,53,-0.5493676434547139,3.0482728979742424,0.7840322795411144,1.307937963263508,83.9622641509434,0.8720913527405509,76.41509433962264,0.5113989451444753,76.41509433962264,,True,0.2695393965326832,shooting_pct,False,True,True,False,True,True,True,True,"ground_ball_value,assist_value,possession_participation,penalty_value","offensive value covers finishing and possession security only; shot creation, assists and off-ball work are not measured",0.0,0.9447068008422075,0.05529319915779257
000391,Grant Ament,ARC,1,M,midfield,midfield,offensive_field,"roster_position: measurable opportunities cannot separate offensive from defensive field roles (the feed attributes one defensive act, caused turnovers, 741 league-wide)",medium,8,49.0,415.0,6.125,32.0,31.0,1.0,14.0,17.0,215.0,4.0,8.0,1.0,0.0,0.0,0,0,0,0.0,0.0,0.1180722891566265,0.09496124031007752,0.10921501706484642,0.11485042735042734,0.0,0.019230769230769232,64.0,0.051118210862619806,-6.311375251622742,-6.02060904337127,-0.2907662082514735,-1.0585047882923957,,,-0.0243266280988397,"partial: caused turnovers only, relative to positional per-game average",-7.369880039915138,-7.394206668013978,shooting+turnover+defense,-0.15040571510030895,-0.1972304766132107,,,-0.0030408285123549625,-0.9242758335017472,-0.1155344791877184,0.07506594764256846,-7.444945987557706,-2.7321895695355414,2.625397684892833,,,2.724900962426011,2.7344042811220097,-2.7041380526876257,-2.4039692302388724,,,0.09375,0.23736139899441916,0.0967741935483871,0.25574181743801466,0.0,0.145382958742778,,,,,0.19104290603892696,0.18147876650382885,9.99999000001e-07,,,0.12821672490099445,,,53,-0.5493676434547139,3.0482728979742424,-2.2454810489927146,-3.086810635219522,0.9433962264150941,1.221245589718317,80.18867924528303,-1.1416009559672244,12.264150943396224,,True,0.19104290603892696,shooting_pct,False,True,True,False,True,True,True,False,"ground_ball_value,assist_value,possession_participation,penalty_value","offensive value covers finishing and possession security only; shot creation, assists and off-ball work are not measured",0.0,0.9967100421734123,0.0032899578265877206
000395,Bryan Costabile,ATL,1,M,midfield,midfield,offensive_field,"roster_position: measurable opportunities cannot separate offensive from defensive field roles (the feed attributes one defensive act, caused turnovers, 741 league-wide)",medium,12,100.0,688.0,8.333333333333334,75.0,54.0,21.0,46.0,25.0,337.0,13.0,4.0,4.0,0.0,0.0,0,0,0,0.0,1.0,0.14534883720930233,0.14534883720930233,0.14591439688715954,0.10839498230942425,0.0,0.04819277108433735,100.0,0.04450378282153983,-0.8194093520567058,-0.7133189787757619,-0.10609037328094306,-1.3036029780380278,,,0.5033509715266093,"partial: caused turnovers only, relative to positional per-game average",-2.123012330094734,-1.6196613585681245,shooting+turnover+defense,-0.02123012330094734,-0.010925458027422745,,,0.04194591429388411,-0.13497177988067705,-0.016196613585681245,0.07506594764256846,-2.1980782777373022,-0.4643030026492158,4.645177857307697,,,4.734146161440972,4.742358290372897,-0.3415307868779288,-0.17639999526985348,,,0.24,0.26013300235013903,0.2777777777777778,0.28730705058741557,0.14285714285714285,0.14538305108166402,,,,,0.35629176159419224,0.27861062577699297,2.0999559009260807e-05,,,0.11807076702825725,,,53,-0.5493676434547139,3.0482728979742424,-0.3511147954714567,-0.338757553800926,38.67924528301888,2.1598681147522103,99.05660377358491,0.03841644133003695,57.54716981132076,,True,0.35629176159419224,shooting_pct,False,True,True,False,True,True,True,True,"ground_ball_value,assist_value,possession_participation,penalty_value","offensive value covers finishing and possession security only; shot creation, assists and off-ball work are not measured",0.0,0.8083467846143472,0.19165321538565272
000405,Jesse Bernhardt,OUT,1,D,defense,defensive_field,defensive_field,"roster_position: measurable opportunities cannot separate offensive from defensive field roles (the feed attributes one defensive act, caused turnovers, 741 league-wide)",medium,12,3.0,716.0,0.25,1.0,0.0,1.0,0.0,2.0,80.0,15.0,0.0,7.0,0.0,0.0,0,0,0,0.0,2.0,0.004189944134078212,0.004189944134078212,0.001834862385321101,0.024242424242424242,0.0,0.08860759493670886,18.0,0.008866995073891626,-0.2907662082514735,0.0,-0.2907662082514735,0.40147175195033735,,,-0.15578696004656398,"partial: caused turnovers only, relative to positional per-game average",0.11070554369886387,-0.045081416347700104,shooting+turnover+defense,0.03690184789962129,-0.2907662082514735,,,-0.012982246670546998,-0.0037567846956416753,-0.0025045231304277834,0.07506594764256846,0.03563959605629535,0.04359747459402994,0.704973353143229,,,0.8174692774791064,1.0140491541778802,-0.04445683541272607,-0.41244992729873964,,,0.0,0.26928924528872666,,,0.0,0.145382958742778,,,,,0.007325919327830917,,9.99999000001e-07,,,0.14795433258404955,,,80,0.027815821989010826,1.4913697162411945,-0.04887938754746813,0.0706891171845869,54.37499999999999,-1.0074178955312296,14.374999999999993,-0.003317403433021692,57.49999999999999,,True,0.007325919327830917,shooting_pct,False,True,False,False,True,True,True,False,"ground_ball_value,assist_value,possession_participation,penalty_value","defensive value is PARTIAL (caused turnovers only, on a games-played denominator); a value near zero does NOT mean an average defender",0.0,0.8162943607825391,0.18370563921746086
000408,Matt DeLuca,WAT,1,G,goalie,goalie,goalie,measured_opportunity: faced 188 shots on goal as goalie of record,high,8,2.0,440.0,0.25,0.0,0.0,0.0,0.0,2.0,91.0,7.0,0.0,0.0,0.0,0.0,188,159,29,90.0,0.0,0.004545454545454545,0.0029985007496251873,0.0,0.04807184363444268,0.0,0.0,311.0,0.23054114158636027,0.0,0.0,0.0,0.04036193747101824,,-6.8235610766045625,-0.4187856784871711,"partial: caused turnovers only, relative to positional per-game average",0.04036193747101824,-7.2019848176207155,shooting+turnover+defense+goalie,0.02018096873550912,,,-0.03629553764151363,-0.052348209810896384,-0.9002481022025894,-0.023157507452156643,,,,,,7.881794864025674,0.3154711193656391,7.893835782625497,-0.9123555412024709,,,-0.8657369538693357,,,,,,,,,0.5172413793103449,0.5332026721529556,,,,,0.29615953310701787,,,0.08058423671172932,16,-0.3271258080481808,6.982201543348508,-0.9846262624890523,-0.8830662183921325,21.875,-0.25781287473835485,46.875,1.835101592229427,75.0,,True,0.29615953310701787,save_pct,False,True,True,False,True,True,True,True,"ground_ball_value,assist_value,possession_participation,penalty_value",goalie metrics are standardized only against other goalies; a goalie total is not comparable with a field player total,0.0,0.005542160091098613,0.05750410955127773
000409,Zach Currier,WAT,1,M,midfield,midfield,offensive_field,"roster_position: measurable opportunities cannot separate offensive from defensive field roles (the feed attributes one defensive act, caused turnovers, 741 league-wide)",medium,12,49.0,667.0,4.083333333333333,36.0,35.0,1.0,24.0,13.0,229.0,50.0,3.0,4.0,12.0,3.0,0,0,0,0.0,2.0,0.0734632683658171,0.0734632683658171,0.07128712871287128,0.07970762269404803,0.037267080745341616,0.045454545454545456,139.0,0.06750849927149101,-1.4753248056061352,-1.1845585973546608,-0.2907662082514735,-0.024648684804447457,-0.9187728389530373,,0.5033509715266093,"partial: caused turnovers only, relative to positional per-game average",-1.4999734904105826,-1.9153953578370104,shooting+turnover+defense+faceoff,-0.030611703885930257,-0.04098124460017042,-0.07656440324608645,,0.04194591429388411,-0.15961627981975088,-0.013779822718251874,0.07506594764256846,-1.575039438053151,-0.5471986434689852,2.7781230924438005,0.5385783231049892,,2.87836868174258,2.9415803838306647,-0.651144999594637,-0.5310509133374478,-1.7059224249059386,,0.25,0.26681041426391444,0.2571428571428571,0.28421146941984554,0.0,0.145382958742778,0.25,0.39731612647669534,,,0.20991052959601864,0.20020720645621312,9.99999000001e-07,0.40169307200769266,,0.13176699652103707,0.3424450899474323,,53,-0.5493676434547139,3.0482728979742424,-0.4481316995240494,-0.47949464813833204,33.0188679245283,-0.31381051976806645,44.33962264150943,-0.04728417865721958,51.886792452830186,,True,0.20991052959601864,shooting_pct,False,True,True,False,True,True,True,False,"ground_ball_value,assist_value,possession_participation,penalty_value","offensive value covers finishing and possession security only; shot creation, assists and off-ball work are not measured",0.31442239745854095,0.5133208568905661,0.17225674565089308
000410,Eli Gobrecht,WAT,1,D,defense,defensive_field,defensive_field,"roster_position: measurable opportunities cannot separate offensive from defensive field roles (the feed attributes one defensive act, caused turnovers, 741 league-wide)",medium,6,0.0,335.0,0.0,0.0,0.0,0.0,0.0,0.0,15.0,2.0,0.0,3.0,1.0,0.0,0,0,0,0.0,1.0,0.0,0.0,0.0,0.010302197802197802,0.005988023952095809,0.06382978723404255,6.0,0.005940594059405941,0.0,0.0,0.0,0.1562520905419186,-0.15430370782075734,,-0.18586166275825577,"partial: caused turnovers only, relative to positional per-game average",0.1562520905419186,-0.1839132800370945,shooting+turnover+defense+faceoff,,,-0.15430370782075734,,-0.030976943793042628,-0.03065221333951575,-0.03065221333951575,,,,,0.15547416991218138,,0.1792006160948905,0.4861120365224474,-0.3783351701241034,,-0.992471662063961,,,,,,,,0.0,0.46992975997914377,,,,,,0.052984189280608794,,,0.4333804848138243,,80,0.027815821989010826,1.4913697162411945,-0.14196955974118966,-0.04257884691122939,46.87500000000001,-1.4741897120814145,3.125,,50.0,,True,,shooting_pct,False,False,False,False,True,True,True,False,"ground_ball_value,assist_value,possession_participation,penalty_value","defensive value is PARTIAL (caused turnovers only, on a games-played denominator); a value near zero does NOT mean an average defender",0.3108345695019128,0.31475945706884434,0.37440597342924287
000414,Rob Pannell,WHP,1,A,attack,attack,offensive_field,"roster_position: measurable opportunities cannot separate offensive from defensive field roles (the feed attributes one defensive act, caused turnovers, 741 league-wide)",medium,9,66.0,480.0,7.333333333333333,46.0,46.0,0.0,30.0,20.0,300.0,11.0,15.0,2.0,0.0,0.0,0,0,0,0.0,1.0,0.1375,0.11129848229342328,0.12742382271468145,0.12350761630300536,0.0,0.0392156862745098,93.0,0.061752988047808766,-4.385419870808981,-4.385419870808981,0.0,-0.6734992749384218,,,0.16157686317500947,"partial: caused turnovers only, relative to positional per-game average",-5.058919145747403,-4.897342282572393,shooting+turnover+defense,-0.07665029008708187,-0.09533521458280393,,,0.017952984797223275,-0.5441491425080437,-0.052659594436262294,0.07506594764256846,-5.133985093389971,-1.6048973093765362,3.08065439455351,,,3.198949280676656,3.2080591028889085,-1.5265748309194984,-1.4235351679053163,,,0.1956521739130435,0.25211024875482835,0.1956521739130435,0.26738688125068477,,,,,,,0.2534412366486914,0.2475528832492878,,,,0.1257702888105996,,,34,0.5944244459259438,3.7653461911498685,-1.4585024722046211,-1.7588067511899412,1.4705882352941124,0.4360478602857068,60.29411764705883,-0.7633115376398603,13.235294117647062,,True,0.2534412366486914,shooting_pct,False,True,True,False,True,True,True,False,"ground_ball_value,assist_value,possession_participation,penalty_value","offensive value covers finishing and possession security only; shot creation, assists and off-ball work are not measured",0.0,0.9690495188773525,0.030950481122647446
000416,Ryland Rees,RED,2,LSM,long_stick_midfield,defensive_field,defensive_field,"roster_position: measurable opportunities cannot separate offensive from defensive field roles (the feed attributes one defensive act, caused turnovers, 741 league-wide)",medium,5,5.0,264.0,1.0,3.0,1.0,2.0,1.0,2.0,14.0,3.0,0.0,1.0,0.0,0.0,0,0,0,0.0,0.0,0.01893939393939394,0.007503005254129691,0.01485148514851485,0.011647254575707155,0.0,0.03571428571428571,9.0,0.010428736964078795,-0.8725198049987943,-0.29098738849584743,-0.581532416502947,-0.28603744643410445,,,-0.47878926717013454,"partial: caused turnovers only, relative to positional per-game average",-1.1585572514328988,-1.6373465186030334,shooting+turnover+defense,-0.23171145028657975,-0.2908399349995981,,,-0.0957578534340269,-0.3274693037206067,-0.1819273909558926,0.07506594764256846,-1.2336231990754674,-1.1122027693133905,1.0955768277561504,,,1.1091711269852662,1.1748519553751762,-1.3936619938468457,-0.7964022083104852,,,0.0,0.2654006379621949,0.0,0.2889209938165717,0.0,0.14538281336011002,,,,,0.021660393394261863,0.007101320404149502,1.999996000008e-06,,,0.1462134849280119,,,80,0.027815821989010826,1.4913697162411945,-1.1165322203195003,-1.228383168099845,9.375000000000005,0.6357131960620972,71.875,-1.2930849378385407,4.999999999999993,,True,0.021660393394261863,shooting_pct,False,True,True,False,True,True,True,False,"ground_ball_value,assist_value,possession_participation,penalty_value","defensive value is PARTIAL (caused turnovers only, on a games-played denominator); a value near zero does NOT mean an average defender",0.0,0.7075821997785585,0.2924178002214415
000418,Dillon Ward,WAT,1,G,goalie,goalie,goalie,measured_opportunity: faced 100 shots on goal as goalie of record,high,5,0.0,286.0,0.0,0.0,0.0,0.0,0.0,0.0,58.0,9.0,0.0,2.0,0.0,0.0,100,79,21,41.0,0.0,0.0,0.0,0.0,0.045813586097946286,0.0,0.05263157894736842,186.0,0.20643729189789123,0.0,0.0,0.0,0.3009847337124503,,-11.15151138716356,0.17013168188541322,"partial: caused turnovers only, relative to positional per-game average",0.3009847337124503,-10.680394971565695,shooting+turnover+defense+goalie,,,,-0.1115151138716356,0.03402633637708265,-2.136078994313139,-0.05742147834175105,,,,,,6.003294580334777,0.2518563513243768,6.0132767149705035,-1.7761356208630896,,,-1.8575652482043767,,,,,,,,,0.44086021505376344,0.5217311212652739,,,,,0.18360535088153926,,,0.08688176720170304,16,-0.3271258080481808,6.982201543348508,-1.4828086956871653,-1.3125358999771535,3.125,-0.9381751379960799,21.875,,50.0,,True,0.18360535088153926,save_pct,False,True,True,False,True,True,True,False,"ground_ball_value,assist_value,possession_participation,penalty_value",goalie metrics are standardized only against other goalies; a goalie total is not comparable with a field player total,0.0,0.025896444317088024,0.01463797041190561
000727,CJ Costabile,ATL,1,UNK,unknown,unknown,unclassified_field,unlabelled: no position in any game played and no role-defining opportunity,low,1,1.0,58.0,1.0,1.0,1.0,0.0,1.0,0.0,4.0,2.0,0.0,0.0,0.0,0.0,0,0,0,0.0,0.0,0.017241379310344827,0.0014534883720930232,0.024390243902439025,0.013114754098360656,0.0,0.0,4.0,0.023391812865497075,0.7090126115041526,0.7090126115041526,0.0,0.10796818273497379,,,0.0,"partial: caused turnovers only, relative to positional per-game average",0.8169807942391264,0.8169807942391264,shooting+turnover+defense,0.8169807942391264,0.7090126115041526,,,0.0,0.8169807942391264,0.2042451985597816,,,,0.4542177101701498,,,0.4761446241192127,0.4761446241192127,1.7158248835643228,1.560953251335261,,,1.0,0.27661516461655755,1.0,0.29602231422072117,,,,,,,0.007325919327830917,0.007101320404149502,,,,0.14920773851918057,,,3,0.1393417410027684,,,,83.33333333333334,,49.99999999999999,,66.66666666666666,positional sd suppressed (n=3 < 9); use the percentile column or the league scope,True,0.007325919327830917,shooting_pct,False,True,True,False,True,True,True,False,"ground_ball_value,assist_value,possession_participation,penalty_value","offensive value covers finishing and possession security only; shot creation, assists and off-ball work are not measured",0.0,1.0,0.0
000815,Austin Kaut,CHA,1,G,goalie,goalie,goalie,measured_opportunity: faced 8 shots on goal as goalie of record,high,2,0.0,107.0,0.0,0.0,0.0,0.0,0.0,0.0,8.0,0.0,0.0,0.0,0.0,0.0,8,8,0,5.0,0.0,0.0,0.0,0.0,0.018306636155606407,0.0,0.0,9.0,0.027607361963190184,0.0,0.0,0.0,0.0415151356844759,,0.6038095238095238,-0.10469641962179277,"partial: caused turnovers only, relative to positional per-game average",0.0415151356844759,0.5406282398722069,shooting+turnover+defense+goalie,,,,0.07547619047619047,-0.052348209810896384,0.27031411993610344,0.060069804430245205,,,,,,1.4072594424348324,0.09353710066243706,1.4183568281124381,0.38116518294742496,,,0.42906766556479164,,,,,,,,,0.625,0.5415335549124831,,,,,0.01897888000516965,,,0.09497293020831421,16,-0.3271258080481808,6.982201543348508,0.12428086507285668,0.07289280233067452,71.875,-0.9381751379960799,21.875,,50.0,,True,0.01897888000516965,save_pct,False,True,True,False,True,True,True,False,"ground_ball_value,assist_value,possession_participation,penalty_value",goalie metrics are standardized only against other goalies; a goalie total is not comparable with a field player total,0.0,0.055351958552176325,0.13959130288074098
000922,Graeme Hossack,ARC,1,D,defense,defensive_field,defensive_field,"roster_position: measurable opportunities cannot separate offensive from defensive field roles (the feed attributes one defensive act, caused turnovers, 741 league-wide)",medium,10,10.0,516.0,1.0,8.0,4.0,4.0,4.0,2.0,80.0,24.0,0.0,14.0,0.0,0.0,0,0,0,0.0,2.0,0.01937984496124031,0.01937984496124031,0.0226628895184136,0.034677069787602946,0.0,0.21212121212121213,36.0,0.023121387283236993,-1.3270143869892834,-0.16394955398338973,-1.163064833005894,0.40147175195033735,,,1.6336578512991018,"partial: caused turnovers only, relative to positional per-game average",-0.9255426350389461,0.7081152162601557,shooting+turnover+defense,-0.0925542635038946,-0.16587679837366043,,,0.16336578512991018,0.07081152162601557,0.01966986711833766,0.07506594764256846,-1.0006085826815148,-0.5792024372534994,1.6772610492993891,,,1.7275627972600858,1.8123206875989994,0.39072291184750624,-0.7911793978305239,,,0.125,0.2631218961257362,0.25,0.2898474161103773,0.0,0.14538252259564635,,,,,0.05574849194042104,0.027812759663515325,3.9999840000639995e-06,,,0.14327407319797203,,,80,0.027815821989010826,1.4913697162411945,0.45615744162068145,0.6851953758499998,74.375,0.6847807055538067,75.625,-0.624910938623143,29.999999999999993,,True,0.05574849194042104,shooting_pct,False,True,True,False,True,True,True,True,"ground_ball_value,assist_value,possession_participation,penalty_value","defensive value is PARTIAL (caused turnovers only, on a games-played denominator); a value near zero does NOT mean an average defender",0.0,0.5141023537236705,0.4858976462763295
000978,Kyle Jackson,ATL,1,M,midfield,midfield,offensive_field,"roster_position: measurable opportunities cannot separate offensive from defensive field roles (the feed attributes one defensive act, caused turnovers, 741 league-wide)",medium,3,12.0,167.0,4.0,10.0,10.0,0.0,7.0,2.0,53.0,0.0,1.0,0.0,0.0,0.0,0,0,0,0.0,0.0,0.0718562874251497,0.01744186046511628,0.08333333333333333,0.06432038834951456,0.0,0.0,12.0,0.02214022140221402,-1.9098738849584742,-1.9098738849584742,0.0,0.2121175551481318,,,-0.09009862258829522,"partial: caused turnovers only, relative to positional per-game average",-1.6977563298103424,-1.7878549523986376,shooting+turnover+defense,-0.14147969415086187,-0.19098738849584743,,,-0.030032874196098406,-0.5959516507995458,-0.14898791269988645,0.07506594764256846,-1.772822277452911,-1.1967679552047394,1.4363625177239003,,,1.4813417001540803,1.4878940828267804,-1.2016009560317462,-1.329660069370867,,,0.1,0.25950514105952255,0.1,0.27823950345273707,,,,,,,0.06872774785123434,0.06674726087156031,,,,0.14165817096363753,,,53,-0.5493676434547139,3.0482728979742424,-0.4062914805846195,-0.41879934047541034,36.79245283018868,-0.36910888469671094,38.67924528301888,-1.0600618674887505,14.150943396226412,,True,0.06872774785123434,shooting_pct,False,True,True,False,True,True,True,False,"ground_ball_value,assist_value,possession_participation,penalty_value","offensive value covers finishing and possession security only; shot creation, assists and off-ball work are not measured",0.0,0.9592699121488156,0.04073008785118435
001001,Dylan Molloy,RED,1,A,attack,attack,offensive_field,"roster_position: measurable opportunities cannot separate offensive from defensive field roles (the feed attributes one defensive act, caused turnovers, 741 league-wide)",medium,12,121.0,666.0,10.083333333333334,100.0,96.0,4.0,59.0,21.0,336.0,18.0,6.0,2.0,0.0,0.0,0,0,0,0.0,3.0,0.1816816816816817,0.1816816816816817,0.19157088122605365,0.10486891385767791,0.0,0.023529411764705882,136.0,0.06479275845640782,1.9021458713927508,1.0652107043986447,0.8369351669941061,-0.4520082762731054,,,0.07147824058671423,"partial: caused turnovers only, relative to positional per-game average",1.4501375951196454,1.5216158357063596,shooting+turnover+defense,0.011984608224129301,0.01902145871392751,,,0.005956520048892852,0.12680131964219662,0.011188351733134996,0.07506594764256846,1.375071647477077,0.2890819113818333,4.668411681167439,,,4.756685193148651,4.7648584767128055,0.31934124447618356,0.4074503281418141,,,0.3,0.2834732854582697,0.3020833333333333,0.29550445979814294,0.25,0.14538352259164639,,,,,0.42462549373235486,0.4070920835002122,3.9999840000639995e-06,,,0.11473428580211475,,,34,0.5944244459259438,3.7653461911498685,0.24624333134618584,0.529273867215029,72.05882352941177,1.413885405587981,98.52941176470588,0.287052448776883,57.35294117647059,,True,0.42462549373235486,shooting_pct,False,True,True,False,True,True,True,True,"ground_ball_value,assist_value,possession_participation,penalty_value","offensive value covers finishing and possession security only; shot creation, assists and off-ball work are not measured",0.0,0.9705321214653606,0.02946787853463949
001009,Colin Heacock,WHP,1,M,midfield,midfield,offensive_field,"roster_position: measurable opportunities cannot separate offensive from defensive field roles (the feed attributes one defensive act, caused turnovers, 741 league-wide)",medium,9,37.0,492.0,4.111111111111111,32.0,29.0,3.0,21.0,5.0,114.0,2.0,1.0,1.0,0.0,0.0,0,0,0,0.0,1.0,0.07520325203252033,0.06239460370994941,0.08579088471849866,0.04712691194708557,0.0,0.018518518518518517,36.0,0.023920265780730896,-0.31093289113399436,0.5613657336204252,-0.8722986247544204,0.30550482574526344,,,-0.054359502294938106,"partial: caused turnovers only, relative to positional per-game average",-0.005428065388730918,-0.059787567683669024,shooting+turnover+defense,-0.0001467044699657005,-0.009716652847937324,,,-0.006039944699437567,-0.006643063075963225,-0.0016607657689908062,0.07506594764256846,-0.08049401303129938,-0.028902480607838822,2.733872785017663,,,2.7850209164907493,2.7954799610402628,-0.021387228138605826,-0.11373348929693723,,,0.28125,0.27318194387671796,0.3103448275862069,0.29431264291636505,0.0,0.1453826679777328,,,,,0.19104290603892696,0.17178173233533064,2.999991000027e-06,,,0.1343162694829516,,,53,-0.5493676434547139,3.0482728979742424,0.16060900456005753,0.40357205796126744,65.09433962264151,-0.25393535302758496,48.11320754716981,0.23101320569172326,66.98113207547169,,True,0.19104290603892696,shooting_pct,False,True,True,False,True,True,True,False,"ground_ball_value,assist_value,possession_participation,penalty_value","offensive value covers finishing and possession security only; shot creation, assists and off-ball work are not measured",0.0,0.9189628389308785,0.08103716106912148
001391,Mikie Schlosser,WAT,1,M,midfield,midfield,offensive_field,"roster_position: measurable opportunities cannot separate offensive from defensive field roles (the feed attributes one defensive act, caused turnovers, 741 league-wide)",medium,5,11.0,267.0,2.2,8.0,7.0,1.0,6.0,3.0,39.0,1.0,0.0,0.0,0.0,0.0,0,0,0,0.0,0.0,0.04119850187265917,0.01649175412293853,0.03980099502487562,0.031578947368421054,0.0,0.0,9.0,0.010465116279069767,-0.32767792772240556,-0.03691171947093208,-0.2907662082514735,-0.1739294519299738,,,-0.15016437098049204,"partial: caused turnovers only, relative to positional per-game average",-0.5016073796523793,-0.6517717506328714,shooting+turnover+defense,-0.04560067087748903,-0.040959740965300695,,,-0.03003287419609841,-0.1303543501265743,-0.07241908340365238,0.07506594764256846,-0.5766733272949478,-0.40397459466882624,1.393263624109776,,,1.4274989935139313,1.4388117753813023,-0.4529930612085407,-0.2351873127612694,,,0.25,0.27009045761828887,0.2857142857142857,0.29073597860245093,0.0,0.145382958742778,,,,,0.05574849194042104,0.047677791200198036,9.99999000001e-07,,,0.14447832253063098,,,53,-0.5493676434547139,3.0482728979742424,-0.03359414022485031,0.12185222186550737,55.660377358490564,-1.4240843174990785,8.490566037735848,-0.18420820254732073,44.33962264150943,,True,0.05574849194042104,shooting_pct,False,True,True,False,True,True,True,False,"ground_ball_value,assist_value,possession_participation,penalty_value","offensive value covers finishing and possession security only; shot creation, assists and off-ball work are not measured",0.0,0.7696058921935751,0.23039410780642486
001397,Michael Rexrode,ATL,1,D,defense,defensive_field,defensive_field,"roster_position: measurable opportunities cannot separate offensive from defensive field roles (the feed attributes one defensive act, caused turnovers, 741 league-wide)",medium,12,4.0,688.0,0.3333333333333333,2.0,0.0,2.0,1.0,2.0,69.0,17.0,1.0,12.0,0.0,0.0,0,0,0,0.0,3.0,0.005813953488372093,0.005813953488372093,0.0038910505836575876,0.02219363139273078,0.0,0.14457831325301204,25.0,0.011125945705384957,1.418467583497053,0.0,1.418467583497053,0.2868868855529304,,,0.9238948673031738,"partial: caused turnovers only, relative to positional per-game average",1.7053544690499836,2.6292493363531575,shooting+turnover+defense,0.4263386172624959,0.7092337917485265,,,0.07699123894193115,0.21910411136276312,0.1051699734541263,0.07506594764256846,1.6302885214074152,1.5257718856386169,0.9969828771267917,,,1.0685008268618428,1.2254524407218357,2.1455335588580122,1.4227602259177605,,,0.5,0.2746034419536604,,,0.5,0.14538381335811004,,,,,0.014545281099724626,,1.999996000008e-06,,,0.1483326283050701,,,80,0.027815821989010826,1.4913697162411945,1.744325022852633,2.2525801588187004,94.375,-0.8264985867908481,24.374999999999996,1.8665933761882698,92.5,,True,0.014545281099724626,shooting_pct,False,True,True,False,True,True,True,False,"ground_ball_value,assist_value,possession_participation,penalty_value","defensive value is PARTIAL (caused turnovers only, on a games-played denominator); a value near zero does NOT mean an average defender",0.0,0.6486088806683348,0.35139111933166517
001406,Ben Randall,WAT,1,D,defense,defensive_field,defensive_field,"roster_position: measurable opportunities cannot separate offensive from defensive field roles (the feed attributes one defensive act, caused turnovers, 741 league-wide)",medium,12,12.0,667.0,1.0,5.0,3.0,2.0,4.0,7.0,113.0,27.0,1.0,15.0,0.0,0.0,0,0,0,0.0,0.0,0.017991004497751123,0.017991004497751123,0.009900990099009901,0.03933170901496694,0.0,0.17045454545454544,34.0,0.01651287032540068,-0.4544945819904893,0.12703783451245765,-0.581532416502947,-0.3344554762071796,,,1.5717039637130166,"partial: caused turnovers only, relative to positional per-game average",-0.788950058197669,0.7827539055153476,shooting+turnover+defense,-0.06574583818313907,-0.09089891639809786,,,0.13097533030941805,0.06522949212627897,0.023022173691627873,0.07506594764256846,-0.8640160058402374,-0.6344090788440698,1.2700063157247123,,,1.361922511283295,1.488244803184899,0.5259577616802191,-0.35786796991725034,,,0.2,0.2687400916890851,0.3333333333333333,0.2918768915695165,0.0,0.14538281336011002,,,,,0.035586773317312824,0.02100562585349776,1.999996000008e-06,,,0.1457629194483161,,,80,0.027815821989010826,1.4913697162411945,0.5062045147524258,0.7460904193223702,76.875,0.5300598870186288,68.125,-0.4961882102224178,37.50000000000001,,True,0.035586773317312824,shooting_pct,False,True,True,False,True,True,True,False,"ground_ball_value,assist_value,possession_participation,penalty_value","defensive value is PARTIAL (caused turnovers only, on a games-played denominator); a value near zero does NOT mean an average defender",0.0,0.33420825367670864,0.6657917463232913
001415,Greg Weyl,OUT,1,D,defense,defensive_field,defensive_field,"roster_position: measurable opportunities cannot separate offensive from defensive field roles (the feed attributes one defensive act, caused turnovers, 741 league-wide)",medium,2,0.0,116.0,0.0,0.0,0.0,0.0,0.0,0.0,1.0,1.0,0.0,0.0,0.0,0.0,0,0,0,0.0,0.0,0.0,0.0,0.0,0.0016778523489932886,0.0,0.0,1.0,0.0030864197530864196,0.0,0.0,0.0,0.010416806036127907,,,-0.2778902530560328,"partial: caused turnovers only, relative to positional per-game average",0.010416806036127907,-0.26747344701990494,shooting+turnover+defense,,,,,-0.1389451265280164,-0.13373672350995247,-0.26747344701990494,,,,,,,0.046269400117707984,0.24929394022257387,-1.0729239819511862,,,,,,,,,,,,,,,,,,,,,,80,0.027815821989010826,1.4913697162411945,-0.197998702664524,-0.11075260574532915,44.375,-1.4741897120814145,3.125,,50.0,,True,,shooting_pct,False,False,False,False,True,True,True,False,"ground_ball_value,assist_value,possession_participation,penalty_value","defensive value is PARTIAL (caused turnovers only, on a games-played denominator); a value near zero does NOT mean an average defender",0.0,0.0361309434077993,0.9638690565922008
001661,Warren Jeffrey,ARC,1,D,defense,defensive_field,defensive_field,"roster_position: measurable opportunities cannot separate offensive from defensive field roles (the feed attributes one defensive act, caused turnovers, 741 league-wide)",medium,10,4.0,516.0,0.4,0.0,0.0,0.0,0.0,4.0,42.0,11.0,0.0,10.0,0.0,0.0,0,0,0,0.0,4.0,0.007751937984496124,0.007751937984496124,0.0,0.018205461638491547,0.0,0.15151515151515152,16.0,0.010276172125883108,0.0,0.0,0.0,-0.4262396083624182,,,0.7699123894193115,"partial: caused turnovers only, relative to positional per-game average",-0.4262396083624182,0.3436727810568933,shooting+turnover+defense,-0.10655990209060455,,,,0.07699123894193115,0.03436727810568933,0.02147954881605583,0.07506594764256846,-0.5013055560049866,-1.6717987795258735,,,,0.29985998443374756,0.6244590190611596,0.5503528183059743,,,,,,,,,,,,,,,,,,,,,,80,0.027815821989010826,1.4913697162411945,0.21178984367736747,0.38785979618833744,63.125,-0.610601545027326,34.37500000000001,-0.692160095942353,25.625000000000004,,True,,shooting_pct,False,False,True,False,True,True,True,False,"ground_ball_value,assist_value,possession_participation,penalty_value","defensive value is PARTIAL (caused turnovers only, on a games-played denominator); a value near zero does NOT mean an average defender",0.0,0.3563423454150324,0.6436576545849676
001671,Zach Goodrich,CAN,1,SSDM,short_stick_defensive_midfield,defensive_field,defensive_field,"roster_position: measurable opportunities cannot separate offensive from defensive field roles (the feed attributes one defensive act, caused turnovers, 741 league-wide)",medium,10,2.0,538.0,0.2,0.0,0.0,0.0,0.0,2.0,49.0,4.0,0.0,4.0,7.0,0.0,0,0,0,0.0,5.0,0.0037174721189591076,0.0037174721189591076,0.0,0.01893353941267388,0.02464788732394366,0.04938271604938271,18.0,0.01060695344725987,0.0,0.0,0.0,0.07855076483037228,-1.0801259547453013,,-0.5257058034003739,"partial: caused turnovers only, relative to positional per-game average",0.07855076483037228,-1.5272809933153029,shooting+turnover+defense+faceoff,0.03927538241518614,,-0.15430370782075734,,-0.052570580340037386,-0.15272809933153028,-0.08484894407307238,0.07506594764256846,0.003484817187803732,0.010759400933719417,,0.4113459888818328,,0.3238858008239559,0.7577206548371019,-2.015625393824911,,-2.625833201100178,,,,,,,,0.0,0.3565732822911958,,,,,,0.2814233854334786,,,0.365303527622018,,80,0.027815821989010826,1.4913697162411945,-1.0427305840859737,-1.1385846331297336,13.124999999999998,-1.0600526356874465,13.124999999999998,0.008079306188720109,58.75,,True,,shooting_pct,False,False,True,False,True,True,True,False,"ground_ball_value,assist_value,possession_participation,penalty_value","defensive value is PARTIAL (caused turnovers only, on a games-played denominator); a value near zero does NOT mean an average defender",0.6412592982957833,0.04663475413624278,0.31210594756797394
001707,Matt Whitcher,WAT,1,SSDM,short_stick_defensive_midfield,defensive_field,defensive_field,"roster_position: measurable opportunities cannot separate offensive from defensive field roles (the feed attributes one defensive act, caused turnovers, 741 league-wide)",medium,11,9.0,608.0,0.8181818181818182,6.0,4.0,2.0,4.0,3.0,73.0,15.0,1.0,5.0,3.0,0.0,0,0,0,0.0,5.0,0.014802631578947368,0.013493253373313344,0.013043478260869565,0.028218013142636257,0.010273972602739725,0.0625,37.0,0.01980728051391863,-0.7454819704863367,-0.16394955398338973,-0.581532416502947,0.11261774422749439,-0.462911123462272,,-0.4487145644584427,"partial: caused turnovers only, relative to positional per-game average",-0.6328642262588423,-1.544489914179557,shooting+turnover+defense+faceoff,-0.07031824736209359,-0.12424699508105612,-0.15430370782075734,,-0.040792233132585703,-0.14040817401632336,-0.04174297065350154,0.07506594764256846,-0.7079301739014109,-0.5036751772831636,1.3487882599625756,0.2692891615524946,,1.4055292097577725,1.5420977186470366,-1.001551260664998,-0.5527049668322449,-1.7190113437671095,,0.16666666666666666,0.2668408904331582,0.25,0.2898474161103773,0.0,0.14538281336011002,0.0,0.4249034322215318,,,0.04240233552031815,0.027812759663515325,1.999996000008e-06,0.1437225249139689,,0.1449244805262424,0.4095645423512906,,80,0.027815821989010826,1.4913697162411945,-1.0542695879136945,-1.152624777652615,11.875000000000002,0.17486598191496164,60.62499999999999,-0.5181429866718895,35.0,,True,0.04240233552031815,shooting_pct,False,True,True,False,True,True,True,True,"ground_ball_value,assist_value,possession_participation,penalty_value","defensive value is PARTIAL (caused turnovers only, on a games-played denominator); a value near zero does NOT mean an average defender",0.2615722884313848,0.4848773224571448,0.25355038911147043
001729,Chris Aslanian,CHA,1,M,midfield,midfield,offensive_field,"roster_position: measurable opportunities cannot separate offensive from defensive field roles (the feed attributes one defensive act, caused turnovers, 741 league-wide)",medium,1,2.0,51.0,2.0,2.0,2.0,0.0,2.0,0.0,9.0,0.0,0.0,0.0,0.0,0.0,0,0,0,0.0,0.0,0.0392156862745098,0.00322061191626409,0.04878048780487805,0.036290322580645164,0.0,0.0,4.0,0.028169014084507043,-0.5819747769916949,-0.5819747769916949,0.0,0.1093568410338159,,,-0.03003287419609841,"partial: caused turnovers only, relative to positional per-game average",-0.47261793595787893,-0.5026508101539774,shooting+turnover+defense,-0.23630896797893947,-0.29098738849584743,,,-0.03003287419609841,-0.5026508101539774,-0.12566270253849435,0.07506594764256846,-0.5476838836004474,-0.830479398122003,0.6423608459926775,,,0.6594791933899231,0.6643779016589468,-0.7565736441547227,-0.9059935402699326,,,0.0,0.26733080140379806,0.0,0.2868837404568468,,,,,,,0.014545281099724626,0.014102494476523461,,,,0.14707915514009073,,,53,-0.5493676434547139,3.0482728979742424,0.015325672885712628,0.19281750796634306,57.54716981132076,-1.4923156560034012,6.6037735849056585,-1.9263260845244525,0.9433962264150941,,True,0.014545281099724626,shooting_pct,False,True,True,False,True,True,True,False,"ground_ball_value,assist_value,possession_participation,penalty_value","offensive value covers finishing and possession security only; shot creation, assists and off-ball work are not measured",0.0,0.9583665753998991,0.04163342460010085
001733,Charlie Hayes,WAT,1,SSDM,short_stick_defensive_midfield,defensive_field,defensive_field,"roster_position: measurable opportunities cannot separate offensive from defensive field roles (the feed attributes one defensive act, caused turnovers, 741 league-wide)",medium,2,1.0,116.0,0.5,1.0,1.0,0.0,0.0,0.0,12.0,2.0,0.0,1.0,1.0,0.0,0,0,0,0.0,0.0,0.008620689655172414,0.0014992503748125937,0.011627906976744186,0.021897810218978103,0.014705882352941176,0.05263157894736842,6.0,0.0158311345646438,-0.29098738849584743,-0.29098738849584743,0.0,0.12500167243353486,-0.15430370782075734,,-0.06195388758608526,"partial: caused turnovers only, relative to positional per-game average",-0.16598571606231258,-0.38224331146915513,shooting+turnover+defense+faceoff,-0.16598571606231258,-0.29098738849584743,-0.15430370782075734,,-0.03097694379304263,-0.19112165573457757,-0.06370721857819252,0.07506594764256846,-0.24105166370488104,-0.500451944620424,0.4542177101701498,0.15547416991218138,,0.48166795292944786,0.5623013832755264,-0.6797836940085505,-0.6406341760360768,-0.992471662063961,,0.0,0.26928924528872666,0.0,0.2889209938165717,,,0.0,0.46992975997914377,,,0.007325919327830917,0.007101320404149502,,0.052984189280608794,,0.14795433258404955,0.4333804848138243,,80,0.027815821989010826,1.4913697162411945,-0.27495471377256286,-0.2043892431876056,40.62500000000001,-0.5138201125126437,36.875,-0.9774977396252087,13.125000000000004,,True,0.007325919327830917,shooting_pct,False,True,True,False,True,True,True,False,"ground_ball_value,assist_value,possession_participation,penalty_value","defensive value is PARTIAL (caused turnovers only, on a games-played denominator); a value near zero does NOT mean an average defender",0.24405618641769392,0.6579537539035428,0.09799005967876337
001773,Nick Washuta,ARC,1,G,goalie,goalie,goalie,roster_position: rostered goalie who faced no shot on goal (no goalie opportunity to measure),medium,1,0.0,49.0,0.0,0.0,0.0,0.0,0.0,0.0,0.0,0.0,0.0,0.0,0.0,0.0,0,0,0,0.0,0.0,0.0,0.0,0.0,0.0,0.0,0.0,2.0,0.013157894736842105,0.0,0.0,0.0,-0.0,,,-0.052348209810896384,"partial: caused turnovers only, relative to positional per-game average",0.0,-0.052348209810896384,shooting+turnover+defense,,,,,-0.052348209810896384,-0.052348209810896384,-0.026174104905448192,,,,,,,0.0,0.10631971672941574,-0.4923659639173312,,,,,,,,,,,,,,,,,,,,,,16,-0.3271258080481808,6.982201543348508,0.03935400554271414,-0.00032035993657396095,46.875,-0.9381751379960799,21.875,,50.0,,True,,save_pct,False,False,True,False,True,True,True,False,"ground_ball_value,assist_value,possession_participation,penalty_value",goalie metrics are standardized only against other goalies; a goalie total is not comparable with a field player total,0.0,0.0,1.0
001795,Christian Scarpello,WAT,1,SSDM,short_stick_defensive_midfield,defensive_field,defensive_field,"roster_position: measurable opportunities cannot separate offensive from defensive field roles (the feed attributes one defensive act, caused turnovers, 741 league-wide)",medium,7,9.0,398.0,1.2857142857142858,5.0,5.0,0.0,5.0,4.0,38.0,7.0,0.0,2.0,1.0,0.0,0,0,0,0.0,0.0,0.022613065326633167,0.013493253373313344,0.01639344262295082,0.022686567164179106,0.005555555555555556,0.041666666666666664,13.0,0.010492332526230832,1.545063057520763,1.545063057520763,0.0,-0.4679068325069299,-0.15430370782075734,,-0.5407431547562198,"partial: caused turnovers only, relative to positional per-game average",1.077156225013833,0.3821093624368558,shooting+turnover+defense+faceoff,0.11968402500153699,0.3090126115041526,-0.15430370782075734,,-0.0772490221080314,0.054587051776693686,0.029393027879758137,0.07506594764256846,1.0020902773712645,0.9498928890423464,1.0156616765247526,0.15547416991218138,,1.0549508149087652,1.1606535136474203,0.3292191493360109,1.521237921280481,-0.992471662063961,,0.6,0.28297480101601025,0.6,0.30165632224424516,,,0.0,0.46992975997914377,,,0.035586773317312824,0.0345258845471243,,0.052984189280608794,,0.1481251468649134,0.4333804848138243,,80,0.027815821989010826,1.4913697162411945,0.23756251490797078,0.41921883152803296,64.375,1.044970745078879,86.875,0.3941676249494775,73.75,,True,0.035586773317312824,shooting_pct,False,True,True,False,True,True,True,False,"ground_ball_value,assist_value,possession_participation,penalty_value","defensive value is PARTIAL (caused turnovers only, on a games-played denominator); a value near zero does NOT mean an average defender",0.056980337242132036,0.74333731063205,0.19968235212581797
001809,Jeff Teat,ATL,1,A,attack,attack,offensive_field,"roster_position: measurable opportunities cannot separate offensive from defensive field roles (the feed attributes one defensive act, caused turnovers, 741 league-wide)",medium,12,107.0,688.0,8.916666666666666,84.0,82.0,2.0,52.0,23.0,432.0,21.0,29.0,1.0,0.0,0.0,0,0,0,0.0,1.0,0.1555232558139535,0.1555232558139535,0.16342412451361868,0.1389514313284014,0.0,0.012048192771084338,171.0,0.07610146862483311,-3.4424982731624354,-2.86096585665949,-0.581532416502947,0.2825919638143688,,,-0.14445812488323334,"partial: caused turnovers only, relative to positional per-game average",-3.1599063093480666,-3.3043644342313,shooting+turnover+defense,-0.02953183466680436,-0.0409821222995528,,,-0.012038177073602779,-0.2753637028526083,-0.019323768621235672,0.07506594764256846,-3.234972256990635,-0.7425171172917442,4.232221706423894,,,4.356764553509376,4.365686618516956,-0.7568945558794616,-0.8134021589505168,,,0.25,0.2631343602442218,0.25609756097560976,0.2780896323132827,0.0,0.14538281336011002,,,,,0.3826850685215738,0.36967096426840856,1.999996000008e-06,,,0.11607407097471878,,,34,0.5944244459259438,3.7653461911498685,-1.0354396866139484,-1.1909791266478014,10.294117647058826,0.8349420524635088,83.82352941176471,-0.2049363421805087,30.88235294117647,,True,0.3826850685215738,shooting_pct,False,True,True,False,True,True,True,True,"ground_ball_value,assist_value,possession_participation,penalty_value","offensive value covers finishing and possession security only; shot creation, assists and off-ball work are not measured",0.0,0.9626679624146642,0.03733203758533576
001810,Michael Sowers,WAT,1,A,attack,attack,offensive_field,"roster_position: measurable opportunities cannot separate offensive from defensive field roles (the feed attributes one defensive act, caused turnovers, 741 league-wide)",medium,12,100.0,667.0,8.333333333333334,73.0,72.0,1.0,57.0,27.0,367.0,8.0,27.0,0.0,0.0,0.0,0,0,0,0.0,0.0,0.14992503748125938,0.14992503748125938,0.14455445544554454,0.1277410372432997,0.0,0.0,155.0,0.07527926177756192,2.7581418200475127,3.0489080282989853,-0.2907662082514735,-1.3709529055318699,,,-0.3603944903531809,"partial: caused turnovers only, relative to positional per-game average",1.3871889145156429,1.026794424162462,shooting+turnover+defense,0.013871889145156429,0.03778276465818511,,,-0.030032874196098406,0.0855662020135385,0.0066244801558868515,0.07506594764256846,1.312122966873074,0.3253943099200969,3.9181087097426777,,,4.032409070691114,4.042047153333844,0.2540283141713405,0.7039472419918268,,,0.3287671232876712,0.29140501544541925,0.3333333333333333,0.3053813273155802,0.0,0.145382958742778,,,,,0.35011715078952416,0.33991303948875046,9.99999000001e-07,,,0.1228955305996351,,,34,0.5944244459259438,3.7653461911498685,0.11482874516366323,0.3528914605279795,66.17647058823529,0.7110411988937486,72.05882352941177,0.30941758880037623,66.17647058823529,,True,0.35011715078952416,shooting_pct,False,True,True,False,True,True,True,True,"ground_ball_value,assist_value,possession_participation,penalty_value","offensive value covers finishing and possession security only; shot creation, assists and off-ball work are not measured",0.0,0.9197248343811159,0.08027516561888416
001811,JT Giles-Harris,OUT,1,D,defense,defensive_field,defensive_field,"roster_position: measurable opportunities cannot separate offensive from defensive field roles (the feed attributes one defensive act, caused turnovers, 741 league-wide)",medium,12,7.0,716.0,0.5833333333333334,2.0,1.0,1.0,2.0,5.0,88.0,16.0,1.0,7.0,0.0,0.0,0,0,0,0.0,1.0,0.009776536312849162,0.009776536312849162,0.003669724770642202,0.02666666666666667,0.0,0.08860759493670886,21.0,0.010344827586206896,-0.5817535967473209,-0.29098738849584743,-0.2907662082514735,-0.16300289617048208,,,-0.15578696004656398,"partial: caused turnovers only, relative to positional per-game average",-0.744756492917803,-0.900543452964367,shooting+turnover+defense,-0.10639378470254328,-0.29087679837366043,,,-0.012982246670546998,-0.07504528774703058,-0.04288302156973176,0.07506594764256846,-0.8198224405603713,-0.8681829344293016,0.8386305246496946,,,0.9442968849638586,1.1188102048243522,-0.804911725939922,-0.6936947554947703,,,0.0,0.26733080140379806,0.0,0.2889209938165717,0.0,0.145382958742778,,,,,0.014545281099724626,0.007101320404149502,9.99999000001e-07,,,0.14707915514009073,,,80,0.027815821989010826,1.4913697162411945,-0.6224876801797933,-0.6272518358059662,26.874999999999993,-0.38505547346431684,43.125,-0.6913624704507321,27.500000000000004,,True,0.014545281099724626,shooting_pct,False,True,True,False,True,True,True,False,"ground_ball_value,assist_value,possession_participation,penalty_value","defensive value is PARTIAL (caused turnovers only, on a games-played denominator); a value near zero does NOT mean an average defender",0.0,0.827007836730419,0.17299216326958097
001812,TD Ierlan,RED,1,FO,faceoff,faceoff,faceoff,measured_opportunity: took 90.5% of team faceoffs in games played (threshold 50%),high,12,19.0,666.0,1.5833333333333333,13.0,13.0,0.0,9.0,6.0,85.0,83.0,3.0,2.0,294.0,173.0,0,0,0,0.0,1.0,0.028528528528528527,0.028528528528528527,0.02490421455938697,0.026529338327091135,0.9046153846153846,0.023529411764705882,480.0,0.2286803239637923,0.21716394955398322,0.21716394955398322,0.0,0.5171809247058003,8.430308666369598,,-0.23777262714668396,"partial: caused turnovers only, relative to positional per-game average",0.7343448742597836,8.926880913482698,shooting+turnover+defense+faceoff,0.03864973022419913,0.016704919196460246,0.028674519273365978,,-0.019814385595556996,0.7439067427902248,0.018597668569755622,,,,1.6377052442423161,2.6658266912733213,,1.7420866985285877,3.207194848754053,2.783392133767818,0.13260258542705838,3.1623618646952982,,0.3076923076923077,0.2744644679898539,0.3076923076923077,0.2924084429278594,,,0.5884353741496599,0.5831505822722893,,,0.0875411209798102,0.0850680218981886,,0.942689739074334,,0.1427722054067999,0.10918541101273149,,10,1.1496775888259447,6.901774226979002,1.1268411670517564,2.1596659615025744,75.0,-0.5982108247358383,25.0,0.881410169581733,75.0,,True,0.942689739074334,faceoff_win_pct,True,True,True,False,True,True,False,False,"ground_ball_value,assist_value,possession_participation,penalty_value",faceoff value dominates this role's total; see the faceoff share-of-total column before comparing across roles,0.8966099298138493,0.07810163687076062,0.025288433315390105
001813,Jared Conners,RED,1,LSM,long_stick_midfield,defensive_field,defensive_field,"roster_position: measurable opportunities cannot separate offensive from defensive field roles (the feed attributes one defensive act, caused turnovers, 741 league-wide)",medium,12,14.0,666.0,1.1666666666666667,8.0,1.0,7.0,3.0,6.0,90.0,28.0,2.0,7.0,0.0,0.0,0,0,0,0.0,3.0,0.021021021021021023,0.021021021021021023,0.01532567049808429,0.028089887640449437,0.0,0.08235294117647059,58.0,0.027632205812291567,-0.32635084625616173,-0.29098738849584743,-0.035363457760314354,-0.358105649568174,,,-0.15578696004656398,"partial: caused turnovers only, relative to positional per-game average",-0.6844564958243358,-0.8402434558708998,shooting+turnover+defense,-0.04888974970173827,-0.040793855782020216,,,-0.012982246670546998,-0.07002028798924165,-0.014486956135705168,0.07506594764256846,-0.7595224434669041,-0.3856933461992855,1.9196941758327726,,,1.9692391661702746,2.0586263772345044,-0.4081573349893909,-0.17000147750856678,,,0.125,0.2631218961257362,0.0,0.2889209938165717,0.14285714285714285,0.14538308644413164,,,,,0.05574849194042104,0.007101320404149502,6.9999510003429975e-06,,,0.14327407319797203,,,80,0.027815821989010826,1.4913697162411945,-0.5820550520817482,-0.578055219667171,28.125000000000007,0.8676124346148076,81.875,-0.4152523971886668,42.49999999999999,,True,0.05574849194042104,shooting_pct,False,True,True,False,True,True,True,True,"ground_ball_value,assist_value,possession_participation,penalty_value","defensive value is PARTIAL (caused turnovers only, on a games-played denominator); a value near zero does NOT mean an average defender",0.0,0.8145930694752116,0.18540693052478835
001814,Mac O'Keefe,ARC,1,A,attack,attack,offensive_field,"roster_position: measurable opportunities cannot separate offensive from defensive field roles (the feed attributes one defensive act, caused turnovers, 741 league-wide)",medium,10,57.0,516.0,5.7,48.0,40.0,8.0,35.0,9.0,205.0,11.0,7.0,1.0,0.0,0.0,0,0,0,0.0,1.0,0.11046511627906977,0.11046511627906977,0.1359773371104816,0.08885999133073255,0.0,0.015151515151515152,77.0,0.04945407835581246,-2.9656252058456847,-2.639495539833897,-0.32612966601178783,0.5474785343185005,,,-0.08439237649103652,"partial: caused turnovers only, relative to positional per-game average",-2.418146671527184,-2.5025390480182206,shooting+turnover+defense,-0.04242362581626639,-0.06178385845511843,,,-0.008439237649103652,-0.2502539048018221,-0.03250050711711975,0.07506594764256846,-2.4932126191697526,-0.6986212314869689,3.496919867315325,,,3.5687615932643717,3.5778361067192654,-0.6994560324656542,-0.8480678192155633,,,0.20833333333333334,0.2548120202676441,0.225,0.276308754580703,0.125,0.14538294106220825,,,,,0.261578044198555,0.222446049915556,7.999936000511995e-06,,,0.12553254840895534,,,34,0.5944244459259438,3.7653461911498685,-0.8224910371384491,-0.9051630967355847,13.235294117647056,-0.16229342798099686,36.764705882352935,-0.3577099494368308,22.058823529411764,,True,0.261578044198555,shooting_pct,False,True,True,False,True,True,True,False,"ground_ball_value,assist_value,possession_participation,penalty_value","offensive value covers finishing and possession security only; shot creation, assists and off-ball work are not measured",0.0,0.9765413571677458,0.023458642832254253
001815,Connor Kirst,CAN,1,M,midfield,midfield,offensive_field,"roster_position: measurable opportunities cannot separate offensive from defensive field roles (the feed attributes one defensive act, caused turnovers, 741 league-wide)",medium,10,43.0,538.0,4.3,29.0,22.0,7.0,15.0,14.0,109.0,12.0,2.0,1.0,22.0,8.0,0,0,0,0.0,2.0,0.07992565055762081,0.07992565055762081,0.06987951807228916,0.042117465224111285,0.07746478873239436,0.012345679012345678,77.0,0.04537418974661167,-0.43708600466895753,-0.4017225469086432,-0.035363457760314354,-1.6986762640586068,-0.9070238256671926,,-0.08439237649103652,"partial: caused turnovers only, relative to positional per-game average",-2.1357622687275644,-3.1271784708857933,shooting+turnover+defense+faceoff,-0.04966888997040848,-0.015071931195481295,-0.04122835571214512,,-0.008439237649103652,-0.3127178470885793,-0.04061270741410121,0.07506594764256846,-2.2108282163701327,-0.7679582516126386,2.8315744774952973,0.7292384968015612,,2.8788390667430237,2.980663525862733,-1.0491551440649955,-0.1543614720865782,-1.243795863281214,,0.2413793103448276,0.26600600222002674,0.2727272727272727,0.2885048441724892,0.14285714285714285,0.14538308644413164,0.36363636363636365,0.42306850146169966,,,0.1762900361743197,0.13595446791364887,6.9999510003429975e-06,0.55174413491668,,0.13438435865100473,0.3011688756523654,,53,-0.5493676434547139,3.0482728979742424,-0.845662745334969,-1.0561711030580856,14.150943396226412,-0.0914312993883155,50.0,-0.22137133250702848,38.67924528301888,,True,0.1762900361743197,shooting_pct,False,True,True,False,True,True,True,False,"ground_ball_value,assist_value,possession_participation,penalty_value","offensive value covers finishing and possession security only; shot creation, assists and off-ball work are not measured",0.2900454304452513,0.6829678218277693,0.026986747726979537
001816,Dox Aitken,ATL,1,M,midfield,midfield,offensive_field,"roster_position: measurable opportunities cannot separate offensive from defensive field roles (the feed attributes one defensive act, caused turnovers, 741 league-wide)",medium,2,6.0,105.0,3.0,4.0,4.0,0.0,1.0,2.0,19.0,1.0,0.0,0.0,0.0,0.0,0,0,0,0.0,1.0,0.05714285714285714,0.00872093023255814,0.05263157894736842,0.039832285115303984,0.0,0.0,6.0,0.01639344262295082,-1.1639495539833897,-1.1639495539833897,0.0,-0.2010082887573949,,,-0.06006574839219682,"partial: caused turnovers only, relative to positional per-game average",-1.3649578427407847,-1.4250235911329816,shooting+turnover+defense,-0.22749297379013078,-0.29098738849584743,,,-0.03003287419609841,-0.7125117955664908,-0.23750393185549692,0.07506594764256846,-1.440023790383353,-1.5418292909539204,0.9084354203402996,,,0.933970964770308,0.9408890170636617,-1.5145501385277227,-1.2812683520721535,,,0.0,0.26349814678948846,0.0,0.28289422619449844,,,,,,,0.02867349810933653,0.027812759663515325,,,,0.14535719057312235,,,53,-0.5493676434547139,3.0482728979742424,-0.28726297709768467,-0.24613122776177518,44.33962264150943,-0.8754177129547935,19.811320754716977,-1.8457920891128115,6.6037735849056585,,True,0.02867349810933653,shooting_pct,False,True,True,False,True,True,True,False,"ground_ball_value,assist_value,possession_participation,penalty_value","offensive value covers finishing and possession security only; shot creation, assists and off-ball work are not measured",0.0,0.957849295432056,0.04215070456794392
001817,Jack Kielty,CAN,1,D,defense,defensive_field,defensive_field,"roster_position: measurable opportunities cannot separate offensive from defensive field roles (the feed attributes one defensive act, caused turnovers, 741 league-wide)",medium,10,1.0,538.0,0.1,1.0,1.0,0.0,0.0,0.0,56.0,7.0,0.0,12.0,0.0,0.0,0,0,0,0.0,1.0,0.0018587360594795538,0.0018587360594795538,0.0024096385542168677,0.021638330757341576,0.0,0.14814814814814814,9.0,0.005303476723629935,-0.29098738849584743,-0.29098738849584743,0.0,0.5833411380231628,,,1.2017851203592067,"partial: caused turnovers only, relative to positional per-game average",0.29235374952731535,1.4941388698865221,shooting+turnover+defense,0.29235374952731535,-0.29098738849584743,,,0.12017851203592067,0.1494138869886522,0.16601542998739136,0.07506594764256846,0.21728780188474695,0.38044528722241794,0.4542177101701498,,,0.5711407374004741,0.7913499846089438,1.8880885814698927,-0.6406341760360768,,,0.0,0.26928924528872666,0.0,0.2889209938165717,,,,,,,0.007325919327830917,0.007101320404149502,,,,0.14795433258404955,,,80,0.027815821989010826,1.4913697162411945,0.9832055941119616,1.3264840297039986,88.125,-1.2671211738844304,9.375000000000005,1.2232546670724498,85.0,,True,0.007325919327830917,shooting_pct,False,True,False,False,True,True,True,False,"ground_ball_value,assist_value,possession_participation,penalty_value","defensive value is PARTIAL (caused turnovers only, on a games-played denominator); a value near zero does NOT mean an average defender",0.0,0.42113712215788807,0.5788628778421119
001819,Danny Logan,ATL,1,SSDM,short_stick_defensive_midfield,defensive_field,defensive_field,"roster_position: measurable opportunities cannot separate offensive from defensive field roles (the feed attributes one defensive act, caused turnovers, 741 league-wide)",medium,11,7.0,639.0,0.6363636363636364,4.0,3.0,1.0,2.0,3.0,76.0,17.0,2.0,2.0,13.0,2.0,0,0,0,0.0,5.0,0.010954616588419406,0.010174418604651164,0.008385744234800839,0.02634315424610052,0.04234527687296417,0.02631578947368421,51.0,0.024661508704061894,0.8362716262609842,1.1270378345124576,-0.2907662082514735,0.14386816233587812,-1.3840337650724783,,-1.0965236608682853,"partial: caused turnovers only, relative to positional per-game average",0.9801397885968623,-1.5004176373439013,shooting+turnover+defense+faceoff,0.14001996979955175,0.20906790656524604,-0.10646413577480603,,-0.09968396916984412,-0.13640160339490012,-0.02941995367340983,0.07506594764256846,0.9050738409542938,0.8004070897027512,1.056375223743273,0.5605700916285705,,1.1307668967430222,1.386689930821865,-1.0820137970242794,0.7916425976914242,-2.468975397976688,,0.5,0.2778348958441567,0.6666666666666666,0.29887876685401576,0.0,0.145382958742778,0.15384615384615385,0.3520568054992051,,,0.02867349810933653,0.02100562585349776,9.99999000001e-07,0.42107234115370834,,0.14781479066004977,0.32886037905700505,,80,0.027815821989010826,1.4913697162411945,-1.0247180445534512,-1.1166677794709126,14.374999999999993,-0.25381394549324243,46.87500000000001,0.4918122373311054,77.5,,True,0.02867349810933653,shooting_pct,False,True,True,False,True,True,True,False,"ground_ball_value,assist_value,possession_participation,penalty_value","defensive value is PARTIAL (caused turnovers only, on a games-played denominator); a value near zero does NOT mean an average defender",0.3999291701274696,0.28322032464426855,0.31685050522826186
001820,Ryan Terefenko,OUT,1,SSDM,short_stick_defensive_midfield,defensive_field,defensive_field,"roster_position: measurable opportunities cannot separate offensive from defensive field roles (the feed attributes one defensive act, caused turnovers, 741 league-wide)",medium,12,24.0,716.0,2.0,16.0,11.0,5.0,10.0,8.0,164.0,18.0,4.0,2.0,7.0,0.0,0,0,0,0.0,1.0,0.0335195530726257,0.0335195530726257,0.029357798165137616,0.0496969696969697,0.022364217252396165,0.02531645569620253,60.0,0.029556650246305417,1.3453076852883115,0.7991387265456784,0.5461689587426326,-0.01913473383460395,-1.0801259547453013,,-1.235468787396302,"partial: caused turnovers only, relative to positional per-game average",1.3261729514537075,-0.9894217906878957,shooting+turnover+defense+faceoff,0.05525720631057115,0.08408173033051947,-0.15430370782075734,,-0.10295573228302517,-0.08245181589065798,-0.016490363178131594,0.07506594764256846,1.2511070038111392,0.5537016183860721,2.1804559508883443,0.4113459888818328,,2.2595328643933934,2.3737594560758777,-0.41681636618881934,0.6169845736806637,-2.625833201100178,,0.3125,0.27563017547968094,0.36363636363636365,0.29628605346388925,0.2,0.1453833772088507,0.0,0.3565732822911958,,,0.10560941808774488,0.07293516471214119,4.9999750001249995e-06,0.2814233854334786,,0.1415537681314163,0.365303527622018,,80,0.027815821989010826,1.4913697162411945,-0.6820827871178201,-0.6997645003963323,21.875000000000007,2.259984820320063,99.375,0.08481727016906349,61.24999999999999,,True,0.10560941808774488,shooting_pct,False,True,True,False,True,True,True,True,"ground_ball_value,assist_value,possession_participation,penalty_value","defensive value is PARTIAL (caused turnovers only, on a games-played denominator); a value near zero does NOT mean an average defender",0.2935095237935459,0.3707686524160184,0.3357218237904357
001821,Tre Leclaire,ARC,1,M,midfield,midfield,offensive_field,"roster_position: measurable opportunities cannot separate offensive from defensive field roles (the feed attributes one defensive act, caused turnovers, 741 league-wide)",medium,5,31.0,255.0,6.2,23.0,17.0,6.0,16.0,8.0,101.0,5.0,1.0,0.0,0.0,0.0,0,0,0,0.0,0.0,0.12156862745098039,0.060077519379844964,0.12921348314606743,0.08714408973252805,0.0,0.0,31.0,0.03994845360824742,-1.6913828539382472,0.05321439557059371,-1.7445972495088409,-0.5002641521578689,,,-0.15016437098049204,"partial: caused turnovers only, relative to positional per-game average",-2.191647006096116,-2.341811377076608,shooting+turnover+defense,-0.07069829051922956,-0.07353838495383683,,,-0.03003287419609841,-0.4683622754153216,-0.0755423024863422,0.07506594764256846,-2.2667129537386845,-0.8731473689529283,2.547402196709363,,,2.5960256359208977,2.602263447626145,-0.8999132579035654,-0.6639638044291204,,,0.21739130434782608,0.26345735989910907,0.29411764705882354,0.2913267251553979,0.0,0.14538223183234575,,,,,0.14510890899679016,0.10840531308309803,5.9999640002159985e-06,,,0.13645538937998936,,,53,-0.5493676434547139,3.0482728979742424,-0.5880194436702433,-0.6824221156431423,19.811320754716977,1.3415592698761405,87.73584905660378,-0.4134746405443917,25.47169811320754,,True,0.14510890899679016,shooting_pct,False,True,True,False,True,True,True,False,"ground_ball_value,assist_value,possession_participation,penalty_value","offensive value covers finishing and possession security only; shot creation, assists and off-ball work are not measured",0.0,0.9358768291714643,0.06412317082853582
001826,Jeff Trainor,CAN,1,SSDM,short_stick_defensive_midfield,defensive_field,defensive_field,"roster_position: measurable opportunities cannot separate offensive from defensive field roles (the feed attributes one defensive act, caused turnovers, 741 league-wide)",medium,10,18.0,538.0,1.8,15.0,13.0,2.0,10.0,3.0,88.0,14.0,0.0,4.0,0.0,0.0,0,0,0,0.0,3.0,0.03345724907063197,0.03345724907063197,0.03614457831325301,0.03400309119010819,0.0,0.04938271604938271,38.0,0.022392457277548614,1.6356315330510363,2.217163949553983,-0.581532416502947,0.26886983476941306,,,-0.5257058034003739,"partial: caused turnovers only, relative to positional per-game average",1.9045013678204494,1.3787955644200756,shooting+turnover+defense,0.10580563154558052,0.10904210220340242,,,-0.052570580340037386,0.13787955644200756,0.03628409380052831,0.07506594764256846,1.829435420177881,0.9306219803230306,1.9173036599096138,,,1.9658201276772564,2.040706208792251,0.6756462828797324,0.8530894543476456,,,0.4,0.28410603114922045,0.46153846153846156,0.30549583091219606,0.0,0.14538281336011002,,,,,0.09966668826667181,0.0850680218981886,1.999996000008e-06,,,0.14334687119117007,,,80,0.027815821989010826,1.4913697162411945,0.9058650767269403,1.2323795421960329,84.375,2.253043975464298,98.125,0.3275294449707984,71.25,,True,0.09966668826667181,shooting_pct,False,True,True,False,True,True,True,True,"ground_ball_value,assist_value,possession_participation,penalty_value","defensive value is PARTIAL (caused turnovers only, on a games-played denominator); a value near zero does NOT mean an average defender",0.0,0.783678605830019,0.21632139416998084
001827,Jared Bernhardt,OUT,1,M,midfield,midfield,offensive_field,"roster_position: measurable opportunities cannot separate offensive from defensive field roles (the feed attributes one defensive act, caused turnovers, 741 league-wide)",medium,11,82.0,661.0,7.454545454545454,63.0,62.0,1.0,38.0,19.0,282.0,11.0,5.0,0.0,0.0,0.0,0,0,0,0.0,3.0,0.12405446293494705,0.11452513966480447,0.126,0.0912621359223301,0.0,0.0,96.0,0.05139186295503212,2.6680157050059883,2.958781913257461,-0.2907662082514735,-0.6762765915361058,,,-0.3303616161570825,"partial: caused turnovers only, relative to positional per-game average",1.9917391134698825,1.6613774973128002,shooting+turnover+defense,0.024289501383779055,0.04234945563501569,,,-0.030032874196098406,0.15103431793752728,0.017306015597008336,0.07506594764256846,1.916673165827314,0.5124957080729512,3.645331065766083,,,3.739881399269172,3.7494066153570595,0.4431041142638475,0.7318994233642515,,,0.3333333333333333,0.29097202231897085,0.3387096774193548,0.3056479687349751,0.0,0.145382958742778,,,,,0.31737773108284545,0.3072061414033728,9.99999000001e-07,,,0.12587379018077627,,,53,-0.5493676434547139,3.0482728979742424,0.7252451518486699,1.2226587058323324,82.0754716981132,1.4271001958860483,91.50943396226415,0.4542376371008967,72.64150943396227,,True,0.31737773108284545,shooting_pct,False,True,True,False,True,True,True,True,"ground_ball_value,assist_value,possession_participation,penalty_value","offensive value covers finishing and possession security only; shot creation, assists and off-ball work are not measured",0.0,0.9100972162261618,0.08990278377383816
001828,Justin Anderson,OUT,1,M,midfield,midfield,offensive_field,"roster_position: measurable opportunities cannot separate offensive from defensive field roles (the feed attributes one defensive act, caused turnovers, 741 league-wide)",medium,12,44.0,716.0,3.6666666666666665,32.0,29.0,3.0,18.0,12.0,172.0,16.0,1.0,3.0,0.0,0.0,0,0,0,0.0,1.0,0.061452513966480445,0.061452513966480445,0.05871559633027523,0.052121212121212124,0.0,0.0379746835443038,56.0,0.027586206896551724,1.6890671088660056,2.561365733620425,-0.8722986247544204,-0.5013056458820003,,,0.2874146060566618,"partial: caused turnovers only, relative to positional per-game average",1.1877614629840054,1.4751760690406672,shooting+turnover+defense,0.02699457870418194,0.052783347152062676,,,0.023951217171388484,0.12293133908672227,0.02634242980429763,0.07506594764256846,1.112695515341437,0.39588034567575653,2.733872785017663,,,2.810686429613214,2.8244965006163727,0.5222793049022183,0.6178294462429029,,,0.34375,0.2851221255041509,0.3793103448275862,0.30615965893949126,0.0,0.1453826679777328,,,,,0.19104290603892696,0.17178173233533064,2.999991000027e-06,,,0.13609759119572118,,,53,-0.5493676434547139,3.0482728979742424,0.6641609134932802,1.1340471561245542,80.18867924528303,-0.7271166536709366,29.245283018867923,0.4789484842094403,74.52830188679246,,True,0.19104290603892696,shooting_pct,False,True,True,False,True,True,True,False,"ground_ball_value,assist_value,possession_participation,penalty_value","offensive value covers finishing and possession security only; shot creation, assists and off-ball work are not measured",0.0,0.8840035224155299,0.11599647758447004
001831,Colin Squires,WHP,1,LSM,long_stick_midfield,defensive_field,defensive_field,"roster_position: measurable opportunities cannot separate offensive from defensive field roles (the feed attributes one defensive act, caused turnovers, 741 league-wide)",medium,11,6.0,593.0,0.5454545454545454,1.0,0.0,1.0,0.0,5.0,64.0,42.0,1.0,6.0,0.0,0.0,0,0,0,0.0,1.0,0.01011804384485666,0.01011804384485666,0.0022222222222222222,0.02168021680216802,0.0,0.09090909090909091,74.0,0.0407040704070407,-0.2907662082514735,0.0,-0.2907662082514735,-0.41300624103755185,,,-0.23277819898849514,"partial: caused turnovers only, relative to positional per-game average",-0.7037724492890254,-0.9365506482775205,shooting+turnover+defense,-0.11729540821483757,-0.2907662082514735,,,-0.02116165445349956,-0.08514096802522914,-0.012656089841588116,0.07506594764256846,-0.7788383969315937,-0.9781420669734581,0.704973353143229,,,0.7962426146760617,0.9818547057842171,-0.9538586949374432,-0.41244992729873964,,,0.0,0.26928924528872666,,,0.0,0.145382958742778,,,,,0.007325919327830917,,9.99999000001e-07,,,0.14795433258404955,,,80,0.027815821989010826,1.4913697162411945,-0.6466313884239872,-0.6566288217336779,24.375000000000004,-0.3470105530597206,44.375,-0.7437074592260917,23.749999999999993,,True,0.007325919327830917,shooting_pct,False,True,True,False,True,True,True,False,"ground_ball_value,assist_value,possession_participation,penalty_value","defensive value is PARTIAL (caused turnovers only, on a games-played denominator); a value near zero does NOT mean an average defender",0.0,0.7514515638672454,0.24854843613275449
001832,Charlie Bertrand,RED,1,M,midfield,midfield,offensive_field,"roster_position: measurable opportunities cannot separate offensive from defensive field roles (the feed attributes one defensive act, caused turnovers, 741 league-wide)",medium,9,37.0,507.0,4.111111111111111,31.0,29.0,2.0,22.0,6.0,132.0,7.0,3.0,0.0,0.0,0.0,0,0,0,0.0,1.0,0.07297830374753451,0.05555555555555555,0.07769423558897243,0.05605095541401274,0.0,0.0,46.0,0.028804007514088917,-2.0201666828825218,-1.4386342663795748,-0.581532416502947,0.30828214234294765,,,-0.2702958677648857,"partial: caused turnovers only, relative to positional per-game average",-1.7118845405395742,-1.9821804083044599,shooting+turnover+defense,-0.04626714974431281,-0.06516666718975876,,,-0.03003287419609841,-0.22024226758938442,-0.043090878441401304,0.07506594764256846,-1.7869504881821427,-0.6612023274251762,2.641414957180758,,,2.7025774321466827,2.7133542864939795,-0.7305276786636311,-0.7648047412583335,,,0.22580645161290322,0.2628107663914645,0.2413793103448276,0.2824656268932388,0.0,0.14538281336011002,,,,,0.18618435271903616,0.17178173233533064,1.999996000008e-06,,,0.1330639329389669,,,53,-0.5493676434547139,3.0482728979742424,-0.47004084371905636,-0.5112770403259141,29.245283018867923,-0.33049880135287063,42.45283018867925,-0.19029647856624984,42.45283018867925,,True,0.18618435271903616,shooting_pct,False,True,True,False,True,True,True,False,"ground_ball_value,assist_value,possession_participation,penalty_value","offensive value covers finishing and possession security only; shot creation, assists and off-ball work are not measured",0.0,0.8959898336708643,0.10401016632913575
001839,Nick Grill,OUT,1,LSM,long_stick_midfield,defensive_field,defensive_field,"roster_position: measurable opportunities cannot separate offensive from defensive field roles (the feed attributes one defensive act, caused turnovers, 741 league-wide)",medium,7,1.0,414.0,0.14285714285714285,0.0,0.0,0.0,0.0,1.0,16.0,9.0,0.0,3.0,0.0,0.0,0,0,0,0.0,0.0,0.0024154589371980675,0.0013966480446927375,0.0,0.008579088471849867,0.0,0.06976744186046512,13.0,0.010887772194304857,0.0,0.0,0.0,-0.049267468891901076,,,-0.3248067892862722,"partial: caused turnovers only, relative to positional per-game average",-0.049267468891901076,-0.3740742581781733,shooting+turnover+defense,-0.049267468891901076,,,,-0.04640096989803889,-0.053439179739739044,-0.028774942936782563,0.07506594764256846,-0.12433341653446947,-0.6717907311212645,,,,0.18507760047083194,0.4942437228246746,-0.756861930466784,,,,,,,,,,,,,,,,,,,,,,80,0.027815821989010826,1.4913697162411945,-0.2694771630337891,-0.19772440407740052,41.875,-1.2051006455355753,11.875000000000002,-0.41706604510514567,41.25,,True,,shooting_pct,False,False,True,False,True,True,True,False,"ground_ball_value,assist_value,possession_participation,penalty_value","defensive value is PARTIAL (caused turnovers only, on a games-played denominator); a value near zero does NOT mean an average defender",0.0,0.1317050500396495,0.8682949499603505
001843,Cole Williams,CHA,1,M,midfield,midfield,offensive_field,"roster_position: measurable opportunities cannot separate offensive from defensive field roles (the feed attributes one defensive act, caused turnovers, 741 league-wide)",medium,1,2.0,52.0,2.0,2.0,2.0,0.0,2.0,0.0,10.0,0.0,0.0,0.0,0.0,0.0,0,0,0,0.0,0.0,0.038461538461538464,0.00322061191626409,0.046511627906976744,0.0398406374501992,0.0,0.0,2.0,0.011428571428571429,0.41802522300830514,0.41802522300830514,0.0,0.12150760114868434,,,-0.03003287419609841,"partial: caused turnovers only, relative to positional per-game average",0.5395328241569894,0.509499949960891,shooting+turnover+defense,0.2697664120784947,0.20901261150415257,,,-0.03003287419609841,0.509499949960891,0.2547499749804455,0.07506594764256846,0.46446687651442087,0.7022970447990246,0.6423608459926775,,,0.6613538814581468,0.6662388056982858,0.7647407290046448,0.650763858999386,,,0.5,0.2746034419536604,0.5,0.2939349876951085,,,,,,,0.014545281099724626,0.014102494476523461,,,,0.1483326283050701,,,53,-0.5493676434547139,3.0482728979742424,0.3473664034868023,0.674490759476557,72.64150943396227,-1.5182668915883786,4.716981132075471,2.696666111548824,99.05660377358491,,True,0.014545281099724626,shooting_pct,False,True,True,False,True,True,True,False,"ground_ball_value,assist_value,possession_participation,penalty_value","offensive value covers finishing and possession security only; shot creation, assists and off-ball work are not measured",0.0,0.9472705707472567,0.052729429252743175
001846,Adam Charalambides,CHA,1,A,attack,attack,offensive_field,"roster_position: measurable opportunities cannot separate offensive from defensive field roles (the feed attributes one defensive act, caused turnovers, 741 league-wide)",medium,10,75.0,570.0,7.5,56.0,54.0,2.0,35.0,19.0,297.0,8.0,2.0,1.0,0.0,0.0,0,0,0,0.0,5.0,0.13157894736842105,0.12077294685990338,0.13493975903614458,0.11498257839721254,0.0,0.01818181818181818,81.0,0.04698375870069606,-1.2948513952787088,-0.7133189787757619,-0.581532416502947,-0.49401518981307957,,,-0.08439237649103652,"partial: caused turnovers only, relative to positional per-game average",-1.7888665850917884,-1.873258961582825,shooting+turnover+defense,-0.02385155446789051,-0.02312234634426266,,,-0.008439237649103652,-0.1873258961582825,-0.023126653846701543,0.07506594764256846,-1.8639325327343568,-0.5195595130796977,3.483520659020638,,,3.5875245969145393,3.5965517694664206,-0.5208486021211197,-0.3717076836980049,,,0.26785714285714285,0.27027665985860494,0.2777777777777778,0.28730705058741557,0.0,0.14538281336011002,,,,,0.29242569468352736,0.27861062577699297,1.999996000008e-06,,,0.12527096620760858,,,34,0.5944244459259438,3.7653461911498685,-0.6553669389839513,-0.6808519947171893,22.058823529411768,0.30500197541914487,54.41176470588236,-0.13762243008296898,33.8235294117647,,True,0.29242569468352736,shooting_pct,False,True,True,False,True,True,True,False,"ground_ball_value,assist_value,possession_participation,penalty_value","offensive value covers finishing and possession security only; shot creation, assists and off-ball work are not measured",0.0,0.9549489001671565,0.04505109983284346
002006,Reid Bowering,ATL,1,M,midfield,midfield,offensive_field,"roster_position: measurable opportunities cannot separate offensive from defensive field roles (the feed attributes one defensive act, caused turnovers, 741 league-wide)",medium,9,30.0,521.0,3.3333333333333335,25.0,25.0,0.0,22.0,5.0,128.0,20.0,5.0,1.0,0.0,0.0,0,0,0,0.0,2.0,0.05758157389635317,0.0436046511627907,0.06345177664974619,0.05601750547045952,0.0,0.014925373134328358,67.0,0.03929618768328446,5.725315287603814,5.725315287603814,0.0,0.4756154673534215,,,-0.054359502294938106,"partial: caused turnovers only, relative to positional per-game average",6.200930754957235,6.146571252662297,shooting+turnover+defense,0.20669769183190784,0.22901261150415256,,,-0.006039944699437567,0.682952361406922,0.09173986944272085,0.07506594764256846,6.125864807314667,2.6180844985703016,2.271088550850749,,,2.33982700354397,2.352266378155384,2.613042174875771,2.5209564309850943,,,0.52,0.3100181632511609,0.52,0.325724399318312,,,,,,,0.15576164865736222,0.15168165016901117,,,,0.14241836220026016,,,53,-0.5493676434547139,3.0482728979742424,2.1966336742904016,3.3571212235972916,95.28301886792453,-0.8603208822947747,23.584905660377352,2.1205341497782078,97.16981132075472,,True,0.15576164865736222,shooting_pct,False,True,True,False,True,True,True,False,"ground_ball_value,assist_value,possession_participation,penalty_value","offensive value covers finishing and possession security only; shot creation, assists and off-ball work are not measured",0.0,0.9913098353458634,0.008690164654136637
002015,Logan Wisnauskas,OUT,1,A,attack,attack,offensive_field,"roster_position: measurable opportunities cannot separate offensive from defensive field roles (the feed attributes one defensive act, caused turnovers, 741 league-wide)",medium,12,71.0,716.0,5.916666666666667,50.0,46.0,4.0,36.0,21.0,286.0,10.0,9.0,0.0,0.0,0.0,0,0,0,0.0,1.0,0.09916201117318436,0.09916201117318436,0.09174311926605505,0.08666666666666667,0.0,0.0,89.0,0.04384236453201971,-0.548484703814875,0.6145801291910189,-1.163064833005894,-1.0595462820165276,,,-0.3603944903531809,"partial: caused turnovers only, relative to positional per-game average",-1.6080309858314026,-1.9684254761845834,shooting+turnover+defense,-0.022648323744104262,-0.0109696940762975,,,-0.030032874196098406,-0.16403545634871528,-0.02211714018184925,0.07506594764256846,-1.683096933473971,-0.48213489059078724,3.387975975896211,,,3.490925395197134,3.5020540245996385,-0.5620774158130292,-0.16189155640921746,,,0.28,0.2736278968633702,0.30434782608695654,0.2942948033429987,0.0,0.14538252259564635,,,,,0.2695393965326832,0.2475528832492878,3.9999840000639995e-06,,,0.1277579820016399,,,34,0.5944244459259438,3.7653461911498685,-0.6806412457197938,-0.7147747363162303,19.11764705882353,-0.41245594172739286,25.0,-0.12336359700823898,36.76470588235294,,True,0.2695393965326832,shooting_pct,False,True,True,False,True,True,True,False,"ground_ball_value,assist_value,possession_participation,penalty_value","offensive value covers finishing and possession security only; shot creation, assists and off-ball work are not measured",0.0,0.8169123013731072,0.18308769862689275
002017,Arden Cohen,RED,1,LSM,long_stick_midfield,defensive_field,defensive_field,"roster_position: measurable opportunities cannot separate offensive from defensive field roles (the feed attributes one defensive act, caused turnovers, 741 league-wide)",medium,8,3.0,452.0,0.375,0.0,0.0,0.0,0.0,3.0,32.0,18.0,0.0,11.0,0.0,0.0,0,0,0,0.0,6.0,0.00663716814159292,0.0045045045045045045,0.0,0.014427412082957619,0.0,0.1864406779661017,24.0,0.017316017316017316,0.0,0.0,0.0,-0.3144713032537497,,,1.263739007945292,"partial: caused turnovers only, relative to positional per-game average",-0.3144713032537497,0.9492677046915422,shooting+turnover+defense,-0.10482376775124991,,,,0.1579673759931615,0.11865846308644278,0.03955282102881426,0.07506594764256846,-0.3895372508963182,-1.4882645492097892,,,,0.2617392526773196,0.5554582624913023,1.7089811580692915,,,,,,,,,,,,,,,,,,,,,,80,0.027815821989010826,1.4913697162411945,0.6178561041355543,0.8819430868968958,79.375,-0.7347901088735997,29.375,-0.6838239125836497,28.749999999999996,,True,,shooting_pct,False,False,True,False,True,True,True,False,"ground_ball_value,assist_value,possession_participation,penalty_value","defensive value is PARTIAL (caused turnovers only, on a games-played denominator); a value near zero does NOT mean an average defender",0.0,0.19925817302183946,0.8007418269781607
002018,Matt Moore,ARC,1,A,attack,attack,offensive_field,"roster_position: measurable opportunities cannot separate offensive from defensive field roles (the feed attributes one defensive act, caused turnovers, 741 league-wide)",medium,4,32.0,208.0,8.0,25.0,21.0,4.0,15.0,7.0,115.0,6.0,1.0,0.0,0.0,0.0,0,0,0,0.0,1.0,0.15384615384615385,0.06201550387596899,0.17857142857142858,0.12260127931769722,0.0,0.0,36.0,0.056338028169014086,-1.2737999914186897,-0.1107351584127958,-1.163064833005894,-0.11421714507976334,,,-0.12013149678439364,"partial: caused turnovers only, relative to positional per-game average",-1.388017136498453,-1.5081486332828467,shooting+turnover+defense,-0.04337553551557666,-0.05095199965674759,,,-0.03003287419609841,-0.37703715832071166,-0.041893017591190185,0.07506594764256846,-1.4630830841410214,-0.569275995466523,2.5140680196535112,,,2.570076897308873,2.5751186413202185,-0.5856618056671925,-0.5066688655441569,,,0.24,0.26640490162709946,0.2857142857142857,0.29029881786882183,0.0,0.14538252259564635,,,,,0.15576164865736222,0.13058168132684947,3.9999840000639995e-06,,,0.13609724346315488,,,34,0.5944244459259438,3.7653461911498685,-0.5584010001924159,-0.5507059725171457,30.882352941176467,0.797824106541257,80.88235294117648,-0.36899051370132246,19.117647058823533,,True,0.15576164865736222,shooting_pct,False,True,True,False,True,True,True,False,"ground_ball_value,assist_value,possession_participation,penalty_value","offensive value covers finishing and possession security only; shot creation, assists and off-ball work are not measured",0.0,0.9203450547689729,0.07965494523102717
002019,Koby Smith,ATL,1,LSM,long_stick_midfield,defensive_field,defensive_field,"roster_position: measurable opportunities cannot separate offensive from defensive field roles (the feed attributes one defensive act, caused turnovers, 741 league-wide)",medium,2,2.0,115.0,1.0,0.0,0.0,0.0,0.0,2.0,8.0,3.0,0.0,1.0,0.0,0.0,0,0,0,0.0,0.0,0.017391304347826087,0.0029069767441860465,0.0,0.014652014652014652,0.0,0.07692307692307693,5.0,0.012658227848101266,0.0,0.0,0.0,-0.3485382826508719,,,-0.06195388758608526,"partial: caused turnovers only, relative to positional per-game average",-0.3485382826508719,-0.41049217023695717,shooting+turnover+defense,-0.17426914132543594,,,,-0.03097694379304263,-0.20524608511847858,-0.08209843404739144,0.07506594764256846,-0.42360423029344035,-3.2368414439974957,,,,0.1308696263386598,0.27772913124565113,-1.4780306566900152,,,,,,,,,,,,,,,,,,,,,,80,0.027815821989010826,1.4913697162411945,-0.29389626693685783,-0.2274364791435947,38.125,0.4632515670486275,65.625,-1.0172712469317797,9.999999999999998,,True,,shooting_pct,False,False,True,False,True,True,True,False,"ground_ball_value,assist_value,possession_participation,penalty_value","defensive value is PARTIAL (caused turnovers only, on a games-played denominator); a value near zero does NOT mean an average defender",0.0,0.8490741308163751,0.15092586918362486
002021,Roman Puglise,WHP,1,SSDM,short_stick_defensive_midfield,defensive_field,defensive_field,"roster_position: measurable opportunities cannot separate offensive from defensive field roles (the feed attributes one defensive act, caused turnovers, 741 league-wide)",medium,9,9.0,474.0,1.0,6.0,5.0,1.0,4.0,3.0,83.0,11.0,1.0,1.0,0.0,0.0,0,0,0,0.0,7.0,0.0189873417721519,0.01517706576728499,0.01680672268907563,0.033671399594320486,0.0,0.0196078431372549,27.0,0.018218623481781375,-0.7457031507307106,-0.4549369424792371,-0.2907662082514735,0.21678580458877353,,,-1.0345697732822001,"partial: caused turnovers only, relative to positional per-game average",-0.5289173461419371,-1.563487119424137,shooting+turnover+defense,-0.05876859401577079,-0.12428385845511843,,,-0.11495219703135556,-0.17372079104712634,-0.05790693034904212,0.07506594764256846,-0.6039832937845055,-0.4623852227554931,1.236347875722314,,,1.3062339885889667,1.4058011891960531,-1.1121680159612477,-0.6031499429681528,,,0.16666666666666666,0.2668408904331582,0.2,0.28784596842539545,0.0,0.145382958742778,,,,,0.04240233552031815,0.0345258845471243,9.99999000001e-07,,,0.1449244805262424,,,80,0.027815821989010826,1.4913697162411945,-1.0670076803113733,-1.168123919595837,10.625000000000002,0.6410547224118276,73.125,-0.4626864325090382,38.75,,True,0.04240233552031815,shooting_pct,False,True,True,False,True,True,True,False,"ground_ball_value,assist_value,possession_participation,penalty_value","defensive value is PARTIAL (caused turnovers only, on a games-played denominator); a value near zero does NOT mean an average defender",0.0,0.4819532553223444,0.5180467446776555
002022,Zach Geddes,OUT,1,SSDM,short_stick_defensive_midfield,defensive_field,defensive_field,"roster_position: measurable opportunities cannot separate offensive from defensive field roles (the feed attributes one defensive act, caused turnovers, 741 league-wide)",medium,12,14.0,716.0,1.1666666666666667,10.0,9.0,1.0,8.0,4.0,105.0,21.0,1.0,9.0,3.0,0.0,0,0,0,0.0,3.0,0.019553072625698324,0.019553072625698324,0.01834862385321101,0.031818181818181815,0.009584664536741214,0.11392405063291139,48.0,0.023645320197044337,2.0903472952858997,0.38111350353737317,1.7092337917485265,0.23001917191363977,-0.462911123462272,,0.27608577089333114,"partial: caused turnovers only, relative to positional per-game average",2.3203664671995394,2.1335411146305985,shooting+turnover+defense+faceoff,0.16574046194282424,0.20903472952858998,-0.15430370782075734,,0.02300714757444426,0.17779509288588322,0.044448773221470804,0.07506594764256846,2.245300519556971,1.3982421917820902,1.5342134736508917,0.2692891615524946,,1.6058022943044556,1.7352686617321713,1.2295163058502223,1.362487900925289,-1.7190113437671095,,0.4,0.28012346541489286,0.3333333333333333,0.29354831019092104,1.0,0.145383958741778,0.0,0.4249034322215318,,,0.06872774785123434,0.060476196833057876,9.99999000001e-07,0.1437225249139689,,0.14513581508072093,0.4095645423512906,,80,0.027815821989010826,1.4913697162411945,1.4119404931654354,1.8481495074684444,91.875,0.7040787651527808,77.5,0.6153111704045136,80.0,,True,0.06872774785123434,shooting_pct,False,True,True,False,True,True,True,True,"ground_ball_value,assist_value,possession_participation,penalty_value","defensive value is PARTIAL (caused turnovers only, on a games-played denominator); a value near zero does NOT mean an average defender",0.15130962515906052,0.7584474915134126,0.09024288332752688
002024,Asher Nolting,CAN,1,A,attack,attack,offensive_field,"roster_position: measurable opportunities cannot separate offensive from defensive field roles (the feed attributes one defensive act, caused turnovers, 741 league-wide)",medium,10,59.0,538.0,5.9,37.0,37.0,0.0,23.0,22.0,292.0,11.0,26.0,2.0,0.0,0.0,0,0,0,0.0,2.0,0.10966542750929369,0.10966542750929369,0.0891566265060241,0.11282843894899536,0.0,0.024691358024691357,113.0,0.06658809664113141,-0.7665333743463556,-0.7665333743463556,0.0,-1.2025780867972644,,,0.13154398897891106,"partial: caused turnovers only, relative to positional per-game average",-1.96911146114362,-1.837567472164709,shooting+turnover+defense,-0.033374770527857964,-0.020717118225577178,,,0.013154398897891106,-0.1837567472164709,-0.01626165904570539,0.07506594764256846,-2.0441774087861884,-0.7071354997793157,2.7628984680208433,,,2.8907860083734156,2.9019813306071973,-0.6332113348848543,-0.2774381263801739,,,0.2702702702702703,0.27106074827427756,0.2702702702702703,0.28665225547329837,,,,,,,0.21449071487499582,0.20925367009765605,,,,0.13204944570316002,,,34,0.5944244459259438,3.7653461911498685,-0.6458879993045119,-0.6681295242360302,25.0,-0.17999229488419702,33.82352941176471,-0.25047688554963854,27.941176470588232,,True,0.21449071487499582,shooting_pct,False,True,True,False,True,True,True,False,"ground_ball_value,assist_value,possession_participation,penalty_value","offensive value covers finishing and possession security only; shot creation, assists and off-ball work are not measured",0.0,0.9373795502869173,0.0626204497130827
002026,Brett Dobson,ARC,1,G,goalie,goalie,goalie,measured_opportunity: faced 265 shots on goal as goalie of record,high,10,8.0,516.0,0.8,1.0,0.0,1.0,0.0,7.0,175.0,17.0,0.0,3.0,0.0,0.0,265,232,33,146.0,1.0,0.015503875968992248,0.015503875968992248,0.0028328611898017,0.07585609016038145,0.0,0.045454545454545456,478.0,0.30700064226075785,-0.2907662082514735,0.0,-0.2907662082514735,-0.6034109651917227,,11.206128364389244,0.12432699830087889,"partial: caused turnovers only, relative to positional per-game average",-0.8941771734431961,10.436278189246927,shooting+turnover+defense+goalie,-0.11177214668039952,-0.2907662082514735,,0.04228727684675186,0.01243269983008789,1.0436278189246928,0.021833217969135833,,,,0.704973353143229,,9.128708914973247,0.8296842425883074,9.17249918061406,1.1377791356257458,-0.41244992729873964,,1.2275699081617704,0.0,0.26928924528872666,,,0.0,0.145382958742778,,,0.5910931174089069,0.5590552947586552,0.007325919327830917,,9.99999000001e-07,,0.3739471275218503,0.14795433258404955,,0.0756455849041231,16,-0.3271258080481808,6.982201543348508,1.5415487408192485,1.2946813335120417,90.625,1.3824403335806568,90.625,-0.4235887829786133,43.75,,True,0.3739471275218503,save_pct,False,True,True,False,True,True,True,True,"ground_ball_value,assist_value,possession_participation,penalty_value",goalie metrics are standardized only against other goalies; a goalie total is not comparable with a field player total,0.0,0.07314552570804934,0.010170203311502058
002028,Jack Hannah,WAT,1,M,midfield,midfield,offensive_field,"roster_position: measurable opportunities cannot separate offensive from defensive field roles (the feed attributes one defensive act, caused turnovers, 741 league-wide)",medium,12,81.0,667.0,6.75,65.0,57.0,8.0,37.0,16.0,273.0,20.0,3.0,1.0,0.0,0.0,0,0,0,0.0,2.0,0.12143928035982009,0.12143928035982009,0.12871287128712872,0.09502262443438914,0.0,0.011363636363636364,107.0,0.0519669742593492,-3.912410810275091,-1.5862811442633031,-2.326129666011788,-0.13782433616007922,,,-0.14445812488323334,"partial: caused turnovers only, relative to positional per-game average",-4.0502351464351705,-4.194693271318404,shooting+turnover+defense,-0.050002903042409515,-0.06019093554269371,,,-0.012038177073602779,-0.34955777260986703,-0.03920274085344303,0.07506594764256846,-4.125301094077739,-1.0183051242482324,3.966835254755643,,,4.05114439262324,4.060738007587412,-1.0329879109365585,-0.9862801349223401,,,0.23076923076923078,0.25814463967516643,0.2631578947368421,0.28292779010678487,0.0,0.1453819410702082,,,,,0.3241868750898295,0.28960636003141754,7.999936000511995e-06,,,0.12065323145361617,,,53,-0.5493676434547139,3.0482728979742424,-1.1958659050133684,-1.5641915929120846,8.490566037735848,1.3371082633530198,85.84905660377359,-0.22442253769522003,36.79245283018868,,True,0.3241868750898295,shooting_pct,False,True,True,False,True,True,True,True,"ground_ball_value,assist_value,possession_participation,penalty_value","offensive value covers finishing and possession security only; shot creation, assists and off-ball work are not measured",0.0,0.9655616953280043,0.034438304671995656
002030,Jonathan Donville,OUT,2,M,midfield,midfield,offensive_field,"roster_position: measurable opportunities cannot separate offensive from defensive field roles (the feed attributes one defensive act, caused turnovers, 741 league-wide)",medium,7,15.0,399.0,2.142857142857143,10.0,10.0,0.0,7.0,5.0,77.0,6.0,1.0,1.0,0.0,0.0,0,0,0,0.0,1.0,0.03759398496240601,0.022798072729538328,0.03322259136212625,0.03967027305512622,0.0,0.02,24.0,0.020743301642178046,0.09012611504152579,0.09012611504152579,0.0,-0.14407329850486858,,,0.005706246097258709,"partial: caused turnovers only, relative to positional per-game average",-0.05394718346334279,-0.048240937366084084,shooting+turnover+defense,-0.0035964788975561862,0.00901261150415258,,,0.0008151780138941012,-0.006891562480869155,-0.0020100390569201703,0.07506594764256846,-0.12901313110591126,-0.08593620044816196,1.4363625177239003,,,1.5012664096515875,1.5163103774088666,-0.031814685228574495,0.06274607832592438,,,0.3,0.2732506906297694,0.3,0.2915889556270491,,,,,,,0.06872774785123434,0.06674726087156031,,,,0.14402039704145864,,,53,-0.5493676434547139,3.0482728979742424,0.1643969299538956,0.40906699328930723,66.98113207547169,-1.5481205686147064,2.8301886792452824,0.19949955992781745,61.32075471698113,,True,0.06872774785123434,shooting_pct,False,True,True,False,True,True,True,False,"ground_ball_value,assist_value,possession_participation,penalty_value","offensive value covers finishing and possession security only; shot creation, assists and off-ball work are not measured",0.0,0.9762146249249203,0.02378537507507974
002032,Justin Inacio,CHA,1,FO,faceoff,faceoff,faceoff,measured_opportunity: took 91.5% of team faceoffs in games played (threshold 50%),high,8,21.0,463.0,2.625,13.0,12.0,1.0,7.0,8.0,72.0,85.0,1.0,0.0,195.0,118.0,0,0,0,0.0,2.0,0.04535637149028078,0.033816425120772944,0.03735632183908046,0.034400382226469184,0.9154929577464789,0.0,378.0,0.2719424460431655,-1.7826148702016429,-1.4918486619501694,-0.2907662082514735,-0.1919434359732868,6.60372873419698,,-0.44643023872438603,"partial: caused turnovers only, relative to positional per-game average",-1.9745583061749297,4.182740189297665,shooting+turnover+defense+faceoff,-0.09402658600832998,-0.13712422078474176,0.03386527555998451,,-0.055803779840548254,0.5228425236622081,0.011065450236237208,,,,1.724167093824893,2.1710786292594197,,1.8087520602037894,2.842809693402715,1.4713402022669737,-1.0338991369143284,3.041681054384285,,0.15384615384615385,0.26099660322372925,0.16666666666666666,0.2811608857423879,0.0,0.145382958742778,0.6051282051282051,0.595984058217689,,,0.0875411209798102,0.07904155163256996,9.99999000001e-07,0.9160367532822196,,0.1404981819796376,0.13138777861604467,,10,1.1496775888259447,6.901774226979002,0.4394612893327476,1.241180096554438,64.99999999999999,1.3914991066426436,85.0,-0.331329140034852,45.0,,True,0.9160367532822196,faceoff_win_pct,True,True,True,False,True,True,False,False,"ground_ball_value,assist_value,possession_participation,penalty_value",faceoff value dominates this role's total; see the faceoff share-of-total column before comparing across roles,0.7317380179313778,0.21879447799972027,0.049467504068901984
002038,Colin Kirst,CAN,1,G,goalie,goalie,goalie,measured_opportunity: faced 287 shots on goal as goalie of record,high,10,10.0,538.0,1.0,2.0,0.0,2.0,1.0,8.0,165.0,21.0,0.0,2.0,0.0,0.0,287,263,24,133.0,1.0,0.01858736059479554,0.01858736059479554,0.004819277108433735,0.06375579598145285,0.0,0.024691358024691357,450.0,0.26517383618149676,-0.581532416502947,0.0,-0.581532416502947,-0.871241250267265,,-6.655196687370591,-0.09160936716906869,"partial: caused turnovers only, relative to positional per-game average",-1.452773666770212,-8.199579721309872,shooting+turnover+defense+goalie,-0.1452773666770212,-0.2907662082514735,,-0.023188838631953278,-0.009160936716906869,-0.8199579721309872,-0.018221288269577494,,,,0.9969828771267917,,9.1620425344783,1.0837097787419483,9.232036021906797,-0.8881659150649978,-0.5832922809856746,,-0.7263878837416408,0.0,0.26733080140379806,,,0.0,0.14538281336011002,,,0.5,0.5242925072207751,0.014545281099724626,,1.999996000008e-06,,0.3914521072490572,0.14707915514009073,,0.07502027181908488,16,-0.3271258080481808,6.982201543348508,-1.1275031040548047,-1.0062365021357897,15.625,1.8439753809016808,96.875,-0.9971100498851576,25.0,,True,0.3914521072490572,save_pct,False,True,True,False,True,True,True,True,"ground_ball_value,assist_value,possession_participation,penalty_value",goalie metrics are standardized only against other goalies; a goalie total is not comparable with a field player total,0.0,0.17717660125855003,0.011172446671990428
002039,Owen McElroy,OUT,1,G,goalie,goalie,goalie,measured_opportunity: faced 48 shots on goal as goalie of record,high,2,0.0,114.0,0.0,0.0,0.0,0.0,0.0,0.0,21.0,2.0,0.0,0.0,0.0,0.0,48,42,6,18.0,0.0,0.0,0.0,0.0,0.04384133611691023,0.0,0.0,73.0,0.2225609756097561,0.0,0.0,0.0,0.10897723117174925,,-4.86260869565217,-0.10469641962179277,"partial: caused turnovers only, relative to positional per-game average",0.10897723117174925,-4.858327884102214,shooting+turnover+defense+goalie,,,,-0.10130434782608688,-0.052348209810896384,-2.429163942051107,-0.06655243676852347,,,,,,3.8867087984571165,0.15154742376853217,3.8925672338426844,-1.2481037814486622,,,-1.2510864455763835,,,,,,,,,0.4,0.5261869542456565,,,,,0.09814159393094604,,,0.09126361453672871,16,-0.3271258080481808,6.982201543348508,-0.6489646636411714,-0.593701378584159,28.125,-0.9381751379960799,21.875,,50.0,,True,0.09814159393094604,save_pct,False,True,True,False,True,True,True,False,"ground_ball_value,assist_value,possession_participation,penalty_value",goalie metrics are standardized only against other goalies; a goalie total is not comparable with a field player total,0.0,0.021467921548542785,0.020624624966950195
002042,Jon Robbins,ARC,1,LSM,long_stick_midfield,defensive_field,defensive_field,"roster_position: measurable opportunities cannot separate offensive from defensive field roles (the feed attributes one defensive act, caused turnovers, 741 league-wide)",medium,1,0.0,49.0,0.0,0.0,0.0,0.0,0.0,0.0,1.0,0.0,0.0,0.0,0.0,0.0,0,0,0,0.0,0.0,0.0,0.0,0.0,0.004608294930875576,0.0,0.0,0.0,0.0,0.0,0.0,0.0,0.010416806036127907,,,-0.1389451265280164,"partial: caused turnovers only, relative to positional per-game average",0.010416806036127907,-0.1285283204918885,shooting+turnover+defense,,,,,-0.1389451265280164,-0.1285283204918885,,,,,,,,0.046269400117707984,0.17928793325116554,-0.7168821579968374,,,,,,,,,,,,,,,,,,,,,,80,0.027815821989010826,1.4913697162411945,-0.1048325849575011,0.0026077654593273164,50.625,-1.4741897120814145,3.125,,50.0,,True,,shooting_pct,False,False,False,False,True,True,True,False,"ground_ball_value,assist_value,possession_participation,penalty_value","defensive value is PARTIAL (caused turnovers only, on a games-played denominator); a value near zero does NOT mean an average defender",0.0,0.06974204107632546,0.9302579589236746
002054,Chris Merle,RED,1,SSDM,short_stick_defensive_midfield,defensive_field,defensive_field,"roster_position: measurable opportunities cannot separate offensive from defensive field roles (the feed attributes one defensive act, caused turnovers, 741 league-wide)",medium,3,1.0,171.0,0.3333333333333333,1.0,1.0,0.0,1.0,0.0,13.0,4.0,0.0,1.0,1.0,0.0,0,0,0,0.0,0.0,0.005847953216374269,0.0015015015015015015,0.0072992700729927005,0.01589242053789731,0.012345679012345678,0.038461538461538464,8.0,0.015180265654648957,0.7090126115041526,0.7090126115041526,0.0,0.1354184784696628,-0.15430370782075734,,-0.2008990141141017,"partial: caused turnovers only, relative to positional per-game average",0.8444310899738154,0.4892283680389564,shooting+turnover+defense+faceoff,0.8444310899738154,0.7090126115041526,-0.15430370782075734,,-0.0669663380380339,0.16307612267965213,0.06115354600486955,0.07506594764256846,0.769365142331247,1.5899745701840464,0.4542177101701498,0.15547416991218138,,0.48388518707075273,0.5901923488516645,0.8289303800546494,1.560953251335261,-0.992471662063961,,1.0,0.27661516461655755,1.0,0.29602231422072117,,,0.0,0.46992975997914377,,,0.007325919327830917,0.007101320404149502,,0.052984189280608794,,0.14920773851918057,0.4333804848138243,,80,0.027815821989010826,1.4913697162411945,0.3093884373707658,0.5066134062177707,65.625,-0.8227109193914881,26.874999999999993,3.874096732587945,96.25,,True,0.007325919327830917,shooting_pct,False,True,True,False,True,True,True,False,"ground_ball_value,assist_value,possession_participation,penalty_value","defensive value is PARTIAL (caused turnovers only, on a games-played denominator); a value near zero does NOT mean an average defender",0.12862567417573267,0.703907377060576,0.1674669487636913
002059,Brendan Krebs,WHP,1,G,goalie,goalie,goalie,measured_opportunity: faced 64 shots on goal as goalie of record,high,4,2.0,220.0,0.5,1.0,1.0,0.0,0.0,1.0,47.0,7.0,0.0,1.0,0.0,0.0,64,58,6,28.0,0.0,0.00909090909090909,0.003372681281618887,0.0058823529411764705,0.04355885078776645,0.0,0.05555555555555555,117.0,0.17410714285714285,-0.29098738849584743,-0.29098738849584743,0.0,0.02796505667634835,,-3.6549896480331228,0.006543526226362042,"partial: caused turnovers only, relative to positional per-game average",-0.2630223318194991,-3.91146845362626,shooting+turnover+defense+goalie,-0.13151116590974954,-0.29098738849584743,,-0.05710921325051754,0.0016358815565905105,-0.977867113406565,-0.033431354304497944,,,,0.4542177101701498,,4.36660778644567,0.507656591392431,4.401158291188108,-0.8887361450865575,-0.6406341760360768,,-0.8370318166377407,0.0,0.26928924528872666,0.0,0.2889209938165717,,,,,0.4745762711864407,0.5317600009600626,0.007325919327830917,0.007101320404149502,,,0.12486212640937532,0.14795433258404955,,0.08984726126072928,16,-0.3271258080481808,6.982201543348508,-0.5133542226366482,-0.47679526340073525,34.375,0.4225493885193702,65.625,-0.7614688899306323,37.5,,True,0.12486212640937532,save_pct,False,True,True,False,True,True,True,False,"ground_ball_value,assist_value,possession_participation,penalty_value",goalie metrics are standardized only against other goalies; a goalie total is not comparable with a field player total,0.0,0.08012902838165124,0.0016439014863961002
002067,Zac Tucci,CAN,1,FO,faceoff,faceoff,faceoff,measured_opportunity: took 89.8% of team faceoffs in games played (threshold 50%),high,10,18.0,538.0,1.8,13.0,10.0,3.0,7.0,5.0,44.0,46.0,0.0,1.0,255.0,112.0,0,0,0,0.0,5.0,0.03345724907063197,0.03345724907063197,0.03132530120481928,0.017001545595054096,0.897887323943662,0.012345679012345678,364.0,0.21449616971125515,1.2178274902871054,0.09012611504152579,1.1277013752455796,-0.14129169592478055,-4.52023704484056,,-0.3421014329355349,"partial: caused turnovers only, relative to positional per-game average",1.0765357943623248,-3.7858026834137704,shooting+turnover+defense+faceoff,0.059807544131240266,0.09367903771439272,-0.017726419783688472,,-0.03421014329355349,-0.37858026834137704,-0.010400556822565302,,,,1.8852319666948587,2.482723396800351,,1.933059500075213,3.1656176569247014,-1.1959128023981138,0.6459828348986517,-1.8206768626203336,,0.3076923076923077,0.2744644679898539,0.3,0.2915889556270491,0.3333333333333333,0.14538366797473282,0.4392156862745098,0.44294964810989956,,,0.0875411209798102,0.06674726087156031,2.999991000027e-06,0.9344987651350419,,0.1427722054067999,0.11756617570063099,,10,1.1496775888259447,6.901774226979002,-0.715103118404967,-0.30156376757829334,25.0,-0.015443072867586255,64.99999999999999,1.0748049921034204,85.0,,True,0.9344987651350419,faceoff_win_pct,True,True,True,False,True,True,False,False,"ground_ball_value,assist_value,possession_participation,penalty_value",faceoff value dominates this role's total; see the faceoff share-of-total column before comparing across roles,0.7265559437951827,0.2184567121751793,0.05498734402963797
002074,Alexander Smith,OUT,1,SSDM,short_stick_defensive_midfield,defensive_field,defensive_field,"roster_position: measurable opportunities cannot separate offensive from defensive field roles (the feed attributes one defensive act, caused turnovers, 741 league-wide)",medium,6,3.0,353.0,0.5,1.0,0.0,1.0,0.0,2.0,30.0,6.0,0.0,3.0,0.0,0.0,0,0,0,0.0,0.0,0.0084985835694051,0.004189944134078212,0.0037313432835820895,0.018633540372670808,0.0,0.06976744186046512,9.0,0.009054325955734407,-0.2907662082514735,0.0,-0.2907662082514735,-0.11936854985605794,,,-0.18586166275825577,"partial: caused turnovers only, relative to positional per-game average",-0.4101347581075314,-0.5959964208657872,shooting+turnover+defense,-0.1367115860358438,-0.2907662082514735,,,-0.030976943793042628,-0.09933273681096454,-0.06622182454064302,0.07506594764256846,-0.4852007057500998,-0.6476755528643282,0.704973353143229,,,0.7491416089495927,0.860948885818964,-0.6922552902764431,-0.41244992729873964,,,0.0,0.26928924528872666,,,0.0,0.145382958742778,,,,,0.007325919327830917,,9.99999000001e-07,,,0.14795433258404955,,,80,0.027815821989010826,1.4913697162411945,-0.41828142013439595,-0.37878277848346836,34.37500000000001,-0.5274230813450624,35.625,-0.8369357393033466,17.499999999999993,,True,0.007325919327830917,shooting_pct,False,True,False,False,True,True,True,False,"ground_ball_value,assist_value,possession_participation,penalty_value","defensive value is PARTIAL (caused turnovers only, on a games-played denominator); a value near zero does NOT mean an average defender",0.0,0.6881496998115194,0.31185030018848064
003004,Mike Sisselberger,ARC,1,FO,faceoff,faceoff,faceoff,measured_opportunity: took 91.0% of team faceoffs in games played (threshold 50%),high,5,8.0,261.0,1.6,5.0,4.0,1.0,3.0,3.0,19.0,22.0,1.0,0.0,101.0,36.0,0,0,0,0.0,0.0,0.03065134099616858,0.015503875968992248,0.02857142857142857,0.016550522648083623,0.9099099099099099,0.0,151.0,0.19334186939820744,-0.4547157622348632,-0.16394955398338973,-0.2907662082514735,-0.24259517602179298,-4.390214631143882,,-0.27901889920274126,"partial: caused turnovers only, relative to positional per-game average",-0.6973109382566562,-5.36654446860328,shooting+turnover+defense+faceoff,-0.08716386728208203,-0.09094315244697264,-0.04346747159548398,,-0.055803779840548254,-1.073308893720656,-0.035540029593399206,,,,1.149887969139109,1.5624960699144388,,1.1836810152520028,1.9755366464222688,-2.7164995791509035,-0.3954435340125325,-2.809744431155137,,0.2,0.2687400916890851,0.25,0.2898474161103773,0.0,0.145382958742778,0.3564356435643564,0.3774535484595002,,,0.035586773317312824,0.027812759663515325,9.99999000001e-07,0.8496422957037325,,0.1457629194483161,0.17320859077153727,,10,1.1496775888259447,6.901774226979002,-0.944137238212943,-0.6076021147183561,14.999999999999996,-0.3472112724511133,45.0,-0.26859986772391165,55.00000000000001,,True,0.8496422957037325,faceoff_win_pct,True,True,True,False,True,True,False,False,"ground_ball_value,assist_value,possession_participation,penalty_value",faceoff value dominates this role's total; see the faceoff share-of-total column before comparing across roles,0.8180710430759737,0.12993667383848986,0.051992283085536405
003005,Connor Maher,ARC,1,SSDM,short_stick_defensive_midfield,defensive_field,defensive_field,"roster_position: measurable opportunities cannot separate offensive from defensive field roles (the feed attributes one defensive act, caused turnovers, 741 league-wide)",medium,10,5.0,516.0,0.5,2.0,1.0,1.0,1.0,3.0,57.0,12.0,2.0,3.0,8.0,1.0,0,0,0,0.0,0.0,0.009689922480620155,0.009689922480620155,0.0056657223796034,0.0247074122236671,0.03463203463203463,0.045454545454545456,29.0,0.018625561978163133,0.41824640325267914,0.7090126115041526,-0.2907662082514735,-0.05405115235055204,-0.9234724442673751,,-0.7416421688703214,"partial: caused turnovers only, relative to positional per-game average",0.3641952509021271,-1.3009193622355695,shooting+turnover+defense+faceoff,0.07283905018042543,0.20912320162633957,-0.11543405553342188,,-0.07416421688703215,-0.13009193622355694,-0.04485928835295067,0.07506594764256846,0.2891293032595586,0.31825723585215926,0.8386305246496946,0.4397473593770118,,0.9084767624698045,1.1483644126534445,-1.132845417274493,0.4987254708232632,-2.100006798393638,,0.5,0.2746034419536604,1.0,0.29602231422072117,0.0,0.145382958742778,0.125,0.3814414043040161,,,0.014545281099724626,0.007101320404149502,9.99999000001e-07,0.30919601351182785,,0.1483326283050701,0.3637878845911473,,80,0.027815821989010826,1.4913697162411945,-0.8909495544629177,-0.9539042548617273,20.624999999999993,-0.39470450326380385,40.62500000000001,0.16923785385366402,67.5,,True,0.014545281099724626,shooting_pct,False,True,True,False,True,True,True,False,"ground_ball_value,assist_value,possession_participation,penalty_value","defensive value is PARTIAL (caused turnovers only, on a games-played denominator); a value near zero does NOT mean an average defender",0.4320516453367809,0.2209670004271776,0.34698135423604143
003006,Piper Bond,ARC,1,SSDM,short_stick_defensive_midfield,defensive_field,defensive_field,"roster_position: measurable opportunities cannot separate offensive from defensive field roles (the feed attributes one defensive act, caused turnovers, 741 league-wide)",medium,10,14.0,516.0,1.4,6.0,6.0,0.0,4.0,8.0,101.0,15.0,1.0,6.0,13.0,2.0,0,0,0,0.0,5.0,0.027131782945736434,0.027131782945736434,0.0169971671388102,0.043779800606848725,0.05627705627705628,0.09090909090909091,48.0,0.030828516377649325,0.2540756690249153,0.2540756690249153,0.0,-0.6753935141106621,-1.3840337650724783,,-0.09383307246047873,"partial: caused turnovers only, relative to positional per-game average",-0.42131784508574677,-1.8991846826187038,shooting+turnover+defense+faceoff,-0.030094131791839056,0.04234594483748588,-0.10646413577480603,,-0.009383307246047874,-0.18991846826187037,-0.039566347554556326,0.07506594764256846,-0.49638379272831523,-0.41164146672246066,1.1126016220522443,0.5605700916285705,,1.2058644059369996,1.438186653170052,-1.3205411678884098,0.22836176398544267,-2.468975397976688,,0.3333333333333333,0.2739079463532112,0.3333333333333333,0.29272979431839224,,,0.15384615384615385,0.3520568054992051,,,0.04240233552031815,0.041146934593897753,,0.42107234115370834,,0.14612910675350577,0.32886037905700505,,80,0.027815821989010826,1.4913697162411945,-1.2921011360378643,-1.4420075837959012,5.625000000000002,1.5483688726078952,91.875,-0.32500378353859155,46.25,,True,0.04240233552031815,shooting_pct,False,True,True,False,True,True,True,False,"ground_ball_value,assist_value,possession_participation,penalty_value","defensive value is PARTIAL (caused turnovers only, on a games-played denominator); a value near zero does NOT mean an average defender",0.5749233813599991,0.38609864811371747,0.0389779705262835
003007,Cam Wyers,ARC,1,D,defense,defensive_field,defensive_field,"roster_position: measurable opportunities cannot separate offensive from defensive field roles (the feed attributes one defensive act, caused turnovers, 741 league-wide)",medium,8,9.0,420.0,1.125,3.0,2.0,1.0,3.0,6.0,27.0,7.0,1.0,4.0,0.0,0.0,0,0,0,0.0,1.0,0.02142857142857143,0.01744186046511628,0.010238907849829351,0.014762165117550574,0.0,0.07142857142857142,17.0,0.013343799058084773,1.1272590147568318,1.4180252230083052,-0.2907662082514735,-1.0143644298442318,,,-0.24781555034434105,"partial: caused turnovers only, relative to positional per-game average",0.11289458491259996,-0.1349209654317411,shooting+turnover+defense,0.012543842768066662,0.3757530049189439,,,-0.03097694379304263,-0.016865120678967636,-0.00793652737833771,0.07506594764256846,0.037828637270031495,0.0384603832019744,0.953737325004341,,,0.9835741123892267,1.0988377858173743,-0.12278515279794429,1.1819386587933958,,,0.6666666666666666,0.2798409002250361,1.0,0.30098623493337023,0.0,0.145382958742778,,,,,0.021660393394261863,0.014102494476523461,9.99999000001e-07,,,0.1486710055032745,,,80,0.027815821989010826,1.4913697162411945,-0.10911901029538743,-0.002607765459025099,49.375,0.9130147211323872,83.125,-0.12027424970123848,54.99999999999999,,True,0.021660393394261863,shooting_pct,False,True,True,False,True,True,True,False,"ground_ball_value,assist_value,possession_participation,penalty_value","defensive value is PARTIAL (caused turnovers only, on a games-played denominator); a value near zero does NOT mean an average defender",0.0,0.8962871406767164,0.10371285932328367
003008,Gavin Adler,ATL,1,D,defense,defensive_field,defensive_field,"roster_position: measurable opportunities cannot separate offensive from defensive field roles (the feed attributes one defensive act, caused turnovers, 741 league-wide)",medium,12,4.0,688.0,0.3333333333333333,0.0,0.0,0.0,0.0,4.0,70.0,13.0,0.0,15.0,0.0,0.0,0,0,0,0.0,1.0,0.005813953488372093,0.005813953488372093,0.0,0.022515278224509487,0.0,0.18072289156626506,15.0,0.006675567423230975,0.0,0.0,0.0,-0.1345690393508368,,,1.5717039637130166,"partial: caused turnovers only, relative to positional per-game average",-0.1345690393508368,1.4371349243621798,shooting+turnover+defense,-0.0336422598377092,,,,0.13097533030941805,0.11976124369684832,0.09580899495747866,0.07506594764256846,-0.20963498699340527,-0.5415279500804849,,,,0.38711757530197316,0.7140726045538653,2.012589357436651,,,,,,,,,,,,,,,,,,,,,,80,0.027815821989010826,1.4913697162411945,0.9449830494916958,1.279976544438105,86.875,-0.8264985867908481,24.374999999999996,-0.34204039487681637,45.0,,True,,shooting_pct,False,False,False,False,True,True,True,False,"ground_ball_value,assist_value,possession_participation,penalty_value","defensive value is PARTIAL (caused turnovers only, on a games-played denominator); a value near zero does NOT mean an average defender",0.0,0.07886723819060558,0.9211327618093944
003009,Brett Makar,ATL,1,D,defense,defensive_field,defensive_field,"roster_position: measurable opportunities cannot separate offensive from defensive field roles (the feed attributes one defensive act, caused turnovers, 741 league-wide)",medium,11,14.0,633.0,1.2727272727272727,11.0,5.0,6.0,4.0,3.0,90.0,29.0,1.0,9.0,0.0,0.0,0,0,0,0.0,1.0,0.022116903633491312,0.020348837209302327,0.023206751054852322,0.031490552834149754,0.0,0.12,51.0,0.024951076320939333,-0.19953419198807776,-0.4549369424792371,0.2554027504911591,0.28970344684166877,,,0.4150308974213476,"partial: caused turnovers only, relative to positional per-game average",0.09016925485359101,0.5052001522749385,shooting+turnover+defense,0.006440661060970786,-0.01813947199891616,,,0.03773008158375887,0.04592728657044896,0.009905885338724284,0.07506594764256846,0.015103307211022543,0.0073642517403691545,2.0033704632476534,,,2.0508950187334913,2.1298372566255592,0.237201293527638,-0.09959924819127758,,,0.18181818181818182,0.2645596569055049,0.2,0.28784596842539545,0.16666666666666666,0.1453832318263458,,,,,0.07508448388873329,0.0345258845471243,5.9999640002159985e-06,,,0.1420656181871891,,,80,0.027815821989010826,1.4913697162411945,0.32009791072405136,0.5196442151063901,66.875,0.9896969067174541,84.375,-0.14957914888360627,53.75,,True,0.07508448388873329,shooting_pct,False,True,True,False,True,True,True,True,"ground_ball_value,assist_value,possession_participation,penalty_value","defensive value is PARTIAL (caused turnovers only, on a games-played denominator); a value near zero does NOT mean an average defender",0.0,0.541031363159026,0.45896863684097405
003010,Xander Dickson,ATL,1,A,attack,attack,offensive_field,"roster_position: measurable opportunities cannot separate offensive from defensive field roles (the feed attributes one defensive act, caused turnovers, 741 league-wide)",medium,12,77.0,688.0,6.416666666666667,62.0,61.0,1.0,45.0,15.0,198.0,31.0,2.0,6.0,0.0,0.0,0,0,0,0.0,2.0,0.1119186046511628,0.1119186046511628,0.12062256809338522,0.06368607269218399,0.0,0.07228915662650602,108.0,0.04806408544726302,8.959003093501835,9.249769301753307,-0.2907662082514735,-0.8331949793052641,,,0.9352237024665045,"partial: caused turnovers only, relative to positional per-game average",8.125808114196571,9.061031816663077,shooting+turnover+defense,0.10552997550904639,0.14450004989519089,,,0.07793530853887538,0.755085984721923,0.08389844274688034,0.07506594764256846,8.050742166554002,2.1852823197131173,3.616922013370909,,,3.684074178393069,3.6946210669410777,2.452492868007452,2.476968831614978,,,0.43548387096774194,0.3228247807786202,0.4426229508196721,0.3370476454291949,0.0,0.145382958742778,,,,,0.3139214444909078,0.30375629718696007,9.99999000001e-07,,,0.12991283414885402,,,34,0.5944244459259438,3.7653461911498685,2.248560143191398,3.216749196115534,95.58823529411765,-0.13012454151504502,42.64705882352941,1.3956077330308247,92.6470588235294,,True,0.3139214444909078,shooting_pct,False,True,True,False,True,True,True,False,"ground_ball_value,assist_value,possession_participation,penalty_value","offensive value covers finishing and possession security only; shot creation, assists and off-ball work are not measured",0.0,0.9128193407457728,0.08718065925422716
003011,Payton Rezanka,ATL,1,SSDM,short_stick_defensive_midfield,defensive_field,defensive_field,"roster_position: measurable opportunities cannot separate offensive from defensive field roles (the feed attributes one defensive act, caused turnovers, 741 league-wide)",medium,3,1.0,167.0,0.3333333333333333,1.0,1.0,0.0,0.0,0.0,12.0,0.0,0.0,2.0,1.0,0.0,0,0,0,0.0,0.0,0.005988023952095809,0.0014534883720930232,0.008333333333333333,0.014563106796116505,0.012345679012345678,0.125,2.0,0.0036900369003690036,-0.29098738849584743,-0.29098738849584743,0.0,0.12500167243353486,-0.15430370782075734,,0.015037351355845895,"partial: caused turnovers only, relative to positional per-game average",-0.16598571606231258,-0.305252072527224,shooting+turnover+defense+faceoff,-0.16598571606231258,-0.29098738849584743,-0.15430370782075734,,0.005012450451948632,-0.10175069084240801,-0.152626036263612,0.07506594764256846,-0.24105166370488104,-0.500451944620424,0.4542177101701498,0.15547416991218138,,0.48166795292944786,0.588375858831574,-0.5188045497539766,-0.6406341760360768,-0.992471662063961,,0.0,0.26928924528872666,0.0,0.2889209938165717,,,0.0,0.46992975997914377,,,0.007325919327830917,0.007101320404149502,,0.052984189280608794,,0.14795433258404955,0.4333804848138243,,80,0.027815821989010826,1.4913697162411945,-0.22333019833317364,-0.14157483836424625,43.125,-0.807106636931849,28.125000000000007,-0.9774977396252087,13.125000000000004,,True,0.007325919327830917,shooting_pct,False,True,False,False,True,True,True,False,"ground_ball_value,assist_value,possession_participation,penalty_value","defensive value is PARTIAL (caused turnovers only, on a games-played denominator); a value near zero does NOT mean an average defender",0.2636182600560819,0.7106913631132792,0.025690376830638902
003013,Matt Campbell,CAN,1,M,midfield,midfield,offensive_field,"roster_position: measurable opportunities cannot separate offensive from defensive field roles (the feed attributes one defensive act, caused turnovers, 741 league-wide)",medium,10,71.0,538.0,7.1,63.0,48.0,15.0,43.0,8.0,280.0,6.0,8.0,0.0,0.0,0.0,0,0,0,0.0,0.0,0.13197026022304834,0.13197026022304834,0.15180722891566265,0.10819165378670788,0.0,0.0,93.0,0.05480259281084266,1.6711122284272193,2.0326053521993224,-0.3614931237721022,1.6747219084035805,,,-0.3003287419609841,"partial: caused turnovers only, relative to positional per-game average",3.3458341368308,3.045505394869816,shooting+turnover+defense,0.04712442446240563,0.02652559092741618,,,-0.03003287419609841,0.3045505394869816,0.032747369837309845,0.07506594764256846,3.2707681891882316,0.7698335211339912,4.16627776135682,,,4.248669484241577,4.256294665940177,0.7155297351098907,0.40110437281142597,,,0.2857142857142857,0.27585879702931154,0.3333333333333333,0.3018095450895299,0.13333333333333333,0.14538292338188602,,,,,0.31737773108284545,0.25556535897865656,1.499977500337495e-05,,,0.12385195796377957,,,53,-0.5493676434547139,3.0482728979742424,1.1793147000432722,1.8813524609470555,85.84905660377359,1.6994933749593508,97.16981132075472,0.6628343706121054,82.0754716981132,,True,0.31737773108284545,shooting_pct,False,True,True,False,True,True,True,True,"ground_ball_value,assist_value,possession_participation,penalty_value","offensive value covers finishing and possession security only; shot creation, assists and off-ball work are not measured",0.0,0.9176315617418322,0.0823684382581677
003018,Nick Rowlett,CHA,1,FO,faceoff,faceoff,faceoff,measured_opportunity: took 93.2% of team faceoffs in games played (threshold 50%),high,3,4.0,158.0,1.3333333333333333,2.0,2.0,0.0,0.0,2.0,12.0,10.0,0.0,1.0,68.0,24.0,0,0,0,0.0,0.0,0.02531645569620253,0.00644122383252818,0.018518518518518517,0.016260162601626018,0.9315068493150684,0.08333333333333333,90.0,0.18907563025210083,-0.5819747769916949,-0.5819747769916949,0.0,-0.17594814964217953,-3.0296788926430933,,0.0485250259483028,"partial: caused turnovers only, relative to positional per-game average",-0.7579229266338744,-3.739076793328665,shooting+turnover+defense+faceoff,-0.1894807316584686,-0.29098738849584743,-0.04455410136239843,,0.016175008649434264,-1.2463589311095549,-0.04154529770365183,,,,0.6423608459926775,1.2820728492063023,,0.6800240910744076,1.4636576619238186,-2.5546115670340943,-0.9059935402699326,-2.3631097831286954,,0.0,0.26733080140379806,0.0,0.2868837404568468,,,0.35294117647058826,0.38276329836117307,,,0.014545281099724626,0.014102494476523461,,0.7918619434958043,,0.14707915514009073,0.2038595182239078,,10,1.1496775888259447,6.901774226979002,-0.7083329911089372,-0.2925174361000756,35.0,-0.978003602058295,14.999999999999996,-1.203835989659067,14.999999999999996,,True,0.7918619434958043,faceoff_win_pct,True,True,True,False,True,True,False,False,"ground_ball_value,assist_value,possession_participation,penalty_value",faceoff value dominates this role's total; see the faceoff share-of-total column before comparing across roles,0.7897754727307982,0.1975750430612694,0.012649484207932453
003019,Sam Handley,RED,2,M,midfield,midfield,offensive_field,"roster_position: measurable opportunities cannot separate offensive from defensive field roles (the feed attributes one defensive act, caused turnovers, 741 league-wide)",medium,5,27.0,272.0,5.4,22.0,15.0,7.0,14.0,5.0,90.0,3.0,1.0,0.0,0.0,0.0,0,0,0,0.0,0.0,0.09926470588235294,0.04001627325649672,0.10628019323671498,0.06875477463712758,0.0,0.0,34.0,0.0416156670746634,-2.400174285198026,-2.3648108274377115,-0.035363457760314354,0.013886582988421119,,,-0.15016437098049204,"partial: caused turnovers only, relative to positional per-game average",-2.386287702209605,-2.536452073190097,shooting+turnover+defense,-0.08838102600776315,-0.10909883114536481,,,-0.03003287419609841,-0.5072904146380194,-0.07460153156441461,0.07506594764256846,-2.4613536498521733,-0.9441310277399169,2.5639067697514406,,,2.6070043008164023,2.6132159063054528,-0.970624764325775,-0.9361394546458927,,,0.13636363636363635,0.2524318071223277,0.13333333333333333,0.2757126959198126,0.14285714285714285,0.14538308644413164,,,,,0.13968108555923353,0.09688740679895118,6.9999510003429975e-06,,,0.13497690082294866,,,53,-0.5493676434547139,3.0482728979742424,-0.6518722228104702,-0.775049835413422,16.0377358490566,0.5740514774504312,70.75471698113208,-0.5750062055840531,19.811320754716977,,True,0.13968108555923353,shooting_pct,False,True,True,False,True,True,True,False,"ground_ball_value,assist_value,possession_participation,penalty_value","offensive value covers finishing and possession security only; shot creation, assists and off-ball work are not measured",0.0,0.9414386970821342,0.05856130291786583
003022,Cross Ferrara,CHA,1,M,midfield,midfield,offensive_field,"roster_position: measurable opportunities cannot separate offensive from defensive field roles (the feed attributes one defensive act, caused turnovers, 741 league-wide)",medium,6,27.0,337.0,4.5,22.0,21.0,1.0,12.0,5.0,69.0,0.0,0.0,0.0,0.0,0.0,0,0,0,0.0,0.0,0.08011869436201781,0.043478260869565216,0.08979591836734693,0.0444015444015444,0.0,0.0,24.0,0.023809523809523808,-1.4015013666642693,-1.1107351584127958,-0.2907662082514735,-0.24127937942381603,,,-0.18019724517659044,"partial: caused turnovers only, relative to positional per-game average",-1.6427807460880852,-1.8229779912646757,shooting+turnover+defense,-0.06084373133659575,-0.06370460757564861,,,-0.030032874196098406,-0.3038296652107793,-0.07595741630269483,0.07506594764256846,-1.7178466937306536,-0.7682113585195424,2.1976295687668808,,,2.2361641424323637,2.244847703095112,-0.812072012168675,-0.6377332133598249,,,0.22727272727272727,0.2651300876277126,0.23809523809523808,0.2840806425675433,0.0,0.145382958742778,,,,,0.13968108555923353,0.13058168132684947,9.99999000001e-07,,,0.1371628520428203,,,53,-0.5493676434547139,3.0482728979742424,-0.4178137556700882,-0.43551407211440474,34.90566037735849,-0.08478840371195137,51.886792452830186,-0.3234533670497435,31.132075471698112,,True,0.13968108555923353,shooting_pct,False,True,True,False,True,True,True,False,"ground_ball_value,assist_value,possession_participation,penalty_value","offensive value covers finishing and possession security only; shot creation, assists and off-ball work are not measured",0.0,0.9011522651178141,0.09884773488218589
003023,Owen Grant,CAN,1,LSM,long_stick_midfield,defensive_field,defensive_field,"roster_position: measurable opportunities cannot separate offensive from defensive field roles (the feed attributes one defensive act, caused turnovers, 741 league-wide)",medium,10,12.0,538.0,1.2,10.0,4.0,6.0,7.0,2.0,49.0,16.0,2.0,11.0,0.0,0.0,0,0,0,0.0,2.0,0.022304832713754646,0.022304832713754646,0.024096385542168676,0.01893353941267388,0.0,0.13580246913580246,36.0,0.02121390689451974,0.09145319650776962,-0.16394955398338973,0.2554027504911591,0.07855076483037228,,,0.9858487548892592,"partial: caused turnovers only, relative to positional per-game average",0.17000396133814188,1.155852716227401,shooting+turnover+defense,0.01416699677817849,0.009145319650776963,,,0.09858487548892592,0.1155852716227401,0.032107019895205584,0.07506594764256846,0.09493801369557334,0.04799944263132604,1.9511994989700319,,,1.9778982523770727,2.05234367321326,0.5631867271126847,0.04687024394791228,,,0.2,0.266377915844646,0.25,0.2898474161103773,0.16666666666666666,0.1453832318263458,,,,,0.06872774785123434,0.027812759663515325,5.9999640002159985e-06,,,0.14286153757711872,,,80,0.027815821989010826,1.4913697162411945,0.7563764249427447,1.0504884269042056,80.625,1.0106327462823939,85.625,-0.11248055013491558,56.25,,True,0.06872774785123434,shooting_pct,False,True,True,False,True,True,True,True,"ground_ball_value,assist_value,possession_participation,penalty_value","defensive value is PARTIAL (caused turnovers only, on a games-played denominator); a value near zero does NOT mean an average defender",0.0,0.1470809896030867,0.8529190103969133
003024,Brian Tevlin,RED,1,SSDM,short_stick_defensive_midfield,defensive_field,defensive_field,"roster_position: measurable opportunities cannot separate offensive from defensive field roles (the feed attributes one defensive act, caused turnovers, 741 league-wide)",medium,12,18.0,666.0,1.5,15.0,11.0,4.0,5.0,3.0,151.0,30.0,2.0,13.0,9.0,1.0,0,0,0,0.0,5.0,0.02702702702702703,0.02702702702702703,0.028735632183908046,0.04712858926342072,0.027692307692307693,0.15294117647058825,82.0,0.03906622201048118,-2.363926106460216,-1.2008612734543216,-1.163064833005894,0.9251286150454712,-1.0777761520881324,,1.1398312327731215,"partial: caused turnovers only, relative to positional per-game average",-1.4387974914147448,-1.3767424107297557,shooting+turnover+defense+faceoff,-0.07993319396748583,-0.1575950737640144,-0.11975290578757027,,0.09498593606442679,-0.11472853422747964,-0.016789541594265312,0.07506594764256846,-1.5138634390573134,-0.7073301800676881,2.0633469715785533,0.46642250973654414,,2.1402500299258316,2.2711802692990095,-0.6061792757448891,-1.1456755160532726,-2.3107292842639766,,0.13333333333333333,0.25752824761144133,0.18181818181818182,0.2830251144253181,0.0,0.14538252259564635,0.1111111111111111,0.36724747249552714,,,0.09966668826667181,0.07293516471214119,3.9999840000639995e-06,0.3349017302132861,,0.1389625717420131,0.3545573186711408,,80,0.027815821989010826,1.4913697162411945,-0.9417907695341802,-1.0157655747795329,15.625000000000005,1.5366987622422996,90.625,-0.564309896725915,33.75,,True,0.09966668826667181,shooting_pct,False,True,True,False,True,True,True,True,"ground_ball_value,assist_value,possession_participation,penalty_value","defensive value is PARTIAL (caused turnovers only, on a games-played denominator); a value near zero does NOT mean an average defender",0.19572222360293007,0.5972864610128883,0.20699131538418164
003025,Cole Kirst,RED,1,M,midfield,midfield,offensive_field,"roster_position: measurable opportunities cannot separate offensive from defensive field roles (the feed attributes one defensive act, caused turnovers, 741 league-wide)",medium,1,3.0,61.0,3.0,2.0,2.0,0.0,1.0,1.0,8.0,0.0,0.0,0.0,0.0,0.0,0,0,0,0.0,0.0,0.04918032786885246,0.0045045045045045045,0.041666666666666664,0.03088803088803089,0.0,0.0,2.0,0.010362694300518135,-0.5819747769916949,-0.5819747769916949,0.0,-0.11873028455100013,,,-0.03003287419609841,"partial: caused turnovers only, relative to positional per-game average",-0.700705061542695,-0.7307379357387934,shooting+turnover+defense,-0.233568353847565,-0.29098738849584743,,,-0.03003287419609841,-0.7307379357387934,-0.3653689678693967,0.07506594764256846,-0.7757710091852634,-1.1797019449366917,0.6423608459926775,,,0.6575991609701847,0.6625117706178604,-1.1029810610871187,-0.9059935402699326,,,0.0,0.26733080140379806,0.0,0.2868837404568468,,,,,,,0.014545281099724626,0.014102494476523461,,,,0.14707915514009073,,,53,-0.5493676434547139,3.0482728979742424,-0.05949936188607353,0.0842729395706344,53.77358490566038,-1.1494190022084527,12.264150943396224,-1.9012906090971466,2.8301886792452824,,True,0.014545281099724626,shooting_pct,False,True,True,False,True,True,True,False,"ground_ball_value,assist_value,possession_participation,penalty_value","offensive value covers finishing and possession security only; shot creation, assists and off-ball work are not measured",0.0,0.9589006226072901,0.04109937739270982
003027,Thomas McConvey,WAT,1,M,midfield,midfield,offensive_field,"roster_position: measurable opportunities cannot separate offensive from defensive field roles (the feed attributes one defensive act, caused turnovers, 741 league-wide)",medium,12,40.0,667.0,3.3333333333333335,34.0,33.0,1.0,26.0,6.0,197.0,13.0,2.0,2.0,0.0,0.0,0,0,0,0.0,0.0,0.05997001499250375,0.05997001499250375,0.06732673267326733,0.0685694396101636,0.0,0.022727272727272728,62.0,0.03011170471102477,3.1066499713855613,3.397416179637034,-0.2907662082514735,1.0980815498093957,,,0.07147824058671423,"partial: caused turnovers only, relative to positional per-game average",4.204731521194957,4.276209761781671,shooting+turnover+defense,0.10511828802987393,0.09137205798192827,,,0.005956520048892852,0.3563508134818059,0.06897112519002696,0.07506594764256846,4.129665573552389,1.4793079394721134,2.7028393330542375,,,2.7916199618492197,2.805523888292042,1.5242107827443805,1.1494023834095286,,,0.38235294117647056,0.29355718107155226,0.3939393939393939,0.3106462136220106,0.0,0.145382958742778,,,,,0.20058803015403176,0.19095135681395786,9.99999000001e-07,,,0.13648011069744825,,,53,-0.5493676434547139,3.0482728979742424,1.5830529505554658,2.4670333668142574,93.39622641509435,-0.7781314275208723,27.358490566037734,1.192607580804858,89.62264150943396,,True,0.20058803015403176,shooting_pct,False,True,True,False,True,True,True,False,"ground_ball_value,assist_value,possession_participation,penalty_value","offensive value covers finishing and possession security only; shot creation, assists and off-ball work are not measured",0.0,0.9832846739125041,0.016715326087496003
003028,Alex Mazzone,WHP,1,LSM,long_stick_midfield,defensive_field,defensive_field,"roster_position: measurable opportunities cannot separate offensive from defensive field roles (the feed attributes one defensive act, caused turnovers, 741 league-wide)",medium,5,2.0,292.0,0.4,2.0,0.0,2.0,1.0,0.0,11.0,6.0,0.0,2.0,0.0,0.0,0,0,0,0.0,0.0,0.00684931506849315,0.003372681281618887,0.0091324200913242,0.00870942201108472,0.0,0.06896551724137931,10.0,0.01201923076923077,-0.581532416502947,0.0,-0.581532416502947,0.11458486639740698,,,-0.26285290170018694,"partial: caused turnovers only, relative to positional per-game average",-0.46694755010554,-0.729800451805727,shooting+turnover+defense,-0.23347377505277,-0.2907662082514735,,,-0.052570580340037386,-0.14596009036114538,-0.07298004518057269,0.07506594764256846,-0.5420134977481086,-0.5373258192618269,0.9969828771267917,,,1.0087240894039329,1.0805280267789923,-0.6754109414276193,-0.5832922809856746,,,0.0,0.26733080140379806,,,0.0,0.14538281336011002,,,,,0.014545281099724626,,1.999996000008e-06,,,0.14707915514009073,,,80,0.027815821989010826,1.4913697162411945,-0.5080003070628335,-0.4879487132308988,30.625000000000004,-0.7111563316021171,30.625000000000004,-1.3015468765581024,3.749999999999998,,True,0.014545281099724626,shooting_pct,False,True,True,False,True,True,True,False,"ground_ball_value,assist_value,possession_participation,penalty_value","defensive value is PARTIAL (caused turnovers only, on a games-played denominator); a value near zero does NOT mean an average defender",0.0,0.7259008612351401,0.27409913876485986
003029,Chris Fake,RED,1,D,defense,defensive_field,defensive_field,"roster_position: measurable opportunities cannot separate offensive from defensive field roles (the feed attributes one defensive act, caused turnovers, 741 league-wide)",medium,12,9.0,666.0,0.75,4.0,0.0,4.0,3.0,5.0,84.0,20.0,0.0,4.0,0.0,0.0,0,0,0,0.0,3.0,0.013513513513513514,0.013513513513513514,0.007662835249042145,0.026217228464419477,0.0,0.047058823529411764,29.0,0.013816102906145784,0.8369351669941061,0.0,0.8369351669941061,-0.20467012031499365,,,-0.8035960564564067,"partial: caused turnovers only, relative to positional per-game average",0.6322650466791124,-0.17133100977729432,shooting+turnover+defense,0.07025167185323472,0.20923379174852652,,,-0.0669663380380339,-0.01427758414810786,-0.00590796585438946,0.07506594764256846,0.557199099036544,0.3784448757433745,1.409946706286458,,,1.472338865579947,1.589912388329592,-0.10776128988924959,0.5935934764502131,,,0.25,0.27066652131682256,,,0.25,0.14538352259164639,,,,,0.02867349810933653,,3.9999840000639995e-06,,,0.14661034231539816,,,80,0.027815821989010826,1.4913697162411945,-0.13353283870362415,-0.032313421538712576,48.125,0.03125452508044257,55.625,0.15681435662486426,65.0,,True,0.02867349810933653,shooting_pct,False,True,True,False,True,True,True,True,"ground_ball_value,assist_value,possession_participation,penalty_value","defensive value is PARTIAL (caused turnovers only, on a games-played denominator); a value near zero does NOT mean an average defender",0.0,0.564494108368409,0.435505891631591
003039,Chet Comizio,ATL,1,SSDM,short_stick_defensive_midfield,defensive_field,defensive_field,"roster_position: measurable opportunities cannot separate offensive from defensive field roles (the feed attributes one defensive act, caused turnovers, 741 league-wide)",medium,11,6.0,639.0,0.5454545454545454,4.0,3.0,1.0,1.0,2.0,73.0,11.0,0.0,3.0,1.0,0.0,0,0,0,0.0,5.0,0.009389671361502348,0.00872093023255814,0.008385744234800839,0.025303292894280762,0.003257328990228013,0.039473684210526314,23.0,0.011121856866537718,-1.1637283737390158,-0.8729621654875424,-0.2907662082514735,0.328554109697442,-0.15430370782075734,,-0.8805872953983379,"partial: caused turnovers only, relative to positional per-game average",-0.8351742640415738,-1.8700652672606692,shooting+turnover+defense+faceoff,-0.13919571067359562,-0.29093209343475396,-0.15430370782075734,,-0.08005339049075799,-0.17000593338733358,-0.08130718553307258,0.07506594764256846,-0.9102402116841423,-0.8070053422208332,1.056375223743273,0.15547416991218138,,1.1279234028107081,1.275311641114598,-1.4663594426427944,-1.1016240702951514,-0.992471662063961,,0.0,0.26349814678948846,0.0,0.28487501628501727,0.0,0.145382958742778,0.0,0.46992975997914377,,,0.02867349810933653,0.02100562585349776,9.99999000001e-07,0.052984189280608794,,0.14535719057312235,0.4333804848138243,,80,0.027815821989010826,1.4913697162411945,-1.2725758533122458,-1.4182500917791967,6.874999999999998,-0.4281533407201242,39.37499999999999,-0.8488634559533549,16.249999999999996,,True,0.02867349810933653,shooting_pct,False,True,True,False,True,True,True,False,"ground_ball_value,assist_value,possession_participation,penalty_value","defensive value is PARTIAL (caused turnovers only, on a games-played denominator); a value near zero does NOT mean an average defender",0.06105782156845986,0.5904946737199811,0.34844750471155905
003041,Ethan Rall,CAN,1,LSM,long_stick_midfield,defensive_field,defensive_field,"roster_position: measurable opportunities cannot separate offensive from defensive field roles (the feed attributes one defensive act, caused turnovers, 741 league-wide)",medium,10,10.0,538.0,1.0,7.0,4.0,3.0,5.0,3.0,41.0,23.0,0.0,13.0,0.0,0.0,0,0,0,0.0,1.0,0.01858736059479554,0.01858736059479554,0.016867469879518072,0.015842349304482226,0.0,0.16049382716049382,43.0,0.025338833235120803,-1.03624817873781,-0.16394955398338973,-0.8722986247544204,-0.22072004892859856,,,1.4177214858291542,"partial: caused turnovers only, relative to positional per-game average",-1.2569682276664085,0.16075325816274577,shooting+turnover+defense,-0.12569682276664085,-0.14803545410540142,,,0.14177214858291542,0.016075325816274577,0.0037384478642499015,0.07506594764256846,-1.3320341753089768,-0.8591101036510047,1.5219123492681437,,,1.5504813290498647,1.6443921089431357,0.09775847091972681,-0.6808855840062802,,,0.14285714285714285,0.2649683443267571,0.25,0.2898474161103773,0.0,0.1453826679777328,,,,,0.049122241810577456,0.027812759663515325,2.999991000027e-06,,,0.144094904884696,,,80,0.027815821989010826,1.4913697162411945,0.08913781386736659,0.2386222839847114,60.62499999999999,0.5964956698884261,70.625,-0.7840475012313338,21.250000000000004,,True,0.049122241810577456,shooting_pct,False,True,True,False,True,True,True,True,"ground_ball_value,assist_value,possession_participation,penalty_value","defensive value is PARTIAL (caused turnovers only, on a games-played denominator); a value near zero does NOT mean an average defender",0.0,0.4699491762817122,0.5300508237182877
003048,TJ Malone,WHP,1,A,attack,attack,offensive_field,"roster_position: measurable opportunities cannot separate offensive from defensive field roles (the feed attributes one defensive act, caused turnovers, 741 league-wide)",medium,11,86.0,593.0,7.818181818181818,68.0,65.0,3.0,45.0,18.0,346.0,16.0,15.0,1.0,0.0,0.0,0,0,0,0.0,0.0,0.14502529510961215,0.14502529510961215,0.1511111111111111,0.11720867208672087,0.0,0.015151515151515152,121.0,0.06655665566556655,0.21352112301549653,-0.9141802522300821,1.1277013752455796,0.3173084212854214,,,-0.11442525068713492,"partial: caused turnovers only, relative to positional per-game average",0.5308295443009179,0.41640429361378295,shooting+turnover+defense,0.00617243656163858,0.0031400165149337725,,,-0.010402295517012265,0.03785493578307118,0.003441357798461016,0.07506594764256846,0.4557635966583494,0.11481210324113376,3.8602272758245655,,,3.9696476572781996,3.978622828268349,0.10466040928916558,0.05531309629169108,,,0.27941176470588236,0.27399495953960934,0.27692307692307694,0.28652402924241305,0.3333333333333333,0.14538366797473282,,,,,0.3341496418689047,0.3173535533780241,2.999991000027e-06,,,0.12207481835503131,,,34,0.5944244459259438,3.7653461911498685,-0.04727856172443913,0.13531380981904834,60.29411764705883,0.6025991507203867,66.17647058823529,0.21817556265786334,54.41176470588235,,True,0.3341496418689047,shooting_pct,False,True,True,False,True,True,True,True,"ground_ball_value,assist_value,possession_participation,penalty_value","offensive value covers finishing and possession security only; shot creation, assists and off-ball work are not measured",0.0,0.8226665627657156,0.1773334372342844
003059,BJ Farrare,RED,1,SSDM,short_stick_defensive_midfield,defensive_field,defensive_field,"roster_position: measurable opportunities cannot separate offensive from defensive field roles (the feed attributes one defensive act, caused turnovers, 741 league-wide)",medium,12,6.0,666.0,0.5,3.0,2.0,1.0,0.0,3.0,50.0,15.0,1.0,7.0,1.0,0.0,0,0,0,0.0,3.0,0.009009009009009009,0.009009009009009009,0.005747126436781609,0.015605493133583021,0.003076923076923077,0.08235294117647059,34.0,0.016198189614101955,-0.8727409852431683,-0.5819747769916949,-0.2907662082514735,-0.12696879460344745,-0.15430370782075734,,-0.15578696004656398,"partial: caused turnovers only, relative to positional per-game average",-0.9997097798466158,-1.309800447713937,shooting+turnover+defense+faceoff,-0.16661829664110264,-0.29091366174772276,-0.15430370782075734,,-0.012982246670546998,-0.10915003730949475,-0.03852354257982168,0.07506594764256846,-1.0747757274891843,-1.065934358349558,0.953737325004341,0.15547416991218138,,1.0082944780514589,1.1835833893079135,-1.106639768305491,-0.9150747929878869,-0.992471662063961,,0.0,0.2654006379621949,0.0,0.2868837404568468,0.0,0.145382958742778,0.0,0.46992975997914377,,,0.021660393394261863,0.014102494476523461,9.99999000001e-07,0.052984189280608794,,0.1462134849280119,0.4333804848138243,,80,0.027815821989010826,1.4913697162411945,-0.8969045402599682,-0.9611500156284789,18.125000000000004,-0.4705602206401765,38.125,-0.9805351242183323,11.249999999999993,,True,0.021660393394261863,shooting_pct,False,True,True,False,True,True,True,False,"ground_ball_value,assist_value,possession_participation,penalty_value","defensive value is PARTIAL (caused turnovers only, on a games-played denominator); a value near zero does NOT mean an average defender",0.11780703548397134,0.763253502922114,0.11893946159391461
003075,Brennan O'Neill,OUT,1,A,attack,attack,offensive_field,"roster_position: measurable opportunities cannot separate offensive from defensive field roles (the feed attributes one defensive act, caused turnovers, 741 league-wide)",medium,12,127.0,716.0,10.583333333333334,109.0,93.0,16.0,63.0,18.0,433.0,19.0,9.0,1.0,0.0,0.0,0,0,0,0.0,0.0,0.17737430167597765,0.17737430167597765,0.2,0.13121212121212122,0.0,0.012658227848101266,167.0,0.08226600985221674,2.285913537862612,-1.0618271301138122,3.3477406679764243,1.3744245512789746,,,-0.14445812488323334,"partial: caused turnovers only, relative to positional per-game average",3.660338089141587,3.5158799642583536,shooting+turnover+defense,0.02882155975702037,0.020971683833601946,,,-0.012038177073602779,0.29298999702152945,0.021053173438672777,0.07506594764256846,3.5852721414990185,0.6750123873393472,5.209508190210285,,,5.311416810631957,5.318737708577667,0.6610365385358639,0.43879641885548887,,,0.27522935779816515,0.2730387559677896,0.27956989247311825,0.28642664530777123,0.25,0.14538477796928923,,,,,0.44580478138203367,0.39945213722842215,1.5999744004095935e-05,,,0.11132196109974757,,,34,0.5944244459259438,3.7653461911498685,0.775879658874142,1.2401426743390855,83.82352941176471,1.3185536361499683,92.64705882352942,0.4865780066344481,75.0,,True,0.44580478138203367,shooting_pct,False,True,True,False,True,True,True,True,"ground_ball_value,assist_value,possession_participation,penalty_value","offensive value covers finishing and possession security only; shot creation, assists and off-ball work are not measured",0.0,0.9620326249403982,0.03796737505960181
003076,Connor Shellenberger,ATL,1,A,attack,attack,offensive_field,"roster_position: measurable opportunities cannot separate offensive from defensive field roles (the feed attributes one defensive act, caused turnovers, 741 league-wide)",medium,12,71.0,688.0,5.916666666666667,53.0,53.0,0.0,41.0,18.0,415.0,16.0,29.0,1.0,0.0,0.0,0,0,0,0.0,2.0,0.10319767441860465,0.10319767441860465,0.10311284046692606,0.13348343518816339,0.0,0.012048192771084338,145.0,0.06453048509123276,10.577668409720086,10.577668409720086,0.0,1.1557108692113431,,,-0.14445812488323334,"partial: caused turnovers only, relative to positional per-game average",11.73337927893143,11.588921154048197,shooting+turnover+defense,0.16525886308354126,0.19957864924000163,,,-0.012038177073602779,0.9657434295040165,0.07992359416584964,0.07506594764256846,11.658313331288861,3.370774127900894,3.3067548436960594,,,3.458645666818656,3.469877825656939,3.3398643227025175,3.1988063553865116,,,0.49056603773584906,0.3329330378251432,0.49056603773584906,0.3458454412979538,,,,,,,0.28116466310742677,0.2748693460498237,,,,0.13401189347496256,,,34,0.5944244459259438,3.7653461911498685,2.919916562775529,4.117832283396132,98.52941176470588,-0.3231378603107558,27.941176470588236,2.103422303277232,95.58823529411765,,True,0.28116466310742677,shooting_pct,False,True,True,False,True,True,True,False,"ground_ball_value,assist_value,possession_participation,penalty_value","offensive value covers finishing and possession security only; shot creation, assists and off-ball work are not measured",0.0,0.9878380112496877,0.012161988750312363
003077,Ajax Zappitello,WHP,1,D,defense,defensive_field,defensive_field,"roster_position: measurable opportunities cannot separate offensive from defensive field roles (the feed attributes one defensive act, caused turnovers, 741 league-wide)",medium,11,7.0,593.0,0.6363636363636364,3.0,3.0,0.0,0.0,4.0,108.0,21.0,1.0,18.0,0.0,0.0,0,0,0,0.0,1.0,0.011804384485666104,0.011804384485666104,0.006666666666666667,0.036585365853658534,0.0,0.2727272727272727,30.0,0.0165016501650165,-0.8729621654875424,-0.8729621654875424,0.0,0.2612695900220236,,,2.358458186650876,"partial: caused turnovers only, relative to positional per-game average",-0.6116925754655187,1.7467656111853571,shooting+turnover+defense,-0.08738465363793124,-0.29098738849584743,,,0.21440528969553416,0.15879687374412338,0.05822552037284524,0.07506594764256846,-0.6867585231080872,-0.744826829927887,0.7867281517122942,,,0.9220378422385485,1.0863655666323186,1.6078985424770476,-1.1096109419595093,,,0.0,0.2654006379621949,0.0,0.28487501628501727,,,,,,,0.021660393394261863,0.02100562585349776,,,,0.1462134849280119,,,80,0.027815821989010826,1.4913697162411945,1.1525980248068455,1.5325931742667926,90.625,-0.15914735988943832,48.75,-0.6000886568683503,32.5,,True,0.021660393394261863,shooting_pct,False,True,True,False,True,True,True,False,"ground_ball_value,assist_value,possession_participation,penalty_value","defensive value is PARTIAL (caused turnovers only, on a games-played denominator); a value near zero does NOT mean an average defender",0.0,0.3247444732548961,0.675255526745104
003078,Shane Knobloch,CHA,1,M,midfield,midfield,offensive_field,"roster_position: measurable opportunities cannot separate offensive from defensive field roles (the feed attributes one defensive act, caused turnovers, 741 league-wide)",medium,5,35.0,284.0,7.0,30.0,28.0,2.0,19.0,5.0,115.0,4.0,4.0,0.0,0.0,0.0,0,0,0,0.0,0.0,0.12323943661971831,0.05636070853462158,0.14218009478672985,0.09005481597494126,0.0,0.0,52.0,0.06060606060606061,1.2708207056133247,-0.14764687788372832,1.418467583497053,0.3176555858601318,,,-0.15016437098049204,"partial: caused turnovers only, relative to positional per-game average",1.5884762914734565,1.4383119204929644,shooting+turnover+defense,0.045385036899241615,0.042360690187110826,,,-0.03003287419609841,0.2876623840985929,0.0276598446248647,0.07506594764256846,1.5134103438308881,0.5697604404769742,2.6020682634754246,,,2.656222223087196,2.662318997963034,0.5402477770670723,0.48838868812610114,,,0.3,0.27648320354396744,0.2857142857142857,0.2901075895356315,0.5,0.14538381335811004,,,,,0.1812670863455353,0.1668465411469531,1.999996000008e-06,,,0.13562514405930415,,,53,-0.5493676434547139,3.0482728979742424,0.6520674593369278,1.1165038463777806,78.30188679245283,1.399054049559478,89.62264150943396,0.6469450872220666,80.18867924528303,,True,0.1812670863455353,shooting_pct,False,True,True,False,True,True,True,False,"ground_ball_value,assist_value,possession_participation,penalty_value","offensive value covers finishing and possession security only; shot creation, assists and off-ball work are not measured",0.0,0.9136311635731863,0.08636883642681367
003079,Liam Entenmann,ATL,1,G,goalie,goalie,goalie,measured_opportunity: faced 345 shots on goal as goalie of record,high,12,8.0,688.0,0.6666666666666666,4.0,0.0,4.0,0.0,4.0,225.0,25.0,1.0,2.0,0.0,0.0,345,311,34,185.0,0.0,0.011627906976744186,0.011627906976744186,0.007782101167315175,0.07237053715020907,0.0,0.024096385542168676,579.0,0.2576769025367156,-1.163064833005894,0.0,-1.163064833005894,0.30386772924609445,,14.329979296066256,-0.19630578679086144,"partial: caused turnovers only, relative to positional per-game average",-0.8591971037597994,13.274476405515594,shooting+turnover+defense+goalie,-0.10739963796997493,-0.2907662082514735,,0.04153617187265581,-0.01635881556590512,1.1062063671262996,0.022926556831633152,,,,1.409946706286458,,10.182067058307823,1.4946640628674557,10.297774362778098,1.289062659354526,-0.8248998545974793,,1.4073742800951248,0.0,0.26349814678948846,,,0.0,0.14538252259564635,,,0.578125,0.5565863319623746,0.02867349810933653,,3.9999840000639995e-06,,0.4362518851646197,0.14535719057312235,,0.07183218630962074,16,-0.3271258080481808,6.982201543348508,1.948039186368251,1.6451058177649012,96.875,0.8022864656864725,71.875,-0.34874293103627524,50.0,,True,0.4362518851646197,save_pct,False,True,True,False,True,True,True,True,"ground_ball_value,assist_value,possession_participation,penalty_value",goalie metrics are standardized only against other goalies; a goalie total is not comparable with a field player total,0.0,0.09172216590828375,0.012274314721834215
003080,Pat Kavanagh,OUT,1,A,attack,attack,offensive_field,"roster_position: measurable opportunities cannot separate offensive from defensive field roles (the feed attributes one defensive act, caused turnovers, 741 league-wide)",medium,12,128.0,716.0,10.666666666666666,102.0,99.0,3.0,70.0,26.0,516.0,27.0,20.0,5.0,0.0,0.0,0,0,0,0.0,7.0,0.1787709497206704,0.1787709497206704,0.1871559633027523,0.15636363636363637,0.0,0.06329113924050633,195.0,0.0960591133004926,-5.680050085843316,-4.807751461088895,-0.8722986247544204,0.6554467170534747,,,0.719287336996557,"partial: caused turnovers only, relative to positional per-game average",-5.024603368789841,-4.305316031793284,shooting+turnover+defense,-0.039254713818670635,-0.05568676554748349,,,0.05994061141637975,-0.35877633598277364,-0.022078543752786072,0.07506594764256846,-5.09966931643241,-1.0589046597217036,4.681455049545518,,,4.8159853388242535,4.824058152650362,-0.8924676891442368,-1.2133086883734456,,,0.23529411764705882,0.2558231749945239,0.24242424242424243,0.2708560177226131,0.0,0.1453826679777328,,,,,0.4294707192826225,0.4145400864999802,2.999991000027e-06,,,0.11059934232616797,,,34,0.5944244459259438,3.7653461911498685,-1.301272241377342,-1.5477750284346168,7.352941176470584,1.3494645214692074,95.58823529411765,-0.32015689638642186,25.0,,True,0.4294707192826225,shooting_pct,False,True,True,False,True,True,True,True,"ground_ball_value,assist_value,possession_participation,penalty_value","offensive value covers finishing and possession security only; shot creation, assists and off-ball work are not measured",0.0,0.8980426158003707,0.10195738419962924
003081,Matt Brandau,WHP,1,M,midfield,midfield,offensive_field,"roster_position: measurable opportunities cannot separate offensive from defensive field roles (the feed attributes one defensive act, caused turnovers, 741 league-wide)",medium,11,77.0,593.0,7.0,64.0,63.0,1.0,44.0,13.0,268.0,18.0,3.0,2.0,0.0,0.0,0,0,0,0.0,1.0,0.12984822934232715,0.12984822934232715,0.14222222222222222,0.09078590785907859,0.0,0.030303030303030304,95.0,0.052255225522552254,3.3770283165101382,3.667794524761611,-0.2907662082514735,0.4492309596754214,,,0.10151111478281265,"partial: caused turnovers only, relative to positional per-game average",3.8262592761855596,3.927770390968372,shooting+turnover+defense,0.049691678911500774,0.05276606744547091,,,0.009228283162073877,0.35707003554257927,0.0413449514838776,0.07506594764256846,3.7511933285429913,0.9969260953135656,3.6735204242349737,,,3.7627596931978387,3.7722271399583076,1.0412337977643054,0.9192893808977307,,,0.34375,0.29452601806065165,0.3492063492063492,0.3090714765683455,0.0,0.145382958742778,,,,,0.3207993684699098,0.31062196665485997,9.99999000001e-07,,,0.12600978487171233,,,53,-0.5493676434547139,3.0482728979742424,1.4687458059934229,2.301214270186036,91.50943396226415,1.6264714522579913,93.39622641509435,0.6862862075344119,83.9622641509434,,True,0.3207993684699098,shooting_pct,False,True,True,False,True,True,True,True,"ground_ball_value,assist_value,possession_participation,penalty_value","offensive value covers finishing and possession security only; shot creation, assists and off-ball work are not measured",0.0,0.9741555374478533,0.025844462552146688
003082,Mason Woodward,ARC,1,LSM,long_stick_midfield,defensive_field,defensive_field,"roster_position: measurable opportunities cannot separate offensive from defensive field roles (the feed attributes one defensive act, caused turnovers, 741 league-wide)",medium,10,15.0,516.0,1.5,11.0,1.0,10.0,7.0,4.0,73.0,23.0,2.0,6.0,0.0,0.0,0,0,0,0.0,4.0,0.029069767441860465,0.029069767441860465,0.031161473087818695,0.03164282618118769,0.0,0.09090909090909091,50.0,0.03211303789338472,2.801350528989418,-0.29098738849584743,3.092337917485265,-0.10331862124245318,,,-0.09383307246047873,"partial: caused turnovers only, relative to positional per-game average",2.6980319077469646,2.604198835286486,shooting+turnover+defense,0.17986879384979765,0.2546682299081289,,,-0.009383307246047874,0.2604198835286486,0.05208397670572972,0.07506594764256846,2.622965960104396,1.1358694511951262,2.275123736119047,,,2.309214282807407,2.37328962837323,1.0972949968485441,1.2312959003135449,,,0.2727272727272727,0.271385519077208,0.0,0.2889209938165717,0.3,0.14538465027923395,,,,,0.07508448388873329,0.007101320404149502,9.99990000099999e-06,,,0.14322432718472555,,,80,0.027815821989010826,1.4913697162411945,1.7275280470297578,2.2321423487944108,93.125,1.764265914371417,93.125,0.6831494491940036,81.25,,True,0.07508448388873329,shooting_pct,False,True,True,False,True,True,True,True,"ground_ball_value,assist_value,possession_participation,penalty_value","defensive value is PARTIAL (caused turnovers only, on a games-played denominator); a value near zero does NOT mean an average defender",0.0,0.9687066857078311,0.0312933142921689
003083,Jake Piseno,OUT,1,LSM,long_stick_midfield,defensive_field,defensive_field,"roster_position: measurable opportunities cannot separate offensive from defensive field roles (the feed attributes one defensive act, caused turnovers, 741 league-wide)",medium,12,23.0,716.0,1.9166666666666667,16.0,4.0,12.0,7.0,7.0,99.0,38.0,4.0,14.0,0.0,0.0,0,0,0,0.0,0.0,0.03212290502793296,0.03212290502793296,0.029357798165137616,0.03,0.0,0.17721518987341772,72.0,0.035467980295566505,3.3468559469989287,0.8360504460166103,2.5108055009823183,-0.4802907607129702,,,1.355767598243069,"partial: caused turnovers only, relative to positional per-game average",2.8665651862859587,4.222332784529028,shooting+turnover+defense,0.12463326896895473,0.20917849668743305,,,0.11298063318692242,0.351861065377419,0.058643510896236505,0.07506594764256846,2.7914992386433903,1.0550084959954176,2.605590922733833,,,2.645949534282722,2.7131326184758486,1.5562574257431618,1.2844901775630024,,,0.3125,0.27563017547968094,0.5,0.29680060602625613,0.25,0.14538435951342257,,,,,0.10560941808774488,0.027812759663515325,1.1999856001727979e-05,,,0.1415537681314163,,,80,0.027815821989010826,1.4913697162411945,2.8125265766504617,3.5523201033413088,96.875,2.104394214803335,95.625,0.4179318027922396,75.0,,True,0.10560941808774488,shooting_pct,False,True,True,False,True,True,True,True,"ground_ball_value,assist_value,possession_participation,penalty_value","defensive value is PARTIAL (caused turnovers only, on a games-played denominator); a value near zero does NOT mean an average defender",0.0,0.7384159725185221,0.26158402748147785
003084,Jake Stevens,ATL,1,M,midfield,midfield,offensive_field,"roster_position: measurable opportunities cannot separate offensive from defensive field roles (the feed attributes one defensive act, caused turnovers, 741 league-wide)",medium,12,57.0,688.0,4.75,37.0,36.0,1.0,23.0,20.0,143.0,11.0,0.0,1.0,0.0,0.0,0,0,0,0.0,2.0,0.08284883720930232,0.08284883720930232,0.07198443579766536,0.0459954969443551,0.0,0.012048192771084338,58.0,0.0258121940364931,-0.7663121941019817,-0.47554598585050734,-0.2907662082514735,-2.581168612972766,,,-0.14445812488323334,"partial: caused turnovers only, relative to positional per-game average",-3.3474808070747475,-3.4919389319579808,shooting+turnover+defense,-0.05872773345745171,-0.02071114038113464,,,-0.012038177073602779,-0.2909949109964984,-0.06020584365444794,0.07506594764256846,-3.422546754717316,-1.1895342314107489,2.815010061261188,,,2.877215858393824,2.8907081091274454,-1.2079873858353745,-0.2722236075272344,,,0.2702702702702703,0.27106074827427756,0.2777777777777778,0.2882826392649641,0.0,0.145382958742778,,,,,0.21449071487499582,0.2047561649325099,9.99999000001e-07,,,0.13204944570316002,,,53,-0.5493676434547139,3.0482728979742424,-0.9653240989213201,-1.229757256653491,12.264150943396224,0.009159465647200231,57.54716981132076,-0.3041237531865274,33.0188679245283,,True,0.21449071487499582,shooting_pct,False,True,True,False,True,True,True,False,"ground_ball_value,assist_value,possession_participation,penalty_value","offensive value covers finishing and possession security only; shot creation, assists and off-ball work are not measured",0.0,0.9586309704441958,0.04136902955580428
003085,Graham Bundy,OUT,1,M,midfield,midfield,offensive_field,"roster_position: measurable opportunities cannot separate offensive from defensive field roles (the feed attributes one defensive act, caused turnovers, 741 league-wide)",medium,12,52.0,716.0,4.333333333333333,48.0,24.0,24.0,29.0,4.0,278.0,6.0,2.0,2.0,0.0,0.0,0,0,0,0.0,2.0,0.07262569832402235,0.07262569832402235,0.08807339449541285,0.08424242424242424,0.0,0.02531645569620253,67.0,0.03300492610837438,-4.962086321935702,-3.983697323900339,-0.9783889980353635,2.514165850053634,,,0.07147824058671423,"partial: caused turnovers only, relative to positional per-game average",-2.4479204718820684,-2.3764422312953544,shooting+turnover+defense,-0.047075393690039775,-0.10337679837366047,,,0.005956520048892852,-0.1980368526079462,-0.03546928703425902,0.07506594764256846,-2.5229864195246368,-0.6019476550985766,4.108433736228604,,,4.1913717881523525,4.200645157937255,-0.5657326772305415,-1.2077805413239355,,,0.125,0.23301384991776453,0.125,0.26666969522759504,0.125,0.1453826149429781,,,,,0.261578044198555,0.1465032584018318,2.3999424013823667e-05,,,0.12176728062331676,,,53,-0.5493676434547139,3.0482728979742424,-0.5993802553094375,-0.6989026211285372,17.924528301886788,-0.34263242589797366,40.56603773584905,-0.19767977678794,40.56603773584905,,True,0.261578044198555,shooting_pct,False,True,True,False,True,True,True,True,"ground_ball_value,assist_value,possession_participation,penalty_value","offensive value covers finishing and possession security only; shot creation, assists and off-ball work are not measured",0.0,0.9905298365628405,0.009470163437159465
003086,Eric Dobson,CHA,1,M,midfield,midfield,offensive_field,"roster_position: measurable opportunities cannot separate offensive from defensive field roles (the feed attributes one defensive act, caused turnovers, 741 league-wide)",medium,3,11.0,158.0,3.6666666666666665,6.0,4.0,2.0,2.0,5.0,53.0,1.0,0.0,0.0,0.0,0.0,0,0,0,0.0,0.0,0.06962025316455696,0.017713365539452495,0.05555555555555555,0.07181571815718157,0.0,0.0,8.0,0.01680672268907563,-1.7454819704863367,-1.1639495539833897,-0.581532416502947,-0.43569154126171095,,,-0.09009862258829522,"partial: caused turnovers only, relative to positional per-game average",-2.1811735117480477,-2.271272134336343,shooting+turnover+defense,-0.19828850106800433,-0.29091366174772276,,,-0.030032874196098406,-0.7570907114454477,-0.2839090167920429,0.07506594764256846,-2.256239459390616,-1.6155337279906037,1.3487882599625756,,,1.39659074911232,1.4035388450633193,-1.618246721367998,-1.294111182829222,,,0.0,0.25977383451310515,0.0,0.28289422619449844,0.0,0.14538281336011002,,,,,0.04240233552031815,0.027812759663515325,1.999996000008e-06,,,0.14367221161955968,,,53,-0.5493676434547139,3.0482728979742424,-0.5648787193646397,-0.6488531378300785,23.584905660377352,-0.44605381627994184,34.90566037735849,-1.5790096001691623,8.490566037735848,,True,0.04240233552031815,shooting_pct,False,True,True,False,True,True,True,False,"ground_ball_value,assist_value,possession_participation,penalty_value","offensive value covers finishing and possession security only; shot creation, assists and off-ball work are not measured",0.0,0.9603312076847974,0.03966879231520255
003087,Beau Pederson,ARC,1,SSDM,short_stick_defensive_midfield,defensive_field,defensive_field,"roster_position: measurable opportunities cannot separate offensive from defensive field roles (the feed attributes one defensive act, caused turnovers, 741 league-wide)",medium,10,16.0,516.0,1.6,10.0,5.0,5.0,6.0,6.0,79.0,15.0,1.0,4.0,18.0,4.0,0,0,0,0.0,3.0,0.031007751937984496,0.031007751937984496,0.028328611898016998,0.03424360641525791,0.07792207792207792,0.06060606060606061,53.0,0.0340398201669878,2.0912320162633957,1.545063057520763,0.5461689587426326,-0.47269051596558087,-1.5336378675788978,,-0.5257058034003739,"partial: caused turnovers only, relative to positional per-game average",1.6185415002978147,-0.4408021706814569,shooting+turnover+defense+faceoff,0.10115884376861342,0.20912320162633957,-0.08520210375438321,,-0.052570580340037386,-0.04408021706814569,-0.008317022088329375,0.07506594764256846,1.5434755526552464,0.8039771034394875,1.8752348611230298,0.6596210390655177,,1.9198003849265322,2.102561887166262,-0.20965003378594965,1.1151840548714047,-2.3250287312721194,,0.4,0.28012346541489286,0.6,0.30165632224424516,0.2,0.1453833772088507,0.2222222222222222,0.3587390530163658,,,0.06872774785123434,0.0345258845471243,4.9999750001249995e-06,0.5017623734142237,,0.14513581508072093,0.3074438514886424,,80,0.027815821989010826,1.4913697162411945,-0.31421986618553516,-0.2521653270525494,36.875,1.9801629561349396,94.375,0.30521753392814377,70.0,,True,0.06872774785123434,shooting_pct,False,True,True,False,True,True,True,True,"ground_ball_value,assist_value,possession_participation,penalty_value","defensive value is PARTIAL (caused turnovers only, on a games-played denominator); a value near zero does NOT mean an average defender",0.33172173095173535,0.5545695228299378,0.11370874621832676
003088,Alexander Vardaro,CAN,1,M,midfield,midfield,offensive_field,"roster_position: measurable opportunities cannot separate offensive from defensive field roles (the feed attributes one defensive act, caused turnovers, 741 league-wide)",medium,3,14.0,169.0,4.666666666666667,10.0,8.0,2.0,5.0,4.0,52.0,1.0,3.0,0.0,0.0,0.0,0,0,0,0.0,0.0,0.08284023668639054,0.026022304832713755,0.07352941176470588,0.06341463414634146,0.0,0.0,19.0,0.03747534516765286,-1.9094315244697264,-1.3278991079667795,-0.581532416502947,-0.23190593590663178,,,-0.09009862258829522,"partial: caused turnovers only, relative to positional per-game average",-2.1413374603763584,-2.231436082964654,shooting+turnover+defense,-0.15295267574116847,-0.19094315244697263,,,-0.030032874196098406,-0.7438120276548846,-0.11744400436656073,0.07506594764256846,-2.2164034080189263,-1.3309285165990585,1.626187161166183,,,1.6653061230384747,1.6711373529799998,-1.335279879290305,-1.1741769767143047,,,0.1,0.25950514105952255,0.125,0.28200410374868995,0.0,0.14538281336011002,,,,,0.06872774785123434,0.054120284851533945,1.999996000008e-06,,,0.14165817096363753,,,53,-0.5493676434547139,3.0482728979742424,-0.5518103187637085,-0.629895526822256,25.47169811320754,0.008863510142989146,55.660377358490564,-1.164867409207971,10.377358490566035,,True,0.06872774785123434,shooting_pct,False,True,True,False,True,True,True,False,"ground_ball_value,assist_value,possession_participation,penalty_value","offensive value covers finishing and possession security only; shot creation, assists and off-ball work are not measured",0.0,0.9596230323260743,0.04037696767392571
003089,Kenny Brower,WAT,1,D,defense,defensive_field,defensive_field,"roster_position: measurable opportunities cannot separate offensive from defensive field roles (the feed attributes one defensive act, caused turnovers, 741 league-wide)",medium,10,1.0,542.0,0.1,1.0,0.0,1.0,1.0,0.0,57.0,17.0,1.0,12.0,0.0,0.0,0,0,0,0.0,4.0,0.0018450184501845018,0.0014992503748125937,0.002457002457002457,0.024474023185916703,0.0,0.1643835616438356,24.0,0.014302741358760428,-0.2907662082514735,0.0,-0.2907662082514735,0.5937579440592907,,,1.2017851203592067,"partial: caused turnovers only, relative to positional per-game average",0.30299173580781724,1.504776856167024,shooting+turnover+defense,0.30299173580781724,-0.2907662082514735,,,0.12017851203592067,0.1504776856167024,0.062699035673626,0.07506594764256846,0.22792578816524878,0.2896959493985634,0.704973353143229,,,0.7867758891294289,0.9586706191062819,1.5696494981455134,-0.41244992729873964,,,0.0,0.26928924528872666,,,0.0,0.145382958742778,,,,,0.007325919327830917,,9.99999000001e-07,,,0.14795433258404955,,,80,0.027815821989010826,1.4913697162411945,0.9903386250194912,1.3351631831494029,89.375,-1.2686493549781352,8.124999999999993,1.2743337812812023,87.5,,True,0.007325919327830917,shooting_pct,False,True,True,False,True,True,True,False,"ground_ball_value,assist_value,possession_participation,penalty_value","defensive value is PARTIAL (caused turnovers only, on a games-played denominator); a value near zero does NOT mean an average defender",0.0,0.4239659785333683,0.5760340214666316
003090,Dyson Williams,ARC,1,M,midfield,midfield,offensive_field,"roster_position: measurable opportunities cannot separate offensive from defensive field roles (the feed attributes one defensive act, caused turnovers, 741 league-wide)",medium,10,34.0,516.0,3.4,28.0,27.0,1.0,23.0,6.0,76.0,5.0,1.0,0.0,0.0,0.0,0,0,0,0.0,0.0,0.06589147286821706,0.06589147286821706,0.07932011331444759,0.0329432162982228,0.0,0.0,35.0,0.0224791265253693,3.8525743023606456,4.143340510612119,-0.2907662082514735,-0.37216042408968447,,,-0.3003287419609841,"partial: caused turnovers only, relative to positional per-game average",3.4804138782709613,3.180085136309977,shooting+turnover+defense,0.10236511406679298,0.13759193937002306,,,-0.03003287419609841,0.3180085136309977,0.0908595753231422,0.07506594764256846,3.405347930628393,1.3615243931164294,2.463221080396924,,,2.5011288434089685,2.514059941273776,1.2649201731836006,1.5640391895882284,,,0.42857142857142855,0.29821366701372065,0.4444444444444444,0.3158247477987257,0.0,0.145382958742778,,,,,0.17125210526597304,0.16185218170220841,9.99999000001e-07,,,0.1395767253707163,,,53,-0.5493676434547139,3.0482728979742424,1.2234642056631915,1.945397723966499,87.73584905660378,-0.5743661368231507,33.0188679245283,1.167457371473768,87.73584905660378,,True,0.17125210526597304,shooting_pct,False,True,True,False,True,True,True,False,"ground_ball_value,assist_value,possession_participation,penalty_value","offensive value covers finishing and possession security only; shot creation, assists and off-ball work are not measured",0.0,0.9336299382190931,0.06637006178090697
003091,Garrett Degnon,CHA,1,M,midfield,midfield,offensive_field,"roster_position: measurable opportunities cannot separate offensive from defensive field roles (the feed attributes one defensive act, caused turnovers, 741 league-wide)",medium,4,20.0,214.0,5.0,18.0,15.0,3.0,9.0,2.0,74.0,5.0,2.0,0.0,0.0,0.0,0,0,0,0.0,0.0,0.09345794392523364,0.0322061191626409,0.12,0.0776495278069255,0.0,0.0,25.0,0.03930817610062893,-1.237109452192132,-0.36481082743771154,-0.8722986247544204,0.46728351756036896,,,-0.12013149678439364,"partial: caused turnovers only, relative to positional per-game average",-0.7698259346317631,-0.8899574314161567,shooting+turnover+defense,-0.03849129673158815,-0.06872830289956289,,,-0.03003287419609841,-0.22248935785403917,-0.03559829725664627,0.07506594764256846,-0.8448918822743315,-0.38689389681759667,2.1414173365809,,,2.1837818823817234,2.189713238899731,-0.4064264743009615,-0.5777059105010172,,,0.2222222222222222,0.2655243528007701,0.26666666666666666,0.28863101682633946,0.0,0.1453826679777328,,,,,0.11726259109755376,0.09688740679895118,2.999991000027e-06,,,0.1389861850766465,,,53,-0.5493676434547139,3.0482728979742424,-0.11173205266096249,0.008501843792345103,51.886792452830186,0.3742330268189048,66.98113207547169,-0.11926415964261579,46.22641509433963,,True,0.11726259109755376,shooting_pct,False,True,True,False,True,True,True,False,"ground_ball_value,assist_value,possession_participation,penalty_value","offensive value covers finishing and possession security only; shot creation, assists and off-ball work are not measured",0.0,0.9341573659396228,0.06584263406037719
003092,Josh Zawada,CHA,1,A,attack,attack,offensive_field,"roster_position: measurable opportunities cannot separate offensive from defensive field roles (the feed attributes one defensive act, caused turnovers, 741 league-wide)",medium,9,50.0,514.0,5.555555555555555,33.0,33.0,0.0,24.0,17.0,285.0,11.0,5.0,1.0,0.0,0.0,0,0,0,0.0,1.0,0.09727626459143969,0.08051529790660225,0.08616187989556136,0.11904761904761904,0.0,0.019230769230769232,71.0,0.046103896103896105,-0.6025838203629661,-0.6025838203629661,0.0,-0.20795158025160523,,,-0.054359502294938106,"partial: caused turnovers only, relative to positional per-game average",-0.8105354006145713,-0.8648949029095094,shooting+turnover+defense,-0.016210708012291426,-0.01826011576857473,,,-0.006039944699437567,-0.09609943365661217,-0.01218161835083816,0.07506594764256846,-0.8856013482571398,-0.3230732954247631,2.6092820912394785,,,2.7411778094899133,2.751803497804052,-0.3143011132879576,-0.23093854910747605,,,0.2727272727272727,0.27156070182538383,0.2727272727272727,0.28750059461425814,,,,,,,0.19584379163130197,0.19095135681395786,,,,0.13367048662621528,,,34,0.5944244459259438,3.7653461911498685,-0.3875657840613597,-0.3214138715151535,39.70588235294117,-0.45419165069928324,19.11764705882353,-0.04707491329650072,45.588235294117645,,True,0.19584379163130197,shooting_pct,False,True,True,False,True,True,True,False,"ground_ball_value,assist_value,possession_participation,penalty_value","offensive value covers finishing and possession security only; shot creation, assists and off-ball work are not measured",0.0,0.9371490083800095,0.06285099161999054
003093,Ross Scott,CHA,1,M,midfield,midfield,offensive_field,"roster_position: measurable opportunities cannot separate offensive from defensive field roles (the feed attributes one defensive act, caused turnovers, 741 league-wide)",medium,11,55.0,621.0,5.0,40.0,40.0,0.0,25.0,15.0,264.0,8.0,8.0,0.0,0.0,0.0,0,0,0,0.0,0.0,0.08856682769726248,0.08856682769726248,0.08771929824561403,0.09325326739667962,0.0,0.0,79.0,0.04233654876741694,0.36050446016610316,0.36050446016610316,0.0,-0.03124481172394742,,,-0.3303616161570825,"partial: caused turnovers only, relative to positional per-game average",0.3292596484421557,-0.001101967714926766,shooting+turnover+defense,0.005986539062584649,0.00901261150415258,,,-0.030032874196098406,-0.00010017888317516054,-1.3948958416794505e-05,0.07506594764256846,0.25419370079958725,0.08517600697650413,2.8727250354478007,,,2.9843345540922903,2.9962626415975233,-0.00036778074779827296,0.12549215665184876,,,0.3,0.2778231794271816,0.3,0.2929922083243697,,,,,,,0.22791809857595446,0.222446049915556,,,,0.13193826092174277,,,53,-0.5493676434547139,3.0482728979742424,0.17986108661863645,0.43149999603895434,68.8679245283019,0.20592317121449782,61.32075471698113,0.2870403077893975,68.8679245283019,,True,0.22791809857595446,shooting_pct,False,True,True,False,True,True,True,False,"ground_ball_value,assist_value,possession_participation,penalty_value","offensive value covers finishing and possession security only; shot creation, assists and off-ball work are not measured",0.0,0.5425056987431557,0.4574943012568443
003094,Levi Anderson,WHP,1,M,midfield,midfield,offensive_field,"roster_position: measurable opportunities cannot separate offensive from defensive field roles (the feed attributes one defensive act, caused turnovers, 741 league-wide)",medium,9,42.0,474.0,4.666666666666667,34.0,34.0,0.0,24.0,8.0,125.0,3.0,1.0,1.0,0.0,0.0,0,0,0,0.0,0.0,0.08860759493670886,0.07082630691399663,0.09497206703910614,0.050505050505050504,0.0,0.017241379310344827,52.0,0.03556771545827633,0.10642879114118742,0.10642879114118742,0.0,-0.20864590940102662,,,-0.054359502294938106,"partial: caused turnovers only, relative to positional per-game average",-0.1022171182598392,-0.1565766205547773,shooting+turnover+defense,-0.0024337409109485525,0.0031302585629761005,,,-0.006039944699437567,-0.017397402283864147,-0.0030110888568226405,0.07506594764256846,-0.17728306590240767,-0.06550698117070873,2.648521617788928,,,2.706323245768488,2.717085243026722,-0.05762668689052882,0.04018422595698412,,,0.29411764705882354,0.27585823723443187,0.29411764705882354,0.29159968556000815,,,,,,,0.20058803015403176,0.1956059066183325,,,,0.13393633923260495,,,53,-0.5493676434547139,3.0482728979742424,0.12885690882892062,0.35751103657574795,61.32075471698113,0.20732602648613713,63.20754716981132,0.21012115672937495,63.20754716981132,,True,0.20058803015403176,shooting_pct,False,True,True,False,True,True,True,False,"ground_ball_value,assist_value,possession_participation,penalty_value","offensive value covers finishing and possession security only; shot creation, assists and off-ball work are not measured",0.0,0.8528574185133044,0.14714258148669565
003096,Marcus Hudgins,WAT,1,LSM,long_stick_midfield,defensive_field,defensive_field,"roster_position: measurable opportunities cannot separate offensive from defensive field roles (the feed attributes one defensive act, caused turnovers, 741 league-wide)",medium,9,7.0,494.0,0.7777777777777778,2.0,1.0,1.0,1.0,5.0,48.0,22.0,1.0,11.0,0.0,0.0,0,0,0,0.0,0.0,0.01417004048582996,0.010494752623688156,0.005305039787798408,0.022461394478240523,0.0,0.16176470588235295,35.0,0.022860875244937948,-0.5817535967473209,-0.29098738849584743,-0.2907662082514735,-0.5796751376155984,,,1.1247938814172755,"partial: caused turnovers only, relative to positional per-game average",-1.1614287343629193,-0.036634852945643726,shooting+turnover+defense,-0.16591839062327418,-0.29087679837366043,,,0.12497709793525284,-0.004070539216182636,-0.0010467100841612493,0.07506594764256846,-1.2364946820054876,-1.377234664039206,0.8386305246496946,,,0.897809730100061,1.0373485730757723,-0.03531585611287842,-0.6936947554947703,,,0.0,0.26733080140379806,0.0,0.2889209938165717,0.0,0.145382958742778,,,,,0.014545281099724626,0.007101320404149502,9.99999000001e-07,,,0.14707915514009073,,,80,0.027815821989010826,1.4913697162411945,-0.04321575946780935,0.077580366892922,55.625,0.10439351635956105,58.12499999999999,-0.9771744713205579,15.000000000000002,,True,0.014545281099724626,shooting_pct,False,True,True,False,True,True,True,False,"ground_ball_value,assist_value,possession_participation,penalty_value","defensive value is PARTIAL (caused turnovers only, on a games-played denominator); a value near zero does NOT mean an average defender",0.0,0.508012092237383,0.491987907762617
003098,Luke Wierman,OUT,1,FO,faceoff,faceoff,faceoff,measured_opportunity: took 96.5% of team faceoffs in games played (threshold 50%),high,12,36.0,716.0,3.0,24.0,16.0,8.0,11.0,12.0,96.0,88.0,1.0,6.0,302.0,152.0,0,0,0,0.0,2.0,0.05027932960893855,0.05027932960893855,0.044036697247706424,0.02909090909090909,0.9648562300319489,0.0759493670886076,501.0,0.24679802955665026,-3.9819278819453467,-1.655798215933559,-2.326129666011788,-0.5438397352576458,0.665777419531184,,0.6259728347331064,"partial: caused turnovers only, relative to positional per-game average",-4.525767617202993,-3.2340173629387023,shooting+turnover+defense+faceoff,-0.1257157671445276,-0.1659136617477228,0.0022045609918251124,,0.05216440289442553,-0.26950144691155853,-0.0064551244769235575,,,,2.697576519925151,2.7018530100625973,,2.7704442865123013,3.888440820873067,-0.8317002911754672,-1.4761130416629784,0.24641511475702338,,0.125,0.249266550542924,0.1875,0.28036095994794136,0.0,0.1453819410702082,0.5033112582781457,0.5029151133723798,,,0.15046867265201022,0.10268331921751499,7.999936000511995e-06,0.9441230619624666,,0.13357182021718472,0.10934174194699153,,10,1.1496775888259447,6.901774226979002,-0.6351547888409337,-0.194735777683603,45.0,1.9735855144322327,95.0,-0.6209868328673342,25.0,,True,0.9441230619624666,faceoff_win_pct,True,True,True,False,True,True,False,False,"ground_ball_value,assist_value,possession_participation,penalty_value",faceoff value dominates this role's total; see the faceoff share-of-total column before comparing across roles,0.11444355380437582,0.7779550862061232,0.10760135998950093
003099,Tyler Carpenter,ATL,1,LSM,long_stick_midfield,defensive_field,defensive_field,"roster_position: measurable opportunities cannot separate offensive from defensive field roles (the feed attributes one defensive act, caused turnovers, 741 league-wide)",medium,12,10.0,688.0,0.8333333333333334,5.0,1.0,4.0,3.0,5.0,97.0,34.0,1.0,7.0,0.0,0.0,0,0,0,0.0,0.0,0.014534883720930232,0.014534883720930232,0.009727626459143969,0.031199742682534577,0.0,0.08433734939759036,56.0,0.024922118380062305,-0.4540522215017413,0.7090126115041526,-1.163064833005894,-0.06925164184533096,,,-0.15578696004656398,"partial: caused turnovers only, relative to positional per-game average",-0.5233038633470722,-0.6790908233936362,shooting+turnover+defense,-0.05233038633470723,-0.09081044430034826,,,-0.012982246670546998,-0.05659090194946969,-0.012126621846314934,0.07506594764256846,-0.5983698109896407,-0.38609111515266653,1.4813046421314708,,,1.5498150242411972,1.6619164470064085,-0.408619112360838,-0.30652183797142424,,,0.2,0.2687400916890851,1.0,0.29602231422072117,0.0,0.14538252259564635,,,,,0.035586773317312824,0.007101320404149502,3.9999840000639995e-06,,,0.1457629194483161,,,80,0.027815821989010826,1.4913697162411945,-0.473998256558618,-0.4465765367171317,31.874999999999996,0.1450381011450014,59.375,-0.43177288019101445,40.0,,True,0.035586773317312824,shooting_pct,False,True,True,False,True,True,True,True,"ground_ball_value,assist_value,possession_participation,penalty_value","defensive value is PARTIAL (caused turnovers only, on a games-played denominator); a value near zero does NOT mean an average defender",0.0,0.7705948090005896,0.22940519099941037
003100,Adam Poitras,WHP,1,M,midfield,midfield,offensive_field,"roster_position: measurable opportunities cannot separate offensive from defensive field roles (the feed attributes one defensive act, caused turnovers, 741 league-wide)",medium,11,44.0,593.0,4.0,33.0,33.0,0.0,24.0,11.0,231.0,39.0,6.0,1.0,0.0,0.0,0,0,0,0.0,1.0,0.07419898819561552,0.07419898819561552,0.07333333333333333,0.0782520325203252,0.0,0.015151515151515152,115.0,0.06325632563256325,-1.602583820362966,-1.602583820362966,0.0,0.43152556636518474,,,-0.11442525068713492,"partial: caused turnovers only, relative to positional per-game average",-1.1710582539977814,-1.2854835046849162,shooting+turnover+defense,-0.026614960318131396,-0.048563146071605036,,,-0.010402295517012265,-0.11686213678953784,-0.01117811743204275,0.07506594764256846,-1.2461242016403498,-0.4586939771019385,2.6092820912394785,,,2.7166787964242567,2.7297766886001655,-0.4709115987594262,-0.6141857278458137,,,0.24242424242424243,0.2656260414729202,0.24242424242424243,0.28171418986232005,,,,,,,0.19584379163130197,0.19095135681395786,,,,0.13273438689066097,,,53,-0.5493676434547139,3.0482728979742424,-0.2414862073928469,-0.17972538210709418,46.22641509433963,-0.28849341574781806,46.22641509433963,-0.01077397671547868,53.77358490566038,,True,0.19584379163130197,shooting_pct,False,True,True,False,True,True,True,False,"ground_ball_value,assist_value,possession_participation,penalty_value","offensive value covers finishing and possession security only; shot creation, assists and off-ball work are not measured",0.0,0.9467426548799838,0.053257345120016286
003101,Dylan Hess,WAT,1,SSDM,short_stick_defensive_midfield,defensive_field,defensive_field,"roster_position: measurable opportunities cannot separate offensive from defensive field roles (the feed attributes one defensive act, caused turnovers, 741 league-wide)",medium,12,8.0,667.0,0.6666666666666666,7.0,4.0,3.0,4.0,1.0,90.0,15.0,2.0,5.0,6.0,0.0,0,0,0,0.0,2.0,0.01199400299850075,0.01199400299850075,0.013861386138613862,0.03132613992342499,0.018633540372670808,0.056818181818181816,37.0,0.017969888295288974,-1.03624817873781,-0.16394955398338973,-0.8722986247544204,0.7215761777815639,-0.925822246924544,,-0.5876596909864591,"partial: caused turnovers only, relative to positional per-game average",-0.31467200095624603,-1.8281539388672492,shooting+turnover+defense+faceoff,-0.039334000119530754,-0.14803545410540142,-0.15430370782075734,,-0.04897164091553826,-0.15234616157227077,-0.049409565915331057,0.07506594764256846,-0.3897379485988145,-0.24605461041055807,1.5219123492681437,0.3808323844676173,,1.5839489776213154,1.736078148077892,-1.0530366624862477,-0.6808855840062802,-2.431049156228645,,0.14285714285714285,0.2649683443267571,0.25,0.2898474161103773,0.0,0.1453826679777328,0.0,0.3715091929779849,,,0.049122241810577456,0.027812759663515325,2.999991000027e-06,0.2513241136433502,,0.144094904884696,0.3757787830545567,,80,0.027815821989010826,1.4913697162411945,-1.2444732789224076,-1.3840561343293802,8.124999999999993,-0.13802331268138554,50.625,-0.36936972622165853,43.75000000000001,,True,0.049122241810577456,shooting_pct,False,True,True,False,True,True,True,True,"ground_ball_value,assist_value,possession_participation,penalty_value","defensive value is PARTIAL (caused turnovers only, on a games-played denominator); a value near zero does NOT mean an average defender",0.2830130118053512,0.5373463070432108,0.17964068115143786
003102,Chayse Ierlan,RED,1,G,goalie,goalie,goalie,measured_opportunity: faced 316 shots on goal as goalie of record,high,12,4.0,666.0,0.3333333333333333,1.0,0.0,1.0,0.0,3.0,172.0,19.0,0.0,2.0,0.0,0.0,316,275,41,153.0,0.0,0.006006006006006006,0.006006006006006006,0.0019157088122605363,0.05368289637952559,0.0,0.023529411764705882,515.0,0.24535493091948546,-0.2907662082514735,0.0,-0.2907662082514735,0.24476632080638913,,-8.133540372670808,-0.19630578679086144,"partial: caused turnovers only, relative to positional per-game average",-0.04599988744508435,-8.375846046906753,shooting+turnover+defense+goalie,-0.011499971861271087,-0.2907662082514735,,-0.02573905181224939,-0.01635881556590512,-0.6979871705755628,-0.016263778731857772,,,,0.704973353143229,,10.012852610514019,0.8277046553265287,10.053753477299495,-0.8331063682652144,-0.41244992729873964,,-0.8123100068536079,0.0,0.26928924528872666,,,0.0,0.145382958742778,,,0.5151515151515151,0.5295660055378006,0.007325919327830917,,9.99999000001e-07,,0.41800301812857227,0.14795433258404955,,0.07332698052050546,16,-0.3271258080481808,6.982201543348508,-1.15274819680994,-1.0279996178633584,9.375,-0.03919797333121793,53.125,1.2928071918438035,68.75,,True,0.41800301812857227,save_pct,False,True,True,False,True,True,True,True,"ground_ball_value,assist_value,possession_participation,penalty_value",goalie metrics are standardized only against other goalies; a goalie total is not comparable with a field player total,0.0,0.06040718032173464,0.02214296689266902
003103,Scott Smith,CHA,2,D,defense,defensive_field,defensive_field,"roster_position: measurable opportunities cannot separate offensive from defensive field roles (the feed attributes one defensive act, caused turnovers, 741 league-wide)",medium,8,12.0,452.0,1.5,12.0,6.0,6.0,8.0,0.0,40.0,13.0,0.0,8.0,0.0,0.0,0,0,0,0.0,1.0,0.02654867256637168,0.01939970618026194,0.03468208092485549,0.018912529550827423,0.0,0.1509433962264151,31.0,0.022447501810282405,-0.4905215804839256,-0.7459243309750847,0.2554027504911591,0.4166722414451163,,,0.6159299115354493,"partial: caused turnovers only, relative to positional per-game average",-0.0738493390388093,0.54208057249664,shooting+turnover+defense,-0.006154111586567442,-0.04087679837366046,,,0.07699123894193116,0.06776007156208,0.017486470080536772,0.07506594764256846,-0.14891528668137777,-0.0717679347572561,2.054216868114302,,,2.0749557192228063,2.1320102442796114,0.2542579586336859,-0.23878763148031537,,,0.16666666666666666,0.2627660520508036,0.16666666666666666,0.285871971886076,0.16666666666666666,0.1453832318263458,,,,,0.08135502785333439,0.041146934593897753,5.9999640002159985e-06,,,0.14127786888275295,,,80,0.027815821989010826,1.4913697162411945,0.3448271377024923,0.5497336340805259,68.125,1.4834087007498442,89.375,-0.21005392423427782,51.24999999999999,,True,0.08135502785333439,shooting_pct,False,True,True,False,True,True,True,True,"ground_ball_value,assist_value,possession_participation,penalty_value","defensive value is PARTIAL (caused turnovers only, on a games-played denominator); a value near zero does NOT mean an average defender",0.0,0.5956140016711199,0.40438599832888006
003104,Michael Boehm,WAT,1,A,attack,attack,offensive_field,"roster_position: measurable opportunities cannot separate offensive from defensive field roles (the feed attributes one defensive act, caused turnovers, 741 league-wide)",medium,1,0.0,50.0,0.0,0.0,0.0,0.0,0.0,0.0,7.0,1.0,0.0,0.0,0.0,0.0,0,0,0,0.0,0.0,0.0,0.0,0.0,0.032407407407407406,0.0,0.0,1.0,0.006666666666666667,0.0,0.0,0.0,0.08505532080407903,,,-0.03003287419609841,"partial: caused turnovers only, relative to positional per-game average",0.08505532080407903,0.05502244660798062,shooting+turnover+defense,,,,,-0.03003287419609841,0.05502244660798062,0.05502244660798062,,,,,,,0.1316550418279896,0.15433159021163279,0.3565209594000107,,,,,,,,,,,,,,,,,,,,,,34,0.5944244459259438,3.7653461911498685,-0.14325429108903254,0.0064968297514026675,51.470588235294116,-2.6071287993933336,2.941176470588236,,50.0,,True,,shooting_pct,False,False,False,False,True,True,True,False,"ground_ball_value,assist_value,possession_participation,penalty_value","offensive value covers finishing and possession security only; shot creation, assists and off-ball work are not measured",0.0,0.7390447022298672,0.26095529777013277
003105,Cole Kastner,RED,1,D,defense,defensive_field,defensive_field,"roster_position: measurable opportunities cannot separate offensive from defensive field roles (the feed attributes one defensive act, caused turnovers, 741 league-wide)",medium,8,1.0,449.0,0.125,0.0,0.0,0.0,0.0,1.0,35.0,7.0,0.0,7.0,0.0,0.0,0,0,0,0.0,0.0,0.0022271714922048997,0.0015015015015015015,0.0,0.016556291390728478,0.0,0.1346153846153846,9.0,0.006346967559943582,0.0,0.0,0.0,0.14865184579452917,,,0.3999935460655017,"partial: caused turnovers only, relative to positional per-game average",0.14865184579452917,0.5486453918600309,shooting+turnover+defense,0.14865184579452917,,,,0.04999919325818771,0.06858067398250386,0.06096059909555899,0.07506594764256846,0.07358589815196065,0.26882317364364205,,,,0.2737334626125192,0.5612098123978358,0.977611901537997,,,,,,,,,,,,,,,,,,,,,,80,0.027815821989010826,1.4913697162411945,0.349229010217335,0.5550896359679002,69.375,-1.2260764079611974,10.625000000000002,0.5332588577870249,78.75,,True,,shooting_pct,False,False,False,False,True,True,True,False,"ground_ball_value,assist_value,possession_participation,penalty_value","defensive value is PARTIAL (caused turnovers only, on a games-played denominator); a value near zero does NOT mean an average defender",0.0,0.27094339622641517,0.7290566037735847
003106,Dalton Young,OUT,1,M,midfield,midfield,offensive_field,"roster_position: measurable opportunities cannot separate offensive from defensive field roles (the feed attributes one defensive act, caused turnovers, 741 league-wide)",medium,12,40.0,716.0,3.3333333333333335,33.0,33.0,0.0,25.0,7.0,207.0,8.0,6.0,2.0,0.0,0.0,0,0,0,0.0,1.0,0.055865921787709494,0.055865921787709494,0.060550458715596334,0.06272727272727273,0.0,0.02531645569620253,54.0,0.026600985221674877,5.397416179637034,5.397416179637034,0.0,1.0036527854881327,,,0.07147824058671423,"partial: caused turnovers only, relative to positional per-game average",6.401068965125167,6.472547205711881,shooting+turnover+defense,0.16002672412812918,0.1635580660496071,,,0.005956520048892852,0.5393789338093234,0.11986198529096076,0.07506594764256846,6.3260030174825985,2.338011701243835,2.6092820912394785,,,2.7057191433717507,2.720062197669498,2.3795585304106086,2.0685445233225503,,,0.45454545454545453,0.307168663940166,0.45454545454545453,0.32221902312588685,,,,,,,0.19584379163130197,0.19095135681395786,,,,0.13867149699945003,,,53,-0.5493676434547139,3.0482728979742424,2.303571590927135,3.512250186007708,97.16981132075472,-0.9193587675574179,17.924528301886788,1.6941954500902874,91.50943396226415,,True,0.19584379163130197,shooting_pct,False,True,True,False,True,True,True,False,"ground_ball_value,assist_value,possession_participation,penalty_value","offensive value covers finishing and possession security only; shot creation, assists and off-ball work are not measured",0.0,0.9889567061753314,0.011043293824668633
003108,Will Mark,ATL,1,G,goalie,goalie,goalie,measured_opportunity: faced 1 shots on goal as goalie of record,high,2,0.0,110.0,0.0,0.0,0.0,0.0,0.0,0.0,1.0,1.0,0.0,0.0,0.0,0.0,1,1,0,0.0,0.0,0.0,0.0,0.0,0.0019193857965451055,0.0,0.0,4.0,0.011267605633802818,0.0,0.0,0.0,0.005189391960559488,,0.4504761904761905,-0.10469641962179277,"partial: caused turnovers only, relative to positional per-game average",0.005189391960559488,0.35096916281495716,shooting+turnover+defense+goalie,,,,0.4504761904761905,-0.052348209810896384,0.17548458140747858,0.08774229070373929,,,,,,0.497541347317235,0.03307035908546898,0.5208155194223169,0.6738838412577423,,,0.9054045315131658,,,,,,,,,,,,,,,,,,,16,-0.3271258080481808,6.982201543348508,0.09711764500827325,0.04947612062017881,65.625,-0.9381751379960799,21.875,,50.0,,True,,save_pct,False,False,True,False,True,True,True,False,"ground_ball_value,assist_value,possession_participation,penalty_value",goalie metrics are standardized only against other goalies; a goalie total is not comparable with a field player total,0.0,0.009260784888154027,0.18683711464585498
003109,Chris Conlin,RED,1,D,defense,defensive_field,defensive_field,"roster_position: measurable opportunities cannot separate offensive from defensive field roles (the feed attributes one defensive act, caused turnovers, 741 league-wide)",medium,12,1.0,666.0,0.08333333333333333,0.0,0.0,0.0,0.0,1.0,89.0,31.0,0.0,7.0,0.0,0.0,0,0,0,0.0,2.0,0.0015015015015015015,0.0015015015015015015,0.0,0.027777777777777776,0.0,0.08235294117647059,34.0,0.016198189614101955,0.0,0.0,0.0,0.7111593717454362,,,-0.15578696004656398,"partial: caused turnovers only, relative to positional per-game average",0.7111593717454362,0.5553724116988722,shooting+turnover+defense,0.7111593717454362,,,,-0.012982246670546998,0.04628103430823935,0.016334482697025653,0.07506594764256846,0.6360934241028677,1.4572431873327396,,,,0.43650464770203473,0.7420080693174027,0.7484721995136485,,,,,,,,,,,,,,,,,,,,,,80,0.027815821989010826,1.4913697162411945,0.3537396421321333,0.5605779714359194,70.625,-1.3069181301745416,6.874999999999998,3.2341822660068784,95.0,,True,,shooting_pct,False,False,True,False,True,True,True,False,"ground_ball_value,assist_value,possession_participation,penalty_value","defensive value is PARTIAL (caused turnovers only, on a games-played denominator); a value near zero does NOT mean an average defender",0.0,0.8203038015922527,0.17969619840774728
003110,Carter Parlette,RED,1,SSDM,short_stick_defensive_midfield,defensive_field,defensive_field,"roster_position: measurable opportunities cannot separate offensive from defensive field roles (the feed attributes one defensive act, caused turnovers, 741 league-wide)",medium,1,0.0,46.0,0.0,0.0,0.0,0.0,0.0,0.0,5.0,1.0,0.0,0.0,0.0,0.0,0,0,0,0.0,0.0,0.0,0.0,0.0,0.01838235294117647,0.0,0.0,2.0,0.012987012987012988,0.0,0.0,0.0,0.052084030180639534,,,-0.1389451265280164,"partial: caused turnovers only, relative to positional per-game average",0.052084030180639534,-0.08686109634737688,shooting+turnover+defense,,,,,-0.1389451265280164,-0.08686109634737688,-0.04343054817368844,,,,,,,0.10346152394133182,0.20176122659838439,-0.4305143154203664,,,,,,,,,,,,,,,,,,,,,,80,0.027815821989010826,1.4913697162411945,-0.07689368845802777,0.03660256696204176,51.87499999999999,-1.4741897120814145,3.125,,50.0,,True,,shooting_pct,False,False,True,False,True,True,True,False,"ground_ball_value,assist_value,possession_participation,penalty_value","defensive value is PARTIAL (caused turnovers only, on a games-played denominator); a value near zero does NOT mean an average defender",0.0,0.27264963672574016,0.7273503632742598
003112,Jack DiBenedetto,WAT,1,D,defense,defensive_field,defensive_field,"roster_position: measurable opportunities cannot separate offensive from defensive field roles (the feed attributes one defensive act, caused turnovers, 741 league-wide)",medium,3,1.0,184.0,0.3333333333333333,0.0,0.0,0.0,0.0,1.0,14.0,2.0,0.0,2.0,0.0,0.0,0,0,0,0.0,0.0,0.005434782608695652,0.0014992503748125937,0.0,0.018229166666666668,0.0,0.07142857142857142,2.0,0.003616636528028933,0.0,0.0,0.0,-0.07010108096415689,,,0.015037351355845895,"partial: caused turnovers only, relative to positional per-game average",-0.07010108096415689,-0.05506372960831099,shooting+turnover+defense,-0.07010108096415689,,,,0.005012450451948632,-0.018354576536103662,-0.027531864804155495,0.07506594764256846,-0.14516702860672526,-0.8385135802813541,,,,0.17312424273202115,0.34638406471459005,-0.15896727135436162,,,,,,,,,,,,,,,,,,,,,,80,0.027815821989010826,1.4913697162411945,-0.0555727736018464,0.06254490396185222,53.125,-0.8687393123532764,19.374999999999996,-0.5171002454095847,36.24999999999999,,True,,shooting_pct,False,False,False,False,True,True,True,False,"ground_ball_value,assist_value,possession_participation,penalty_value","defensive value is PARTIAL (caused turnovers only, on a games-played denominator); a value near zero does NOT mean an average defender",0.0,0.823377633977024,0.17662236602297593
003119,Alec Stathakis,WAT,1,FO,faceoff,faceoff,faceoff,measured_opportunity: took 92.5% of team faceoffs in games played (threshold 50%),high,12,24.0,667.0,2.0,14.0,10.0,4.0,6.0,10.0,82.0,63.0,0.0,3.0,298.0,152.0,0,0,0,0.0,0.0,0.035982008995502246,0.035982008995502246,0.027722772277227723,0.02854159415245388,0.9254658385093167,0.03409090909090909,435.0,0.2112676056338028,-2.0729387179643677,-0.9098738849584742,-1.163064833005894,-0.4105456824984188,1.2829922508142135,,-0.02183626167673637,"partial: caused turnovers only, relative to positional per-game average",-2.4834844004627863,-1.222328411325309,shooting+turnover+defense+faceoff,-0.10347851668594943,-0.14806705128316913,0.0043053431235376294,,-0.0018196884730613642,-0.10186070094377575,-0.002809950370862779,,,,2.0127312281798018,2.683900299553765,,2.095572300844649,3.426272737362156,-0.3567516380106868,-1.029913328188888,0.478032753685943,,0.14285714285714285,0.2592508256932578,0.2,0.2849142295398931,0.0,0.14538252259564635,0.5100671140939598,0.5092836758015891,,,0.0936444579152229,0.06674726087156031,3.9999840000639995e-06,0.9434154758136655,,0.1397264513070695,0.11001164035405964,,10,1.1496775888259447,6.901774226979002,-0.3436806134398158,0.19473577768360084,55.00000000000001,0.2830824070931378,75.0,-0.4177253274631372,35.0,,True,0.9434154758136655,faceoff_win_pct,True,True,True,False,True,True,False,False,"ground_ball_value,assist_value,possession_participation,penalty_value",faceoff value dominates this role's total; see the faceoff share-of-total column before comparing across roles,0.3386711394476304,0.6555647480889907,0.005764112463379036
003120,Jack VanOverbeke,OUT,1,M,midfield,midfield,offensive_field,"roster_position: measurable opportunities cannot separate offensive from defensive field roles (the feed attributes one defensive act, caused turnovers, 741 league-wide)",medium,6,19.0,353.0,3.1666666666666665,14.0,14.0,0.0,8.0,5.0,60.0,2.0,2.0,0.0,0.0,0.0,0,0,0,0.0,0.0,0.053824362606232294,0.02653631284916201,0.05223880597014925,0.037267080745341616,0.0,0.0,19.0,0.019114688128772636,-4.073823438941864,-4.073823438941864,0.0,-0.35063622045763193,,,-0.18019724517659044,"partial: caused turnovers only, relative to positional per-game average",-4.4244596593994965,-4.604656904576087,shooting+turnover+defense,-0.2328662978631314,-0.29098738849584743,,,-0.030032874196098406,-0.7674428174293478,-0.24235036339874144,0.07506594764256846,-4.499525607042064,-2.5819457108096397,1.6995270504616862,,,1.7426879226020267,1.7538165051607015,-2.6255066542176055,-2.3970335969852243,,,0.0,0.2458730459910831,0.0,0.2645028413056229,,,,,,,0.0936444579152229,0.09101613416006336,,,,0.1372821158147417,,,53,-0.5493676434547139,3.0482728979742424,-1.330356367967039,-1.7592895210208956,6.6037735849056585,-0.989611551385622,14.150943396226412,-1.894877336558825,4.716981132075471,,True,0.0936444579152229,shooting_pct,False,True,True,False,True,True,True,False,"ground_ball_value,assist_value,possession_participation,penalty_value","offensive value covers finishing and possession security only; shot creation, assists and off-ball work are not measured",0.0,0.9608663036332823,0.039133696366717624
003125,Matt Knote,RED,1,G,goalie,goalie,goalie,roster_position: rostered goalie who faced no shot on goal (no goalie opportunity to measure),medium,1,0.0,64.0,0.0,0.0,0.0,0.0,0.0,0.0,1.0,0.0,0.0,0.0,0.0,0.0,0,0,0,0.0,0.0,0.0,0.0,0.0,0.0037313432835820895,0.0,0.0,0.0,0.0,0.0,0.0,0.0,0.005189391960559488,,,-0.052348209810896384,"partial: caused turnovers only, relative to positional per-game average",0.005189391960559488,-0.0471588178503369,shooting+turnover+defense,,,,,-0.052348209810896384,-0.0471588178503369,,,,,,,,0.03307035908546898,0.11134419973876084,-0.4235408576376889,,,,,,,,,,,,,,,,,,,,,,16,-0.3271258080481808,6.982201543348508,0.04009723701896723,0.00032035993666862486,56.25,-0.9381751379960799,21.875,,50.0,,True,,save_pct,False,False,False,False,True,True,True,False,"ground_ball_value,assist_value,possession_participation,penalty_value",goalie metrics are standardized only against other goalies; a goalie total is not comparable with a field player total,0.0,0.09019131491041603,0.909808685089584
003128,Jack Posey,CHA,1,D,defense,defensive_field,defensive_field,"roster_position: measurable opportunities cannot separate offensive from defensive field roles (the feed attributes one defensive act, caused turnovers, 741 league-wide)",medium,5,2.0,272.0,0.4,0.0,0.0,0.0,0.0,2.0,21.0,5.0,1.0,3.0,0.0,0.0,0,0,0,0.0,0.0,0.007352941176470588,0.00322061191626409,0.0,0.0173841059602649,0.0,0.13636363636363635,6.0,0.007398273736128237,0.0,0.0,0.0,-0.2131198041812091,,,-0.046916536230239364,"partial: caused turnovers only, relative to positional per-game average",-0.2131198041812091,-0.26003634041144846,shooting+turnover+defense,-0.10655990209060455,,,,-0.009383307246047874,-0.05200726808228969,-0.04333939006857474,0.07506594764256846,-0.2881857518237776,-1.359155005231852,,,,0.21203302839959548,0.4415592069512455,-0.5889048089538765,,,,,,,,,,,,,,,,,,,,,,80,0.027815821989010826,1.4913697162411945,-0.19301194014181383,-0.10468493581771038,45.62499999999999,-0.6550509359786394,31.874999999999996,-0.692160095942353,25.625000000000004,,True,,shooting_pct,False,False,False,False,True,True,True,False,"ground_ball_value,assist_value,possession_participation,penalty_value","defensive value is PARTIAL (caused turnovers only, on a games-played denominator); a value near zero does NOT mean an average defender",0.0,0.8195770015990665,0.18042299840093348
003136,Jake Naso,ARC,1,FO,faceoff,faceoff,faceoff,measured_opportunity: took 93.8% of team faceoffs in games played (threshold 50%),high,4,6.0,205.0,1.5,4.0,3.0,1.0,1.0,2.0,15.0,14.0,0.0,0.0,90.0,30.0,0,0,0,0.0,1.0,0.02926829268292683,0.011627906976744186,0.028368794326241134,0.015957446808510637,0.9375,0.0,122.0,0.19773095623987033,-1.1637283737390158,-0.8729621654875424,-0.2907662082514735,-0.11196700431775061,-4.558617154907653,,-0.22321511936219302,"partial: caused turnovers only, relative to positional per-game average",-1.2756953780567664,-6.057527652326613,shooting+turnover+defense+faceoff,-0.2126158963427944,-0.29093209343475396,-0.05065130172119614,,-0.055803779840548254,-1.5143819130816532,-0.04965186600267715,,,,1.056375223743273,1.474957482739542,,1.0854424205410818,1.8444199862809072,-3.2842452897840397,-1.1016240702951514,-3.090676991204257,,0.0,0.26349814678948846,0.0,0.28487501628501727,0.0,0.145382958742778,0.3333333333333333,0.3603222787025495,,,0.02867349810933653,0.02100562585349776,9.99999000001e-07,0.8343101343570285,,0.14535719057312235,0.17995334591250867,,10,1.1496775888259447,6.901774226979002,-1.0442539851535024,-0.7413794042349454,5.000000000000004,-0.5107417362596977,35.0,-1.4153049574736585,5.000000000000004,,True,0.8343101343570285,faceoff_win_pct,True,True,True,False,True,True,False,False,"ground_ball_value,assist_value,possession_participation,penalty_value",faceoff value dominates this role's total; see the faceoff share-of-total column before comparing across roles,0.7525540808974684,0.21059670731619187,0.0368492117863398
003149,JJ Sillstrop,CHA,1,M,midfield,midfield,offensive_field,"roster_position: measurable opportunities cannot separate offensive from defensive field roles (the feed attributes one defensive act, caused turnovers, 741 league-wide)",medium,10,31.0,569.0,3.1,22.0,22.0,0.0,18.0,9.0,141.0,3.0,3.0,2.0,0.0,0.0,0,0,0,0.0,0.0,0.054481546572934976,0.0499194847020934,0.053268765133171914,0.05465116279069768,0.0,0.03508771929824561,37.0,0.02188054405677114,-1.4017225469086432,-1.4017225469086432,0.0,-0.2301701130330791,,,0.13154398897891106,"partial: caused turnovers only, relative to positional per-game average",-1.6318926599417223,-1.5003486709628113,shooting+turnover+defense,-0.052641698707797495,-0.06371466122312014,,,0.013154398897891106,-0.15003486709628114,-0.04054996408007598,0.07506594764256846,-1.7069586075842906,-0.7720681752267423,2.1304699061729813,,,2.210891035733973,2.2255091707009558,-0.6741597341925377,-0.6579405523857382,,,0.22727272727272727,0.2651300876277126,0.22727272727272727,0.28232509563095975,,,,,,,0.13968108555923353,0.13595446791364887,,,,0.1371628520428203,,,53,-0.5493676434547139,3.0482728979742424,-0.3119737173597812,-0.2819777414943567,42.45283018867925,-0.9669969715257725,16.0377358490566,-0.24852790272352104,34.90566037735849,,True,0.13968108555923353,shooting_pct,False,True,True,False,True,True,True,False,"ground_ball_value,assist_value,possession_participation,penalty_value","offensive value covers finishing and possession security only; shot creation, assists and off-ball work are not measured",0.0,0.9254047549372264,0.0745952450627737
003156,Aidan Danenza,RED,1,M,midfield,midfield,offensive_field,"roster_position: measurable opportunities cannot separate offensive from defensive field roles (the feed attributes one defensive act, caused turnovers, 741 league-wide)",medium,8,46.0,449.0,5.75,36.0,33.0,3.0,23.0,10.0,160.0,6.0,0.0,0.0,0.0,0.0,0,0,0,0.0,1.0,0.10244988864142539,0.06906906906906907,0.1,0.07600950118764846,0.0,0.0,53.0,0.036703601108033244,-0.4748824451173874,0.3974161796370339,-0.8722986247544204,-0.21524203632052638,,,-0.24026299356878728,"partial: caused turnovers only, relative to positional per-game average",-0.6901244814379138,-0.9303874750067012,shooting+turnover+defense,-0.015002706118215518,-0.013191179031038539,,,-0.03003287419609841,-0.11629843437583764,-0.017554480660503795,0.07506594764256846,-0.7651904290804822,-0.2594909802226133,2.8808532273597507,,,2.948813205083418,2.957597138905587,-0.31457545815417465,-0.1648409022047293,,,0.2777777777777778,0.2726412623082483,0.30303030303030304,0.2932869993661963,0.0,0.1453826679777328,,,,,0.20991052959601864,0.19095135681395786,2.999991000027e-06,,,0.13267296290723607,,,53,-0.5493676434547139,3.0482728979742424,-0.12499531515213007,-0.010738442657419694,48.11320754716981,0.6836578791931076,72.64150943396227,0.09530381853102737,59.43396226415094,,True,0.20991052959601864,shooting_pct,False,True,True,False,True,True,True,False,"ground_ball_value,assist_value,possession_participation,penalty_value","offensive value covers finishing and possession security only; shot creation, assists and off-ball work are not measured",0.0,0.7417602880272471,0.2582397119727528
003157,Graydon Hogg,CAN,1,A,attack,attack,offensive_field,"roster_position: measurable opportunities cannot separate offensive from defensive field roles (the feed attributes one defensive act, caused turnovers, 741 league-wide)",medium,3,16.0,163.0,5.333333333333333,12.0,12.0,0.0,8.0,4.0,52.0,3.0,1.0,0.0,0.0,0.0,0,0,0,0.0,0.0,0.09815950920245399,0.02973977695167286,0.096,0.06851119894598155,0.0,0.0,17.0,0.03313840155945419,-0.4918486619501694,-0.4918486619501694,0.0,-0.23190593590663178,,,-0.09009862258829522,"partial: caused turnovers only, relative to positional per-game average",-0.7237545978568012,-0.8138532204450964,shooting+turnover+defense,-0.045234662366050074,-0.04098738849584745,,,-0.030032874196098406,-0.27128440681503213,-0.047873718849711554,0.07506594764256846,-0.7988205454993695,-0.4949769776490421,1.5734563034245883,,,1.6138539398205392,1.6198703985720098,-0.5024187250798245,-0.31259124316301196,,,0.25,0.26954563770524814,0.25,0.2877476817117687,,,,,,,0.08135502785333439,0.07904155163256996,,,,0.14243630797136575,,,34,0.5944244459259438,3.7653461911498685,-0.37401014272766714,-0.3032197218999632,42.64705882352941,-0.4346435097172759,22.058823529411768,-0.3910220151429015,16.176470588235293,,True,0.08135502785333439,shooting_pct,False,True,True,False,True,True,True,False,"ground_ball_value,assist_value,possession_participation,penalty_value","offensive value covers finishing and possession security only; shot creation, assists and off-ball work are not measured",0.0,0.8892937690422601,0.11070623095773986
003159,CJ Kirst,WAT,1,A,attack,attack,offensive_field,"roster_position: measurable opportunities cannot separate offensive from defensive field roles (the feed attributes one defensive act, caused turnovers, 741 league-wide)",medium,6,53.0,338.0,8.833333333333334,47.0,45.0,2.0,32.0,6.0,175.0,12.0,6.0,1.0,0.0,0.0,0,0,0,0.0,1.0,0.15680473372781065,0.07946026986506746,0.17938931297709923,0.12110726643598616,0.0,0.020833333333333332,81.0,0.07584269662921349,1.3240351011839184,1.9055675176868654,-0.581532416502947,0.8307648272822901,,,0.035739120293357116,"partial: caused turnovers only, relative to positional per-game average",2.1547999284662085,2.1905390487595655,shooting+turnover+defense,0.04065660242389073,0.02817095959965784,,,0.005956520048892852,0.36508984145992757,0.027043691959994638,0.07506594764256846,2.07973398082364,0.6354542465201818,3.2059464480452027,,,3.2728304078735726,3.2787695888691273,0.6680978914151449,0.4129935177149441,,,0.3191489361702128,0.2836052521043665,0.3333333333333333,0.30129784756322403,0.0,0.14538281336011002,,,,,0.257531932846767,0.24348161570005858,1.999996000008e-06,,,0.13022483949316666,,,34,0.5944244459259438,3.7653461911498685,0.42389584431443667,0.7677160272643047,75.0,0.8633039701169218,86.76470588235294,0.6268286622096215,80.88235294117646,,True,0.257531932846767,shooting_pct,False,True,True,False,True,True,True,False,"ground_ball_value,assist_value,possession_participation,penalty_value","offensive value covers finishing and possession security only; shot creation, assists and off-ball work are not measured",0.0,0.9836847828329767,0.016315217167023374
003160,Andrew McAdorey,RED,1,M,midfield,midfield,offensive_field,"roster_position: measurable opportunities cannot separate offensive from defensive field roles (the feed attributes one defensive act, caused turnovers, 741 league-wide)",medium,12,70.0,666.0,5.833333333333333,53.0,49.0,4.0,32.0,17.0,316.0,18.0,9.0,3.0,20.0,6.0,0,0,0,0.0,3.0,0.10510510510510511,0.10510510510510511,0.10153256704980843,0.0986267166042447,0.06153846153846154,0.03529411764705882,127.0,0.060505002382086705,4.578553130697582,3.741617963703476,0.8369351669941061,0.16872198330931584,-1.2203308466230456,,0.2874146060566618,"partial: caused turnovers only, relative to positional per-game average",4.747275114006897,3.8143588734405136,shooting+turnover+defense+faceoff,0.06781821591438425,0.0863877949188223,-0.06101654233115228,,0.023951217171388484,0.31786323945337613,0.030034321838114282,0.07506594764256846,4.672209166364329,1.3018710119057535,3.4781205266561024,0.6953016253379802,,3.5888418465704075,3.66620408955568,1.0404109482903308,1.3163871394357474,-1.755110015786103,,0.3584905660377358,0.29579808232038873,0.3673469387755102,0.31080329845237537,0.25,0.14538352259164639,0.3,0.39260230933570317,,,0.28116466310742677,0.2595079447685745,3.9999840000639995e-06,0.5280729549900623,,0.1297677698894404,0.30508275277679786,,53,-0.5493676434547139,3.0482728979742424,1.4315406339751215,2.247242770525104,89.62264150943396,0.7750274314120196,74.52830188679246,0.8518718937945368,85.84905660377359,,True,0.28116466310742677,shooting_pct,False,True,True,False,True,True,True,True,"ground_ball_value,assist_value,possession_participation,penalty_value","offensive value covers finishing and possession security only; shot creation, assists and off-ball work are not measured",0.19509621648925712,0.7589543572870479,0.045949426223695126
003161,Sam English,RED,1,M,midfield,midfield,offensive_field,"roster_position: measurable opportunities cannot separate offensive from defensive field roles (the feed attributes one defensive act, caused turnovers, 741 league-wide)",medium,4,20.0,217.0,5.0,12.0,11.0,1.0,8.0,8.0,79.0,9.0,1.0,5.0,0.0,0.0,0,0,0,0.0,0.0,0.09216589861751152,0.03003003003003003,0.07407407407407407,0.0718835304822566,0.0,0.1388888888888889,29.0,0.044274809160305344,-0.49162748170579507,-0.2008612734543216,-0.2907662082514735,-0.7675808746849744,,,0.9595503305653442,"partial: caused turnovers only, relative to positional per-game average",-1.2592083563907694,-0.2996580258254252,shooting+turnover+defense,-0.06296041781953847,-0.04096895680881626,,,0.23988758264133606,-0.0749145064563563,-0.010333035373290524,0.07506594764256846,-1.3342743040333378,-0.7752622105755896,1.663261386311954,,,1.7210619656576738,1.7285818026427162,-0.17335484231483728,-0.295580409520544,,,0.25,0.26954563770524814,0.2727272727272727,0.28965558394460367,0.0,0.145382958742778,,,,,0.08135502785333439,0.07293516471214119,9.99999000001e-07,,,0.14243630797136575,,,53,-0.5493676434547139,3.0482728979742424,0.08191839313180768,0.28941990981559795,59.43396226415094,0.3297720185252488,65.09433962264151,-0.34278927129995107,29.245283018867923,,True,0.08135502785333439,shooting_pct,False,True,True,False,True,True,True,False,"ground_ball_value,assist_value,possession_participation,penalty_value","offensive value covers finishing and possession security only; shot creation, assists and off-ball work are not measured",0.0,0.5675283048100472,0.43247169518995277
003162,Coulter Mackesy,CAN,1,A,attack,attack,offensive_field,"roster_position: measurable opportunities cannot separate offensive from defensive field roles (the feed attributes one defensive act, caused turnovers, 741 league-wide)",medium,8,65.0,429.0,8.125,54.0,50.0,4.0,35.0,11.0,247.0,10.0,5.0,1.0,0.0,0.0,0,0,0,0.0,3.0,0.15151515151515152,0.120817843866171,0.16363636363636364,0.11897880539499037,0.0,0.016129032258064516,82.0,0.061331338818249814,-0.7124342577982663,0.4506305752076276,-1.163064833005894,0.6259377282030797,,,-0.0243266280988397,"partial: caused turnovers only, relative to positional per-game average",-0.08649652959518661,-0.11082315769402631,shooting+turnover+defense,-0.001330715839925948,-0.013193226996264192,,,-0.0030408285123549625,-0.01385289471175329,-0.001351501923097882,0.07506594764256846,-0.16156247723775508,-0.0449561566722154,3.50765393478016,,,3.593778676761459,3.600989682730779,-0.03077574985163094,-0.2031084796405144,,,0.2777777777777778,0.27312915929233306,0.3,0.293361391389931,0.0,0.14538252259564635,,,,,0.28495795660251166,0.2634089900568471,3.9999840000639995e-06,,,0.12634172552498057,,,34,0.5944244459259438,3.7653461911498685,-0.1872995384269302,-0.05261994681246072,45.58823529411765,0.7462339109967934,77.94117647058823,0.1292597832373455,48.529411764705884,,True,0.28495795660251166,shooting_pct,False,True,True,False,True,True,True,False,"ground_ball_value,assist_value,possession_participation,penalty_value","offensive value covers finishing and possession security only; shot creation, assists and off-ball work are not measured",0.0,0.9821481963457467,0.017851803654253373
003163,Brendan Lavelle,ARC,1,D,defense,defensive_field,defensive_field,"roster_position: measurable opportunities cannot separate offensive from defensive field roles (the feed attributes one defensive act, caused turnovers, 741 league-wide)",medium,10,3.0,516.0,0.3,0.0,0.0,0.0,0.0,3.0,83.0,34.0,1.0,6.0,0.0,0.0,0,0,0,0.0,2.0,0.005813953488372093,0.005813953488372093,0.0,0.035977459904638055,0.0,0.09090909090909091,39.0,0.025048169556840076,0.0,0.0,0.0,0.21678580458877353,,,-0.09383307246047873,"partial: caused turnovers only, relative to positional per-game average",0.21678580458877353,0.1229527321282948,shooting+turnover+defense,0.07226193486292451,,,,-0.009383307246047874,0.01229527321282948,0.003152634157135764,0.07506594764256846,0.14171985694620504,0.3362000627622476,,,,0.42153429651923,0.691175968451002,0.17788918848530685,,,,,,,,,,,,,,,,,,,,,,80,0.027815821989010826,1.4913697162411945,0.0637916333577326,0.20778218350711303,58.12499999999999,-0.8264985867908481,24.374999999999996,0.16646679000408185,66.25,,True,,shooting_pct,False,False,True,False,True,True,True,False,"ground_ball_value,assist_value,possession_participation,penalty_value","defensive value is PARTIAL (caused turnovers only, on a games-played denominator); a value near zero does NOT mean an average defender",0.0,0.6979157437183046,0.3020842562816953
003164,Matt Traynor,ATL,1,M,midfield,midfield,offensive_field,"roster_position: measurable opportunities cannot separate offensive from defensive field roles (the feed attributes one defensive act, caused turnovers, 741 league-wide)",medium,12,82.0,688.0,6.833333333333333,68.0,66.0,2.0,39.0,14.0,224.0,18.0,9.0,2.0,0.0,0.0,0,0,0,0.0,0.0,0.11918604651162791,0.11918604651162791,0.13229571984435798,0.07204889031843037,0.0,0.024096385542168676,109.0,0.04850912327547842,-1.7867000572288774,-1.2051676407259322,-0.581532416502947,-0.30133885084873707,,,0.07147824058671423,"partial: caused turnovers only, relative to positional per-game average",-2.0880389080776145,-2.0165606674909005,shooting+turnover+defense,-0.025463889122897737,-0.02627500084160114,,,0.005956520048892852,-0.16804672229090836,-0.018500556582485325,0.07506594764256846,-2.163104855720183,-0.5554583729180292,3.8223920417207533,,,3.894269960063054,3.9042490696972396,-0.5165041039882421,-0.4674298286851147,,,0.2647058823529412,0.2690809942180078,0.2727272727272727,0.28513191192807696,0.0,0.14538281336011002,,,,,0.3341496418689047,0.3206702871976104,1.999996000008e-06,,,0.12138093693647534,,,53,-0.5493676434547139,3.0482728979742424,-0.48131944650074576,-0.5276382899368095,27.358490566037734,1.2595714709408106,82.0754716981132,-0.00025895590556292586,55.660377358490564,,True,0.3341496418689047,shooting_pct,False,True,True,False,True,True,True,True,"ground_ball_value,assist_value,possession_participation,penalty_value","offensive value covers finishing and possession security only; shot creation, assists and off-ball work are not measured",0.0,0.9669008228849103,0.03309917711508976
003165,Aidan Carroll,WHP,1,A,attack,attack,offensive_field,"roster_position: measurable opportunities cannot separate offensive from defensive field roles (the feed attributes one defensive act, caused turnovers, 741 league-wide)",medium,11,79.0,593.0,7.181818181818182,64.0,63.0,1.0,49.0,15.0,337.0,9.0,9.0,3.0,0.0,0.0,0,0,0,0.0,2.0,0.13322091062394603,0.13322091062394603,0.14222222222222222,0.11415989159891599,0.0,0.045454545454545456,96.0,0.052805280528052806,6.377028316510138,6.667794524761611,-0.2907662082514735,0.855760676661448,,,0.3174474802527602,"partial: caused turnovers only, relative to positional per-game average",7.232788993171586,7.550236473424346,shooting+turnover+defense,0.09155429105280488,0.09964106744547091,,,0.02885886184116002,0.6863851339476678,0.07864829659817027,0.07506594764256846,7.157723045529018,1.890878800533075,3.6735204242349737,,,3.7853949409719534,3.794805916752502,1.9896238803921875,1.735944701556459,,,0.390625,0.30956348845767867,0.3968253968253968,0.32386299879000546,0.0,0.145382958742778,,,,,0.3207993684699098,0.31062196665485997,9.99999000001e-07,,,0.12780976231442764,,,34,0.5944244459259438,3.7653461911498685,1.8473233733056091,2.678216076013487,92.64705882352942,0.3413422245483394,57.352941176470594,1.2299894955413644,89.70588235294117,,True,0.3207993684699098,shooting_pct,False,True,True,False,True,True,True,True,"ground_ball_value,assist_value,possession_participation,penalty_value","offensive value covers finishing and possession security only; shot creation, assists and off-ball work are not measured",0.0,0.9579552930070303,0.0420447069929698
003166,Owen Hiltz,CHA,1,A,attack,attack,offensive_field,"roster_position: measurable opportunities cannot separate offensive from defensive field roles (the feed attributes one defensive act, caused turnovers, 741 league-wide)",medium,8,69.0,463.0,8.625,53.0,51.0,2.0,38.0,16.0,235.0,11.0,13.0,3.0,0.0,0.0,0,0,0,0.0,1.0,0.1490280777537797,0.1111111111111111,0.15229885057471265,0.11227902532250358,0.0,0.061224489795918366,90.0,0.06474820143884892,2.578110770208834,3.159643186711781,-0.581532416502947,-0.5995532205250794,,,0.40754610284105547,"partial: caused turnovers only, relative to positional per-game average",1.9785575496837549,2.3861036525248105,shooting+turnover+defense,0.028674747096866012,0.04864359943790253,,,0.050943262855131934,0.2982629565656013,0.026512262805831226,0.07506594764256846,1.9034916020411865,0.5472635255968034,3.3935195589722094,,,3.4781992824487715,3.485649403771889,0.6845506751031132,0.7597159012661365,,,0.33962264150943394,0.29049308867685236,0.35294117647058826,0.30754572461897806,0.0,0.14538281336011002,,,,,0.28116466310742677,0.26726914793138484,1.999996000008e-06,,,0.12907928659114987,,,34,0.5944244459259438,3.7653461911498685,0.4758338584670007,0.8374263402584161,77.94117647058823,0.6911895122949249,69.11764705882354,0.4848382096254333,72.05882352941177,,True,0.28116466310742677,shooting_pct,False,True,True,False,True,True,True,False,"ground_ball_value,assist_value,possession_participation,penalty_value","offensive value covers finishing and possession security only; shot creation, assists and off-ball work are not measured",0.0,0.8863257404157664,0.11367425958423359
003167,Jake Taylor,WAT,1,A,attack,attack,offensive_field,"roster_position: measurable opportunities cannot separate offensive from defensive field roles (the feed attributes one defensive act, caused turnovers, 741 league-wide)",medium,9,42.0,506.0,4.666666666666667,33.0,33.0,0.0,25.0,9.0,87.0,12.0,3.0,0.0,0.0,0.0,0,0,0,0.0,1.0,0.08300395256916997,0.06296851574212893,0.08638743455497382,0.04029643353404354,0.0,0.0,51.0,0.03350854139290407,1.397416179637034,1.397416179637034,0.0,-0.8863111592359746,,,-0.2702958677648857,"partial: caused turnovers only, relative to positional per-game average",0.5111050204010593,0.24080915263617364,shooting+turnover+defense,0.012169167152406174,0.042345944837485876,,,-0.03003287419609841,0.026756572515130403,0.004721748090905365,0.07506594764256846,0.43603907275849085,0.1645280751008722,2.6092820912394785,,,2.6502411366033134,2.66122993922568,0.0904879165406655,0.5355558083691994,,,0.3333333333333333,0.28343002253031124,0.3333333333333333,0.2990734041181344,,,,,,,0.19584379163130197,0.19095135681395786,,,,0.13545248558511958,,,34,0.5944244459259438,3.7653461911498685,-0.09391308935176089,0.0727217456002694,54.41176470588236,-0.7700692276143943,16.176470588235297,0.2892395562856325,60.29411764705883,,True,0.19584379163130197,shooting_pct,False,True,True,False,True,True,True,False,"ground_ball_value,assist_value,possession_participation,penalty_value","offensive value covers finishing and possession security only; shot creation, assists and off-ball work are not measured",0.0,0.8941685936672823,0.10583140633271773
003168,Chris Kavanagh,RED,1,A,attack,attack,offensive_field,"roster_position: measurable opportunities cannot separate offensive from defensive field roles (the feed attributes one defensive act, caused turnovers, 741 league-wide)",medium,12,107.0,666.0,8.916666666666666,94.0,84.0,10.0,59.0,13.0,454.0,24.0,13.0,5.0,0.0,0.0,0,0,0,0.0,1.0,0.16066066066066065,0.16066066066066065,0.18007662835249041,0.14169787765293385,0.0,0.058823529411764705,163.0,0.07765602667937113,1.6493972838340838,0.5570593663488168,1.0923379174852652,2.70927234104095,,,0.719287336996557,"partial: caused turnovers only, relative to positional per-game average",4.358669624875034,5.077956961871592,shooting+turnover+defense,0.04073523013901901,0.01754677961525621,,,0.05994061141637975,0.423163080155966,0.031153110195531238,0.07506594764256846,4.283603677232466,0.885064759834855,4.7223116646327,,,4.839875986059763,4.847909016970123,1.0474530244062306,0.34927751511766714,,,0.2872340425531915,0.2778124967624659,0.2976190476190476,0.2934762730858503,0.2,0.14538365028923386,,,,,0.40958313044786565,0.3753034563094145,9.99990000099999e-06,,,0.11549885460408404,,,34,0.5944244459259438,3.7653461911498685,1.1907358017926255,1.7969554836511192,86.76470588235294,0.9486440926149358,89.70588235294117,0.6277604365093449,83.82352941176471,,True,0.40958313044786565,shooting_pct,False,True,True,False,True,True,True,True,"ground_ball_value,assist_value,possession_participation,penalty_value","offensive value covers finishing and possession security only; shot creation, assists and off-ball work are not measured",0.0,0.8583510371597461,0.14164896284025377
003169,Logan McNaney,OUT,1,G,goalie,goalie,goalie,measured_opportunity: faced 251 shots on goal as goalie of record,high,10,8.0,602.0,0.8,2.0,0.0,2.0,1.0,6.0,201.0,22.0,0.0,4.0,0.0,0.0,251,220,31,131.0,0.0,0.013289036544850499,0.0111731843575419,0.004434589800443459,0.07125132931584545,0.0,0.06060606060606061,402.0,0.23619271445358403,-0.581532416502947,0.0,-0.581532416502947,-0.25255040874722834,,8.72795031055901,0.34026336377082644,"partial: caused turnovers only, relative to positional per-game average",-0.8340828252501753,8.23413084907966,shooting+turnover+defense+goalie,-0.10426035315627191,-0.2907662082514735,,0.034772710400633504,0.03402633637708265,0.823413084907966,0.020482912559899653,,,,0.9969828771267917,,8.87653758385317,1.1017251181408316,8.950964000327257,0.9199155363353725,-0.5832922809856746,,0.9832606720930865,0.0,0.26733080140379806,,,0.0,0.14538281336011002,,,0.5720524017467249,0.5513714941222682,0.014545281099724626,,1.999996000008e-06,,0.35640848139123854,0.14707915514009073,,0.0768275540904142,16,-0.3271258080481808,6.982201543348508,1.2261543302604314,1.022788291826798,84.375,1.050923837641123,78.125,-0.29500662953707707,56.25,,True,0.35640848139123854,save_pct,False,True,True,False,True,True,True,True,"ground_ball_value,assist_value,possession_participation,penalty_value",goalie metrics are standardized only against other goalies; a goalie total is not comparable with a field player total,0.0,0.08423125133503642,0.034362065787997574
003170,Mic Kelly,CAN,1,M,midfield,midfield,offensive_field,"roster_position: measurable opportunities cannot separate offensive from defensive field roles (the feed attributes one defensive act, caused turnovers, 741 league-wide)",medium,5,30.0,271.0,6.0,24.0,23.0,1.0,14.0,6.0,97.0,3.0,2.0,1.0,0.0,0.0,0,0,0,0.0,0.0,0.11070110701107011,0.055762081784386616,0.11320754716981132,0.07542768273716952,0.0,0.022222222222222223,37.0,0.04214123006833713,-3.983476143655964,-3.6927099354044906,-0.2907662082514735,-0.11699446167744754,,,0.06577199448945553,"partial: caused turnovers only, relative to positional per-game average",-4.1004706053334115,-4.0346986108439555,shooting+turnover+defense,-0.1366823535111137,-0.16597817265233183,,,0.013154398897891106,-0.8069397221687911,-0.10904590840118798,0.07506594764256846,-4.17553655297598,-1.783312021937533,2.2895858092639667,,,2.3414503472249026,2.348364468521065,-1.7180887655760253,-1.7398239138006066,,,0.125,0.249266550542924,0.13043478260869565,0.26830752550845843,0.0,0.145382958742778,,,,,0.15046867265201022,0.14126125740575057,9.99999000001e-07,,,0.13357182021718472,,,53,-0.5493676434547139,3.0482728979742424,-1.1433789178473655,-1.488051603325697,10.377358490566035,0.9675933466050922,78.30188679245283,-1.0162382214205623,16.0377358490566,,True,0.15046867265201022,shooting_pct,False,True,True,False,True,True,True,False,"ground_ball_value,assist_value,possession_participation,penalty_value","offensive value covers finishing and possession security only; shot creation, assists and off-ball work are not measured",0.0,0.9842131145958105,0.015786885404189353
003171,Levi Verch,CHA,1,LSM,long_stick_midfield,defensive_field,defensive_field,"roster_position: measurable opportunities cannot separate offensive from defensive field roles (the feed attributes one defensive act, caused turnovers, 741 league-wide)",medium,11,8.0,621.0,0.7272727272727273,3.0,1.0,2.0,1.0,5.0,52.0,21.0,0.0,4.0,0.0,0.0,0,0,0,0.0,2.0,0.01288244766505636,0.01288244766505636,0.006578947368421052,0.018368067820558106,0.0,0.06557377049180328,34.0,0.01822079314040729,-0.8725198049987943,-0.29098738849584743,-0.581532416502947,-0.5380079134710867,,,-0.6646509299283903,"partial: caused turnovers only, relative to positional per-game average",-1.410527718469881,-2.0751786483982713,shooting+turnover+defense,-0.17631596480873513,-0.2908399349995981,,,-0.06042281181167184,-0.18865260439984285,-0.06103466612936092,0.07506594764256846,-1.4855936661124494,-1.2971707726651118,1.0955768277561504,,,1.1452568138428003,1.28126871947215,-1.6196279647357597,-0.7964022083104852,,,0.0,0.2654006379621949,0.0,0.2889209938165717,0.0,0.14538281336011002,,,,,0.021660393394261863,0.007101320404149502,1.999996000008e-06,,,0.1462134849280119,,,80,0.027815821989010826,1.4913697162411945,-1.4101094098166411,-1.5855947810519964,4.375000000000001,-0.03904802383693892,51.87499999999999,-1.027099228253792,8.750000000000002,,True,0.021660393394261863,shooting_pct,False,True,True,False,True,True,True,False,"ground_ball_value,assist_value,possession_participation,penalty_value","defensive value is PARTIAL (caused turnovers only, on a games-played denominator); a value near zero does NOT mean an average defender",0.0,0.6797138740602398,0.3202861259397603
003172,Max Krevsky,ATL,1,SSDM,short_stick_defensive_midfield,defensive_field,defensive_field,"roster_position: measurable opportunities cannot separate offensive from defensive field roles (the feed attributes one defensive act, caused turnovers, 741 league-wide)",medium,10,15.0,570.0,1.5,8.0,8.0,0.0,4.0,7.0,76.0,9.0,2.0,2.0,2.0,0.0,0,0,0,0.0,1.0,0.02631578947368421,0.02180232558139535,0.018561484918793503,0.03029095257074532,0.006993006993006993,0.02702702702702703,25.0,0.01326963906581741,-1.3278991079667795,-1.3278991079667795,0.0,-0.7198772995439121,-0.30860741564151467,,-0.9575785343402691,"partial: caused turnovers only, relative to positional per-game average",-2.0477764075106917,-3.3139623574924757,shooting+turnover+defense+faceoff,-0.13651842716737944,-0.16598738849584743,-0.15430370782075734,,-0.0957578534340269,-0.3313962357492476,-0.13255849429969901,0.07506594764256846,-2.12284235515326,-1.5764968019303296,1.284721691985355,0.2198736796885059,,1.3465567152143676,1.4702355180483464,-2.2540350282732735,-1.033608380905206,-1.4035668847618208,,0.125,0.2631218961257362,0.125,0.28200410374868995,,,0.0,0.44628377592278606,,,0.05574849194042104,0.054120284851533945,,0.10063624852108599,,0.14327407319797203,0.4214252053643577,,80,0.027815821989010826,1.4913697162411945,-2.240744292370378,-2.5962742097895317,0.6249999999999978,1.457464855023254,88.125,-0.8360082720513153,18.750000000000007,,True,0.05574849194042104,shooting_pct,False,True,True,False,True,True,True,False,"ground_ball_value,assist_value,possession_participation,penalty_value","defensive value is PARTIAL (caused turnovers only, on a games-played denominator); a value near zero does NOT mean an average defender",0.09312339198536457,0.6179238586946868,0.2889527493199486
003173,Jack McDonald,WHP,1,LSM,long_stick_midfield,defensive_field,defensive_field,"roster_position: measurable opportunities cannot separate offensive from defensive field roles (the feed attributes one defensive act, caused turnovers, 741 league-wide)",medium,5,4.0,254.0,0.8,3.0,2.0,1.0,2.0,1.0,19.0,5.0,0.0,1.0,0.0,0.0,0,0,0,0.0,0.0,0.015748031496062992,0.006745362563237774,0.015384615384615385,0.013456090651558074,0.0,0.03333333333333333,11.0,0.013414634146341463,1.1272590147568318,1.4180252230083052,-0.2907662082514735,-0.018017050783517362,,,-0.47878926717013454,"partial: caused turnovers only, relative to positional per-game average",1.1092419639733144,0.6304526968031798,shooting+turnover+defense,0.2773104909933286,0.3757530049189439,,,-0.0957578534340269,0.12609053936063597,0.057313881527561804,0.07506594764256846,1.034176016330746,1.0608796373931773,0.953737325004341,,,0.9748287928986477,1.0489555298368676,0.6010290034900022,1.1819386587933958,,,0.6666666666666666,0.2798409002250361,1.0,0.30098623493337023,0.0,0.145382958742778,,,,,0.021660393394261863,0.014102494476523461,9.99999000001e-07,,,0.1486710055032745,,,80,0.027815821989010826,1.4913697162411945,0.4040828161195587,0.6218332972055469,71.875,0.28018624933555264,61.875,1.1510232972935963,83.75,,True,0.021660393394261863,shooting_pct,False,True,True,False,True,True,True,False,"ground_ball_value,assist_value,possession_participation,penalty_value","defensive value is PARTIAL (caused turnovers only, on a games-played denominator); a value near zero does NOT mean an average defender",0.0,0.7051908827023238,0.2948091172976762
003174,Sam King,ARC,1,A,attack,attack,offensive_field,"roster_position: measurable opportunities cannot separate offensive from defensive field roles (the feed attributes one defensive act, caused turnovers, 741 league-wide)",medium,10,59.0,516.0,5.9,39.0,37.0,2.0,22.0,20.0,223.0,9.0,10.0,3.0,0.0,0.0,0,0,0,0.0,2.0,0.11434108527131782,0.11434108527131782,0.11048158640226628,0.09666233203294322,0.0,0.045454545454545456,76.0,0.048811817597944764,2.6519342091506974,1.2334666256536444,1.418467583497053,-1.6091078037832909,,,0.3474803544488586,"partial: caused turnovers only, relative to positional per-game average",1.0428264053674066,1.3903067598162653,shooting+turnover+defense,0.017675023819786553,0.06799831305514609,,,0.03474803544488586,0.13903067598162652,0.018293509997582436,0.07506594764256846,0.9677604577248381,0.3194126478315907,2.937274723595997,,,3.029812577224828,3.0404960368490817,0.45726313830590093,0.9028553535857322,,,0.3333333333333333,0.2851458795587253,0.32432432432432434,0.2979632646677663,0.5,0.14538381335811004,,,,,0.2234936020320314,0.20925367009765605,1.999996000008e-06,,,0.13336854515364394,,,34,0.5944244459259438,3.7653461911498685,0.2113702893404533,0.4824678675452015,69.11764705882354,-0.07650973073845889,45.58823529411765,0.3544864699503077,69.11764705882352,,True,0.2234936020320314,shooting_pct,False,True,True,False,True,True,True,False,"ground_ball_value,assist_value,possession_participation,penalty_value","offensive value covers finishing and possession security only; shot creation, assists and off-ball work are not measured",0.0,0.9246004843313388,0.07539951566866121
003176,Emmet Carroll,WHP,1,G,goalie,goalie,goalie,measured_opportunity: faced 207 shots on goal as goalie of record,high,8,3.0,420.0,0.375,3.0,0.0,3.0,0.0,0.0,136.0,15.0,0.0,2.0,0.0,0.0,207,184,23,108.0,0.0,0.007142857142857143,0.00505902192242833,0.00946372239747634,0.06128886885984678,0.0,0.03773584905660377,340.0,0.2585551330798479,-0.8722986247544204,0.0,-0.8722986247544204,0.7057573066360904,,6.220952380952369,0.013087052452724084,"partial: caused turnovers only, relative to positional per-game average",-0.16654131811833006,6.067498115286763,shooting+turnover+defense+goalie,-0.05551377270611002,-0.2907662082514735,,0.030052910052909994,0.0016358815565905105,0.7584372644108454,0.01784558269201989,,,,1.221049665626269,,7.975077446522024,1.2805071270132455,8.082820660987062,0.7506659333136569,-0.7143842296595067,,0.7800491497001525,0.0,0.2654006379621949,,,0.0,0.1453826679777328,,,0.5510204081632653,0.5434886824859365,0.021660393394261863,,2.999991000027e-06,,0.32156388432399474,0.1462134849280119,,0.07899441145127639,16,-0.3271258080481808,6.982201543348508,0.9158463678876025,0.7552801403690395,78.125,0.13096556140891663,59.375,0.5394066523323612,62.5,,True,0.32156388432399474,save_pct,False,True,True,False,True,True,True,True,"ground_ball_value,assist_value,possession_participation,penalty_value",goalie metrics are standardized only against other goalies; a goalie total is not comparable with a field player total,0.0,0.20200162154981569,0.0016752294796220136
003178,Michael Grace,ATL,1,LSM,long_stick_midfield,defensive_field,defensive_field,"roster_position: measurable opportunities cannot separate offensive from defensive field roles (the feed attributes one defensive act, caused turnovers, 741 league-wide)",medium,10,8.0,570.0,0.8,7.0,3.0,4.0,5.0,1.0,69.0,22.0,4.0,7.0,0.0,0.0,0,0,0,0.0,2.0,0.014035087719298246,0.011627906976744186,0.016241299303944315,0.027500996412913512,0.0,0.0945945945945946,40.0,0.021231422505307854,3.963973001506564,1.1270378345124576,2.836935166994106,0.502823251022878,,,0.12210329300946884,"partial: caused turnovers only, relative to positional per-game average",4.466796252529442,4.588899545538911,shooting+turnover+defense,0.5583495315661803,0.5662818573580806,,,0.012210329300946884,0.45888995455389114,0.11472248863847279,0.07506594764256846,4.391730304886874,2.646096009307529,1.6145869128865975,,,1.659701798211082,1.7477537341420037,2.625598478719123,2.455100416006517,,,0.5714285714285714,0.28602073367414743,0.6666666666666666,0.29887876685401576,0.5,0.1453845225876464,,,,,0.049122241810577456,0.02100562585349776,3.9999840000639995e-06,,,0.14757159986766055,,,80,0.027815821989010826,1.4913697162411945,3.0583185871881087,3.851388844633146,99.375,0.08935939037440892,56.875,2.5004539951739155,93.75,,True,0.049122241810577456,shooting_pct,False,True,True,False,True,True,True,True,"ground_ball_value,assist_value,possession_participation,penalty_value","defensive value is PARTIAL (caused turnovers only, on a games-played denominator); a value near zero does NOT mean an average defender",0.0,0.9733915960029739,0.026608403997026103
003179,Ben Wayer,WAT,1,LSM,long_stick_midfield,defensive_field,defensive_field,"roster_position: measurable opportunities cannot separate offensive from defensive field roles (the feed attributes one defensive act, caused turnovers, 741 league-wide)",medium,12,22.0,667.0,1.8333333333333333,16.0,7.0,9.0,9.0,6.0,89.0,31.0,3.0,7.0,0.0,0.0,0,0,0,0.0,3.0,0.03298350824587706,0.03298350824587706,0.031683168316831684,0.030978071702053602,0.0,0.07954545454545454,72.0,0.034968431277319086,3.346192406265807,-0.03691171947093208,3.3831041257367387,-0.3685224556043017,,,-0.15578696004656398,"partial: caused turnovers only, relative to positional per-game average",2.977669950661505,2.821882990614941,shooting+turnover+defense,0.1353486341209775,0.20913702539161294,,,-0.012982246670546998,0.23515691588457843,0.039192819314096405,0.07506594764256846,2.902604003018937,1.1744967295284674,2.432505489285393,,,2.4713598003668036,2.5431592420325764,1.1095974424155994,1.3756155622279116,,,0.3125,0.27563017547968094,0.2857142857142857,0.29073597860245093,0.3333333333333333,0.14538479566257578,,,,,0.10560941808774488,0.047677791200198036,8.999919000728994e-06,,,0.1415537681314163,,,80,0.027815821989010826,1.4913697162411945,1.8734906161753218,2.4097430842072503,95.625,2.2002678862686653,96.875,0.4693824576395624,76.25,,True,0.10560941808774488,shooting_pct,False,True,True,False,True,True,True,True,"ground_ball_value,assist_value,possession_participation,penalty_value","defensive value is PARTIAL (caused turnovers only, on a games-played denominator); a value near zero does NOT mean an average defender",0.0,0.9597501907467342,0.040249809253265836
003180,Christian Mazur,WHP,1,SSDM,short_stick_defensive_midfield,defensive_field,defensive_field,"roster_position: measurable opportunities cannot separate offensive from defensive field roles (the feed attributes one defensive act, caused turnovers, 741 league-wide)",medium,11,7.0,593.0,0.6363636363636364,5.0,4.0,1.0,2.0,2.0,74.0,14.0,1.0,4.0,1.0,0.0,0,0,0,0.0,0.0,0.011804384485666104,0.011804384485666104,0.011111111111111112,0.025067750677506776,0.0035211267605633804,0.06060606060606061,29.0,0.01595159515951595,-0.4547157622348632,-0.16394955398338973,-0.2907662082514735,0.3389709157335699,-0.15430370782075734,,-0.6646509299283903,"partial: caused turnovers only, relative to positional per-game average",-0.1157448465012933,-0.9346994842504409,shooting+turnover+defense+faceoff,-0.01653497807161333,-0.09094315244697264,-0.15430370782075734,,-0.06042281181167184,-0.08497268038640372,-0.032231016698291065,0.07506594764256846,-0.19081079414386176,-0.15681023950181347,1.149887969139109,0.15547416991218138,,1.2168261125680833,1.3545753458489769,-0.6900313719091206,-0.3954435340125325,-0.992471662063961,,0.2,0.2687400916890851,0.25,0.2898474161103773,0.0,0.145382958742778,0.0,0.46992975997914377,,,0.035586773317312824,0.027812759663515325,9.99999000001e-07,0.052984189280608794,,0.1457629194483161,0.4333804848138243,,80,0.027815821989010826,1.4913697162411945,-0.6453901375075174,-0.6551185230530823,25.624999999999996,-0.15914735988943832,48.75,-0.2598984578512598,47.5,,True,0.035586773317312824,shooting_pct,False,True,True,False,True,True,True,False,"ground_ball_value,assist_value,possession_participation,penalty_value","defensive value is PARTIAL (caused turnovers only, on a games-played denominator); a value near zero does NOT mean an average defender",0.09568383639736805,0.49216566029456127,0.41215050330807074
003181,Jimmy Freehill,WAT,1,D,defense,defensive_field,defensive_field,"roster_position: measurable opportunities cannot separate offensive from defensive field roles (the feed attributes one defensive act, caused turnovers, 741 league-wide)",medium,11,11.0,608.0,1.0,9.0,0.0,9.0,7.0,2.0,79.0,16.0,0.0,10.0,0.0,0.0,0,0,0,0.0,3.0,0.018092105263157895,0.01649175412293853,0.01956521739130435,0.02982257455643639,0.0,0.13333333333333333,28.0,0.01483836777954425,3.3831041257367387,0.0,3.3831041257367387,0.3910549459142094,,,0.6309672628912951,"partial: caused turnovers only, relative to positional per-game average",3.7741590716509483,4.405126334542244,shooting+turnover+defense,0.3431053701500862,0.3759004584151932,,,0.05736066026284501,0.4004660304129313,0.15732594051936585,0.07506594764256846,3.69909312400838,1.7168881934262226,2.1149200594296866,,,2.154533497388941,2.229809622639445,1.9755616308301056,1.599636880199166,,,0.3333333333333333,0.2751416774126275,,,0.3333333333333333,0.14538479566257578,,,,,0.06228303030634141,,8.999919000728994e-06,,,0.14482462062733248,,,80,0.027815821989010826,1.4913697162411945,2.935094138551828,3.7014548387660655,98.125,0.5413228028030455,69.375,1.4669425002501673,90.0,,True,0.06228303030634141,shooting_pct,False,True,True,False,True,True,True,True,"ground_ball_value,assist_value,possession_participation,penalty_value","defensive value is PARTIAL (caused turnovers only, on a games-played denominator); a value near zero does NOT mean an average defender",0.0,0.8567652287418762,0.14323477125812367
003183,Jack Gray,OUT,1,SSDM,short_stick_defensive_midfield,defensive_field,defensive_field,"roster_position: measurable opportunities cannot separate offensive from defensive field roles (the feed attributes one defensive act, caused turnovers, 741 league-wide)",medium,6,2.0,363.0,0.3333333333333333,1.0,1.0,0.0,1.0,1.0,17.0,2.0,1.0,1.0,1.0,1.0,0,0,0,0.0,2.0,0.005509641873278237,0.002793296089385475,0.0036101083032490976,0.010059171597633136,0.006211180124223602,0.027777777777777776,7.0,0.006756756756756757,0.7090126115041526,0.7090126115041526,0.0,-0.038850662855773176,0.15665351047792622,,-0.617734393698151,"partial: caused turnovers only, relative to positional per-game average",0.6701619486483794,0.20908106542815466,shooting+turnover+defense+faceoff,0.3350809743241897,0.7090126115041526,0.15665351047792622,,-0.10295573228302517,0.034846844238025775,0.029868723632593523,0.07506594764256846,0.5950960010058111,1.207938196099121,0.4542177101701498,0.15547416991218138,,0.49265434517063544,0.6685060620957154,0.31275866784618456,1.560953251335261,1.0075854437197573,,1.0,0.27661516461655755,1.0,0.29602231422072117,,,1.0,0.5229139492597525,,,0.007325919327830917,0.007101320404149502,,0.052984189280608794,,0.14920773851918057,0.43372120533604175,,80,0.027815821989010826,1.4913697162411945,0.1215427948315858,0.27805121760772106,61.875,-0.8603997751669383,20.624999999999993,1.4284127428280824,88.75,,True,0.007325919327830917,shooting_pct,False,True,False,False,True,True,True,False,"ground_ball_value,assist_value,possession_participation,penalty_value","defensive value is PARTIAL (caused turnovers only, on a games-played denominator); a value near zero does NOT mean an average defender",0.10290910769967991,0.4912876960812535,0.4058031962190665
003184,Ben Ramsey,CAN,1,SSDM,short_stick_defensive_midfield,defensive_field,defensive_field,"roster_position: measurable opportunities cannot separate offensive from defensive field roles (the feed attributes one defensive act, caused turnovers, 741 league-wide)",medium,10,7.0,538.0,0.7,5.0,4.0,1.0,5.0,2.0,94.0,26.0,3.0,3.0,0.0,0.0,0,0,0,0.0,3.0,0.013011152416356878,0.013011152416356878,0.012048192771084338,0.03632148377125193,0.0,0.037037037037037035,52.0,0.030642309958750738,1.5452842377651368,-0.16394955398338973,1.7092337917485265,0.5473070364561281,,,-0.7416421688703214,"partial: caused turnovers only, relative to positional per-game average",2.092591274221265,1.3509491053509435,shooting+turnover+defense,0.29894161060303787,0.30905684755302737,,,-0.07416421688703215,0.13509491053509434,0.025979790487518143,0.07506594764256846,2.0175253265786965,1.6345574829904432,1.149887969139109,,,1.2342945094152387,1.3503762409768705,1.0004242257503424,1.3438563401285524,,,0.4,0.27585744635254766,0.25,0.2898474161103773,1.0,0.145383958741778,,,,,0.035586773317312824,0.027812759663515325,9.99999000001e-07,,,0.14696752943564206,,,80,0.027815821989010826,1.4913697162411945,0.8871933424373937,1.2096606097966616,83.125,-0.02470994470252615,53.125,1.25488679174392,86.25,,True,0.035586773317312824,shooting_pct,False,True,True,False,True,True,True,False,"ground_ball_value,assist_value,possession_participation,penalty_value","defensive value is PARTIAL (caused turnovers only, on a games-played denominator); a value near zero does NOT mean an average defender",0.0,0.7383270701719838,0.2616729298280162
003185,Carter Rice,RED,1,SSDM,short_stick_defensive_midfield,defensive_field,defensive_field,"roster_position: measurable opportunities cannot separate offensive from defensive field roles (the feed attributes one defensive act, caused turnovers, 741 league-wide)",medium,12,3.0,666.0,0.25,0.0,0.0,0.0,0.0,3.0,81.0,16.0,0.0,5.0,0.0,0.0,0,0,0,0.0,2.0,0.0045045045045045045,0.0045045045045045045,0.0,0.025280898876404494,0.0,0.058823529411764705,26.0,0.012386850881372083,0.0,0.0,0.0,0.19595219251651766,,,-0.5876596909864591,"partial: caused turnovers only, relative to positional per-game average",0.19595219251651766,-0.39170749846994146,shooting+turnover+defense,0.06531739750550589,,,,-0.04897164091553826,-0.03264229153916179,-0.015065673018074672,0.07506594764256846,0.12088624487394914,0.2902956371127405,,,,0.41642460105937185,0.7303760098977232,-0.5363093710112322,,,,,,,,,,,,,,,,,,,,,,80,0.027815821989010826,1.4913697162411945,-0.28130068345246195,-0.21211073568157296,39.37499999999999,-0.9723749663607953,15.625000000000005,0.13312205656926876,63.74999999999999,,True,,shooting_pct,False,False,True,False,True,True,True,False,"ground_ball_value,assist_value,possession_participation,penalty_value","defensive value is PARTIAL (caused turnovers only, on a games-played denominator); a value near zero does NOT mean an average defender",0.0,0.25006281380082374,0.7499371861991763
003186,Hugh Kelleher,ATL,1,M,midfield,midfield,offensive_field,"roster_position: measurable opportunities cannot separate offensive from defensive field roles (the feed attributes one defensive act, caused turnovers, 741 league-wide)",medium,8,33.0,465.0,4.125,29.0,24.0,5.0,13.0,4.0,99.0,6.0,1.0,0.0,0.0,0.0,0,0,0,0.0,2.0,0.07096774193548387,0.04796511627906977,0.08169014084507042,0.04872047244094488,0.0,0.0,42.0,0.02766798418972332,-2.437528365157707,-0.9836973239003388,-1.4538310412573674,0.33917978949218447,,,-0.24026299356878728,"partial: caused turnovers only, relative to positional per-game average",-2.0983485756655225,-2.3386115692343097,shooting+turnover+defense,-0.0635863204747128,-0.08405270224681749,,,-0.03003287419609841,-0.2923264461542887,-0.055681227838912134,0.07506594764256846,-2.1734145233080913,-0.7841814519426166,2.726988562642531,,,2.7715709392564585,2.780914775558413,-0.8409504634188986,-0.8938535344628183,,,0.20689655172413793,0.259927035455395,0.25,0.28498260252782404,0.0,0.14538237721385067,,,,,0.1762900361743197,0.1465032584018318,4.9999750001249995e-06,,,0.13338352914433926,,,53,-0.5493676434547139,3.0482728979742424,-0.5869697319320243,-0.6808993564768766,21.698113207547166,-0.39968492421267154,36.79245283018868,-0.34850688413866315,27.358490566037734,,True,0.1762900361743197,shooting_pct,False,True,True,False,True,True,True,False,"ground_ball_value,assist_value,possession_participation,penalty_value","offensive value covers finishing and possession security only; shot creation, assists and off-ball work are not measured",0.0,0.920362846787366,0.07963715321263401
003188,Bryce Ford,ARC,1,M,midfield,midfield,offensive_field,"roster_position: measurable opportunities cannot separate offensive from defensive field roles (the feed attributes one defensive act, caused turnovers, 741 league-wide)",medium,3,5.0,146.0,1.6666666666666667,4.0,4.0,0.0,3.0,1.0,22.0,2.0,0.0,0.0,0.0,0.0,0,0,0,0.0,0.0,0.03424657534246575,0.009689922480620155,0.041237113402061855,0.03156384505021521,0.0,0.0,8.0,0.01809954751131222,0.8360504460166103,0.8360504460166103,0.0,0.05138035705715796,,,-0.09009862258829522,"partial: caused turnovers only, relative to positional per-game average",0.8874308030737682,0.7973321804854729,shooting+turnover+defense,0.17748616061475364,0.20901261150415257,,,-0.030032874196098406,0.26577739349515767,0.09966652256068412,0.07506594764256846,0.8123648554311997,0.866116621096274,0.9084354203402996,,,0.9379393440146215,0.9482540704611521,0.840842349453577,0.9203190752991843,,,0.5,0.2778348958441567,0.5,0.29680060602625613,,,,,,,0.02867349810933653,0.027812759663515325,,,,0.14781479066004977,,,53,-0.5493676434547139,3.0482728979742424,0.44179109581532167,0.8114674746355502,76.41509433962264,-1.6633094137619515,0.9433962264150941,1.8536871815717548,93.39622641509435,,True,0.02867349810933653,shooting_pct,False,True,True,False,True,True,True,False,"ground_ball_value,assist_value,possession_participation,penalty_value","offensive value covers finishing and possession security only; shot creation, assists and off-ball work are not measured",0.0,0.9078302706567907,0.0921697293432093
003190,AJ Pilate,OUT,1,D,defense,defensive_field,defensive_field,"roster_position: measurable opportunities cannot separate offensive from defensive field roles (the feed attributes one defensive act, caused turnovers, 741 league-wide)",medium,3,2.0,186.0,0.6666666666666666,1.0,1.0,0.0,0.0,1.0,6.0,4.0,0.0,1.0,0.0,0.0,0,0,0,0.0,0.0,0.010752688172043012,0.002793296089385475,0.007575757575757576,0.007151370679380214,0.0,0.047619047619047616,5.0,0.009765625,-0.29098738849584743,-0.29098738849584743,0.0,-0.15343552925318016,,,-0.2008990141141017,"partial: caused turnovers only, relative to positional per-game average",-0.4444229177490276,-0.6453219318631293,shooting+turnover+defense,-0.2222114588745138,-0.29098738849584743,,,-0.0669663380380339,-0.21510731062104307,-0.12906438637262585,0.07506594764256846,-0.5194888653915959,-1.1096773322150244,0.4542177101701498,,,0.46814407243468276,0.5560294861087809,-1.1605894075496552,-0.6406341760360768,,,0.0,0.26928924528872666,0.0,0.2889209938165717,,,,,,,0.007325919327830917,0.007101320404149502,,,,0.14795433258404955,,,80,0.027815821989010826,1.4913697162411945,-0.45135538593924057,-0.419025702983527,33.12499999999999,-0.27630935132896906,45.62499999999999,-1.2474699940395917,6.250000000000005,,True,0.007325919327830917,shooting_pct,False,True,False,False,True,True,True,False,"ground_ball_value,assist_value,possession_participation,penalty_value","defensive value is PARTIAL (caused turnovers only, on a games-played denominator); a value near zero does NOT mean an average defender",0.0,0.6886840440490225,0.31131595595097755
003192,Jackson Eicher,CHA,1,A,attack,attack,offensive_field,"roster_position: measurable opportunities cannot separate offensive from defensive field roles (the feed attributes one defensive act, caused turnovers, 741 league-wide)",medium,11,94.0,621.0,8.545454545454545,78.0,67.0,11.0,47.0,16.0,250.0,6.0,9.0,0.0,0.0,0.0,0,0,0,0.0,1.0,0.15136876006441224,0.15136876006441224,0.17105263157894737,0.08830801836806781,0.0,0.0,106.0,0.05680600214362272,-1.6945833199879878,-0.4961550292217787,-1.1984282907662083,-0.41729181880205324,,,-0.3303616161570825,"partial: caused turnovers only, relative to positional per-game average",-2.111875138790041,-2.442236754947124,shooting+turnover+defense,-0.022466756795638736,-0.02172542717933318,,,-0.030032874196098406,-0.22202152317701127,-0.02303996938629362,0.07506594764256846,-2.1869410864326095,-0.4901322099328412,4.392024761612853,,,4.461941170388023,4.469927974216964,-0.5463704938948041,-0.3858319139725655,,,0.2564102564102564,0.2658453753094243,0.2835820895522388,0.28858840526744967,0.09090909090909091,0.14538250491818264,,,,,0.36533677276422777,0.3239549472163175,1.0999879001330986e-05,,,0.11807003006106243,,,34,0.5944244459259438,3.7653461911498685,-0.8064759644174249,-0.8836679404377973,16.176470588235297,0.742993947025402,75.0,-0.12121194582540402,39.705882352941174,,True,0.36533677276422777,shooting_pct,False,True,True,False,True,True,True,True,"ground_ball_value,assist_value,possession_participation,penalty_value","offensive value covers finishing and possession security only; shot creation, assists and off-ball work are not measured",0.0,0.8647298975056842,0.13527010249431573
003193,Kyle Aldridge,WHP,1,SSDM,short_stick_defensive_midfield,defensive_field,defensive_field,"roster_position: measurable opportunities cannot separate offensive from defensive field roles (the feed attributes one defensive act, caused turnovers, 741 league-wide)",medium,2,0.0,119.0,0.0,0.0,0.0,0.0,0.0,0.0,15.0,4.0,0.0,1.0,0.0,0.0,0,0,0,0.0,0.0,0.0,0.0,0.0,0.030800821355236138,0.0,0.06666666666666667,6.0,0.017857142857142856,0.0,0.0,0.0,0.1562520905419186,,,-0.06195388758608526,"partial: caused turnovers only, relative to positional per-game average",0.1562520905419186,0.09429820295583334,shooting+turnover+defense,,,,,-0.03097694379304263,0.04714910147791667,0.015716367159305557,,,,,,,0.1792006160948905,0.3035118977128113,0.310690301324069,,,,,,,,,,,,,,,,,,,,,,80,0.027815821989010826,1.4913697162411945,0.0445780682300448,0.18440397554218727,56.875,-1.4741897120814145,3.125,,50.0,,True,,shooting_pct,False,False,True,False,True,True,True,False,"ground_ball_value,assist_value,possession_participation,penalty_value","defensive value is PARTIAL (caused turnovers only, on a games-played denominator); a value near zero does NOT mean an average defender",0.0,0.7160761216645407,0.28392387833545935
003199,Gannon Matthews,CHA,1,UNK,unknown,unknown,unclassified_field,unlabelled: no position in any game played and no role-defining opportunity,low,1,3.0,51.0,3.0,1.0,1.0,0.0,1.0,2.0,11.0,0.0,1.0,0.0,0.0,0.0,0,0,0,0.0,1.0,0.058823529411764705,0.004830917874396135,0.03225806451612903,0.04954954954954955,0.0,0.0,3.0,0.018072289156626505,-0.29098738849584743,-0.29098738849584743,0.0,-0.13496022841871724,,,0.0,"partial: caused turnovers only, relative to positional per-game average",-0.4259476169145647,-0.4259476169145647,shooting+turnover+defense,-0.14198253897152155,-0.29098738849584743,,,0.0,-0.4259476169145647,-0.14198253897152155,,,,0.4542177101701498,,,0.5122632712356974,0.5122632712356974,-0.8315013799195101,-0.6406341760360768,,,0.0,0.26928924528872666,0.0,0.2889209938165717,,,,,,,0.007325919327830917,0.007101320404149502,,,,0.14795433258404955,,,3,0.1393417410027684,,,,16.666666666666664,,83.33333333333334,,33.33333333333333,positional sd suppressed (n=3 < 9); use the percentile column or the league scope,True,0.007325919327830917,shooting_pct,False,True,True,False,True,True,True,False,"ground_ball_value,assist_value,possession_participation,penalty_value","offensive value covers finishing and possession security only; shot creation, assists and off-ball work are not measured",0.0,1.0,0.0
003206,Greg Langermeier,CHA,1,SSDM,short_stick_defensive_midfield,defensive_field,defensive_field,"roster_position: measurable opportunities cannot separate offensive from defensive field roles (the feed attributes one defensive act, caused turnovers, 741 league-wide)",medium,10,11.0,570.0,1.1,6.0,6.0,0.0,0.0,5.0,60.0,9.0,2.0,6.0,4.0,1.0,0,0,0,0.0,2.0,0.01929824561403509,0.017713365539452495,0.014457831325301205,0.023228803716608595,0.015151515151515152,0.10909090909090909,27.0,0.015661252900232018,-1.7459243309750847,-1.7459243309750847,0.0,-0.4546734651820634,-0.3062576129843458,,-0.09383307246047873,"partial: caused turnovers only, relative to positional per-game average",-2.2005977961571483,-2.600688481601973,shooting+turnover+defense+faceoff,-0.2000543451051953,-0.29098738849584743,-0.07656440324608645,,-0.009383307246047874,-0.26006884816019726,-0.09632179561488788,0.07506594764256846,-2.2756637437997167,-1.9468374072805286,1.1126016220522443,0.31094833982436276,,1.1689028242879895,1.3278010916135685,-1.958643126615876,-1.569226843076723,-0.9849147712360629,,0.0,0.25977383451310515,0.0,0.2790141494537597,,,0.25,0.451195298038392,,,0.04240233552031815,0.041146934593897753,,0.18286922433512418,,0.14367221161955968,0.40348254749551415,,80,0.027815821989010826,1.4913697162411945,-1.7624766514743178,-2.0143395038952034,1.8749999999999933,0.6756903037953428,74.375,-1.1410808979346523,7.500000000000001,,True,0.04240233552031815,shooting_pct,False,True,True,False,True,True,True,False,"ground_ball_value,assist_value,possession_participation,penalty_value","defensive value is PARTIAL (caused turnovers only, on a games-played denominator); a value near zero does NOT mean an average defender",0.11776020663408988,0.8461597041417369,0.03608008922417321
003208,Max Merklinger,ARC,1,A,attack,attack,offensive_field,"roster_position: measurable opportunities cannot separate offensive from defensive field roles (the feed attributes one defensive act, caused turnovers, 741 league-wide)",medium,2,6.0,102.0,3.0,4.0,3.0,1.0,2.0,2.0,22.0,1.0,0.0,0.0,0.0,0.0,0,0,0,0.0,0.0,0.058823529411764705,0.011627906976744186,0.0625,0.05152224824355972,0.0,0.0,6.0,0.02040816326530612,-1.1637283737390158,-0.8729621654875424,-0.2907662082514735,-0.1645560084127896,,,-0.06006574839219682,"partial: caused turnovers only, relative to positional per-game average",-1.3282843821518053,-1.3883501305440022,shooting+turnover+defense,-0.22138073035863423,-0.29093209343475396,,,-0.03003287419609841,-0.6941750652720011,-0.23139168842400037,0.07506594764256846,-1.4033503297943737,-1.2971739496158505,1.056375223743273,,,1.0818520755909156,1.0878300845524616,-1.2762564211626635,-1.1016240702951514,,,0.0,0.26349814678948846,0.0,0.28487501628501727,0.0,0.145382958742778,,,,,0.02867349810933653,0.02100562585349776,9.99999000001e-07,,,0.14535719057312235,,,34,0.5944244459259438,3.7653461911498685,-0.5265849342433087,-0.5080029937502135,33.82352941176471,-1.3052350412418725,10.294117647058826,-2.478433290989349,7.35294117647059,,True,0.02867349810933653,shooting_pct,False,True,True,False,True,True,True,False,"ground_ball_value,assist_value,possession_participation,penalty_value","offensive value covers finishing and possession security only; shot creation, assists and off-ball work are not measured",0.0,0.9567358787450388,0.043264121254961124
003209,Michael Lampert,WAT,1,A,attack,attack,offensive_field,"roster_position: measurable opportunities cannot separate offensive from defensive field roles (the feed attributes one defensive act, caused turnovers, 741 league-wide)",medium,3,7.0,173.0,2.3333333333333335,3.0,3.0,0.0,2.0,4.0,20.0,0.0,1.0,0.0,0.0,0.0,0,0,0,0.0,0.0,0.04046242774566474,0.010494752623688156,0.022900763358778626,0.02894356005788712,0.0,0.0,5.0,0.009652509652509652,-0.8729621654875424,-0.8729621654875424,0.0,-0.6207302595824217,,,-0.09009862258829522,"partial: caused turnovers only, relative to positional per-game average",-1.493692425069964,-1.583791047658259,shooting+turnover+defense,-0.213384632152852,-0.29098738849584743,,,-0.030032874196098406,-0.5279303492194197,-0.3167582095316518,0.07506594764256846,-1.5687583727125323,-1.9187437801585492,0.7867281517122942,,,0.8175965905061607,0.8294092800920808,-1.909541025972638,-1.1096109419595093,,,0.0,0.2654006379621949,0.0,0.28487501628501727,,,,,,,0.021660393394261863,0.02100562585349776,,,,0.1462134849280119,,,34,0.5944244459259438,3.7653461911498685,-0.5784900997161738,-0.57766921780907,27.941176470588236,-1.7116065033238317,7.352941176470584,-2.383675878872559,10.29411764705882,,True,0.021660393394261863,shooting_pct,False,True,False,False,True,True,True,False,"ground_ball_value,assist_value,possession_participation,penalty_value","offensive value covers finishing and possession security only; shot creation, assists and off-ball work are not measured",0.0,0.9431120521097073,0.056887947890292764
003211,Josh Balcarcel,RED,1,M,midfield,midfield,offensive_field,"roster_position: measurable opportunities cannot separate offensive from defensive field roles (the feed attributes one defensive act, caused turnovers, 741 league-wide)",medium,12,32.0,666.0,2.6666666666666665,24.0,22.0,2.0,21.0,8.0,184.0,6.0,2.0,0.0,0.0,0.0,0,0,0,0.0,2.0,0.04804804804804805,0.04804804804804805,0.04597701149425287,0.05742821473158552,0.0,0.0,41.0,0.01953311100524059,0.016745036588409867,0.5982774530913568,-0.581532416502947,0.5082489373762111,,,-0.3603944903531809,"partial: caused turnovers only, relative to positional per-game average",0.524993973964621,0.1645994836114401,shooting+turnover+defense,0.016406061686394406,0.0006977098578504112,,,-0.030032874196098406,0.013716623634286676,0.004014621551498539,0.07506594764256846,0.4499280263220524,0.18385880679313127,2.352206810293841,,,2.447138835336231,2.462988176137479,0.06682918140093114,0.007118862387069635,,,0.2916666666666667,0.27434466265159235,0.3181818181818182,0.2946845927140187,0.0,0.14538281336011002,,,,,0.15046867265201022,0.13595446791364887,1.999996000008e-06,,,0.1377935842028819,,,53,-0.5493676434547139,3.0482728979742424,0.23422021287550318,0.5103557949826557,70.75471698113208,-1.1883822662694306,10.377358490566035,0.38222251517363093,70.75471698113208,,True,0.15046867265201022,shooting_pct,False,True,True,False,True,True,True,False,"ground_ball_value,assist_value,possession_participation,penalty_value","offensive value covers finishing and possession security only; shot creation, assists and off-ball work are not measured",0.0,0.5929532573807957,0.40704674261920437
003212,Ray Dearth,CHA,1,SSDM,short_stick_defensive_midfield,defensive_field,defensive_field,"roster_position: measurable opportunities cannot separate offensive from defensive field roles (the feed attributes one defensive act, caused turnovers, 741 league-wide)",medium,9,5.0,514.0,0.5555555555555556,4.0,3.0,1.0,3.0,1.0,49.0,10.0,2.0,2.0,4.0,0.0,0,0,0,0.0,1.0,0.009727626459143969,0.008051529790660225,0.010443864229765013,0.02046783625730994,0.017467248908296942,0.038461538461538464,29.0,0.01883116883116883,1.8362716262609842,0.12703783451245765,1.7092337917485265,0.29448713030031987,-0.6172148312830293,,-0.8186334078122526,"partial: caused turnovers only, relative to positional per-game average",2.130758756561304,0.6949105174660221,shooting+turnover+defense+faceoff,0.4261517513122608,0.45906790656524604,-0.15430370782075734,,-0.09095926753469473,0.0772122797184469,0.02396243163675938,0.07506594764256846,2.055692808918735,1.8605035756442172,1.056375223743273,0.31094833982436276,,1.1049120441528482,1.2599798593444063,0.551525099637385,1.738275931684712,-1.984943324127922,,0.5,0.2778348958441567,0.3333333333333333,0.2918768915695165,1.0,0.145383958741778,0.0,0.40547799195461093,,,0.02867349810933653,0.02100562585349776,9.99999000001e-07,0.18286922433512418,,0.14781479066004977,0.3979489292250946,,80,0.027815821989010826,1.4913697162411945,0.4473033669735078,0.6744221332444246,73.125,-0.39050417171198437,41.875,1.8656961248700121,91.25,,True,0.02867349810933653,shooting_pct,False,True,True,False,True,True,True,False,"ground_ball_value,assist_value,possession_participation,penalty_value","defensive value is PARTIAL (caused turnovers only, on a games-played denominator); a value near zero does NOT mean an average defender",0.17305378249823253,0.5974189920998142,0.22952722540195328
003220,Dylan Renner,ARC,1,UNK,unknown,unknown,unclassified_field,unlabelled: no position in any game played and no role-defining opportunity,low,1,0.0,44.0,0.0,0.0,0.0,0.0,0.0,0.0,1.0,0.0,0.0,0.0,0.0,0.0,0,0,0,0.0,0.0,0.0,0.0,0.0,0.0038461538461538464,0.0,0.0,0.0,0.0,0.0,0.0,0.0,0.026992045683743447,,,0.0,"partial: caused turnovers only, relative to positional per-game average",0.026992045683743447,0.026992045683743447,shooting+turnover+defense,,,,,0.0,0.026992045683743447,,,,,,,,0.07141424025607952,0.07141424025607952,0.37796447300922736,,,,,,,,,,,,,,,,,,,,,,3,0.1393417410027684,,,,49.99999999999999,,16.666666666666664,,50.0,positional sd suppressed (n=3 < 9); use the percentile column or the league scope,True,,shooting_pct,False,False,False,False,True,True,True,False,"ground_ball_value,assist_value,possession_participation,penalty_value","offensive value covers finishing and possession security only; shot creation, assists and off-ball work are not measured",0.0,1.0,0.0
