player_id,player_name,team_id,n_teams,position_code,position_name,baseline_group,games_played,shots,one_point_attempts,two_point_attempts,shots_on_goal,goals,one_point_goals,two_point_goals,pll_points,touches,turnovers,ground_balls,caused_turnovers,faceoffs,faceoff_wins,saves,shots_on_goal_faced,one_point_shots_on_goal_faced,two_point_shots_on_goal_faced,pll_points_allowed,official_assists,play_shares,penalties,expected_points_from_shots,shooting_value,shooting_value_one_point,shooting_value_two_point,shooting_value_per_shot,expected_turnovers,turnovers_above_expected,turnover_value,turnover_value_per_touch,expected_faceoff_wins,faceoff_wins_above_expected,faceoff_value,faceoff_value_per_faceoff,expected_caused_turnovers,caused_turnovers_above_expected,caused_turnover_value,caused_turnover_value_per_game,defensive_value_scope,expected_points_allowed,goalie_value,goalie_value_per_shot_on_goal_faced,ground_ball_value,ground_ball_value_status,ground_ball_event_value_descriptive,assist_value,assist_value_status,total_offensive_value,total_defensive_value,total_faceoff_value,total_goalie_value,total_player_value,total_player_value_per_game,total_player_value_per_play_share,components_supported
003079,Liam Entenmann,ATL,1,G,goalie,goalie,12,4.0,0.0,4.0,0.0,0.0,0.0,0.0,0.0,225.0,4.0,25.0,2.0,0.0,0.0,185.0,345,311,34,144.0,1.0,579,0.0,1.163064833005894,-1.163064833005894,0.0,-1.163064833005894,-0.2907662082514735,5.4072096128170895,-1.4072096128170895,0.30386772924609445,0.0013505232410937532,,,,,2.909090909090909,-0.9090909090909092,-0.19630578679086144,-0.01635881556590512,"partial: caused turnovers only, relative to positional per-game average",158.32997929606626,14.329979296066256,0.04153617187265581,,deferred: no opportunity denominator; contexts not separable; overlaps faceoff value,3.513843944077697,,deferred: goal value already credited to the shooter,-0.8591971037597994,-0.19630578679086144,0.0,14.329979296066256,13.274476405515594,1.1062063671262996,0.022926556831633152,shooting+turnover+defense+goalie
000254,Trevor Baptiste,ATL,1,FO,faceoff,faceoff,12,15.0,15.0,0.0,11.0,4.0,4.0,0.0,4.0,132.0,8.0,101.0,5.0,320.0,193.0,0.0,0,0,0,0.0,1.0,535,1.0,4.3648108274377115,-0.36481082743771154,-0.36481082743771154,0.0,-0.02432072182918077,13.037037037037036,-5.037037037037036,1.0876794705152912,0.008239995988752207,158.79093198992445,34.209068010075555,10.637556629003576,0.03324236446563618,3.1011235955056184,1.8988764044943816,0.4100364692631588,0.0341697057719299,"partial: caused turnovers only, relative to positional per-game average",,,,,deferred: no opportunity denominator; contexts not separable; overlaps faceoff value,14.195929534073896,,deferred: goal value already credited to the shooter,0.7228686430775797,0.4100364692631588,10.637556629003576,0.0,11.770461741344315,0.9808718117786929,0.0220008630679333,shooting+turnover+defense+faceoff
003076,Connor Shellenberger,ATL,1,A,attack,offensive_field,12,53.0,53.0,0.0,41.0,26.0,26.0,0.0,26.0,415.0,18.0,16.0,1.0,0.0,0.0,0.0,0,0,0,0.0,29.0,145,2.0,15.422331590279914,10.577668409720086,10.577668409720086,0.0,0.19957864924000163,23.35209003215434,-5.35209003215434,1.1557108692113431,0.00278484546797914,,,,,1.6689847009735743,-0.6689847009735743,-0.14445812488323334,-0.012038177073602779,"partial: caused turnovers only, relative to positional per-game average",,,,,deferred: no opportunity denominator; contexts not separable; overlaps faceoff value,2.248860124209726,,deferred: goal value already credited to the shooter,11.73337927893143,-0.14445812488323334,0.0,0.0,11.588921154048197,0.9657434295040165,0.07992359416584964,shooting+turnover+defense
002026,Brett Dobson,ARC,1,G,goalie,goalie,10,1.0,0.0,1.0,0.0,0.0,0.0,0.0,0.0,175.0,7.0,17.0,3.0,0.0,0.0,146.0,265,232,33,111.0,0.0,478,1.0,0.2907662082514735,-0.2907662082514735,0.0,-0.2907662082514735,-0.2907662082514735,4.205607476635514,2.794392523364486,-0.6034109651917227,-0.003448062658238415,,,,,2.4242424242424243,0.5757575757575757,0.12432699830087889,0.01243269983008789,"partial: caused turnovers only, relative to positional per-game average",122.20612836438924,11.206128364389244,0.04228727684675186,,deferred: no opportunity denominator; contexts not separable; overlaps faceoff value,2.389413881972834,,deferred: goal value already credited to the shooter,-0.8941771734431961,0.12432699830087889,0.0,11.206128364389244,10.436278189246927,1.0436278189246928,0.021833217969135833,shooting+turnover+defense+goalie
000350,Joseph Nardella,WHP,1,FO,faceoff,faceoff,11,6.0,6.0,0.0,4.0,3.0,3.0,0.0,3.0,91.0,8.0,61.0,5.0,268.0,159.0,0.0,0,0,0,0.0,0.0,391,1.0,1.7459243309750847,1.2540756690249153,1.2540756690249153,0.0,0.20901261150415254,8.987654320987653,-0.9876543209876534,0.21327048441476282,0.0023436316968655255,132.9874055415617,26.012594458438286,8.08880401352772,0.03018210452808851,2.842696629213483,2.157303370786517,0.4658402491037071,0.04234911355488246,"partial: caused turnovers only, relative to positional per-game average",,,,,deferred: no opportunity denominator; contexts not separable; overlaps faceoff value,8.57377922354958,,deferred: goal value already credited to the shooter,1.4673461534396781,0.4658402491037071,8.08880401352772,0.0,10.021990416071105,0.9110900378246459,0.025631689043660116,shooting+turnover+defense+faceoff
003010,Xander Dickson,ATL,1,A,attack,offensive_field,12,62.0,61.0,1.0,45.0,27.0,27.0,0.0,27.0,198.0,15.0,31.0,6.0,0.0,0.0,0.0,0,0,0,0.0,2.0,108,2.0,18.040996906498165,8.959003093501835,9.249769301753307,-0.2907662082514735,0.14450004989519089,11.141479099678456,3.858520900321544,-0.8331949793052641,-0.004208055451036688,,,,,1.6689847009735743,4.331015299026426,0.9352237024665045,0.07793530853887538,"partial: caused turnovers only, relative to positional per-game average",,,,,deferred: no opportunity denominator; contexts not separable; overlaps faceoff value,4.357166490656344,,deferred: goal value already credited to the shooter,8.125808114196571,0.9352237024665045,0.0,0.0,9.061031816663077,0.755085984721923,0.08389844274688034,shooting+turnover+defense
001812,TD Ierlan,RED,1,FO,faceoff,faceoff,12,13.0,13.0,0.0,9.0,4.0,4.0,0.0,4.0,85.0,6.0,83.0,2.0,294.0,173.0,0.0,0,0,0,0.0,3.0,480,1.0,3.782836050446017,0.21716394955398322,0.21716394955398322,0.0,0.016704919196460246,8.395061728395062,-2.3950617283950617,0.5171809247058003,0.006084481467127063,145.88916876574308,27.11083123425692,8.430308666369598,0.028674519273365978,3.1011235955056184,-1.1011235955056184,-0.23777262714668396,-0.019814385595556996,"partial: caused turnovers only, relative to positional per-game average",,,,,deferred: no opportunity denominator; contexts not separable; overlaps faceoff value,11.665961894337954,,deferred: goal value already credited to the shooter,0.7343448742597836,-0.23777262714668396,8.430308666369598,0.0,8.926880913482698,0.7439067427902248,0.018597668569755622,shooting+turnover+defense+faceoff
000358,Ryan Drenner,CAN,1,M,midfield,offensive_field,10,39.0,37.0,2.0,24.0,18.0,18.0,0.0,18.0,212.0,5.0,4.0,2.0,0.0,0.0,0.0,0,0,0,0.0,2.0,54,0.0,11.348065790849303,6.651934209150697,7.233466625653644,-0.581532416502947,0.17056241561924865,11.929260450160772,-6.929260450160772,1.4962793170023698,0.007057921306614952,,,,,1.3908205841446453,0.6091794158553547,0.13154398897891106,0.013154398897891106,"partial: caused turnovers only, relative to positional per-game average",,,,,deferred: no opportunity denominator; contexts not separable; overlaps faceoff value,0.5622150310524315,,deferred: goal value already credited to the shooter,8.148213526153068,0.13154398897891106,0.0,0.0,8.27975751513198,0.827975751513198,0.15332884287281445,shooting+turnover+defense
003169,Logan McNaney,OUT,1,G,goalie,goalie,10,2.0,0.0,2.0,1.0,0.0,0.0,0.0,0.0,201.0,6.0,22.0,4.0,0.0,0.0,131.0,251,220,31,107.0,0.0,402,0.0,0.581532416502947,-0.581532416502947,0.0,-0.581532416502947,-0.2907662082514735,4.830440587449933,1.1695594125500666,-0.25255040874722834,-0.0012564696952598424,,,,,2.4242424242424243,1.5757575757575757,0.34026336377082644,0.03402633637708265,"partial: caused turnovers only, relative to positional per-game average",115.72795031055901,8.72795031055901,0.034772710400633504,,deferred: no opportunity denominator; contexts not separable; overlaps faceoff value,3.0921826707883735,,deferred: goal value already credited to the shooter,-0.8340828252501753,0.34026336377082644,0.0,8.72795031055901,8.23413084907966,0.823413084907966,0.020482912559899653,shooting+turnover+defense+goalie
003165,Aidan Carroll,WHP,1,A,attack,offensive_field,11,64.0,63.0,1.0,49.0,25.0,25.0,0.0,25.0,337.0,15.0,9.0,3.0,0.0,0.0,0.0,0,0,0,0.0,9.0,96,2.0,18.62297168348986,6.377028316510138,6.667794524761611,-0.2907662082514735,0.09964106744547091,18.963022508038584,-3.963022508038584,0.855760676661448,0.002539349188906374,,,,,1.5299026425591098,1.4700973574408902,0.3174474802527602,0.02885886184116002,"partial: caused turnovers only, relative to positional per-game average",,,,,deferred: no opportunity denominator; contexts not separable; overlaps faceoff value,1.264983819867971,,deferred: goal value already credited to the shooter,7.232788993171586,0.3174474802527602,0.0,0.0,7.550236473424346,0.6863851339476678,0.07864829659817027,shooting+turnover+defense
003106,Dalton Young,OUT,1,M,midfield,offensive_field,12,33.0,33.0,0.0,25.0,15.0,15.0,0.0,15.0,207.0,7.0,8.0,2.0,0.0,0.0,0.0,0,0,0,0.0,6.0,54,1.0,9.602583820362966,5.397416179637034,5.397416179637034,0.0,0.1635580660496071,11.64790996784566,-4.64790996784566,1.0036527854881327,0.0048485641811020904,,,,,1.6689847009735743,0.3310152990264257,0.07147824058671423,0.005956520048892852,"partial: caused turnovers only, relative to positional per-game average",,,,,deferred: no opportunity denominator; contexts not separable; overlaps faceoff value,1.124430062104863,,deferred: goal value already credited to the shooter,6.401068965125167,0.07147824058671423,0.0,0.0,6.472547205711881,0.5393789338093234,0.11986198529096076,shooting+turnover+defense
002006,Reid Bowering,ATL,1,M,midfield,offensive_field,9,25.0,25.0,0.0,22.0,13.0,13.0,0.0,13.0,128.0,5.0,20.0,1.0,0.0,0.0,0.0,0,0,0,0.0,5.0,67,2.0,7.274684712396186,5.725315287603814,5.725315287603814,0.0,0.22901261150415256,7.202572347266881,-2.202572347266881,0.4756154673534215,0.0037157458386986053,,,,,1.2517385257301807,-0.25173852573018074,-0.054359502294938106,-0.006039944699437567,"partial: caused turnovers only, relative to positional per-game average",,,,,deferred: no opportunity denominator; contexts not separable; overlaps faceoff value,2.8110751552621576,,deferred: goal value already credited to the shooter,6.200930754957235,-0.054359502294938106,0.0,0.0,6.146571252662297,0.682952361406922,0.09173986944272085,shooting+turnover+defense
003176,Emmet Carroll,WHP,1,G,goalie,goalie,8,3.0,0.0,3.0,0.0,0.0,0.0,0.0,0.0,136.0,0.0,15.0,2.0,0.0,0.0,108.0,207,184,23,89.0,0.0,340,0.0,0.8722986247544204,-0.8722986247544204,0.0,-0.8722986247544204,-0.2907662082514735,3.2683578104138853,-3.2683578104138853,0.7057573066360904,0.005189391960559488,,,,,1.9393939393939394,0.06060606060606055,0.013087052452724084,0.0016358815565905105,"partial: caused turnovers only, relative to positional per-game average",95.22095238095237,6.220952380952369,0.030052910052909994,,deferred: no opportunity denominator; contexts not separable; overlaps faceoff value,2.108306366446618,,deferred: goal value already credited to the shooter,-0.16654131811833006,0.013087052452724084,0.0,6.220952380952369,6.067498115286763,0.7584372644108454,0.01784558269201989,shooting+turnover+defense+goalie
000216,Marcus Holman,CAN,1,A,attack,offensive_field,10,55.0,36.0,19.0,34.0,14.0,9.0,5.0,19.0,376.0,11.0,24.0,4.0,0.0,0.0,0.0,0,0,0,0.0,5.0,104,2.0,16.000103942628503,2.9998960573714974,-1.4755459858505073,4.475442043222004,0.05454356467948177,21.157556270096464,-10.157556270096464,2.1933857830211076,0.005833472827183797,,,,,1.3908205841446453,2.6091794158553547,0.5634167199188062,0.056341671991880615,"partial: caused turnovers only, relative to positional per-game average",,,,,deferred: no opportunity denominator; contexts not separable; overlaps faceoff value,3.3732901863145894,,deferred: goal value already credited to the shooter,5.193281840392605,0.5634167199188062,0.0,0.0,5.756698560311412,0.5756698560311412,0.05535287077222511,shooting+turnover+defense
003168,Chris Kavanagh,RED,1,A,attack,offensive_field,12,94.0,84.0,10.0,59.0,27.0,25.0,2.0,29.0,454.0,13.0,24.0,5.0,0.0,0.0,0.0,0,0,0,0.0,13.0,163,1.0,27.350602716165916,1.6493972838340838,0.5570593663488168,1.0923379174852652,0.01754677961525621,25.54662379421222,-12.54662379421222,2.70927234104095,0.005967560222557159,,,,,1.6689847009735743,3.3310152990264257,0.719287336996557,0.05994061141637975,"partial: caused turnovers only, relative to positional per-game average",,,,,deferred: no opportunity denominator; contexts not separable; overlaps faceoff value,3.3732901863145894,,deferred: goal value already credited to the shooter,4.358669624875034,0.719287336996557,0.0,0.0,5.077956961871592,0.423163080155966,0.031153110195531238,shooting+turnover+defense
003178,Michael Grace,ATL,1,LSM,long_stick_midfield,defensive_field,10,7.0,3.0,4.0,5.0,4.0,2.0,2.0,6.0,69.0,1.0,22.0,7.0,0.0,0.0,0.0,0,0,0,0.0,4.0,40,2.0,2.036026998493436,3.963973001506564,1.1270378345124576,2.836935166994106,0.5662818573580806,3.3285714285714287,-2.3285714285714287,0.502823251022878,0.0072872934930851875,,,,,6.434540389972145,0.5654596100278546,0.12210329300946884,0.012210329300946884,"partial: caused turnovers only, relative to positional per-game average",,,,,deferred: no opportunity denominator; contexts not separable; overlaps faceoff value,3.0921826707883735,,deferred: goal value already credited to the shooter,4.466796252529442,0.12210329300946884,0.0,0.0,4.588899545538911,0.45888995455389114,0.11472248863847279,shooting+turnover+defense
003181,Jimmy Freehill,WAT,1,D,defense,defensive_field,11,9.0,0.0,9.0,7.0,3.0,0.0,3.0,6.0,79.0,2.0,16.0,10.0,0.0,0.0,0.0,0,0,0,0.0,0.0,28,3.0,2.6168958742632613,3.3831041257367387,0.0,3.3831041257367387,0.3759004584151932,3.8109730848861285,-1.8109730848861285,0.3910549459142094,0.00495006260650898,,,,,7.07799442896936,2.92200557103064,0.6309672628912951,0.05736066026284501,"partial: caused turnovers only, relative to positional per-game average",,,,,deferred: no opportunity denominator; contexts not separable; overlaps faceoff value,2.248860124209726,,deferred: goal value already credited to the shooter,3.7741590716509483,0.6309672628912951,0.0,0.0,4.405126334542244,0.4004660304129313,0.15732594051936585,shooting+turnover+defense
003027,Thomas McConvey,WAT,1,M,midfield,offensive_field,12,34.0,33.0,1.0,26.0,13.0,13.0,0.0,13.0,197.0,6.0,13.0,2.0,0.0,0.0,0.0,0,0,0,0.0,2.0,62,0.0,9.893350028614439,3.1066499713855613,3.397416179637034,-0.2907662082514735,0.09137205798192827,11.085209003215434,-5.085209003215434,1.0980815498093957,0.005574018019337034,,,,,1.6689847009735743,0.3310152990264257,0.07147824058671423,0.005956520048892852,"partial: caused turnovers only, relative to positional per-game average",,,,,deferred: no opportunity denominator; contexts not separable; overlaps faceoff value,1.8271988509204025,,deferred: goal value already credited to the shooter,4.204731521194957,0.07147824058671423,0.0,0.0,4.276209761781671,0.3563508134818059,0.06897112519002696,shooting+turnover+defense
003083,Jake Piseno,OUT,1,LSM,long_stick_midfield,defensive_field,12,16.0,4.0,12.0,7.0,5.0,2.0,3.0,8.0,99.0,7.0,38.0,14.0,0.0,0.0,0.0,0,0,0,0.0,4.0,72,0.0,4.653144053001071,3.3468559469989287,0.8360504460166103,2.5108055009823183,0.20917849668743305,4.7757763975155285,2.2242236024844715,-0.4802907607129702,-0.004851421825383537,,,,,7.7214484679665745,6.2785515320334255,1.355767598243069,0.11298063318692242,"partial: caused turnovers only, relative to positional per-game average",,,,,deferred: no opportunity denominator; contexts not separable; overlaps faceoff value,5.341042794998099,,deferred: goal value already credited to the shooter,2.8665651862859587,1.355767598243069,0.0,0.0,4.222332784529028,0.351861065377419,0.058643510896236505,shooting+turnover+defense
002032,Justin Inacio,CHA,1,FO,faceoff,faceoff,8,13.0,12.0,1.0,7.0,2.0,2.0,0.0,2.0,72.0,8.0,85.0,0.0,195.0,118.0,0.0,0,0,0,0.0,1.0,378,2.0,3.782614870201643,-1.7826148702016429,-1.4918486619501694,-0.2907662082514735,-0.13712422078474176,7.111111111111111,0.8888888888888893,-0.1919434359732868,-0.002665881055184539,96.7632241813602,21.2367758186398,6.60372873419698,0.03386527555998451,2.067415730337079,-2.067415730337079,-0.44643023872438603,-0.055803779840548254,"partial: caused turnovers only, relative to positional per-game average",,,,,deferred: no opportunity denominator; contexts not separable; overlaps faceoff value,11.94706940986417,,deferred: goal value already credited to the shooter,-1.9745583061749297,-0.44643023872438603,6.60372873419698,0.0,4.182740189297665,0.5228425236622081,0.011065450236237208,shooting+turnover+defense+faceoff
003081,Matt Brandau,WHP,1,M,midfield,offensive_field,11,64.0,63.0,1.0,44.0,22.0,22.0,0.0,22.0,268.0,13.0,18.0,2.0,0.0,0.0,0.0,0,0,0,0.0,3.0,95,1.0,18.62297168348986,3.3770283165101382,3.667794524761611,-0.2907662082514735,0.05276606744547091,15.080385852090032,-2.080385852090032,0.4492309596754214,0.0016762349241620203,,,,,1.5299026425591098,0.4700973574408902,0.10151111478281265,0.009228283162073877,"partial: caused turnovers only, relative to positional per-game average",,,,,deferred: no opportunity denominator; contexts not separable; overlaps faceoff value,2.529967639735942,,deferred: goal value already credited to the shooter,3.8262592761855596,0.10151111478281265,0.0,0.0,3.927770390968372,0.35707003554257927,0.0413449514838776,shooting+turnover+defense
003160,Andrew McAdorey,RED,1,M,midfield,offensive_field,12,53.0,49.0,4.0,32.0,19.0,18.0,1.0,20.0,316.0,17.0,18.0,3.0,20.0,6.0,0.0,0,0,0,0.0,9.0,127,3.0,15.421446869302418,4.578553130697582,3.741617963703476,0.8369351669941061,0.0863877949188223,17.781350482315112,-0.7813504823151121,0.16872198330931584,0.0005339303269282147,9.924433249370278,-3.924433249370278,-1.2203308466230456,-0.06101654233115228,1.6689847009735743,1.3310152990264257,0.2874146060566618,0.023951217171388484,"partial: caused turnovers only, relative to positional per-game average",,,,,deferred: no opportunity denominator; contexts not separable; overlaps faceoff value,2.529967639735942,,deferred: goal value already credited to the shooter,4.747275114006897,0.2874146060566618,-1.2203308466230456,0.0,3.8143588734405136,0.31786323945337613,0.030034321838114282,shooting+turnover+defense+faceoff
003075,Brennan O'Neill,OUT,1,A,attack,offensive_field,12,109.0,93.0,16.0,63.0,30.0,26.0,4.0,34.0,433.0,18.0,19.0,1.0,0.0,0.0,0.0,0,0,0,0.0,9.0,167,0.0,31.714086462137388,2.285913537862612,-1.0618271301138122,3.3477406679764243,0.020971683833601946,24.364951768488744,-6.364951768488744,1.3744245512789746,0.003174190649605022,,,,,1.6689847009735743,-0.6689847009735743,-0.14445812488323334,-0.012038177073602779,"partial: caused turnovers only, relative to positional per-game average",,,,,deferred: no opportunity denominator; contexts not separable; overlaps faceoff value,2.6705213974990496,,deferred: goal value already credited to the shooter,3.660338089141587,-0.14445812488323334,0.0,0.0,3.5158799642583536,0.29298999702152945,0.021053173438672777,shooting+turnover+defense
003090,Dyson Williams,ARC,1,M,midfield,offensive_field,10,28.0,27.0,1.0,23.0,12.0,12.0,0.0,12.0,76.0,6.0,5.0,0.0,0.0,0.0,0.0,0,0,0,0.0,1.0,35,0.0,8.147425697639354,3.8525743023606456,4.143340510612119,-0.2907662082514735,0.13759193937002306,4.276527331189711,1.723472668810289,-0.37216042408968447,-0.004896847685390585,,,,,1.3908205841446453,-1.3908205841446453,-0.3003287419609841,-0.03003287419609841,"partial: caused turnovers only, relative to positional per-game average",,,,,deferred: no opportunity denominator; contexts not separable; overlaps faceoff value,0.7027687888155394,,deferred: goal value already credited to the shooter,3.4804138782709613,-0.3003287419609841,0.0,0.0,3.180085136309977,0.3180085136309977,0.0908595753231422,shooting+turnover+defense
003013,Matt Campbell,CAN,1,M,midfield,offensive_field,10,63.0,48.0,15.0,43.0,18.0,16.0,2.0,20.0,280.0,8.0,6.0,0.0,0.0,0.0,0.0,0,0,0,0.0,8.0,93,0.0,18.32888777157278,1.6711122284272193,2.0326053521993224,-0.3614931237721022,0.02652559092741618,15.755627009646302,-7.755627009646302,1.6747219084035805,0.005981149672869931,,,,,1.3908205841446453,-1.3908205841446453,-0.3003287419609841,-0.03003287419609841,"partial: caused turnovers only, relative to positional per-game average",,,,,deferred: no opportunity denominator; contexts not separable; overlaps faceoff value,0.8433225465786474,,deferred: goal value already credited to the shooter,3.3458341368308,-0.3003287419609841,0.0,0.0,3.045505394869816,0.3045505394869816,0.032747369837309845,shooting+turnover+defense
000240,Kieran McArdle,WAT,1,A,attack,offensive_field,12,70.0,70.0,0.0,54.0,25.0,25.0,0.0,25.0,342.0,25.0,15.0,0.0,0.0,0.0,0.0,0,0,0,0.0,14.0,124,1.0,20.36911719470932,4.630882805290678,4.630882805290678,0.0,0.06615546864700969,19.244372990353696,5.755627009646304,-1.2428491774636856,-0.0036340619224084375,,,,,1.6689847009735743,-1.6689847009735743,-0.3603944903531809,-0.030032874196098406,"partial: caused turnovers only, relative to positional per-game average",,,,,deferred: no opportunity denominator; contexts not separable; overlaps faceoff value,2.108306366446618,,deferred: goal value already credited to the shooter,3.3880336278269927,-0.3603944903531809,0.0,0.0,3.0276391374738116,0.25230326145615095,0.024416444657046867,shooting+turnover+defense
003179,Ben Wayer,WAT,1,LSM,long_stick_midfield,defensive_field,12,16.0,7.0,9.0,9.0,5.0,2.0,3.0,8.0,89.0,6.0,31.0,7.0,0.0,0.0,0.0,0,0,0,0.0,3.0,72,3.0,4.653807593734193,3.346192406265807,-0.03691171947093208,3.3831041257367387,0.20913702539161294,4.293374741200829,1.7066252587991713,-0.3685224556043017,-0.00414070174836294,,,,,7.7214484679665745,-0.7214484679665745,-0.15578696004656398,-0.012982246670546998,"partial: caused turnovers only, relative to positional per-game average",,,,,deferred: no opportunity denominator; contexts not separable; overlaps faceoff value,4.357166490656344,,deferred: goal value already credited to the shooter,2.977669950661505,-0.15578696004656398,0.0,0.0,2.821882990614941,0.23515691588457843,0.039192819314096405,shooting+turnover+defense
001397,Michael Rexrode,ATL,1,D,defense,defensive_field,12,2.0,0.0,2.0,1.0,1.0,0.0,1.0,2.0,69.0,2.0,17.0,12.0,0.0,0.0,0.0,0,0,0,0.0,1.0,25,3.0,0.581532416502947,1.418467583497053,0.0,1.418467583497053,0.7092337917485265,3.3285714285714287,-1.3285714285714287,0.2868868855529304,0.00415778095004247,,,,,7.7214484679665745,4.2785515320334255,0.9238948673031738,0.07699123894193115,"partial: caused turnovers only, relative to positional per-game average",,,,,deferred: no opportunity denominator; contexts not separable; overlaps faceoff value,2.389413881972834,,deferred: goal value already credited to the shooter,1.7053544690499836,0.9238948673031738,0.0,0.0,2.6292493363531575,0.21910411136276312,0.1051699734541263,shooting+turnover+defense
003082,Mason Woodward,ARC,1,LSM,long_stick_midfield,defensive_field,10,11.0,1.0,10.0,7.0,3.0,0.0,3.0,6.0,73.0,4.0,23.0,6.0,0.0,0.0,0.0,0,0,0,0.0,2.0,50,4.0,3.198649471010582,2.801350528989418,-0.29098738849584743,3.092337917485265,0.2546682299081289,3.5215320910973085,0.47846790890269153,-0.10331862124245318,-0.0014153235786637422,,,,,6.434540389972145,-0.4345403899721454,-0.09383307246047873,-0.009383307246047874,"partial: caused turnovers only, relative to positional per-game average",,,,,deferred: no opportunity denominator; contexts not separable; overlaps faceoff value,3.2327364285514815,,deferred: goal value already credited to the shooter,2.6980319077469646,-0.09383307246047873,0.0,0.0,2.604198835286486,0.2604198835286486,0.05208397670572972,shooting+turnover+defense
003166,Owen Hiltz,CHA,1,A,attack,offensive_field,8,53.0,51.0,2.0,38.0,18.0,18.0,0.0,18.0,235.0,16.0,11.0,3.0,0.0,0.0,0.0,0,0,0,0.0,13.0,90,1.0,15.421889229791166,2.578110770208834,3.159643186711781,-0.581532416502947,0.04864359943790253,13.22347266881029,2.77652733118971,-0.5995532205250794,-0.002551290300106721,,,,,1.1126564673157162,1.8873435326842838,0.40754610284105547,0.050943262855131934,"partial: caused turnovers only, relative to positional per-game average",,,,,deferred: no opportunity denominator; contexts not separable; overlaps faceoff value,1.5460913353941867,,deferred: goal value already credited to the shooter,1.9785575496837549,0.40754610284105547,0.0,0.0,2.3861036525248105,0.2982629565656013,0.026512262805831226,shooting+turnover+defense
003159,CJ Kirst,WAT,1,A,attack,offensive_field,6,47.0,45.0,2.0,32.0,15.0,15.0,0.0,15.0,175.0,6.0,12.0,1.0,0.0,0.0,0.0,0,0,0,0.0,6.0,81,1.0,13.675964898816082,1.3240351011839184,1.9055675176868654,-0.581532416502947,0.02817095959965784,9.847266881028938,-3.847266881028938,0.8307648272822901,0.004747227584470229,,,,,0.8344923504867872,0.16550764951321284,0.035739120293357116,0.005956520048892852,"partial: caused turnovers only, relative to positional per-game average",,,,,deferred: no opportunity denominator; contexts not separable; overlaps faceoff value,1.6866450931572947,,deferred: goal value already credited to the shooter,2.1547999284662085,0.035739120293357116,0.0,0.0,2.1905390487595655,0.36508984145992757,0.027043691959994638,shooting+turnover+defense
002022,Zach Geddes,OUT,1,SSDM,defensive_midfield,defensive_field,12,10.0,9.0,1.0,8.0,4.0,3.0,1.0,5.0,105.0,4.0,21.0,9.0,3.0,0.0,0.0,0,0,0,0.0,1.0,48,3.0,2.9096527047141003,2.0903472952858997,0.38111350353737317,1.7092337917485265,0.20903472952858998,5.065217391304348,-1.0652173913043477,0.23001917191363977,0.0021906587801299024,1.4886649874055415,-1.4886649874055415,-0.462911123462272,-0.15430370782075734,7.7214484679665745,1.2785515320334255,0.27608577089333114,0.02300714757444426,"partial: caused turnovers only, relative to positional per-game average",,,,,deferred: no opportunity denominator; contexts not separable; overlaps faceoff value,2.9516289130252655,,deferred: goal value already credited to the shooter,2.3203664671995394,0.27608577089333114,-0.462911123462272,0.0,2.1335411146305985,0.17779509288588322,0.044448773221470804,shooting+turnover+defense+faceoff
000390,Brad Smith,WHP,1,M,midfield,offensive_field,11,50.0,33.0,17.0,26.0,11.0,6.0,5.0,16.0,290.0,14.0,10.0,1.0,0.0,0.0,0.0,0,0,0,0.0,2.0,70,1.0,14.545609360638014,1.4543906393619856,-3.602583820362966,5.056974459724951,0.029087812787239712,16.318327974276528,-2.318327974276528,0.5006113167325795,0.0017262459197675156,,,,,1.5299026425591098,-0.5299026425591098,-0.11442525068713492,-0.010402295517012265,"partial: caused turnovers only, relative to positional per-game average",,,,,deferred: no opportunity denominator; contexts not separable; overlaps faceoff value,1.4055375776310788,,deferred: goal value already credited to the shooter,1.955001956094565,-0.11442525068713492,0.0,0.0,1.8405767054074302,0.16732515503703912,0.02629395293439186,shooting+turnover+defense
003077,Ajax Zappitello,WHP,1,D,defense,defensive_field,11,3.0,3.0,0.0,0.0,0.0,0.0,0.0,0.0,108.0,4.0,21.0,18.0,0.0,0.0,0.0,0,0,0,0.0,1.0,30,1.0,0.8729621654875424,-0.8729621654875424,-0.8729621654875424,0.0,-0.29098738849584743,5.209937888198758,-1.2099378881987581,0.2612695900220236,0.0024191628705742927,,,,,7.07799442896936,10.92200557103064,2.358458186650876,0.21440528969553416,"partial: caused turnovers only, relative to positional per-game average",,,,,deferred: no opportunity denominator; contexts not separable; overlaps faceoff value,2.9516289130252655,,deferred: goal value already credited to the shooter,-0.6116925754655187,2.358458186650876,0.0,0.0,1.7467656111853571,0.15879687374412338,0.05822552037284524,shooting+turnover+defense
001827,Jared Bernhardt,OUT,1,M,midfield,offensive_field,11,63.0,62.0,1.0,38.0,21.0,21.0,0.0,21.0,282.0,19.0,11.0,0.0,0.0,0.0,0.0,0,0,0,0.0,5.0,96,3.0,18.33198429499401,2.6680157050059883,2.958781913257461,-0.2907662082514735,0.04234945563501569,15.868167202572348,3.131832797427652,-0.6762765915361058,-0.002398143941617396,,,,,1.5299026425591098,-1.5299026425591098,-0.3303616161570825,-0.030032874196098406,"partial: caused turnovers only, relative to positional per-game average",,,,,deferred: no opportunity denominator; contexts not separable; overlaps faceoff value,1.5460913353941867,,deferred: goal value already credited to the shooter,1.9917391134698825,-0.3303616161570825,0.0,0.0,1.6613774973128002,0.15103431793752728,0.017306015597008336,shooting+turnover+defense
001001,Dylan Molloy,RED,1,A,attack,offensive_field,12,100.0,96.0,4.0,59.0,30.0,29.0,1.0,31.0,336.0,21.0,18.0,2.0,0.0,0.0,0.0,0,0,0,0.0,6.0,136,3.0,29.09785412860725,1.9021458713927508,1.0652107043986447,0.8369351669941061,0.01902145871392751,18.906752411575564,2.093247588424436,-0.4520082762731054,-0.0013452627270032899,,,,,1.6689847009735743,0.3310152990264257,0.07147824058671423,0.005956520048892852,"partial: caused turnovers only, relative to positional per-game average",,,,,deferred: no opportunity denominator; contexts not separable; overlaps faceoff value,2.529967639735942,,deferred: goal value already credited to the shooter,1.4501375951196454,0.07147824058671423,0.0,0.0,1.5216158357063596,0.12680131964219662,0.011188351733134996,shooting+turnover+defense
003089,Kenny Brower,WAT,1,D,defense,defensive_field,10,1.0,0.0,1.0,1.0,0.0,0.0,0.0,0.0,57.0,0.0,17.0,12.0,0.0,0.0,0.0,0,0,0,0.0,1.0,24,4.0,0.2907662082514735,-0.2907662082514735,0.0,-0.2907662082514735,-0.2907662082514735,2.749689440993789,-2.749689440993789,0.5937579440592907,0.010416806036127907,,,,,6.434540389972145,5.565459610027855,1.2017851203592067,0.12017851203592067,"partial: caused turnovers only, relative to positional per-game average",,,,,deferred: no opportunity denominator; contexts not separable; overlaps faceoff value,2.389413881972834,,deferred: goal value already credited to the shooter,0.30299173580781724,1.2017851203592067,0.0,0.0,1.504776856167024,0.1504776856167024,0.062699035673626,shooting+turnover+defense
001817,Jack Kielty,CAN,1,D,defense,defensive_field,10,1.0,1.0,0.0,0.0,0.0,0.0,0.0,0.0,56.0,0.0,7.0,12.0,0.0,0.0,0.0,0,0,0,0.0,0.0,9,1.0,0.29098738849584743,-0.29098738849584743,-0.29098738849584743,0.0,-0.29098738849584743,2.701449275362319,-2.701449275362319,0.5833411380231628,0.010416806036127907,,,,,6.434540389972145,5.565459610027855,1.2017851203592067,0.12017851203592067,"partial: caused turnovers only, relative to positional per-game average",,,,,deferred: no opportunity denominator; contexts not separable; overlaps faceoff value,0.9838763043417552,,deferred: goal value already credited to the shooter,0.29235374952731535,1.2017851203592067,0.0,0.0,1.4941388698865221,0.1494138869886522,0.16601542998739136,shooting+turnover+defense
001828,Justin Anderson,OUT,1,M,midfield,offensive_field,12,32.0,29.0,3.0,18.0,11.0,11.0,0.0,11.0,172.0,12.0,16.0,3.0,0.0,0.0,0.0,0,0,0,0.0,1.0,56,1.0,9.310932891133994,1.6890671088660056,2.561365733620425,-0.8722986247544204,0.052783347152062676,9.678456591639872,2.321543408360128,-0.5013056458820003,-0.002914567708616281,,,,,1.6689847009735743,1.3310152990264257,0.2874146060566618,0.023951217171388484,"partial: caused turnovers only, relative to positional per-game average",,,,,deferred: no opportunity denominator; contexts not separable; overlaps faceoff value,2.248860124209726,,deferred: goal value already credited to the shooter,1.1877614629840054,0.2874146060566618,0.0,0.0,1.4751760690406672,0.12293133908672227,0.02634242980429763,shooting+turnover+defense
003078,Shane Knobloch,CHA,1,M,midfield,offensive_field,5,30.0,28.0,2.0,19.0,9.0,8.0,1.0,10.0,115.0,5.0,4.0,0.0,0.0,0.0,0.0,0,0,0,0.0,4.0,52,0.0,8.729179294386675,1.2708207056133247,-0.14764687788372832,1.418467583497053,0.042360690187110826,6.471061093247588,-1.471061093247588,0.3176555858601318,0.0027622224857402765,,,,,0.6954102920723226,-0.6954102920723226,-0.15016437098049204,-0.03003287419609841,"partial: caused turnovers only, relative to positional per-game average",,,,,deferred: no opportunity denominator; contexts not separable; overlaps faceoff value,0.5622150310524315,,deferred: goal value already credited to the shooter,1.5884762914734565,-0.15016437098049204,0.0,0.0,1.4383119204929644,0.2876623840985929,0.0276598446248647,shooting+turnover+defense
003008,Gavin Adler,ATL,1,D,defense,defensive_field,12,0.0,0.0,0.0,0.0,0.0,0.0,0.0,0.0,70.0,4.0,13.0,15.0,0.0,0.0,0.0,0,0,0,0.0,0.0,15,1.0,0.0,0.0,0.0,0.0,,3.376811594202899,0.6231884057971011,-0.1345690393508368,-0.0019224148478690973,,,,,7.7214484679665745,7.2785515320334255,1.5717039637130166,0.13097533030941805,"partial: caused turnovers only, relative to positional per-game average",,,,,deferred: no opportunity denominator; contexts not separable; overlaps faceoff value,1.8271988509204025,,deferred: goal value already credited to the shooter,-0.1345690393508368,1.5717039637130166,0.0,0.0,1.4371349243621798,0.11976124369684832,0.09580899495747866,shooting+turnover+defense
000302,Michael Manley,OUT,1,D,defense,defensive_field,12,9.0,4.0,5.0,6.0,3.0,2.0,1.0,4.0,80.0,5.0,20.0,9.0,0.0,0.0,0.0,0,0,0,0.0,1.0,35,4.0,2.617780595240757,1.382219404759243,0.8360504460166103,0.5461689587426326,0.1535799338621381,3.8592132505175987,1.1407867494824013,-0.24633734445950534,-0.003079216805743817,,,,,7.7214484679665745,1.2785515320334255,0.27608577089333114,0.02300714757444426,"partial: caused turnovers only, relative to positional per-game average",,,,,deferred: no opportunity denominator; contexts not separable; overlaps faceoff value,2.8110751552621576,,deferred: goal value already credited to the shooter,1.1358820602997377,0.27608577089333114,0.0,0.0,1.4119678311930688,0.11766398593275573,0.04034193803408768,shooting+turnover+defense
003174,Sam King,ARC,1,A,attack,offensive_field,10,39.0,37.0,2.0,22.0,13.0,12.0,1.0,14.0,223.0,20.0,9.0,3.0,0.0,0.0,0.0,0,0,0,0.0,10.0,76,2.0,11.348065790849303,2.6519342091506974,1.2334666256536444,1.418467583497053,0.06799831305514609,12.54823151125402,7.45176848874598,-1.6091078037832909,-0.007215730061808479,,,,,1.3908205841446453,1.6091794158553547,0.3474803544488586,0.03474803544488586,"partial: caused turnovers only, relative to positional per-game average",,,,,deferred: no opportunity denominator; contexts not separable; overlaps faceoff value,1.264983819867971,,deferred: goal value already credited to the shooter,1.0428264053674066,0.3474803544488586,0.0,0.0,1.3903067598162653,0.13903067598162652,0.018293509997582436,shooting+turnover+defense
001826,Jeff Trainor,CAN,1,SSDM,defensive_midfield,defensive_field,10,15.0,13.0,2.0,10.0,6.0,6.0,0.0,6.0,88.0,3.0,14.0,4.0,0.0,0.0,0.0,0,0,0,0.0,0.0,38,3.0,4.364368466948964,1.6356315330510363,2.217163949553983,-0.581532416502947,0.10904210220340242,4.245134575569359,-1.2451345755693586,0.26886983476941306,0.003055339031470603,,,,,6.434540389972145,-2.4345403899721454,-0.5257058034003739,-0.052570580340037386,"partial: caused turnovers only, relative to positional per-game average",,,,,deferred: no opportunity denominator; contexts not separable; overlaps faceoff value,1.9677526086835104,,deferred: goal value already credited to the shooter,1.9045013678204494,-0.5257058034003739,0.0,0.0,1.3787955644200756,0.13787955644200756,0.03628409380052831,shooting+turnover+defense
003184,Ben Ramsey,CAN,1,SSDM,defensive_midfield,defensive_field,10,5.0,4.0,1.0,5.0,2.0,1.0,1.0,3.0,94.0,2.0,26.0,3.0,0.0,0.0,0.0,0,0,0,0.0,3.0,52,3.0,1.4547157622348632,1.5452842377651368,-0.16394955398338973,1.7092337917485265,0.30905684755302737,4.534575569358179,-2.5345755693581786,0.5473070364561281,0.005822415281448171,,,,,6.434540389972145,-3.4345403899721454,-0.7416421688703214,-0.07416421688703215,"partial: caused turnovers only, relative to positional per-game average",,,,,deferred: no opportunity denominator; contexts not separable; overlaps faceoff value,3.654397701840805,,deferred: goal value already credited to the shooter,2.092591274221265,-0.7416421688703214,0.0,0.0,1.3509491053509435,0.13509491053509434,0.025979790487518143,shooting+turnover+defense
000315,Garrett Epple,CAN,1,D,defense,defensive_field,10,2.0,0.0,2.0,0.0,0.0,0.0,0.0,0.0,74.0,1.0,14.0,12.0,0.0,0.0,0.0,0,0,0,0.0,0.0,19,2.0,0.581532416502947,-0.581532416502947,0.0,-0.581532416502947,-0.2907662082514735,3.5697722567287786,-2.5697722567287786,0.5549072812035175,0.007498747043290777,,,,,6.434540389972145,5.565459610027855,1.2017851203592067,0.12017851203592067,"partial: caused turnovers only, relative to positional per-game average",,,,,deferred: no opportunity denominator; contexts not separable; overlaps faceoff value,1.9677526086835104,,deferred: goal value already credited to the shooter,-0.026625135299429448,1.2017851203592067,0.0,0.0,1.1751599850597771,0.11751599850597771,0.06185052552946196,shooting+turnover+defense
003023,Owen Grant,CAN,1,LSM,long_stick_midfield,defensive_field,10,10.0,4.0,6.0,7.0,2.0,1.0,1.0,3.0,49.0,2.0,16.0,11.0,0.0,0.0,0.0,0,0,0,0.0,2.0,36,2.0,2.9085468034922304,0.09145319650776962,-0.16394955398338973,0.2554027504911591,0.009145319650776963,2.363768115942029,-0.3637681159420292,0.07855076483037228,0.0016030768332729037,,,,,6.434540389972145,4.565459610027855,0.9858487548892592,0.09858487548892592,"partial: caused turnovers only, relative to positional per-game average",,,,,deferred: no opportunity denominator; contexts not separable; overlaps faceoff value,2.248860124209726,,deferred: goal value already credited to the shooter,0.17000396133814188,0.9858487548892592,0.0,0.0,1.155852716227401,0.1155852716227401,0.032107019895205584,shooting+turnover+defense
001810,Michael Sowers,WAT,1,A,attack,offensive_field,12,73.0,72.0,1.0,57.0,24.0,24.0,0.0,24.0,367.0,27.0,8.0,0.0,0.0,0.0,0.0,0,0,0,0.0,27.0,155,0.0,21.241858179952487,2.7581418200475127,3.0489080282989853,-0.2907662082514735,0.03778276465818511,20.65112540192926,6.34887459807074,-1.3709529055318699,-0.0037355665000868388,,,,,1.6689847009735743,-1.6689847009735743,-0.3603944903531809,-0.030032874196098406,"partial: caused turnovers only, relative to positional per-game average",,,,,deferred: no opportunity denominator; contexts not separable; overlaps faceoff value,1.124430062104863,,deferred: goal value already credited to the shooter,1.3871889145156429,-0.3603944903531809,0.0,0.0,1.026794424162462,0.0855662020135385,0.0066244801558868515,shooting+turnover+defense
002017,Arden Cohen,RED,1,LSM,long_stick_midfield,defensive_field,8,0.0,0.0,0.0,0.0,0.0,0.0,0.0,0.0,32.0,3.0,18.0,11.0,0.0,0.0,0.0,0,0,0,0.0,0.0,24,6.0,0.0,0.0,0.0,0.0,,1.5436853002070394,1.4563146997929606,-0.3144713032537497,-0.009827228226679679,,,,,5.147632311977716,5.852367688022284,1.263739007945292,0.1579673759931615,"partial: caused turnovers only, relative to positional per-game average",,,,,deferred: no opportunity denominator; contexts not separable; overlaps faceoff value,2.529967639735942,,deferred: goal value already credited to the shooter,-0.3144713032537497,1.263739007945292,0.0,0.0,0.9492677046915422,0.11865846308644278,0.03955282102881426,shooting+turnover+defense
000269,Jarrod Neumann,CHA,1,D,defense,defensive_field,11,6.0,0.0,6.0,4.0,2.0,0.0,2.0,4.0,82.0,5.0,14.0,2.0,0.0,0.0,0.0,0,0,0,0.0,0.0,23,2.0,1.7445972495088409,2.255402750491159,0.0,2.255402750491159,0.3759004584151932,3.9556935817805385,1.0443064182194615,-0.22550373238724955,-0.0027500455169176775,,,,,7.07799442896936,-5.07799442896936,-1.0965236608682853,-0.09968396916984412,"partial: caused turnovers only, relative to positional per-game average",,,,,deferred: no opportunity denominator; contexts not separable; overlaps faceoff value,1.9677526086835104,,deferred: goal value already credited to the shooter,2.0298990181039094,-1.0965236608682853,0.0,0.0,0.933375357235624,0.08485230520323855,0.04058153727111409,shooting+turnover+defense
000727,CJ Costabile,ATL,1,UNK,unknown,unknown,1,1.0,1.0,0.0,1.0,1.0,1.0,0.0,1.0,4.0,0.0,2.0,0.0,0.0,0.0,0.0,0,0,0,0.0,0.0,4,0.0,0.29098738849584743,0.7090126115041526,0.7090126115041526,0.0,0.7090126115041526,0.5,-0.5,0.10796818273497379,0.026992045683743447,,,,,0.0,0.0,0.0,0.0,"partial: caused turnovers only, relative to positional per-game average",,,,,deferred: no opportunity denominator; contexts not separable; overlaps faceoff value,0.28110751552621577,,deferred: goal value already credited to the shooter,0.8169807942391264,0.0,0.0,0.0,0.8169807942391264,0.8169807942391264,0.2042451985597816,shooting+turnover+defense
003188,Bryce Ford,ARC,1,M,midfield,offensive_field,3,4.0,4.0,0.0,3.0,2.0,2.0,0.0,2.0,22.0,1.0,2.0,0.0,0.0,0.0,0.0,0,0,0,0.0,0.0,8,0.0,1.1639495539833897,0.8360504460166103,0.8360504460166103,0.0,0.20901261150415257,1.2379421221864952,-0.23794212218649524,0.05138035705715796,0.0023354707753253617,,,,,0.4172461752433936,-0.4172461752433936,-0.09009862258829522,-0.030032874196098406,"partial: caused turnovers only, relative to positional per-game average",,,,,deferred: no opportunity denominator; contexts not separable; overlaps faceoff value,0.28110751552621577,,deferred: goal value already credited to the shooter,0.8874308030737682,-0.09009862258829522,0.0,0.0,0.7973321804854729,0.26577739349515767,0.09966652256068412,shooting+turnover+defense
001406,Ben Randall,WAT,1,D,defense,defensive_field,12,5.0,3.0,2.0,4.0,1.0,1.0,0.0,1.0,113.0,7.0,27.0,15.0,0.0,0.0,0.0,0,0,0,0.0,1.0,34,0.0,1.4544945819904893,-0.4544945819904893,0.12703783451245765,-0.581532416502947,-0.09089891639809786,5.451138716356108,1.548861283643892,-0.3344554762071796,-0.002959782975284775,,,,,7.7214484679665745,7.2785515320334255,1.5717039637130166,0.13097533030941805,"partial: caused turnovers only, relative to positional per-game average",,,,,deferred: no opportunity denominator; contexts not separable; overlaps faceoff value,3.794951459603913,,deferred: goal value already credited to the shooter,-0.788950058197669,1.5717039637130166,0.0,0.0,0.7827539055153476,0.06522949212627897,0.023022173691627873,shooting+turnover+defense
000221,Ryan Ambler,ARC,1,M,midfield,offensive_field,9,19.0,18.0,1.0,11.0,7.0,7.0,0.0,7.0,107.0,8.0,4.0,0.0,0.0,0.0,0.0,0,0,0,0.0,1.0,26,0.0,5.528539201176727,1.4714607988232729,1.7622270070747463,-0.2907662082514735,0.07744530520122489,6.020900321543408,1.979099678456592,-0.4273595914686584,-0.003994014873538863,,,,,1.2517385257301807,-1.2517385257301807,-0.2702958677648857,-0.03003287419609841,"partial: caused turnovers only, relative to positional per-game average",,,,,deferred: no opportunity denominator; contexts not separable; overlaps faceoff value,0.5622150310524315,,deferred: goal value already credited to the shooter,1.0441012073546145,-0.2702958677648857,0.0,0.0,0.7738053395897289,0.08597837106552543,0.029761743830374186,shooting+turnover+defense
000281,Troy Reh,CHA,1,LSM,long_stick_midfield,defensive_field,11,4.0,2.0,2.0,1.0,1.0,1.0,0.0,1.0,127.0,6.0,42.0,11.0,0.0,0.0,0.0,0,0,0,0.0,0.0,59,2.0,1.1635071934946417,-0.1635071934946417,0.41802522300830514,-0.581532416502947,-0.04087679837366043,6.1265010351966875,-0.12650103519668754,0.027316173768558622,0.00021508798242959545,,,,,7.07799442896936,3.92200557103064,0.8469036283612427,0.07699123894193115,"partial: caused turnovers only, relative to positional per-game average",,,,,deferred: no opportunity denominator; contexts not separable; overlaps faceoff value,5.903257826050531,,deferred: goal value already credited to the shooter,-0.13619101972608308,0.8469036283612427,0.0,0.0,0.7107126086351596,0.06461023714865087,0.012045976417545078,shooting+turnover+defense
000922,Graeme Hossack,ARC,1,D,defense,defensive_field,10,8.0,4.0,4.0,4.0,1.0,1.0,0.0,1.0,80.0,2.0,24.0,14.0,0.0,0.0,0.0,0,0,0,0.0,0.0,36,2.0,2.3270143869892834,-1.3270143869892834,-0.16394955398338973,-1.163064833005894,-0.16587679837366043,3.8592132505175987,-1.8592132505175987,0.40147175195033735,0.0050183968993792166,,,,,6.434540389972145,7.565459610027855,1.6336578512991018,0.16336578512991018,"partial: caused turnovers only, relative to positional per-game average",,,,,deferred: no opportunity denominator; contexts not separable; overlaps faceoff value,3.3732901863145894,,deferred: goal value already credited to the shooter,-0.9255426350389461,1.6336578512991018,0.0,0.0,0.7081152162601557,0.07081152162601557,0.01966986711833766,shooting+turnover+defense
003212,Ray Dearth,CHA,1,SSDM,defensive_midfield,defensive_field,9,4.0,3.0,1.0,3.0,2.0,1.0,1.0,3.0,49.0,1.0,10.0,2.0,4.0,0.0,0.0,0,0,0,0.0,2.0,29,1.0,1.1637283737390158,1.8362716262609842,0.12703783451245765,1.7092337917485265,0.45906790656524604,2.363768115942029,-1.3637681159420292,0.29448713030031987,0.006009941434700405,1.9848866498740554,-1.9848866498740554,-0.6172148312830293,-0.15430370782075734,5.791086350974931,-3.791086350974931,-0.8186334078122526,-0.09095926753469473,"partial: caused turnovers only, relative to positional per-game average",,,,,deferred: no opportunity denominator; contexts not separable; overlaps faceoff value,1.4055375776310788,,deferred: goal value already credited to the shooter,2.130758756561304,-0.8186334078122526,-0.6172148312830293,0.0,0.6949105174660221,0.0772122797184469,0.02396243163675938,shooting+turnover+defense+faceoff
000227,Will Manny,CAN,1,A,attack,offensive_field,5,23.0,23.0,0.0,16.0,7.0,7.0,0.0,7.0,94.0,5.0,4.0,2.0,0.0,0.0,0.0,0,0,0,0.0,3.0,37,1.0,6.6927099354044906,0.30729006459550945,0.30729006459550945,0.0,0.013360437591109107,5.289389067524116,-0.289389067524116,0.06248962344789484,0.000664783228169094,,,,,0.6954102920723226,1.3045897079276774,0.2817083599594031,0.056341671991880615,"partial: caused turnovers only, relative to positional per-game average",,,,,deferred: no opportunity denominator; contexts not separable; overlaps faceoff value,0.5622150310524315,,deferred: goal value already credited to the shooter,0.3697796880434043,0.2817083599594031,0.0,0.0,0.6514880480028074,0.13029760960056147,0.017607785081156957,shooting+turnover+defense
003173,Jack McDonald,WHP,1,LSM,long_stick_midfield,defensive_field,5,3.0,2.0,1.0,2.0,2.0,2.0,0.0,2.0,19.0,1.0,5.0,1.0,0.0,0.0,0.0,0,0,0,0.0,0.0,11,0.0,0.8727409852431683,1.1272590147568318,1.4180252230083052,-0.2907662082514735,0.3757530049189439,0.9165631469979296,0.08343685300207038,-0.018017050783517362,-0.0009482658307114401,,,,,3.2172701949860727,-2.2172701949860727,-0.47878926717013454,-0.0957578534340269,"partial: caused turnovers only, relative to positional per-game average",,,,,deferred: no opportunity denominator; contexts not separable; overlaps faceoff value,0.7027687888155394,,deferred: goal value already credited to the shooter,1.1092419639733144,-0.47878926717013454,0.0,0.0,0.6304526968031798,0.12609053936063597,0.057313881527561804,shooting+turnover+defense
003109,Chris Conlin,RED,1,D,defense,defensive_field,12,0.0,0.0,0.0,0.0,0.0,0.0,0.0,0.0,89.0,1.0,31.0,7.0,0.0,0.0,0.0,0,0,0,0.0,0.0,34,2.0,0.0,0.0,0.0,0.0,,4.293374741200829,-3.2933747412008287,0.7111593717454362,0.007990554738712767,,,,,7.7214484679665745,-0.7214484679665745,-0.15578696004656398,-0.012982246670546998,"partial: caused turnovers only, relative to positional per-game average",,,,,deferred: no opportunity denominator; contexts not separable; overlaps faceoff value,4.357166490656344,,deferred: goal value already credited to the shooter,0.7111593717454362,-0.15578696004656398,0.0,0.0,0.5553724116988722,0.04628103430823935,0.016334482697025653,shooting+turnover+defense
003105,Cole Kastner,RED,1,D,defense,defensive_field,8,0.0,0.0,0.0,0.0,0.0,0.0,0.0,0.0,35.0,1.0,7.0,7.0,0.0,0.0,0.0,0,0,0,0.0,0.0,9,0.0,0.0,0.0,0.0,0.0,,1.6884057971014494,-0.6884057971014494,0.14865184579452917,0.004247195594129405,,,,,5.147632311977716,1.8523676880222837,0.3999935460655017,0.04999919325818771,"partial: caused turnovers only, relative to positional per-game average",,,,,deferred: no opportunity denominator; contexts not separable; overlaps faceoff value,0.9838763043417552,,deferred: goal value already credited to the shooter,0.14865184579452917,0.3999935460655017,0.0,0.0,0.5486453918600309,0.06858067398250386,0.06096059909555899,shooting+turnover+defense
003103,Scott Smith,CHA,2,D,defense,defensive_field,8,12.0,6.0,6.0,8.0,2.0,1.0,1.0,3.0,40.0,0.0,13.0,8.0,0.0,0.0,0.0,0,0,0,0.0,0.0,31,1.0,3.4905215804839256,-0.4905215804839256,-0.7459243309750847,0.2554027504911591,-0.04087679837366046,1.9296066252587993,-1.9296066252587993,0.4166722414451163,0.010416806036127907,,,,,5.147632311977716,2.8523676880222837,0.6159299115354493,0.07699123894193116,"partial: caused turnovers only, relative to positional per-game average",,,,,deferred: no opportunity denominator; contexts not separable; overlaps faceoff value,1.8271988509204025,,deferred: goal value already credited to the shooter,-0.0738493390388093,0.6159299115354493,0.0,0.0,0.54208057249664,0.06776007156208,0.017486470080536772,shooting+turnover+defense
000815,Austin Kaut,CHA,1,G,goalie,goalie,2,0.0,0.0,0.0,0.0,0.0,0.0,0.0,0.0,8.0,0.0,0.0,0.0,0.0,0.0,5.0,8,8,0,3.0,0.0,9,0.0,0.0,0.0,0.0,0.0,,0.19225634178905207,-0.19225634178905207,0.0415151356844759,0.005189391960559488,,,,,0.48484848484848486,-0.48484848484848486,-0.10469641962179277,-0.052348209810896384,"partial: caused turnovers only, relative to positional per-game average",3.603809523809524,0.6038095238095238,0.07547619047619047,,deferred: no opportunity denominator; contexts not separable; overlaps faceoff value,0.0,,deferred: goal value already credited to the shooter,0.0415151356844759,-0.10469641962179277,0.0,0.6038095238095238,0.5406282398722069,0.27031411993610344,0.060069804430245205,shooting+turnover+defense+goalie
001843,Cole Williams,CHA,1,M,midfield,offensive_field,1,2.0,2.0,0.0,2.0,1.0,1.0,0.0,1.0,10.0,0.0,0.0,0.0,0.0,0.0,0.0,0,0,0,0.0,0.0,2,0.0,0.5819747769916949,0.41802522300830514,0.41802522300830514,0.0,0.20901261150415257,0.5627009646302251,-0.5627009646302251,0.12150760114868434,0.012150760114868434,,,,,0.13908205841446453,-0.13908205841446453,-0.03003287419609841,-0.03003287419609841,"partial: caused turnovers only, relative to positional per-game average",,,,,deferred: no opportunity denominator; contexts not separable; overlaps faceoff value,0.0,,deferred: goal value already credited to the shooter,0.5395328241569894,-0.03003287419609841,0.0,0.0,0.509499949960891,0.509499949960891,0.2547499749804455,shooting+turnover+defense
003009,Brett Makar,ATL,1,D,defense,defensive_field,11,11.0,5.0,6.0,4.0,2.0,1.0,1.0,3.0,90.0,3.0,29.0,9.0,0.0,0.0,0.0,0,0,0,0.0,1.0,51,1.0,3.1995341919880778,-0.19953419198807776,-0.4549369424792371,0.2554027504911591,-0.01813947199891616,4.341614906832298,-1.341614906832298,0.28970344684166877,0.003218927187129653,,,,,7.07799442896936,1.92200557103064,0.4150308974213476,0.03773008158375887,"partial: caused turnovers only, relative to positional per-game average",,,,,deferred: no opportunity denominator; contexts not separable; overlaps faceoff value,4.076058975130128,,deferred: goal value already credited to the shooter,0.09016925485359101,0.4150308974213476,0.0,0.0,0.5052001522749385,0.04592728657044896,0.009905885338724284,shooting+turnover+defense
002054,Chris Merle,RED,1,SSDM,defensive_midfield,defensive_field,3,1.0,1.0,0.0,1.0,1.0,1.0,0.0,1.0,13.0,0.0,4.0,1.0,1.0,0.0,0.0,0,0,0,0.0,0.0,8,0.0,0.29098738849584743,0.7090126115041526,0.7090126115041526,0.0,0.7090126115041526,0.6271221532091098,-0.6271221532091098,0.1354184784696628,0.010416806036127907,0.49622166246851385,-0.49622166246851385,-0.15430370782075734,-0.15430370782075734,1.9303621169916436,-0.9303621169916436,-0.2008990141141017,-0.0669663380380339,"partial: caused turnovers only, relative to positional per-game average",,,,,deferred: no opportunity denominator; contexts not separable; overlaps faceoff value,0.5622150310524315,,deferred: goal value already credited to the shooter,0.8444310899738154,-0.2008990141141017,-0.15430370782075734,0.0,0.4892283680389564,0.16307612267965213,0.06115354600486955,shooting+turnover+defense+faceoff
003048,TJ Malone,WHP,1,A,attack,offensive_field,11,68.0,65.0,3.0,45.0,19.0,18.0,1.0,20.0,346.0,18.0,16.0,1.0,0.0,0.0,0.0,0,0,0,0.0,15.0,121,0.0,19.786478876984503,0.21352112301549653,-0.9141802522300821,1.1277013752455796,0.0031400165149337725,19.469453376205788,-1.469453376205788,0.3173084212854214,0.0009170763620965937,,,,,1.5299026425591098,-0.5299026425591098,-0.11442525068713492,-0.010402295517012265,"partial: caused turnovers only, relative to positional per-game average",,,,,deferred: no opportunity denominator; contexts not separable; overlaps faceoff value,2.248860124209726,,deferred: goal value already credited to the shooter,0.5308295443009179,-0.11442525068713492,0.0,0.0,0.41640429361378295,0.03785493578307118,0.003441357798461016,shooting+turnover+defense
001795,Christian Scarpello,WAT,1,SSDM,defensive_midfield,defensive_field,7,5.0,5.0,0.0,5.0,3.0,3.0,0.0,3.0,38.0,4.0,7.0,2.0,1.0,0.0,0.0,0,0,0,0.0,0.0,13,0.0,1.454936942479237,1.545063057520763,1.545063057520763,0.0,0.3090126115041526,1.8331262939958592,2.1668737060041408,-0.4679068325069299,-0.012313337697550787,0.49622166246851385,-0.49622166246851385,-0.15430370782075734,-0.15430370782075734,4.504178272980502,-2.5041782729805018,-0.5407431547562198,-0.0772490221080314,"partial: caused turnovers only, relative to positional per-game average",,,,,deferred: no opportunity denominator; contexts not separable; overlaps faceoff value,0.9838763043417552,,deferred: goal value already credited to the shooter,1.077156225013833,-0.5407431547562198,-0.15430370782075734,0.0,0.3821093624368558,0.054587051776693686,0.029393027879758137,shooting+turnover+defense+faceoff
003108,Will Mark,ATL,1,G,goalie,goalie,2,0.0,0.0,0.0,0.0,0.0,0.0,0.0,0.0,1.0,0.0,1.0,0.0,0.0,0.0,0.0,1,1,0,0.0,0.0,4,0.0,0.0,0.0,0.0,0.0,,0.02403204272363151,-0.02403204272363151,0.005189391960559488,0.005189391960559488,,,,,0.48484848484848486,-0.48484848484848486,-0.10469641962179277,-0.052348209810896384,"partial: caused turnovers only, relative to positional per-game average",0.4504761904761905,0.4504761904761905,0.4504761904761905,,deferred: no opportunity denominator; contexts not separable; overlaps faceoff value,0.14055375776310788,,deferred: goal value already credited to the shooter,0.005189391960559488,-0.10469641962179277,0.0,0.4504761904761905,0.35096916281495716,0.17548458140747858,0.08774229070373929,shooting+turnover+defense+goalie
001661,Warren Jeffrey,ARC,1,D,defense,defensive_field,10,0.0,0.0,0.0,0.0,0.0,0.0,0.0,0.0,42.0,4.0,11.0,10.0,0.0,0.0,0.0,0,0,0,0.0,0.0,16,4.0,0.0,0.0,0.0,0.0,,2.0260869565217394,1.9739130434782606,-0.4262396083624182,-0.0101485621038671,,,,,6.434540389972145,3.5654596100278546,0.7699123894193115,0.07699123894193115,"partial: caused turnovers only, relative to positional per-game average",,,,,deferred: no opportunity denominator; contexts not separable; overlaps faceoff value,1.5460913353941867,,deferred: goal value already credited to the shooter,-0.4262396083624182,0.7699123894193115,0.0,0.0,0.3436727810568933,0.03436727810568933,0.02147954881605583,shooting+turnover+defense
000262,Connor Fields,ARC,1,A,attack,offensive_field,10,47.0,47.0,0.0,31.0,14.0,14.0,0.0,14.0,254.0,16.0,15.0,3.0,0.0,0.0,0.0,0,0,0,0.0,6.0,84,1.0,13.67640725930483,0.32359274069517063,0.32359274069517063,0.0,0.006884951929684482,14.292604501607716,1.7073954983922839,-0.3686887783425795,-0.0014515306233959823,,,,,1.3908205841446453,1.6091794158553547,0.3474803544488586,0.03474803544488586,"partial: caused turnovers only, relative to positional per-game average",,,,,deferred: no opportunity denominator; contexts not separable; overlaps faceoff value,2.108306366446618,,deferred: goal value already credited to the shooter,-0.04509603764740888,0.3474803544488586,0.0,0.0,0.3023843168014497,0.03023843168014497,0.003599813295255354,shooting+turnover+defense
003167,Jake Taylor,WAT,1,A,attack,offensive_field,9,33.0,33.0,0.0,25.0,11.0,11.0,0.0,11.0,87.0,9.0,12.0,0.0,0.0,0.0,0.0,0,0,0,0.0,3.0,51,1.0,9.602583820362966,1.397416179637034,1.397416179637034,0.0,0.042345944837485876,4.895498392282958,4.104501607717042,-0.8863111592359746,-0.010187484588919249,,,,,1.2517385257301807,-1.2517385257301807,-0.2702958677648857,-0.03003287419609841,"partial: caused turnovers only, relative to positional per-game average",,,,,deferred: no opportunity denominator; contexts not separable; overlaps faceoff value,1.6866450931572947,,deferred: goal value already credited to the shooter,0.5111050204010593,-0.2702958677648857,0.0,0.0,0.24080915263617364,0.026756572515130403,0.004721748090905365,shooting+turnover+defense
003183,Jack Gray,OUT,1,SSDM,defensive_midfield,defensive_field,6,1.0,1.0,0.0,1.0,1.0,1.0,0.0,1.0,17.0,1.0,2.0,1.0,1.0,1.0,0.0,0,0,0,0.0,1.0,7,2.0,0.29098738849584743,0.7090126115041526,0.7090126115041526,0.0,0.7090126115041526,0.8200828157349896,0.17991718426501035,-0.038850662855773176,-0.002285333109163128,0.49622166246851385,0.5037783375314862,0.15665351047792622,0.15665351047792622,3.8607242339832872,-2.8607242339832872,-0.617734393698151,-0.10295573228302517,"partial: caused turnovers only, relative to positional per-game average",,,,,deferred: no opportunity denominator; contexts not separable; overlaps faceoff value,0.28110751552621577,,deferred: goal value already credited to the shooter,0.6701619486483794,-0.617734393698151,0.15665351047792622,0.0,0.20908106542815466,0.034846844238025775,0.029868723632593523,shooting+turnover+defense+faceoff
003211,Josh Balcarcel,RED,1,M,midfield,offensive_field,12,24.0,22.0,2.0,21.0,7.0,7.0,0.0,7.0,184.0,8.0,6.0,0.0,0.0,0.0,0.0,0,0,0,0.0,2.0,41,2.0,6.98325496341159,0.016745036588409867,0.5982774530913568,-0.581532416502947,0.0006977098578504112,10.353697749196142,-2.353697749196142,0.5082489373762111,0.002762222485740278,,,,,1.6689847009735743,-1.6689847009735743,-0.3603944903531809,-0.030032874196098406,"partial: caused turnovers only, relative to positional per-game average",,,,,deferred: no opportunity denominator; contexts not separable; overlaps faceoff value,0.8433225465786474,,deferred: goal value already credited to the shooter,0.524993973964621,-0.3603944903531809,0.0,0.0,0.1645994836114401,0.013716623634286676,0.004014621551498539,shooting+turnover+defense
003041,Ethan Rall,CAN,1,LSM,long_stick_midfield,defensive_field,10,7.0,4.0,3.0,5.0,1.0,1.0,0.0,1.0,41.0,3.0,23.0,13.0,0.0,0.0,0.0,0,0,0,0.0,0.0,43,1.0,2.03624817873781,-1.03624817873781,-0.16394955398338973,-0.8722986247544204,-0.14803545410540142,1.9778467908902693,1.0221532091097307,-0.22072004892859856,-0.005383415827526794,,,,,6.434540389972145,6.565459610027855,1.4177214858291542,0.14177214858291542,"partial: caused turnovers only, relative to positional per-game average",,,,,deferred: no opportunity denominator; contexts not separable; overlaps faceoff value,3.2327364285514815,,deferred: goal value already credited to the shooter,-1.2569682276664085,1.4177214858291542,0.0,0.0,0.16075325816274577,0.016075325816274577,0.0037384478642499015,shooting+turnover+defense
000365,Jack Rowlett,CHA,1,D,defense,defensive_field,11,0.0,0.0,0.0,0.0,0.0,0.0,0.0,0.0,76.0,3.0,10.0,7.0,0.0,0.0,0.0,0,0,0,0.0,0.0,15,3.0,0.0,0.0,0.0,0.0,,3.6662525879917185,-0.6662525879917185,0.14386816233587812,0.0018930021359983963,,,,,7.07799442896936,-0.07799442896935993,-0.016841833518547573,-0.0015310757744134158,"partial: caused turnovers only, relative to positional per-game average",,,,,deferred: no opportunity denominator; contexts not separable; overlaps faceoff value,1.4055375776310788,,deferred: goal value already credited to the shooter,0.14386816233587812,-0.016841833518547573,0.0,0.0,0.12702632881733056,0.011547848074302779,0.008468421921155371,shooting+turnover+defense
003163,Brendan Lavelle,ARC,1,D,defense,defensive_field,10,0.0,0.0,0.0,0.0,0.0,0.0,0.0,0.0,83.0,3.0,34.0,6.0,0.0,0.0,0.0,0,0,0,0.0,1.0,39,2.0,0.0,0.0,0.0,0.0,,4.003933747412009,-1.0039337474120087,0.21678580458877353,0.002611877163720163,,,,,6.434540389972145,-0.4345403899721454,-0.09383307246047873,-0.009383307246047874,"partial: caused turnovers only, relative to positional per-game average",,,,,deferred: no opportunity denominator; contexts not separable; overlaps faceoff value,4.778827763945668,,deferred: goal value already credited to the shooter,0.21678580458877353,-0.09383307246047873,0.0,0.0,0.1229527321282948,0.01229527321282948,0.003152634157135764,shooting+turnover+defense
003193,Kyle Aldridge,WHP,1,SSDM,defensive_midfield,defensive_field,2,0.0,0.0,0.0,0.0,0.0,0.0,0.0,0.0,15.0,0.0,4.0,1.0,0.0,0.0,0.0,0,0,0,0.0,0.0,6,0.0,0.0,0.0,0.0,0.0,,0.7236024844720498,-0.7236024844720498,0.1562520905419186,0.010416806036127907,,,,,1.286908077994429,-0.2869080779944291,-0.06195388758608526,-0.03097694379304263,"partial: caused turnovers only, relative to positional per-game average",,,,,deferred: no opportunity denominator; contexts not separable; overlaps faceoff value,0.5622150310524315,,deferred: goal value already credited to the shooter,0.1562520905419186,-0.06195388758608526,0.0,0.0,0.09429820295583334,0.04714910147791667,0.015716367159305557,shooting+turnover+defense
003104,Michael Boehm,WAT,1,A,attack,offensive_field,1,0.0,0.0,0.0,0.0,0.0,0.0,0.0,0.0,7.0,0.0,1.0,0.0,0.0,0.0,0.0,0,0,0,0.0,0.0,1,0.0,0.0,0.0,0.0,0.0,,0.39389067524115756,-0.39389067524115756,0.08505532080407903,0.012150760114868433,,,,,0.13908205841446453,-0.13908205841446453,-0.03003287419609841,-0.03003287419609841,"partial: caused turnovers only, relative to positional per-game average",,,,,deferred: no opportunity denominator; contexts not separable; overlaps faceoff value,0.14055375776310788,,deferred: goal value already credited to the shooter,0.08505532080407903,-0.03003287419609841,0.0,0.0,0.05502244660798062,0.05502244660798062,0.05502244660798062,shooting+turnover+defense
003220,Dylan Renner,ARC,1,UNK,unknown,unknown,1,0.0,0.0,0.0,0.0,0.0,0.0,0.0,0.0,1.0,0.0,0.0,0.0,0.0,0.0,0.0,0,0,0,0.0,0.0,0,0.0,0.0,0.0,0.0,0.0,,0.125,-0.125,0.026992045683743447,0.026992045683743447,,,,,0.0,0.0,0.0,0.0,"partial: caused turnovers only, relative to positional per-game average",,,,,deferred: no opportunity denominator; contexts not separable; overlaps faceoff value,0.0,,deferred: goal value already credited to the shooter,0.026992045683743447,0.0,0.0,0.0,0.026992045683743447,0.026992045683743447,,shooting+turnover+defense
000234,Eric Law,OUT,1,A,attack,offensive_field,1,0.0,0.0,0.0,0.0,0.0,0.0,0.0,0.0,4.0,0.0,0.0,0.0,0.0,0.0,0.0,0,0,0,0.0,0.0,0,0.0,0.0,0.0,0.0,0.0,,0.22508038585209003,-0.22508038585209003,0.04860304045947373,0.012150760114868433,,,,,0.13908205841446453,-0.13908205841446453,-0.03003287419609841,-0.03003287419609841,"partial: caused turnovers only, relative to positional per-game average",,,,,deferred: no opportunity denominator; contexts not separable; overlaps faceoff value,0.0,,deferred: goal value already credited to the shooter,0.04860304045947373,-0.03003287419609841,0.0,0.0,0.01857016626337532,0.01857016626337532,,shooting+turnover+defense
003093,Ross Scott,CHA,1,M,midfield,offensive_field,11,40.0,40.0,0.0,25.0,12.0,12.0,0.0,12.0,264.0,15.0,8.0,0.0,0.0,0.0,0.0,0,0,0,0.0,8.0,79,0.0,11.639495539833897,0.36050446016610316,0.36050446016610316,0.0,0.00901261150415258,14.855305466237942,0.144694533762058,-0.03124481172394742,-0.0001183515595604069,,,,,1.5299026425591098,-1.5299026425591098,-0.3303616161570825,-0.030032874196098406,"partial: caused turnovers only, relative to positional per-game average",,,,,deferred: no opportunity denominator; contexts not separable; overlaps faceoff value,1.124430062104863,,deferred: goal value already credited to the shooter,0.3292596484421557,-0.3303616161570825,0.0,0.0,-0.001101967714926766,-0.00010017888317516054,-1.3948958416794505e-05,shooting+turnover+defense
003096,Marcus Hudgins,WAT,1,LSM,long_stick_midfield,defensive_field,9,2.0,1.0,1.0,1.0,0.0,0.0,0.0,0.0,48.0,5.0,22.0,11.0,0.0,0.0,0.0,0,0,0,0.0,1.0,35,0.0,0.5817535967473209,-0.5817535967473209,-0.29098738849584743,-0.2907662082514735,-0.29087679837366043,2.315527950310559,2.684472049689441,-0.5796751376155984,-0.012076565366991634,,,,,5.791086350974931,5.208913649025069,1.1247938814172755,0.12497709793525284,"partial: caused turnovers only, relative to positional per-game average",,,,,deferred: no opportunity denominator; contexts not separable; overlaps faceoff value,3.0921826707883735,,deferred: goal value already credited to the shooter,-1.1614287343629193,1.1247938814172755,0.0,0.0,-0.036634852945643726,-0.004070539216182636,-0.0010467100841612493,shooting+turnover+defense
000405,Jesse Bernhardt,OUT,1,D,defense,defensive_field,12,1.0,0.0,1.0,0.0,0.0,0.0,0.0,0.0,80.0,2.0,15.0,7.0,0.0,0.0,0.0,0,0,0,0.0,0.0,18,2.0,0.2907662082514735,-0.2907662082514735,0.0,-0.2907662082514735,-0.2907662082514735,3.8592132505175987,-1.8592132505175987,0.40147175195033735,0.0050183968993792166,,,,,7.7214484679665745,-0.7214484679665745,-0.15578696004656398,-0.012982246670546998,"partial: caused turnovers only, relative to positional per-game average",,,,,deferred: no opportunity denominator; contexts not separable; overlaps faceoff value,2.108306366446618,,deferred: goal value already credited to the shooter,0.11070554369886387,-0.15578696004656398,0.0,0.0,-0.045081416347700104,-0.0037567846956416753,-0.0025045231304277834,shooting+turnover+defense
000201,Adam Ghitelman,CAN,1,G,goalie,goalie,1,0.0,0.0,0.0,0.0,0.0,0.0,0.0,0.0,1.0,0.0,0.0,0.0,0.0,0.0,0.0,0,0,0,0.0,0.0,0,0.0,0.0,0.0,0.0,0.0,,0.02403204272363151,-0.02403204272363151,0.005189391960559488,0.005189391960559488,,,,,0.24242424242424243,-0.24242424242424243,-0.052348209810896384,-0.052348209810896384,"partial: caused turnovers only, relative to positional per-game average",,,,,deferred: no opportunity denominator; contexts not separable; overlaps faceoff value,0.0,,deferred: goal value already credited to the shooter,0.005189391960559488,-0.052348209810896384,0.0,0.0,-0.0471588178503369,-0.0471588178503369,,shooting+turnover+defense
003125,Matt Knote,RED,1,G,goalie,goalie,1,0.0,0.0,0.0,0.0,0.0,0.0,0.0,0.0,1.0,0.0,0.0,0.0,0.0,0.0,0.0,0,0,0,0.0,0.0,0,0.0,0.0,0.0,0.0,0.0,,0.02403204272363151,-0.02403204272363151,0.005189391960559488,0.005189391960559488,,,,,0.24242424242424243,-0.24242424242424243,-0.052348209810896384,-0.052348209810896384,"partial: caused turnovers only, relative to positional per-game average",,,,,deferred: no opportunity denominator; contexts not separable; overlaps faceoff value,0.0,,deferred: goal value already credited to the shooter,0.005189391960559488,-0.052348209810896384,0.0,0.0,-0.0471588178503369,-0.0471588178503369,,shooting+turnover+defense
002030,Jonathan Donville,OUT,2,M,midfield,offensive_field,7,10.0,10.0,0.0,7.0,3.0,3.0,0.0,3.0,77.0,5.0,6.0,1.0,0.0,0.0,0.0,0,0,0,0.0,1.0,24,1.0,2.909873884958474,0.09012611504152579,0.09012611504152579,0.0,0.00901261150415258,4.332797427652733,0.667202572347267,-0.14407329850486858,-0.001871081798764527,,,,,0.9735744089012517,0.026425591098748313,0.005706246097258709,0.0008151780138941012,"partial: caused turnovers only, relative to positional per-game average",,,,,deferred: no opportunity denominator; contexts not separable; overlaps faceoff value,0.8433225465786474,,deferred: goal value already credited to the shooter,-0.05394718346334279,0.005706246097258709,0.0,0.0,-0.048240937366084084,-0.006891562480869155,-0.0020100390569201703,shooting+turnover+defense
001773,Nick Washuta,ARC,1,G,goalie,goalie,1,0.0,0.0,0.0,0.0,0.0,0.0,0.0,0.0,0.0,0.0,0.0,0.0,0.0,0.0,0.0,0,0,0,0.0,0.0,2,0.0,0.0,0.0,0.0,0.0,,0.0,0.0,-0.0,,,,,,0.24242424242424243,-0.24242424242424243,-0.052348209810896384,-0.052348209810896384,"partial: caused turnovers only, relative to positional per-game average",,,,,deferred: no opportunity denominator; contexts not separable; overlaps faceoff value,0.0,,deferred: goal value already credited to the shooter,0.0,-0.052348209810896384,0.0,0.0,-0.052348209810896384,-0.052348209810896384,-0.026174104905448192,shooting+turnover+defense
003112,Jack DiBenedetto,WAT,1,D,defense,defensive_field,3,0.0,0.0,0.0,0.0,0.0,0.0,0.0,0.0,14.0,1.0,2.0,2.0,0.0,0.0,0.0,0,0,0,0.0,0.0,2,0.0,0.0,0.0,0.0,0.0,,0.6753623188405797,0.32463768115942027,-0.07010108096415689,-0.005007220068868349,,,,,1.9303621169916436,0.06963788300835638,0.015037351355845895,0.005012450451948632,"partial: caused turnovers only, relative to positional per-game average",,,,,deferred: no opportunity denominator; contexts not separable; overlaps faceoff value,0.28110751552621577,,deferred: goal value already credited to the shooter,-0.07010108096415689,0.015037351355845895,0.0,0.0,-0.05506372960831099,-0.018354576536103662,-0.027531864804155495,shooting+turnover+defense
001009,Colin Heacock,WHP,1,M,midfield,offensive_field,9,32.0,29.0,3.0,21.0,9.0,9.0,0.0,9.0,114.0,5.0,2.0,1.0,0.0,0.0,0.0,0,0,0,0.0,1.0,36,1.0,9.310932891133994,-0.31093289113399436,0.5613657336204252,-0.8722986247544204,-0.009716652847937324,6.414790996784566,-1.414790996784566,0.30550482574526344,0.0026798668925023107,,,,,1.2517385257301807,-0.25173852573018074,-0.054359502294938106,-0.006039944699437567,"partial: caused turnovers only, relative to positional per-game average",,,,,deferred: no opportunity denominator; contexts not separable; overlaps faceoff value,0.28110751552621577,,deferred: goal value already credited to the shooter,-0.005428065388730918,-0.054359502294938106,0.0,0.0,-0.059787567683669024,-0.006643063075963225,-0.0016607657689908062,shooting+turnover+defense
003110,Carter Parlette,RED,1,SSDM,defensive_midfield,defensive_field,1,0.0,0.0,0.0,0.0,0.0,0.0,0.0,0.0,5.0,0.0,1.0,0.0,0.0,0.0,0.0,0,0,0,0.0,0.0,2,0.0,0.0,0.0,0.0,0.0,,0.24120082815734992,-0.24120082815734992,0.052084030180639534,0.010416806036127907,,,,,0.6434540389972145,-0.6434540389972145,-0.1389451265280164,-0.1389451265280164,"partial: caused turnovers only, relative to positional per-game average",,,,,deferred: no opportunity denominator; contexts not separable; overlaps faceoff value,0.14055375776310788,,deferred: goal value already credited to the shooter,0.052084030180639534,-0.1389451265280164,0.0,0.0,-0.08686109634737688,-0.08686109634737688,-0.04343054817368844,shooting+turnover+defense
003162,Coulter Mackesy,CAN,1,A,attack,offensive_field,8,54.0,50.0,4.0,35.0,15.0,15.0,0.0,15.0,247.0,11.0,10.0,1.0,0.0,0.0,0.0,0,0,0,0.0,5.0,82,3.0,15.712434257798266,-0.7124342577982663,0.4506305752076276,-1.163064833005894,-0.013193226996264192,13.89871382636656,-2.89871382636656,0.6259377282030797,0.002534160842927448,,,,,1.1126564673157162,-0.11265646731571621,-0.0243266280988397,-0.0030408285123549625,"partial: caused turnovers only, relative to positional per-game average",,,,,deferred: no opportunity denominator; contexts not separable; overlaps faceoff value,1.4055375776310788,,deferred: goal value already credited to the shooter,-0.08649652959518661,-0.0243266280988397,0.0,0.0,-0.11082315769402631,-0.01385289471175329,-0.001351501923097882,shooting+turnover+defense
002042,Jon Robbins,ARC,1,LSM,long_stick_midfield,defensive_field,1,0.0,0.0,0.0,0.0,0.0,0.0,0.0,0.0,1.0,0.0,0.0,0.0,0.0,0.0,0.0,0,0,0,0.0,0.0,0,0.0,0.0,0.0,0.0,0.0,,0.04824016563146998,-0.04824016563146998,0.010416806036127907,0.010416806036127907,,,,,0.6434540389972145,-0.6434540389972145,-0.1389451265280164,-0.1389451265280164,"partial: caused turnovers only, relative to positional per-game average",,,,,deferred: no opportunity denominator; contexts not separable; overlaps faceoff value,0.0,,deferred: goal value already credited to the shooter,0.010416806036127907,-0.1389451265280164,0.0,0.0,-0.1285283204918885,-0.1285283204918885,,shooting+turnover+defense
003007,Cam Wyers,ARC,1,D,defense,defensive_field,8,3.0,2.0,1.0,3.0,2.0,2.0,0.0,2.0,27.0,6.0,7.0,4.0,0.0,0.0,0.0,0,0,0,0.0,1.0,17,1.0,0.8727409852431683,1.1272590147568318,1.4180252230083052,-0.2907662082514735,0.3757530049189439,1.3024844720496895,4.69751552795031,-1.0143644298442318,-0.03756905295719377,,,,,5.147632311977716,-1.1476323119777163,-0.24781555034434105,-0.03097694379304263,"partial: caused turnovers only, relative to positional per-game average",,,,,deferred: no opportunity denominator; contexts not separable; overlaps faceoff value,0.9838763043417552,,deferred: goal value already credited to the shooter,0.11289458491259996,-0.24781555034434105,0.0,0.0,-0.1349209654317411,-0.016865120678967636,-0.00793652737833771,shooting+turnover+defense
000351,Jules Heningburg,CAN,1,M,midfield,offensive_field,4,11.0,9.0,2.0,4.0,2.0,1.0,1.0,3.0,50.0,2.0,1.0,0.0,0.0,0.0,0.0,0,0,0,0.0,1.0,15,0.0,3.200418912965574,-0.2004189129655738,-1.6188864964626268,1.418467583497053,-0.018219901178688526,2.8135048231511255,-0.8135048231511255,0.1756652748035265,0.00351330549607053,,,,,0.5563282336578581,-0.5563282336578581,-0.12013149678439364,-0.03003287419609841,"partial: caused turnovers only, relative to positional per-game average",,,,,deferred: no opportunity denominator; contexts not separable; overlaps faceoff value,0.14055375776310788,,deferred: goal value already credited to the shooter,-0.024753638162047287,-0.12013149678439364,0.0,0.0,-0.14488513494644092,-0.03622128373661023,-0.009659008996429396,shooting+turnover+defense
003094,Levi Anderson,WHP,1,M,midfield,offensive_field,9,34.0,34.0,0.0,24.0,10.0,10.0,0.0,10.0,125.0,8.0,3.0,1.0,0.0,0.0,0.0,0,0,0,0.0,1.0,52,0.0,9.893571208858813,0.10642879114118742,0.10642879114118742,0.0,0.0031302585629761005,7.033762057877813,0.9662379421221869,-0.20864590940102662,-0.001669167275208213,,,,,1.2517385257301807,-0.25173852573018074,-0.054359502294938106,-0.006039944699437567,"partial: caused turnovers only, relative to positional per-game average",,,,,deferred: no opportunity denominator; contexts not separable; overlaps faceoff value,0.4216612732893237,,deferred: goal value already credited to the shooter,-0.1022171182598392,-0.054359502294938106,0.0,0.0,-0.1565766205547773,-0.017397402283864147,-0.0030110888568226405,shooting+turnover+defense
003029,Chris Fake,RED,1,D,defense,defensive_field,12,4.0,0.0,4.0,3.0,1.0,0.0,1.0,2.0,84.0,5.0,20.0,4.0,0.0,0.0,0.0,0,0,0,0.0,0.0,29,3.0,1.163064833005894,0.8369351669941061,0.0,0.8369351669941061,0.20923379174852652,4.052173913043479,0.9478260869565212,-0.20467012031499365,-0.002436549051368972,,,,,7.7214484679665745,-3.7214484679665745,-0.8035960564564067,-0.0669663380380339,"partial: caused turnovers only, relative to positional per-game average",,,,,deferred: no opportunity denominator; contexts not separable; overlaps faceoff value,2.8110751552621576,,deferred: goal value already credited to the shooter,0.6322650466791124,-0.8035960564564067,0.0,0.0,-0.17133100977729432,-0.01427758414810786,-0.00590796585438946,shooting+turnover+defense
000410,Eli Gobrecht,WAT,1,D,defense,defensive_field,6,0.0,0.0,0.0,0.0,0.0,0.0,0.0,0.0,15.0,0.0,2.0,3.0,1.0,0.0,0.0,0,0,0,0.0,0.0,6,1.0,0.0,0.0,0.0,0.0,,0.7236024844720498,-0.7236024844720498,0.1562520905419186,0.010416806036127907,0.49622166246851385,-0.49622166246851385,-0.15430370782075734,-0.15430370782075734,3.8607242339832872,-0.8607242339832872,-0.18586166275825577,-0.030976943793042628,"partial: caused turnovers only, relative to positional per-game average",,,,,deferred: no opportunity denominator; contexts not separable; overlaps faceoff value,0.28110751552621577,,deferred: goal value already credited to the shooter,0.1562520905419186,-0.18586166275825577,-0.15430370782075734,0.0,-0.1839132800370945,-0.03065221333951575,-0.03065221333951575,shooting+turnover+defense+faceoff
003128,Jack Posey,CHA,1,D,defense,defensive_field,5,0.0,0.0,0.0,0.0,0.0,0.0,0.0,0.0,21.0,2.0,5.0,3.0,0.0,0.0,0.0,0,0,0,0.0,1.0,6,0.0,0.0,0.0,0.0,0.0,,1.0130434782608697,0.9869565217391303,-0.2131198041812091,-0.0101485621038671,,,,,3.2172701949860727,-0.2172701949860727,-0.046916536230239364,-0.009383307246047874,"partial: caused turnovers only, relative to positional per-game average",,,,,deferred: no opportunity denominator; contexts not separable; overlaps faceoff value,0.7027687888155394,,deferred: goal value already credited to the shooter,-0.2131198041812091,-0.046916536230239364,0.0,0.0,-0.26003634041144846,-0.05200726808228969,-0.04333939006857474,shooting+turnover+defense
001415,Greg Weyl,OUT,1,D,defense,defensive_field,2,0.0,0.0,0.0,0.0,0.0,0.0,0.0,0.0,1.0,0.0,1.0,0.0,0.0,0.0,0.0,0,0,0,0.0,0.0,1,0.0,0.0,0.0,0.0,0.0,,0.04824016563146998,-0.04824016563146998,0.010416806036127907,0.010416806036127907,,,,,1.286908077994429,-1.286908077994429,-0.2778902530560328,-0.1389451265280164,"partial: caused turnovers only, relative to positional per-game average",,,,,deferred: no opportunity denominator; contexts not separable; overlaps faceoff value,0.14055375776310788,,deferred: goal value already credited to the shooter,0.010416806036127907,-0.2778902530560328,0.0,0.0,-0.26747344701990494,-0.13373672350995247,-0.26747344701990494,shooting+turnover+defense
003161,Sam English,RED,1,M,midfield,offensive_field,4,12.0,11.0,1.0,8.0,3.0,3.0,0.0,3.0,79.0,8.0,9.0,5.0,0.0,0.0,0.0,0,0,0,0.0,1.0,29,0.0,3.491627481705795,-0.49162748170579507,-0.2008612734543216,-0.2907662082514735,-0.04096895680881626,4.445337620578778,3.554662379421222,-0.7675808746849744,-0.009716213603607271,,,,,0.5563282336578581,4.443671766342142,0.9595503305653442,0.23988758264133606,"partial: caused turnovers only, relative to positional per-game average",,,,,deferred: no opportunity denominator; contexts not separable; overlaps faceoff value,1.264983819867971,,deferred: goal value already credited to the shooter,-1.2592083563907694,0.9595503305653442,0.0,0.0,-0.2996580258254252,-0.0749145064563563,-0.010333035373290524,shooting+turnover+defense
003011,Payton Rezanka,ATL,1,SSDM,defensive_midfield,defensive_field,3,1.0,1.0,0.0,0.0,0.0,0.0,0.0,0.0,12.0,0.0,0.0,2.0,1.0,0.0,0.0,0,0,0,0.0,0.0,2,0.0,0.29098738849584743,-0.29098738849584743,-0.29098738849584743,0.0,-0.29098738849584743,0.5788819875776398,-0.5788819875776398,0.12500167243353486,0.010416806036127905,0.49622166246851385,-0.49622166246851385,-0.15430370782075734,-0.15430370782075734,1.9303621169916436,0.06963788300835638,0.015037351355845895,0.005012450451948632,"partial: caused turnovers only, relative to positional per-game average",,,,,deferred: no opportunity denominator; contexts not separable; overlaps faceoff value,0.0,,deferred: goal value already credited to the shooter,-0.16598571606231258,0.015037351355845895,-0.15430370782075734,0.0,-0.305252072527224,-0.10175069084240801,-0.152626036263612,shooting+turnover+defense+faceoff
001839,Nick Grill,OUT,1,LSM,long_stick_midfield,defensive_field,7,0.0,0.0,0.0,0.0,0.0,0.0,0.0,0.0,16.0,1.0,9.0,3.0,0.0,0.0,0.0,0,0,0,0.0,0.0,13,0.0,0.0,0.0,0.0,0.0,,0.7718426501035197,0.2281573498964803,-0.049267468891901076,-0.0030792168057438172,,,,,4.504178272980502,-1.5041782729805018,-0.3248067892862722,-0.04640096989803889,"partial: caused turnovers only, relative to positional per-game average",,,,,deferred: no opportunity denominator; contexts not separable; overlaps faceoff value,1.264983819867971,,deferred: goal value already credited to the shooter,-0.049267468891901076,-0.3248067892862722,0.0,0.0,-0.3740742581781733,-0.053439179739739044,-0.028774942936782563,shooting+turnover+defense
001733,Charlie Hayes,WAT,1,SSDM,defensive_midfield,defensive_field,2,1.0,1.0,0.0,0.0,0.0,0.0,0.0,0.0,12.0,0.0,2.0,1.0,1.0,0.0,0.0,0,0,0,0.0,0.0,6,0.0,0.29098738849584743,-0.29098738849584743,-0.29098738849584743,0.0,-0.29098738849584743,0.5788819875776398,-0.5788819875776398,0.12500167243353486,0.010416806036127905,0.49622166246851385,-0.49622166246851385,-0.15430370782075734,-0.15430370782075734,1.286908077994429,-0.2869080779944291,-0.06195388758608526,-0.03097694379304263,"partial: caused turnovers only, relative to positional per-game average",,,,,deferred: no opportunity denominator; contexts not separable; overlaps faceoff value,0.28110751552621577,,deferred: goal value already credited to the shooter,-0.16598571606231258,-0.06195388758608526,-0.15430370782075734,0.0,-0.38224331146915513,-0.19112165573457757,-0.06370721857819252,shooting+turnover+defense+faceoff
003185,Carter Rice,RED,1,SSDM,defensive_midfield,defensive_field,12,0.0,0.0,0.0,0.0,0.0,0.0,0.0,0.0,81.0,3.0,16.0,5.0,0.0,0.0,0.0,0,0,0,0.0,0.0,26,2.0,0.0,0.0,0.0,0.0,,3.9074534161490684,-0.9074534161490684,0.19595219251651766,0.0024191628705742922,,,,,7.7214484679665745,-2.7214484679665745,-0.5876596909864591,-0.04897164091553826,"partial: caused turnovers only, relative to positional per-game average",,,,,deferred: no opportunity denominator; contexts not separable; overlaps faceoff value,2.248860124209726,,deferred: goal value already credited to the shooter,0.19595219251651766,-0.5876596909864591,0.0,0.0,-0.39170749846994146,-0.03264229153916179,-0.015065673018074672,shooting+turnover+defense
002019,Koby Smith,ATL,1,LSM,long_stick_midfield,defensive_field,2,0.0,0.0,0.0,0.0,0.0,0.0,0.0,0.0,8.0,2.0,3.0,1.0,0.0,0.0,0.0,0,0,0,0.0,0.0,5,0.0,0.0,0.0,0.0,0.0,,0.38592132505175986,1.61407867494824,-0.3485382826508719,-0.043567285331358986,,,,,1.286908077994429,-0.2869080779944291,-0.06195388758608526,-0.03097694379304263,"partial: caused turnovers only, relative to positional per-game average",,,,,deferred: no opportunity denominator; contexts not separable; overlaps faceoff value,0.4216612732893237,,deferred: goal value already credited to the shooter,-0.3485382826508719,-0.06195388758608526,0.0,0.0,-0.41049217023695717,-0.20524608511847858,-0.08209843404739144,shooting+turnover+defense
003199,Gannon Matthews,CHA,1,UNK,unknown,unknown,1,1.0,1.0,0.0,1.0,0.0,0.0,0.0,0.0,11.0,2.0,0.0,0.0,0.0,0.0,0.0,0,0,0,0.0,1.0,3,1.0,0.29098738849584743,-0.29098738849584743,-0.29098738849584743,0.0,-0.29098738849584743,1.375,0.625,-0.13496022841871724,-0.01226911167442884,,,,,0.0,0.0,0.0,0.0,"partial: caused turnovers only, relative to positional per-game average",,,,,deferred: no opportunity denominator; contexts not separable; overlaps faceoff value,0.0,,deferred: goal value already credited to the shooter,-0.4259476169145647,0.0,0.0,0.0,-0.4259476169145647,-0.4259476169145647,-0.14198253897152155,shooting+turnover+defense
003087,Beau Pederson,ARC,1,SSDM,defensive_midfield,defensive_field,10,10.0,5.0,5.0,6.0,4.0,3.0,1.0,5.0,79.0,6.0,15.0,4.0,18.0,4.0,0.0,0,0,0,0.0,1.0,53,3.0,2.9087679837366043,2.0912320162633957,1.545063057520763,0.5461689587426326,0.20912320162633957,3.8109730848861285,2.1890269151138715,-0.47269051596558087,-0.005983424252728872,8.93198992443325,-4.93198992443325,-1.5336378675788978,-0.08520210375438321,6.434540389972145,-2.4345403899721454,-0.5257058034003739,-0.052570580340037386,"partial: caused turnovers only, relative to positional per-game average",,,,,deferred: no opportunity denominator; contexts not separable; overlaps faceoff value,2.108306366446618,,deferred: goal value already credited to the shooter,1.6185415002978147,-0.5257058034003739,-1.5336378675788978,0.0,-0.4408021706814569,-0.04408021706814569,-0.008317022088329375,shooting+turnover+defense+faceoff
000359,Tim Muller,WHP,1,D,defense,defensive_field,11,2.0,2.0,0.0,1.0,0.0,0.0,0.0,0.0,75.0,1.0,20.0,5.0,0.0,0.0,0.0,0,0,0,0.0,0.0,25,1.0,0.5819747769916949,-0.5819747769916949,-0.5819747769916949,0.0,-0.29098738849584743,3.618012422360249,-2.618012422360249,0.5653240872396454,0.007537654496528606,,,,,7.07799442896936,-2.07799442896936,-0.4487145644584427,-0.040792233132585703,"partial: caused turnovers only, relative to positional per-game average",,,,,deferred: no opportunity denominator; contexts not separable; overlaps faceoff value,2.8110751552621576,,deferred: goal value already credited to the shooter,-0.01665068975204942,-0.4487145644584427,0.0,0.0,-0.46536525421049213,-0.04230593220095383,-0.018614610168419685,shooting+turnover+defense
001729,Chris Aslanian,CHA,1,M,midfield,offensive_field,1,2.0,2.0,0.0,2.0,0.0,0.0,0.0,0.0,9.0,0.0,0.0,0.0,0.0,0.0,0.0,0,0,0,0.0,0.0,4,0.0,0.5819747769916949,-0.5819747769916949,-0.5819747769916949,0.0,-0.29098738849584743,0.5064308681672026,-0.5064308681672026,0.1093568410338159,0.012150760114868434,,,,,0.13908205841446453,-0.13908205841446453,-0.03003287419609841,-0.03003287419609841,"partial: caused turnovers only, relative to positional per-game average",,,,,deferred: no opportunity denominator; contexts not separable; overlaps faceoff value,0.0,,deferred: goal value already credited to the shooter,-0.47261793595787893,-0.03003287419609841,0.0,0.0,-0.5026508101539774,-0.5026508101539774,-0.12566270253849435,shooting+turnover+defense
002074,Alexander Smith,OUT,1,SSDM,defensive_midfield,defensive_field,6,1.0,0.0,1.0,0.0,0.0,0.0,0.0,0.0,30.0,2.0,6.0,3.0,0.0,0.0,0.0,0,0,0,0.0,0.0,9,0.0,0.2907662082514735,-0.2907662082514735,0.0,-0.2907662082514735,-0.2907662082514735,1.4472049689440996,0.5527950310559004,-0.11936854985605794,-0.003978951661868598,,,,,3.8607242339832872,-0.8607242339832872,-0.18586166275825577,-0.030976943793042628,"partial: caused turnovers only, relative to positional per-game average",,,,,deferred: no opportunity denominator; contexts not separable; overlaps faceoff value,0.8433225465786474,,deferred: goal value already credited to the shooter,-0.4101347581075314,-0.18586166275825577,0.0,0.0,-0.5959964208657872,-0.09933273681096454,-0.06622182454064302,shooting+turnover+defense
003190,AJ Pilate,OUT,1,D,defense,defensive_field,3,1.0,1.0,0.0,0.0,0.0,0.0,0.0,0.0,6.0,1.0,4.0,1.0,0.0,0.0,0.0,0,0,0,0.0,0.0,5,0.0,0.29098738849584743,-0.29098738849584743,-0.29098738849584743,0.0,-0.29098738849584743,0.2894409937888199,0.7105590062111802,-0.15343552925318016,-0.02557258820886336,,,,,1.9303621169916436,-0.9303621169916436,-0.2008990141141017,-0.0669663380380339,"partial: caused turnovers only, relative to positional per-game average",,,,,deferred: no opportunity denominator; contexts not separable; overlaps faceoff value,0.5622150310524315,,deferred: goal value already credited to the shooter,-0.4444229177490276,-0.2008990141141017,0.0,0.0,-0.6453219318631293,-0.21510731062104307,-0.12906438637262585,shooting+turnover+defense
001391,Mikie Schlosser,WAT,1,M,midfield,offensive_field,5,8.0,7.0,1.0,6.0,2.0,2.0,0.0,2.0,39.0,3.0,1.0,0.0,0.0,0.0,0.0,0,0,0,0.0,0.0,9,0.0,2.3276779277224056,-0.32767792772240556,-0.03691171947093208,-0.2907662082514735,-0.040959740965300695,2.194533762057878,0.805466237942122,-0.1739294519299738,-0.004459729536665995,,,,,0.6954102920723226,-0.6954102920723226,-0.15016437098049204,-0.03003287419609841,"partial: caused turnovers only, relative to positional per-game average",,,,,deferred: no opportunity denominator; contexts not separable; overlaps faceoff value,0.14055375776310788,,deferred: goal value already credited to the shooter,-0.5016073796523793,-0.15016437098049204,0.0,0.0,-0.6517717506328714,-0.1303543501265743,-0.07241908340365238,shooting+turnover+defense
003099,Tyler Carpenter,ATL,1,LSM,long_stick_midfield,defensive_field,12,5.0,1.0,4.0,3.0,1.0,1.0,0.0,1.0,97.0,5.0,34.0,7.0,0.0,0.0,0.0,0,0,0,0.0,1.0,56,0.0,1.4540522215017413,-0.4540522215017413,0.7090126115041526,-1.163064833005894,-0.09081044430034826,4.679296066252588,0.3207039337474118,-0.06925164184533096,-0.0007139344520137212,,,,,7.7214484679665745,-0.7214484679665745,-0.15578696004656398,-0.012982246670546998,"partial: caused turnovers only, relative to positional per-game average",,,,,deferred: no opportunity denominator; contexts not separable; overlaps faceoff value,4.778827763945668,,deferred: goal value already credited to the shooter,-0.5233038633470722,-0.15578696004656398,0.0,0.0,-0.6790908233936362,-0.05659090194946969,-0.012126621846314934,shooting+turnover+defense
003028,Alex Mazzone,WHP,1,LSM,long_stick_midfield,defensive_field,5,2.0,0.0,2.0,1.0,0.0,0.0,0.0,0.0,11.0,0.0,6.0,2.0,0.0,0.0,0.0,0,0,0,0.0,0.0,10,0.0,0.581532416502947,-0.581532416502947,0.0,-0.581532416502947,-0.2907662082514735,0.5306418219461698,-0.5306418219461698,0.11458486639740698,0.010416806036127907,,,,,3.2172701949860727,-1.2172701949860727,-0.26285290170018694,-0.052570580340037386,"partial: caused turnovers only, relative to positional per-game average",,,,,deferred: no opportunity denominator; contexts not separable; overlaps faceoff value,0.8433225465786474,,deferred: goal value already credited to the shooter,-0.46694755010554,-0.26285290170018694,0.0,0.0,-0.729800451805727,-0.14596009036114538,-0.07298004518057269,shooting+turnover+defense
003025,Cole Kirst,RED,1,M,midfield,offensive_field,1,2.0,2.0,0.0,1.0,0.0,0.0,0.0,0.0,8.0,1.0,0.0,0.0,0.0,0.0,0.0,0,0,0,0.0,0.0,2,0.0,0.5819747769916949,-0.5819747769916949,-0.5819747769916949,0.0,-0.29098738849584743,0.45016077170418006,0.54983922829582,-0.11873028455100013,-0.014841285568875016,,,,,0.13908205841446453,-0.13908205841446453,-0.03003287419609841,-0.03003287419609841,"partial: caused turnovers only, relative to positional per-game average",,,,,deferred: no opportunity denominator; contexts not separable; overlaps faceoff value,0.0,,deferred: goal value already credited to the shooter,-0.700705061542695,-0.03003287419609841,0.0,0.0,-0.7307379357387934,-0.7307379357387934,-0.3653689678693967,shooting+turnover+defense
000258,Blaze Riorden,CHA,1,G,goalie,goalie,11,4.0,0.0,4.0,3.0,0.0,0.0,0.0,0.0,196.0,5.0,17.0,6.0,0.0,0.0,159.0,296,268,28,136.0,0.0,489,0.0,1.163064833005894,-1.163064833005894,0.0,-1.163064833005894,-0.2907662082514735,4.710280373831775,0.28971962616822466,-0.06256100308007835,-0.00031918879122488957,,,,,2.666666666666667,3.333333333333333,0.7197878848998251,0.06543526226362047,"partial: caused turnovers only, relative to positional per-game average",135.74211180124223,-0.2578881987577688,-0.0008712439147221919,,deferred: no opportunity denominator; contexts not separable; overlaps faceoff value,2.389413881972834,,deferred: goal value already credited to the shooter,-1.2256258360859722,0.7197878848998251,0.0,-0.2578881987577688,-0.7637261499439159,-0.06942964999490144,-0.00156181216757447,shooting+turnover+defense+goalie
000337,Bryce Young,CAN,1,D,defense,defensive_field,10,0.0,0.0,0.0,0.0,0.0,0.0,0.0,0.0,37.0,4.0,13.0,5.0,0.0,0.0,0.0,0,0,0,0.0,0.0,14,1.0,0.0,0.0,0.0,0.0,,1.7848861283643893,2.2151138716356105,-0.4783236385430577,-0.012927665906569127,,,,,6.434540389972145,-1.4345403899721454,-0.30976943793042633,-0.03097694379304263,"partial: caused turnovers only, relative to positional per-game average",,,,,deferred: no opportunity denominator; contexts not separable; overlaps faceoff value,1.8271988509204025,,deferred: goal value already credited to the shooter,-0.4783236385430577,-0.30976943793042633,0.0,0.0,-0.788093076473484,-0.0788093076473484,-0.05629236260524886,shooting+turnover+defense
003157,Graydon Hogg,CAN,1,A,attack,offensive_field,3,12.0,12.0,0.0,8.0,3.0,3.0,0.0,3.0,52.0,4.0,3.0,0.0,0.0,0.0,0.0,0,0,0,0.0,1.0,17,0.0,3.4918486619501694,-0.4918486619501694,-0.4918486619501694,0.0,-0.04098738849584745,2.9260450160771705,1.0739549839228295,-0.23190593590663178,-0.0044597295366659954,,,,,0.4172461752433936,-0.4172461752433936,-0.09009862258829522,-0.030032874196098406,"partial: caused turnovers only, relative to positional per-game average",,,,,deferred: no opportunity denominator; contexts not separable; overlaps faceoff value,0.4216612732893237,,deferred: goal value already credited to the shooter,-0.7237545978568012,-0.09009862258829522,0.0,0.0,-0.8138532204450964,-0.27128440681503213,-0.047873718849711554,shooting+turnover+defense
001813,Jared Conners,RED,1,LSM,long_stick_midfield,defensive_field,12,8.0,1.0,7.0,3.0,1.0,0.0,1.0,2.0,90.0,6.0,28.0,7.0,0.0,0.0,0.0,0,0,0,0.0,2.0,58,3.0,2.3263508462561617,-0.32635084625616173,-0.29098738849584743,-0.035363457760314354,-0.040793855782020216,4.341614906832298,1.658385093167702,-0.358105649568174,-0.0039789516618685995,,,,,7.7214484679665745,-0.7214484679665745,-0.15578696004656398,-0.012982246670546998,"partial: caused turnovers only, relative to positional per-game average",,,,,deferred: no opportunity denominator; contexts not separable; overlaps faceoff value,3.935505217367021,,deferred: goal value already credited to the shooter,-0.6844564958243358,-0.15578696004656398,0.0,0.0,-0.8402434558708998,-0.07002028798924165,-0.014486956135705168,shooting+turnover+defense
003092,Josh Zawada,CHA,1,A,attack,offensive_field,9,33.0,33.0,0.0,24.0,9.0,9.0,0.0,9.0,285.0,17.0,11.0,1.0,0.0,0.0,0.0,0,0,0,0.0,5.0,71,1.0,9.602583820362966,-0.6025838203629661,-0.6025838203629661,0.0,-0.01826011576857473,16.036977491961416,0.9630225080385841,-0.20795158025160523,-0.0007296546675494921,,,,,1.2517385257301807,-0.25173852573018074,-0.054359502294938106,-0.006039944699437567,"partial: caused turnovers only, relative to positional per-game average",,,,,deferred: no opportunity denominator; contexts not separable; overlaps faceoff value,1.5460913353941867,,deferred: goal value already credited to the shooter,-0.8105354006145713,-0.054359502294938106,0.0,0.0,-0.8648949029095094,-0.09609943365661217,-0.01218161835083816,shooting+turnover+defense
003091,Garrett Degnon,CHA,1,M,midfield,offensive_field,4,18.0,15.0,3.0,9.0,4.0,4.0,0.0,4.0,74.0,2.0,5.0,0.0,0.0,0.0,0.0,0,0,0,0.0,2.0,25,0.0,5.237109452192132,-1.237109452192132,-0.36481082743771154,-0.8722986247544204,-0.06872830289956289,4.163987138263666,-2.163987138263666,0.46728351756036896,0.006314642129194175,,,,,0.5563282336578581,-0.5563282336578581,-0.12013149678439364,-0.03003287419609841,"partial: caused turnovers only, relative to positional per-game average",,,,,deferred: no opportunity denominator; contexts not separable; overlaps faceoff value,0.7027687888155394,,deferred: goal value already credited to the shooter,-0.7698259346317631,-0.12013149678439364,0.0,0.0,-0.8899574314161567,-0.22248935785403917,-0.03559829725664627,shooting+turnover+defense
001811,JT Giles-Harris,OUT,1,D,defense,defensive_field,12,2.0,1.0,1.0,2.0,0.0,0.0,0.0,0.0,88.0,5.0,16.0,7.0,0.0,0.0,0.0,0,0,0,0.0,1.0,21,1.0,0.5817535967473209,-0.5817535967473209,-0.29098738849584743,-0.2907662082514735,-0.29087679837366043,4.245134575569359,0.7548654244306414,-0.16300289617048208,-0.0018523056383009328,,,,,7.7214484679665745,-0.7214484679665745,-0.15578696004656398,-0.012982246670546998,"partial: caused turnovers only, relative to positional per-game average",,,,,deferred: no opportunity denominator; contexts not separable; overlaps faceoff value,2.248860124209726,,deferred: goal value already credited to the shooter,-0.744756492917803,-0.15578696004656398,0.0,0.0,-0.900543452964367,-0.07504528774703058,-0.04288302156973176,shooting+turnover+defense
000278,Myles Jones,ATL,1,M,midfield,offensive_field,3,5.0,5.0,0.0,3.0,1.0,1.0,0.0,1.0,59.0,5.0,2.0,0.0,0.0,0.0,0.0,0,0,0,0.0,4.0,14,0.0,1.454936942479237,-0.4549369424792371,-0.4549369424792371,0.0,-0.09098738849584742,3.319935691318328,1.680064308681672,-0.36278698057250036,-0.006148931874110176,,,,,0.4172461752433936,-0.4172461752433936,-0.09009862258829522,-0.030032874196098406,"partial: caused turnovers only, relative to positional per-game average",,,,,deferred: no opportunity denominator; contexts not separable; overlaps faceoff value,0.28110751552621577,,deferred: goal value already credited to the shooter,-0.8177239230517375,-0.09009862258829522,0.0,0.0,-0.9078225456400327,-0.3026075152133442,-0.06484446754571663,shooting+turnover+defense
003156,Aidan Danenza,RED,1,M,midfield,offensive_field,8,36.0,33.0,3.0,23.0,10.0,10.0,0.0,10.0,160.0,10.0,6.0,0.0,0.0,0.0,0.0,0,0,0,0.0,0.0,53,1.0,10.474882445117387,-0.4748824451173874,0.3974161796370339,-0.8722986247544204,-0.013191179031038539,9.003215434083602,0.9967845659163981,-0.21524203632052638,-0.0013452627270032899,,,,,1.1126564673157162,-1.1126564673157162,-0.24026299356878728,-0.03003287419609841,"partial: caused turnovers only, relative to positional per-game average",,,,,deferred: no opportunity denominator; contexts not separable; overlaps faceoff value,0.8433225465786474,,deferred: goal value already credited to the shooter,-0.6901244814379138,-0.24026299356878728,0.0,0.0,-0.9303874750067012,-0.11629843437583764,-0.017554480660503795,shooting+turnover+defense
003180,Christian Mazur,WHP,1,SSDM,defensive_midfield,defensive_field,11,5.0,4.0,1.0,2.0,1.0,1.0,0.0,1.0,74.0,2.0,14.0,4.0,1.0,0.0,0.0,0,0,0,0.0,1.0,29,0.0,1.4547157622348632,-0.4547157622348632,-0.16394955398338973,-0.2907662082514735,-0.09094315244697264,3.5697722567287786,-1.5697722567287786,0.3389709157335699,0.004580688050453648,0.49622166246851385,-0.49622166246851385,-0.15430370782075734,-0.15430370782075734,7.07799442896936,-3.07799442896936,-0.6646509299283903,-0.06042281181167184,"partial: caused turnovers only, relative to positional per-game average",,,,,deferred: no opportunity denominator; contexts not separable; overlaps faceoff value,1.9677526086835104,,deferred: goal value already credited to the shooter,-0.1157448465012933,-0.6646509299283903,-0.15430370782075734,0.0,-0.9346994842504409,-0.08497268038640372,-0.032231016698291065,shooting+turnover+defense+faceoff
001831,Colin Squires,WHP,1,LSM,long_stick_midfield,defensive_field,11,1.0,0.0,1.0,0.0,0.0,0.0,0.0,0.0,64.0,5.0,42.0,6.0,0.0,0.0,0.0,0,0,0,0.0,1.0,74,1.0,0.2907662082514735,-0.2907662082514735,0.0,-0.2907662082514735,-0.2907662082514735,3.087370600414079,1.9126293995859212,-0.41300624103755185,-0.006453222516211748,,,,,7.07799442896936,-1.07799442896936,-0.23277819898849514,-0.02116165445349956,"partial: caused turnovers only, relative to positional per-game average",,,,,deferred: no opportunity denominator; contexts not separable; overlaps faceoff value,5.903257826050531,,deferred: goal value already credited to the shooter,-0.7037724492890254,-0.23277819898849514,0.0,0.0,-0.9365506482775205,-0.08514096802522914,-0.012656089841588116,shooting+turnover+defense
000279,Patrick Resch,CHA,2,SSDM,defensive_midfield,defensive_field,3,0.0,0.0,0.0,0.0,0.0,0.0,0.0,0.0,25.0,3.0,4.0,0.0,1.0,0.0,0.0,0,0,0,0.0,1.0,11,2.0,0.0,0.0,0.0,0.0,,1.2060041407867494,1.7939958592132506,-0.3873889455066451,-0.015495557820265803,0.49622166246851385,-0.49622166246851385,-0.15430370782075734,-0.15430370782075734,1.9303621169916436,-1.9303621169916436,-0.41683537958404926,-0.1389451265280164,"partial: caused turnovers only, relative to positional per-game average",,,,,deferred: no opportunity denominator; contexts not separable; overlaps faceoff value,0.5622150310524315,,deferred: goal value already credited to the shooter,-0.3873889455066451,-0.41683537958404926,-0.15430370782075734,0.0,-0.9585280329114517,-0.3195093443038172,-0.08713891208285925,shooting+turnover+defense+faceoff
001820,Ryan Terefenko,OUT,1,SSDM,defensive_midfield,defensive_field,12,16.0,11.0,5.0,10.0,5.0,4.0,1.0,6.0,164.0,8.0,18.0,2.0,7.0,0.0,0.0,0,0,0,0.0,4.0,60,1.0,4.6546923147116885,1.3453076852883115,0.7991387265456784,0.5461689587426326,0.08408173033051947,7.911387163561077,0.08861283643892293,-0.01913473383460395,-0.00011667520630856067,3.4735516372795967,-3.4735516372795967,-1.0801259547453013,-0.15430370782075734,7.7214484679665745,-5.7214484679665745,-1.235468787396302,-0.10295573228302517,"partial: caused turnovers only, relative to positional per-game average",,,,,deferred: no opportunity denominator; contexts not separable; overlaps faceoff value,2.529967639735942,,deferred: goal value already credited to the shooter,1.3261729514537075,-1.235468787396302,-1.0801259547453013,0.0,-0.9894217906878957,-0.08245181589065798,-0.016490363178131594,shooting+turnover+defense+faceoff
003119,Alec Stathakis,WAT,1,FO,faceoff,faceoff,12,14.0,10.0,4.0,6.0,2.0,2.0,0.0,2.0,82.0,10.0,63.0,3.0,298.0,152.0,0.0,0,0,0,0.0,0.0,435,0.0,4.072938717964368,-2.0729387179643677,-0.9098738849584742,-1.163064833005894,-0.14806705128316913,8.098765432098766,1.9012345679012341,-0.4105456824984188,-0.005006654664614863,147.87405541561714,4.125944584382864,1.2829922508142135,0.0043053431235376294,3.1011235955056184,-0.10112359550561845,-0.02183626167673637,-0.0018196884730613642,"partial: caused turnovers only, relative to positional per-game average",,,,,deferred: no opportunity denominator; contexts not separable; overlaps faceoff value,8.854886739075797,,deferred: goal value already credited to the shooter,-2.4834844004627863,-0.02183626167673637,1.2829922508142135,0.0,-1.222328411325309,-0.10186070094377575,-0.002809950370862779,shooting+turnover+defense+faceoff
003100,Adam Poitras,WHP,1,M,midfield,offensive_field,11,33.0,33.0,0.0,24.0,8.0,8.0,0.0,8.0,231.0,11.0,39.0,1.0,0.0,0.0,0.0,0,0,0,0.0,6.0,115,1.0,9.602583820362966,-1.602583820362966,-1.602583820362966,0.0,-0.048563146071605036,12.9983922829582,-1.9983922829582,0.43152556636518474,0.0018680760448709297,,,,,1.5299026425591098,-0.5299026425591098,-0.11442525068713492,-0.010402295517012265,"partial: caused turnovers only, relative to positional per-game average",,,,,deferred: no opportunity denominator; contexts not separable; overlaps faceoff value,5.481596552761207,,deferred: goal value already credited to the shooter,-1.1710582539977814,-0.11442525068713492,0.0,0.0,-1.2854835046849162,-0.11686213678953784,-0.01117811743204275,shooting+turnover+defense
003005,Connor Maher,ARC,1,SSDM,defensive_midfield,defensive_field,10,2.0,1.0,1.0,1.0,1.0,1.0,0.0,1.0,57.0,3.0,12.0,3.0,8.0,1.0,0.0,0,0,0,0.0,2.0,29,0.0,0.5817535967473209,0.41824640325267914,0.7090126115041526,-0.2907662082514735,0.20912320162633957,2.749689440993789,0.2503105590062109,-0.05405115235055204,-0.0009482658307114392,3.9697732997481108,-2.9697732997481108,-0.9234724442673751,-0.11543405553342188,6.434540389972145,-3.4345403899721454,-0.7416421688703214,-0.07416421688703215,"partial: caused turnovers only, relative to positional per-game average",,,,,deferred: no opportunity denominator; contexts not separable; overlaps faceoff value,1.6866450931572947,,deferred: goal value already credited to the shooter,0.3641952509021271,-0.7416421688703214,-0.9234724442673751,0.0,-1.3009193622355695,-0.13009193622355694,-0.04485928835295067,shooting+turnover+defense+faceoff
000355,Matthew Dunn,WHP,1,D,defense,defensive_field,11,5.0,2.0,3.0,4.0,1.0,1.0,0.0,1.0,86.0,7.0,11.0,6.0,0.0,0.0,0.0,0,0,0,0.0,0.0,19,1.0,1.4542734017461152,-0.4542734017461152,0.41802522300830514,-0.8722986247544204,-0.09085468034922303,4.148654244306418,2.8513457556935817,-0.6157092391826331,-0.007159409757937594,,,,,7.07799442896936,-1.07799442896936,-0.23277819898849514,-0.02116165445349956,"partial: caused turnovers only, relative to positional per-game average",,,,,deferred: no opportunity denominator; contexts not separable; overlaps faceoff value,1.5460913353941867,,deferred: goal value already credited to the shooter,-1.0699826409287483,-0.23277819898849514,0.0,0.0,-1.3027608399172435,-0.11843280362884032,-0.0685663599956444,shooting+turnover+defense
003059,BJ Farrare,RED,1,SSDM,defensive_midfield,defensive_field,12,3.0,2.0,1.0,0.0,0.0,0.0,0.0,0.0,50.0,3.0,15.0,7.0,1.0,0.0,0.0,0,0,0,0.0,1.0,34,3.0,0.8727409852431683,-0.8727409852431683,-0.5819747769916949,-0.2907662082514735,-0.29091366174772276,2.412008281573499,0.5879917184265011,-0.12696879460344745,-0.002539375892068949,0.49622166246851385,-0.49622166246851385,-0.15430370782075734,-0.15430370782075734,7.7214484679665745,-0.7214484679665745,-0.15578696004656398,-0.012982246670546998,"partial: caused turnovers only, relative to positional per-game average",,,,,deferred: no opportunity denominator; contexts not separable; overlaps faceoff value,2.108306366446618,,deferred: goal value already credited to the shooter,-0.9997097798466158,-0.15578696004656398,-0.15430370782075734,0.0,-1.309800447713937,-0.10915003730949475,-0.03852354257982168,shooting+turnover+defense+faceoff
000275,Mark Glicini,CHA,1,SSDM,defensive_midfield,defensive_field,11,7.0,5.0,2.0,5.0,2.0,1.0,1.0,3.0,79.0,3.0,14.0,5.0,15.0,1.0,0.0,0,0,0,0.0,0.0,47,4.0,2.036469358982184,0.9635306410178162,-0.4549369424792371,1.418467583497053,0.1376472344311166,3.8109730848861285,-0.8109730848861285,0.17511858044426187,0.0022166908916995175,7.4433249370277075,-6.4433249370277075,-2.0035983990126764,-0.13357322660084509,7.07799442896936,-2.07799442896936,-0.4487145644584427,-0.040792233132585703,"partial: caused turnovers only, relative to positional per-game average",,,,,deferred: no opportunity denominator; contexts not separable; overlaps faceoff value,1.9677526086835104,,deferred: goal value already credited to the shooter,1.138649221462078,-0.4487145644584427,-2.0035983990126764,0.0,-1.3136637420090411,-0.11942397654627647,-0.027950292383171087,shooting+turnover+defense+faceoff
000373,Ryder Garnsey,RED,1,A,attack,offensive_field,12,54.0,49.0,5.0,36.0,14.0,14.0,0.0,14.0,378.0,20.0,23.0,2.0,0.0,0.0,0.0,0,0,0,0.0,10.0,106,0.0,15.71221307755389,-1.7122130775538906,-0.2583820362965241,-1.4538310412573674,-0.03170764958433131,21.270096463022508,-1.270096463022508,0.27426001402131606,0.0007255555926489843,,,,,1.6689847009735743,0.3310152990264257,0.07147824058671423,0.005956520048892852,"partial: caused turnovers only, relative to positional per-game average",,,,,deferred: no opportunity denominator; contexts not separable; overlaps faceoff value,3.2327364285514815,,deferred: goal value already credited to the shooter,-1.4379530635325746,0.07147824058671423,0.0,0.0,-1.3664748229458603,-0.11387290191215503,-0.012891271914583589,shooting+turnover+defense
003024,Brian Tevlin,RED,1,SSDM,defensive_midfield,defensive_field,12,15.0,11.0,4.0,5.0,2.0,2.0,0.0,2.0,151.0,3.0,30.0,13.0,9.0,1.0,0.0,0,0,0,0.0,2.0,82,5.0,4.363926106460216,-2.363926106460216,-1.2008612734543216,-1.163064833005894,-0.1575950737640144,7.284265010351968,-4.284265010351968,0.9251286150454712,0.006126679569837558,4.465994962216625,-3.465994962216625,-1.0777761520881324,-0.11975290578757027,7.7214484679665745,5.2785515320334255,1.1398312327731215,0.09498593606442679,"partial: caused turnovers only, relative to positional per-game average",,,,,deferred: no opportunity denominator; contexts not separable; overlaps faceoff value,4.216612732893236,,deferred: goal value already credited to the shooter,-1.4387974914147448,1.1398312327731215,-1.0777761520881324,0.0,-1.3767424107297557,-0.11472853422747964,-0.016789541594265312,shooting+turnover+defense+faceoff
003208,Max Merklinger,ARC,1,A,attack,offensive_field,2,4.0,3.0,1.0,2.0,0.0,0.0,0.0,0.0,22.0,2.0,1.0,0.0,0.0,0.0,0.0,0,0,0,0.0,0.0,6,0.0,1.1637283737390158,-1.1637283737390158,-0.8729621654875424,-0.2907662082514735,-0.29093209343475396,1.2379421221864952,0.7620578778135048,-0.1645560084127896,-0.00747981856421771,,,,,0.27816411682892905,-0.27816411682892905,-0.06006574839219682,-0.03003287419609841,"partial: caused turnovers only, relative to positional per-game average",,,,,deferred: no opportunity denominator; contexts not separable; overlaps faceoff value,0.14055375776310788,,deferred: goal value already credited to the shooter,-1.3282843821518053,-0.06006574839219682,0.0,0.0,-1.3883501305440022,-0.6941750652720011,-0.23139168842400037,shooting+turnover+defense
001816,Dox Aitken,ATL,1,M,midfield,offensive_field,2,4.0,4.0,0.0,1.0,0.0,0.0,0.0,0.0,19.0,2.0,1.0,0.0,0.0,0.0,0.0,0,0,0,0.0,0.0,6,1.0,1.1639495539833897,-1.1639495539833897,-1.1639495539833897,0.0,-0.29098738849584743,1.0691318327974277,0.9308681672025723,-0.2010082887573949,-0.010579383618810258,,,,,0.27816411682892905,-0.27816411682892905,-0.06006574839219682,-0.03003287419609841,"partial: caused turnovers only, relative to positional per-game average",,,,,deferred: no opportunity denominator; contexts not separable; overlaps faceoff value,0.14055375776310788,,deferred: goal value already credited to the shooter,-1.3649578427407847,-0.06006574839219682,0.0,0.0,-1.4250235911329816,-0.7125117955664908,-0.23750393185549692,shooting+turnover+defense
003149,JJ Sillstrop,CHA,1,M,midfield,offensive_field,10,22.0,22.0,0.0,18.0,5.0,5.0,0.0,5.0,141.0,9.0,3.0,2.0,0.0,0.0,0.0,0,0,0,0.0,3.0,37,0.0,6.401722546908643,-1.4017225469086432,-1.4017225469086432,0.0,-0.06371466122312014,7.934083601286174,1.065916398713826,-0.2301701130330791,-0.0016324121491707738,,,,,1.3908205841446453,0.6091794158553547,0.13154398897891106,0.013154398897891106,"partial: caused turnovers only, relative to positional per-game average",,,,,deferred: no opportunity denominator; contexts not separable; overlaps faceoff value,0.4216612732893237,,deferred: goal value already credited to the shooter,-1.6318926599417223,0.13154398897891106,0.0,0.0,-1.5003486709628113,-0.15003486709628114,-0.04054996408007598,shooting+turnover+defense
001819,Danny Logan,ATL,1,SSDM,defensive_midfield,defensive_field,11,4.0,3.0,1.0,2.0,2.0,2.0,0.0,2.0,76.0,3.0,17.0,2.0,13.0,2.0,0.0,0,0,0,0.0,2.0,51,5.0,1.1637283737390158,0.8362716262609842,1.1270378345124576,-0.2907662082514735,0.20906790656524604,3.6662525879917185,-0.6662525879917185,0.14386816233587812,0.0018930021359983963,6.45088161209068,-4.45088161209068,-1.3840337650724783,-0.10646413577480603,7.07799442896936,-5.07799442896936,-1.0965236608682853,-0.09968396916984412,"partial: caused turnovers only, relative to positional per-game average",,,,,deferred: no opportunity denominator; contexts not separable; overlaps faceoff value,2.389413881972834,,deferred: goal value already credited to the shooter,0.9801397885968623,-1.0965236608682853,-1.3840337650724783,0.0,-1.5004176373439013,-0.13640160339490012,-0.02941995367340983,shooting+turnover+defense+faceoff
002018,Matt Moore,ARC,1,A,attack,offensive_field,4,25.0,21.0,4.0,15.0,6.0,6.0,0.0,6.0,115.0,7.0,6.0,0.0,0.0,0.0,0.0,0,0,0,0.0,1.0,36,1.0,7.27379999141869,-1.2737999914186897,-0.1107351584127958,-1.163064833005894,-0.05095199965674759,6.471061093247588,0.528938906752412,-0.11421714507976334,-0.0009931925659109856,,,,,0.5563282336578581,-0.5563282336578581,-0.12013149678439364,-0.03003287419609841,"partial: caused turnovers only, relative to positional per-game average",,,,,deferred: no opportunity denominator; contexts not separable; overlaps faceoff value,0.8433225465786474,,deferred: goal value already credited to the shooter,-1.388017136498453,-0.12013149678439364,0.0,0.0,-1.5081486332828467,-0.37703715832071166,-0.041893017591190185,shooting+turnover+defense
001671,Zach Goodrich,CAN,1,SSDM,defensive_midfield,defensive_field,10,0.0,0.0,0.0,0.0,0.0,0.0,0.0,0.0,49.0,2.0,4.0,4.0,7.0,0.0,0.0,0,0,0,0.0,0.0,18,5.0,0.0,0.0,0.0,0.0,,2.363768115942029,-0.3637681159420292,0.07855076483037228,0.0016030768332729037,3.4735516372795967,-3.4735516372795967,-1.0801259547453013,-0.15430370782075734,6.434540389972145,-2.4345403899721454,-0.5257058034003739,-0.052570580340037386,"partial: caused turnovers only, relative to positional per-game average",,,,,deferred: no opportunity denominator; contexts not separable; overlaps faceoff value,0.5622150310524315,,deferred: goal value already credited to the shooter,0.07855076483037228,-0.5257058034003739,-1.0801259547453013,0.0,-1.5272809933153029,-0.15272809933153028,-0.08484894407307238,shooting+turnover+defense+faceoff
001707,Matt Whitcher,WAT,1,SSDM,defensive_midfield,defensive_field,11,6.0,4.0,2.0,4.0,1.0,1.0,0.0,1.0,73.0,3.0,15.0,5.0,3.0,0.0,0.0,0,0,0,0.0,1.0,37,5.0,1.7454819704863367,-0.7454819704863367,-0.16394955398338973,-0.581532416502947,-0.12424699508105612,3.5215320910973085,-0.5215320910973085,0.11261774422749439,0.0015427088250341697,1.4886649874055415,-1.4886649874055415,-0.462911123462272,-0.15430370782075734,7.07799442896936,-2.07799442896936,-0.4487145644584427,-0.040792233132585703,"partial: caused turnovers only, relative to positional per-game average",,,,,deferred: no opportunity denominator; contexts not separable; overlaps faceoff value,2.108306366446618,,deferred: goal value already credited to the shooter,-0.6328642262588423,-0.4487145644584427,-0.462911123462272,0.0,-1.544489914179557,-0.14040817401632336,-0.04174297065350154,shooting+turnover+defense+faceoff
002021,Roman Puglise,WHP,1,SSDM,defensive_midfield,defensive_field,9,6.0,5.0,1.0,4.0,1.0,1.0,0.0,1.0,83.0,3.0,11.0,1.0,0.0,0.0,0.0,0,0,0,0.0,1.0,27,7.0,1.7457031507307106,-0.7457031507307106,-0.4549369424792371,-0.2907662082514735,-0.12428385845511843,4.003933747412009,-1.0039337474120087,0.21678580458877353,0.002611877163720163,,,,,5.791086350974931,-4.791086350974931,-1.0345697732822001,-0.11495219703135556,"partial: caused turnovers only, relative to positional per-game average",,,,,deferred: no opportunity denominator; contexts not separable; overlaps faceoff value,1.5460913353941867,,deferred: goal value already credited to the shooter,-0.5289173461419371,-1.0345697732822001,0.0,0.0,-1.563487119424137,-0.17372079104712634,-0.05790693034904212,shooting+turnover+defense
000333,Sergio Perkovic,CHA,1,M,midfield,offensive_field,8,33.0,23.0,10.0,21.0,7.0,6.0,1.0,8.0,129.0,6.0,2.0,0.0,0.0,0.0,0.0,0,0,0,0.0,1.0,43,1.0,9.600372017919225,-1.6003720179192253,-0.6927099354044906,-0.9076620825147348,-0.04849612175512804,7.258842443729904,-1.258842443729904,0.27182986199834247,0.0021072082325452905,,,,,1.1126564673157162,-1.1126564673157162,-0.24026299356878728,-0.03003287419609841,"partial: caused turnovers only, relative to positional per-game average",,,,,deferred: no opportunity denominator; contexts not separable; overlaps faceoff value,0.28110751552621577,,deferred: goal value already credited to the shooter,-1.328542155920883,-0.24026299356878728,0.0,0.0,-1.5688051494896702,-0.19610064368620878,-0.03648384068580628,shooting+turnover+defense
003209,Michael Lampert,WAT,1,A,attack,offensive_field,3,3.0,3.0,0.0,2.0,0.0,0.0,0.0,0.0,20.0,4.0,0.0,0.0,0.0,0.0,0.0,0,0,0,0.0,1.0,5,0.0,0.8729621654875424,-0.8729621654875424,-0.8729621654875424,0.0,-0.29098738849584743,1.1254019292604502,2.87459807073955,-0.6207302595824217,-0.031036512979121085,,,,,0.4172461752433936,-0.4172461752433936,-0.09009862258829522,-0.030032874196098406,"partial: caused turnovers only, relative to positional per-game average",,,,,deferred: no opportunity denominator; contexts not separable; overlaps faceoff value,0.0,,deferred: goal value already credited to the shooter,-1.493692425069964,-0.09009862258829522,0.0,0.0,-1.583791047658259,-0.5279303492194197,-0.3167582095316518,shooting+turnover+defense
000395,Bryan Costabile,ATL,1,M,midfield,offensive_field,12,75.0,54.0,21.0,46.0,18.0,15.0,3.0,21.0,337.0,25.0,13.0,4.0,0.0,0.0,0.0,0,0,0,0.0,4.0,100,1.0,21.819409352056706,-0.8194093520567058,-0.7133189787757619,-0.10609037328094306,-0.010925458027422745,18.963022508038584,6.036977491961416,-1.3036029780380278,-0.003868258095068332,,,,,1.6689847009735743,2.3310152990264257,0.5033509715266093,0.04194591429388411,"partial: caused turnovers only, relative to positional per-game average",,,,,deferred: no opportunity denominator; contexts not separable; overlaps faceoff value,1.8271988509204025,,deferred: goal value already credited to the shooter,-2.123012330094734,0.5033509715266093,0.0,0.0,-1.6196613585681245,-0.13497177988067705,-0.016196613585681245,shooting+turnover+defense
000416,Ryland Rees,RED,2,LSM,long_stick_midfield,defensive_field,5,3.0,1.0,2.0,1.0,0.0,0.0,0.0,0.0,14.0,2.0,3.0,1.0,0.0,0.0,0.0,0,0,0,0.0,0.0,9,0.0,0.8725198049987943,-0.8725198049987943,-0.29098738849584743,-0.581532416502947,-0.2908399349995981,0.6753623188405797,1.3246376811594203,-0.28603744643410445,-0.020431246173864603,,,,,3.2172701949860727,-2.2172701949860727,-0.47878926717013454,-0.0957578534340269,"partial: caused turnovers only, relative to positional per-game average",,,,,deferred: no opportunity denominator; contexts not separable; overlaps faceoff value,0.4216612732893237,,deferred: goal value already credited to the shooter,-1.1585572514328988,-0.47878926717013454,0.0,0.0,-1.6373465186030334,-0.3274693037206067,-0.1819273909558926,shooting+turnover+defense
000978,Kyle Jackson,ATL,1,M,midfield,offensive_field,3,10.0,10.0,0.0,7.0,1.0,1.0,0.0,1.0,53.0,2.0,0.0,0.0,0.0,0.0,0.0,0,0,0,0.0,1.0,12,0.0,2.909873884958474,-1.9098738849584742,-1.9098738849584742,0.0,-0.19098738849584743,2.982315112540193,-0.982315112540193,0.2121175551481318,0.004002218021662864,,,,,0.4172461752433936,-0.4172461752433936,-0.09009862258829522,-0.030032874196098406,"partial: caused turnovers only, relative to positional per-game average",,,,,deferred: no opportunity denominator; contexts not separable; overlaps faceoff value,0.0,,deferred: goal value already credited to the shooter,-1.6977563298103424,-0.09009862258829522,0.0,0.0,-1.7878549523986376,-0.5959516507995458,-0.14898791269988645,shooting+turnover+defense
003022,Cross Ferrara,CHA,1,M,midfield,offensive_field,6,22.0,21.0,1.0,12.0,5.0,5.0,0.0,5.0,69.0,5.0,0.0,0.0,0.0,0.0,0.0,0,0,0,0.0,0.0,24,0.0,6.401501366664269,-1.4015013666642693,-1.1107351584127958,-0.2907662082514735,-0.06370460757564861,3.882636655948553,1.117363344051447,-0.24127937942381603,-0.0034968026003451597,,,,,0.8344923504867872,-0.8344923504867872,-0.18019724517659044,-0.030032874196098406,"partial: caused turnovers only, relative to positional per-game average",,,,,deferred: no opportunity denominator; contexts not separable; overlaps faceoff value,0.0,,deferred: goal value already credited to the shooter,-1.6427807460880852,-0.18019724517659044,0.0,0.0,-1.8229779912646757,-0.3038296652107793,-0.07595741630269483,shooting+turnover+defense
003101,Dylan Hess,WAT,1,SSDM,defensive_midfield,defensive_field,12,7.0,4.0,3.0,4.0,1.0,1.0,0.0,1.0,90.0,1.0,15.0,5.0,6.0,0.0,0.0,0,0,0,0.0,2.0,37,2.0,2.03624817873781,-1.03624817873781,-0.16394955398338973,-0.8722986247544204,-0.14803545410540142,4.341614906832298,-3.341614906832298,0.7215761777815639,0.00801751308646182,2.977329974811083,-2.977329974811083,-0.925822246924544,-0.15430370782075734,7.7214484679665745,-2.7214484679665745,-0.5876596909864591,-0.04897164091553826,"partial: caused turnovers only, relative to positional per-game average",,,,,deferred: no opportunity denominator; contexts not separable; overlaps faceoff value,2.108306366446618,,deferred: goal value already credited to the shooter,-0.31467200095624603,-0.5876596909864591,-0.925822246924544,0.0,-1.8281539388672492,-0.15234616157227077,-0.049409565915331057,shooting+turnover+defense+faceoff
002024,Asher Nolting,CAN,1,A,attack,offensive_field,10,37.0,37.0,0.0,23.0,10.0,10.0,0.0,10.0,292.0,22.0,11.0,2.0,0.0,0.0,0.0,0,0,0,0.0,26.0,113,2.0,10.766533374346356,-0.7665333743463556,-0.7665333743463556,0.0,-0.020717118225577178,16.430868167202572,5.569131832797428,-1.2025780867972644,-0.004118418105470084,,,,,1.3908205841446453,0.6091794158553547,0.13154398897891106,0.013154398897891106,"partial: caused turnovers only, relative to positional per-game average",,,,,deferred: no opportunity denominator; contexts not separable; overlaps faceoff value,1.5460913353941867,,deferred: goal value already credited to the shooter,-1.96911146114362,0.13154398897891106,0.0,0.0,-1.837567472164709,-0.1837567472164709,-0.01626165904570539,shooting+turnover+defense
003039,Chet Comizio,ATL,1,SSDM,defensive_midfield,defensive_field,11,4.0,3.0,1.0,1.0,0.0,0.0,0.0,0.0,73.0,2.0,11.0,3.0,1.0,0.0,0.0,0,0,0,0.0,0.0,23,5.0,1.1637283737390158,-1.1637283737390158,-0.8729621654875424,-0.2907662082514735,-0.29093209343475396,3.5215320910973085,-1.5215320910973085,0.328554109697442,0.004500741228732082,0.49622166246851385,-0.49622166246851385,-0.15430370782075734,-0.15430370782075734,7.07799442896936,-4.07799442896936,-0.8805872953983379,-0.08005339049075799,"partial: caused turnovers only, relative to positional per-game average",,,,,deferred: no opportunity denominator; contexts not separable; overlaps faceoff value,1.5460913353941867,,deferred: goal value already credited to the shooter,-0.8351742640415738,-0.8805872953983379,-0.15430370782075734,0.0,-1.8700652672606692,-0.17000593338733358,-0.08130718553307258,shooting+turnover+defense+faceoff
001846,Adam Charalambides,CHA,1,A,attack,offensive_field,10,56.0,54.0,2.0,35.0,15.0,15.0,0.0,15.0,297.0,19.0,8.0,1.0,0.0,0.0,0.0,0,0,0,0.0,2.0,81,5.0,16.29485139527871,-1.2948513952787088,-0.7133189787757619,-0.581532416502947,-0.02312234634426266,16.712218649517684,2.287781350482316,-0.49401518981307957,-0.0016633508074514463,,,,,1.3908205841446453,-0.39082058414464527,-0.08439237649103652,-0.008439237649103652,"partial: caused turnovers only, relative to positional per-game average",,,,,deferred: no opportunity denominator; contexts not separable; overlaps faceoff value,1.124430062104863,,deferred: goal value already credited to the shooter,-1.7888665850917884,-0.08439237649103652,0.0,0.0,-1.873258961582825,-0.1873258961582825,-0.023126653846701543,shooting+turnover+defense
003006,Piper Bond,ARC,1,SSDM,defensive_midfield,defensive_field,10,6.0,6.0,0.0,4.0,2.0,2.0,0.0,2.0,101.0,8.0,15.0,6.0,13.0,2.0,0.0,0,0,0,0.0,1.0,48,5.0,1.7459243309750847,0.2540756690249153,0.2540756690249153,0.0,0.04234594483748588,4.872256728778468,3.127743271221532,-0.6753935141106621,-0.006687064496145169,6.45088161209068,-4.45088161209068,-1.3840337650724783,-0.10646413577480603,6.434540389972145,-0.4345403899721454,-0.09383307246047873,-0.009383307246047874,"partial: caused turnovers only, relative to positional per-game average",,,,,deferred: no opportunity denominator; contexts not separable; overlaps faceoff value,2.108306366446618,,deferred: goal value already credited to the shooter,-0.42131784508574677,-0.09383307246047873,-1.3840337650724783,0.0,-1.8991846826187038,-0.18991846826187037,-0.039566347554556326,shooting+turnover+defense+faceoff
000409,Zach Currier,WAT,1,M,midfield,offensive_field,12,36.0,35.0,1.0,24.0,9.0,9.0,0.0,9.0,229.0,13.0,50.0,4.0,12.0,3.0,0.0,0,0,0,0.0,3.0,139,2.0,10.475324805606135,-1.4753248056061352,-1.1845585973546608,-0.2907662082514735,-0.04098124460017042,12.885852090032154,0.11414790996784596,-0.024648684804447457,-0.00010763617818536007,5.954659949622166,-2.954659949622166,-0.9187728389530373,-0.07656440324608645,1.6689847009735743,2.3310152990264257,0.5033509715266093,0.04194591429388411,"partial: caused turnovers only, relative to positional per-game average",,,,,deferred: no opportunity denominator; contexts not separable; overlaps faceoff value,7.027687888155394,,deferred: goal value already credited to the shooter,-1.4999734904105826,0.5033509715266093,-0.9187728389530373,0.0,-1.9153953578370104,-0.15961627981975088,-0.013779822718251874,shooting+turnover+defense+faceoff
000305,Romar Dennis,RED,1,M,midfield,offensive_field,10,51.0,23.0,28.0,25.0,6.0,1.0,5.0,11.0,182.0,1.0,4.0,1.0,0.0,0.0,0.0,0,0,0,0.0,1.0,61,0.0,14.834163766445748,-3.834163766445748,-5.6927099354044906,1.8585461689587426,-0.07517968169501467,10.241157556270096,-9.241157556270096,1.995501975436107,0.010964296568330258,,,,,1.3908205841446453,-0.39082058414464527,-0.08439237649103652,-0.008439237649103652,"partial: caused turnovers only, relative to positional per-game average",,,,,deferred: no opportunity denominator; contexts not separable; overlaps faceoff value,0.5622150310524315,,deferred: goal value already credited to the shooter,-1.838661791009641,-0.08439237649103652,0.0,0.0,-1.9230541675006776,-0.19230541675006776,-0.03152547815574881,shooting+turnover+defense
002015,Logan Wisnauskas,OUT,1,A,attack,offensive_field,12,50.0,46.0,4.0,36.0,14.0,14.0,0.0,14.0,286.0,21.0,10.0,0.0,0.0,0.0,0.0,0,0,0,0.0,9.0,89,1.0,14.548484703814875,-0.548484703814875,0.6145801291910189,-1.163064833005894,-0.0109696940762975,16.093247588424436,4.906752411575564,-1.0595462820165276,-0.0037047072797780686,,,,,1.6689847009735743,-1.6689847009735743,-0.3603944903531809,-0.030032874196098406,"partial: caused turnovers only, relative to positional per-game average",,,,,deferred: no opportunity denominator; contexts not separable; overlaps faceoff value,1.4055375776310788,,deferred: goal value already credited to the shooter,-1.6080309858314026,-0.3603944903531809,0.0,0.0,-1.9684254761845834,-0.16403545634871528,-0.02211714018184925,shooting+turnover+defense
001832,Charlie Bertrand,RED,1,M,midfield,offensive_field,9,31.0,29.0,2.0,22.0,7.0,7.0,0.0,7.0,132.0,6.0,7.0,0.0,0.0,0.0,0.0,0,0,0,0.0,3.0,46,1.0,9.020166682882522,-2.0201666828825218,-1.4386342663795748,-0.581532416502947,-0.06516666718975876,7.427652733118971,-1.427652733118971,0.30828214234294765,0.002335470775325361,,,,,1.2517385257301807,-1.2517385257301807,-0.2702958677648857,-0.03003287419609841,"partial: caused turnovers only, relative to positional per-game average",,,,,deferred: no opportunity denominator; contexts not separable; overlaps faceoff value,0.9838763043417552,,deferred: goal value already credited to the shooter,-1.7118845405395742,-0.2702958677648857,0.0,0.0,-1.9821804083044599,-0.22024226758938442,-0.043090878441401304,shooting+turnover+defense
003164,Matt Traynor,ATL,1,M,midfield,offensive_field,12,68.0,66.0,2.0,39.0,18.0,18.0,0.0,18.0,224.0,14.0,18.0,2.0,0.0,0.0,0.0,0,0,0,0.0,9.0,109,0.0,19.786700057228877,-1.7867000572288774,-1.2051676407259322,-0.581532416502947,-0.02627500084160114,12.604501607717042,1.395498392282958,-0.30133885084873707,-0.0013452627270032905,,,,,1.6689847009735743,0.3310152990264257,0.07147824058671423,0.005956520048892852,"partial: caused turnovers only, relative to positional per-game average",,,,,deferred: no opportunity denominator; contexts not separable; overlaps faceoff value,2.529967639735942,,deferred: goal value already credited to the shooter,-2.0880389080776145,0.07147824058671423,0.0,0.0,-2.0165606674909005,-0.16804672229090836,-0.018500556582485325,shooting+turnover+defense
003171,Levi Verch,CHA,1,LSM,long_stick_midfield,defensive_field,11,3.0,1.0,2.0,1.0,0.0,0.0,0.0,0.0,52.0,5.0,21.0,4.0,0.0,0.0,0.0,0,0,0,0.0,0.0,34,2.0,0.8725198049987943,-0.8725198049987943,-0.29098738849584743,-0.581532416502947,-0.2908399349995981,2.508488612836439,2.491511387163561,-0.5380079134710867,-0.010346306028290128,,,,,7.07799442896936,-3.07799442896936,-0.6646509299283903,-0.06042281181167184,"partial: caused turnovers only, relative to positional per-game average",,,,,deferred: no opportunity denominator; contexts not separable; overlaps faceoff value,2.9516289130252655,,deferred: goal value already credited to the shooter,-1.410527718469881,-0.6646509299283903,0.0,0.0,-2.0751786483982713,-0.18865260439984285,-0.06103466612936092,shooting+turnover+defense
000345,Jake Bernhardt,WHP,1,SSDM,defensive_midfield,defensive_field,11,5.0,2.0,3.0,2.0,1.0,0.0,1.0,2.0,55.0,3.0,8.0,1.0,15.0,3.0,0.0,0,0,0,0.0,0.0,30,1.0,1.4542734017461152,0.5457265982538848,-0.5819747769916949,1.1277013752455796,0.10914531965077696,2.6532091097308492,0.3467908902691508,-0.07488476442280782,-0.0013615411713237787,7.4433249370277075,-4.4433249370277075,-1.3816839624153092,-0.09211226416102061,7.07799442896936,-6.07799442896936,-1.312460026338233,-0.11931454784893028,"partial: caused turnovers only, relative to positional per-game average",,,,,deferred: no opportunity denominator; contexts not separable; overlaps faceoff value,1.124430062104863,,deferred: goal value already credited to the shooter,0.470841833831077,-1.312460026338233,-1.3816839624153092,0.0,-2.2233021549224654,-0.20211837772022412,-0.07411007183074884,shooting+turnover+defense+faceoff
003088,Alexander Vardaro,CAN,1,M,midfield,offensive_field,3,10.0,8.0,2.0,5.0,1.0,1.0,0.0,1.0,52.0,4.0,1.0,0.0,0.0,0.0,0.0,0,0,0,0.0,3.0,19,0.0,2.9094315244697264,-1.9094315244697264,-1.3278991079667795,-0.581532416502947,-0.19094315244697263,2.9260450160771705,1.0739549839228295,-0.23190593590663178,-0.0044597295366659954,,,,,0.4172461752433936,-0.4172461752433936,-0.09009862258829522,-0.030032874196098406,"partial: caused turnovers only, relative to positional per-game average",,,,,deferred: no opportunity denominator; contexts not separable; overlaps faceoff value,0.14055375776310788,,deferred: goal value already credited to the shooter,-2.1413374603763584,-0.09009862258829522,0.0,0.0,-2.231436082964654,-0.7438120276548846,-0.11744400436656073,shooting+turnover+defense
003086,Eric Dobson,CHA,1,M,midfield,offensive_field,3,6.0,4.0,2.0,2.0,0.0,0.0,0.0,0.0,53.0,5.0,1.0,0.0,0.0,0.0,0.0,0,0,0,0.0,0.0,8,0.0,1.7454819704863367,-1.7454819704863367,-1.1639495539833897,-0.581532416502947,-0.29091366174772276,2.982315112540193,2.017684887459807,-0.43569154126171095,-0.008220595118145489,,,,,0.4172461752433936,-0.4172461752433936,-0.09009862258829522,-0.030032874196098406,"partial: caused turnovers only, relative to positional per-game average",,,,,deferred: no opportunity denominator; contexts not separable; overlaps faceoff value,0.14055375776310788,,deferred: goal value already credited to the shooter,-2.1811735117480477,-0.09009862258829522,0.0,0.0,-2.271272134336343,-0.7570907114454477,-0.2839090167920429,shooting+turnover+defense
003186,Hugh Kelleher,ATL,1,M,midfield,offensive_field,8,29.0,24.0,5.0,13.0,6.0,6.0,0.0,6.0,99.0,4.0,6.0,0.0,0.0,0.0,0.0,0,0,0,0.0,1.0,42,2.0,8.437528365157707,-2.437528365157707,-0.9836973239003388,-1.4538310412573674,-0.08405270224681749,5.570739549839228,-1.570739549839228,0.33917978949218447,0.003426058479719035,,,,,1.1126564673157162,-1.1126564673157162,-0.24026299356878728,-0.03003287419609841,"partial: caused turnovers only, relative to positional per-game average",,,,,deferred: no opportunity denominator; contexts not separable; overlaps faceoff value,0.8433225465786474,,deferred: goal value already credited to the shooter,-2.0983485756655225,-0.24026299356878728,0.0,0.0,-2.3386115692343097,-0.2923264461542887,-0.055681227838912134,shooting+turnover+defense
001821,Tre Leclaire,ARC,1,M,midfield,offensive_field,5,23.0,17.0,6.0,16.0,5.0,5.0,0.0,5.0,101.0,8.0,5.0,0.0,0.0,0.0,0.0,0,0,0,0.0,1.0,31,0.0,6.691382853938247,-1.6913828539382472,0.05321439557059371,-1.7445972495088409,-0.07353838495383683,5.683279742765273,2.316720257234727,-0.5002641521578689,-0.004953110417404642,,,,,0.6954102920723226,-0.6954102920723226,-0.15016437098049204,-0.03003287419609841,"partial: caused turnovers only, relative to positional per-game average",,,,,deferred: no opportunity denominator; contexts not separable; overlaps faceoff value,0.7027687888155394,,deferred: goal value already credited to the shooter,-2.191647006096116,-0.15016437098049204,0.0,0.0,-2.341811377076608,-0.4683622754153216,-0.0755423024863422,shooting+turnover+defense
003085,Graham Bundy,OUT,1,M,midfield,offensive_field,12,48.0,24.0,24.0,29.0,6.0,3.0,3.0,9.0,278.0,4.0,6.0,2.0,0.0,0.0,0.0,0,0,0,0.0,2.0,67,2.0,13.962086321935702,-4.962086321935702,-3.983697323900339,-0.9783889980353635,-0.10337679837366047,15.643086816720258,-11.643086816720258,2.514165850053634,0.00904376205055264,,,,,1.6689847009735743,0.3310152990264257,0.07147824058671423,0.005956520048892852,"partial: caused turnovers only, relative to positional per-game average",,,,,deferred: no opportunity denominator; contexts not separable; overlaps faceoff value,0.8433225465786474,,deferred: goal value already credited to the shooter,-2.4479204718820684,0.07147824058671423,0.0,0.0,-2.3764422312953544,-0.1980368526079462,-0.03546928703425902,shooting+turnover+defense
003192,Jackson Eicher,CHA,1,A,attack,offensive_field,11,78.0,67.0,11.0,47.0,20.0,19.0,1.0,21.0,250.0,16.0,6.0,0.0,0.0,0.0,0.0,0,0,0,0.0,9.0,106,1.0,22.694583319987988,-1.6945833199879878,-0.4961550292217787,-1.1984282907662083,-0.02172542717933318,14.067524115755626,1.9324758842443739,-0.41729181880205324,-0.001669167275208213,,,,,1.5299026425591098,-1.5299026425591098,-0.3303616161570825,-0.030032874196098406,"partial: caused turnovers only, relative to positional per-game average",,,,,deferred: no opportunity denominator; contexts not separable; overlaps faceoff value,0.8433225465786474,,deferred: goal value already credited to the shooter,-2.111875138790041,-0.3303616161570825,0.0,0.0,-2.442236754947124,-0.22202152317701127,-0.02303996938629362,shooting+turnover+defense
001814,Mac O'Keefe,ARC,1,A,attack,offensive_field,10,48.0,40.0,8.0,35.0,10.0,9.0,1.0,11.0,205.0,9.0,11.0,1.0,0.0,0.0,0.0,0,0,0,0.0,7.0,77,1.0,13.965625205845685,-2.9656252058456847,-2.639495539833897,-0.32612966601178783,-0.06178385845511843,11.535369774919614,-2.535369774919614,0.5474785343185005,0.002670626996675612,,,,,1.3908205841446453,-0.39082058414464527,-0.08439237649103652,-0.008439237649103652,"partial: caused turnovers only, relative to positional per-game average",,,,,deferred: no opportunity denominator; contexts not separable; overlaps faceoff value,1.5460913353941867,,deferred: goal value already credited to the shooter,-2.418146671527184,-0.08439237649103652,0.0,0.0,-2.5025390480182206,-0.2502539048018221,-0.03250050711711975,shooting+turnover+defense
003019,Sam Handley,RED,2,M,midfield,offensive_field,5,22.0,15.0,7.0,14.0,3.0,2.0,1.0,4.0,90.0,5.0,3.0,0.0,0.0,0.0,0.0,0,0,0,0.0,1.0,34,0.0,6.400174285198026,-2.400174285198026,-2.3648108274377115,-0.035363457760314354,-0.10909883114536481,5.064308681672026,-0.06430868167202597,0.013886582988421119,0.00015429536653801244,,,,,0.6954102920723226,-0.6954102920723226,-0.15016437098049204,-0.03003287419609841,"partial: caused turnovers only, relative to positional per-game average",,,,,deferred: no opportunity denominator; contexts not separable; overlaps faceoff value,0.4216612732893237,,deferred: goal value already credited to the shooter,-2.386287702209605,-0.15016437098049204,0.0,0.0,-2.536452073190097,-0.5072904146380194,-0.07460153156441461,shooting+turnover+defense
003206,Greg Langermeier,CHA,1,SSDM,defensive_midfield,defensive_field,10,6.0,6.0,0.0,0.0,0.0,0.0,0.0,0.0,60.0,5.0,9.0,6.0,4.0,1.0,0.0,0,0,0,0.0,2.0,27,2.0,1.7459243309750847,-1.7459243309750847,-1.7459243309750847,0.0,-0.29098738849584743,2.894409937888199,2.105590062111801,-0.4546734651820634,-0.0075778910863677235,1.9848866498740554,-0.9848866498740554,-0.3062576129843458,-0.07656440324608645,6.434540389972145,-0.4345403899721454,-0.09383307246047873,-0.009383307246047874,"partial: caused turnovers only, relative to positional per-game average",,,,,deferred: no opportunity denominator; contexts not separable; overlaps faceoff value,1.264983819867971,,deferred: goal value already credited to the shooter,-2.2005977961571483,-0.09383307246047873,-0.3062576129843458,0.0,-2.600688481601973,-0.26006884816019726,-0.09632179561488788,shooting+turnover+defense+faceoff
001815,Connor Kirst,CAN,1,M,midfield,offensive_field,10,29.0,22.0,7.0,15.0,7.0,6.0,1.0,8.0,109.0,14.0,12.0,1.0,22.0,8.0,0.0,0,0,0,0.0,2.0,77,2.0,8.437086004668958,-0.43708600466895753,-0.4017225469086432,-0.035363457760314354,-0.015071931195481295,6.133440514469453,7.866559485530547,-1.6986762640586068,-0.015584185908794557,10.916876574307304,-2.916876574307304,-0.9070238256671926,-0.04122835571214512,1.3908205841446453,-0.39082058414464527,-0.08439237649103652,-0.008439237649103652,"partial: caused turnovers only, relative to positional per-game average",,,,,deferred: no opportunity denominator; contexts not separable; overlaps faceoff value,1.6866450931572947,,deferred: goal value already credited to the shooter,-2.1357622687275644,-0.08439237649103652,-0.9070238256671926,0.0,-3.1271784708857933,-0.3127178470885793,-0.04061270741410121,shooting+turnover+defense+faceoff
003098,Luke Wierman,OUT,1,FO,faceoff,faceoff,12,24.0,16.0,8.0,11.0,3.0,3.0,0.0,3.0,96.0,12.0,88.0,6.0,302.0,152.0,0.0,0,0,0,0.0,1.0,501,2.0,6.981927881945347,-3.9819278819453467,-1.655798215933559,-2.326129666011788,-0.1659136617477228,9.481481481481481,2.518518518518519,-0.5438397352576458,-0.0056649972422671445,149.8589420654912,2.141057934508808,0.665777419531184,0.0022045609918251124,3.1011235955056184,2.8988764044943816,0.6259728347331064,0.05216440289442553,"partial: caused turnovers only, relative to positional per-game average",,,,,deferred: no opportunity denominator; contexts not separable; overlaps faceoff value,12.368730683153494,,deferred: goal value already credited to the shooter,-4.525767617202993,0.6259728347331064,0.665777419531184,0.0,-3.2340173629387023,-0.26950144691155853,-0.0064551244769235575,shooting+turnover+defense+faceoff
001809,Jeff Teat,ATL,1,A,attack,offensive_field,12,84.0,82.0,2.0,52.0,21.0,21.0,0.0,21.0,432.0,23.0,21.0,1.0,0.0,0.0,0.0,0,0,0,0.0,29.0,171,1.0,24.442498273162435,-3.4424982731624354,-2.86096585665949,-0.581532416502947,-0.0409821222995528,24.308681672025724,-1.308681672025724,0.2825919638143688,0.0006541480643851129,,,,,1.6689847009735743,-0.6689847009735743,-0.14445812488323334,-0.012038177073602779,"partial: caused turnovers only, relative to positional per-game average",,,,,deferred: no opportunity denominator; contexts not separable; overlaps faceoff value,2.9516289130252655,,deferred: goal value already credited to the shooter,-3.1599063093480666,-0.14445812488323334,0.0,0.0,-3.3043644342313,-0.2753637028526083,-0.019323768621235672,shooting+turnover+defense
003172,Max Krevsky,ATL,1,SSDM,defensive_midfield,defensive_field,10,8.0,8.0,0.0,4.0,1.0,1.0,0.0,1.0,76.0,7.0,9.0,2.0,2.0,0.0,0.0,0,0,0,0.0,2.0,25,1.0,2.3278991079667795,-1.3278991079667795,-1.3278991079667795,0.0,-0.16598738849584743,3.6662525879917185,3.3337474120082815,-0.7198772995439121,-0.009472069730840948,0.9924433249370277,-0.9924433249370277,-0.30860741564151467,-0.15430370782075734,6.434540389972145,-4.434540389972145,-0.9575785343402691,-0.0957578534340269,"partial: caused turnovers only, relative to positional per-game average",,,,,deferred: no opportunity denominator; contexts not separable; overlaps faceoff value,1.264983819867971,,deferred: goal value already credited to the shooter,-2.0477764075106917,-0.9575785343402691,-0.30860741564151467,0.0,-3.3139623574924757,-0.3313962357492476,-0.13255849429969901,shooting+turnover+defense+faceoff
003084,Jake Stevens,ATL,1,M,midfield,offensive_field,12,37.0,36.0,1.0,23.0,10.0,10.0,0.0,10.0,143.0,20.0,11.0,1.0,0.0,0.0,0.0,0,0,0,0.0,0.0,58,2.0,10.766312194101982,-0.7663121941019817,-0.47554598585050734,-0.2907662082514735,-0.02071114038113464,8.046623794212218,11.953376205787782,-2.581168612972766,-0.01805013016064871,,,,,1.6689847009735743,-0.6689847009735743,-0.14445812488323334,-0.012038177073602779,"partial: caused turnovers only, relative to positional per-game average",,,,,deferred: no opportunity denominator; contexts not separable; overlaps faceoff value,1.5460913353941867,,deferred: goal value already credited to the shooter,-3.3474808070747475,-0.14445812488323334,0.0,0.0,-3.4919389319579808,-0.2909949109964984,-0.06020584365444794,shooting+turnover+defense
003018,Nick Rowlett,CHA,1,FO,faceoff,faceoff,3,2.0,2.0,0.0,0.0,0.0,0.0,0.0,0.0,12.0,2.0,10.0,1.0,68.0,24.0,0.0,0,0,0,0.0,0.0,90,0.0,0.5819747769916949,-0.5819747769916949,-0.5819747769916949,0.0,-0.29098738849584743,1.1851851851851851,0.8148148148148149,-0.17594814964217953,-0.014662345803514961,33.74307304785894,-9.743073047858942,-3.0296788926430933,-0.04455410136239843,0.7752808988764046,0.2247191011235954,0.0485250259483028,0.016175008649434264,"partial: caused turnovers only, relative to positional per-game average",,,,,deferred: no opportunity denominator; contexts not separable; overlaps faceoff value,1.4055375776310788,,deferred: goal value already credited to the shooter,-0.7579229266338744,0.0485250259483028,-3.0296788926430933,0.0,-3.739076793328665,-1.2463589311095549,-0.04154529770365183,shooting+turnover+defense+faceoff
002067,Zac Tucci,CAN,1,FO,faceoff,faceoff,10,13.0,10.0,3.0,7.0,4.0,3.0,1.0,5.0,44.0,5.0,46.0,1.0,255.0,112.0,0.0,0,0,0,0.0,0.0,364,5.0,3.7821725097128946,1.2178274902871054,0.09012611504152579,1.1277013752455796,0.09367903771439272,4.345679012345679,0.6543209876543212,-0.14129169592478055,-0.003211174907381376,126.53652392947103,-14.53652392947103,-4.52023704484056,-0.017726419783688472,2.5842696629213484,-1.5842696629213484,-0.3421014329355349,-0.03421014329355349,"partial: caused turnovers only, relative to positional per-game average",,,,,deferred: no opportunity denominator; contexts not separable; overlaps faceoff value,6.465472857102963,,deferred: goal value already credited to the shooter,1.0765357943623248,-0.3421014329355349,-4.52023704484056,0.0,-3.7858026834137704,-0.37858026834137704,-0.010400556822565302,shooting+turnover+defense+faceoff
002059,Brendan Krebs,WHP,1,G,goalie,goalie,4,1.0,1.0,0.0,0.0,0.0,0.0,0.0,0.0,47.0,1.0,7.0,1.0,0.0,0.0,28.0,64,58,6,33.0,0.0,117,0.0,0.29098738849584743,-0.29098738849584743,-0.29098738849584743,0.0,-0.29098738849584743,1.129506008010681,-0.1295060080106809,0.02796505667634835,0.0005950012058797521,,,,,0.9696969696969697,0.030303030303030276,0.006543526226362042,0.0016358815565905105,"partial: caused turnovers only, relative to positional per-game average",29.345010351966877,-3.6549896480331228,-0.05710921325051754,,deferred: no opportunity denominator; contexts not separable; overlaps faceoff value,0.9838763043417552,,deferred: goal value already credited to the shooter,-0.2630223318194991,0.006543526226362042,0.0,-3.6549896480331228,-3.91146845362626,-0.977867113406565,-0.033431354304497944,shooting+turnover+defense+goalie
003170,Mic Kelly,CAN,1,M,midfield,offensive_field,5,24.0,23.0,1.0,14.0,3.0,3.0,0.0,3.0,97.0,6.0,3.0,1.0,0.0,0.0,0.0,0,0,0,0.0,2.0,37,0.0,6.983476143655964,-3.983476143655964,-3.6927099354044906,-0.2907662082514735,-0.16597817265233183,5.458199356913183,0.541800643086817,-0.11699446167744754,-0.001206128470901521,,,,,0.6954102920723226,0.30458970792767737,0.06577199448945553,0.013154398897891106,"partial: caused turnovers only, relative to positional per-game average",,,,,deferred: no opportunity denominator; contexts not separable; overlaps faceoff value,0.4216612732893237,,deferred: goal value already credited to the shooter,-4.1004706053334115,0.06577199448945553,0.0,0.0,-4.0346986108439555,-0.8069397221687911,-0.10904590840118798,shooting+turnover+defense
002028,Jack Hannah,WAT,1,M,midfield,offensive_field,12,65.0,57.0,8.0,37.0,15.0,15.0,0.0,15.0,273.0,16.0,20.0,1.0,0.0,0.0,0.0,0,0,0,0.0,3.0,107,2.0,18.91241081027509,-3.912410810275091,-1.5862811442633031,-2.326129666011788,-0.06019093554269371,15.361736334405144,0.6382636655948559,-0.13782433616007922,-0.0005048510482054183,,,,,1.6689847009735743,-0.6689847009735743,-0.14445812488323334,-0.012038177073602779,"partial: caused turnovers only, relative to positional per-game average",,,,,deferred: no opportunity denominator; contexts not separable; overlaps faceoff value,2.8110751552621576,,deferred: goal value already credited to the shooter,-4.0502351464351705,-0.14445812488323334,0.0,0.0,-4.194693271318404,-0.34955777260986703,-0.03920274085344303,shooting+turnover+defense
003080,Pat Kavanagh,OUT,1,A,attack,offensive_field,12,102.0,99.0,3.0,70.0,24.0,24.0,0.0,24.0,516.0,26.0,27.0,5.0,0.0,0.0,0.0,0,0,0,0.0,20.0,195,7.0,29.680050085843316,-5.680050085843316,-4.807751461088895,-0.8722986247544204,-0.05568676554748349,29.035369774919616,-3.035369774919616,0.6554467170534747,0.0012702455756850284,,,,,1.6689847009735743,3.3310152990264257,0.719287336996557,0.05994061141637975,"partial: caused turnovers only, relative to positional per-game average",,,,,deferred: no opportunity denominator; contexts not separable; overlaps faceoff value,3.794951459603913,,deferred: goal value already credited to the shooter,-5.024603368789841,0.719287336996557,0.0,0.0,-4.305316031793284,-0.35877633598277364,-0.022078543752786072,shooting+turnover+defense
003120,Jack VanOverbeke,OUT,1,M,midfield,offensive_field,6,14.0,14.0,0.0,8.0,0.0,0.0,0.0,0.0,60.0,5.0,2.0,0.0,0.0,0.0,0.0,0,0,0,0.0,2.0,19,0.0,4.073823438941864,-4.073823438941864,-4.073823438941864,0.0,-0.29098738849584743,3.3762057877813505,1.6237942122186495,-0.35063622045763193,-0.005843937007627199,,,,,0.8344923504867872,-0.8344923504867872,-0.18019724517659044,-0.030032874196098406,"partial: caused turnovers only, relative to positional per-game average",,,,,deferred: no opportunity denominator; contexts not separable; overlaps faceoff value,0.28110751552621577,,deferred: goal value already credited to the shooter,-4.4244596593994965,-0.18019724517659044,0.0,0.0,-4.604656904576087,-0.7674428174293478,-0.24235036339874144,shooting+turnover+defense
000354,Matt Rambo,WHP,1,A,attack,offensive_field,6,16.0,16.0,0.0,8.0,0.0,0.0,0.0,0.0,74.0,4.0,2.0,0.0,0.0,0.0,0.0,0,0,0,0.0,4.0,28,0.0,4.655798215933559,-4.655798215933559,-4.655798215933559,0.0,-0.29098738849584743,4.163987138263666,-0.16398713826366595,0.0354107866204738,0.0004785241435199162,,,,,0.8344923504867872,-0.8344923504867872,-0.18019724517659044,-0.030032874196098406,"partial: caused turnovers only, relative to positional per-game average",,,,,deferred: no opportunity denominator; contexts not separable; overlaps faceoff value,0.28110751552621577,,deferred: goal value already credited to the shooter,-4.6203874293130855,-0.18019724517659044,0.0,0.0,-4.800584674489676,-0.8000974457482793,-0.17144945266034559,shooting+turnover+defense
002039,Owen McElroy,OUT,1,G,goalie,goalie,2,0.0,0.0,0.0,0.0,0.0,0.0,0.0,0.0,21.0,0.0,2.0,0.0,0.0,0.0,18.0,48,42,6,27.0,0.0,73,0.0,0.0,0.0,0.0,0.0,,0.5046728971962617,-0.5046728971962617,0.10897723117174925,0.005189391960559488,,,,,0.48484848484848486,-0.48484848484848486,-0.10469641962179277,-0.052348209810896384,"partial: caused turnovers only, relative to positional per-game average",22.13739130434783,-4.86260869565217,-0.10130434782608688,,deferred: no opportunity denominator; contexts not separable; overlaps faceoff value,0.28110751552621577,,deferred: goal value already credited to the shooter,0.10897723117174925,-0.10469641962179277,0.0,-4.86260869565217,-4.858327884102214,-2.429163942051107,-0.06655243676852347,shooting+turnover+defense+goalie
000414,Rob Pannell,WHP,1,A,attack,offensive_field,9,46.0,46.0,0.0,30.0,9.0,9.0,0.0,9.0,300.0,20.0,11.0,2.0,0.0,0.0,0.0,0,0,0,0.0,15.0,93,1.0,13.385419870808981,-4.385419870808981,-4.385419870808981,0.0,-0.09533521458280393,16.881028938906752,3.118971061093248,-0.6734992749384218,-0.0022449975831280726,,,,,1.2517385257301807,0.7482614742698193,0.16157686317500947,0.017952984797223275,"partial: caused turnovers only, relative to positional per-game average",,,,,deferred: no opportunity denominator; contexts not separable; overlaps faceoff value,1.5460913353941867,,deferred: goal value already credited to the shooter,-5.058919145747403,0.16157686317500947,0.0,0.0,-4.897342282572393,-0.5441491425080437,-0.052659594436262294,shooting+turnover+defense
003004,Mike Sisselberger,ARC,1,FO,faceoff,faceoff,5,5.0,4.0,1.0,3.0,1.0,1.0,0.0,1.0,19.0,3.0,22.0,0.0,101.0,36.0,0.0,0,0,0,0.0,1.0,151,0.0,1.4547157622348632,-0.4547157622348632,-0.16394955398338973,-0.2907662082514735,-0.09094315244697264,1.876543209876543,1.123456790123457,-0.24259517602179298,-0.012768167159041735,50.1183879093199,-14.1183879093199,-4.390214631143882,-0.04346747159548398,1.2921348314606742,-1.2921348314606742,-0.27901889920274126,-0.055803779840548254,"partial: caused turnovers only, relative to positional per-game average",,,,,deferred: no opportunity denominator; contexts not separable; overlaps faceoff value,3.0921826707883735,,deferred: goal value already credited to the shooter,-0.6973109382566562,-0.27901889920274126,-4.390214631143882,0.0,-5.36654446860328,-1.073308893720656,-0.035540029593399206,shooting+turnover+defense+faceoff
000225,Tom Schreiber,ARC,1,M,midfield,offensive_field,8,34.0,31.0,3.0,18.0,6.0,6.0,0.0,6.0,207.0,21.0,8.0,2.0,0.0,0.0,0.0,0,0,0,0.0,9.0,69,1.0,9.892907668125691,-3.892907668125691,-3.0206090433712696,-0.8722986247544204,-0.11449728435663797,11.64790996784566,9.35209003215434,-2.0194563310911335,-0.009755827686430596,,,,,1.1126564673157162,0.8873435326842838,0.19160973737110787,0.023951217171388484,"partial: caused turnovers only, relative to positional per-game average",,,,,deferred: no opportunity denominator; contexts not separable; overlaps faceoff value,1.124430062104863,,deferred: goal value already credited to the shooter,-5.912363999216824,0.19160973737110787,0.0,0.0,-5.720754261845716,-0.7150942827307145,-0.08290948205573502,shooting+turnover+defense
003136,Jake Naso,ARC,1,FO,faceoff,faceoff,4,4.0,3.0,1.0,1.0,0.0,0.0,0.0,0.0,15.0,2.0,14.0,0.0,90.0,30.0,0.0,0,0,0,0.0,0.0,122,1.0,1.1637283737390158,-1.1637283737390158,-0.8729621654875424,-0.2907662082514735,-0.29093209343475396,1.4814814814814814,0.5185185185185186,-0.11196700431775061,-0.007464466954516707,44.659949622166245,-14.659949622166245,-4.558617154907653,-0.05065130172119614,1.0337078651685394,-1.0337078651685394,-0.22321511936219302,-0.055803779840548254,"partial: caused turnovers only, relative to positional per-game average",,,,,deferred: no opportunity denominator; contexts not separable; overlaps faceoff value,1.9677526086835104,,deferred: goal value already credited to the shooter,-1.2756953780567664,-0.22321511936219302,-4.558617154907653,0.0,-6.057527652326613,-1.5143819130816532,-0.04965186600267715,shooting+turnover+defense+faceoff
000339,Connor Kelly,WAT,1,M,midfield,offensive_field,12,69.0,50.0,19.0,32.0,10.0,7.0,3.0,13.0,271.0,11.0,11.0,2.0,0.0,0.0,0.0,0,0,0,0.0,5.0,94,1.0,20.073927381570368,-7.073927381570368,-7.549369424792372,0.4754420432220039,-0.10252068668942561,15.2491961414791,-4.2491961414791,0.917555970959922,0.0033858153909960224,,,,,1.6689847009735743,0.3310152990264257,0.07147824058671423,0.005956520048892852,"partial: caused turnovers only, relative to positional per-game average",,,,,deferred: no opportunity denominator; contexts not separable; overlaps faceoff value,1.5460913353941867,,deferred: goal value already credited to the shooter,-6.156371410610445,0.07147824058671423,0.0,0.0,-6.084893170023731,-0.5070744308353109,-0.06473290606408225,shooting+turnover+defense
000408,Matt DeLuca,WAT,1,G,goalie,goalie,8,0.0,0.0,0.0,0.0,0.0,0.0,0.0,0.0,91.0,2.0,7.0,0.0,0.0,0.0,90.0,188,159,29,94.0,0.0,311,0.0,0.0,0.0,0.0,0.0,,2.1869158878504673,-0.1869158878504673,0.04036193747101824,0.0004435377744067938,,,,,1.9393939393939394,-1.9393939393939394,-0.4187856784871711,-0.052348209810896384,"partial: caused turnovers only, relative to positional per-game average",87.17643892339544,-6.8235610766045625,-0.03629553764151363,,deferred: no opportunity denominator; contexts not separable; overlaps faceoff value,0.9838763043417552,,deferred: goal value already credited to the shooter,0.04036193747101824,-0.4187856784871711,0.0,-6.8235610766045625,-7.2019848176207155,-0.9002481022025894,-0.023157507452156643,shooting+turnover+defense+goalie
000391,Grant Ament,ARC,1,M,midfield,offensive_field,8,32.0,31.0,1.0,14.0,3.0,3.0,0.0,3.0,215.0,17.0,4.0,1.0,0.0,0.0,0.0,0,0,0,0.0,8.0,64,0.0,9.311375251622742,-6.311375251622742,-6.02060904337127,-0.2907662082514735,-0.1972304766132107,12.09807073954984,4.90192926045016,-1.0585047882923957,-0.00492327808508091,,,,,1.1126564673157162,-0.11265646731571621,-0.0243266280988397,-0.0030408285123549625,"partial: caused turnovers only, relative to positional per-game average",,,,,deferred: no opportunity denominator; contexts not separable; overlaps faceoff value,0.5622150310524315,,deferred: goal value already credited to the shooter,-7.369880039915138,-0.0243266280988397,0.0,0.0,-7.394206668013978,-0.9242758335017472,-0.1155344791877184,shooting+turnover+defense
002038,Colin Kirst,CAN,1,G,goalie,goalie,10,2.0,0.0,2.0,1.0,0.0,0.0,0.0,0.0,165.0,8.0,21.0,2.0,0.0,0.0,133.0,287,263,24,138.0,0.0,450,1.0,0.581532416502947,-0.581532416502947,0.0,-0.581532416502947,-0.2907662082514735,3.965287049399199,4.034712950600801,-0.871241250267265,-0.005280250001619788,,,,,2.4242424242424243,-0.4242424242424243,-0.09160936716906869,-0.009160936716906869,"partial: caused turnovers only, relative to positional per-game average",131.3448033126294,-6.655196687370591,-0.023188838631953278,,deferred: no opportunity denominator; contexts not separable; overlaps faceoff value,2.9516289130252655,,deferred: goal value already credited to the shooter,-1.452773666770212,-0.09160936716906869,0.0,-6.655196687370591,-8.199579721309872,-0.8199579721309872,-0.018221288269577494,shooting+turnover+defense+goalie
003102,Chayse Ierlan,RED,1,G,goalie,goalie,12,1.0,0.0,1.0,0.0,0.0,0.0,0.0,0.0,172.0,3.0,19.0,2.0,0.0,0.0,153.0,316,275,41,154.0,0.0,515,0.0,0.2907662082514735,-0.2907662082514735,0.0,-0.2907662082514735,-0.2907662082514735,4.133511348464619,-1.1335113484646193,0.24476632080638913,0.0014230600046883088,,,,,2.909090909090909,-0.9090909090909092,-0.19630578679086144,-0.01635881556590512,"partial: caused turnovers only, relative to positional per-game average",145.8664596273292,-8.133540372670808,-0.02573905181224939,,deferred: no opportunity denominator; contexts not separable; overlaps faceoff value,2.6705213974990496,,deferred: goal value already credited to the shooter,-0.04599988744508435,-0.19630578679086144,0.0,-8.133540372670808,-8.375846046906753,-0.6979871705755628,-0.016263778731857772,shooting+turnover+defense+goalie
000418,Dillon Ward,WAT,1,G,goalie,goalie,5,0.0,0.0,0.0,0.0,0.0,0.0,0.0,0.0,58.0,0.0,9.0,2.0,0.0,0.0,41.0,100,79,21,58.0,0.0,186,0.0,0.0,0.0,0.0,0.0,,1.3938584779706276,-1.3938584779706276,0.3009847337124503,0.0051893919605594885,,,,,1.2121212121212122,0.7878787878787878,0.17013168188541322,0.03402633637708265,"partial: caused turnovers only, relative to positional per-game average",46.84848861283644,-11.15151138716356,-0.1115151138716356,,deferred: no opportunity denominator; contexts not separable; overlaps faceoff value,1.264983819867971,,deferred: goal value already credited to the shooter,0.3009847337124503,0.17013168188541322,0.0,-11.15151138716356,-10.680394971565695,-2.136078994313139,-0.05742147834175105,shooting+turnover+defense+goalie
