player_id,player_name,team_id,canonical_position,position_group,value_role,games_played,recorded_opportunities,team_recorded_offensive_opportunities,play_share,offensive_play_share_season,event_log_play_shares,event_log_play_share,offensive_EPA_points_raw,EPA_points_raw,EPA_per_opportunity,EPA_per_opportunity_null_se,expected_EPA_given_usage,EPA_vs_usage_expectation,EPA_vs_usage_expectation_se,EPA_vs_usage_expectation_z,offensive_EPA_null_z,EPA_vs_usage_expectation_ci_lo,EPA_vs_usage_expectation_ci_hi,uaEPA_per_event_log_play_share,usage_model_population,usage_model_form,usage_definition,method,uncertainty
000201,Adam Ghitelman,CAN,goalie,goalie,goalie,1,0.0,56.0,0.0,0.0,0.0,0.0,0.005189391960559488,-0.0471588178503369,,,,,0.03307035908546898,,0.15691973428978254,,,,outside the fitted population; no offensive-usage expectation is defined,not_applicable,offensive_play_share = (shots + turnovers) / same summed over the player's team in the games he played,"EPA_vs_usage_expectation = offensive_EPA_points_raw - E[offensive EPA | play share], model selected by 5-fold cross-validated MSE from {constant, linear, quadratic}","null sd = sqrt of the closed-form sampling variance of the component at this player's own opportunity counts, under league-average conversion"
000216,Marcus Holman,CAN,attack,attack,offensive_field,10,66.0,538.0,0.12267657992565056,0.12267657992565056,104.0,0.061284619917501476,5.193281840392605,5.756698560311412,0.07868608849079704,0.06392626563958023,0.07506594764256846,5.118215892750037,4.219133532212295,1.2130964459108526,1.230888238246756,-3.151285830386062,13.387717615886135,0.05535287077222511,field players (value_role offensive_field or defensive_field) with at least one recorded offensive opportunity,"constant in offensive_play_share, selected by 5-fold CV MSE",offensive_play_share = (shots + turnovers) / same summed over the player's team in the games he played,"EPA_vs_usage_expectation = offensive_EPA_points_raw - E[offensive EPA | play share], model selected by 5-fold cross-validated MSE from {constant, linear, quadratic}","null sd = sqrt of the closed-form sampling variance of the component at this player's own opportunity counts, under league-average conversion"
000221,Ryan Ambler,ARC,midfield,midfield,offensive_field,9,27.0,472.0,0.057203389830508475,0.05232558139534884,26.0,0.018220042046250877,1.0441012073546145,0.7738053395897289,0.03867041508720795,0.07835397317973468,0.07506594764256846,0.9690352597120461,2.1155572758528365,0.4580520086942116,0.4935348332432692,-3.1774570009595133,5.115527520383606,0.029761743830374186,field players (value_role offensive_field or defensive_field) with at least one recorded offensive opportunity,"constant in offensive_play_share, selected by 5-fold CV MSE",offensive_play_share = (shots + turnovers) / same summed over the player's team in the games he played,"EPA_vs_usage_expectation = offensive_EPA_points_raw - E[offensive EPA | play share], model selected by 5-fold cross-validated MSE from {constant, linear, quadratic}","null sd = sqrt of the closed-form sampling variance of the component at this player's own opportunity counts, under league-average conversion"
000225,Tom Schreiber,ARC,midfield,midfield,offensive_field,8,55.0,417.0,0.13189448441247004,0.1065891472868217,69.0,0.05537720706260032,-5.912363999216824,-5.720754261845716,-0.10749752725848771,0.052693565753560254,0.07506594764256846,-5.987429946859392,2.898146116445814,-2.0659517175076627,-2.0400503500035887,-11.667796335093188,-0.30706355862559676,-0.08290948205573502,field players (value_role offensive_field or defensive_field) with at least one recorded offensive opportunity,"constant in offensive_play_share, selected by 5-fold CV MSE",offensive_play_share = (shots + turnovers) / same summed over the player's team in the games he played,"EPA_vs_usage_expectation = offensive_EPA_points_raw - E[offensive EPA | play share], model selected by 5-fold cross-validated MSE from {constant, linear, quadratic}","null sd = sqrt of the closed-form sampling variance of the component at this player's own opportunity counts, under league-average conversion"
000227,Will Manny,CAN,attack,attack,offensive_field,5,28.0,263.0,0.10646387832699619,0.05204460966542751,37.0,0.04312354312354312,0.3697796880434043,0.6514880480028074,0.01320641743012158,0.07968347658799313,0.07506594764256846,0.29471374040083576,2.2311373444638076,0.13209125880668815,0.16573595926801657,-4.078315454748227,4.6677429355498985,0.017607785081156957,field players (value_role offensive_field or defensive_field) with at least one recorded offensive opportunity,"constant in offensive_play_share, selected by 5-fold CV MSE",offensive_play_share = (shots + turnovers) / same summed over the player's team in the games he played,"EPA_vs_usage_expectation = offensive_EPA_points_raw - E[offensive EPA | play share], model selected by 5-fold cross-validated MSE from {constant, linear, quadratic}","null sd = sqrt of the closed-form sampling variance of the component at this player's own opportunity counts, under league-average conversion"
000234,Eric Law,OUT,attack,attack,offensive_field,1,0.0,77.0,0.0,0.0,0.0,0.0,0.04860304045947373,0.01857016626337532,,,,,0.0995218570070477,,0.4883654899650021,,,,outside the fitted population; no offensive-usage expectation is defined,not_applicable,offensive_play_share = (shots + turnovers) / same summed over the player's team in the games he played,"EPA_vs_usage_expectation = offensive_EPA_points_raw - E[offensive EPA | play share], model selected by 5-fold cross-validated MSE from {constant, linear, quadratic}","null sd = sqrt of the closed-form sampling variance of the component at this player's own opportunity counts, under league-average conversion"
000240,Kieran McArdle,WAT,attack,attack,offensive_field,12,95.0,667.0,0.1424287856071964,0.1424287856071964,124.0,0.06022340942204954,3.3880336278269927,3.0276391374738116,0.035663511871863084,0.04115884273796795,0.07506594764256846,3.3129676801844243,3.9100900601069553,0.8472867962774756,0.8664848061669244,-4.350808837625207,10.976744197994057,0.024416444657046867,field players (value_role offensive_field or defensive_field) with at least one recorded offensive opportunity,"constant in offensive_play_share, selected by 5-fold CV MSE",offensive_play_share = (shots + turnovers) / same summed over the player's team in the games he played,"EPA_vs_usage_expectation = offensive_EPA_points_raw - E[offensive EPA | play share], model selected by 5-fold cross-validated MSE from {constant, linear, quadratic}","null sd = sqrt of the closed-form sampling variance of the component at this player's own opportunity counts, under league-average conversion"
000254,Trevor Baptiste,ATL,faceoff,faceoff,faceoff,12,23.0,688.0,0.03343023255813953,0.03343023255813953,535.0,0.23809523809523808,0.7228686430775797,11.770461741344315,0.03142907143815564,0.08298044855053537,,,1.9085503166623135,,0.3787527301568541,,,0.0220008630679333,outside the fitted population; no offensive-usage expectation is defined,not_applicable,offensive_play_share = (shots + turnovers) / same summed over the player's team in the games he played,"EPA_vs_usage_expectation = offensive_EPA_points_raw - E[offensive EPA | play share], model selected by 5-fold cross-validated MSE from {constant, linear, quadratic}","null sd = sqrt of the closed-form sampling variance of the component at this player's own opportunity counts, under league-average conversion"
000258,Blaze Riorden,CHA,goalie,goalie,goalie,11,9.0,621.0,0.014492753623188406,0.014492753623188406,489.0,0.2620578778135048,-1.2256258360859722,-0.7637261499439159,-0.1361806484539969,0.16489071764395566,,,1.4840164587956008,,-0.825884260799012,,,-0.00156181216757447,outside the fitted population; no offensive-usage expectation is defined,not_applicable,offensive_play_share = (shots + turnovers) / same summed over the player's team in the games he played,"EPA_vs_usage_expectation = offensive_EPA_points_raw - E[offensive EPA | play share], model selected by 5-fold cross-validated MSE from {constant, linear, quadratic}","null sd = sqrt of the closed-form sampling variance of the component at this player's own opportunity counts, under league-average conversion"
000262,Connor Fields,ARC,attack,attack,offensive_field,10,63.0,516.0,0.12209302325581395,0.12209302325581395,84.0,0.05394990366088632,-0.04509603764740888,0.3023843168014497,-0.0007158101213874426,0.05100572623661005,0.07506594764256846,-0.1201619852899774,3.2133607529064334,-0.037394489610695844,-0.014033916859979147,-6.4183490609865865,6.178025090406632,0.003599813295255354,field players (value_role offensive_field or defensive_field) with at least one recorded offensive opportunity,"constant in offensive_play_share, selected by 5-fold CV MSE",offensive_play_share = (shots + turnovers) / same summed over the player's team in the games he played,"EPA_vs_usage_expectation = offensive_EPA_points_raw - E[offensive EPA | play share], model selected by 5-fold cross-validated MSE from {constant, linear, quadratic}","null sd = sqrt of the closed-form sampling variance of the component at this player's own opportunity counts, under league-average conversion"
000269,Jarrod Neumann,CHA,defense,defensive_field,defensive_field,11,11.0,621.0,0.017713365539452495,0.017713365539452495,23.0,0.01232583065380493,2.0298990181039094,0.933375357235624,0.18453627437308268,0.16153895412323738,0.07506594764256846,1.9548330704613415,1.776928495355611,1.1001191525549412,1.1423639293362067,-1.5279467804356561,5.437612921358339,0.04058153727111409,field players (value_role offensive_field or defensive_field) with at least one recorded offensive opportunity,"constant in offensive_play_share, selected by 5-fold CV MSE",offensive_play_share = (shots + turnovers) / same summed over the player's team in the games he played,"EPA_vs_usage_expectation = offensive_EPA_points_raw - E[offensive EPA | play share], model selected by 5-fold cross-validated MSE from {constant, linear, quadratic}","null sd = sqrt of the closed-form sampling variance of the component at this player's own opportunity counts, under league-average conversion"
000275,Mark Glicini,CHA,short_stick_defensive_midfield,defensive_field,defensive_field,11,10.0,621.0,0.01610305958132045,0.01610305958132045,47.0,0.025187566988210074,1.138649221462078,-1.3136637420090411,0.1138649221462078,0.1481442281034951,0.07506594764256846,1.0635832738195097,1.4814422810349508,0.71793770667628,0.7686085621011208,-1.840043597008994,3.9672101446480132,-0.027950292383171087,field players (value_role offensive_field or defensive_field) with at least one recorded offensive opportunity,"constant in offensive_play_share, selected by 5-fold CV MSE",offensive_play_share = (shots + turnovers) / same summed over the player's team in the games he played,"EPA_vs_usage_expectation = offensive_EPA_points_raw - E[offensive EPA | play share], model selected by 5-fold cross-validated MSE from {constant, linear, quadratic}","null sd = sqrt of the closed-form sampling variance of the component at this player's own opportunity counts, under league-average conversion"
000278,Myles Jones,ATL,midfield,midfield,offensive_field,3,10.0,167.0,0.059880239520958084,0.014534883720930232,14.0,0.025830258302583026,-0.8177239230517375,-0.9078225456400327,-0.08177239230517375,0.10852011295089528,0.07506594764256846,-0.8927898706943059,1.0852011295089528,-0.8226953017440077,-0.7535229192230503,-3.0197840845318535,1.2342043431432415,-0.06484446754571663,field players (value_role offensive_field or defensive_field) with at least one recorded offensive opportunity,"constant in offensive_play_share, selected by 5-fold CV MSE",offensive_play_share = (shots + turnovers) / same summed over the player's team in the games he played,"EPA_vs_usage_expectation = offensive_EPA_points_raw - E[offensive EPA | play share], model selected by 5-fold cross-validated MSE from {constant, linear, quadratic}","null sd = sqrt of the closed-form sampling variance of the component at this player's own opportunity counts, under league-average conversion"
000279,Patrick Resch,CHA,short_stick_defensive_midfield,defensive_field,defensive_field,3,3.0,152.0,0.019736842105263157,0.004830917874396135,11.0,0.023554603854389723,-0.3873889455066451,-0.9585280329114517,-0.12912964850221503,0.07711566686284664,0.07506594764256846,-0.46245489314921356,0.2313470005885399,-1.9989664528727065,-1.6744930538158658,-0.9158950143027518,-0.009014771995675352,-0.08713891208285925,field players (value_role offensive_field or defensive_field) with at least one recorded offensive opportunity,"constant in offensive_play_share, selected by 5-fold CV MSE",offensive_play_share = (shots + turnovers) / same summed over the player's team in the games he played,"EPA_vs_usage_expectation = offensive_EPA_points_raw - E[offensive EPA | play share], model selected by 5-fold cross-validated MSE from {constant, linear, quadratic}","null sd = sqrt of the closed-form sampling variance of the component at this player's own opportunity counts, under league-average conversion"
000281,Troy Reh,CHA,long_stick_midfield,defensive_field,defensive_field,11,10.0,621.0,0.01610305958132045,0.01610305958132045,59.0,0.03161843515541265,-0.13619101972608308,0.7107126086351596,-0.013619101972608308,0.12955659774513678,0.07506594764256846,-0.21125696736865157,1.295565977451368,-0.16306152758367073,-0.10512086771064913,-2.7505662831733324,2.3280523484360294,0.012045976417545078,field players (value_role offensive_field or defensive_field) with at least one recorded offensive opportunity,"constant in offensive_play_share, selected by 5-fold CV MSE",offensive_play_share = (shots + turnovers) / same summed over the player's team in the games he played,"EPA_vs_usage_expectation = offensive_EPA_points_raw - E[offensive EPA | play share], model selected by 5-fold cross-validated MSE from {constant, linear, quadratic}","null sd = sqrt of the closed-form sampling variance of the component at this player's own opportunity counts, under league-average conversion"
000302,Michael Manley,OUT,defense,defensive_field,defensive_field,12,14.0,716.0,0.019553072625698324,0.019553072625698324,35.0,0.017241379310344827,1.1358820602997377,1.4119678311930688,0.0811344328785527,0.1332762331476855,0.07506594764256846,1.0608161126571694,1.8658672640675968,0.5685378231807265,0.6087689527407812,-2.5962837249153203,4.717915950229659,0.04034193803408768,field players (value_role offensive_field or defensive_field) with at least one recorded offensive opportunity,"constant in offensive_play_share, selected by 5-fold CV MSE",offensive_play_share = (shots + turnovers) / same summed over the player's team in the games he played,"EPA_vs_usage_expectation = offensive_EPA_points_raw - E[offensive EPA | play share], model selected by 5-fold cross-validated MSE from {constant, linear, quadratic}","null sd = sqrt of the closed-form sampling variance of the component at this player's own opportunity counts, under league-average conversion"
000305,Romar Dennis,RED,midfield,midfield,offensive_field,10,52.0,547.0,0.09506398537477148,0.07807807807807808,61.0,0.03479749001711352,-1.838661791009641,-1.9230541675006776,-0.03535888059633925,0.08407063072978159,0.07506594764256846,-1.9137277386522094,4.3716727979486425,-0.4377563983174139,-0.42058540883307005,-10.482206422631549,6.65475094532713,-0.03152547815574881,field players (value_role offensive_field or defensive_field) with at least one recorded offensive opportunity,"constant in offensive_play_share, selected by 5-fold CV MSE",offensive_play_share = (shots + turnovers) / same summed over the player's team in the games he played,"EPA_vs_usage_expectation = offensive_EPA_points_raw - E[offensive EPA | play share], model selected by 5-fold cross-validated MSE from {constant, linear, quadratic}","null sd = sqrt of the closed-form sampling variance of the component at this player's own opportunity counts, under league-average conversion"
000315,Garrett Epple,CAN,defense,defensive_field,defensive_field,10,3.0,538.0,0.0055762081784386614,0.0055762081784386614,19.0,0.011196228638774307,-0.026625135299429448,1.1751599850597771,-0.008875045099809816,0.3578327206858138,0.07506594764256846,-0.10169108294199791,1.0734981620574413,-0.09472869776236895,-0.024802217870965274,-2.205747480574583,2.002365314690587,0.06185052552946196,field players (value_role offensive_field or defensive_field) with at least one recorded offensive opportunity,"constant in offensive_play_share, selected by 5-fold CV MSE",offensive_play_share = (shots + turnovers) / same summed over the player's team in the games he played,"EPA_vs_usage_expectation = offensive_EPA_points_raw - E[offensive EPA | play share], model selected by 5-fold cross-validated MSE from {constant, linear, quadratic}","null sd = sqrt of the closed-form sampling variance of the component at this player's own opportunity counts, under league-average conversion"
000333,Sergio Perkovic,CHA,midfield,midfield,offensive_field,8,39.0,463.0,0.08423326133909287,0.06280193236714976,43.0,0.03093525179856115,-1.328542155920883,-1.5688051494896702,-0.03406518348515085,0.08122384628973063,0.07506594764256846,-1.4036081035634513,3.1677300052994943,-0.4430958766104647,-0.41939879778209677,-7.61235891395046,4.805142706823557,-0.03648384068580628,field players (value_role offensive_field or defensive_field) with at least one recorded offensive opportunity,"constant in offensive_play_share, selected by 5-fold CV MSE",offensive_play_share = (shots + turnovers) / same summed over the player's team in the games he played,"EPA_vs_usage_expectation = offensive_EPA_points_raw - E[offensive EPA | play share], model selected by 5-fold cross-validated MSE from {constant, linear, quadratic}","null sd = sqrt of the closed-form sampling variance of the component at this player's own opportunity counts, under league-average conversion"
000337,Bryce Young,CAN,defense,defensive_field,defensive_field,10,4.0,538.0,0.007434944237918215,0.007434944237918215,14.0,0.008249852681202121,-0.4783236385430577,-0.788093076473484,-0.11958090963576443,0.07036144333384253,0.07506594764256846,-0.5533895861856262,0.28144577333537013,-1.966238752238103,-1.6995232611757447,-1.1050233019229516,-0.0017558704483007226,-0.05629236260524886,field players (value_role offensive_field or defensive_field) with at least one recorded offensive opportunity,"constant in offensive_play_share, selected by 5-fold CV MSE",offensive_play_share = (shots + turnovers) / same summed over the player's team in the games he played,"EPA_vs_usage_expectation = offensive_EPA_points_raw - E[offensive EPA | play share], model selected by 5-fold cross-validated MSE from {constant, linear, quadratic}","null sd = sqrt of the closed-form sampling variance of the component at this player's own opportunity counts, under league-average conversion"
000339,Connor Kelly,WAT,midfield,midfield,offensive_field,12,80.0,667.0,0.1199400299850075,0.1199400299850075,94.0,0.045653229723166586,-6.156371410610445,-6.084893170023731,-0.07695464263263056,0.056498733679542876,0.07506594764256846,-6.231437358253014,4.51989869436343,-1.3786674834159378,-1.3620596006471979,-15.090438799205337,2.627564082699309,-0.06473290606408225,field players (value_role offensive_field or defensive_field) with at least one recorded offensive opportunity,"constant in offensive_play_share, selected by 5-fold CV MSE",offensive_play_share = (shots + turnovers) / same summed over the player's team in the games he played,"EPA_vs_usage_expectation = offensive_EPA_points_raw - E[offensive EPA | play share], model selected by 5-fold cross-validated MSE from {constant, linear, quadratic}","null sd = sqrt of the closed-form sampling variance of the component at this player's own opportunity counts, under league-average conversion"
000345,Jake Bernhardt,WHP,short_stick_defensive_midfield,defensive_field,defensive_field,11,8.0,593.0,0.013490725126475547,0.013490725126475547,30.0,0.0165016501650165,0.470841833831077,-2.2233021549224654,0.05885522922888462,0.17771716023507964,0.07506594764256846,0.39577588618850856,1.421737281880637,0.2783748384687405,0.3311735858880057,-2.39082918629754,3.182380958674557,-0.07411007183074884,field players (value_role offensive_field or defensive_field) with at least one recorded offensive opportunity,"constant in offensive_play_share, selected by 5-fold CV MSE",offensive_play_share = (shots + turnovers) / same summed over the player's team in the games he played,"EPA_vs_usage_expectation = offensive_EPA_points_raw - E[offensive EPA | play share], model selected by 5-fold cross-validated MSE from {constant, linear, quadratic}","null sd = sqrt of the closed-form sampling variance of the component at this player's own opportunity counts, under league-average conversion"
000350,Joseph Nardella,WHP,faceoff,faceoff,faceoff,11,14.0,593.0,0.023608768971332208,0.023608768971332208,391.0,0.21507150715071507,1.4673461534396781,10.021990416071105,0.10481043953140558,0.09078941269170449,,,1.2710517776838628,,1.1544346022736438,,,0.025631689043660116,outside the fitted population; no offensive-usage expectation is defined,not_applicable,offensive_play_share = (shots + turnovers) / same summed over the player's team in the games he played,"EPA_vs_usage_expectation = offensive_EPA_points_raw - E[offensive EPA | play share], model selected by 5-fold cross-validated MSE from {constant, linear, quadratic}","null sd = sqrt of the closed-form sampling variance of the component at this player's own opportunity counts, under league-average conversion"
000351,Jules Heningburg,CAN,midfield,midfield,offensive_field,4,13.0,206.0,0.06310679611650485,0.024163568773234202,15.0,0.022156573116691284,-0.024753638162047287,-0.14488513494644092,-0.001904126012465176,0.1326695835982522,0.07506594764256846,-0.09981958580461575,1.7247045867772788,-0.057876338110247075,-0.014352393071732387,-3.480240575888082,3.2806014042788507,-0.009659008996429396,field players (value_role offensive_field or defensive_field) with at least one recorded offensive opportunity,"constant in offensive_play_share, selected by 5-fold CV MSE",offensive_play_share = (shots + turnovers) / same summed over the player's team in the games he played,"EPA_vs_usage_expectation = offensive_EPA_points_raw - E[offensive EPA | play share], model selected by 5-fold cross-validated MSE from {constant, linear, quadratic}","null sd = sqrt of the closed-form sampling variance of the component at this player's own opportunity counts, under league-average conversion"
000354,Matt Rambo,WHP,attack,attack,offensive_field,6,20.0,333.0,0.06006006006006006,0.03372681281618887,28.0,0.02854230377166157,-4.6203874293130855,-4.800584674489676,-0.23101937146565427,0.09333079277661868,0.07506594764256846,-4.695453376955654,1.8666158555323735,-2.5154899242064315,-2.475274929021384,-8.354020453799105,-1.0368863001122017,-0.17144945266034559,field players (value_role offensive_field or defensive_field) with at least one recorded offensive opportunity,"constant in offensive_play_share, selected by 5-fold CV MSE",offensive_play_share = (shots + turnovers) / same summed over the player's team in the games he played,"EPA_vs_usage_expectation = offensive_EPA_points_raw - E[offensive EPA | play share], model selected by 5-fold cross-validated MSE from {constant, linear, quadratic}","null sd = sqrt of the closed-form sampling variance of the component at this player's own opportunity counts, under league-average conversion"
000355,Matthew Dunn,WHP,defense,defensive_field,defensive_field,11,12.0,593.0,0.02023608768971332,0.02023608768971332,19.0,0.010451045104510451,-1.0699826409287483,-1.3027608399172435,-0.08916522007739569,0.12040739519365341,0.07506594764256846,-1.1450485885713166,1.444888742323841,-0.7924821856731433,-0.7405294328806767,-3.977030523526045,1.6869333463834115,-0.0685663599956444,field players (value_role offensive_field or defensive_field) with at least one recorded offensive opportunity,"constant in offensive_play_share, selected by 5-fold CV MSE",offensive_play_share = (shots + turnovers) / same summed over the player's team in the games he played,"EPA_vs_usage_expectation = offensive_EPA_points_raw - E[offensive EPA | play share], model selected by 5-fold cross-validated MSE from {constant, linear, quadratic}","null sd = sqrt of the closed-form sampling variance of the component at this player's own opportunity counts, under league-average conversion"
000358,Ryan Drenner,CAN,midfield,midfield,offensive_field,10,44.0,538.0,0.08178438661710037,0.08178438661710037,54.0,0.03182086034177961,8.148213526153068,8.27975751513198,0.18518667104893335,0.06875714314149331,0.07506594764256846,8.073147578510499,3.0253142982257057,2.668531855762973,2.6933444670300384,2.1435315539881152,14.002763603032882,0.15332884287281445,field players (value_role offensive_field or defensive_field) with at least one recorded offensive opportunity,"constant in offensive_play_share, selected by 5-fold CV MSE",offensive_play_share = (shots + turnovers) / same summed over the player's team in the games he played,"EPA_vs_usage_expectation = offensive_EPA_points_raw - E[offensive EPA | play share], model selected by 5-fold cross-validated MSE from {constant, linear, quadratic}","null sd = sqrt of the closed-form sampling variance of the component at this player's own opportunity counts, under league-average conversion"
000359,Tim Muller,WHP,defense,defensive_field,defensive_field,11,3.0,593.0,0.00505902192242833,0.00505902192242833,25.0,0.013751375137513752,-0.01665068975204942,-0.46536525421049213,-0.005550229917349807,0.25236476257556023,0.07506594764256846,-0.09171663739461788,0.7570942877266807,-0.12114295257729983,-0.02199288783705696,-1.575621441338912,1.3921881665496763,-0.018614610168419685,field players (value_role offensive_field or defensive_field) with at least one recorded offensive opportunity,"constant in offensive_play_share, selected by 5-fold CV MSE",offensive_play_share = (shots + turnovers) / same summed over the player's team in the games he played,"EPA_vs_usage_expectation = offensive_EPA_points_raw - E[offensive EPA | play share], model selected by 5-fold cross-validated MSE from {constant, linear, quadratic}","null sd = sqrt of the closed-form sampling variance of the component at this player's own opportunity counts, under league-average conversion"
000365,Jack Rowlett,CHA,defense,defensive_field,defensive_field,11,3.0,621.0,0.004830917874396135,0.004830917874396135,15.0,0.008038585209003215,0.14386816233587812,0.12702632881733056,0.04795605411195938,0.1344557595275587,0.07506594764256846,0.06880221469330963,0.4033672785826761,0.17056964792747212,0.356667905342724,-0.7217976513287356,0.8594020807153548,0.008468421921155371,field players (value_role offensive_field or defensive_field) with at least one recorded offensive opportunity,"constant in offensive_play_share, selected by 5-fold CV MSE",offensive_play_share = (shots + turnovers) / same summed over the player's team in the games he played,"EPA_vs_usage_expectation = offensive_EPA_points_raw - E[offensive EPA | play share], model selected by 5-fold cross-validated MSE from {constant, linear, quadratic}","null sd = sqrt of the closed-form sampling variance of the component at this player's own opportunity counts, under league-average conversion"
000373,Ryder Garnsey,RED,attack,attack,offensive_field,12,74.0,666.0,0.1111111111111111,0.1111111111111111,106.0,0.0505002382086708,-1.4379530635325746,-1.3664748229458603,-0.019431798155845604,0.04970749820471842,0.07506594764256846,-1.513019011175143,3.678354867149163,-0.4113303544167773,-0.39092287597771447,-8.722594550787502,5.696556528437217,-0.012891271914583589,field players (value_role offensive_field or defensive_field) with at least one recorded offensive opportunity,"constant in offensive_play_share, selected by 5-fold CV MSE",offensive_play_share = (shots + turnovers) / same summed over the player's team in the games he played,"EPA_vs_usage_expectation = offensive_EPA_points_raw - E[offensive EPA | play share], model selected by 5-fold cross-validated MSE from {constant, linear, quadratic}","null sd = sqrt of the closed-form sampling variance of the component at this player's own opportunity counts, under league-average conversion"
000390,Brad Smith,WHP,midfield,midfield,offensive_field,11,64.0,593.0,0.10792580101180438,0.10792580101180438,70.0,0.03850385038503851,1.955001956094565,1.8405767054074302,0.03054690556397758,0.06245158832114221,0.07506594764256846,1.8799360084519967,3.9969016525531016,0.470348327748107,0.4891293622012861,-5.953991230552083,9.713863247456075,0.02629395293439186,field players (value_role offensive_field or defensive_field) with at least one recorded offensive opportunity,"constant in offensive_play_share, selected by 5-fold CV MSE",offensive_play_share = (shots + turnovers) / same summed over the player's team in the games he played,"EPA_vs_usage_expectation = offensive_EPA_points_raw - E[offensive EPA | play share], model selected by 5-fold cross-validated MSE from {constant, linear, quadratic}","null sd = sqrt of the closed-form sampling variance of the component at this player's own opportunity counts, under league-average conversion"
000391,Grant Ament,ARC,midfield,midfield,offensive_field,8,49.0,415.0,0.1180722891566265,0.09496124031007752,64.0,0.051118210862619806,-7.369880039915138,-7.394206668013978,-0.15040571510030895,0.05561022372297982,0.07506594764256846,-7.444945987557706,2.724900962426011,-2.7321895695355414,-2.7046414315746903,-12.785751873912687,-2.1041401012027245,-0.1155344791877184,field players (value_role offensive_field or defensive_field) with at least one recorded offensive opportunity,"constant in offensive_play_share, selected by 5-fold CV MSE",offensive_play_share = (shots + turnovers) / same summed over the player's team in the games he played,"EPA_vs_usage_expectation = offensive_EPA_points_raw - E[offensive EPA | play share], model selected by 5-fold cross-validated MSE from {constant, linear, quadratic}","null sd = sqrt of the closed-form sampling variance of the component at this player's own opportunity counts, under league-average conversion"
000395,Bryan Costabile,ATL,midfield,midfield,offensive_field,12,100.0,688.0,0.14534883720930233,0.14534883720930233,100.0,0.04450378282153983,-2.123012330094734,-1.6196613585681245,-0.02123012330094734,0.04734146161440972,0.07506594764256846,-2.1980782777373022,4.734146161440972,-0.4643030026492158,-0.4484467225339183,-11.477004754161607,7.080848198687002,-0.016196613585681245,field players (value_role offensive_field or defensive_field) with at least one recorded offensive opportunity,"constant in offensive_play_share, selected by 5-fold CV MSE",offensive_play_share = (shots + turnovers) / same summed over the player's team in the games he played,"EPA_vs_usage_expectation = offensive_EPA_points_raw - E[offensive EPA | play share], model selected by 5-fold cross-validated MSE from {constant, linear, quadratic}","null sd = sqrt of the closed-form sampling variance of the component at this player's own opportunity counts, under league-average conversion"
000405,Jesse Bernhardt,OUT,defense,defensive_field,defensive_field,12,3.0,716.0,0.004189944134078212,0.004189944134078212,18.0,0.008866995073891626,0.11070554369886387,-0.045081416347700104,0.03690184789962129,0.27248975915970214,0.07506594764256846,0.03563959605629535,0.8174692774791064,0.04359747459402994,0.13542471472476028,-1.5666001878027531,1.637879379915344,-0.0025045231304277834,field players (value_role offensive_field or defensive_field) with at least one recorded offensive opportunity,"constant in offensive_play_share, selected by 5-fold CV MSE",offensive_play_share = (shots + turnovers) / same summed over the player's team in the games he played,"EPA_vs_usage_expectation = offensive_EPA_points_raw - E[offensive EPA | play share], model selected by 5-fold cross-validated MSE from {constant, linear, quadratic}","null sd = sqrt of the closed-form sampling variance of the component at this player's own opportunity counts, under league-average conversion"
000408,Matt DeLuca,WAT,goalie,goalie,goalie,8,2.0,440.0,0.004545454545454545,0.0029985007496251873,311.0,0.23054114158636027,0.04036193747101824,-7.2019848176207155,0.02018096873550912,0.15773555968281955,,,0.3154711193656391,,0.12794178291876449,,,-0.023157507452156643,outside the fitted population; no offensive-usage expectation is defined,not_applicable,offensive_play_share = (shots + turnovers) / same summed over the player's team in the games he played,"EPA_vs_usage_expectation = offensive_EPA_points_raw - E[offensive EPA | play share], model selected by 5-fold cross-validated MSE from {constant, linear, quadratic}","null sd = sqrt of the closed-form sampling variance of the component at this player's own opportunity counts, under league-average conversion"
000409,Zach Currier,WAT,midfield,midfield,offensive_field,12,49.0,667.0,0.0734632683658171,0.0734632683658171,139.0,0.06750849927149101,-1.4999734904105826,-1.9153953578370104,-0.030611703885930257,0.058742217994746534,0.07506594764256846,-1.575039438053151,2.87836868174258,-0.5471986434689852,-0.521119306197596,-7.216642054268608,4.066563178162307,-0.013779822718251874,field players (value_role offensive_field or defensive_field) with at least one recorded offensive opportunity,"constant in offensive_play_share, selected by 5-fold CV MSE",offensive_play_share = (shots + turnovers) / same summed over the player's team in the games he played,"EPA_vs_usage_expectation = offensive_EPA_points_raw - E[offensive EPA | play share], model selected by 5-fold cross-validated MSE from {constant, linear, quadratic}","null sd = sqrt of the closed-form sampling variance of the component at this player's own opportunity counts, under league-average conversion"
000410,Eli Gobrecht,WAT,defense,defensive_field,defensive_field,6,0.0,335.0,0.0,0.0,6.0,0.005940594059405941,0.1562520905419186,-0.1839132800370945,,,,,0.1792006160948905,,0.8719394717883103,,,-0.03065221333951575,outside the fitted population; no offensive-usage expectation is defined,not_applicable,offensive_play_share = (shots + turnovers) / same summed over the player's team in the games he played,"EPA_vs_usage_expectation = offensive_EPA_points_raw - E[offensive EPA | play share], model selected by 5-fold cross-validated MSE from {constant, linear, quadratic}","null sd = sqrt of the closed-form sampling variance of the component at this player's own opportunity counts, under league-average conversion"
000414,Rob Pannell,WHP,attack,attack,offensive_field,9,66.0,480.0,0.1375,0.11129848229342328,93.0,0.061752988047808766,-5.058919145747403,-4.897342282572393,-0.07665029008708187,0.04846892849510085,0.07506594764256846,-5.133985093389971,3.198949280676656,-1.6048973093765362,-1.5814314957432891,-11.403925683516217,1.1359554967362744,-0.052659594436262294,field players (value_role offensive_field or defensive_field) with at least one recorded offensive opportunity,"constant in offensive_play_share, selected by 5-fold CV MSE",offensive_play_share = (shots + turnovers) / same summed over the player's team in the games he played,"EPA_vs_usage_expectation = offensive_EPA_points_raw - E[offensive EPA | play share], model selected by 5-fold cross-validated MSE from {constant, linear, quadratic}","null sd = sqrt of the closed-form sampling variance of the component at this player's own opportunity counts, under league-average conversion"
000416,Ryland Rees,RED,long_stick_midfield,defensive_field,defensive_field,5,5.0,264.0,0.01893939393939394,0.007503005254129691,9.0,0.010428736964078795,-1.1585572514328988,-1.6373465186030334,-0.23171145028657975,0.22183422539705325,0.07506594764256846,-1.2336231990754674,1.1091711269852662,-1.1122027693133905,-1.0445252524575395,-3.407598607966589,0.9403522098156545,-0.1819273909558926,field players (value_role offensive_field or defensive_field) with at least one recorded offensive opportunity,"constant in offensive_play_share, selected by 5-fold CV MSE",offensive_play_share = (shots + turnovers) / same summed over the player's team in the games he played,"EPA_vs_usage_expectation = offensive_EPA_points_raw - E[offensive EPA | play share], model selected by 5-fold cross-validated MSE from {constant, linear, quadratic}","null sd = sqrt of the closed-form sampling variance of the component at this player's own opportunity counts, under league-average conversion"
000418,Dillon Ward,WAT,goalie,goalie,goalie,5,0.0,286.0,0.0,0.0,186.0,0.20643729189789123,0.3009847337124503,-10.680394971565695,,,,,0.2518563513243768,,1.1950650921834365,,,-0.05742147834175105,outside the fitted population; no offensive-usage expectation is defined,not_applicable,offensive_play_share = (shots + turnovers) / same summed over the player's team in the games he played,"EPA_vs_usage_expectation = offensive_EPA_points_raw - E[offensive EPA | play share], model selected by 5-fold cross-validated MSE from {constant, linear, quadratic}","null sd = sqrt of the closed-form sampling variance of the component at this player's own opportunity counts, under league-average conversion"
000727,CJ Costabile,ATL,unknown,unknown,unclassified_field,1,1.0,58.0,0.017241379310344827,0.0014534883720930232,4.0,0.023391812865497075,0.8169807942391264,0.8169807942391264,0.8169807942391264,0.4761446241192127,,,0.4761446241192127,,1.7158248835643228,,,0.2042451985597816,outside the fitted population; no offensive-usage expectation is defined,not_applicable,offensive_play_share = (shots + turnovers) / same summed over the player's team in the games he played,"EPA_vs_usage_expectation = offensive_EPA_points_raw - E[offensive EPA | play share], model selected by 5-fold cross-validated MSE from {constant, linear, quadratic}","null sd = sqrt of the closed-form sampling variance of the component at this player's own opportunity counts, under league-average conversion"
000815,Austin Kaut,CHA,goalie,goalie,goalie,2,0.0,107.0,0.0,0.0,9.0,0.027607361963190184,0.0415151356844759,0.5406282398722069,,,,,0.09353710066243706,,0.44383603287318574,,,0.060069804430245205,outside the fitted population; no offensive-usage expectation is defined,not_applicable,offensive_play_share = (shots + turnovers) / same summed over the player's team in the games he played,"EPA_vs_usage_expectation = offensive_EPA_points_raw - E[offensive EPA | play share], model selected by 5-fold cross-validated MSE from {constant, linear, quadratic}","null sd = sqrt of the closed-form sampling variance of the component at this player's own opportunity counts, under league-average conversion"
000922,Graeme Hossack,ARC,defense,defensive_field,defensive_field,10,10.0,516.0,0.01937984496124031,0.01937984496124031,36.0,0.023121387283236993,-0.9255426350389461,0.7081152162601557,-0.0925542635038946,0.17275627972600857,0.07506594764256846,-1.0006085826815148,1.7275627972600858,-0.5792024372534994,-0.5357505015197459,-4.386631665311283,2.3854144999482534,0.01966986711833766,field players (value_role offensive_field or defensive_field) with at least one recorded offensive opportunity,"constant in offensive_play_share, selected by 5-fold CV MSE",offensive_play_share = (shots + turnovers) / same summed over the player's team in the games he played,"EPA_vs_usage_expectation = offensive_EPA_points_raw - E[offensive EPA | play share], model selected by 5-fold cross-validated MSE from {constant, linear, quadratic}","null sd = sqrt of the closed-form sampling variance of the component at this player's own opportunity counts, under league-average conversion"
000978,Kyle Jackson,ATL,midfield,midfield,offensive_field,3,12.0,167.0,0.0718562874251497,0.01744186046511628,12.0,0.02214022140221402,-1.6977563298103424,-1.7878549523986376,-0.14147969415086187,0.1234451416795067,0.07506594764256846,-1.772822277452911,1.4813417001540803,-1.1967679552047394,-1.1460936593047721,-4.676252009754908,1.1306074548490863,-0.14898791269988645,field players (value_role offensive_field or defensive_field) with at least one recorded offensive opportunity,"constant in offensive_play_share, selected by 5-fold CV MSE",offensive_play_share = (shots + turnovers) / same summed over the player's team in the games he played,"EPA_vs_usage_expectation = offensive_EPA_points_raw - E[offensive EPA | play share], model selected by 5-fold cross-validated MSE from {constant, linear, quadratic}","null sd = sqrt of the closed-form sampling variance of the component at this player's own opportunity counts, under league-average conversion"
001001,Dylan Molloy,RED,attack,attack,offensive_field,12,121.0,666.0,0.1816816816816817,0.1816816816816817,136.0,0.06479275845640782,1.4501375951196454,1.5216158357063596,0.011984608224129301,0.039311447877261575,0.07506594764256846,1.375071647477077,4.756685193148651,0.2890819113818333,0.30486305825081056,-7.948031331094279,10.698174626048433,0.011188351733134996,field players (value_role offensive_field or defensive_field) with at least one recorded offensive opportunity,"constant in offensive_play_share, selected by 5-fold CV MSE",offensive_play_share = (shots + turnovers) / same summed over the player's team in the games he played,"EPA_vs_usage_expectation = offensive_EPA_points_raw - E[offensive EPA | play share], model selected by 5-fold cross-validated MSE from {constant, linear, quadratic}","null sd = sqrt of the closed-form sampling variance of the component at this player's own opportunity counts, under league-average conversion"
001009,Colin Heacock,WHP,midfield,midfield,offensive_field,9,37.0,492.0,0.07520325203252033,0.06239460370994941,36.0,0.023920265780730896,-0.005428065388730918,-0.059787567683669024,-0.0001467044699657005,0.07527083558083106,0.07506594764256846,-0.08049401303129938,2.7850209164907493,-0.028902480607838822,-0.0019490214082738462,-5.539135009353168,5.378146983290569,-0.0016607657689908062,field players (value_role offensive_field or defensive_field) with at least one recorded offensive opportunity,"constant in offensive_play_share, selected by 5-fold CV MSE",offensive_play_share = (shots + turnovers) / same summed over the player's team in the games he played,"EPA_vs_usage_expectation = offensive_EPA_points_raw - E[offensive EPA | play share], model selected by 5-fold cross-validated MSE from {constant, linear, quadratic}","null sd = sqrt of the closed-form sampling variance of the component at this player's own opportunity counts, under league-average conversion"
001391,Mikie Schlosser,WAT,midfield,midfield,offensive_field,5,11.0,267.0,0.04119850187265917,0.01649175412293853,9.0,0.010465116279069767,-0.5016073796523793,-0.6517717506328714,-0.04560067087748903,0.12977263577399376,0.07506594764256846,-0.5766733272949478,1.4274989935139313,-0.40397459466882624,-0.3513889550406076,-3.374571354582253,2.2212246999923577,-0.07241908340365238,field players (value_role offensive_field or defensive_field) with at least one recorded offensive opportunity,"constant in offensive_play_share, selected by 5-fold CV MSE",offensive_play_share = (shots + turnovers) / same summed over the player's team in the games he played,"EPA_vs_usage_expectation = offensive_EPA_points_raw - E[offensive EPA | play share], model selected by 5-fold cross-validated MSE from {constant, linear, quadratic}","null sd = sqrt of the closed-form sampling variance of the component at this player's own opportunity counts, under league-average conversion"
001397,Michael Rexrode,ATL,defense,defensive_field,defensive_field,12,4.0,688.0,0.005813953488372093,0.005813953488372093,25.0,0.011125945705384957,1.7053544690499836,2.6292493363531575,0.4263386172624959,0.2671252067154607,0.07506594764256846,1.6302885214074152,1.0685008268618428,1.5257718856386169,1.5960254088511678,-0.46397309924179675,3.724550142056627,0.1051699734541263,field players (value_role offensive_field or defensive_field) with at least one recorded offensive opportunity,"constant in offensive_play_share, selected by 5-fold CV MSE",offensive_play_share = (shots + turnovers) / same summed over the player's team in the games he played,"EPA_vs_usage_expectation = offensive_EPA_points_raw - E[offensive EPA | play share], model selected by 5-fold cross-validated MSE from {constant, linear, quadratic}","null sd = sqrt of the closed-form sampling variance of the component at this player's own opportunity counts, under league-average conversion"
001406,Ben Randall,WAT,defense,defensive_field,defensive_field,12,12.0,667.0,0.017991004497751123,0.017991004497751123,34.0,0.01651287032540068,-0.788950058197669,0.7827539055153476,-0.06574583818313907,0.11349354260694124,0.07506594764256846,-0.8640160058402374,1.361922511283295,-0.6344090788440698,-0.5792914440148781,-3.5333841279554954,1.8053521162750203,0.023022173691627873,field players (value_role offensive_field or defensive_field) with at least one recorded offensive opportunity,"constant in offensive_play_share, selected by 5-fold CV MSE",offensive_play_share = (shots + turnovers) / same summed over the player's team in the games he played,"EPA_vs_usage_expectation = offensive_EPA_points_raw - E[offensive EPA | play share], model selected by 5-fold cross-validated MSE from {constant, linear, quadratic}","null sd = sqrt of the closed-form sampling variance of the component at this player's own opportunity counts, under league-average conversion"
001415,Greg Weyl,OUT,defense,defensive_field,defensive_field,2,0.0,116.0,0.0,0.0,1.0,0.0030864197530864196,0.010416806036127907,-0.26747344701990494,,,,,0.046269400117707984,,0.22513380354246781,,,-0.26747344701990494,outside the fitted population; no offensive-usage expectation is defined,not_applicable,offensive_play_share = (shots + turnovers) / same summed over the player's team in the games he played,"EPA_vs_usage_expectation = offensive_EPA_points_raw - E[offensive EPA | play share], model selected by 5-fold cross-validated MSE from {constant, linear, quadratic}","null sd = sqrt of the closed-form sampling variance of the component at this player's own opportunity counts, under league-average conversion"
001661,Warren Jeffrey,ARC,defense,defensive_field,defensive_field,10,4.0,516.0,0.007751937984496124,0.007751937984496124,16.0,0.010276172125883108,-0.4262396083624182,0.3436727810568933,-0.10655990209060455,0.07496499610843689,0.07506594764256846,-0.5013055560049866,0.29985998443374756,-1.6717987795258735,-1.4214621172855877,-1.089031125495132,0.0864200134851586,0.02147954881605583,field players (value_role offensive_field or defensive_field) with at least one recorded offensive opportunity,"constant in offensive_play_share, selected by 5-fold CV MSE",offensive_play_share = (shots + turnovers) / same summed over the player's team in the games he played,"EPA_vs_usage_expectation = offensive_EPA_points_raw - E[offensive EPA | play share], model selected by 5-fold cross-validated MSE from {constant, linear, quadratic}","null sd = sqrt of the closed-form sampling variance of the component at this player's own opportunity counts, under league-average conversion"
001671,Zach Goodrich,CAN,short_stick_defensive_midfield,defensive_field,defensive_field,10,2.0,538.0,0.0037174721189591076,0.0037174721189591076,18.0,0.01060695344725987,0.07855076483037228,-1.5272809933153029,0.03927538241518614,0.16194290041197795,0.07506594764256846,0.003484817187803732,0.3238858008239559,0.010759400933719417,0.2425261145457487,-0.6313313524271499,0.6383009868027573,-0.08484894407307238,field players (value_role offensive_field or defensive_field) with at least one recorded offensive opportunity,"constant in offensive_play_share, selected by 5-fold CV MSE",offensive_play_share = (shots + turnovers) / same summed over the player's team in the games he played,"EPA_vs_usage_expectation = offensive_EPA_points_raw - E[offensive EPA | play share], model selected by 5-fold cross-validated MSE from {constant, linear, quadratic}","null sd = sqrt of the closed-form sampling variance of the component at this player's own opportunity counts, under league-average conversion"
001707,Matt Whitcher,WAT,short_stick_defensive_midfield,defensive_field,defensive_field,11,9.0,608.0,0.014802631578947368,0.013493253373313344,37.0,0.01980728051391863,-0.6328642262588423,-1.544489914179557,-0.07031824736209359,0.15616991219530807,0.07506594764256846,-0.7079301739014109,1.4055292097577725,-0.5036751772831636,-0.4502675731427236,-3.462767425026645,2.0469070772238234,-0.04174297065350154,field players (value_role offensive_field or defensive_field) with at least one recorded offensive opportunity,"constant in offensive_play_share, selected by 5-fold CV MSE",offensive_play_share = (shots + turnovers) / same summed over the player's team in the games he played,"EPA_vs_usage_expectation = offensive_EPA_points_raw - E[offensive EPA | play share], model selected by 5-fold cross-validated MSE from {constant, linear, quadratic}","null sd = sqrt of the closed-form sampling variance of the component at this player's own opportunity counts, under league-average conversion"
001729,Chris Aslanian,CHA,midfield,midfield,offensive_field,1,2.0,51.0,0.0392156862745098,0.00322061191626409,4.0,0.028169014084507043,-0.47261793595787893,-0.5026508101539774,-0.23630896797893947,0.32973959669496156,0.07506594764256846,-0.5476838836004474,0.6594791933899231,-0.830479398122003,-0.7166532935307319,-1.8402631026446967,0.7448953354438019,-0.12566270253849435,field players (value_role offensive_field or defensive_field) with at least one recorded offensive opportunity,"constant in offensive_play_share, selected by 5-fold CV MSE",offensive_play_share = (shots + turnovers) / same summed over the player's team in the games he played,"EPA_vs_usage_expectation = offensive_EPA_points_raw - E[offensive EPA | play share], model selected by 5-fold cross-validated MSE from {constant, linear, quadratic}","null sd = sqrt of the closed-form sampling variance of the component at this player's own opportunity counts, under league-average conversion"
001733,Charlie Hayes,WAT,short_stick_defensive_midfield,defensive_field,defensive_field,2,1.0,116.0,0.008620689655172414,0.0014992503748125937,6.0,0.0158311345646438,-0.16598571606231258,-0.38224331146915513,-0.16598571606231258,0.48166795292944786,0.07506594764256846,-0.24105166370488104,0.48166795292944786,-0.500451944620424,-0.3446061027162114,-1.1851208514465987,0.7030175240368367,-0.06370721857819252,field players (value_role offensive_field or defensive_field) with at least one recorded offensive opportunity,"constant in offensive_play_share, selected by 5-fold CV MSE",offensive_play_share = (shots + turnovers) / same summed over the player's team in the games he played,"EPA_vs_usage_expectation = offensive_EPA_points_raw - E[offensive EPA | play share], model selected by 5-fold cross-validated MSE from {constant, linear, quadratic}","null sd = sqrt of the closed-form sampling variance of the component at this player's own opportunity counts, under league-average conversion"
001773,Nick Washuta,ARC,goalie,goalie,goalie,1,0.0,49.0,0.0,0.0,2.0,0.013157894736842105,0.0,-0.052348209810896384,,,,,0.0,,,,,-0.026174104905448192,outside the fitted population; no offensive-usage expectation is defined,not_applicable,offensive_play_share = (shots + turnovers) / same summed over the player's team in the games he played,"EPA_vs_usage_expectation = offensive_EPA_points_raw - E[offensive EPA | play share], model selected by 5-fold cross-validated MSE from {constant, linear, quadratic}","null sd = sqrt of the closed-form sampling variance of the component at this player's own opportunity counts, under league-average conversion"
001795,Christian Scarpello,WAT,short_stick_defensive_midfield,defensive_field,defensive_field,7,9.0,398.0,0.022613065326633167,0.013493253373313344,13.0,0.010492332526230832,1.077156225013833,0.3821093624368558,0.11968402500153699,0.11721675721208502,0.07506594764256846,1.0020902773712645,1.0549508149087652,0.9498928890423464,1.021048763403238,-1.0656133198499154,3.0697938745924445,0.029393027879758137,field players (value_role offensive_field or defensive_field) with at least one recorded offensive opportunity,"constant in offensive_play_share, selected by 5-fold CV MSE",offensive_play_share = (shots + turnovers) / same summed over the player's team in the games he played,"EPA_vs_usage_expectation = offensive_EPA_points_raw - E[offensive EPA | play share], model selected by 5-fold cross-validated MSE from {constant, linear, quadratic}","null sd = sqrt of the closed-form sampling variance of the component at this player's own opportunity counts, under league-average conversion"
001809,Jeff Teat,ATL,attack,attack,offensive_field,12,107.0,688.0,0.1555232558139535,0.1555232558139535,171.0,0.07610146862483311,-3.1599063093480666,-3.3043644342313,-0.02953183466680436,0.040717425733732486,0.07506594764256846,-3.234972256990635,4.356764553509376,-0.7425171172917442,-0.7252873710613442,-11.774230781869012,5.3042862678877425,-0.019323768621235672,field players (value_role offensive_field or defensive_field) with at least one recorded offensive opportunity,"constant in offensive_play_share, selected by 5-fold CV MSE",offensive_play_share = (shots + turnovers) / same summed over the player's team in the games he played,"EPA_vs_usage_expectation = offensive_EPA_points_raw - E[offensive EPA | play share], model selected by 5-fold cross-validated MSE from {constant, linear, quadratic}","null sd = sqrt of the closed-form sampling variance of the component at this player's own opportunity counts, under league-average conversion"
001810,Michael Sowers,WAT,attack,attack,offensive_field,12,100.0,667.0,0.14992503748125938,0.14992503748125938,155.0,0.07527926177756192,1.3871889145156429,1.026794424162462,0.013871889145156429,0.04032409070691114,0.07506594764256846,1.312122966873074,4.032409070691114,0.3253943099200969,0.34400996778779014,-6.591398811681509,9.215644745427657,0.0066244801558868515,field players (value_role offensive_field or defensive_field) with at least one recorded offensive opportunity,"constant in offensive_play_share, selected by 5-fold CV MSE",offensive_play_share = (shots + turnovers) / same summed over the player's team in the games he played,"EPA_vs_usage_expectation = offensive_EPA_points_raw - E[offensive EPA | play share], model selected by 5-fold cross-validated MSE from {constant, linear, quadratic}","null sd = sqrt of the closed-form sampling variance of the component at this player's own opportunity counts, under league-average conversion"
001811,JT Giles-Harris,OUT,defense,defensive_field,defensive_field,12,7.0,716.0,0.009776536312849162,0.009776536312849162,21.0,0.010344827586206896,-0.744756492917803,-0.900543452964367,-0.10639378470254328,0.13489955499483694,0.07506594764256846,-0.8198224405603713,0.9442968849638586,-0.8681829344293016,-0.7886889227070862,-2.670644335089534,1.0309994539687914,-0.04288302156973176,field players (value_role offensive_field or defensive_field) with at least one recorded offensive opportunity,"constant in offensive_play_share, selected by 5-fold CV MSE",offensive_play_share = (shots + turnovers) / same summed over the player's team in the games he played,"EPA_vs_usage_expectation = offensive_EPA_points_raw - E[offensive EPA | play share], model selected by 5-fold cross-validated MSE from {constant, linear, quadratic}","null sd = sqrt of the closed-form sampling variance of the component at this player's own opportunity counts, under league-average conversion"
001812,TD Ierlan,RED,faceoff,faceoff,faceoff,12,19.0,666.0,0.028528528528528527,0.028528528528528527,480.0,0.2286803239637923,0.7343448742597836,8.926880913482698,0.03864973022419913,0.09168877360676778,,,1.7420866985285877,,0.421531761237848,,,0.018597668569755622,outside the fitted population; no offensive-usage expectation is defined,not_applicable,offensive_play_share = (shots + turnovers) / same summed over the player's team in the games he played,"EPA_vs_usage_expectation = offensive_EPA_points_raw - E[offensive EPA | play share], model selected by 5-fold cross-validated MSE from {constant, linear, quadratic}","null sd = sqrt of the closed-form sampling variance of the component at this player's own opportunity counts, under league-average conversion"
001813,Jared Conners,RED,long_stick_midfield,defensive_field,defensive_field,12,14.0,666.0,0.021021021021021023,0.021021021021021023,58.0,0.027632205812291567,-0.6844564958243358,-0.8402434558708998,-0.04888974970173827,0.1406599404407339,0.07506594764256846,-0.7595224434669041,1.9692391661702746,-0.3856933461992855,-0.34757408220528596,-4.619231209160642,3.100186322226834,-0.014486956135705168,field players (value_role offensive_field or defensive_field) with at least one recorded offensive opportunity,"constant in offensive_play_share, selected by 5-fold CV MSE",offensive_play_share = (shots + turnovers) / same summed over the player's team in the games he played,"EPA_vs_usage_expectation = offensive_EPA_points_raw - E[offensive EPA | play share], model selected by 5-fold cross-validated MSE from {constant, linear, quadratic}","null sd = sqrt of the closed-form sampling variance of the component at this player's own opportunity counts, under league-average conversion"
001814,Mac O'Keefe,ARC,attack,attack,offensive_field,10,57.0,516.0,0.11046511627906977,0.11046511627906977,77.0,0.04945407835581246,-2.418146671527184,-2.5025390480182206,-0.04242362581626639,0.06260985251341003,0.07506594764256846,-2.4932126191697526,3.5687615932643717,-0.6986212314869689,-0.6775870587968551,-9.48798534196792,4.501560103628416,-0.03250050711711975,field players (value_role offensive_field or defensive_field) with at least one recorded offensive opportunity,"constant in offensive_play_share, selected by 5-fold CV MSE",offensive_play_share = (shots + turnovers) / same summed over the player's team in the games he played,"EPA_vs_usage_expectation = offensive_EPA_points_raw - E[offensive EPA | play share], model selected by 5-fold cross-validated MSE from {constant, linear, quadratic}","null sd = sqrt of the closed-form sampling variance of the component at this player's own opportunity counts, under league-average conversion"
001815,Connor Kirst,CAN,midfield,midfield,offensive_field,10,43.0,538.0,0.07992565055762081,0.07992565055762081,77.0,0.04537418974661167,-2.1357622687275644,-3.1271784708857933,-0.04966888997040848,0.06694974573820986,0.07506594764256846,-2.2108282163701327,2.8788390667430237,-0.7679582516126386,-0.7418831755482116,-7.853352787186459,3.431696354446194,-0.04061270741410121,field players (value_role offensive_field or defensive_field) with at least one recorded offensive opportunity,"constant in offensive_play_share, selected by 5-fold CV MSE",offensive_play_share = (shots + turnovers) / same summed over the player's team in the games he played,"EPA_vs_usage_expectation = offensive_EPA_points_raw - E[offensive EPA | play share], model selected by 5-fold cross-validated MSE from {constant, linear, quadratic}","null sd = sqrt of the closed-form sampling variance of the component at this player's own opportunity counts, under league-average conversion"
001816,Dox Aitken,ATL,midfield,midfield,offensive_field,2,6.0,105.0,0.05714285714285714,0.00872093023255814,6.0,0.01639344262295082,-1.3649578427407847,-1.4250235911329816,-0.22749297379013078,0.155661827461718,0.07506594764256846,-1.440023790383353,0.933970964770308,-1.5418292909539204,-1.4614563987826639,-3.2706068813331566,0.3905593005664507,-0.23750393185549692,field players (value_role offensive_field or defensive_field) with at least one recorded offensive opportunity,"constant in offensive_play_share, selected by 5-fold CV MSE",offensive_play_share = (shots + turnovers) / same summed over the player's team in the games he played,"EPA_vs_usage_expectation = offensive_EPA_points_raw - E[offensive EPA | play share], model selected by 5-fold cross-validated MSE from {constant, linear, quadratic}","null sd = sqrt of the closed-form sampling variance of the component at this player's own opportunity counts, under league-average conversion"
001817,Jack Kielty,CAN,defense,defensive_field,defensive_field,10,1.0,538.0,0.0018587360594795538,0.0018587360594795538,9.0,0.005303476723629935,0.29235374952731535,1.4941388698865221,0.29235374952731535,0.5711407374004741,0.07506594764256846,0.21728780188474695,0.5711407374004741,0.38044528722241794,0.511876898954805,-0.9021480434201822,1.3367236471896762,0.16601542998739136,field players (value_role offensive_field or defensive_field) with at least one recorded offensive opportunity,"constant in offensive_play_share, selected by 5-fold CV MSE",offensive_play_share = (shots + turnovers) / same summed over the player's team in the games he played,"EPA_vs_usage_expectation = offensive_EPA_points_raw - E[offensive EPA | play share], model selected by 5-fold cross-validated MSE from {constant, linear, quadratic}","null sd = sqrt of the closed-form sampling variance of the component at this player's own opportunity counts, under league-average conversion"
001819,Danny Logan,ATL,short_stick_defensive_midfield,defensive_field,defensive_field,11,7.0,639.0,0.010954616588419406,0.010174418604651164,51.0,0.024661508704061894,0.9801397885968623,-1.5004176373439013,0.14001996979955175,0.16153812810614604,0.07506594764256846,0.9050738409542938,1.1307668967430222,0.8004070897027512,0.8667920783850189,-1.31122927666203,3.1213769585706173,-0.02941995367340983,field players (value_role offensive_field or defensive_field) with at least one recorded offensive opportunity,"constant in offensive_play_share, selected by 5-fold CV MSE",offensive_play_share = (shots + turnovers) / same summed over the player's team in the games he played,"EPA_vs_usage_expectation = offensive_EPA_points_raw - E[offensive EPA | play share], model selected by 5-fold cross-validated MSE from {constant, linear, quadratic}","null sd = sqrt of the closed-form sampling variance of the component at this player's own opportunity counts, under league-average conversion"
001820,Ryan Terefenko,OUT,short_stick_defensive_midfield,defensive_field,defensive_field,12,24.0,716.0,0.0335195530726257,0.0335195530726257,60.0,0.029556650246305417,1.3261729514537075,-0.9894217906878957,0.05525720631057115,0.09414720268305805,0.07506594764256846,1.2511070038111392,2.2595328643933934,0.5537016183860721,0.5869235063371114,-3.1775774103999117,5.67979141802219,-0.016490363178131594,field players (value_role offensive_field or defensive_field) with at least one recorded offensive opportunity,"constant in offensive_play_share, selected by 5-fold CV MSE",offensive_play_share = (shots + turnovers) / same summed over the player's team in the games he played,"EPA_vs_usage_expectation = offensive_EPA_points_raw - E[offensive EPA | play share], model selected by 5-fold cross-validated MSE from {constant, linear, quadratic}","null sd = sqrt of the closed-form sampling variance of the component at this player's own opportunity counts, under league-average conversion"
001821,Tre Leclaire,ARC,midfield,midfield,offensive_field,5,31.0,255.0,0.12156862745098039,0.060077519379844964,31.0,0.03994845360824742,-2.191647006096116,-2.341811377076608,-0.07069829051922956,0.08374276244906122,0.07506594764256846,-2.2667129537386845,2.5960256359208977,-0.8731473689529283,-0.8442316500155305,-7.354923200143644,2.821497292666275,-0.0755423024863422,field players (value_role offensive_field or defensive_field) with at least one recorded offensive opportunity,"constant in offensive_play_share, selected by 5-fold CV MSE",offensive_play_share = (shots + turnovers) / same summed over the player's team in the games he played,"EPA_vs_usage_expectation = offensive_EPA_points_raw - E[offensive EPA | play share], model selected by 5-fold cross-validated MSE from {constant, linear, quadratic}","null sd = sqrt of the closed-form sampling variance of the component at this player's own opportunity counts, under league-average conversion"
001826,Jeff Trainor,CAN,short_stick_defensive_midfield,defensive_field,defensive_field,10,18.0,538.0,0.03345724907063197,0.03345724907063197,38.0,0.022392457277548614,1.9045013678204494,1.3787955644200756,0.10580563154558052,0.10921222931540314,0.07506594764256846,1.829435420177881,1.9658201276772564,0.9306219803230306,0.9688075429722763,-2.0235720300695417,5.682442870425303,0.03628409380052831,field players (value_role offensive_field or defensive_field) with at least one recorded offensive opportunity,"constant in offensive_play_share, selected by 5-fold CV MSE",offensive_play_share = (shots + turnovers) / same summed over the player's team in the games he played,"EPA_vs_usage_expectation = offensive_EPA_points_raw - E[offensive EPA | play share], model selected by 5-fold cross-validated MSE from {constant, linear, quadratic}","null sd = sqrt of the closed-form sampling variance of the component at this player's own opportunity counts, under league-average conversion"
001827,Jared Bernhardt,OUT,midfield,midfield,offensive_field,11,82.0,661.0,0.12405446293494705,0.11452513966480447,96.0,0.05139186295503212,1.9917391134698825,1.6613774973128002,0.024289501383779055,0.04560830974718502,0.07506594764256846,1.916673165827314,3.739881399269172,0.5124957080729512,0.5325674535719496,-5.413494376740263,9.246840708394892,0.017306015597008336,field players (value_role offensive_field or defensive_field) with at least one recorded offensive opportunity,"constant in offensive_play_share, selected by 5-fold CV MSE",offensive_play_share = (shots + turnovers) / same summed over the player's team in the games he played,"EPA_vs_usage_expectation = offensive_EPA_points_raw - E[offensive EPA | play share], model selected by 5-fold cross-validated MSE from {constant, linear, quadratic}","null sd = sqrt of the closed-form sampling variance of the component at this player's own opportunity counts, under league-average conversion"
001828,Justin Anderson,OUT,midfield,midfield,offensive_field,12,44.0,716.0,0.061452513966480445,0.061452513966480445,56.0,0.027586206896551724,1.1877614629840054,1.4751760690406672,0.02699457870418194,0.06387923703666396,0.07506594764256846,1.112695515341437,2.810686429613214,0.39588034567575653,0.42258768195193386,-4.396249886700462,6.621640917383337,0.02634242980429763,field players (value_role offensive_field or defensive_field) with at least one recorded offensive opportunity,"constant in offensive_play_share, selected by 5-fold CV MSE",offensive_play_share = (shots + turnovers) / same summed over the player's team in the games he played,"EPA_vs_usage_expectation = offensive_EPA_points_raw - E[offensive EPA | play share], model selected by 5-fold cross-validated MSE from {constant, linear, quadratic}","null sd = sqrt of the closed-form sampling variance of the component at this player's own opportunity counts, under league-average conversion"
001831,Colin Squires,WHP,long_stick_midfield,defensive_field,defensive_field,11,6.0,593.0,0.01011804384485666,0.01011804384485666,74.0,0.0407040704070407,-0.7037724492890254,-0.9365506482775205,-0.11729540821483757,0.13270710244601028,0.07506594764256846,-0.7788383969315937,0.7962426146760617,-0.9781420669734581,-0.8838668470103722,-2.3394739216966745,0.7817971278334872,-0.012656089841588116,field players (value_role offensive_field or defensive_field) with at least one recorded offensive opportunity,"constant in offensive_play_share, selected by 5-fold CV MSE",offensive_play_share = (shots + turnovers) / same summed over the player's team in the games he played,"EPA_vs_usage_expectation = offensive_EPA_points_raw - E[offensive EPA | play share], model selected by 5-fold cross-validated MSE from {constant, linear, quadratic}","null sd = sqrt of the closed-form sampling variance of the component at this player's own opportunity counts, under league-average conversion"
001832,Charlie Bertrand,RED,midfield,midfield,offensive_field,9,37.0,507.0,0.07297830374753451,0.05555555555555555,46.0,0.028804007514088917,-1.7118845405395742,-1.9821804083044599,-0.04626714974431281,0.07304263330126169,0.07506594764256846,-1.7869504881821427,2.7025774321466827,-0.6612023274251762,-0.6334266393913488,-7.084002255189641,3.5101012788253554,-0.043090878441401304,field players (value_role offensive_field or defensive_field) with at least one recorded offensive opportunity,"constant in offensive_play_share, selected by 5-fold CV MSE",offensive_play_share = (shots + turnovers) / same summed over the player's team in the games he played,"EPA_vs_usage_expectation = offensive_EPA_points_raw - E[offensive EPA | play share], model selected by 5-fold cross-validated MSE from {constant, linear, quadratic}","null sd = sqrt of the closed-form sampling variance of the component at this player's own opportunity counts, under league-average conversion"
001839,Nick Grill,OUT,long_stick_midfield,defensive_field,defensive_field,7,1.0,414.0,0.0024154589371980675,0.0013966480446927375,13.0,0.010887772194304857,-0.049267468891901076,-0.3740742581781733,-0.049267468891901076,0.18507760047083194,0.07506594764256846,-0.12433341653446947,0.18507760047083194,-0.6717907311212645,-0.26619898230021405,-0.4870855134573001,0.23841868038836114,-0.028774942936782563,field players (value_role offensive_field or defensive_field) with at least one recorded offensive opportunity,"constant in offensive_play_share, selected by 5-fold CV MSE",offensive_play_share = (shots + turnovers) / same summed over the player's team in the games he played,"EPA_vs_usage_expectation = offensive_EPA_points_raw - E[offensive EPA | play share], model selected by 5-fold cross-validated MSE from {constant, linear, quadratic}","null sd = sqrt of the closed-form sampling variance of the component at this player's own opportunity counts, under league-average conversion"
001843,Cole Williams,CHA,midfield,midfield,offensive_field,1,2.0,52.0,0.038461538461538464,0.00322061191626409,2.0,0.011428571428571429,0.5395328241569894,0.509499949960891,0.2697664120784947,0.3306769407290734,0.07506594764256846,0.46446687651442087,0.6613538814581468,0.7022970447990246,0.8158004954434267,-0.8317867311435467,1.7607204841723885,0.2547499749804455,field players (value_role offensive_field or defensive_field) with at least one recorded offensive opportunity,"constant in offensive_play_share, selected by 5-fold CV MSE",offensive_play_share = (shots + turnovers) / same summed over the player's team in the games he played,"EPA_vs_usage_expectation = offensive_EPA_points_raw - E[offensive EPA | play share], model selected by 5-fold cross-validated MSE from {constant, linear, quadratic}","null sd = sqrt of the closed-form sampling variance of the component at this player's own opportunity counts, under league-average conversion"
001846,Adam Charalambides,CHA,attack,attack,offensive_field,10,75.0,570.0,0.13157894736842105,0.12077294685990338,81.0,0.04698375870069606,-1.7888665850917884,-1.873258961582825,-0.02385155446789051,0.04783366129219386,0.07506594764256846,-1.8639325327343568,3.5875245969145393,-0.5195595130796977,-0.4986353505785879,-8.895480742686853,5.167615677218141,-0.023126653846701543,field players (value_role offensive_field or defensive_field) with at least one recorded offensive opportunity,"constant in offensive_play_share, selected by 5-fold CV MSE",offensive_play_share = (shots + turnovers) / same summed over the player's team in the games he played,"EPA_vs_usage_expectation = offensive_EPA_points_raw - E[offensive EPA | play share], model selected by 5-fold cross-validated MSE from {constant, linear, quadratic}","null sd = sqrt of the closed-form sampling variance of the component at this player's own opportunity counts, under league-average conversion"
002006,Reid Bowering,ATL,midfield,midfield,offensive_field,9,30.0,521.0,0.05758157389635317,0.0436046511627907,67.0,0.03929618768328446,6.200930754957235,6.146571252662297,0.20669769183190784,0.07799423345146567,0.07506594764256846,6.125864807314667,2.33982700354397,2.6180844985703016,2.6501663351885094,1.5398038803684857,10.711925734260848,0.09173986944272085,field players (value_role offensive_field or defensive_field) with at least one recorded offensive opportunity,"constant in offensive_play_share, selected by 5-fold CV MSE",offensive_play_share = (shots + turnovers) / same summed over the player's team in the games he played,"EPA_vs_usage_expectation = offensive_EPA_points_raw - E[offensive EPA | play share], model selected by 5-fold cross-validated MSE from {constant, linear, quadratic}","null sd = sqrt of the closed-form sampling variance of the component at this player's own opportunity counts, under league-average conversion"
002015,Logan Wisnauskas,OUT,attack,attack,offensive_field,12,71.0,716.0,0.09916201117318436,0.09916201117318436,89.0,0.04384236453201971,-1.6080309858314026,-1.9684254761845834,-0.022648323744104262,0.04916796331263569,0.07506594764256846,-1.683096933473971,3.490925395197134,-0.48213489059078724,-0.4606317247695282,-8.525310708060353,5.159116841112412,-0.02211714018184925,field players (value_role offensive_field or defensive_field) with at least one recorded offensive opportunity,"constant in offensive_play_share, selected by 5-fold CV MSE",offensive_play_share = (shots + turnovers) / same summed over the player's team in the games he played,"EPA_vs_usage_expectation = offensive_EPA_points_raw - E[offensive EPA | play share], model selected by 5-fold cross-validated MSE from {constant, linear, quadratic}","null sd = sqrt of the closed-form sampling variance of the component at this player's own opportunity counts, under league-average conversion"
002017,Arden Cohen,RED,long_stick_midfield,defensive_field,defensive_field,8,3.0,452.0,0.00663716814159292,0.0045045045045045045,24.0,0.017316017316017316,-0.3144713032537497,0.9492677046915422,-0.10482376775124991,0.08724641755910655,0.07506594764256846,-0.3895372508963182,0.2617392526773196,-1.4882645492097892,-1.2014678732251132,-0.9025461861438646,0.12347168435122824,0.03955282102881426,field players (value_role offensive_field or defensive_field) with at least one recorded offensive opportunity,"constant in offensive_play_share, selected by 5-fold CV MSE",offensive_play_share = (shots + turnovers) / same summed over the player's team in the games he played,"EPA_vs_usage_expectation = offensive_EPA_points_raw - E[offensive EPA | play share], model selected by 5-fold cross-validated MSE from {constant, linear, quadratic}","null sd = sqrt of the closed-form sampling variance of the component at this player's own opportunity counts, under league-average conversion"
002018,Matt Moore,ARC,attack,attack,offensive_field,4,32.0,208.0,0.15384615384615385,0.06201550387596899,36.0,0.056338028169014086,-1.388017136498453,-1.5081486332828467,-0.04337553551557666,0.08031490304090227,0.07506594764256846,-1.4630830841410214,2.570076897308873,-0.569275995466523,-0.5400683294542065,-6.500433802866412,3.574267634584369,-0.041893017591190185,field players (value_role offensive_field or defensive_field) with at least one recorded offensive opportunity,"constant in offensive_play_share, selected by 5-fold CV MSE",offensive_play_share = (shots + turnovers) / same summed over the player's team in the games he played,"EPA_vs_usage_expectation = offensive_EPA_points_raw - E[offensive EPA | play share], model selected by 5-fold cross-validated MSE from {constant, linear, quadratic}","null sd = sqrt of the closed-form sampling variance of the component at this player's own opportunity counts, under league-average conversion"
002019,Koby Smith,ATL,long_stick_midfield,defensive_field,defensive_field,2,2.0,115.0,0.017391304347826087,0.0029069767441860465,5.0,0.012658227848101266,-0.3485382826508719,-0.41049217023695717,-0.17426914132543594,0.0654348131693299,0.07506594764256846,-0.42360423029344035,0.1308696263386598,-3.2368414439974957,-2.663248092028144,-0.6801086979172135,-0.16709976266966714,-0.08209843404739144,field players (value_role offensive_field or defensive_field) with at least one recorded offensive opportunity,"constant in offensive_play_share, selected by 5-fold CV MSE",offensive_play_share = (shots + turnovers) / same summed over the player's team in the games he played,"EPA_vs_usage_expectation = offensive_EPA_points_raw - E[offensive EPA | play share], model selected by 5-fold cross-validated MSE from {constant, linear, quadratic}","null sd = sqrt of the closed-form sampling variance of the component at this player's own opportunity counts, under league-average conversion"
002021,Roman Puglise,WHP,short_stick_defensive_midfield,defensive_field,defensive_field,9,9.0,474.0,0.0189873417721519,0.01517706576728499,27.0,0.018218623481781375,-0.5289173461419371,-1.563487119424137,-0.05876859401577079,0.1451371098432185,0.07506594764256846,-0.6039832937845055,1.3062339885889667,-0.4623852227554931,-0.4049177641697178,-3.16420191141888,1.956235323849869,-0.05790693034904212,field players (value_role offensive_field or defensive_field) with at least one recorded offensive opportunity,"constant in offensive_play_share, selected by 5-fold CV MSE",offensive_play_share = (shots + turnovers) / same summed over the player's team in the games he played,"EPA_vs_usage_expectation = offensive_EPA_points_raw - E[offensive EPA | play share], model selected by 5-fold cross-validated MSE from {constant, linear, quadratic}","null sd = sqrt of the closed-form sampling variance of the component at this player's own opportunity counts, under league-average conversion"
002022,Zach Geddes,OUT,short_stick_defensive_midfield,defensive_field,defensive_field,12,14.0,716.0,0.019553072625698324,0.019553072625698324,48.0,0.023645320197044337,2.3203664671995394,2.1335411146305985,0.16574046194282424,0.11470016387888969,0.07506594764256846,2.245300519556971,1.6058022943044556,1.3982421917820902,1.4449888852628607,-0.9020719772797618,5.392673016393704,0.044448773221470804,field players (value_role offensive_field or defensive_field) with at least one recorded offensive opportunity,"constant in offensive_play_share, selected by 5-fold CV MSE",offensive_play_share = (shots + turnovers) / same summed over the player's team in the games he played,"EPA_vs_usage_expectation = offensive_EPA_points_raw - E[offensive EPA | play share], model selected by 5-fold cross-validated MSE from {constant, linear, quadratic}","null sd = sqrt of the closed-form sampling variance of the component at this player's own opportunity counts, under league-average conversion"
002024,Asher Nolting,CAN,attack,attack,offensive_field,10,59.0,538.0,0.10966542750929369,0.10966542750929369,113.0,0.06658809664113141,-1.96911146114362,-1.837567472164709,-0.033374770527857964,0.04899637302327823,0.07506594764256846,-2.0441774087861884,2.8907860083734156,-0.7071354997793157,-0.6811681858982006,-7.710117985198083,3.621763167625706,-0.01626165904570539,field players (value_role offensive_field or defensive_field) with at least one recorded offensive opportunity,"constant in offensive_play_share, selected by 5-fold CV MSE",offensive_play_share = (shots + turnovers) / same summed over the player's team in the games he played,"EPA_vs_usage_expectation = offensive_EPA_points_raw - E[offensive EPA | play share], model selected by 5-fold cross-validated MSE from {constant, linear, quadratic}","null sd = sqrt of the closed-form sampling variance of the component at this player's own opportunity counts, under league-average conversion"
002026,Brett Dobson,ARC,goalie,goalie,goalie,10,8.0,516.0,0.015503875968992248,0.015503875968992248,478.0,0.30700064226075785,-0.8941771734431961,10.436278189246927,-0.11177214668039952,0.10371053032353843,,,0.8296842425883074,,-1.0777318979250403,,,0.021833217969135833,outside the fitted population; no offensive-usage expectation is defined,not_applicable,offensive_play_share = (shots + turnovers) / same summed over the player's team in the games he played,"EPA_vs_usage_expectation = offensive_EPA_points_raw - E[offensive EPA | play share], model selected by 5-fold cross-validated MSE from {constant, linear, quadratic}","null sd = sqrt of the closed-form sampling variance of the component at this player's own opportunity counts, under league-average conversion"
002028,Jack Hannah,WAT,midfield,midfield,offensive_field,12,81.0,667.0,0.12143928035982009,0.12143928035982009,107.0,0.0519669742593492,-4.0502351464351705,-4.194693271318404,-0.050002903042409515,0.05001412830399062,0.07506594764256846,-4.125301094077739,4.05114439262324,-1.0183051242482324,-0.9997755581880208,-12.06554410361929,3.8149419154638124,-0.03920274085344303,field players (value_role offensive_field or defensive_field) with at least one recorded offensive opportunity,"constant in offensive_play_share, selected by 5-fold CV MSE",offensive_play_share = (shots + turnovers) / same summed over the player's team in the games he played,"EPA_vs_usage_expectation = offensive_EPA_points_raw - E[offensive EPA | play share], model selected by 5-fold cross-validated MSE from {constant, linear, quadratic}","null sd = sqrt of the closed-form sampling variance of the component at this player's own opportunity counts, under league-average conversion"
002030,Jonathan Donville,OUT,midfield,midfield,offensive_field,7,15.0,399.0,0.03759398496240601,0.022798072729538328,24.0,0.020743301642178046,-0.05394718346334279,-0.048240937366084084,-0.0035964788975561862,0.10008442731010583,0.07506594764256846,-0.12901313110591126,1.5012664096515875,-0.08593620044816196,-0.03593445048561554,-3.0714952940230225,2.8134690318112003,-0.0020100390569201703,field players (value_role offensive_field or defensive_field) with at least one recorded offensive opportunity,"constant in offensive_play_share, selected by 5-fold CV MSE",offensive_play_share = (shots + turnovers) / same summed over the player's team in the games he played,"EPA_vs_usage_expectation = offensive_EPA_points_raw - E[offensive EPA | play share], model selected by 5-fold cross-validated MSE from {constant, linear, quadratic}","null sd = sqrt of the closed-form sampling variance of the component at this player's own opportunity counts, under league-average conversion"
002032,Justin Inacio,CHA,faceoff,faceoff,faceoff,8,21.0,463.0,0.04535637149028078,0.033816425120772944,378.0,0.2719424460431655,-1.9745583061749297,4.182740189297665,-0.09402658600832998,0.08613105048589473,,,1.8087520602037894,,-1.091668863643179,,,0.011065450236237208,outside the fitted population; no offensive-usage expectation is defined,not_applicable,offensive_play_share = (shots + turnovers) / same summed over the player's team in the games he played,"EPA_vs_usage_expectation = offensive_EPA_points_raw - E[offensive EPA | play share], model selected by 5-fold cross-validated MSE from {constant, linear, quadratic}","null sd = sqrt of the closed-form sampling variance of the component at this player's own opportunity counts, under league-average conversion"
002038,Colin Kirst,CAN,goalie,goalie,goalie,10,10.0,538.0,0.01858736059479554,0.01858736059479554,450.0,0.26517383618149676,-1.452773666770212,-8.199579721309872,-0.1452773666770212,0.10837097787419483,,,1.0837097787419483,,-1.3405560190263308,,,-0.018221288269577494,outside the fitted population; no offensive-usage expectation is defined,not_applicable,offensive_play_share = (shots + turnovers) / same summed over the player's team in the games he played,"EPA_vs_usage_expectation = offensive_EPA_points_raw - E[offensive EPA | play share], model selected by 5-fold cross-validated MSE from {constant, linear, quadratic}","null sd = sqrt of the closed-form sampling variance of the component at this player's own opportunity counts, under league-average conversion"
002039,Owen McElroy,OUT,goalie,goalie,goalie,2,0.0,114.0,0.0,0.0,73.0,0.2225609756097561,0.10897723117174925,-4.858327884102214,,,,,0.15154742376853217,,0.719096560415286,,,-0.06655243676852347,outside the fitted population; no offensive-usage expectation is defined,not_applicable,offensive_play_share = (shots + turnovers) / same summed over the player's team in the games he played,"EPA_vs_usage_expectation = offensive_EPA_points_raw - E[offensive EPA | play share], model selected by 5-fold cross-validated MSE from {constant, linear, quadratic}","null sd = sqrt of the closed-form sampling variance of the component at this player's own opportunity counts, under league-average conversion"
002042,Jon Robbins,ARC,long_stick_midfield,defensive_field,defensive_field,1,0.0,49.0,0.0,0.0,0.0,0.0,0.010416806036127907,-0.1285283204918885,,,,,0.046269400117707984,,0.22513380354246781,,,,outside the fitted population; no offensive-usage expectation is defined,not_applicable,offensive_play_share = (shots + turnovers) / same summed over the player's team in the games he played,"EPA_vs_usage_expectation = offensive_EPA_points_raw - E[offensive EPA | play share], model selected by 5-fold cross-validated MSE from {constant, linear, quadratic}","null sd = sqrt of the closed-form sampling variance of the component at this player's own opportunity counts, under league-average conversion"
002054,Chris Merle,RED,short_stick_defensive_midfield,defensive_field,defensive_field,3,1.0,171.0,0.005847953216374269,0.0015015015015015015,8.0,0.015180265654648957,0.8444310899738154,0.4892283680389564,0.8444310899738154,0.48388518707075273,0.07506594764256846,0.769365142331247,0.48388518707075273,1.5899745701840464,1.7451063031825036,-0.17904982432742833,1.7177801089899223,0.06115354600486955,field players (value_role offensive_field or defensive_field) with at least one recorded offensive opportunity,"constant in offensive_play_share, selected by 5-fold CV MSE",offensive_play_share = (shots + turnovers) / same summed over the player's team in the games he played,"EPA_vs_usage_expectation = offensive_EPA_points_raw - E[offensive EPA | play share], model selected by 5-fold cross-validated MSE from {constant, linear, quadratic}","null sd = sqrt of the closed-form sampling variance of the component at this player's own opportunity counts, under league-average conversion"
002059,Brendan Krebs,WHP,goalie,goalie,goalie,4,2.0,220.0,0.00909090909090909,0.003372681281618887,117.0,0.17410714285714285,-0.2630223318194991,-3.91146845362626,-0.13151116590974954,0.2538282956962155,,,0.507656591392431,,-0.5181107391870272,,,-0.033431354304497944,outside the fitted population; no offensive-usage expectation is defined,not_applicable,offensive_play_share = (shots + turnovers) / same summed over the player's team in the games he played,"EPA_vs_usage_expectation = offensive_EPA_points_raw - E[offensive EPA | play share], model selected by 5-fold cross-validated MSE from {constant, linear, quadratic}","null sd = sqrt of the closed-form sampling variance of the component at this player's own opportunity counts, under league-average conversion"
002067,Zac Tucci,CAN,faceoff,faceoff,faceoff,10,18.0,538.0,0.03345724907063197,0.03345724907063197,364.0,0.21449616971125515,1.0765357943623248,-3.7858026834137704,0.059807544131240266,0.10739219444862295,,,1.933059500075213,,0.5569077383911039,,,-0.010400556822565302,outside the fitted population; no offensive-usage expectation is defined,not_applicable,offensive_play_share = (shots + turnovers) / same summed over the player's team in the games he played,"EPA_vs_usage_expectation = offensive_EPA_points_raw - E[offensive EPA | play share], model selected by 5-fold cross-validated MSE from {constant, linear, quadratic}","null sd = sqrt of the closed-form sampling variance of the component at this player's own opportunity counts, under league-average conversion"
002074,Alexander Smith,OUT,short_stick_defensive_midfield,defensive_field,defensive_field,6,3.0,353.0,0.0084985835694051,0.004189944134078212,9.0,0.009054325955734407,-0.4101347581075314,-0.5959964208657872,-0.1367115860358438,0.24971386964986422,0.07506594764256846,-0.4852007057500998,0.7491416089495927,-0.6476755528643282,-0.5474729386378645,-1.9535182592913014,0.9831168477911019,-0.06622182454064302,field players (value_role offensive_field or defensive_field) with at least one recorded offensive opportunity,"constant in offensive_play_share, selected by 5-fold CV MSE",offensive_play_share = (shots + turnovers) / same summed over the player's team in the games he played,"EPA_vs_usage_expectation = offensive_EPA_points_raw - E[offensive EPA | play share], model selected by 5-fold cross-validated MSE from {constant, linear, quadratic}","null sd = sqrt of the closed-form sampling variance of the component at this player's own opportunity counts, under league-average conversion"
003004,Mike Sisselberger,ARC,faceoff,faceoff,faceoff,5,8.0,261.0,0.03065134099616858,0.015503875968992248,151.0,0.19334186939820744,-0.6973109382566562,-5.36654446860328,-0.08716386728208203,0.14796012690650034,,,1.1836810152520028,,-0.5891037612934938,,,-0.035540029593399206,outside the fitted population; no offensive-usage expectation is defined,not_applicable,offensive_play_share = (shots + turnovers) / same summed over the player's team in the games he played,"EPA_vs_usage_expectation = offensive_EPA_points_raw - E[offensive EPA | play share], model selected by 5-fold cross-validated MSE from {constant, linear, quadratic}","null sd = sqrt of the closed-form sampling variance of the component at this player's own opportunity counts, under league-average conversion"
003005,Connor Maher,ARC,short_stick_defensive_midfield,defensive_field,defensive_field,10,5.0,516.0,0.009689922480620155,0.009689922480620155,29.0,0.018625561978163133,0.3641952509021271,-1.3009193622355695,0.07283905018042543,0.1816953524939609,0.07506594764256846,0.2891293032595586,0.9084767624698045,0.31825723585215926,0.40088559878187535,-1.4914851511812581,2.069743757700375,-0.04485928835295067,field players (value_role offensive_field or defensive_field) with at least one recorded offensive opportunity,"constant in offensive_play_share, selected by 5-fold CV MSE",offensive_play_share = (shots + turnovers) / same summed over the player's team in the games he played,"EPA_vs_usage_expectation = offensive_EPA_points_raw - E[offensive EPA | play share], model selected by 5-fold cross-validated MSE from {constant, linear, quadratic}","null sd = sqrt of the closed-form sampling variance of the component at this player's own opportunity counts, under league-average conversion"
003006,Piper Bond,ARC,short_stick_defensive_midfield,defensive_field,defensive_field,10,14.0,516.0,0.027131782945736434,0.027131782945736434,48.0,0.030828516377649325,-0.42131784508574677,-1.8991846826187038,-0.030094131791839056,0.08613317185264283,0.07506594764256846,-0.49638379272831523,1.2058644059369996,-0.41164146672246066,-0.34939073001194343,-2.8598780283648346,1.8671104429082042,-0.039566347554556326,field players (value_role offensive_field or defensive_field) with at least one recorded offensive opportunity,"constant in offensive_play_share, selected by 5-fold CV MSE",offensive_play_share = (shots + turnovers) / same summed over the player's team in the games he played,"EPA_vs_usage_expectation = offensive_EPA_points_raw - E[offensive EPA | play share], model selected by 5-fold cross-validated MSE from {constant, linear, quadratic}","null sd = sqrt of the closed-form sampling variance of the component at this player's own opportunity counts, under league-average conversion"
003007,Cam Wyers,ARC,defense,defensive_field,defensive_field,8,9.0,420.0,0.02142857142857143,0.01744186046511628,17.0,0.013343799058084773,0.11289458491259996,-0.1349209654317411,0.012543842768066662,0.10928601248769185,0.07506594764256846,0.037828637270031495,0.9835741123892267,0.0384603832019744,0.11477994742903984,-1.8899766230128527,1.9656338975529155,-0.00793652737833771,field players (value_role offensive_field or defensive_field) with at least one recorded offensive opportunity,"constant in offensive_play_share, selected by 5-fold CV MSE",offensive_play_share = (shots + turnovers) / same summed over the player's team in the games he played,"EPA_vs_usage_expectation = offensive_EPA_points_raw - E[offensive EPA | play share], model selected by 5-fold cross-validated MSE from {constant, linear, quadratic}","null sd = sqrt of the closed-form sampling variance of the component at this player's own opportunity counts, under league-average conversion"
003008,Gavin Adler,ATL,defense,defensive_field,defensive_field,12,4.0,688.0,0.005813953488372093,0.005813953488372093,15.0,0.006675567423230975,-0.1345690393508368,1.4371349243621798,-0.0336422598377092,0.09677939382549329,0.07506594764256846,-0.20963498699340527,0.38711757530197316,-0.5415279500804849,-0.34761800532012915,-0.9683854345852727,0.5491154605984621,0.09580899495747866,field players (value_role offensive_field or defensive_field) with at least one recorded offensive opportunity,"constant in offensive_play_share, selected by 5-fold CV MSE",offensive_play_share = (shots + turnovers) / same summed over the player's team in the games he played,"EPA_vs_usage_expectation = offensive_EPA_points_raw - E[offensive EPA | play share], model selected by 5-fold cross-validated MSE from {constant, linear, quadratic}","null sd = sqrt of the closed-form sampling variance of the component at this player's own opportunity counts, under league-average conversion"
003009,Brett Makar,ATL,defense,defensive_field,defensive_field,11,14.0,633.0,0.022116903633491312,0.020348837209302327,51.0,0.024951076320939333,0.09016925485359101,0.5052001522749385,0.006440661060970786,0.1464925013381065,0.07506594764256846,0.015103307211022543,2.0508950187334913,0.0073642517403691545,0.04396580713783882,-4.00465092950662,4.034857543928665,0.009905885338724284,field players (value_role offensive_field or defensive_field) with at least one recorded offensive opportunity,"constant in offensive_play_share, selected by 5-fold CV MSE",offensive_play_share = (shots + turnovers) / same summed over the player's team in the games he played,"EPA_vs_usage_expectation = offensive_EPA_points_raw - E[offensive EPA | play share], model selected by 5-fold cross-validated MSE from {constant, linear, quadratic}","null sd = sqrt of the closed-form sampling variance of the component at this player's own opportunity counts, under league-average conversion"
003010,Xander Dickson,ATL,attack,attack,offensive_field,12,77.0,688.0,0.1119186046511628,0.1119186046511628,108.0,0.04806408544726302,8.125808114196571,9.061031816663077,0.10552997550904639,0.04784511919990999,0.07506594764256846,8.050742166554002,3.684074178393069,2.1852823197131173,2.2056581167268763,0.8299567769035869,15.271527556204418,0.08389844274688034,field players (value_role offensive_field or defensive_field) with at least one recorded offensive opportunity,"constant in offensive_play_share, selected by 5-fold CV MSE",offensive_play_share = (shots + turnovers) / same summed over the player's team in the games he played,"EPA_vs_usage_expectation = offensive_EPA_points_raw - E[offensive EPA | play share], model selected by 5-fold cross-validated MSE from {constant, linear, quadratic}","null sd = sqrt of the closed-form sampling variance of the component at this player's own opportunity counts, under league-average conversion"
003011,Payton Rezanka,ATL,short_stick_defensive_midfield,defensive_field,defensive_field,3,1.0,167.0,0.005988023952095809,0.0014534883720930232,2.0,0.0036900369003690036,-0.16598571606231258,-0.305252072527224,-0.16598571606231258,0.48166795292944786,0.07506594764256846,-0.24105166370488104,0.48166795292944786,-0.500451944620424,-0.3446061027162114,-1.1851208514465987,0.7030175240368367,-0.152626036263612,field players (value_role offensive_field or defensive_field) with at least one recorded offensive opportunity,"constant in offensive_play_share, selected by 5-fold CV MSE",offensive_play_share = (shots + turnovers) / same summed over the player's team in the games he played,"EPA_vs_usage_expectation = offensive_EPA_points_raw - E[offensive EPA | play share], model selected by 5-fold cross-validated MSE from {constant, linear, quadratic}","null sd = sqrt of the closed-form sampling variance of the component at this player's own opportunity counts, under league-average conversion"
003013,Matt Campbell,CAN,midfield,midfield,offensive_field,10,71.0,538.0,0.13197026022304834,0.13197026022304834,93.0,0.05480259281084266,3.3458341368308,3.045505394869816,0.04712442446240563,0.05984041527100813,0.07506594764256846,3.2707681891882316,4.248669484241577,0.7698335211339912,0.7875016282722352,-5.056623999925259,11.598160378301722,0.032747369837309845,field players (value_role offensive_field or defensive_field) with at least one recorded offensive opportunity,"constant in offensive_play_share, selected by 5-fold CV MSE",offensive_play_share = (shots + turnovers) / same summed over the player's team in the games he played,"EPA_vs_usage_expectation = offensive_EPA_points_raw - E[offensive EPA | play share], model selected by 5-fold cross-validated MSE from {constant, linear, quadratic}","null sd = sqrt of the closed-form sampling variance of the component at this player's own opportunity counts, under league-average conversion"
003018,Nick Rowlett,CHA,faceoff,faceoff,faceoff,3,4.0,158.0,0.02531645569620253,0.00644122383252818,90.0,0.18907563025210083,-0.7579229266338744,-3.739076793328665,-0.1894807316584686,0.1700060227686019,,,0.6800240910744076,,-1.1145530527255145,,,-0.04154529770365183,outside the fitted population; no offensive-usage expectation is defined,not_applicable,offensive_play_share = (shots + turnovers) / same summed over the player's team in the games he played,"EPA_vs_usage_expectation = offensive_EPA_points_raw - E[offensive EPA | play share], model selected by 5-fold cross-validated MSE from {constant, linear, quadratic}","null sd = sqrt of the closed-form sampling variance of the component at this player's own opportunity counts, under league-average conversion"
003019,Sam Handley,RED,midfield,midfield,offensive_field,5,27.0,272.0,0.09926470588235294,0.04001627325649672,34.0,0.0416156670746634,-2.386287702209605,-2.536452073190097,-0.08838102600776315,0.09655571484505193,0.07506594764256846,-2.4613536498521733,2.6070043008164023,-0.9441310277399169,-0.9153370792147606,-7.571082079452323,2.6483747797479755,-0.07460153156441461,field players (value_role offensive_field or defensive_field) with at least one recorded offensive opportunity,"constant in offensive_play_share, selected by 5-fold CV MSE",offensive_play_share = (shots + turnovers) / same summed over the player's team in the games he played,"EPA_vs_usage_expectation = offensive_EPA_points_raw - E[offensive EPA | play share], model selected by 5-fold cross-validated MSE from {constant, linear, quadratic}","null sd = sqrt of the closed-form sampling variance of the component at this player's own opportunity counts, under league-average conversion"
003022,Cross Ferrara,CHA,midfield,midfield,offensive_field,6,27.0,337.0,0.08011869436201781,0.043478260869565216,24.0,0.023809523809523808,-1.6427807460880852,-1.8229779912646757,-0.06084373133659575,0.08282089416416162,0.07506594764256846,-1.7178466937306536,2.2361641424323637,-0.7682113585195424,-0.7346422898549693,-6.100728412898086,2.665035025436779,-0.07595741630269483,field players (value_role offensive_field or defensive_field) with at least one recorded offensive opportunity,"constant in offensive_play_share, selected by 5-fold CV MSE",offensive_play_share = (shots + turnovers) / same summed over the player's team in the games he played,"EPA_vs_usage_expectation = offensive_EPA_points_raw - E[offensive EPA | play share], model selected by 5-fold cross-validated MSE from {constant, linear, quadratic}","null sd = sqrt of the closed-form sampling variance of the component at this player's own opportunity counts, under league-average conversion"
003023,Owen Grant,CAN,long_stick_midfield,defensive_field,defensive_field,10,12.0,538.0,0.022304832713754646,0.022304832713754646,36.0,0.02121390689451974,0.17000396133814188,1.155852716227401,0.01416699677817849,0.16482485436475605,0.07506594764256846,0.09493801369557334,1.9778982523770727,0.04799944263132604,0.08595182342359024,-3.781742560963489,3.971618588354636,0.032107019895205584,field players (value_role offensive_field or defensive_field) with at least one recorded offensive opportunity,"constant in offensive_play_share, selected by 5-fold CV MSE",offensive_play_share = (shots + turnovers) / same summed over the player's team in the games he played,"EPA_vs_usage_expectation = offensive_EPA_points_raw - E[offensive EPA | play share], model selected by 5-fold cross-validated MSE from {constant, linear, quadratic}","null sd = sqrt of the closed-form sampling variance of the component at this player's own opportunity counts, under league-average conversion"
003024,Brian Tevlin,RED,short_stick_defensive_midfield,defensive_field,defensive_field,12,18.0,666.0,0.02702702702702703,0.02702702702702703,82.0,0.03906622201048118,-1.4387974914147448,-1.3767424107297557,-0.07993319396748583,0.11890277944032397,0.07506594764256846,-1.5138634390573134,2.1402500299258316,-0.7073301800676881,-0.6722567322961818,-5.7087534977119425,2.6810266195973163,-0.016789541594265312,field players (value_role offensive_field or defensive_field) with at least one recorded offensive opportunity,"constant in offensive_play_share, selected by 5-fold CV MSE",offensive_play_share = (shots + turnovers) / same summed over the player's team in the games he played,"EPA_vs_usage_expectation = offensive_EPA_points_raw - E[offensive EPA | play share], model selected by 5-fold cross-validated MSE from {constant, linear, quadratic}","null sd = sqrt of the closed-form sampling variance of the component at this player's own opportunity counts, under league-average conversion"
003025,Cole Kirst,RED,midfield,midfield,offensive_field,1,3.0,61.0,0.04918032786885246,0.0045045045045045045,2.0,0.010362694300518135,-0.700705061542695,-0.7307379357387934,-0.233568353847565,0.21919972032339488,0.07506594764256846,-0.7757710091852634,0.6575991609701847,-1.1797019449366917,-1.0655504190560618,-2.0646653646868254,0.5131233463162985,-0.3653689678693967,field players (value_role offensive_field or defensive_field) with at least one recorded offensive opportunity,"constant in offensive_play_share, selected by 5-fold CV MSE",offensive_play_share = (shots + turnovers) / same summed over the player's team in the games he played,"EPA_vs_usage_expectation = offensive_EPA_points_raw - E[offensive EPA | play share], model selected by 5-fold cross-validated MSE from {constant, linear, quadratic}","null sd = sqrt of the closed-form sampling variance of the component at this player's own opportunity counts, under league-average conversion"
003027,Thomas McConvey,WAT,midfield,midfield,offensive_field,12,40.0,667.0,0.05997001499250375,0.05997001499250375,62.0,0.03011170471102477,4.204731521194957,4.276209761781671,0.10511828802987393,0.0697904990462305,0.07506594764256846,4.129665573552389,2.7916199618492197,1.4793079394721134,1.5061976840177296,-1.3419095516720816,9.60124069877686,0.06897112519002696,field players (value_role offensive_field or defensive_field) with at least one recorded offensive opportunity,"constant in offensive_play_share, selected by 5-fold CV MSE",offensive_play_share = (shots + turnovers) / same summed over the player's team in the games he played,"EPA_vs_usage_expectation = offensive_EPA_points_raw - E[offensive EPA | play share], model selected by 5-fold cross-validated MSE from {constant, linear, quadratic}","null sd = sqrt of the closed-form sampling variance of the component at this player's own opportunity counts, under league-average conversion"
003028,Alex Mazzone,WHP,long_stick_midfield,defensive_field,defensive_field,5,2.0,292.0,0.00684931506849315,0.003372681281618887,10.0,0.01201923076923077,-0.46694755010554,-0.729800451805727,-0.23347377505277,0.5043620447019664,0.07506594764256846,-0.5420134977481086,1.0087240894039329,-0.5373258192618269,-0.46290908982005663,-2.519112712979817,1.4350857174835998,-0.07298004518057269,field players (value_role offensive_field or defensive_field) with at least one recorded offensive opportunity,"constant in offensive_play_share, selected by 5-fold CV MSE",offensive_play_share = (shots + turnovers) / same summed over the player's team in the games he played,"EPA_vs_usage_expectation = offensive_EPA_points_raw - E[offensive EPA | play share], model selected by 5-fold cross-validated MSE from {constant, linear, quadratic}","null sd = sqrt of the closed-form sampling variance of the component at this player's own opportunity counts, under league-average conversion"
003029,Chris Fake,RED,defense,defensive_field,defensive_field,12,9.0,666.0,0.013513513513513514,0.013513513513513514,29.0,0.013816102906145784,0.6322650466791124,-0.17133100977729432,0.07025167185323472,0.16359320728666077,0.07506594764256846,0.557199099036544,1.472338865579947,0.3784448757433745,0.42942902714862885,-2.328585077500152,3.44298327557324,-0.00590796585438946,field players (value_role offensive_field or defensive_field) with at least one recorded offensive opportunity,"constant in offensive_play_share, selected by 5-fold CV MSE",offensive_play_share = (shots + turnovers) / same summed over the player's team in the games he played,"EPA_vs_usage_expectation = offensive_EPA_points_raw - E[offensive EPA | play share], model selected by 5-fold cross-validated MSE from {constant, linear, quadratic}","null sd = sqrt of the closed-form sampling variance of the component at this player's own opportunity counts, under league-average conversion"
003039,Chet Comizio,ATL,short_stick_defensive_midfield,defensive_field,defensive_field,11,6.0,639.0,0.009389671361502348,0.00872093023255814,23.0,0.011121856866537718,-0.8351742640415738,-1.8700652672606692,-0.13919571067359562,0.1879872338017847,0.07506594764256846,-0.9102402116841423,1.1279234028107081,-0.8070053422208332,-0.7404529970389625,-3.1209700811931302,1.300489657824846,-0.08130718553307258,field players (value_role offensive_field or defensive_field) with at least one recorded offensive opportunity,"constant in offensive_play_share, selected by 5-fold CV MSE",offensive_play_share = (shots + turnovers) / same summed over the player's team in the games he played,"EPA_vs_usage_expectation = offensive_EPA_points_raw - E[offensive EPA | play share], model selected by 5-fold cross-validated MSE from {constant, linear, quadratic}","null sd = sqrt of the closed-form sampling variance of the component at this player's own opportunity counts, under league-average conversion"
003041,Ethan Rall,CAN,long_stick_midfield,defensive_field,defensive_field,10,10.0,538.0,0.01858736059479554,0.01858736059479554,43.0,0.025338833235120803,-1.2569682276664085,0.16075325816274577,-0.12569682276664085,0.15504813290498648,0.07506594764256846,-1.3320341753089768,1.5504813290498647,-0.8591101036510047,-0.8106954944350596,-4.370977580246711,1.7069092296287578,0.0037384478642499015,field players (value_role offensive_field or defensive_field) with at least one recorded offensive opportunity,"constant in offensive_play_share, selected by 5-fold CV MSE",offensive_play_share = (shots + turnovers) / same summed over the player's team in the games he played,"EPA_vs_usage_expectation = offensive_EPA_points_raw - E[offensive EPA | play share], model selected by 5-fold cross-validated MSE from {constant, linear, quadratic}","null sd = sqrt of the closed-form sampling variance of the component at this player's own opportunity counts, under league-average conversion"
003048,TJ Malone,WHP,attack,attack,offensive_field,11,86.0,593.0,0.14502529510961215,0.14502529510961215,121.0,0.06655665566556655,0.5308295443009179,0.41640429361378295,0.00617243656163858,0.04615869368928139,0.07506594764256846,0.4557635966583494,3.9696476572781996,0.11481210324113376,0.13372208068080346,-7.324745811606921,8.23627300492362,0.003441357798461016,field players (value_role offensive_field or defensive_field) with at least one recorded offensive opportunity,"constant in offensive_play_share, selected by 5-fold CV MSE",offensive_play_share = (shots + turnovers) / same summed over the player's team in the games he played,"EPA_vs_usage_expectation = offensive_EPA_points_raw - E[offensive EPA | play share], model selected by 5-fold cross-validated MSE from {constant, linear, quadratic}","null sd = sqrt of the closed-form sampling variance of the component at this player's own opportunity counts, under league-average conversion"
003059,BJ Farrare,RED,short_stick_defensive_midfield,defensive_field,defensive_field,12,6.0,666.0,0.009009009009009009,0.009009009009009009,34.0,0.016198189614101955,-0.9997097798466158,-1.309800447713937,-0.16661829664110264,0.16804907967524316,0.07506594764256846,-1.0747757274891843,1.0082944780514589,-1.065934358349558,-0.9914859216313143,-3.051032904470044,0.9014814494916752,-0.03852354257982168,field players (value_role offensive_field or defensive_field) with at least one recorded offensive opportunity,"constant in offensive_play_share, selected by 5-fold CV MSE",offensive_play_share = (shots + turnovers) / same summed over the player's team in the games he played,"EPA_vs_usage_expectation = offensive_EPA_points_raw - E[offensive EPA | play share], model selected by 5-fold cross-validated MSE from {constant, linear, quadratic}","null sd = sqrt of the closed-form sampling variance of the component at this player's own opportunity counts, under league-average conversion"
003075,Brennan O'Neill,OUT,attack,attack,offensive_field,12,127.0,716.0,0.17737430167597765,0.17737430167597765,167.0,0.08226600985221674,3.660338089141587,3.5158799642583536,0.02882155975702037,0.04182217961127525,0.07506594764256846,3.5852721414990185,5.311416810631957,0.6750123873393472,0.6891453297008481,-6.825104807339617,13.995649090337654,0.021053173438672777,field players (value_role offensive_field or defensive_field) with at least one recorded offensive opportunity,"constant in offensive_play_share, selected by 5-fold CV MSE",offensive_play_share = (shots + turnovers) / same summed over the player's team in the games he played,"EPA_vs_usage_expectation = offensive_EPA_points_raw - E[offensive EPA | play share], model selected by 5-fold cross-validated MSE from {constant, linear, quadratic}","null sd = sqrt of the closed-form sampling variance of the component at this player's own opportunity counts, under league-average conversion"
003076,Connor Shellenberger,ATL,attack,attack,offensive_field,12,71.0,688.0,0.10319767441860465,0.10319767441860465,145.0,0.06453048509123276,11.73337927893143,11.588921154048197,0.16525886308354126,0.04871331925096699,0.07506594764256846,11.658313331288861,3.458645666818656,3.370774127900894,3.3924779839399015,4.879367824324295,18.437258838253427,0.07992359416584964,field players (value_role offensive_field or defensive_field) with at least one recorded offensive opportunity,"constant in offensive_play_share, selected by 5-fold CV MSE",offensive_play_share = (shots + turnovers) / same summed over the player's team in the games he played,"EPA_vs_usage_expectation = offensive_EPA_points_raw - E[offensive EPA | play share], model selected by 5-fold cross-validated MSE from {constant, linear, quadratic}","null sd = sqrt of the closed-form sampling variance of the component at this player's own opportunity counts, under league-average conversion"
003077,Ajax Zappitello,WHP,defense,defensive_field,defensive_field,11,7.0,593.0,0.011804384485666104,0.011804384485666104,30.0,0.0165016501650165,-0.6116925754655187,1.7467656111853571,-0.08738465363793124,0.13171969174836407,0.07506594764256846,-0.6867585231080872,0.9220378422385485,-0.744826829927887,-0.6634137423041497,-2.493952693895642,1.120435647679468,0.05822552037284524,field players (value_role offensive_field or defensive_field) with at least one recorded offensive opportunity,"constant in offensive_play_share, selected by 5-fold CV MSE",offensive_play_share = (shots + turnovers) / same summed over the player's team in the games he played,"EPA_vs_usage_expectation = offensive_EPA_points_raw - E[offensive EPA | play share], model selected by 5-fold cross-validated MSE from {constant, linear, quadratic}","null sd = sqrt of the closed-form sampling variance of the component at this player's own opportunity counts, under league-average conversion"
003078,Shane Knobloch,CHA,midfield,midfield,offensive_field,5,35.0,284.0,0.12323943661971831,0.05636070853462158,52.0,0.06060606060606061,1.5884762914734565,1.4383119204929644,0.045385036899241615,0.07589206351677702,0.07506594764256846,1.5134103438308881,2.656222223087196,0.5697604404769742,0.5980208574669814,-3.692785213420016,6.719605901081792,0.0276598446248647,field players (value_role offensive_field or defensive_field) with at least one recorded offensive opportunity,"constant in offensive_play_share, selected by 5-fold CV MSE",offensive_play_share = (shots + turnovers) / same summed over the player's team in the games he played,"EPA_vs_usage_expectation = offensive_EPA_points_raw - E[offensive EPA | play share], model selected by 5-fold cross-validated MSE from {constant, linear, quadratic}","null sd = sqrt of the closed-form sampling variance of the component at this player's own opportunity counts, under league-average conversion"
003079,Liam Entenmann,ATL,goalie,goalie,goalie,12,8.0,688.0,0.011627906976744186,0.011627906976744186,579.0,0.2576769025367156,-0.8591971037597994,13.274476405515594,-0.10739963796997493,0.18683300785843196,,,1.4946640628674557,,-0.5748429530790101,,,0.022926556831633152,outside the fitted population; no offensive-usage expectation is defined,not_applicable,offensive_play_share = (shots + turnovers) / same summed over the player's team in the games he played,"EPA_vs_usage_expectation = offensive_EPA_points_raw - E[offensive EPA | play share], model selected by 5-fold cross-validated MSE from {constant, linear, quadratic}","null sd = sqrt of the closed-form sampling variance of the component at this player's own opportunity counts, under league-average conversion"
003080,Pat Kavanagh,OUT,attack,attack,offensive_field,12,128.0,716.0,0.1787709497206704,0.1787709497206704,195.0,0.0960591133004926,-5.024603368789841,-4.305316031793284,-0.039254713818670635,0.03762488545956448,0.07506594764256846,-5.09966931643241,4.8159853388242535,-1.0589046597217036,-1.0433178291229015,-14.539000580527947,4.339661947663128,-0.022078543752786072,field players (value_role offensive_field or defensive_field) with at least one recorded offensive opportunity,"constant in offensive_play_share, selected by 5-fold CV MSE",offensive_play_share = (shots + turnovers) / same summed over the player's team in the games he played,"EPA_vs_usage_expectation = offensive_EPA_points_raw - E[offensive EPA | play share], model selected by 5-fold cross-validated MSE from {constant, linear, quadratic}","null sd = sqrt of the closed-form sampling variance of the component at this player's own opportunity counts, under league-average conversion"
003081,Matt Brandau,WHP,midfield,midfield,offensive_field,11,77.0,593.0,0.12984822934232715,0.12984822934232715,95.0,0.052255225522552254,3.8262592761855596,3.927770390968372,0.049691678911500774,0.04886700900256934,0.07506594764256846,3.7511933285429913,3.7627596931978387,0.9969260953135656,1.0168758007859267,-3.6238156701247726,11.126202327210756,0.0413449514838776,field players (value_role offensive_field or defensive_field) with at least one recorded offensive opportunity,"constant in offensive_play_share, selected by 5-fold CV MSE",offensive_play_share = (shots + turnovers) / same summed over the player's team in the games he played,"EPA_vs_usage_expectation = offensive_EPA_points_raw - E[offensive EPA | play share], model selected by 5-fold cross-validated MSE from {constant, linear, quadratic}","null sd = sqrt of the closed-form sampling variance of the component at this player's own opportunity counts, under league-average conversion"
003082,Mason Woodward,ARC,long_stick_midfield,defensive_field,defensive_field,10,15.0,516.0,0.029069767441860465,0.029069767441860465,50.0,0.03211303789338472,2.6980319077469646,2.604198835286486,0.17986879384979765,0.15394761885382716,0.07506594764256846,2.622965960104396,2.309214282807407,1.1358694511951262,1.1683765893162827,-1.9030940341981215,7.149025954406914,0.05208397670572972,field players (value_role offensive_field or defensive_field) with at least one recorded offensive opportunity,"constant in offensive_play_share, selected by 5-fold CV MSE",offensive_play_share = (shots + turnovers) / same summed over the player's team in the games he played,"EPA_vs_usage_expectation = offensive_EPA_points_raw - E[offensive EPA | play share], model selected by 5-fold cross-validated MSE from {constant, linear, quadratic}","null sd = sqrt of the closed-form sampling variance of the component at this player's own opportunity counts, under league-average conversion"
003083,Jake Piseno,OUT,long_stick_midfield,defensive_field,defensive_field,12,23.0,716.0,0.03212290502793296,0.03212290502793296,72.0,0.035467980295566505,2.8665651862859587,4.222332784529028,0.12463326896895473,0.11504128409924878,0.07506594764256846,2.7914992386433903,2.645949534282722,1.0550084959954176,1.0833786318086533,-2.3945618485507447,7.977560325837525,0.058643510896236505,field players (value_role offensive_field or defensive_field) with at least one recorded offensive opportunity,"constant in offensive_play_share, selected by 5-fold CV MSE",offensive_play_share = (shots + turnovers) / same summed over the player's team in the games he played,"EPA_vs_usage_expectation = offensive_EPA_points_raw - E[offensive EPA | play share], model selected by 5-fold cross-validated MSE from {constant, linear, quadratic}","null sd = sqrt of the closed-form sampling variance of the component at this player's own opportunity counts, under league-average conversion"
003084,Jake Stevens,ATL,midfield,midfield,offensive_field,12,57.0,688.0,0.08284883720930232,0.08284883720930232,58.0,0.0258121940364931,-3.3474808070747475,-3.4919389319579808,-0.05872773345745171,0.05047747119989165,0.07506594764256846,-3.422546754717316,2.877215858393824,-1.1895342314107489,-1.1634444448472643,-9.061889837169211,2.2167963277345795,-0.06020584365444794,field players (value_role offensive_field or defensive_field) with at least one recorded offensive opportunity,"constant in offensive_play_share, selected by 5-fold CV MSE",offensive_play_share = (shots + turnovers) / same summed over the player's team in the games he played,"EPA_vs_usage_expectation = offensive_EPA_points_raw - E[offensive EPA | play share], model selected by 5-fold cross-validated MSE from {constant, linear, quadratic}","null sd = sqrt of the closed-form sampling variance of the component at this player's own opportunity counts, under league-average conversion"
003085,Graham Bundy,OUT,midfield,midfield,offensive_field,12,52.0,716.0,0.07262569832402235,0.07262569832402235,67.0,0.03300492610837438,-2.4479204718820684,-2.3764422312953544,-0.047075393690039775,0.08060330361831447,0.07506594764256846,-2.5229864195246368,4.1913717881523525,-0.6019476550985766,-0.5840380180067883,-10.738075124303247,5.6921022852539735,-0.03546928703425902,field players (value_role offensive_field or defensive_field) with at least one recorded offensive opportunity,"constant in offensive_play_share, selected by 5-fold CV MSE",offensive_play_share = (shots + turnovers) / same summed over the player's team in the games he played,"EPA_vs_usage_expectation = offensive_EPA_points_raw - E[offensive EPA | play share], model selected by 5-fold cross-validated MSE from {constant, linear, quadratic}","null sd = sqrt of the closed-form sampling variance of the component at this player's own opportunity counts, under league-average conversion"
003086,Eric Dobson,CHA,midfield,midfield,offensive_field,3,11.0,158.0,0.06962025316455696,0.017713365539452495,8.0,0.01680672268907563,-2.1811735117480477,-2.271272134336343,-0.19828850106800433,0.12696279537384728,0.07506594764256846,-2.256239459390616,1.39659074911232,-1.6155337279906037,-1.561784304481762,-4.9935573276507625,0.4810784088695308,-0.2839090167920429,field players (value_role offensive_field or defensive_field) with at least one recorded offensive opportunity,"constant in offensive_play_share, selected by 5-fold CV MSE",offensive_play_share = (shots + turnovers) / same summed over the player's team in the games he played,"EPA_vs_usage_expectation = offensive_EPA_points_raw - E[offensive EPA | play share], model selected by 5-fold cross-validated MSE from {constant, linear, quadratic}","null sd = sqrt of the closed-form sampling variance of the component at this player's own opportunity counts, under league-average conversion"
003087,Beau Pederson,ARC,short_stick_defensive_midfield,defensive_field,defensive_field,10,16.0,516.0,0.031007751937984496,0.031007751937984496,53.0,0.0340398201669878,1.6185415002978147,-0.4408021706814569,0.10115884376861342,0.11998752405790826,0.07506594764256846,1.5434755526552464,1.9198003849265322,0.8039771034394875,0.8430780163427011,-2.2193332018007568,5.30628430711125,-0.008317022088329375,field players (value_role offensive_field or defensive_field) with at least one recorded offensive opportunity,"constant in offensive_play_share, selected by 5-fold CV MSE",offensive_play_share = (shots + turnovers) / same summed over the player's team in the games he played,"EPA_vs_usage_expectation = offensive_EPA_points_raw - E[offensive EPA | play share], model selected by 5-fold cross-validated MSE from {constant, linear, quadratic}","null sd = sqrt of the closed-form sampling variance of the component at this player's own opportunity counts, under league-average conversion"
003088,Alexander Vardaro,CAN,midfield,midfield,offensive_field,3,14.0,169.0,0.08284023668639054,0.026022304832713755,19.0,0.03747534516765286,-2.1413374603763584,-2.231436082964654,-0.15295267574116847,0.11895043735989105,0.07506594764256846,-2.2164034080189263,1.6653061230384747,-1.3309285165990585,-1.2858521509963161,-5.480403409174336,1.047596593136484,-0.11744400436656073,field players (value_role offensive_field or defensive_field) with at least one recorded offensive opportunity,"constant in offensive_play_share, selected by 5-fold CV MSE",offensive_play_share = (shots + turnovers) / same summed over the player's team in the games he played,"EPA_vs_usage_expectation = offensive_EPA_points_raw - E[offensive EPA | play share], model selected by 5-fold cross-validated MSE from {constant, linear, quadratic}","null sd = sqrt of the closed-form sampling variance of the component at this player's own opportunity counts, under league-average conversion"
003089,Kenny Brower,WAT,defense,defensive_field,defensive_field,10,1.0,542.0,0.0018450184501845018,0.0014992503748125937,24.0,0.014302741358760428,0.30299173580781724,1.504776856167024,0.30299173580781724,0.7867758891294289,0.07506594764256846,0.22792578816524878,0.7867758891294289,0.2896959493985634,0.3851055173323613,-1.3141549545284317,1.7700065308589292,0.062699035673626,field players (value_role offensive_field or defensive_field) with at least one recorded offensive opportunity,"constant in offensive_play_share, selected by 5-fold CV MSE",offensive_play_share = (shots + turnovers) / same summed over the player's team in the games he played,"EPA_vs_usage_expectation = offensive_EPA_points_raw - E[offensive EPA | play share], model selected by 5-fold cross-validated MSE from {constant, linear, quadratic}","null sd = sqrt of the closed-form sampling variance of the component at this player's own opportunity counts, under league-average conversion"
003090,Dyson Williams,ARC,midfield,midfield,offensive_field,10,34.0,516.0,0.06589147286821706,0.06589147286821706,35.0,0.0224791265253693,3.4804138782709613,3.180085136309977,0.10236511406679298,0.07356261304144025,0.07506594764256846,3.405347930628393,2.5011288434089685,1.3615243931164294,1.3915372202606142,-1.4968646024531855,8.307560463709972,0.0908595753231422,field players (value_role offensive_field or defensive_field) with at least one recorded offensive opportunity,"constant in offensive_play_share, selected by 5-fold CV MSE",offensive_play_share = (shots + turnovers) / same summed over the player's team in the games he played,"EPA_vs_usage_expectation = offensive_EPA_points_raw - E[offensive EPA | play share], model selected by 5-fold cross-validated MSE from {constant, linear, quadratic}","null sd = sqrt of the closed-form sampling variance of the component at this player's own opportunity counts, under league-average conversion"
003091,Garrett Degnon,CHA,midfield,midfield,offensive_field,4,20.0,214.0,0.09345794392523364,0.0322061191626409,25.0,0.03930817610062893,-0.7698259346317631,-0.8899574314161567,-0.03849129673158815,0.10918909411908617,0.07506594764256846,-0.8448918822743315,2.1837818823817234,-0.38689389681759667,-0.35251960868553356,-5.125104371742509,3.4353206071938462,-0.03559829725664627,field players (value_role offensive_field or defensive_field) with at least one recorded offensive opportunity,"constant in offensive_play_share, selected by 5-fold CV MSE",offensive_play_share = (shots + turnovers) / same summed over the player's team in the games he played,"EPA_vs_usage_expectation = offensive_EPA_points_raw - E[offensive EPA | play share], model selected by 5-fold cross-validated MSE from {constant, linear, quadratic}","null sd = sqrt of the closed-form sampling variance of the component at this player's own opportunity counts, under league-average conversion"
003092,Josh Zawada,CHA,attack,attack,offensive_field,9,50.0,514.0,0.09727626459143969,0.08051529790660225,71.0,0.046103896103896105,-0.8105354006145713,-0.8648949029095094,-0.016210708012291426,0.05482355618979826,0.07506594764256846,-0.8856013482571398,2.7411778094899133,-0.3230732954247631,-0.2956887356261644,-6.2583098548573695,4.48710715834309,-0.01218161835083816,field players (value_role offensive_field or defensive_field) with at least one recorded offensive opportunity,"constant in offensive_play_share, selected by 5-fold CV MSE",offensive_play_share = (shots + turnovers) / same summed over the player's team in the games he played,"EPA_vs_usage_expectation = offensive_EPA_points_raw - E[offensive EPA | play share], model selected by 5-fold cross-validated MSE from {constant, linear, quadratic}","null sd = sqrt of the closed-form sampling variance of the component at this player's own opportunity counts, under league-average conversion"
003093,Ross Scott,CHA,midfield,midfield,offensive_field,11,55.0,621.0,0.08856682769726248,0.08856682769726248,79.0,0.04233654876741694,0.3292596484421557,-0.001101967714926766,0.005986539062584649,0.05426062825622346,0.07506594764256846,0.25419370079958725,2.9843345540922903,0.08517600697650413,0.11032933556013552,-5.595102025221302,6.1034894268204765,-1.3948958416794505e-05,field players (value_role offensive_field or defensive_field) with at least one recorded offensive opportunity,"constant in offensive_play_share, selected by 5-fold CV MSE",offensive_play_share = (shots + turnovers) / same summed over the player's team in the games he played,"EPA_vs_usage_expectation = offensive_EPA_points_raw - E[offensive EPA | play share], model selected by 5-fold cross-validated MSE from {constant, linear, quadratic}","null sd = sqrt of the closed-form sampling variance of the component at this player's own opportunity counts, under league-average conversion"
003094,Levi Anderson,WHP,midfield,midfield,offensive_field,9,42.0,474.0,0.08860759493670886,0.07082630691399663,52.0,0.03556771545827633,-0.1022171182598392,-0.1565766205547773,-0.0024337409109485525,0.06443626775639258,0.07506594764256846,-0.17728306590240767,2.706323245768488,-0.06550698117070873,-0.03776973738065558,-5.481676627608644,5.127110495803828,-0.0030110888568226405,field players (value_role offensive_field or defensive_field) with at least one recorded offensive opportunity,"constant in offensive_play_share, selected by 5-fold CV MSE",offensive_play_share = (shots + turnovers) / same summed over the player's team in the games he played,"EPA_vs_usage_expectation = offensive_EPA_points_raw - E[offensive EPA | play share], model selected by 5-fold cross-validated MSE from {constant, linear, quadratic}","null sd = sqrt of the closed-form sampling variance of the component at this player's own opportunity counts, under league-average conversion"
003096,Marcus Hudgins,WAT,long_stick_midfield,defensive_field,defensive_field,9,7.0,494.0,0.01417004048582996,0.010494752623688156,35.0,0.022860875244937948,-1.1614287343629193,-0.036634852945643726,-0.16591839062327418,0.1282585328714373,0.07506594764256846,-1.2364946820054876,0.897809730100061,-1.377234664039206,-1.2936245792674554,-2.996201753001607,0.5232123889906319,-0.0010467100841612493,field players (value_role offensive_field or defensive_field) with at least one recorded offensive opportunity,"constant in offensive_play_share, selected by 5-fold CV MSE",offensive_play_share = (shots + turnovers) / same summed over the player's team in the games he played,"EPA_vs_usage_expectation = offensive_EPA_points_raw - E[offensive EPA | play share], model selected by 5-fold cross-validated MSE from {constant, linear, quadratic}","null sd = sqrt of the closed-form sampling variance of the component at this player's own opportunity counts, under league-average conversion"
003098,Luke Wierman,OUT,faceoff,faceoff,faceoff,12,36.0,716.0,0.05027932960893855,0.05027932960893855,501.0,0.24679802955665026,-4.525767617202993,-3.2340173629387023,-0.1257157671445276,0.07695678573645282,,,2.7704442865123013,,-1.6335891103229725,,,-0.0064551244769235575,outside the fitted population; no offensive-usage expectation is defined,not_applicable,offensive_play_share = (shots + turnovers) / same summed over the player's team in the games he played,"EPA_vs_usage_expectation = offensive_EPA_points_raw - E[offensive EPA | play share], model selected by 5-fold cross-validated MSE from {constant, linear, quadratic}","null sd = sqrt of the closed-form sampling variance of the component at this player's own opportunity counts, under league-average conversion"
003099,Tyler Carpenter,ATL,long_stick_midfield,defensive_field,defensive_field,12,10.0,688.0,0.014534883720930232,0.014534883720930232,56.0,0.024922118380062305,-0.5233038633470722,-0.6790908233936362,-0.05233038633470723,0.15498150242411973,0.07506594764256846,-0.5983698109896407,1.5498150242411972,-0.38609111515266653,-0.33765569126759903,-3.6360072585023873,2.439267636523106,-0.012126621846314934,field players (value_role offensive_field or defensive_field) with at least one recorded offensive opportunity,"constant in offensive_play_share, selected by 5-fold CV MSE",offensive_play_share = (shots + turnovers) / same summed over the player's team in the games he played,"EPA_vs_usage_expectation = offensive_EPA_points_raw - E[offensive EPA | play share], model selected by 5-fold cross-validated MSE from {constant, linear, quadratic}","null sd = sqrt of the closed-form sampling variance of the component at this player's own opportunity counts, under league-average conversion"
003100,Adam Poitras,WHP,midfield,midfield,offensive_field,11,44.0,593.0,0.07419898819561552,0.07419898819561552,115.0,0.06325632563256325,-1.1710582539977814,-1.2854835046849162,-0.026614960318131396,0.06174269991873311,0.07506594764256846,-1.2461242016403498,2.7166787964242567,-0.4586939771019385,-0.431062463305986,-6.570814642631893,4.0785662393511934,-0.01117811743204275,field players (value_role offensive_field or defensive_field) with at least one recorded offensive opportunity,"constant in offensive_play_share, selected by 5-fold CV MSE",offensive_play_share = (shots + turnovers) / same summed over the player's team in the games he played,"EPA_vs_usage_expectation = offensive_EPA_points_raw - E[offensive EPA | play share], model selected by 5-fold cross-validated MSE from {constant, linear, quadratic}","null sd = sqrt of the closed-form sampling variance of the component at this player's own opportunity counts, under league-average conversion"
003101,Dylan Hess,WAT,short_stick_defensive_midfield,defensive_field,defensive_field,12,8.0,667.0,0.01199400299850075,0.01199400299850075,37.0,0.017969888295288974,-0.31467200095624603,-1.8281539388672492,-0.039334000119530754,0.19799362220266442,0.07506594764256846,-0.3897379485988145,1.5839489776213154,-0.24605461041055807,-0.19866296541243555,-3.4942779447365924,2.7148020475389636,-0.049409565915331057,field players (value_role offensive_field or defensive_field) with at least one recorded offensive opportunity,"constant in offensive_play_share, selected by 5-fold CV MSE",offensive_play_share = (shots + turnovers) / same summed over the player's team in the games he played,"EPA_vs_usage_expectation = offensive_EPA_points_raw - E[offensive EPA | play share], model selected by 5-fold cross-validated MSE from {constant, linear, quadratic}","null sd = sqrt of the closed-form sampling variance of the component at this player's own opportunity counts, under league-average conversion"
003102,Chayse Ierlan,RED,goalie,goalie,goalie,12,4.0,666.0,0.006006006006006006,0.006006006006006006,515.0,0.24535493091948546,-0.04599988744508435,-8.375846046906753,-0.011499971861271087,0.20692616383163218,,,0.8277046553265287,,-0.05557524311245711,,,-0.016263778731857772,outside the fitted population; no offensive-usage expectation is defined,not_applicable,offensive_play_share = (shots + turnovers) / same summed over the player's team in the games he played,"EPA_vs_usage_expectation = offensive_EPA_points_raw - E[offensive EPA | play share], model selected by 5-fold cross-validated MSE from {constant, linear, quadratic}","null sd = sqrt of the closed-form sampling variance of the component at this player's own opportunity counts, under league-average conversion"
003103,Scott Smith,CHA,defense,defensive_field,defensive_field,8,12.0,452.0,0.02654867256637168,0.01939970618026194,31.0,0.022447501810282405,-0.0738493390388093,0.54208057249664,-0.006154111586567442,0.17291297660190053,0.07506594764256846,-0.14891528668137777,2.0749557192228063,-0.0717679347572561,-0.035590802422747723,-4.215828496358078,3.9179979229953226,0.017486470080536772,field players (value_role offensive_field or defensive_field) with at least one recorded offensive opportunity,"constant in offensive_play_share, selected by 5-fold CV MSE",offensive_play_share = (shots + turnovers) / same summed over the player's team in the games he played,"EPA_vs_usage_expectation = offensive_EPA_points_raw - E[offensive EPA | play share], model selected by 5-fold cross-validated MSE from {constant, linear, quadratic}","null sd = sqrt of the closed-form sampling variance of the component at this player's own opportunity counts, under league-average conversion"
003104,Michael Boehm,WAT,attack,attack,offensive_field,1,0.0,50.0,0.0,0.0,1.0,0.006666666666666667,0.08505532080407903,0.05502244660798062,,,,,0.1316550418279896,,0.6460468176768027,,,0.05502244660798062,outside the fitted population; no offensive-usage expectation is defined,not_applicable,offensive_play_share = (shots + turnovers) / same summed over the player's team in the games he played,"EPA_vs_usage_expectation = offensive_EPA_points_raw - E[offensive EPA | play share], model selected by 5-fold cross-validated MSE from {constant, linear, quadratic}","null sd = sqrt of the closed-form sampling variance of the component at this player's own opportunity counts, under league-average conversion"
003105,Cole Kastner,RED,defense,defensive_field,defensive_field,8,1.0,449.0,0.0022271714922048997,0.0015015015015015015,9.0,0.006346967559943582,0.14865184579452917,0.5486453918600309,0.14865184579452917,0.2737334626125192,0.07506594764256846,0.07358589815196065,0.2737334626125192,0.26882317364364205,0.543053247402755,-0.46293168856857697,0.6101034848724982,0.06096059909555899,field players (value_role offensive_field or defensive_field) with at least one recorded offensive opportunity,"constant in offensive_play_share, selected by 5-fold CV MSE",offensive_play_share = (shots + turnovers) / same summed over the player's team in the games he played,"EPA_vs_usage_expectation = offensive_EPA_points_raw - E[offensive EPA | play share], model selected by 5-fold cross-validated MSE from {constant, linear, quadratic}","null sd = sqrt of the closed-form sampling variance of the component at this player's own opportunity counts, under league-average conversion"
003106,Dalton Young,OUT,midfield,midfield,offensive_field,12,40.0,716.0,0.055865921787709494,0.055865921787709494,54.0,0.026600985221674877,6.401068965125167,6.472547205711881,0.16002672412812918,0.06764297858429377,0.07506594764256846,6.3260030174825985,2.7057191433717507,2.338011701243835,2.365755137892261,1.022793496473967,11.629212538491231,0.11986198529096076,field players (value_role offensive_field or defensive_field) with at least one recorded offensive opportunity,"constant in offensive_play_share, selected by 5-fold CV MSE",offensive_play_share = (shots + turnovers) / same summed over the player's team in the games he played,"EPA_vs_usage_expectation = offensive_EPA_points_raw - E[offensive EPA | play share], model selected by 5-fold cross-validated MSE from {constant, linear, quadratic}","null sd = sqrt of the closed-form sampling variance of the component at this player's own opportunity counts, under league-average conversion"
003108,Will Mark,ATL,goalie,goalie,goalie,2,0.0,110.0,0.0,0.0,4.0,0.011267605633802818,0.005189391960559488,0.35096916281495716,,,,,0.03307035908546898,,0.15691973428978254,,,0.08774229070373929,outside the fitted population; no offensive-usage expectation is defined,not_applicable,offensive_play_share = (shots + turnovers) / same summed over the player's team in the games he played,"EPA_vs_usage_expectation = offensive_EPA_points_raw - E[offensive EPA | play share], model selected by 5-fold cross-validated MSE from {constant, linear, quadratic}","null sd = sqrt of the closed-form sampling variance of the component at this player's own opportunity counts, under league-average conversion"
003109,Chris Conlin,RED,defense,defensive_field,defensive_field,12,1.0,666.0,0.0015015015015015015,0.0015015015015015015,34.0,0.016198189614101955,0.7111593717454362,0.5553724116988722,0.7111593717454362,0.43650464770203473,0.07506594764256846,0.6360934241028677,0.43650464770203473,1.4572431873327396,1.629213744892094,-0.21945568539312033,1.491642533598856,0.016334482697025653,field players (value_role offensive_field or defensive_field) with at least one recorded offensive opportunity,"constant in offensive_play_share, selected by 5-fold CV MSE",offensive_play_share = (shots + turnovers) / same summed over the player's team in the games he played,"EPA_vs_usage_expectation = offensive_EPA_points_raw - E[offensive EPA | play share], model selected by 5-fold cross-validated MSE from {constant, linear, quadratic}","null sd = sqrt of the closed-form sampling variance of the component at this player's own opportunity counts, under league-average conversion"
003110,Carter Parlette,RED,short_stick_defensive_midfield,defensive_field,defensive_field,1,0.0,46.0,0.0,0.0,2.0,0.012987012987012988,0.052084030180639534,-0.08686109634737688,,,,,0.10346152394133182,,0.503414488754041,,,-0.04343054817368844,outside the fitted population; no offensive-usage expectation is defined,not_applicable,offensive_play_share = (shots + turnovers) / same summed over the player's team in the games he played,"EPA_vs_usage_expectation = offensive_EPA_points_raw - E[offensive EPA | play share], model selected by 5-fold cross-validated MSE from {constant, linear, quadratic}","null sd = sqrt of the closed-form sampling variance of the component at this player's own opportunity counts, under league-average conversion"
003112,Jack DiBenedetto,WAT,defense,defensive_field,defensive_field,3,1.0,184.0,0.005434782608695652,0.0014992503748125937,2.0,0.003616636528028933,-0.07010108096415689,-0.05506372960831099,-0.07010108096415689,0.17312424273202115,0.07506594764256846,-0.14516702860672526,0.17312424273202115,-0.8385135802813541,-0.40491776228397014,-0.4844905443614867,0.19415648714803618,-0.027531864804155495,field players (value_role offensive_field or defensive_field) with at least one recorded offensive opportunity,"constant in offensive_play_share, selected by 5-fold CV MSE",offensive_play_share = (shots + turnovers) / same summed over the player's team in the games he played,"EPA_vs_usage_expectation = offensive_EPA_points_raw - E[offensive EPA | play share], model selected by 5-fold cross-validated MSE from {constant, linear, quadratic}","null sd = sqrt of the closed-form sampling variance of the component at this player's own opportunity counts, under league-average conversion"
003119,Alec Stathakis,WAT,faceoff,faceoff,faceoff,12,24.0,667.0,0.035982008995502246,0.035982008995502246,435.0,0.2112676056338028,-2.4834844004627863,-1.222328411325309,-0.10347851668594943,0.0873155125351937,,,2.095572300844649,,-1.1851103392909823,,,-0.002809950370862779,outside the fitted population; no offensive-usage expectation is defined,not_applicable,offensive_play_share = (shots + turnovers) / same summed over the player's team in the games he played,"EPA_vs_usage_expectation = offensive_EPA_points_raw - E[offensive EPA | play share], model selected by 5-fold cross-validated MSE from {constant, linear, quadratic}","null sd = sqrt of the closed-form sampling variance of the component at this player's own opportunity counts, under league-average conversion"
003120,Jack VanOverbeke,OUT,midfield,midfield,offensive_field,6,19.0,353.0,0.053824362606232294,0.02653631284916201,19.0,0.019114688128772636,-4.4244596593994965,-4.604656904576087,-0.2328662978631314,0.09172041697905403,0.07506594764256846,-4.499525607042064,1.7426879226020267,-2.5819457108096397,-2.5388709028253817,-7.915193935342036,-1.0838572787420917,-0.24235036339874144,field players (value_role offensive_field or defensive_field) with at least one recorded offensive opportunity,"constant in offensive_play_share, selected by 5-fold CV MSE",offensive_play_share = (shots + turnovers) / same summed over the player's team in the games he played,"EPA_vs_usage_expectation = offensive_EPA_points_raw - E[offensive EPA | play share], model selected by 5-fold cross-validated MSE from {constant, linear, quadratic}","null sd = sqrt of the closed-form sampling variance of the component at this player's own opportunity counts, under league-average conversion"
003125,Matt Knote,RED,goalie,goalie,goalie,1,0.0,64.0,0.0,0.0,0.0,0.0,0.005189391960559488,-0.0471588178503369,,,,,0.03307035908546898,,0.15691973428978254,,,,outside the fitted population; no offensive-usage expectation is defined,not_applicable,offensive_play_share = (shots + turnovers) / same summed over the player's team in the games he played,"EPA_vs_usage_expectation = offensive_EPA_points_raw - E[offensive EPA | play share], model selected by 5-fold cross-validated MSE from {constant, linear, quadratic}","null sd = sqrt of the closed-form sampling variance of the component at this player's own opportunity counts, under league-average conversion"
003128,Jack Posey,CHA,defense,defensive_field,defensive_field,5,2.0,272.0,0.007352941176470588,0.00322061191626409,6.0,0.007398273736128237,-0.2131198041812091,-0.26003634041144846,-0.10655990209060455,0.10601651419979774,0.07506594764256846,-0.2881857518237776,0.21203302839959548,-1.359155005231852,-1.0051255023324266,-0.7037704874869848,0.12739898383942955,-0.04333939006857474,field players (value_role offensive_field or defensive_field) with at least one recorded offensive opportunity,"constant in offensive_play_share, selected by 5-fold CV MSE",offensive_play_share = (shots + turnovers) / same summed over the player's team in the games he played,"EPA_vs_usage_expectation = offensive_EPA_points_raw - E[offensive EPA | play share], model selected by 5-fold cross-validated MSE from {constant, linear, quadratic}","null sd = sqrt of the closed-form sampling variance of the component at this player's own opportunity counts, under league-average conversion"
003136,Jake Naso,ARC,faceoff,faceoff,faceoff,4,6.0,205.0,0.02926829268292683,0.011627906976744186,122.0,0.19773095623987033,-1.2756953780567664,-6.057527652326613,-0.2126158963427944,0.18090707009018028,,,1.0854424205410818,,-1.175276876889375,,,-0.04965186600267715,outside the fitted population; no offensive-usage expectation is defined,not_applicable,offensive_play_share = (shots + turnovers) / same summed over the player's team in the games he played,"EPA_vs_usage_expectation = offensive_EPA_points_raw - E[offensive EPA | play share], model selected by 5-fold cross-validated MSE from {constant, linear, quadratic}","null sd = sqrt of the closed-form sampling variance of the component at this player's own opportunity counts, under league-average conversion"
003149,JJ Sillstrop,CHA,midfield,midfield,offensive_field,10,31.0,569.0,0.054481546572934976,0.0499194847020934,37.0,0.02188054405677114,-1.6318926599417223,-1.5003486709628113,-0.052641698707797495,0.07131906566883783,0.07506594764256846,-1.7069586075842906,2.210891035733973,-0.7720681752267423,-0.7381153722937619,-6.040305037622877,2.626387822454296,-0.04054996408007598,field players (value_role offensive_field or defensive_field) with at least one recorded offensive opportunity,"constant in offensive_play_share, selected by 5-fold CV MSE",offensive_play_share = (shots + turnovers) / same summed over the player's team in the games he played,"EPA_vs_usage_expectation = offensive_EPA_points_raw - E[offensive EPA | play share], model selected by 5-fold cross-validated MSE from {constant, linear, quadratic}","null sd = sqrt of the closed-form sampling variance of the component at this player's own opportunity counts, under league-average conversion"
003156,Aidan Danenza,RED,midfield,midfield,offensive_field,8,46.0,449.0,0.10244988864142539,0.06906906906906907,53.0,0.036703601108033244,-0.6901244814379138,-0.9303874750067012,-0.015002706118215518,0.06410463489311778,0.07506594764256846,-0.7651904290804822,2.948813205083418,-0.2594909802226133,-0.2340346551108147,-6.544864311043981,5.0144834528830176,-0.017554480660503795,field players (value_role offensive_field or defensive_field) with at least one recorded offensive opportunity,"constant in offensive_play_share, selected by 5-fold CV MSE",offensive_play_share = (shots + turnovers) / same summed over the player's team in the games he played,"EPA_vs_usage_expectation = offensive_EPA_points_raw - E[offensive EPA | play share], model selected by 5-fold cross-validated MSE from {constant, linear, quadratic}","null sd = sqrt of the closed-form sampling variance of the component at this player's own opportunity counts, under league-average conversion"
003157,Graydon Hogg,CAN,attack,attack,offensive_field,3,16.0,163.0,0.09815950920245399,0.02973977695167286,17.0,0.03313840155945419,-0.7237545978568012,-0.8138532204450964,-0.045234662366050074,0.1008658712387837,0.07506594764256846,-0.7988205454993695,1.6138539398205392,-0.4949769776490421,-0.44846350713577143,-3.9619742675476264,2.364333176548887,-0.047873718849711554,field players (value_role offensive_field or defensive_field) with at least one recorded offensive opportunity,"constant in offensive_play_share, selected by 5-fold CV MSE",offensive_play_share = (shots + turnovers) / same summed over the player's team in the games he played,"EPA_vs_usage_expectation = offensive_EPA_points_raw - E[offensive EPA | play share], model selected by 5-fold cross-validated MSE from {constant, linear, quadratic}","null sd = sqrt of the closed-form sampling variance of the component at this player's own opportunity counts, under league-average conversion"
003159,CJ Kirst,WAT,attack,attack,offensive_field,6,53.0,338.0,0.15680473372781065,0.07946026986506746,81.0,0.07584269662921349,2.1547999284662085,2.1905390487595655,0.04065660242389073,0.06175151712969005,0.07506594764256846,2.07973398082364,3.2728304078735726,0.6354542465201818,0.6583903410584075,-4.335013618608562,8.494481580255842,0.027043691959994638,field players (value_role offensive_field or defensive_field) with at least one recorded offensive opportunity,"constant in offensive_play_share, selected by 5-fold CV MSE",offensive_play_share = (shots + turnovers) / same summed over the player's team in the games he played,"EPA_vs_usage_expectation = offensive_EPA_points_raw - E[offensive EPA | play share], model selected by 5-fold cross-validated MSE from {constant, linear, quadratic}","null sd = sqrt of the closed-form sampling variance of the component at this player's own opportunity counts, under league-average conversion"
003160,Andrew McAdorey,RED,midfield,midfield,offensive_field,12,70.0,666.0,0.10510510510510511,0.10510510510510511,127.0,0.060505002382086705,4.747275114006897,3.8143588734405136,0.06781821591438425,0.051269169236720105,0.07506594764256846,4.672209166364329,3.5888418465704075,1.3018710119057535,1.322787494395586,-2.36192085291367,11.706339185642328,0.030034321838114282,field players (value_role offensive_field or defensive_field) with at least one recorded offensive opportunity,"constant in offensive_play_share, selected by 5-fold CV MSE",offensive_play_share = (shots + turnovers) / same summed over the player's team in the games he played,"EPA_vs_usage_expectation = offensive_EPA_points_raw - E[offensive EPA | play share], model selected by 5-fold cross-validated MSE from {constant, linear, quadratic}","null sd = sqrt of the closed-form sampling variance of the component at this player's own opportunity counts, under league-average conversion"
003161,Sam English,RED,midfield,midfield,offensive_field,4,20.0,217.0,0.09216589861751152,0.03003003003003003,29.0,0.044274809160305344,-1.2592083563907694,-0.2996580258254252,-0.06296041781953847,0.08605309828288368,0.07506594764256846,-1.3342743040333378,1.7210619656576738,-0.7752622105755896,-0.7316461472725562,-4.707555756722378,2.0390071486557027,-0.010333035373290524,field players (value_role offensive_field or defensive_field) with at least one recorded offensive opportunity,"constant in offensive_play_share, selected by 5-fold CV MSE",offensive_play_share = (shots + turnovers) / same summed over the player's team in the games he played,"EPA_vs_usage_expectation = offensive_EPA_points_raw - E[offensive EPA | play share], model selected by 5-fold cross-validated MSE from {constant, linear, quadratic}","null sd = sqrt of the closed-form sampling variance of the component at this player's own opportunity counts, under league-average conversion"
003162,Coulter Mackesy,CAN,attack,attack,offensive_field,8,65.0,429.0,0.15151515151515152,0.120817843866171,82.0,0.061331338818249814,-0.08649652959518661,-0.11082315769402631,-0.001330715839925948,0.055288902719407056,0.07506594764256846,-0.16156247723775508,3.593778676761459,-0.0449561566722154,-0.024068407482770515,-7.205368683690214,6.882243729214704,-0.001351501923097882,field players (value_role offensive_field or defensive_field) with at least one recorded offensive opportunity,"constant in offensive_play_share, selected by 5-fold CV MSE",offensive_play_share = (shots + turnovers) / same summed over the player's team in the games he played,"EPA_vs_usage_expectation = offensive_EPA_points_raw - E[offensive EPA | play share], model selected by 5-fold cross-validated MSE from {constant, linear, quadratic}","null sd = sqrt of the closed-form sampling variance of the component at this player's own opportunity counts, under league-average conversion"
003163,Brendan Lavelle,ARC,defense,defensive_field,defensive_field,10,3.0,516.0,0.005813953488372093,0.005813953488372093,39.0,0.025048169556840076,0.21678580458877353,0.1229527321282948,0.07226193486292451,0.14051143217307668,0.07506594764256846,0.14171985694620504,0.42153429651923,0.3362000627622476,0.5142779754313157,-0.6844873642314858,0.9679270781238959,0.003152634157135764,field players (value_role offensive_field or defensive_field) with at least one recorded offensive opportunity,"constant in offensive_play_share, selected by 5-fold CV MSE",offensive_play_share = (shots + turnovers) / same summed over the player's team in the games he played,"EPA_vs_usage_expectation = offensive_EPA_points_raw - E[offensive EPA | play share], model selected by 5-fold cross-validated MSE from {constant, linear, quadratic}","null sd = sqrt of the closed-form sampling variance of the component at this player's own opportunity counts, under league-average conversion"
003164,Matt Traynor,ATL,midfield,midfield,offensive_field,12,82.0,688.0,0.11918604651162791,0.11918604651162791,109.0,0.04850912327547842,-2.0880389080776145,-2.0165606674909005,-0.025463889122897737,0.047491097073939684,0.07506594764256846,-2.163104855720183,3.894269960063054,-0.5554583729180292,-0.5361823729456614,-9.795873977443769,5.469664266003402,-0.018500556582485325,field players (value_role offensive_field or defensive_field) with at least one recorded offensive opportunity,"constant in offensive_play_share, selected by 5-fold CV MSE",offensive_play_share = (shots + turnovers) / same summed over the player's team in the games he played,"EPA_vs_usage_expectation = offensive_EPA_points_raw - E[offensive EPA | play share], model selected by 5-fold cross-validated MSE from {constant, linear, quadratic}","null sd = sqrt of the closed-form sampling variance of the component at this player's own opportunity counts, under league-average conversion"
003165,Aidan Carroll,WHP,attack,attack,offensive_field,11,79.0,593.0,0.13322091062394603,0.13322091062394603,96.0,0.052805280528052806,7.232788993171586,7.550236473424346,0.09155429105280488,0.04791639165787283,0.07506594764256846,7.157723045529018,3.7853949409719534,1.890878800533075,1.9107092142186004,-0.2616510387760105,14.577097129834046,0.07864829659817027,field players (value_role offensive_field or defensive_field) with at least one recorded offensive opportunity,"constant in offensive_play_share, selected by 5-fold CV MSE",offensive_play_share = (shots + turnovers) / same summed over the player's team in the games he played,"EPA_vs_usage_expectation = offensive_EPA_points_raw - E[offensive EPA | play share], model selected by 5-fold cross-validated MSE from {constant, linear, quadratic}","null sd = sqrt of the closed-form sampling variance of the component at this player's own opportunity counts, under league-average conversion"
003166,Owen Hiltz,CHA,attack,attack,offensive_field,8,69.0,463.0,0.1490280777537797,0.1111111111111111,90.0,0.06474820143884892,1.9785575496837549,2.3861036525248105,0.028674747096866012,0.050408685252880746,0.07506594764256846,1.9034916020411865,3.4781992824487715,0.5472635255968034,0.5688453676785254,-4.913778991558406,8.720762195640779,0.026512262805831226,field players (value_role offensive_field or defensive_field) with at least one recorded offensive opportunity,"constant in offensive_play_share, selected by 5-fold CV MSE",offensive_play_share = (shots + turnovers) / same summed over the player's team in the games he played,"EPA_vs_usage_expectation = offensive_EPA_points_raw - E[offensive EPA | play share], model selected by 5-fold cross-validated MSE from {constant, linear, quadratic}","null sd = sqrt of the closed-form sampling variance of the component at this player's own opportunity counts, under league-average conversion"
003167,Jake Taylor,WAT,attack,attack,offensive_field,9,42.0,506.0,0.08300395256916997,0.06296851574212893,51.0,0.03350854139290407,0.5111050204010593,0.24080915263617364,0.012169167152406174,0.06310097944293604,0.07506594764256846,0.43603907275849085,2.6502411366033134,0.1645280751008722,0.19285227043759423,-4.758433554984003,5.630511700500985,0.004721748090905365,field players (value_role offensive_field or defensive_field) with at least one recorded offensive opportunity,"constant in offensive_play_share, selected by 5-fold CV MSE",offensive_play_share = (shots + turnovers) / same summed over the player's team in the games he played,"EPA_vs_usage_expectation = offensive_EPA_points_raw - E[offensive EPA | play share], model selected by 5-fold cross-validated MSE from {constant, linear, quadratic}","null sd = sqrt of the closed-form sampling variance of the component at this player's own opportunity counts, under league-average conversion"
003168,Chris Kavanagh,RED,attack,attack,offensive_field,12,107.0,666.0,0.16066066066066065,0.16066066066066065,163.0,0.07765602667937113,4.358669624875034,5.077956961871592,0.04073523013901901,0.04523248585102582,0.07506594764256846,4.283603677232466,4.839875986059763,0.885064759834855,0.9005746505549437,-5.202553255444669,13.7697606099096,0.031153110195531238,field players (value_role offensive_field or defensive_field) with at least one recorded offensive opportunity,"constant in offensive_play_share, selected by 5-fold CV MSE",offensive_play_share = (shots + turnovers) / same summed over the player's team in the games he played,"EPA_vs_usage_expectation = offensive_EPA_points_raw - E[offensive EPA | play share], model selected by 5-fold cross-validated MSE from {constant, linear, quadratic}","null sd = sqrt of the closed-form sampling variance of the component at this player's own opportunity counts, under league-average conversion"
003169,Logan McNaney,OUT,goalie,goalie,goalie,10,8.0,602.0,0.013289036544850499,0.0111731843575419,402.0,0.23619271445358403,-0.8340828252501753,8.23413084907966,-0.10426035315627191,0.13771563976760395,,,1.1017251181408316,,-0.7570698094436619,,,0.020482912559899653,outside the fitted population; no offensive-usage expectation is defined,not_applicable,offensive_play_share = (shots + turnovers) / same summed over the player's team in the games he played,"EPA_vs_usage_expectation = offensive_EPA_points_raw - E[offensive EPA | play share], model selected by 5-fold cross-validated MSE from {constant, linear, quadratic}","null sd = sqrt of the closed-form sampling variance of the component at this player's own opportunity counts, under league-average conversion"
003170,Mic Kelly,CAN,midfield,midfield,offensive_field,5,30.0,271.0,0.11070110701107011,0.055762081784386616,37.0,0.04214123006833713,-4.1004706053334115,-4.0346986108439555,-0.1366823535111137,0.07804834490749675,0.07506594764256846,-4.17553655297598,2.3414503472249026,-1.783312021937533,-1.7512524278780062,-8.764779233536789,0.4137061275848293,-0.10904590840118798,field players (value_role offensive_field or defensive_field) with at least one recorded offensive opportunity,"constant in offensive_play_share, selected by 5-fold CV MSE",offensive_play_share = (shots + turnovers) / same summed over the player's team in the games he played,"EPA_vs_usage_expectation = offensive_EPA_points_raw - E[offensive EPA | play share], model selected by 5-fold cross-validated MSE from {constant, linear, quadratic}","null sd = sqrt of the closed-form sampling variance of the component at this player's own opportunity counts, under league-average conversion"
003171,Levi Verch,CHA,long_stick_midfield,defensive_field,defensive_field,11,8.0,621.0,0.01288244766505636,0.01288244766505636,34.0,0.01822079314040729,-1.410527718469881,-2.0751786483982713,-0.17631596480873513,0.14315710173035004,0.07506594764256846,-1.4855936661124494,1.1452568138428003,-1.2971707726651118,-1.231625694272876,-3.730297021244338,0.7591096890194393,-0.06103466612936092,field players (value_role offensive_field or defensive_field) with at least one recorded offensive opportunity,"constant in offensive_play_share, selected by 5-fold CV MSE",offensive_play_share = (shots + turnovers) / same summed over the player's team in the games he played,"EPA_vs_usage_expectation = offensive_EPA_points_raw - E[offensive EPA | play share], model selected by 5-fold cross-validated MSE from {constant, linear, quadratic}","null sd = sqrt of the closed-form sampling variance of the component at this player's own opportunity counts, under league-average conversion"
003172,Max Krevsky,ATL,short_stick_defensive_midfield,defensive_field,defensive_field,10,15.0,570.0,0.02631578947368421,0.02180232558139535,25.0,0.01326963906581741,-2.0477764075106917,-3.3139623574924757,-0.13651842716737944,0.08977044768095784,0.07506594764256846,-2.12284235515326,1.3465567152143676,-1.5764968019303296,-1.520750210053122,-4.762093516973421,0.5164088066669006,-0.13255849429969901,field players (value_role offensive_field or defensive_field) with at least one recorded offensive opportunity,"constant in offensive_play_share, selected by 5-fold CV MSE",offensive_play_share = (shots + turnovers) / same summed over the player's team in the games he played,"EPA_vs_usage_expectation = offensive_EPA_points_raw - E[offensive EPA | play share], model selected by 5-fold cross-validated MSE from {constant, linear, quadratic}","null sd = sqrt of the closed-form sampling variance of the component at this player's own opportunity counts, under league-average conversion"
003173,Jack McDonald,WHP,long_stick_midfield,defensive_field,defensive_field,5,4.0,254.0,0.015748031496062992,0.006745362563237774,11.0,0.013414634146341463,1.1092419639733144,0.6304526968031798,0.2773104909933286,0.24370719822466191,0.07506594764256846,1.034176016330746,0.9748287928986477,1.0608796373931773,1.1378838746391455,-0.8764884177506034,2.9448404504120953,0.057313881527561804,field players (value_role offensive_field or defensive_field) with at least one recorded offensive opportunity,"constant in offensive_play_share, selected by 5-fold CV MSE",offensive_play_share = (shots + turnovers) / same summed over the player's team in the games he played,"EPA_vs_usage_expectation = offensive_EPA_points_raw - E[offensive EPA | play share], model selected by 5-fold cross-validated MSE from {constant, linear, quadratic}","null sd = sqrt of the closed-form sampling variance of the component at this player's own opportunity counts, under league-average conversion"
003174,Sam King,ARC,attack,attack,offensive_field,10,59.0,516.0,0.11434108527131782,0.11434108527131782,76.0,0.048811817597944764,1.0428264053674066,1.3903067598162653,0.017675023819786553,0.05135275554618353,0.07506594764256846,0.9677604577248381,3.029812577224828,0.3194126478315907,0.34418842050044846,-4.970672193635825,6.906193109085501,0.018293509997582436,field players (value_role offensive_field or defensive_field) with at least one recorded offensive opportunity,"constant in offensive_play_share, selected by 5-fold CV MSE",offensive_play_share = (shots + turnovers) / same summed over the player's team in the games he played,"EPA_vs_usage_expectation = offensive_EPA_points_raw - E[offensive EPA | play share], model selected by 5-fold cross-validated MSE from {constant, linear, quadratic}","null sd = sqrt of the closed-form sampling variance of the component at this player's own opportunity counts, under league-average conversion"
003176,Emmet Carroll,WHP,goalie,goalie,goalie,8,3.0,420.0,0.007142857142857143,0.00505902192242833,340.0,0.2585551330798479,-0.16654131811833006,6.067498115286763,-0.05551377270611002,0.4268357090044152,,,1.2805071270132455,,-0.13005887636625965,,,0.01784558269201989,outside the fitted population; no offensive-usage expectation is defined,not_applicable,offensive_play_share = (shots + turnovers) / same summed over the player's team in the games he played,"EPA_vs_usage_expectation = offensive_EPA_points_raw - E[offensive EPA | play share], model selected by 5-fold cross-validated MSE from {constant, linear, quadratic}","null sd = sqrt of the closed-form sampling variance of the component at this player's own opportunity counts, under league-average conversion"
003178,Michael Grace,ATL,long_stick_midfield,defensive_field,defensive_field,10,8.0,570.0,0.014035087719298246,0.011627906976744186,40.0,0.021231422505307854,4.466796252529442,4.588899545538911,0.5583495315661803,0.20746272477638525,0.07506594764256846,4.391730304886874,1.659701798211082,2.646096009307529,2.6913245845392235,1.1387147803931534,7.644745829380595,0.11472248863847279,field players (value_role offensive_field or defensive_field) with at least one recorded offensive opportunity,"constant in offensive_play_share, selected by 5-fold CV MSE",offensive_play_share = (shots + turnovers) / same summed over the player's team in the games he played,"EPA_vs_usage_expectation = offensive_EPA_points_raw - E[offensive EPA | play share], model selected by 5-fold cross-validated MSE from {constant, linear, quadratic}","null sd = sqrt of the closed-form sampling variance of the component at this player's own opportunity counts, under league-average conversion"
003179,Ben Wayer,WAT,long_stick_midfield,defensive_field,defensive_field,12,22.0,667.0,0.03298350824587706,0.03298350824587706,72.0,0.034968431277319086,2.977669950661505,2.821882990614941,0.1353486341209775,0.11233453638030926,0.07506594764256846,2.902604003018937,2.4713598003668036,1.1744967295284674,1.2048710795650048,-1.9412612056999978,7.746469211737871,0.039192819314096405,field players (value_role offensive_field or defensive_field) with at least one recorded offensive opportunity,"constant in offensive_play_share, selected by 5-fold CV MSE",offensive_play_share = (shots + turnovers) / same summed over the player's team in the games he played,"EPA_vs_usage_expectation = offensive_EPA_points_raw - E[offensive EPA | play share], model selected by 5-fold cross-validated MSE from {constant, linear, quadratic}","null sd = sqrt of the closed-form sampling variance of the component at this player's own opportunity counts, under league-average conversion"
003180,Christian Mazur,WHP,short_stick_defensive_midfield,defensive_field,defensive_field,11,7.0,593.0,0.011804384485666104,0.011804384485666104,29.0,0.01595159515951595,-0.1157448465012933,-0.9346994842504409,-0.01653497807161333,0.17383230179544046,0.07506594764256846,-0.19081079414386176,1.2168261125680833,-0.15681023950181347,-0.09512028490004745,-2.575789974777305,2.1941683864895816,-0.032231016698291065,field players (value_role offensive_field or defensive_field) with at least one recorded offensive opportunity,"constant in offensive_play_share, selected by 5-fold CV MSE",offensive_play_share = (shots + turnovers) / same summed over the player's team in the games he played,"EPA_vs_usage_expectation = offensive_EPA_points_raw - E[offensive EPA | play share], model selected by 5-fold cross-validated MSE from {constant, linear, quadratic}","null sd = sqrt of the closed-form sampling variance of the component at this player's own opportunity counts, under league-average conversion"
003181,Jimmy Freehill,WAT,defense,defensive_field,defensive_field,11,11.0,608.0,0.018092105263157895,0.01649175412293853,28.0,0.01483836777954425,3.7741590716509483,4.405126334542244,0.3431053701500862,0.1958666815808128,0.07506594764256846,3.69909312400838,2.154533497388941,1.7168881934262226,1.7517291219768996,-0.5237925308739442,7.921978778890704,0.15732594051936585,field players (value_role offensive_field or defensive_field) with at least one recorded offensive opportunity,"constant in offensive_play_share, selected by 5-fold CV MSE",offensive_play_share = (shots + turnovers) / same summed over the player's team in the games he played,"EPA_vs_usage_expectation = offensive_EPA_points_raw - E[offensive EPA | play share], model selected by 5-fold cross-validated MSE from {constant, linear, quadratic}","null sd = sqrt of the closed-form sampling variance of the component at this player's own opportunity counts, under league-average conversion"
003183,Jack Gray,OUT,short_stick_defensive_midfield,defensive_field,defensive_field,6,2.0,363.0,0.005509641873278237,0.002793296089385475,7.0,0.006756756756756757,0.6701619486483794,0.20908106542815466,0.3350809743241897,0.24632717258531772,0.07506594764256846,0.5950960010058111,0.49265434517063544,1.207938196099121,1.360308612352262,-0.37050651552863434,1.5606985175402563,0.029868723632593523,field players (value_role offensive_field or defensive_field) with at least one recorded offensive opportunity,"constant in offensive_play_share, selected by 5-fold CV MSE",offensive_play_share = (shots + turnovers) / same summed over the player's team in the games he played,"EPA_vs_usage_expectation = offensive_EPA_points_raw - E[offensive EPA | play share], model selected by 5-fold cross-validated MSE from {constant, linear, quadratic}","null sd = sqrt of the closed-form sampling variance of the component at this player's own opportunity counts, under league-average conversion"
003184,Ben Ramsey,CAN,short_stick_defensive_midfield,defensive_field,defensive_field,10,7.0,538.0,0.013011152416356878,0.013011152416356878,52.0,0.030642309958750738,2.092591274221265,1.3509491053509435,0.29894161060303787,0.1763277870593198,0.07506594764256846,2.0175253265786965,1.2342945094152387,1.6345574829904432,1.695374368320454,-0.4016919118751714,4.4367425650325645,0.025979790487518143,field players (value_role offensive_field or defensive_field) with at least one recorded offensive opportunity,"constant in offensive_play_share, selected by 5-fold CV MSE",offensive_play_share = (shots + turnovers) / same summed over the player's team in the games he played,"EPA_vs_usage_expectation = offensive_EPA_points_raw - E[offensive EPA | play share], model selected by 5-fold cross-validated MSE from {constant, linear, quadratic}","null sd = sqrt of the closed-form sampling variance of the component at this player's own opportunity counts, under league-average conversion"
003185,Carter Rice,RED,short_stick_defensive_midfield,defensive_field,defensive_field,12,3.0,666.0,0.0045045045045045045,0.0045045045045045045,26.0,0.012386850881372083,0.19595219251651766,-0.39170749846994146,0.06531739750550589,0.13880820035312394,0.07506594764256846,0.12088624487394914,0.41642460105937185,0.2902956371127405,0.47055863658876323,-0.6953059732024196,0.9370784629503179,-0.015065673018074672,field players (value_role offensive_field or defensive_field) with at least one recorded offensive opportunity,"constant in offensive_play_share, selected by 5-fold CV MSE",offensive_play_share = (shots + turnovers) / same summed over the player's team in the games he played,"EPA_vs_usage_expectation = offensive_EPA_points_raw - E[offensive EPA | play share], model selected by 5-fold cross-validated MSE from {constant, linear, quadratic}","null sd = sqrt of the closed-form sampling variance of the component at this player's own opportunity counts, under league-average conversion"
003186,Hugh Kelleher,ATL,midfield,midfield,offensive_field,8,33.0,465.0,0.07096774193548387,0.04796511627906977,42.0,0.02766798418972332,-2.0983485756655225,-2.3386115692343097,-0.0635863204747128,0.08398699815928662,0.07506594764256846,-2.1734145233080913,2.7715709392564585,-0.7841814519426166,-0.7570971920453372,-7.60569356425075,3.258864517634567,-0.055681227838912134,field players (value_role offensive_field or defensive_field) with at least one recorded offensive opportunity,"constant in offensive_play_share, selected by 5-fold CV MSE",offensive_play_share = (shots + turnovers) / same summed over the player's team in the games he played,"EPA_vs_usage_expectation = offensive_EPA_points_raw - E[offensive EPA | play share], model selected by 5-fold cross-validated MSE from {constant, linear, quadratic}","null sd = sqrt of the closed-form sampling variance of the component at this player's own opportunity counts, under league-average conversion"
003188,Bryce Ford,ARC,midfield,midfield,offensive_field,3,5.0,146.0,0.03424657534246575,0.009689922480620155,8.0,0.01809954751131222,0.8874308030737682,0.7973321804854729,0.17748616061475364,0.1875878688029243,0.07506594764256846,0.8123648554311997,0.9379393440146215,0.866116621096274,0.9461494591700741,-1.0259962588374585,2.6507259696998577,0.09966652256068412,field players (value_role offensive_field or defensive_field) with at least one recorded offensive opportunity,"constant in offensive_play_share, selected by 5-fold CV MSE",offensive_play_share = (shots + turnovers) / same summed over the player's team in the games he played,"EPA_vs_usage_expectation = offensive_EPA_points_raw - E[offensive EPA | play share], model selected by 5-fold cross-validated MSE from {constant, linear, quadratic}","null sd = sqrt of the closed-form sampling variance of the component at this player's own opportunity counts, under league-average conversion"
003190,AJ Pilate,OUT,defense,defensive_field,defensive_field,3,2.0,186.0,0.010752688172043012,0.002793296089385475,5.0,0.009765625,-0.4444229177490276,-0.6453219318631293,-0.2222114588745138,0.23407203621734138,0.07506594764256846,-0.5194888653915959,0.46814407243468276,-1.1096773322150244,-0.9493293708445601,-1.437051247363574,0.39807351658038226,-0.12906438637262585,field players (value_role offensive_field or defensive_field) with at least one recorded offensive opportunity,"constant in offensive_play_share, selected by 5-fold CV MSE",offensive_play_share = (shots + turnovers) / same summed over the player's team in the games he played,"EPA_vs_usage_expectation = offensive_EPA_points_raw - E[offensive EPA | play share], model selected by 5-fold cross-validated MSE from {constant, linear, quadratic}","null sd = sqrt of the closed-form sampling variance of the component at this player's own opportunity counts, under league-average conversion"
003192,Jackson Eicher,CHA,attack,attack,offensive_field,11,94.0,621.0,0.15136876006441224,0.15136876006441224,106.0,0.05680600214362272,-2.111875138790041,-2.442236754947124,-0.022466756795638736,0.04746745925944706,0.07506594764256846,-2.1869410864326095,4.461941170388023,-0.4901322099328412,-0.47330860227509153,-10.932345780393135,6.558463607527916,-0.02303996938629362,field players (value_role offensive_field or defensive_field) with at least one recorded offensive opportunity,"constant in offensive_play_share, selected by 5-fold CV MSE",offensive_play_share = (shots + turnovers) / same summed over the player's team in the games he played,"EPA_vs_usage_expectation = offensive_EPA_points_raw - E[offensive EPA | play share], model selected by 5-fold cross-validated MSE from {constant, linear, quadratic}","null sd = sqrt of the closed-form sampling variance of the component at this player's own opportunity counts, under league-average conversion"
003193,Kyle Aldridge,WHP,short_stick_defensive_midfield,defensive_field,defensive_field,2,0.0,119.0,0.0,0.0,6.0,0.017857142857142856,0.1562520905419186,0.09429820295583334,,,,,0.1792006160948905,,0.8719394717883103,,,0.015716367159305557,outside the fitted population; no offensive-usage expectation is defined,not_applicable,offensive_play_share = (shots + turnovers) / same summed over the player's team in the games he played,"EPA_vs_usage_expectation = offensive_EPA_points_raw - E[offensive EPA | play share], model selected by 5-fold cross-validated MSE from {constant, linear, quadratic}","null sd = sqrt of the closed-form sampling variance of the component at this player's own opportunity counts, under league-average conversion"
003199,Gannon Matthews,CHA,unknown,unknown,unclassified_field,1,3.0,51.0,0.058823529411764705,0.004830917874396135,3.0,0.018072289156626505,-0.4259476169145647,-0.4259476169145647,-0.14198253897152155,0.17075442374523245,,,0.5122632712356974,,-0.8315013799195101,,,-0.14198253897152155,outside the fitted population; no offensive-usage expectation is defined,not_applicable,offensive_play_share = (shots + turnovers) / same summed over the player's team in the games he played,"EPA_vs_usage_expectation = offensive_EPA_points_raw - E[offensive EPA | play share], model selected by 5-fold cross-validated MSE from {constant, linear, quadratic}","null sd = sqrt of the closed-form sampling variance of the component at this player's own opportunity counts, under league-average conversion"
003206,Greg Langermeier,CHA,short_stick_defensive_midfield,defensive_field,defensive_field,10,11.0,570.0,0.01929824561403509,0.017713365539452495,27.0,0.015661252900232018,-2.2005977961571483,-2.600688481601973,-0.2000543451051953,0.10626389311708996,0.07506594764256846,-2.2756637437997167,1.1689028242879895,-1.9468374072805286,-1.8826182557113695,-4.566713279404176,0.015385791804742865,-0.09632179561488788,field players (value_role offensive_field or defensive_field) with at least one recorded offensive opportunity,"constant in offensive_play_share, selected by 5-fold CV MSE",offensive_play_share = (shots + turnovers) / same summed over the player's team in the games he played,"EPA_vs_usage_expectation = offensive_EPA_points_raw - E[offensive EPA | play share], model selected by 5-fold cross-validated MSE from {constant, linear, quadratic}","null sd = sqrt of the closed-form sampling variance of the component at this player's own opportunity counts, under league-average conversion"
003208,Max Merklinger,ARC,attack,attack,offensive_field,2,6.0,102.0,0.058823529411764705,0.011627906976744186,6.0,0.02040816326530612,-1.3282843821518053,-1.3883501305440022,-0.22138073035863423,0.1803086792651526,0.07506594764256846,-1.4033503297943737,1.0818520755909156,-1.2971739496158505,-1.2277874324235007,-3.523780397952568,0.7170797383638208,-0.23139168842400037,field players (value_role offensive_field or defensive_field) with at least one recorded offensive opportunity,"constant in offensive_play_share, selected by 5-fold CV MSE",offensive_play_share = (shots + turnovers) / same summed over the player's team in the games he played,"EPA_vs_usage_expectation = offensive_EPA_points_raw - E[offensive EPA | play share], model selected by 5-fold cross-validated MSE from {constant, linear, quadratic}","null sd = sqrt of the closed-form sampling variance of the component at this player's own opportunity counts, under league-average conversion"
003209,Michael Lampert,WAT,attack,attack,offensive_field,3,7.0,173.0,0.04046242774566474,0.010494752623688156,5.0,0.009652509652509652,-1.493692425069964,-1.583791047658259,-0.213384632152852,0.11679951292945154,0.07506594764256846,-1.5687583727125323,0.8175965905061607,-1.9187437801585492,-1.8269308390159054,-3.1712476901046074,0.03373094467954285,-0.3167582095316518,field players (value_role offensive_field or defensive_field) with at least one recorded offensive opportunity,"constant in offensive_play_share, selected by 5-fold CV MSE",offensive_play_share = (shots + turnovers) / same summed over the player's team in the games he played,"EPA_vs_usage_expectation = offensive_EPA_points_raw - E[offensive EPA | play share], model selected by 5-fold cross-validated MSE from {constant, linear, quadratic}","null sd = sqrt of the closed-form sampling variance of the component at this player's own opportunity counts, under league-average conversion"
003211,Josh Balcarcel,RED,midfield,midfield,offensive_field,12,32.0,666.0,0.04804804804804805,0.04804804804804805,41.0,0.01953311100524059,0.524993973964621,0.1645994836114401,0.016406061686394406,0.07647308860425722,0.07506594764256846,0.4499280263220524,2.447138835336231,0.18385880679313127,0.2145337920283906,-4.34646409093696,5.246320143581066,0.004014621551498539,field players (value_role offensive_field or defensive_field) with at least one recorded offensive opportunity,"constant in offensive_play_share, selected by 5-fold CV MSE",offensive_play_share = (shots + turnovers) / same summed over the player's team in the games he played,"EPA_vs_usage_expectation = offensive_EPA_points_raw - E[offensive EPA | play share], model selected by 5-fold cross-validated MSE from {constant, linear, quadratic}","null sd = sqrt of the closed-form sampling variance of the component at this player's own opportunity counts, under league-average conversion"
003212,Ray Dearth,CHA,short_stick_defensive_midfield,defensive_field,defensive_field,9,5.0,514.0,0.009727626459143969,0.008051529790660225,29.0,0.01883116883116883,2.130758756561304,0.6949105174660221,0.4261517513122608,0.22098240883056963,0.07506594764256846,2.055692808918735,1.1049120441528482,1.8605035756442172,1.9284419676997793,-0.10993479762084712,4.221320415458317,0.02396243163675938,field players (value_role offensive_field or defensive_field) with at least one recorded offensive opportunity,"constant in offensive_play_share, selected by 5-fold CV MSE",offensive_play_share = (shots + turnovers) / same summed over the player's team in the games he played,"EPA_vs_usage_expectation = offensive_EPA_points_raw - E[offensive EPA | play share], model selected by 5-fold cross-validated MSE from {constant, linear, quadratic}","null sd = sqrt of the closed-form sampling variance of the component at this player's own opportunity counts, under league-average conversion"
003220,Dylan Renner,ARC,unknown,unknown,unclassified_field,1,0.0,44.0,0.0,0.0,0.0,0.0,0.026992045683743447,0.026992045683743447,,,,,0.07141424025607952,,0.37796447300922736,,,,outside the fitted population; no offensive-usage expectation is defined,not_applicable,offensive_play_share = (shots + turnovers) / same summed over the player's team in the games he played,"EPA_vs_usage_expectation = offensive_EPA_points_raw - E[offensive EPA | play share], model selected by 5-fold cross-validated MSE from {constant, linear, quadratic}","null sd = sqrt of the closed-form sampling variance of the component at this player's own opportunity counts, under league-average conversion"
